Survey,DATE,REGION,Reef,Site,Transect,Zone,Site,Observer,Depth,Complexity (0-5),No. CoTS,No. CoTS scars,Total CORAL,Acropora - Tabular,Acropora - Staghorn,Acropora - other,Astreopora,Isopora,Montipora,Pocillopora,Seriatopora,Stylophora,Porites  - Massive,Porites - Branching,Goniopora,Astrea,Cyphastrea,Dipsastrea,Echinopora,Favites,Goniastrea,Merulina,Platygyra,Acanthastrea,Lobophyllia,Fungiidae,Leptastrea,Diploastrea,Galaxea,Pavona,Leptoseris,Hydnophora,Leptoria,Echinophyllia,Styloeniella,Coeloseris,Paramontastrea,Paragoniastrea,Ouphyllia,Pectinia,Australogyra,Mycedium,Other Merulinidae,Other Lobophyllidae,Coscinarea,Psammocora,Pachyseris,Physogyra,Oxypora,Fimbriaphyllia,Euphyllia,Turbaniaria,Tubastrea,Caulastrea,Other Scleractinia,Heliopora,Millepora,Lobophytum,Sarcophyton,Sclerophytum,Sinularia,Palythoa,Clavularia,Capnella,Xenia,Nephthea,Dendronephthea,Tubipora,Other soft coral,Other Macroalgae,Asparagopsis,Caulerpa,Padina,Halimeda,Chlorodesmis,Rubble,Sand,Notes
2024 - Bleaching,03/03/2024,Cairns,Elford,ELF_B1,ELF_B1_S1,Slope,,PCD,3.5,2.5,0.0,0.0,20.00%,0,0,5,1,0,1,3,0,0,3,0,0,1,0,2,1,0,1,1,0,0,0,0,1,0,0,0,0,0,0,0,0,0,0,0,0,0,0,0,0,0,0,0,0,0,0,0,0,0,0,0,0,0,0,0,3,1,0,0,0,0,0,0,0,0,3,0,0,0,0,0,0,0,9,
2024 - Bleaching,03/03/2024,Cairns,Elford,ELF_B1,ELF_B1_S2,Slope,,PCD,3.5,2.0,0.0,0.0,23.00%,1,3,5,0,0,0,9,0,0,3,0,0,0,0,0,0,0,1,0,0,0,0,0,0,0,0,0,0,0,0,1,0,0,0,0,0,0,0,0,0,0,0,0,0,0,0,0,0,0,0,0,0,0,2,0,2,1,0,1,0,0,0,0,0,0,1,0,0,0,0,0,0,0,9,
2024 - Bleaching,03/03/2024,Cairns,Elford,ELF_B1,ELF_B1_C1,Crest,,PCD,1.5,3.0,0.0,0.0,28.00%,1,1,6,0,0,0,2,0,0,9,0,1,1,0,2,0,2,2,1,0,0,0,0,0,0,0,0,0,0,0,0,0,0,0,0,0,0,0,0,0,0,0,0,0,0,0,0,0,0,0,0,0,0,4,1,5,0,0,1,0,0,0,0,0,0,2,0,0,0,0,0,0,0,4,
2024 - Bleaching,03/03/2024,Cairns,Elford,ELF_B1,ELF_B1_C2,Crest,,PCD,1.5,3.0,0.0,0.0,32.00%,4,0,13,0,0,0,3,0,1,6,0,1,0,0,2,1,0,0,0,0,0,1,0,0,0,0,0,0,0,0,0,0,0,0,0,0,0,0,0,0,0,0,0,0,0,0,0,0,0,0,0,0,0,1,1,9,2,0,0,0,0,0,0,0,0,2,0,0,0,0,0,0,0,1,
2024 - Bleaching,03/03/2024,Cairns,Elford,ELF_B2,ELF_B2_S1,Slope,,PCD,9.0,3.0,0.0,0.0,20.00%,0,1,2,0,0,1,1,0,0,0,2,3,0,1,0,2,1,1,0,0,0,0,1,0,0,0,1,0,0,0,0,2,0,0,0,0,0,0,0,0,0,0,1,0,0,0,0,0,0,0,0,0,0,0,0,3,1,0,0,0,0,0,0,0,0,1,0,0,0,0,0,0,0,2,
2024 - Bleaching,03/03/2024,Cairns,Elford,ELF_B2,ELF_B2_S2,Slope,,PCD,9.0,3.5,0.0,0.0,17.00%,0,0,3,0,0,0,0,1,1,0,1,2,0,1,1,0,0,1,0,0,1,1,0,0,1,0,1,0,0,0,0,1,0,0,0,0,0,0,0,0,0,1,0,0,0,0,0,0,0,0,0,0,0,0,0,4,0,0,0,0,0,0,0,0,0,0,0,0,0,0,0,0,0,19,
2024 - Bleaching,03/03/2024,Cairns,Elford,ELF_B2,ELF_B2_C1,Crest,,PCD,1.5,3.5,0.0,0.0,70.00%,9,2,42,0,0,0,9,0,0,0,2,1,1,0,0,0,0,1,0,0,0,1,0,0,0,0,0,0,0,0,0,2,0,0,0,0,0,0,0,0,0,0,0,0,0,0,0,0,0,0,0,0,0,1,0,2,1,0,0,0,0,0,0,0,0,1,0,0,0,0,0,0,0,0,
2024 - Bleaching,03/03/2024,Cairns,Elford,ELF_B2,ELF_B2_C2,Crest,,PCD,1.5,3.5,0.0,0.0,56.00%,11,3,36,0,0,0,4,0,0,0,0,0,0,0,0,0,1,0,1,0,0,0,0,0,0,0,0,0,0,0,0,0,0,0,0,0,0,0,0,0,0,0,0,0,0,0,0,0,0,0,0,0,0,0,0,2,0,0,0,0,0,0,0,0,0,1,0,0,0,0,0,0,0,0,
2024 - Bleaching,03/03/2024,Cairns,Elford,ELF_B3,ELF_B3_S1,Slope,,MSP,8.0,3.0,0.0,0.0,16.00%,3,0,2,0,0,0,1,0,0,2,2,1,0,0,1,0,0,1,0,0,0,1,2,0,0,0,0,0,0,0,0,0,0,0,0,0,0,0,0,0,0,0,0,0,0,0,0,0,0,0,0,0,0,0,1,2,2,0,1,0,0,0,0,0,0,0,0,0,0,0,0,0,0,0,
2024 - Bleaching,03/03/2024,Cairns,Elford,ELF_B3,ELF_B3_S2,Slope,,MSP,8.0,3.0,0.0,0.0,19.00%,0,0,9,0,0,0,0,0,0,4,1,0,0,0,0,0,0,1,0,0,0,0,1,0,0,1,0,0,0,1,0,0,0,0,0,0,0,0,0,0,0,0,0,1,0,0,0,0,0,0,0,0,0,0,0,3,3,0,1,0,0,0,0,0,0,0,0,0,0,0,0,0,0,0,
2024 - Bleaching,03/03/2024,Cairns,Elford,ELF_B3,ELF_B3_C1,Crest,,MSP,1.5,2.5,0.0,0.0,19.00%,6,3,1,0,0,0,2,0,0,2,0,0,0,0,2,0,1,1,0,0,0,1,0,0,0,0,0,0,0,0,0,0,0,0,0,0,0,0,0,0,0,0,0,0,0,0,0,0,0,0,0,0,0,1,3,1,0,0,0,0,0,0,0,0,0,0,0,0,0,0,0,0,0,0,
2024 - Bleaching,03/03/2024,Cairns,Elford,ELF_B3,ELF_B3_C2,Crest,,MSP,1.5,2.5,0.0,0.0,29.00%,10,2,10,0,0,0,4,0,0,0,0,0,0,0,0,0,1,1,0,0,0,1,0,0,0,0,0,0,0,0,0,0,0,0,0,0,0,0,0,0,0,0,0,0,0,0,0,0,0,0,0,0,0,3,4,0,0,0,0,0,0,0,0,0,0,0,0,0,0,0,0,0,0,0,
2024 - Bleaching,04/03/2024,Cairns,Moore,MOO_B1,MOO_B1_S1,Slope,,MSP,8.0,2.5,0.0,0.0,10.00%,0,0,3,0,0,0,2,0,0,0,0,0,0,0,0,0,0,2,0,1,0,1,0,0,0,0,0,0,0,0,0,0,0,0,0,0,0,0,0,1,0,0,0,0,0,0,0,0,0,0,0,0,0,0,4,0,1,0,0,0,0,0,0,0,0,0,0,0,0,0,0,0,0,0,
2024 - Bleaching,04/03/2024,Cairns,Moore,MOO_B1,MOO_B1_S2,Slope,,MSP,8.0,2.5,0.0,0.0,11.00%,0,0,1,0,0,0,1,0,0,1,0,0,0,0,1,0,0,1,0,3,0,1,1,0,0,0,0,0,1,0,0,0,0,0,0,0,0,0,0,0,0,0,0,0,0,0,0,0,0,0,0,0,0,0,5,2,0,0,0,0,0,0,0,0,0,0,0,0,0,0,0,0,0,0,
2024 - Bleaching,04/03/2024,Cairns,Moore,MOO_B1,MOO_B1_C1,Crest,,MSP,2.0,2.0,0.0,0.0,17.00%,2,0,7,0,0,0,6,0,0,2,0,0,0,0,0,0,0,0,0,0,0,0,0,0,0,0,0,0,0,0,0,0,0,0,0,0,0,0,0,0,0,0,0,0,0,0,0,0,0,0,0,0,0,1,4,0,0,0,0,0,0,0,0,0,0,1,0,0,0,0,0,0,0,0,
2024 - Bleaching,04/03/2024,Cairns,Moore,MOO_B1,MOO_B1_C2,Crest,,MSP,2.0,2.0,0.0,0.0,16.00%,1,0,8,0,0,0,6,0,0,0,0,0,0,0,0,0,0,0,0,0,0,1,0,0,0,0,0,0,0,0,0,0,0,0,0,0,0,0,0,0,0,0,0,0,0,0,0,0,0,0,0,0,0,0,0,1,0,0,0,0,0,0,0,0,0,4,0,0,0,0,0,0,0,0,
2024 - Bleaching,04/03/2024,Cairns,Moore,MOO_B2,MOO_B2_S1,Slope,,MSP,8.5,4.0,0.0,0.0,19.00%,2,0,1,0,0,3,1,0,0,1,0,1,0,1,1,1,0,0,0,2,0,1,0,0,1,0,1,0,0,1,0,0,0,0,0,0,0,0,0,0,0,0,0,0,0,0,0,0,0,0,0,1,0,0,8,2,0,0,1,0,0,0,0,0,0,1,0,0,0,0,0,0,0,0,
2024 - Bleaching,04/03/2024,Cairns,Moore,MOO_B2,MOO_B2_S2,Slope,,MSP,8.5,4.0,0.0,0.0,11.00%,0,0,0,0,0,0,0,0,0,0,0,2,0,0,0,0,0,0,3,2,0,1,0,0,2,0,0,0,0,0,0,0,0,0,0,0,0,0,0,0,0,0,1,0,0,0,0,0,0,0,0,0,0,0,10,0,1,0,1,0,0,0,0,0,0,1,0,0,0,0,0,0,0,0,
2024 - Bleaching,04/03/2024,Cairns,Moore,MOO_B2,MOO_B2_C1,Crest,,MSP,2.0,2.0,0.0,0.0,25.00%,1,3,11,0,0,4,3,0,0,0,0,0,0,0,0,0,0,1,0,0,1,0,0,0,0,1,0,0,0,0,0,0,0,0,0,0,0,0,0,0,0,0,0,0,0,0,0,0,0,0,0,0,0,1,0,0,0,0,0,0,0,0,0,0,0,0,0,0,0,0,0,0,0,0,
2024 - Bleaching,04/03/2024,Cairns,Moore,MOO_B2,MOO_B2_C2,Crest,,MSP,2.0,2.0,0.0,0.0,22.00%,9,2,5,0,0,0,5,0,0,0,0,0,0,0,0,0,0,1,0,0,0,0,0,0,0,0,0,0,0,0,0,0,0,0,0,0,0,0,0,0,0,0,0,0,0,0,0,0,0,0,0,0,0,0,0,0,0,0,0,0,0,0,0,0,0,0,0,0,0,0,0,0,0,0,
2024 - Bleaching,04/03/2024,Cairns,Moore,MOO_B3,MOO_B3_S1,Slope,,MSP,8.3,3.5,0.0,0.0,21.00%,2,6,4,0,0,0,0,0,0,1,2,0,0,0,0,0,0,0,0,0,0,0,0,0,0,0,1,0,0,0,0,0,0,0,0,0,0,0,0,0,0,0,0,4,0,0,0,0,0,0,0,1,0,0,2,11,0,0,0,0,0,0,0,0,0,0,0,0,0,0,0,0,0,0,
2024 - Bleaching,04/03/2024,Cairns,Moore,MOO_B3,MOO_B3_S2,Slope,,MSP,8.3,2.5,0.0,0.0,21.00%,1,4,3,0,0,0,0,0,0,5,4,0,0,0,0,0,0,0,0,0,0,0,0,0,0,0,0,0,0,0,0,0,0,0,0,0,0,0,0,0,0,0,0,3,0,0,0,0,0,0,0,1,0,0,2,4,4,0,0,0,0,0,0,0,0,0,0,0,0,0,0,0,0,0,
2024 - Bleaching,04/03/2024,Cairns,Moore,MOO_B3,MOO_B3_C1,Crest,,MSP,1.7,3.5,0.0,0.0,27.00%,10,0,12,0,0,0,2,2,0,0,0,0,0,0,0,0,0,0,0,0,0,0,0,0,0,1,0,0,0,0,0,0,0,0,0,0,0,0,0,0,0,0,0,0,0,0,0,0,0,0,0,0,0,0,1,10,7,0,1,0,0,0,0,0,0,3,0,0,0,0,0,0,0,0,
2024 - Bleaching,04/03/2024,Cairns,Moore,MOO_B3,MOO_B3_C2,Crest,,MSP,1.7,3.5,0.0,0.0,22.00%,9,1,5,0,0,0,6,1,0,0,0,0,0,0,0,0,0,0,0,0,0,0,0,0,0,0,0,0,0,0,0,0,0,0,0,0,0,0,0,0,0,0,0,0,0,0,0,0,0,0,0,0,0,0,7,0,7,0,0,0,0,0,0,0,0,11,0,0,0,0,0,0,0,0,
2024 - Bleaching,06/03/2024,Cairns,Thetford,THE_B1,THE_B1_S1,Slope,,PCD,8.0,2.5,0.0,0.0,19.00%,0,2,1,0,0,0,5,1,0,5,2,0,0,0,0,1,0,0,0,0,0,0,0,0,1,0,0,0,0,0,1,0,0,0,0,0,0,0,0,0,0,0,0,0,0,0,0,0,0,0,0,0,0,0,3,1,2,0,0,0,0,0,0,0,0,0,0,0,0,0,0,0,0,2,
2024 - Bleaching,06/03/2024,Cairns,Thetford,THE_B1,THE_B1_S2,Slope,,PCD,8.0,2.0,0.0,0.0,22.00%,0,2,3,0,0,0,4,0,0,6,1,0,0,1,0,0,1,0,0,0,0,1,0,0,2,0,0,0,1,0,0,0,0,0,0,0,0,0,0,0,0,0,0,0,0,0,0,0,0,0,0,0,0,1,4,1,1,0,0,0,0,0,0,0,0,1,0,0,0,0,0,0,0,6,
2024 - Bleaching,06/03/2024,Cairns,Thetford,THE_B1,THE_B1_C1,Crest,,PCD,2.5,1.5,0.0,0.0,21.00%,3,0,6,0,0,0,9,0,0,2,0,0,0,0,0,0,0,1,0,0,0,0,0,0,0,0,0,0,0,0,0,0,0,0,0,0,0,0,0,0,0,0,0,0,0,0,0,0,0,0,0,0,0,1,12,2,3,0,0,0,0,0,0,0,0,1,0,0,0,0,0,0,0,4,
2024 - Bleaching,06/03/2024,Cairns,Thetford,THE_B1,THE_B1_C2,Crest,,PCD,2.5,1.5,0.0,0.0,25.00%,4,1,9,0,0,0,7,0,0,2,0,0,1,0,0,0,0,0,0,0,1,0,0,0,0,0,0,0,0,0,0,0,0,0,0,0,0,0,0,0,0,0,0,0,0,0,0,0,0,0,0,0,0,0,7,1,3,0,0,0,0,0,0,0,0,2,0,0,0,0,0,0,0,4,
2024 - Bleaching,06/03/2024,Cairns,Thetford,THE_B2,THE_B2_S1,Slope,,PCD,8.0,2.0,0.0,0.0,13.00%,0,1,1,0,0,0,0,1,0,6,0,0,0,0,0,3,0,0,0,0,0,0,0,0,1,0,0,0,0,0,0,0,0,0,0,0,0,0,0,0,0,0,0,0,0,0,0,0,0,0,0,0,0,1,5,2,2,0,0,0,0,0,0,0,0,2,0,0,0,0,0,0,0,9,
2024 - Bleaching,06/03/2024,Cairns,Thetford,THE_B2,THE_B2_S2,Slope,,PCD,8.0,2.0,0.0,0.0,16.00%,0,0,3,0,0,1,0,0,0,9,0,0,0,0,0,0,0,0,0,1,0,0,0,1,0,0,0,0,0,0,1,0,0,0,0,0,0,0,0,0,0,0,0,0,0,0,0,0,0,0,0,0,0,2,2,4,3,0,0,0,0,0,0,0,0,0,0,0,0,0,0,0,0,3,
2024 - Bleaching,06/03/2024,Cairns,Thetford,THE_B2,THE_B2_C1,Crest,,PCD,2.0,2.5,0.0,0.0,22.00%,4,0,9,0,0,0,1,0,0,3,0,0,0,0,0,0,1,0,0,2,0,0,0,0,1,0,0,0,0,0,0,0,0,0,0,0,0,0,0,0,0,0,0,0,0,0,0,0,0,0,0,1,0,0,9,4,5,0,0,0,0,0,0,0,0,2,0,0,0,0,0,0,0,6,
2024 - Bleaching,06/03/2024,Cairns,Thetford,THE_B2,THE_B2_C2,Crest,,PCD,2.5,2.0,0.0,0.0,25.00%,1,7,6,0,0,0,3,0,2,3,0,0,0,0,0,1,0,1,0,0,0,0,0,0,0,0,0,0,0,1,0,0,0,0,0,0,0,0,0,0,0,0,0,0,0,0,0,0,0,0,0,0,0,0,5,3,0,0,0,0,0,0,0,0,0,2,0,0,0,0,0,0,0,2,
2024 - Bleaching,06/03/2024,Cairns,Thetford,THE_B3,THE_B3_S1,Slope,,PCD,8.0,2.0,0.0,0.0,13.00%,0,0,1,0,0,1,0,0,1,4,2,1,0,0,1,1,0,1,0,0,0,0,0,0,0,0,0,0,0,0,0,0,0,0,0,0,0,0,0,0,0,0,0,0,0,0,0,0,0,0,0,0,0,0,2,1,0,0,0,0,0,0,0,0,0,2,0,0,0,0,0,0,0,19,
2024 - Bleaching,06/03/2024,Cairns,Thetford,THE_B3,THE_B3_S2,Slope,,PCD,8.0,2.0,0.0,0.0,10.00%,0,1,2,0,0,1,0,0,0,2,0,0,0,1,0,0,0,0,0,1,0,0,0,0,1,0,0,0,0,0,0,0,0,0,0,0,0,0,0,0,0,0,1,0,0,0,0,0,0,0,0,0,0,0,2,0,0,0,0,0,0,0,0,0,0,2,2,0,0,0,0,0,0,3,Padina
2024 - Bleaching,06/03/2024,Cairns,Thetford,THE_B3,THE_B3_C1,Crest,,PCD,1.0,1.5,0.0,0.0,19.00%,0,1,9,0,0,0,3,0,1,1,0,0,0,0,0,0,2,0,1,0,0,1,0,0,0,0,0,0,0,0,0,0,0,0,0,0,0,0,0,0,0,0,0,0,0,0,0,0,0,0,0,0,0,1,8,4,1,0,0,0,0,0,0,0,0,2,0,0,0,0,0,0,0,0,
2024 - Bleaching,06/03/2024,Cairns,Thetford,THE_B3,THE_B3_C2,Crest,,PCD,1.0,2.0,0.0,0.0,23.00%,2,1,11,0,0,1,1,2,0,3,0,0,0,0,0,0,0,1,0,0,0,0,0,0,0,0,0,0,1,0,0,0,0,0,0,0,0,0,0,0,0,0,0,0,0,0,0,0,0,0,0,0,0,0,3,1,1,0,0,0,0,0,0,0,0,0,0,0,0,0,0,0,0,0,
2024 - Bleaching,15/03/2024,Capricorn Bunkers,Wistari,WIS_B1,WIS_B1_S1,Slope,,MSP,6.0,2.0,0,0,33.00%,3,24,0,0,0,3,0,0,0,1,0,0,0,0,0,0,1,1,0,0,0,0,0,0,0,0,0,0,0,0,0,0,0,0,0,0,0,0,0,0,0,0,0,0,0,0,0,0,0,0,0,0,0,0,0,0,0,0,0,0,0,0,0,0,0,0,0,0,0,0,0,0,0,7,"Patches on sand, lots Acro, transects to SW"
2024 - Bleaching,15/03/2024,Capricorn Bunkers,Wistari,WIS_B1,WIS_B1_S2,Slope,,MSP,5.1,2.5,0,0,47.00%,0,33,1,0,1,4,1,0,0,3,0,0,0,0,1,0,0,0,0,0,0,0,0,0,0,0,0,0,1,2,0,0,0,0,0,0,0,0,0,0,0,0,0,0,0,0,0,0,0,0,0,0,0,0,0,1,0,0,0,0,0,0,0,0,0,1,0,0,0,0,0,0,0,0,
2024 - Bleaching,15/03/2024,Capricorn Bunkers,Wistari,WIS_B1,WIS_B1_S3,Slope,,MSP,5.5,2.0,0,0,59.00%,0,47,8,0,0,2,0,0,0,1,0,0,0,0,0,0,0,0,0,0,0,0,0,0,0,0,0,0,0,1,0,0,0,0,0,0,0,0,0,0,0,0,0,0,0,0,0,0,0,0,0,0,0,0,0,0,2,0,0,0,0,0,0,0,0,0,0,0,0,0,0,0,0,4,
2024 - Bleaching,15/03/2024,Capricorn Bunkers,Wistari,WIS_B1,WIS_B1_C1,Crest,,MSP,1.6,1.0,0,0,56.00%,1,8,31,5,2,3,0,3,0,0,0,0,0,0,1,0,0,1,0,1,0,0,0,0,0,0,0,0,0,0,0,0,0,0,0,0,0,0,0,0,0,0,0,0,0,0,0,0,0,0,0,0,0,0,0,0,0,0,1,0,0,0,0,0,0,0,0,0,0,0,0,0,0,0,"Continous flat crest, lots of dying Acro"
2024 - Bleaching,15/03/2024,Capricorn Bunkers,Wistari,WIS_B1,WIS_B1_C2,Crest,,MSP,1.5,1.0,0,0,57.00%,2,5,41,2,2,2,0,0,0,0,0,0,0,0,0,0,0,0,0,1,0,0,0,0,0,0,0,0,1,1,0,0,0,0,0,0,0,0,0,0,0,0,0,0,0,0,0,0,0,0,0,0,0,0,1,0,0,0,3,0,0,0,0,0,0,0,0,0,0,0,0,0,0,4,
2024 - Bleaching,15/03/2024,Capricorn Bunkers,Wistari,WIS_B1,WIS_B1_C3,Crest,,MSP,1.5,1.0,0,0,63.00%,1,12,31,0,7,0,6,0,0,0,0,0,0,0,1,0,1,3,0,0,0,0,0,0,0,0,0,0,0,1,0,0,0,0,0,0,0,0,0,0,0,0,0,0,0,0,0,0,0,0,0,0,0,0,0,0,0,0,0,0,0,0,0,0,0,0,0,0,0,0,0,0,0,0,
2024 - Bleaching,15/03/2024,Capricorn Bunkers,Wistari,WIS_B2,WIS_B2_S1,Slope,,PCD,7.5,3.5,0,0,38.00%,3,13,4,0,1,10,0,0,0,2,0,0,0,0,1,0,0,2,0,1,0,0,0,0,0,0,1,0,0,0,0,0,0,0,0,0,0,0,0,0,0,0,0,0,0,0,0,0,0,0,0,0,0,0,1,0,0,0,0,0,0,0,0,0,0,0,0,0,0,0,0,0,0,7,
2024 - Bleaching,15/03/2024,Capricorn Bunkers,Wistari,WIS_B2,WIS_B2_S2,Slope,,PCD,7.5,3.0,0,0,56.00%,2,44,3,0,0,4,0,0,0,1,0,0,0,0,0,0,1,0,0,0,0,0,0,0,0,0,0,0,0,0,0,0,0,0,0,0,0,0,0,0,0,0,1,0,0,0,0,0,0,0,0,0,0,0,3,0,0,0,0,0,0,0,0,0,0,1,0,0,0,0,0,0,0,8,
2024 - Bleaching,15/03/2024,Capricorn Bunkers,Wistari,WIS_B2,WIS_B2_S3,Slope,,PCD,7.0,3.0,0,0,46.00%,2,25,6,0,0,6,0,1,1,0,0,0,0,0,1,0,1,1,0,0,1,0,0,0,0,0,1,0,0,0,0,0,0,0,0,0,0,0,0,0,0,0,0,0,0,0,0,0,0,0,0,0,0,0,0,3,2,0,0,0,0,0,0,0,0,0,0,0,0,0,0,0,0,8,
2024 - Bleaching,15/03/2024,Capricorn Bunkers,Wistari,WIS_B2,WIS_B2_C1,Crest,,PCD,2.0,2.5,0,0,36.00%,13,1,8,0,0,0,1,0,1,2,0,0,0,1,0,0,0,2,2,3,0,0,0,0,0,1,0,0,0,0,1,0,0,0,0,0,0,0,0,0,0,0,0,0,0,0,0,0,0,0,0,0,0,0,2,1,0,0,0,0,0,0,0,0,0,0,0,0,0,0,0,0,0,0,
2024 - Bleaching,15/03/2024,Capricorn Bunkers,Wistari,WIS_B2,WIS_B2_C2,Crest,,PCD,2.0,2.0,0,0,31.00%,13,0,9,0,0,1,1,0,0,0,1,0,0,0,2,0,0,1,1,0,0,1,0,0,0,0,0,0,0,0,0,0,0,0,0,0,0,0,0,0,0,0,0,0,0,0,0,0,0,0,0,1,0,0,0,0,0,0,0,0,0,0,0,0,0,0,0,0,0,0,0,0,0,6,
2024 - Bleaching,15/03/2024,Capricorn Bunkers,Wistari,WIS_B2,WIS_B2_C3,Crest,,PCD,2.5,2.0,0,0,41.00%,13,0,18,0,0,0,3,0,0,0,0,0,0,0,2,0,2,1,0,1,0,0,0,0,0,0,0,0,0,1,0,0,0,0,0,0,0,0,0,0,0,0,0,0,0,0,0,0,0,0,0,0,0,0,1,0,0,0,0,0,0,0,0,0,0,1,0,0,0,0,0,0,0,0,
2024 - Bleaching,15/03/2024,Capricorn Bunkers,Wistari,WIS_B3,WIS_B3_S1,Slope,,PCD,5.5,3.0,0,0,33.00%,1,19,2,0,0,4,0,0,1,0,0,0,0,1,0,0,0,0,0,3,0,0,0,0,0,0,1,0,0,1,0,0,0,0,0,0,0,0,0,0,0,0,0,0,0,0,0,0,0,0,0,0,0,0,0,3,1,0,0,0,0,0,0,0,0,0,0,0,0,0,0,0,0,7,
2024 - Bleaching,15/03/2024,Capricorn Bunkers,Wistari,WIS_B3,WIS_B3_S2,Slope,,PCD,5.0,3.5,0,0,48.00%,3,24,3,0,0,9,0,1,1,1,0,0,1,0,0,0,2,0,0,1,0,0,0,0,0,0,0,0,1,0,0,0,0,0,0,0,0,0,0,1,0,0,0,0,0,0,0,0,0,0,0,0,0,0,1,4,1,0,0,0,0,0,0,0,0,1,0,0,0,0,0,0,0,1,
2024 - Bleaching,15/03/2024,Capricorn Bunkers,Wistari,WIS_B3,WIS_B3_S3,Slope,,PCD,4.0,3.5,0,0,75.00%,0,55,0,0,1,6,0,1,0,0,0,1,0,4,0,1,1,0,1,0,1,1,0,0,0,0,1,0,0,0,0,0,0,0,0,0,0,0,0,0,0,0,1,0,0,0,0,0,0,0,0,0,0,0,0,3,0,0,0,0,0,0,0,0,0,0,0,0,0,0,0,0,0,4,
2024 - Bleaching,15/03/2024,Capricorn Bunkers,Wistari,WIS_B3,WIS_B3_C1,Crest,,PCD,2.0,2.5,0,0,35.00%,2,4,17,0,0,1,1,0,0,0,0,0,1,0,2,0,0,0,1,2,3,0,0,0,0,0,0,0,0,0,1,0,0,0,0,0,0,0,0,0,0,0,0,0,0,0,0,0,0,0,0,0,0,0,3,0,0,0,0,0,0,0,0,0,0,0,0,0,0,0,0,0,0,2,
2024 - Bleaching,15/03/2024,Capricorn Bunkers,Wistari,WIS_B3,WIS_B3_C2,Crest,,PCD,2.0,2.0,0,0,33.00%,3,11,9,0,0,0,0,0,1,0,1,0,0,1,0,1,2,1,0,2,0,0,0,1,0,0,0,0,0,0,0,0,0,0,0,0,0,0,0,0,0,0,0,0,0,0,0,0,0,0,0,0,0,0,1,0,0,0,0,0,0,0,0,0,0,0,0,0,0,0,0,0,0,2,
2024 - Bleaching,15/03/2024,Capricorn Bunkers,Wistari,WIS_B3,WIS_B3_C3,Crest,,PCD,1.5,2.5,0,0,39.00%,4,3,23,0,0,1,1,0,0,0,1,0,0,1,0,0,1,0,0,2,0,0,0,0,0,0,0,0,1,1,0,0,0,0,0,0,0,0,0,0,0,0,0,0,0,0,0,0,0,0,0,0,0,0,6,0,0,0,0,0,0,0,0,0,0,0,0,0,0,0,0,0,0,0,
2024 - Bleaching,15/03/2024,Capricorn Bunkers,Heron,HER_B1,HER_B1_S1,Slope,,MSP,7.4,2.0,0,0,57.00%,2,52,0,0,0,3,0,0,0,0,0,0,0,0,0,0,0,0,0,0,0,0,0,0,0,0,0,0,0,0,0,0,0,0,0,0,0,0,0,0,0,0,0,0,0,0,0,0,0,0,0,0,0,0,0,0,0,0,0,0,0,0,0,0,0,0,0,0,0,0,0,0,0,0,"Sand at 10-12m, lots of stag"
2024 - Bleaching,15/03/2024,Capricorn Bunkers,Heron,HER_B1,HER_B1_S2,Slope,,MSP,8.0,2.0,0,0,67.00%,0,55,2,0,0,8,0,0,0,1,0,0,0,0,0,0,0,0,0,1,0,0,0,0,0,0,0,0,0,0,0,0,0,0,0,0,0,0,0,0,0,0,0,0,0,0,0,0,0,0,0,0,0,0,0,0,0,0,0,0,0,0,0,0,0,0,0,0,0,0,0,0,0,0,
2024 - Bleaching,15/03/2024,Capricorn Bunkers,Heron,HER_B1,HER_B1_S3,Slope,,MSP,7.5,2.5,0,0,65.00%,0,53,4,0,2,5,1,0,0,0,0,0,0,0,0,0,0,0,0,0,0,0,0,0,0,0,0,0,0,0,0,0,0,0,0,0,0,0,0,0,0,0,0,0,0,0,0,0,0,0,0,0,0,0,0,0,0,0,0,0,0,0,0,0,0,0,0,0,0,0,0,0,0,0,
2024 - Bleaching,15/03/2024,Capricorn Bunkers,Heron,HER_B1,HER_B1_C1,Crest,,MSP,1.5,2.5,0,0,72.00%,1,71,0,0,0,0,0,0,0,0,0,0,0,0,0,0,0,0,0,0,0,0,0,0,0,0,0,0,0,0,0,0,0,0,0,0,0,0,0,0,0,0,0,0,0,0,0,0,0,0,0,0,0,0,0,0,0,0,0,0,0,0,0,0,0,0,0,0,0,0,0,0,0,0,
2024 - Bleaching,15/03/2024,Capricorn Bunkers,Heron,HER_B1,HER_B1_C2,Crest,,MSP,2.3,3.0,0,0,92.00%,6,81,4,0,0,0,0,1,0,0,0,0,0,0,0,0,0,0,0,0,0,0,0,0,0,0,0,0,0,0,0,0,0,0,0,0,0,0,0,0,0,0,0,0,0,0,0,0,0,0,0,0,0,0,0,0,0,0,0,0,0,0,0,0,0,0,0,0,0,0,0,0,0,0,
2024 - Bleaching,15/03/2024,Capricorn Bunkers,Heron,HER_B1,HER_B1_C3,Crest,,MSP,2.1,3.0,0,0,90.00%,2,83,2,0,0,0,1,1,0,1,0,0,0,0,0,0,0,0,0,0,0,0,0,0,0,0,0,0,0,0,0,0,0,0,0,0,0,0,0,0,0,0,0,0,0,0,0,0,0,0,0,0,0,0,0,0,0,0,0,0,0,0,0,0,0,0,0,0,0,0,0,0,0,0,
2024 - Bleaching,15/03/2024,Capricorn Bunkers,Heron,HER_B2,HER_B2_S1,Slope,,PCD,5.5,2.5,0,0,33.00%,0,14,9,0,0,2,0,1,2,0,0,0,0,0,0,0,1,2,0,0,1,1,0,0,0,0,0,0,0,0,0,0,0,0,0,0,0,0,0,0,0,0,0,0,0,0,0,0,0,0,0,0,0,0,0,2,0,0,0,0,0,0,0,0,0,0,0,0,0,0,0,0,0,4,
2024 - Bleaching,15/03/2024,Capricorn Bunkers,Heron,HER_B2,HER_B2_S2,Slope,,PCD,7.5,3.0,0,0,47.00%,0,21,8,0,0,6,1,0,2,1,0,0,0,0,1,0,0,2,0,3,0,0,1,0,0,0,0,0,0,0,0,0,0,0,0,0,0,0,0,0,0,0,1,0,0,0,0,0,0,0,0,0,0,1,0,0,0,0,0,0,0,0,0,0,0,1,0,0,0,0,0,0,0,6,
2024 - Bleaching,15/03/2024,Capricorn Bunkers,Heron,HER_B2,HER_B2_S3,Slope,,PCD,7.5,3.0,0,0,46.00%,0,29,3,0,0,5,1,1,1,0,0,1,0,3,0,1,1,0,0,0,0,0,0,0,0,0,0,0,0,0,0,0,0,0,0,0,0,0,0,0,0,0,0,0,0,0,0,0,0,0,0,0,0,0,0,0,0,0,0,0,0,0,0,0,0,1,0,0,0,0,0,0,0,2,
2024 - Bleaching,15/03/2024,Capricorn Bunkers,Heron,HER_B2,HER_B2_C1,Crest,,PCD,1.5,3.5,0,0,45.00%,6,9,16,0,1,5,0,0,1,0,0,0,0,1,0,0,1,0,0,1,1,1,0,0,0,0,1,0,0,1,0,0,0,0,0,0,0,0,0,0,0,0,0,0,0,0,0,0,0,0,0,0,0,0,0,0,0,0,0,0,0,0,0,0,0,0,0,0,0,0,0,0,0,0,
2024 - Bleaching,15/03/2024,Capricorn Bunkers,Heron,HER_B2,HER_B2_C2,Crest,,PCD,1.5,3.5,0,0,49.00%,9,8,18,0,1,5,0,0,1,3,0,0,0,0,2,0,1,0,0,0,0,0,0,0,0,0,0,0,0,1,0,0,0,0,0,0,0,0,0,0,0,0,0,0,0,0,0,0,0,0,0,0,0,0,1,0,0,0,0,0,0,0,0,0,0,0,0,0,0,0,0,0,0,4,
2024 - Bleaching,15/03/2024,Capricorn Bunkers,Heron,HER_B2,HER_B2_C3,Crest,,PCD,1.0,3.0,0,0,45.00%,8,7,19,0,0,3,0,0,0,0,0,0,0,0,1,0,2,0,1,1,2,0,0,1,0,0,0,0,0,0,0,0,0,0,0,0,0,0,0,0,0,0,0,0,0,0,0,0,0,0,0,0,0,0,0,0,0,0,0,0,0,0,0,0,0,0,0,0,0,0,0,0,0,0,
2024 - Bleaching,16/03/2024,Capricorn Bunkers,Heron,HER_B3,HER_B3_S1,Slope,,PCD,5.5,3.0,0,0,70.00%,0,45,5,0,0,13,0,1,1,2,0,0,0,0,0,0,0,2,0,0,0,0,0,0,0,0,0,0,0,0,0,0,0,0,0,0,0,0,0,0,0,0,0,0,0,0,0,0,0,0,0,1,0,0,0,0,0,0,0,0,0,0,0,0,0,0,0,0,0,0,0,0,0,1,
2024 - Bleaching,16/03/2024,Capricorn Bunkers,Heron,HER_B3,HER_B3_S2,Slope,,PCD,6.0,3.0,0,0,62.00%,0,42,5,0,0,5,0,0,2,1,2,0,0,0,1,0,1,1,0,2,0,0,0,0,0,0,0,0,0,0,0,0,0,0,0,0,0,0,0,0,0,0,0,0,0,0,0,0,0,0,0,0,0,0,1,0,0,0,0,0,0,0,0,0,0,0,0,0,0,0,0,0,0,3,
2024 - Bleaching,16/03/2024,Capricorn Bunkers,Heron,HER_B3,HER_B3_S3,Slope,,PCD,5.0,2.0,0,0,35.00%,1,3,8,0,2,13,1,0,0,0,0,0,0,2,0,0,0,0,0,1,2,0,0,0,0,0,1,0,0,0,0,0,0,0,0,0,0,0,0,0,0,0,0,0,0,0,0,0,0,0,0,1,0,0,0,2,0,0,0,0,0,0,0,0,0,0,0,0,0,0,0,0,0,2,
2024 - Bleaching,16/03/2024,Capricorn Bunkers,Heron,HER_B3,HER_B3_C1,Crest,,PCD,2.0,1.5,0,0,34.00%,2,4,15,0,2,4,0,0,1,0,0,0,0,2,0,0,0,1,0,2,0,0,0,0,0,0,0,0,0,1,0,0,0,0,0,0,0,0,0,0,0,0,0,0,0,0,0,0,0,0,0,0,0,0,0,0,0,0,0,0,0,0,0,0,0,0,0,0,0,0,0,0,0,0,
2024 - Bleaching,16/03/2024,Capricorn Bunkers,Heron,HER_B3,HER_B3_C2,Crest,,PCD,1.5,2.0,0,0,44.00%,10,8,12,0,0,5,0,0,0,0,0,0,2,2,1,0,0,2,0,0,0,1,0,0,0,0,0,0,0,0,0,0,0,0,0,0,0,0,0,0,0,0,1,0,0,0,0,0,0,0,0,0,0,0,0,0,0,0,0,0,0,0,0,0,0,1,0,0,0,0,0,0,0,0,
2024 - Bleaching,16/03/2024,Capricorn Bunkers,Heron,HER_B3,HER_B3_C3,Crest,,PCD,2.0,2.0,0,0,48.00%,6,11,21,0,3,2,0,0,1,0,0,0,0,0,0,0,1,0,1,2,0,0,0,0,0,0,0,0,0,0,0,0,0,0,0,0,0,0,0,0,0,0,0,0,0,0,0,0,0,0,0,0,0,0,1,0,0,0,0,0,0,0,0,0,0,0,0,0,0,0,0,0,0,0,
2024 - Bleaching,16/03/2024,Capricorn Bunkers,Wilson,WIL_B1,WIL_B1_S1,Slope,,PCD,6.0,4.5,0,0,67.00%,24,19,2,0,7,5,0,0,0,3,0,0,2,0,0,0,1,0,1,1,0,1,0,0,0,0,0,0,0,0,0,0,0,0,0,0,0,0,0,1,0,0,0,0,0,0,0,0,0,0,0,0,0,0,0,3,0,0,0,0,0,0,0,0,0,1,0,0,0,0,0,0,0,2,
2024 - Bleaching,16/03/2024,Capricorn Bunkers,Wilson,WIL_B1,WIL_B1_S2,Slope,,PCD,7.0,4.0,0,0,57.00%,1,29,12,0,2,7,0,0,0,1,1,0,1,0,1,0,0,1,0,0,0,0,0,0,0,0,1,0,0,0,0,0,0,0,0,0,0,0,0,0,0,0,0,0,0,0,0,0,0,0,0,0,0,0,0,1,1,0,0,0,0,0,0,0,0,1,0,0,0,0,0,0,0,2,
2024 - Bleaching,16/03/2024,Capricorn Bunkers,Wilson,WIL_B1,WIL_B1_S3,Slope,,PCD,7.5,4.0,0,0,64.00%,17,19,12,0,3,7,0,0,0,0,0,2,0,2,0,0,0,0,0,1,1,0,0,0,0,0,0,0,0,0,0,0,0,0,0,0,0,0,0,0,0,0,0,0,0,0,0,0,0,0,0,0,0,0,5,2,1,0,0,0,0,0,0,0,0,0,0,0,0,0,0,0,0,4,
2024 - Bleaching,16/03/2024,Capricorn Bunkers,Wilson,WIL_B1,WIL_B1_C1,Crest,,PCD,2.0,2.5,0,0,55.00%,3,50,1,0,0,1,0,0,0,0,0,0,0,0,0,0,0,0,0,0,0,0,0,0,0,0,0,0,0,0,0,0,0,0,0,0,0,0,0,0,0,0,0,0,0,0,0,0,0,0,0,0,0,0,0,0,0,0,0,0,0,0,0,0,0,0,14,0,0,0,0,0,0,0,green leaves
2024 - Bleaching,16/03/2024,Capricorn Bunkers,Wilson,WIL_B1,WIL_B1_C2,Crest,,PCD,2.0,2.5,0,0,63.00%,1,58,2,0,0,2,0,0,0,0,0,0,0,0,0,0,0,0,0,0,0,0,0,0,0,0,0,0,0,0,0,0,0,0,0,0,0,0,0,0,0,0,0,0,0,0,0,0,0,0,0,0,0,0,1,1,0,0,0,0,0,0,0,0,0,0,8,0,0,0,0,0,0,0,
2024 - Bleaching,16/03/2024,Capricorn Bunkers,Wilson,WIL_B1,WIL_B1_C3,Crest,,PCD,2.0,2.5,0,0,74.00%,0,66,5,0,0,0,0,0,0,1,0,0,0,0,0,0,0,0,0,1,0,0,0,1,0,0,0,0,0,0,0,0,0,0,0,0,0,0,0,0,0,0,0,0,0,0,0,0,0,0,0,0,0,0,0,1,0,0,0,0,0,0,0,0,0,0,9,0,0,0,0,0,0,2,
2024 - Bleaching,16/03/2024,Capricorn Bunkers,Wilson,WIL_B2,WIL_B2_S1,Slope,,PCD,5.3,3.0,0,0,58.00%,0,51,1,0,1,4,0,1,0,0,0,0,0,0,0,0,0,0,0,0,0,0,0,0,0,0,0,0,0,0,0,0,0,0,0,0,0,0,0,0,0,0,0,0,0,0,0,0,0,0,0,0,0,0,0,0,0,0,0,0,0,0,0,0,0,0,0,0,0,0,0,0,0,0,
2024 - Bleaching,16/03/2024,Capricorn Bunkers,Wilson,WIL_B2,WIL_B2_S2,Slope,,PCD,5.3,3.0,0,0,65.00%,4,45,4,0,5,2,0,3,0,0,0,0,0,0,0,0,0,0,0,1,0,0,0,0,0,0,0,0,0,1,0,0,0,0,0,0,0,0,0,0,0,0,0,0,0,0,0,0,0,0,0,0,0,0,0,0,0,0,0,0,0,0,0,0,0,0,0,0,0,0,0,0,0,2,
2024 - Bleaching,16/03/2024,Capricorn Bunkers,Wilson,WIL_B2,WIL_B2_S3,Slope,,PCD,5.2,3.0,0,0,76.00%,4,63,0,0,3,2,2,1,0,0,0,0,0,0,0,0,0,1,0,0,0,0,0,0,0,0,0,0,0,0,0,0,0,0,0,0,0,0,0,0,0,0,0,0,0,0,0,0,0,0,0,0,0,0,1,2,0,0,0,0,0,0,0,0,0,0,0,0,0,0,0,0,0,1,
2024 - Bleaching,16/03/2024,Capricorn Bunkers,Wilson,WIL_B2,WIL_B2_C1,Crest,,PCD,2.0,2.5,0,0,45.00%,13,20,6,0,0,6,0,0,0,0,0,0,0,0,0,0,0,0,0,0,0,0,0,0,0,0,0,0,0,0,0,0,0,0,0,0,0,0,0,0,0,0,0,0,0,0,0,0,0,0,0,0,0,0,0,0,0,0,0,0,0,0,0,0,0,0,0,0,0,0,0,0,0,0,
2024 - Bleaching,16/03/2024,Capricorn Bunkers,Wilson,WIL_B2,WIL_B2_C2,Crest,,PCD,2.0,2.5,0,0,54.00%,8,40,3,0,0,2,0,0,0,0,1,0,0,0,0,0,0,0,0,0,0,0,0,0,0,0,0,0,0,0,0,0,0,0,0,0,0,0,0,0,0,0,0,0,0,0,0,0,0,0,0,0,0,0,0,0,0,0,0,0,0,0,0,0,0,0,0,0,0,0,0,0,0,0,
2024 - Bleaching,16/03/2024,Capricorn Bunkers,Wilson,WIL_B2,WIL_B2_C3,Crest,,PCD,2.0,2.5,0,0,77.00%,12,56,4,0,4,0,0,0,1,0,0,0,0,0,0,0,0,0,0,0,0,0,0,0,0,0,0,0,0,0,0,0,0,0,0,0,0,0,0,0,0,0,0,0,0,0,0,0,0,0,0,0,0,0,0,0,0,0,0,0,0,0,0,0,0,0,0,0,0,0,0,0,0,0,
2024 - Bleaching,17/03/2024,Hydrographers Passage,Chauvel,CHA_B1,CHA_B1_S1,Slope,,MSP,8.0,4.0,0,0,36.00%,4,0,8,0,1,3,3,1,0,1,1,0,0,0,0,3,1,3,1,0,0,2,0,0,0,1,1,0,0,0,0,0,0,0,0,0,0,0,0,0,0,0,0,1,0,0,0,0,1,0,0,0,0,0,0,0,1,0,1,0,0,0,0,0,0,0,0,0,0,0,0,0,0,0,
2024 - Bleaching,17/03/2024,Hydrographers Passage,Chauvel,CHA_B1,CHA_B1_S2,Slope,,MSP,8.0,3.5,0,0,31.00%,4,2,7,0,0,3,1,2,0,0,1,0,0,0,0,2,1,1,1,0,0,1,0,0,0,0,0,0,2,0,0,0,0,0,0,0,0,0,0,0,0,0,0,1,0,0,0,0,0,0,0,2,0,0,1,0,1,0,3,0,0,0,0,0,0,0,0,0,0,0,0,0,0,1,
2024 - Bleaching,17/03/2024,Hydrographers Passage,Chauvel,CHA_B1,CHA_B1_S3,Slope,,MSP,8.0,4.0,0,0,39.00%,5,1,13,1,0,2,1,1,0,3,0,0,0,0,0,0,0,3,2,0,0,1,0,3,0,0,0,0,1,1,0,0,0,0,0,0,0,0,0,0,0,0,0,0,0,0,0,0,0,0,0,1,0,0,0,0,1,0,0,0,0,0,0,0,0,1,0,0,0,0,0,0,0,3,
2024 - Bleaching,17/03/2024,Hydrographers Passage,Chauvel,CHA_B1,CHA_B1_C1,Crest,,MSP,,,0,0,30.00%,7,0,11,0,2,0,0,1,0,1,0,1,0,0,1,0,0,0,0,2,1,2,0,0,1,0,0,0,0,0,0,0,0,0,0,0,0,0,0,0,0,0,0,0,0,0,0,0,0,0,0,0,0,0,1,1,0,0,0,0,0,0,0,0,0,0,0,0,0,0,0,0,0,0,
2024 - Bleaching,17/03/2024,Hydrographers Passage,Chauvel,CHA_B1,CHA_B1_C2,Crest,,MSP,,,0,0,31.00%,10,0,12,0,3,0,0,0,0,1,0,0,0,0,0,0,0,1,0,1,0,3,0,0,0,0,0,0,0,0,0,0,0,0,0,0,0,0,0,0,0,0,0,0,0,0,0,0,0,0,0,0,0,0,0,0,0,0,0,0,0,0,0,0,0,0,0,0,0,0,0,0,0,0,
2024 - Bleaching,17/03/2024,Hydrographers Passage,Chauvel,CHA_B1,CHA_B1_C3,Crest,,MSP,,,0,0,32.00%,2,4,12,0,5,0,0,0,1,1,0,0,0,1,1,0,0,2,0,0,0,2,0,0,0,0,0,0,0,1,0,0,0,0,0,0,0,0,0,0,0,0,0,0,0,0,0,0,0,0,0,0,0,0,0,0,0,0,1,0,0,0,0,0,0,0,0,0,0,0,0,0,0,0,
2024 - Bleaching,17/03/2024,Hydrographers Passage,Chauvel,CHA_B2,CHA_B2_S1,Slope,,PCD,5.0,1.5,0,0,11.00%,1,0,3,0,1,1,0,0,0,2,0,0,1,0,0,0,0,0,0,0,0,2,0,0,0,0,0,0,0,0,0,0,0,0,0,0,0,0,0,0,0,0,0,0,0,0,0,0,0,0,0,0,0,0,3,3,0,0,0,0,0,0,0,0,0,2,4,0,0,0,0,0,0,2,green leaves
2024 - Bleaching,17/03/2024,Hydrographers Passage,Chauvel,CHA_B2,CHA_B2_S2,Slope,,PCD,5.0,2.0,0,0,17.00%,0,0,2,0,0,3,0,0,0,1,0,0,0,0,1,1,1,2,0,0,0,1,0,0,0,2,1,0,0,0,0,0,0,0,0,0,0,0,0,0,0,0,0,0,0,0,0,0,0,0,0,2,0,0,2,0,0,0,0,0,0,0,0,0,0,0,10,0,0,0,0,0,0,4,green leaves
2024 - Bleaching,17/03/2024,Hydrographers Passage,Chauvel,CHA_B2,CHA_B2_S3,Slope,,PCD,6.0,2.0,0,0,15.00%,0,1,0,0,1,0,2,0,0,2,4,0,0,0,0,1,0,0,0,0,0,0,0,0,2,2,0,0,0,0,0,0,0,0,0,0,0,0,0,0,0,0,0,0,0,0,0,0,0,0,0,0,0,0,4,4,0,0,0,0,0,0,0,0,0,0,13,0,0,0,0,0,0,8,green leaves
2024 - Bleaching,17/03/2024,Hydrographers Passage,Chauvel,CHA_B2,CHA_B2_C1,Crest,,PCD,2.5,2.0,0,0,26.00%,2,0,12,1,0,2,3,0,0,0,1,0,0,0,0,1,0,0,0,1,0,1,0,0,0,1,0,0,0,1,0,0,0,0,0,0,0,0,0,0,0,0,0,0,0,0,0,0,0,0,0,0,0,0,0,0,0,0,0,0,0,0,0,0,0,0,4,0,0,0,0,0,0,0,
2024 - Bleaching,17/03/2024,Hydrographers Passage,Chauvel,CHA_B2,CHA_B2_C2,Crest,,PCD,2.5,1.5,0,0,13.00%,1,0,5,0,0,0,1,0,0,0,0,0,1,0,0,0,0,1,0,0,0,0,0,0,1,0,1,0,1,0,1,0,0,0,0,0,0,0,0,0,0,0,0,0,0,0,0,0,0,0,0,0,0,0,2,0,0,0,0,0,0,0,0,0,0,2,0,0,0,0,0,0,0,0,green hair bundles
2024 - Bleaching,17/03/2024,Hydrographers Passage,Chauvel,CHA_B2,CHA_B2_C3,Crest,,PCD,2.5,1.5,0,0,13.00%,1,0,3,0,0,3,1,0,1,0,3,0,0,0,0,0,0,0,1,0,0,0,0,0,0,0,0,0,0,0,0,0,0,0,0,0,0,0,0,0,0,0,0,0,0,0,0,0,0,0,0,0,0,0,3,2,0,0,0,0,0,0,0,0,0,0,17,0,0,0,0,0,0,0,green leaves
2024 - Bleaching,17/03/2024,Hydrographers Passage,Chauvel,CHA_B3,CHA_B3_S1,Slope,,PCD,8.0,2.0,0,0,18.00%,0,0,2,0,0,3,0,0,0,5,0,0,0,2,1,0,1,1,0,1,0,2,0,0,0,0,0,0,0,0,0,0,0,0,0,0,0,0,0,0,0,0,0,0,0,0,0,0,0,0,0,0,0,0,3,8,3,0,0,0,0,0,0,0,0,2,0,0,0,0,0,0,0,8,
2024 - Bleaching,17/03/2024,Hydrographers Passage,Chauvel,CHA_B3,CHA_B3_S2,Slope,,PCD,8.0,2.5,0,0,21.00%,0,0,0,1,0,5,0,0,0,1,4,0,2,3,0,0,0,1,0,0,0,1,0,0,0,1,1,0,0,1,0,0,0,0,0,0,0,0,0,0,0,0,0,0,0,0,0,0,0,0,0,0,0,0,0,1,0,0,0,0,0,0,0,0,0,0,0,0,0,0,0,0,0,7,
2024 - Bleaching,17/03/2024,Hydrographers Passage,Chauvel,CHA_B3,CHA_B3_S3,Slope,,PCD,8.0,2.5,0,0,21.00%,0,1,1,0,0,3,0,0,0,3,3,1,0,1,0,0,1,1,0,0,0,3,0,0,1,0,0,0,0,0,0,0,0,0,0,0,0,0,0,0,1,0,0,0,0,0,0,0,0,0,0,1,0,0,2,3,0,0,0,0,0,0,0,0,0,0,0,0,0,0,0,0,0,5,
2024 - Bleaching,17/03/2024,Hydrographers Passage,Chauvel,CHA_B3,CHA_B3_C1,Crest,,PCD,2.0,2.5,0,0,28.00%,1,0,7,0,6,0,5,0,1,1,0,1,1,1,0,0,0,1,1,0,0,2,0,0,0,0,0,0,0,0,0,0,0,0,0,0,0,0,0,0,0,0,0,0,0,0,0,0,0,0,0,0,0,0,2,1,0,0,0,0,0,0,0,0,0,0,0,0,0,0,0,0,0,1,
2024 - Bleaching,17/03/2024,Hydrographers Passage,Chauvel,CHA_B3,CHA_B3_C2,Crest,,PCD,2.0,2.5,0,0,33.00%,1,0,5,0,6,2,6,0,3,1,0,0,0,0,1,0,0,0,0,2,0,3,0,0,0,1,1,0,0,1,0,0,0,0,0,0,0,0,0,0,0,0,0,0,0,0,0,0,0,0,0,0,0,0,3,1,0,0,0,0,0,0,0,0,0,0,0,0,0,0,0,0,0,0,
2024 - Bleaching,17/03/2024,Hydrographers Passage,Chauvel,CHA_B3,CHA_B3_C3,Crest,,PCD,2.0,2.0,0,0,43.00%,0,1,6,0,6,4,10,0,1,3,1,1,1,0,1,0,1,1,0,1,0,4,0,0,0,0,0,0,0,1,0,0,0,0,0,0,0,0,0,0,0,0,0,0,0,0,0,0,0,0,0,0,0,0,2,2,0,0,0,0,0,0,0,0,0,0,0,0,0,0,0,0,0,0,
2024 - Bleaching,17/03/2024,Hydrographers Passage,Goble,GOB_B1,GOB_B1_S1,Slope,,MSP,,,0,0,18.00%,0,0,3,1,0,0,3,1,0,0,0,0,0,0,0,3,0,1,0,0,0,2,3,0,0,1,0,0,0,0,0,0,0,0,0,0,0,0,0,0,0,0,0,0,0,0,0,0,0,0,0,0,0,0,3,0,0,0,0,0,0,0,0,0,0,2,0,0,0,0,0,0,0,0,
2024 - Bleaching,17/03/2024,Hydrographers Passage,Goble,GOB_B1,GOB_B1_S2,Slope,,MSP,,,0,0,23.00%,0,0,5,5,0,1,0,0,0,5,0,1,0,0,0,1,0,2,1,1,0,1,0,0,0,0,0,0,0,0,0,0,0,0,0,0,0,0,0,0,0,0,0,0,0,0,0,0,0,0,0,0,0,0,0,0,0,0,0,0,0,0,0,0,0,0,0,0,0,0,0,0,0,0,
2024 - Bleaching,17/03/2024,Hydrographers Passage,Goble,GOB_B1,GOB_B1_S3,Slope,,MSP,,,0,0,32.00%,0,0,5,4,0,0,2,1,0,7,0,1,0,0,0,1,0,2,1,1,0,1,0,0,4,1,0,0,0,0,0,0,0,0,0,0,0,0,0,1,0,0,0,0,0,0,0,0,0,0,0,0,0,0,0,0,1,0,0,0,0,0,0,0,0,0,0,0,0,0,0,0,0,0,
2024 - Bleaching,17/03/2024,Hydrographers Passage,Goble,GOB_B1,GOB_B1_C1,Crest,,MSP,,,0,0,23.00%,1,1,5,0,10,1,2,0,0,2,0,0,0,0,0,0,0,0,0,0,0,1,0,0,0,0,0,0,0,0,0,0,0,0,0,0,0,0,0,0,0,0,0,0,0,0,0,0,0,0,0,0,0,0,0,0,0,0,1,0,0,0,0,0,0,0,0,0,0,0,0,0,0,0,
2024 - Bleaching,17/03/2024,Hydrographers Passage,Goble,GOB_B1,GOB_B1_C2,Crest,,MSP,,,0,0,22.00%,0,0,3,0,10,0,2,0,1,1,0,0,0,0,1,1,0,1,0,1,0,1,0,0,0,0,0,0,0,0,0,0,0,0,0,0,0,0,0,0,0,0,0,0,0,0,0,0,0,0,0,0,0,0,0,0,0,0,0,0,0,0,0,0,0,4,0,0,0,0,0,0,0,0,
2024 - Bleaching,17/03/2024,Hydrographers Passage,Goble,GOB_B1,GOB_B1_C3,Crest,,MSP,,,0,0,19.00%,0,0,6,0,6,2,3,0,1,0,0,0,0,0,0,0,1,0,0,0,0,0,0,0,0,0,0,0,0,0,0,0,0,0,0,0,0,0,0,0,0,0,0,0,0,0,0,0,0,0,0,0,0,0,2,2,0,0,0,0,0,0,0,0,0,1,0,0,0,0,0,0,0,0,
2024 - Bleaching,17/03/2024,Hydrographers Passage,Goble,GOB_B2,GOB_B2_S1,Slope,,PCD,,,0,0,30.00%,0,1,4,0,1,4,1,1,0,1,0,1,2,0,1,6,0,2,0,1,0,2,1,0,0,0,1,0,0,0,0,0,0,0,0,0,0,0,0,0,0,0,0,0,0,0,0,0,0,0,0,0,0,0,0,1,1,0,0,0,0,0,0,0,0,2,0,0,0,0,0,0,0,3,
2024 - Bleaching,17/03/2024,Hydrographers Passage,Goble,GOB_B2,GOB_B2_S2,Slope,,PCD,,,0,0,22.00%,0,1,3,5,1,0,0,1,0,2,0,0,0,0,1,1,0,3,0,0,0,0,2,0,2,0,0,0,0,0,0,0,0,0,0,0,0,0,0,0,0,0,0,0,0,0,0,0,0,0,0,0,0,0,0,1,0,0,0,0,0,0,0,0,0,0,0,0,0,0,0,0,0,0,
2024 - Bleaching,17/03/2024,Hydrographers Passage,Goble,GOB_B2,GOB_B2_S3,Slope,,PCD,,,0,0,25.00%,0,1,5,1,0,3,2,3,1,2,0,0,0,0,1,0,1,0,0,0,0,0,3,0,0,0,0,0,2,0,0,0,0,0,0,0,0,0,0,0,0,0,0,0,0,0,0,0,0,0,0,0,0,0,0,2,0,0,0,0,0,0,0,0,0,0,0,0,0,0,0,0,0,0,
2024 - Bleaching,17/03/2024,Hydrographers Passage,Goble,GOB_B2,GOB_B2_C1,Crest,,PCD,,,0,0,25.00%,0,5,5,0,4,1,4,1,0,1,0,1,0,0,0,1,0,1,0,0,0,0,0,0,0,1,0,0,0,0,0,0,0,0,0,0,0,0,0,0,0,0,0,0,0,0,0,0,0,0,0,0,0,0,0,0,0,0,0,0,0,0,0,0,0,0,0,0,0,0,0,0,0,0,
2024 - Bleaching,17/03/2024,Hydrographers Passage,Goble,GOB_B2,GOB_B2_C2,Crest,,PCD,,,0,0,27.00%,2,0,10,0,3,0,6,0,2,0,0,0,0,0,1,0,0,1,0,1,0,1,0,0,0,0,0,0,0,0,0,0,0,0,0,0,0,0,0,0,0,0,0,0,0,0,0,0,0,0,0,0,0,0,0,0,0,0,0,0,0,0,0,0,0,0,0,0,0,0,0,0,0,0,
2024 - Bleaching,17/03/2024,Hydrographers Passage,Goble,GOB_B2,GOB_B2_C3,Crest,,PCD,,,0,0,36.00%,1,0,5,0,4,2,8,0,1,3,0,0,0,0,0,1,0,2,0,3,0,6,0,0,0,0,0,0,0,0,0,0,0,0,0,0,0,0,0,0,0,0,0,0,0,0,0,0,0,0,0,0,0,0,0,0,0,0,0,0,0,0,0,0,0,0,0,0,0,0,0,0,0,0,
2024 - Bleaching,17/03/2024,Hydrographers Passage,Goble,GOB_B3,GOB_B3_S1,Slope,,MSP,,,0,0,23.00%,0,2,2,0,1,2,5,0,0,1,0,0,0,0,0,1,1,0,5,0,0,2,0,0,0,0,0,0,0,0,0,0,0,0,0,0,0,0,0,1,0,0,0,0,0,0,0,0,0,0,0,0,0,0,0,0,0,0,0,0,0,0,0,0,0,0,0,0,0,0,0,0,0,0,
2024 - Bleaching,17/03/2024,Hydrographers Passage,Goble,GOB_B3,GOB_B3_S2,Slope,,MSP,,,0,0,24.00%,0,1,2,3,2,0,2,0,0,1,0,0,0,0,2,2,1,1,2,0,0,4,0,0,0,0,0,0,0,0,0,0,0,0,0,0,0,0,0,0,0,0,0,0,0,0,0,0,0,0,0,1,0,0,0,0,0,0,0,0,0,0,0,0,0,0,0,0,0,0,0,0,0,2,
2024 - Bleaching,17/03/2024,Hydrographers Passage,Goble,GOB_B3,GOB_B3_S3,Slope,,MSP,,,0,0,22.00%,0,0,2,1,0,2,1,0,0,1,0,1,0,0,2,1,1,3,2,1,0,1,0,0,0,1,0,0,0,1,0,0,0,0,0,0,0,0,0,0,0,0,0,0,0,0,0,0,0,0,0,1,0,0,0,0,1,0,1,0,0,0,0,0,0,0,0,0,0,0,0,0,0,0,
2024 - Bleaching,17/03/2024,Hydrographers Passage,Goble,GOB_B3,GOB_B3_C1,Crest,,MSP,,,0,0,33.00%,3,4,5,0,6,0,6,0,2,1,1,0,0,0,0,0,0,1,0,0,0,0,0,0,0,0,0,0,0,0,0,0,0,0,0,0,0,0,0,0,0,0,0,4,0,0,0,0,0,0,0,0,0,0,0,0,0,0,0,0,0,0,0,0,0,4,0,0,0,0,0,0,0,3,
2024 - Bleaching,17/03/2024,Hydrographers Passage,Goble,GOB_B3,GOB_B3_C2,Crest,,MSP,,,0,0,29.00%,1,0,6,2,1,0,16,0,2,0,0,0,0,0,0,1,0,0,0,0,0,0,0,0,0,0,0,0,0,0,0,0,0,0,0,0,0,0,0,0,0,0,0,0,0,0,0,0,0,0,0,0,0,0,1,0,0,0,0,0,0,0,0,0,0,0,0,0,0,0,0,0,0,0,
2024 - Bleaching,17/03/2024,Hydrographers Passage,Goble,GOB_B3,GOB_B3_C3,Crest,,MSP,,,0,0,43.00%,0,2,12,0,6,0,13,0,1,2,0,0,0,0,2,0,0,2,0,0,1,1,0,0,0,0,0,0,0,1,0,0,0,0,0,0,0,0,0,0,0,0,0,0,0,0,0,0,0,0,0,0,0,0,1,0,0,0,0,0,0,0,0,0,0,0,0,0,0,0,0,0,0,0,
2024 - Bleaching,18/03/2024,Hydrographers Passage,Bugatti,BUG_B1,BUG_B1_S1,Slope,,MSP,,,0,0,33.00%,10,15,1,0,0,1,2,1,1,0,0,0,0,0,0,1,1,0,0,0,0,0,0,0,0,0,0,0,0,0,0,0,0,0,0,0,0,0,0,0,0,0,0,0,0,0,0,0,0,0,0,0,0,0,0,0,0,0,0,0,0,0,0,0,0,0,0,0,0,0,0,0,0,0,
2024 - Bleaching,18/03/2024,Hydrographers Passage,Bugatti,BUG_B1,BUG_B1_S2,Slope,,MSP,,,0,0,36.00%,9,10,4,0,0,5,3,1,1,0,0,1,0,0,1,1,0,0,0,0,0,0,0,0,0,0,0,0,0,0,0,0,0,0,0,0,0,0,0,0,0,0,0,0,0,0,0,0,0,0,0,0,0,0,0,0,0,0,2,0,0,0,0,0,0,0,0,0,0,0,0,0,0,0,
2024 - Bleaching,18/03/2024,Hydrographers Passage,Bugatti,BUG_B1,BUG_B1_S3,Slope,,MSP,,,0,0,31.00%,4,9,3,0,1,8,0,1,1,0,0,1,0,0,0,1,0,0,0,0,0,0,0,0,0,0,0,0,0,0,1,0,0,0,0,0,0,0,0,0,0,0,0,0,0,0,0,0,0,0,0,1,0,0,0,0,0,0,1,0,0,0,0,0,0,0,0,0,0,0,0,0,0,0,
2024 - Bleaching,18/03/2024,Hydrographers Passage,Bugatti,BUG_B1,BUG_B1_C1,Crest,,MSP,,,0,0,49.00%,10,5,19,0,2,0,8,0,1,2,0,0,0,0,1,0,0,1,0,0,0,0,0,0,0,0,0,0,0,0,0,0,0,0,0,0,0,0,0,0,0,0,0,0,0,0,0,0,0,0,0,0,0,1,0,0,0,0,0,0,0,0,0,0,0,0,0,0,0,0,0,0,0,0,
2024 - Bleaching,18/03/2024,Hydrographers Passage,Bugatti,BUG_B1,BUG_B1_C2,Crest,,MSP,,,0,0,48.00%,12,8,14,0,2,1,2,0,2,5,0,0,0,0,0,0,1,0,0,0,0,1,0,0,0,0,0,0,0,0,0,0,0,0,0,0,0,0,0,0,0,0,0,0,0,0,0,0,0,0,0,0,0,0,0,0,0,0,1,0,0,0,0,0,0,0,0,0,0,0,0,0,0,0,
2024 - Bleaching,18/03/2024,Hydrographers Passage,Bugatti,BUG_B1,BUG_B1_C3,Crest,,MSP,,,0,0,50.00%,6,7,20,0,5,0,4,0,2,2,0,0,0,0,0,1,2,1,0,0,0,0,0,0,0,0,0,0,0,0,0,0,0,0,0,0,0,0,0,0,0,0,0,0,0,0,0,0,0,0,0,0,0,0,0,0,0,0,2,0,0,0,0,0,0,0,0,0,0,0,0,0,0,0,
2024 - Bleaching,18/03/2024,Hydrographers Passage,Bugatti,BUG_B2,BUG_B2_S1,Slope,,PCD,7.5,4.0,0,0,83.00%,1,50,3,0,0,3,3,6,9,0,0,1,0,1,0,2,0,0,0,0,0,0,2,0,0,0,1,0,0,0,0,0,0,0,0,0,0,0,0,1,0,0,0,0,0,0,0,0,0,0,0,0,0,0,0,0,0,0,0,0,0,0,0,0,0,17,0,0,0,0,0,0,0,0,
2024 - Bleaching,18/03/2024,Hydrographers Passage,Bugatti,BUG_B2,BUG_B2_S2,Slope,,PCD,8.0,4.0,0,0,86.00%,10,54,1,0,2,1,1,11,2,0,0,1,0,1,0,0,0,1,0,0,0,0,1,0,0,0,0,0,0,0,0,0,0,0,0,0,0,0,0,0,0,0,0,0,0,0,0,0,0,0,0,0,0,0,0,0,0,0,0,0,0,0,0,0,0,14,0,0,0,0,0,0,0,0,
2024 - Bleaching,18/03/2024,Hydrographers Passage,Bugatti,BUG_B2,BUG_B2_S3,Slope,,PCD,8.0,3.5,0,0,80.00%,3,53,5,0,0,1,2,8,4,0,0,0,0,2,0,2,0,0,0,0,0,0,0,0,0,0,0,0,0,0,0,0,0,0,0,0,0,0,0,0,0,0,0,0,0,0,0,0,0,0,0,0,0,0,0,0,0,0,0,0,0,0,0,0,0,9,0,0,0,0,0,0,0,0,
2024 - Bleaching,18/03/2024,Hydrographers Passage,Bugatti,BUG_B2,BUG_B2_C1,Crest,,PCD,2.0,3.5,0,0,84.00%,34,5,30,0,0,0,6,1,2,3,0,0,0,0,0,0,0,1,1,1,0,0,0,0,0,0,0,0,0,0,0,0,0,0,0,0,0,0,0,0,0,0,0,0,0,0,0,0,0,0,0,0,0,0,0,0,0,0,0,0,0,0,0,0,0,0,0,0,0,0,0,0,0,0,
2024 - Bleaching,18/03/2024,Hydrographers Passage,Bugatti,BUG_B2,BUG_B2_C2,Crest,,PCD,1.5,3.5,0,0,96.00%,27,3,52,1,2,0,6,1,2,0,0,0,0,0,0,0,0,1,0,0,0,1,0,0,0,0,0,0,0,0,0,0,0,0,0,0,0,0,0,0,0,0,0,0,0,0,0,0,0,0,0,0,0,0,0,0,0,0,0,0,0,0,0,0,0,0,0,0,0,0,0,0,0,0,
2024 - Bleaching,18/03/2024,Hydrographers Passage,Bugatti,BUG_B2,BUG_B2_C3,Crest,,PCD,1.5,4.0,0,0,74.00%,20,14,23,0,2,0,7,2,2,2,0,0,0,0,0,0,1,0,1,0,0,0,0,0,0,0,0,0,0,0,0,0,0,0,0,0,0,0,0,0,0,0,0,0,0,0,0,0,0,0,0,0,0,0,0,0,0,0,0,0,0,0,0,0,0,0,0,0,0,0,0,0,0,0,
2024 - Bleaching,18/03/2024,Hydrographers Passage,Bugatti,BUG_B3,BUG_B3_S1,Slope,,PCD,7.5,3.0,0,0,35.00%,1,3,5,0,0,7,1,4,11,0,0,0,0,0,0,0,1,0,0,1,0,0,0,0,0,0,0,0,0,0,0,0,0,0,0,0,0,0,0,0,0,0,0,1,0,0,0,0,0,0,0,0,0,0,0,0,0,0,0,0,0,0,0,0,0,3,0,0,0,0,0,0,0,9,
2024 - Bleaching,18/03/2024,Hydrographers Passage,Bugatti,BUG_B3,BUG_B3_S2,Slope,,PCD,7.5,3.5,0,0,46.00%,0,2,8,0,0,5,6,5,13,0,0,1,0,0,0,0,0,2,0,1,0,2,1,0,0,0,0,0,0,0,0,0,0,0,0,0,0,0,0,0,0,0,0,0,0,0,0,0,0,0,0,0,0,0,1,0,0,0,0,0,0,0,0,0,0,6,0,0,0,0,0,0,0,6,
2024 - Bleaching,18/03/2024,Hydrographers Passage,Bugatti,BUG_B3,BUG_B3_S3,Slope,,PCD,5.5,2.5,0,0,37.00%,0,0,5,0,1,9,1,8,12,0,0,0,0,1,0,0,0,0,0,0,0,0,0,0,0,0,0,0,0,0,0,0,0,0,0,0,0,0,0,0,0,0,0,0,0,0,0,0,0,0,0,0,0,0,0,0,0,0,0,0,0,0,0,0,0,8,0,0,0,0,0,0,0,13,
2024 - Bleaching,18/03/2024,Hydrographers Passage,Bugatti,BUG_B3,BUG_B3_C1,Crest,,PCD,1.5,2.0,0,0,28.00%,1,1,8,0,5,0,2,1,8,0,0,0,0,0,1,0,0,0,0,0,0,0,0,0,0,0,0,0,0,0,0,0,0,0,0,0,0,0,0,0,0,0,0,0,0,0,0,0,0,0,0,1,0,0,1,0,0,0,0,0,0,0,0,0,0,0,0,0,0,0,0,0,0,0,
2024 - Bleaching,18/03/2024,Hydrographers Passage,Bugatti,BUG_B3,BUG_B3_C2,Crest,,PCD,1.5,2.0,0,0,23.00%,5,2,6,0,3,2,1,0,3,0,0,0,0,0,0,0,0,0,0,0,0,0,0,0,0,0,0,0,0,0,0,0,0,0,0,0,0,0,0,0,0,0,1,0,0,0,0,0,0,0,0,0,0,0,0,0,0,0,0,0,0,0,0,0,0,0,0,0,0,0,0,0,0,0,
2024 - Bleaching,18/03/2024,Hydrographers Passage,Bugatti,BUG_B3,BUG_B3_C3,Crest,,PCD,1.5,3.0,0,0,71.00%,19,15,23,0,6,0,3,0,5,0,0,0,0,0,0,0,0,0,0,0,0,0,0,0,0,0,0,0,0,0,0,0,0,0,0,0,0,0,0,0,0,0,0,0,0,0,0,0,0,0,0,0,0,0,0,0,0,0,0,0,0,0,0,0,0,0,0,0,0,0,0,0,0,0,
2024 - Bleaching,19/03/2024,Cape Cleveland,Broadhurst,BRO_B1,BRO_B1_S1,Slope,,MSP,6.0,2.0,0,0,18.00%,0,0,2,0,0,0,3,0,0,4,0,1,0,0,2,0,0,2,0,0,0,0,0,0,1,0,0,0,0,0,0,0,0,0,0,0,0,0,0,0,0,0,2,0,0,0,0,0,0,0,0,1,0,0,0,1,3,0,0,0,0,0,0,0,0,0,0,0,0,0,0,0,0,0,very low coral cover
2024 - Bleaching,19/03/2024,Cape Cleveland,Broadhurst,BRO_B1,BRO_B1_S2,Slope,,MSP,6.0,2.5,0,0,19.00%,0,2,2,1,0,1,0,0,0,3,0,0,0,0,1,0,1,4,0,0,0,0,0,2,0,0,1,0,0,0,0,0,0,0,0,0,0,0,0,0,0,0,0,0,0,0,0,0,0,0,0,1,0,1,0,1,1,0,0,0,0,0,0,0,0,0,0,0,0,0,0,0,0,0,
2024 - Bleaching,19/03/2024,Cape Cleveland,Broadhurst,BRO_B1,BRO_B1_S3,Slope,,MSP,5.7,3.0,0,0,23.00%,0,6,3,1,0,3,3,0,0,2,0,0,0,1,0,1,0,3,0,0,0,0,0,0,0,0,0,0,0,0,0,0,0,0,0,0,0,0,0,0,0,0,0,0,0,0,0,0,0,0,0,0,0,0,1,0,0,2,0,0,0,0,0,0,0,0,0,0,0,0,0,0,0,0,
2024 - Bleaching,19/03/2024,Cape Cleveland,Broadhurst,BRO_B1,BRO_B1_C1,Crest,,MSP,,,,,30.00%,17,2,3,0,0,0,5,0,0,1,0,0,0,0,1,0,0,0,0,0,0,0,0,0,1,0,0,0,0,0,0,0,0,0,0,0,0,0,0,0,0,0,0,0,0,0,0,0,0,0,0,0,0,0,0,0,0,0,0,0,0,0,0,0,0,0,0,0,0,0,0,0,0,0,
2024 - Bleaching,19/03/2024,Cape Cleveland,Broadhurst,BRO_B1,BRO_B1_C2,Crest,,MSP,,,,,50.00%,27,12,6,0,0,1,1,0,0,1,0,0,0,0,0,0,0,0,0,0,0,0,0,0,1,0,0,0,0,1,0,0,0,0,0,0,0,0,0,0,0,0,0,0,0,0,0,0,0,0,0,0,0,0,0,0,0,0,0,0,0,0,0,0,0,0,0,0,0,0,0,0,0,0,
2024 - Bleaching,19/03/2024,Cape Cleveland,Broadhurst,BRO_B1,BRO_B1_C3,Crest,,MSP,,,,,53.00%,45,4,2,0,0,0,1,0,0,0,0,0,0,0,0,0,0,0,0,0,0,0,0,0,0,0,0,0,0,0,0,0,0,0,0,0,0,0,0,0,0,0,1,0,0,0,0,0,0,0,0,0,0,0,0,0,0,0,0,0,0,0,0,0,0,0,0,0,0,0,0,0,0,0,
2024 - Bleaching,19/03/2024,Cape Cleveland,Broadhurst,BRO_B2,BRO_B2_S1,Slope,,MSP,8.0,3.5,0,0,40.00%,0,27,2,0,0,0,0,2,0,3,2,0,0,0,0,0,1,0,0,0,0,0,0,0,1,0,2,0,0,0,0,0,0,0,0,0,0,0,0,0,0,0,0,0,0,0,0,0,0,0,0,0,0,1,0,1,0,0,0,0,0,0,0,0,0,0,0,0,0,0,0,0,0,0,well defined crest
2024 - Bleaching,19/03/2024,Cape Cleveland,Broadhurst,BRO_B2,BRO_B2_S2,Slope,,MSP,8.4,3.5,0,0,25.00%,0,0,0,0,0,0,3,2,0,1,16,0,0,0,0,1,0,0,0,0,0,0,0,0,1,0,0,0,0,0,0,0,0,0,0,0,0,0,0,0,0,0,0,0,0,0,0,0,0,0,0,1,0,12,0,0,1,0,0,0,0,0,0,0,0,0,0,0,0,0,0,0,0,0,
2024 - Bleaching,19/03/2024,Cape Cleveland,Broadhurst,BRO_B2,BRO_B2_S3,Slope,,MSP,8.0,3.0,0,0,22.00%,1,6,1,0,0,0,4,0,2,2,3,0,0,0,0,0,0,1,0,0,0,0,0,1,0,0,0,0,0,0,0,0,0,0,0,0,0,0,0,0,0,0,0,0,0,0,0,0,0,0,0,1,0,7,1,2,2,0,2,0,0,0,0,0,0,0,0,0,0,0,0,0,0,2,
2024 - Bleaching,19/03/2024,Cape Cleveland,Broadhurst,BRO_B2,BRO_B2_C1,Crest,,MSP,,,,,35.00%,9,2,12,0,0,1,4,0,0,3,0,0,0,0,1,0,0,1,0,1,0,0,0,0,0,0,0,0,0,0,0,0,0,0,0,0,0,0,0,0,0,0,1,0,0,0,0,0,0,0,0,0,0,1,0,0,0,0,0,0,0,0,0,0,0,0,0,0,0,0,0,0,0,0,
2024 - Bleaching,19/03/2024,Cape Cleveland,Broadhurst,BRO_B2,BRO_B2_C2,Crest,,MSP,,,,,36.00%,13,0,11,0,3,0,2,0,1,2,0,0,0,0,0,0,1,2,0,0,0,1,0,0,0,0,0,0,0,0,0,0,0,0,0,0,0,0,0,0,0,0,0,0,0,0,0,0,0,0,0,0,0,0,1,0,0,0,0,0,0,0,0,0,0,0,0,0,0,0,0,0,0,0,
2024 - Bleaching,19/03/2024,Cape Cleveland,Broadhurst,BRO_B2,BRO_B2_C3,Crest,,MSP,,,,,38.00%,7,8,6,1,0,3,1,0,2,2,0,0,0,0,0,1,2,2,0,0,1,0,0,0,0,0,0,0,2,0,0,0,0,0,0,0,0,0,0,0,0,0,0,0,0,0,0,0,0,0,0,0,0,1,0,0,0,0,0,0,0,0,0,0,0,0,0,0,0,0,0,0,0,0,
2024 - Bleaching,19/03/2024,Cape Cleveland,Broadhurst,BRO_B3,BRO_B3_S1,Slope,,MSP,7.5,3.0,0,0,10.00%,0,0,3,0,0,1,1,0,1,1,0,0,0,0,1,1,1,0,0,0,0,0,0,0,0,0,0,0,0,0,0,0,0,0,0,0,0,0,0,0,0,0,0,0,0,0,0,0,0,0,0,0,0,0,0,4,0,0,1,0,0,0,0,0,0,0,0,0,0,0,0,0,0,1,steep to 10m sand
2024 - Bleaching,19/03/2024,Cape Cleveland,Broadhurst,BRO_B3,BRO_B3_S2,Slope,,MSP,8.0,3.5,0,0,7.00%,0,0,2,0,0,0,2,0,0,1,0,0,0,0,0,0,0,0,0,0,0,0,0,0,0,1,0,0,0,0,0,0,0,0,0,0,0,0,0,0,0,0,0,1,0,0,0,0,0,0,0,0,0,0,1,2,6,0,0,0,0,0,0,0,0,0,0,0,0,0,0,0,0,0,
2024 - Bleaching,19/03/2024,Cape Cleveland,Broadhurst,BRO_B3,BRO_B3_S3,Slope,,MSP,8.5,2.5,0,0,5.00%,0,0,1,0,0,0,1,0,0,0,0,0,0,0,0,0,0,0,0,0,0,1,0,0,0,0,1,0,0,0,0,0,0,0,0,0,0,0,0,0,1,0,0,0,0,0,0,0,0,0,0,0,0,1,0,7,22,0,0,0,0,0,0,0,0,0,0,0,0,0,0,0,0,0,
2024 - Bleaching,19/03/2024,Cape Cleveland,Broadhurst,BRO_B3,BRO_B3_C1,Crest,,MSP,,,,,33.00%,14,1,11,0,3,0,0,0,3,1,0,0,0,0,0,0,0,0,0,0,0,0,0,0,0,0,0,0,0,0,0,0,0,0,0,0,0,0,0,0,0,0,0,0,0,0,0,0,0,0,0,0,0,0,1,0,0,0,0,0,0,0,0,0,0,0,0,0,0,0,0,0,0,0,
2024 - Bleaching,19/03/2024,Cape Cleveland,Broadhurst,BRO_B3,BRO_B3_C2,Crest,,MSP,,,,,43.00%,20,1,7,0,3,1,3,0,4,2,0,0,0,0,0,0,0,0,0,2,0,0,0,0,0,0,0,0,0,0,0,0,0,0,0,0,0,0,0,0,0,0,0,0,0,0,0,0,0,0,0,0,0,0,3,1,0,0,0,0,0,0,0,0,0,0,0,0,0,0,0,0,0,0,
2024 - Bleaching,19/03/2024,Cape Cleveland,Broadhurst,BRO_B3,BRO_B3_C3,Crest,,MSP,,,,,51.00%,27,0,13,0,3,0,0,0,2,0,0,0,0,0,2,0,0,0,0,2,0,0,0,0,2,0,0,0,0,0,0,0,0,0,0,0,0,0,0,0,0,0,0,0,0,0,0,0,0,0,0,0,0,0,2,0,0,0,0,0,0,0,0,0,0,0,0,0,0,0,0,0,0,0,
2024 - Bleaching,20/03/2024,Cape Cleveland,Davies,DAV_B1,DAV_B1_S1,Slope,,MSP,8.0,3.0,0,0,10.00%,0,0,0,1,0,1,0,0,0,4,0,0,0,0,0,0,0,0,0,0,0,0,0,2,1,0,0,0,1,0,0,0,0,0,0,0,0,0,0,0,0,0,0,0,0,0,0,0,0,0,0,0,0,0,0,0,0,0,0,0,0,0,0,0,0,0,0,0,0,0,0,0,0,0,"steep wall to 15-20m, low CC"
2024 - Bleaching,20/03/2024,Cape Cleveland,Davies,DAV_B1,DAV_B1_S2,Slope,,MSP,8.0,3.5,0,0,7.00%,0,1,0,0,0,0,0,0,0,0,0,0,0,1,0,0,0,0,0,0,0,0,0,0,0,1,0,0,0,0,0,0,0,0,0,0,0,0,0,0,0,0,0,1,0,0,0,0,0,0,0,3,0,1,0,1,0,0,1,0,0,0,0,0,0,0,0,0,0,0,0,0,0,0,no bleaching on slope
2024 - Bleaching,20/03/2024,Cape Cleveland,Davies,DAV_B1,DAV_B1_S3,Slope,,MSP,8.0,3.5,1,0,9.00%,0,0,1,0,0,0,2,0,1,2,0,0,0,0,0,0,0,1,0,0,0,0,0,0,0,0,0,0,0,0,0,0,0,0,0,0,0,0,0,0,0,0,1,1,0,0,0,0,0,0,0,0,0,0,0,0,0,0,2,0,0,0,0,0,0,0,0,0,0,0,0,0,0,0,
2024 - Bleaching,20/03/2024,Cape Cleveland,Davies,DAV_B1,DAV_B1_C1,Crest,,MSP,,,,,25.00%,10,1,10,0,1,0,1,0,0,0,0,0,0,0,0,0,0,0,0,0,0,0,0,0,1,0,0,0,0,0,0,0,0,0,0,0,0,0,0,0,0,0,1,0,0,0,0,0,0,0,0,0,0,0,1,0,0,0,0,0,0,0,0,0,0,0,0,0,0,0,0,0,0,0,
2024 - Bleaching,20/03/2024,Cape Cleveland,Davies,DAV_B1,DAV_B1_C2,Crest,,MSP,,,,,21.00%,9,0,5,0,1,0,2,0,1,0,0,0,0,0,0,0,1,1,0,0,0,0,0,0,0,0,0,0,0,0,0,0,0,0,0,0,0,0,0,0,0,0,1,0,0,0,0,0,0,0,0,0,0,0,2,0,0,0,0,0,0,0,0,0,0,0,0,0,0,0,0,0,0,0,
2024 - Bleaching,20/03/2024,Cape Cleveland,Davies,DAV_B1,DAV_B1_C3,Crest,,MSP,,,,,20.00%,13,0,3,0,0,0,3,0,0,1,0,0,0,0,0,0,0,0,0,0,0,0,0,0,0,0,0,0,0,0,0,0,0,0,0,0,0,0,0,0,0,0,0,0,0,0,0,0,0,0,0,0,0,0,1,0,0,0,0,0,0,0,0,0,0,0,0,0,0,0,0,0,0,0,
2024 - Bleaching,20/03/2024,Cape Cleveland,Davies,DAV_B2,DAV_B2_S1,Slope,,MSP,8.0,3.5,0,0,15.00%,0,5,0,0,0,0,0,0,3,4,0,1,0,0,0,1,0,0,0,0,0,0,0,0,0,0,0,0,0,0,0,0,0,0,0,0,0,0,0,0,0,0,1,0,0,0,0,0,0,0,0,0,0,0,0,0,0,0,0,0,0,0,0,0,0,0,0,0,0,0,0,0,0,0,"moderate slope, lots of large Porites"
2024 - Bleaching,20/03/2024,Cape Cleveland,Davies,DAV_B2,DAV_B2_S2,Slope,,MSP,8.0,4.0,0,0,26.00%,0,15,0,0,0,1,0,0,1,5,0,0,0,0,0,0,0,3,0,0,0,0,0,0,1,0,0,0,0,0,0,0,0,0,0,0,0,0,0,0,0,0,0,0,0,0,0,0,0,0,0,0,0,0,0,0,0,0,0,0,0,0,0,0,0,0,0,0,0,0,0,0,0,0,
2024 - Bleaching,20/03/2024,Cape Cleveland,Davies,DAV_B2,DAV_B2_S3,Slope,,MSP,8.0,3.5,0,0,27.00%,0,15,1,0,0,1,1,0,0,5,0,2,0,0,1,0,0,0,0,0,0,0,0,1,0,0,0,0,0,0,0,0,0,0,0,0,0,0,0,0,0,0,0,0,0,0,0,0,0,0,0,0,0,2,0,0,0,0,0,0,0,0,0,0,0,0,0,0,0,0,0,0,0,0,
2024 - Bleaching,20/03/2024,Cape Cleveland,Davies,DAV_B2,DAV_B2_C1,Crest,,MSP,,,,,40.00%,17,7,3,0,0,1,2,0,0,3,0,0,0,0,0,2,0,0,0,0,0,0,0,0,2,0,0,0,2,1,0,0,0,0,0,0,0,0,0,0,0,0,0,0,0,0,0,0,0,0,0,0,0,0,0,0,0,0,0,0,0,0,0,0,0,0,0,0,0,0,0,0,0,0,
2024 - Bleaching,20/03/2024,Cape Cleveland,Davies,DAV_B2,DAV_B2_C2,Crest,,MSP,,,,,33.00%,26,3,3,0,0,1,0,0,0,0,0,0,0,0,0,0,0,0,0,0,0,0,0,0,0,0,0,0,0,0,0,0,0,0,0,0,0,0,0,0,0,0,0,0,0,0,0,0,0,0,0,0,0,0,1,0,0,0,0,0,0,0,0,0,0,0,0,0,0,0,0,0,0,0,
2024 - Bleaching,20/03/2024,Cape Cleveland,Davies,DAV_B2,DAV_B2_C3,Crest,,MSP,,,,,40.00%,22,5,3,0,2,0,2,0,0,3,0,0,0,0,0,0,0,0,0,0,0,0,0,0,0,1,0,0,1,0,0,0,0,0,0,0,0,0,0,0,0,0,1,0,0,0,0,0,0,0,0,0,0,0,2,0,0,0,0,0,0,0,0,0,0,0,0,0,0,0,0,0,0,0,
2024 - Bleaching,20/03/2024,Cape Cleveland,Davies,DAV_B3,DAV_B3_S1,Slope,,MSP,8.0,4.0,0,0,29.00%,0,0,1,0,0,3,0,2,0,0,0,0,0,0,0,5,0,2,4,0,0,4,0,0,1,2,2,0,0,0,0,0,0,0,0,0,0,0,0,1,0,0,0,0,0,0,0,0,0,0,0,2,0,1,0,0,0,0,2,0,0,0,0,0,0,0,0,0,0,0,0,0,0,0,
2024 - Bleaching,20/03/2024,Cape Cleveland,Davies,DAV_B3,DAV_B3_S2,Slope,,MSP,8.0,3.5,0,0,23.00%,0,0,2,0,0,1,1,2,6,3,0,1,0,0,0,0,0,1,0,0,0,1,0,0,1,0,0,0,0,2,0,0,0,0,0,0,0,0,0,0,0,0,0,0,0,0,0,0,0,0,0,2,0,0,0,0,0,0,0,0,0,0,0,0,0,0,0,0,0,0,0,0,0,0,
2024 - Bleaching,20/03/2024,Cape Cleveland,Davies,DAV_B3,DAV_B3_S3,Slope,,MSP,8.0,4.0,0,0,20.00%,0,0,3,0,0,0,2,0,0,3,0,0,0,0,0,1,0,0,1,0,0,0,0,0,0,1,0,0,0,0,0,0,0,0,0,0,0,0,0,0,0,0,1,4,0,0,0,0,0,0,0,4,0,0,0,1,0,0,2,0,0,0,0,0,0,0,0,0,0,0,0,0,0,0,
2024 - Bleaching,20/03/2024,Cape Cleveland,Davies,DAV_B3,DAV_B3_C1,Crest,,MSP,,,,,26.00%,2,2,11,1,5,0,1,0,2,0,0,0,0,0,0,1,0,0,0,0,0,1,0,0,0,0,0,0,0,0,0,0,0,0,0,0,0,0,0,0,0,0,0,0,0,0,0,0,0,0,0,0,0,0,1,0,0,0,0,0,0,0,0,0,0,0,0,0,0,0,0,0,0,0,
2024 - Bleaching,20/03/2024,Cape Cleveland,Davies,DAV_B3,DAV_B3_C2,Crest,,MSP,,,,,10.00%,4,0,0,0,2,0,2,0,0,0,0,0,0,0,1,0,0,0,0,0,0,0,0,0,0,0,0,0,0,0,0,0,0,0,0,0,0,0,0,0,0,0,1,0,0,0,0,0,0,0,0,0,0,1,0,0,0,0,0,0,0,0,0,0,0,0,0,0,0,0,0,0,0,0,
2024 - Bleaching,20/03/2024,Cape Cleveland,Davies,DAV_B3,DAV_B3_C3,Crest,,MSP,,,,,45.00%,13,0,18,0,0,1,6,0,0,5,0,0,0,0,1,0,0,0,0,0,0,1,0,0,0,0,0,0,0,0,0,0,0,0,0,0,0,0,0,0,0,0,0,0,0,0,0,0,0,0,0,0,0,0,0,0,0,0,0,0,0,0,0,0,0,0,0,0,0,0,0,0,0,0,
2024 - Bleaching,20/03/2024,Cape Cleveland,Chicken,CHI_B1,CHI_B1_S1,Slope,,MSP,8.0,3.5,0,0,16.00%,0,0,2,1,1,0,6,0,1,0,0,0,0,1,0,3,0,0,0,1,0,0,0,0,0,0,0,0,0,0,0,0,0,0,0,0,0,0,0,0,0,0,0,0,0,0,0,0,0,0,0,0,0,0,0,0,0,0,0,0,0,0,0,0,0,0,0,0,0,0,0,0,0,0,
2024 - Bleaching,20/03/2024,Cape Cleveland,Chicken,CHI_B1,CHI_B1_S2,Slope,,MSP,8.0,3.5,0,0,15.00%,0,2,1,1,0,0,3,0,1,0,0,0,0,0,1,0,0,1,0,1,0,1,0,0,0,1,0,0,0,0,0,0,0,0,0,0,0,0,0,0,0,0,1,0,0,0,0,0,0,0,0,1,0,0,0,0,0,0,0,0,0,0,0,0,0,0,0,0,0,0,0,0,0,0,
2024 - Bleaching,20/03/2024,Cape Cleveland,Chicken,CHI_B1,CHI_B1_S3,Slope,,MSP,7.4,3.0,0,0,15.00%,0,0,2,1,0,0,1,3,1,0,0,0,0,1,2,1,0,0,0,0,0,1,1,0,0,0,0,0,0,1,0,0,0,0,0,0,0,0,0,0,0,0,0,0,0,0,0,0,0,0,0,0,0,0,0,0,0,0,0,0,0,0,0,0,0,0,0,0,0,0,0,0,0,0,
2024 - Bleaching,20/03/2024,Cape Cleveland,Chicken,CHI_B1,CHI_B1_C1,Crest,,MSP,1.1,2.5,0,0,28.00%,5,1,12,0,7,1,2,0,0,0,0,0,0,0,0,0,0,0,0,0,0,0,0,0,0,0,0,0,0,0,0,0,0,0,0,0,0,0,0,0,0,0,0,0,0,0,0,0,0,0,0,0,0,0,1,0,0,0,0,0,0,0,0,0,0,0,0,0,0,0,0,0,0,0,
2024 - Bleaching,20/03/2024,Cape Cleveland,Chicken,CHI_B1,CHI_B1_C2,Crest,,MSP,1.1,2.5,0,0,43.00%,22,4,14,0,2,0,0,0,0,0,0,0,0,0,0,0,1,0,0,0,0,0,0,0,0,0,0,0,0,0,0,0,0,0,0,0,0,0,0,0,0,0,0,0,0,0,0,0,0,0,0,0,0,0,1,0,0,0,0,0,0,0,0,0,0,0,0,0,0,0,0,0,0,0,
2024 - Bleaching,20/03/2024,Cape Cleveland,Chicken,CHI_B1,CHI_B1_C3,Crest,,MSP,1.1,2.5,0,0,57.00%,26,7,17,0,5,0,1,0,0,0,0,0,0,0,0,0,0,0,0,0,0,1,0,0,0,0,0,0,0,0,0,0,0,0,0,0,0,0,0,0,0,0,0,0,0,0,0,0,0,0,0,0,0,0,1,0,0,0,0,0,0,0,0,0,0,0,0,0,0,0,0,0,0,0,
2024 - Bleaching,20/03/2024,Cape Cleveland,Chicken,CHI_B2,CHI_B2_S1,Slope,,MSP,6.3,3.0,0,0,18.00%,0,4,2,2,2,0,0,0,3,0,0,0,0,0,1,0,0,0,0,0,0,1,3,0,0,0,0,0,0,0,0,0,0,0,0,0,0,0,0,0,0,0,0,0,0,0,0,0,0,0,0,0,0,0,0,0,0,0,1,0,0,0,0,0,0,0,0,0,0,0,0,0,0,0,
2024 - Bleaching,20/03/2024,Cape Cleveland,Chicken,CHI_B2,CHI_B2_S2,Slope,,MSP,7.5,3.0,0,0,12.00%,1,2,2,0,2,1,1,0,1,0,0,0,0,0,1,1,0,0,0,0,0,0,0,0,0,0,0,0,0,0,0,0,0,0,0,0,0,0,0,0,0,0,0,0,0,0,0,0,0,0,0,0,0,0,0,0,0,0,0,0,0,0,0,0,0,0,0,0,0,0,0,0,0,0,
2024 - Bleaching,20/03/2024,Cape Cleveland,Chicken,CHI_B2,CHI_B2_S3,Slope,,MSP,5.5,3.0,0,0,12.00%,1,1,1,0,3,1,0,0,2,1,0,0,0,0,2,0,0,0,0,0,0,0,0,0,0,0,0,0,0,0,0,0,0,0,0,0,0,0,0,0,0,0,0,0,0,0,0,0,0,0,0,0,0,0,0,0,0,0,0,0,0,0,0,0,0,0,0,0,0,0,0,0,0,0,
2024 - Bleaching,20/03/2024,Cape Cleveland,Chicken,CHI_B2,CHI_B2_C1,Crest,,MSP,1.0,2.5,0,0,38.00%,4,8,9,0,16,0,1,0,0,0,0,0,0,0,0,0,0,0,0,0,0,0,0,0,0,0,0,0,0,0,0,0,0,0,0,0,0,0,0,0,0,0,0,0,0,0,0,0,0,0,0,0,0,0,0,0,0,0,0,0,0,0,0,0,0,0,0,0,0,0,0,0,0,0,
2024 - Bleaching,20/03/2024,Cape Cleveland,Chicken,CHI_B2,CHI_B2_C2,Crest,,MSP,1.0,3.0,0,0,28.00%,9,4,5,0,8,0,1,0,0,0,0,0,0,0,0,0,1,0,0,0,0,0,0,0,0,0,0,0,0,0,0,0,0,0,0,0,0,0,0,0,0,0,0,0,0,0,0,0,0,0,0,0,0,0,0,0,0,0,0,0,0,0,0,0,0,0,0,0,0,0,0,0,0,0,
2024 - Bleaching,20/03/2024,Cape Cleveland,Chicken,CHI_B2,CHI_B2_C3,Crest,,MSP,1.0,3.0,0,0,40.00%,13,9,10,0,6,0,0,0,0,1,0,0,0,0,1,0,0,0,0,0,0,0,0,0,0,0,0,0,0,0,0,0,0,0,0,0,0,0,0,0,0,0,0,0,0,0,0,0,0,0,0,0,0,0,0,0,0,0,0,0,0,0,0,0,0,0,0,0,0,0,0,0,0,0,
2024 - Bleaching,24/03/2024,Lizard,Ribbon 8 ,RIB_B1,RIB_B1_S1,Slope,1,Morgan,8,3.0,0,0,25.00%,0,0,4,0,0,1,3,0,1,13,0,0,0,0,0,0,0,2,0,0,0,0,0,0,1,0,0,0,0,0,0,0,0,0,0,0,0,0,0,0,0,0,0,0,0,0,0,0,0,0,0,0,0,3,1,0,1,0,0,0,0,0,0,0,0,0,0,0,0,0,0,0,0,0,
2024 - Bleaching,24/03/2024,Lizard,Ribbon 8 ,RIB_B1,RIB_B1_S2,Slope,2,Morgan,8,3.0,0,0,21.00%,0,1,5,2,0,2,2,0,0,7,0,0,0,0,0,1,0,0,0,0,0,0,1,0,0,0,0,0,0,0,0,0,0,0,0,0,0,0,0,0,0,0,0,0,0,0,0,0,0,0,0,0,0,0,0,0,1,0,0,0,0,0,0,0,0,0,0,0,0,0,0,0,0,2,
2024 - Bleaching,24/03/2024,Lizard,Ribbon 8 ,RIB_B1,RIB_B1_S3,Slope,3,Morgan,8,2.5,0,0,29.00%,0,0,6,2,0,2,2,1,2,4,3,0,0,0,1,0,0,5,0,0,0,0,0,0,1,0,0,0,0,0,0,0,0,0,0,0,0,0,0,0,0,0,0,0,0,0,0,0,0,0,0,0,0,3,0,0,0,0,0,0,0,0,0,0,0,1,0,0,0,0,0,0,0,0,
2024 - Bleaching,24/03/2024,Lizard,Ribbon 8 ,RIB_B1,RIB_B1_C1,Crest,1,Morgan,2.4,2.0,0,0,32.00%,2,0,8,0,0,0,7,0,3,9,0,0,0,0,0,0,0,0,0,0,0,0,0,0,1,0,0,0,0,1,0,0,0,0,0,0,0,0,0,0,0,0,1,0,0,0,0,0,0,0,0,0,0,2,2,2,0,0,0,0,0,0,0,0,0,0,0,0,0,0,0,0,0,0,
2024 - Bleaching,24/03/2024,Lizard,Ribbon 8 ,RIB_B1,RIB_B1_C2,Crest,2,Morgan,2.1,2.0,0,0,32.00%,3,0,15,0,0,0,3,0,2,3,0,0,0,0,2,0,0,4,0,0,0,0,0,0,0,0,0,0,0,0,0,0,0,0,0,0,0,0,0,0,0,0,0,0,0,0,0,0,0,0,0,0,0,0,2,2,0,0,0,0,0,0,0,0,0,0,0,0,0,0,0,0,0,0,
2024 - Bleaching,24/03/2024,Lizard,Ribbon 8 ,RIB_B1,RIB_B1_C3,Crest,3,Morgan,2.1,2.0,0,0,41.00%,13,0,13,1,0,0,5,0,0,3,0,0,0,0,1,0,0,4,0,1,0,0,0,0,0,0,0,0,0,0,0,0,0,0,0,0,0,0,0,0,0,0,0,0,0,0,0,0,0,0,0,0,0,0,1,1,0,0,0,0,0,0,0,0,0,0,0,0,0,0,0,3,0,0,
2024 - Bleaching,24/03/2024,Lizard,Ribbon 8 ,RIB_B2,RIB_B2_S1,Slope,1,Morgan,7,3.0,0,0,26.00%,2,1,6,0,0,3,1,0,0,6,0,0,0,0,2,1,0,0,0,0,0,0,0,0,3,0,0,0,0,0,0,0,0,0,0,0,0,0,0,0,0,0,0,1,0,0,0,0,0,0,0,0,0,0,1,4,0,0,3,0,0,0,0,0,0,4,0,0,0,0,0,0,0,0,
2024 - Bleaching,24/03/2024,Lizard,Ribbon 8 ,RIB_B2,RIB_B2_S2,Slope,2,Morgan,6,2.5,0,0,28.00%,2,3,8,2,0,1,3,0,0,4,0,0,0,0,0,0,0,1,0,0,0,1,0,1,1,0,0,0,0,0,0,0,0,1,0,0,0,0,0,0,0,0,0,0,0,0,0,0,0,0,0,0,0,1,2,2,0,0,0,0,0,0,0,0,0,7,0,0,0,0,0,0,0,0,
2024 - Bleaching,24/03/2024,Lizard,Ribbon 8 ,RIB_B2,RIB_B2_S3,Slope,3,Morgan,5,2.0,0,0,31.00%,15,0,8,1,1,0,0,0,1,2,0,0,0,0,0,1,1,1,0,0,0,0,0,0,0,0,0,0,0,0,0,0,0,0,0,0,0,0,0,0,0,0,0,0,0,0,0,0,0,0,0,0,0,3,1,0,0,0,0,0,0,0,0,0,0,0,0,0,0,0,0,0,0,0,
2024 - Bleaching,24/03/2024,Lizard,Ribbon 8 ,RIB_B2,RIB_B2_C1,Crest,1,Morgan,2,2.5,0,0,33.00%,8,3,7,0,1,0,1,0,0,6,0,0,0,0,1,0,1,3,0,0,2,0,0,0,0,0,0,0,0,0,0,0,0,0,0,0,0,0,0,0,0,0,0,0,0,0,0,0,0,0,0,0,0,0,0,0,0,0,0,0,0,0,0,0,0,1,0,0,0,0,0,0,0,0,
2024 - Bleaching,24/03/2024,Lizard,Ribbon 8 ,RIB_B2,RIB_B2_C2,Crest,2,Morgan,2,2.5,0,0,32.00%,3,1,16,0,1,0,2,0,0,3,0,0,0,0,2,0,0,0,0,0,0,1,0,0,0,0,0,0,1,1,0,0,0,1,0,0,0,0,0,0,0,0,0,0,0,0,0,0,0,0,0,0,0,2,1,0,0,0,0,1,0,0,0,0,0,0,0,0,0,0,0,0,0,0,
2024 - Bleaching,24/03/2024,Lizard,Ribbon 8 ,RIB_B2,RIB_B2_C3,Crest,3,Morgan,2,2.5,0,0,31.00%,13,1,4,0,1,0,4,0,1,4,0,0,0,0,0,0,0,2,0,1,0,0,0,0,0,0,0,0,0,0,0,0,0,0,0,0,0,0,0,0,0,0,0,0,0,0,0,0,0,0,0,0,0,1,3,0,0,0,0,1,0,0,0,0,0,0,0,0,0,0,0,0,0,0,
2024 - Bleaching,24/03/2024,Lizard,Ribbon 8 ,RIB_B3,RIB_B3_S1,Slope,1,Morgan,8.5,3.5,0,0,27.00%,0,0,1,1,1,4,6,0,1,5,0,0,0,0,1,0,2,3,0,0,0,0,0,0,0,0,0,0,0,0,0,0,0,0,0,0,0,0,0,0,0,0,0,1,1,0,0,0,0,0,0,0,0,2,0,1,2,0,0,0,0,0,0,0,0,0,0,0,0,0,0,0,0,0,
2024 - Bleaching,24/03/2024,Lizard,Ribbon 8 ,RIB_B3,RIB_B3_S2,Slope,2,Morgan,8,3.5,0,0,20.00%,1,0,5,0,0,1,3,0,2,4,0,0,0,0,0,1,0,1,0,0,0,0,0,0,0,0,0,0,0,0,0,0,0,1,0,0,0,0,0,0,0,0,0,0,0,1,0,0,0,0,0,0,0,3,2,1,0,0,0,0,0,0,0,0,0,0,0,0,0,0,0,1,0,0,
2024 - Bleaching,24/03/2024,Lizard,Ribbon 8 ,RIB_B3,RIB_B3_S3,Slope,3,Morgan,8,3.5,0,0,32.00%,0,7,8,1,0,3,5,0,1,5,0,0,0,0,0,0,1,1,0,0,0,0,0,0,0,0,0,0,0,0,0,0,0,0,0,0,0,0,0,0,0,0,0,0,0,0,0,0,0,0,0,0,0,1,0,0,0,0,1,0,0,0,0,0,0,0,0,0,0,0,0,0,0,0,
2024 - Bleaching,24/03/2024,Lizard,Ribbon 8 ,RIB_B3,RIB_B3_C1,Crest,1,Morgan,2,3.0,0,0,9.00%,0,0,2,0,0,0,3,0,0,3,0,0,0,0,0,0,0,1,0,0,0,0,0,0,0,0,0,0,0,0,0,0,0,0,0,0,0,0,0,0,0,0,0,0,0,0,0,0,0,0,0,0,0,2,2,2,0,0,0,0,6,0,0,0,0,0,0,0,0,0,0,1,0,0,
2024 - Bleaching,24/03/2024,Lizard,Ribbon 8 ,RIB_B3,RIB_B3_C2,Crest,2,Morgan,2,2.5,0,0,21.00%,2,0,4,0,0,0,10,0,1,2,0,0,0,0,1,0,0,0,0,1,0,0,0,0,0,0,0,0,0,0,0,0,0,0,0,0,0,0,0,0,0,0,0,0,0,0,0,0,0,0,0,0,0,2,4,0,0,0,0,0,0,0,0,0,0,0,0,0,0,0,0,0,0,0,
2024 - Bleaching,24/03/2024,Lizard,Ribbon 8 ,RIB_B3,RIB_B3_C3,Crest,3,Morgan,2,2.5,0,0,23.00%,1,1,5,0,1,1,9,0,2,2,0,0,0,1,0,0,0,0,0,0,0,0,0,0,0,0,0,0,0,0,0,0,0,0,0,0,0,0,0,0,0,0,0,0,0,0,0,0,0,0,0,0,0,1,8,0,0,0,0,0,3,0,0,0,0,0,0,0,0,0,0,0,0,0,
2024 - Bleaching,24/03/2024,Lizard,North Direction,NOR_B1,NOR_B1_S1,Slope,1,Morgan,7.5,3.5,0,0,28.00%,1,10,11,0,0,0,2,1,0,0,0,0,0,0,0,2,0,0,0,0,0,0,0,0,0,0,0,0,0,0,0,0,0,0,0,0,0,0,0,0,0,0,0,0,0,1,0,0,0,0,0,0,0,0,1,1,0,0,0,0,0,0,0,0,0,0,0,0,0,0,0,0,0,0,
2024 - Bleaching,24/03/2024,Lizard,North Direction,NOR_B1,NOR_B1_S2,Slope,2,Morgan,6.4,3.0,0,0,42.00%,4,10,19,0,0,0,2,3,2,0,0,0,0,0,0,2,0,0,0,0,0,0,0,0,0,0,0,0,0,0,0,0,0,0,0,0,0,0,0,0,0,0,0,0,0,0,0,0,0,0,0,0,0,0,1,0,0,0,0,0,0,0,0,0,0,0,0,0,0,0,0,0,0,2,
2024 - Bleaching,24/03/2024,Lizard,North Direction,NOR_B1,NOR_B1_S3,Slope,3,Morgan,6,3.5,0,0,67.00%,13,13,39,0,0,0,0,0,0,0,0,0,0,0,0,1,0,0,0,0,0,1,0,0,0,0,0,0,0,0,0,0,0,0,0,0,0,0,0,0,0,0,0,0,0,0,0,0,0,0,0,0,0,1,0,2,0,0,0,0,0,0,0,0,0,0,0,0,0,0,0,0,0,3,
2024 - Bleaching,24/03/2024,Lizard,North Direction,NOR_B1,NOR_B1_C1,Crest,1,Morgan,1,3.0,0,0,72.00%,44,8,17,0,0,0,1,0,0,0,0,0,0,0,0,0,0,1,0,1,0,0,0,0,0,0,0,0,0,0,0,0,0,0,0,0,0,0,0,0,0,0,0,0,0,0,0,0,0,0,0,0,0,0,2,0,0,0,0,0,0,0,0,0,0,0,0,0,0,0,0,0,0,0,
2024 - Bleaching,24/03/2024,Lizard,North Direction,NOR_B1,NOR_B1_C2,Crest,2,Morgan,1.6,3.0,0,0,67.00%,36,10,20,0,1,0,0,0,0,0,0,0,0,0,0,0,0,0,0,0,0,0,0,0,0,0,0,0,0,0,0,0,0,0,0,0,0,0,0,0,0,0,0,0,0,0,0,0,0,0,0,0,0,0,0,0,0,0,0,0,0,0,0,0,0,0,0,0,0,0,0,0,0,0,
2024 - Bleaching,24/03/2024,Lizard,North Direction,NOR_B1,NOR_B1_C3,Crest,3,Morgan,1,3.0,0,0,67.00%,46,7,13,0,0,0,0,0,0,0,0,0,0,0,0,0,0,0,1,0,0,0,0,0,0,0,0,0,0,0,0,0,0,0,0,0,0,0,0,0,0,0,0,0,0,0,0,0,0,0,0,0,0,0,1,0,0,0,0,0,0,0,0,0,0,0,0,0,0,0,0,0,0,0,
2024 - Bleaching,24/03/2024,Lizard,North Direction,NOR_B2,NOR_B2_S1,Slope,1,Morgan,5,3.5,0,0,29.00%,1,6,3,0,2,0,2,0,3,4,0,0,0,0,0,3,0,0,0,1,0,1,0,0,0,0,0,0,0,0,0,0,0,0,0,0,0,0,0,0,0,0,2,1,0,0,0,0,0,0,0,0,0,0,1,1,0,0,0,0,0,0,0,0,0,1,0,0,0,0,0,0,0,0,
2024 - Bleaching,24/03/2024,Lizard,North Direction,NOR_B2,NOR_B2_S2,Slope,2,Morgan,5,3.5,0,0,43.00%,0,10,10,0,0,1,5,0,5,1,1,0,0,0,1,2,1,1,0,3,0,1,0,0,0,0,0,0,0,0,0,0,0,0,0,0,0,0,0,0,0,0,1,0,0,0,0,0,0,0,0,0,0,0,1,1,0,0,0,0,0,0,1,0,0,0,0,0,0,0,0,0,0,0,
2024 - Bleaching,24/03/2024,Lizard,North Direction,NOR_B2,NOR_B2_S3,Slope,3,Morgan,5.7,3.0,0,0,41.00%,6,8,19,0,0,0,1,0,4,0,0,0,0,0,0,0,1,0,0,0,0,0,0,0,1,0,0,0,0,1,0,0,0,0,0,0,0,0,0,0,0,0,0,0,0,0,0,0,0,0,0,0,0,0,0,1,0,0,1,0,0,0,0,0,0,0,0,0,0,0,0,0,0,0,
2024 - Bleaching,24/03/2024,Lizard,North Direction,NOR_B2,NOR_B2_C1,Crest,1,Morgan,1,3.0,0,0,51.00%,32,5,9,0,0,1,2,0,0,0,0,0,0,0,0,1,0,0,0,0,0,0,0,0,0,0,0,0,0,1,0,0,0,0,0,0,0,0,0,0,0,0,0,0,0,0,0,0,0,0,0,0,0,0,2,0,0,0,0,0,0,0,0,0,0,0,0,0,0,0,0,0,0,0,
2024 - Bleaching,24/03/2024,Lizard,North Direction,NOR_B2,NOR_B2_C2,Crest,2,Morgan,1,3.0,0,0,65.00%,31,22,8,0,0,0,2,1,0,0,0,0,0,0,0,1,0,0,0,0,0,0,0,0,0,0,0,0,0,0,0,0,0,0,0,0,0,0,0,0,0,0,0,0,0,0,0,0,0,0,0,0,0,0,1,0,0,0,0,0,0,0,0,0,0,0,0,0,0,0,0,0,0,0,
2024 - Bleaching,24/03/2024,Lizard,North Direction,NOR_B2,NOR_B2_C3,Crest,3,Morgan,1,3.5,0,0,79.00%,53,7,14,0,0,0,3,0,0,0,0,0,0,0,0,0,1,0,1,0,0,0,0,0,0,0,0,0,0,0,0,0,0,0,0,0,0,0,0,0,0,0,0,0,0,0,0,0,0,0,0,0,0,0,0,1,0,0,0,0,0,0,0,0,0,0,0,0,0,0,0,0,0,0,
2024 - Bleaching,25/03/2024,Princess Charlotte Bay,Davie,PCD_B1,PCD_B1_S1,Slope,1,Morgan,5.6,2.0,0,0,15.00%,0,0,2,0,0,3,1,0,0,6,0,0,0,0,0,0,1,0,0,0,0,0,0,0,0,0,0,0,0,0,0,0,0,0,0,0,0,0,0,0,0,0,0,0,2,0,0,0,0,0,0,0,0,1,0,0,0,0,0,0,0,0,0,0,0,0,0,0,0,0,0,0,0,0,
2024 - Bleaching,25/03/2024,Princess Charlotte Bay,Davie,PCD_B1,PCD_B1_S2,Slope,2,Morgan,6.2,2.0,0,0,17.00%,0,0,1,0,0,3,1,0,0,6,0,0,0,0,0,1,1,0,0,0,0,1,0,0,0,1,1,0,0,0,0,0,0,0,0,0,0,0,0,0,0,0,0,0,1,0,0,0,0,0,0,0,0,0,0,0,0,0,0,0,0,0,0,0,0,0,0,0,0,0,0,0,0,0,
2024 - Bleaching,25/03/2024,Princess Charlotte Bay,Davie,PCD_B1,PCD_B1_S3,Slope,3,Morgan,5.8,2.5,0,0,14.00%,0,1,1,3,1,3,0,0,0,2,0,0,0,0,0,1,0,1,0,0,0,0,0,0,0,0,0,0,0,0,0,0,0,0,0,0,0,0,1,0,0,0,0,0,0,0,0,0,0,0,0,0,0,3,0,0,0,0,0,0,0,0,0,0,0,0,0,0,0,0,0,0,0,0,
2024 - Bleaching,25/03/2024,Princess Charlotte Bay,Davie,PCD_B1,PCD_B1_C1,Crest,1,Morgan,2.3,2.0,0,0,18.00%,0,0,5,0,3,2,4,0,0,1,0,0,0,0,0,0,0,1,0,0,0,1,0,0,1,0,0,0,0,0,0,0,0,0,0,0,0,0,0,0,0,0,0,0,0,0,0,0,0,0,0,0,0,0,1,0,0,0,0,0,0,0,0,0,0,0,0,0,0,0,0,0,0,0,
2024 - Bleaching,25/03/2024,Princess Charlotte Bay,Davie,PCD_B1,PCD_B1_C2,Crest,2,Morgan,2.4,2.0,0,0,21.00%,0,0,12,0,3,3,1,0,0,0,0,0,0,0,0,0,0,1,0,1,0,0,0,0,0,0,0,0,0,0,0,0,0,0,0,0,0,0,0,0,0,0,0,0,0,0,0,0,0,0,0,0,0,1,4,0,0,0,1,0,1,0,0,0,0,0,0,0,0,0,0,0,0,0,
2024 - Bleaching,25/03/2024,Princess Charlotte Bay,Davie,PCD_B1,PCD_B1_C3,Crest,3,Morgan,2.3,2.0,0,0,20.00%,0,0,4,0,7,0,2,0,0,1,0,0,0,2,0,0,0,3,0,0,0,0,0,0,0,0,0,0,0,1,0,0,0,0,0,0,0,0,0,0,0,0,0,0,0,0,0,0,0,0,0,0,0,0,0,0,0,0,0,0,0,0,0,0,0,0,0,0,0,0,0,0,0,0,
2024 - Bleaching,25/03/2024,Princess Charlotte Bay,Davie,PCD_B2,PCD_B2_S1,Slope,1,Morgan,8,3.0,0,0,21.00%,3,0,5,0,0,0,4,0,0,3,0,1,0,0,1,0,0,0,0,0,0,1,0,0,3,0,0,0,0,0,0,0,0,0,0,0,0,0,0,0,0,0,0,0,0,0,0,0,0,0,0,0,0,0,0,1,0,0,0,0,0,0,0,0,0,0,0,0,0,0,0,0,0,0,
2024 - Bleaching,25/03/2024,Princess Charlotte Bay,Davie,PCD_B2,PCD_B2_S2,Slope,2,Morgan,8,3.0,0,0,20.00%,2,0,6,0,1,3,1,0,0,2,0,0,0,0,1,0,0,0,0,0,0,0,0,0,3,1,0,0,0,0,0,0,0,0,0,0,0,0,0,0,0,0,0,0,0,0,0,0,0,0,0,0,0,1,0,1,0,0,0,0,0,0,0,0,0,0,0,0,0,0,0,0,0,0,
2024 - Bleaching,25/03/2024,Princess Charlotte Bay,Davie,PCD_B2,PCD_B2_S3,Slope,3,Morgan,8,3.0,0,0,24.00%,0,0,4,0,2,6,3,0,1,2,0,0,0,0,1,0,0,0,0,0,0,1,0,0,0,0,0,1,0,0,0,0,0,0,0,0,0,0,0,0,0,0,0,1,1,0,0,0,0,1,0,0,0,0,0,0,0,0,0,0,0,0,0,0,0,1,0,0,0,0,0,0,0,0,
2024 - Bleaching,25/03/2024,Princess Charlotte Bay,Davie,PCD_B2,PCD_B2_C1,Crest,1,Morgan,2.5,2.5,0,0,31.00%,2,0,12,0,2,0,3,0,0,4,0,0,0,0,0,0,3,5,0,0,0,0,0,0,0,0,0,0,0,0,0,0,0,0,0,0,0,0,0,0,0,0,0,0,0,0,0,0,0,0,0,0,0,0,6,3,3,0,0,0,1,0,0,0,0,0,0,0,0,0,0,0,0,0,
2024 - Bleaching,25/03/2024,Princess Charlotte Bay,Davie,PCD_B2,PCD_B2_C2,Crest,2,Morgan,2.3,2.0,0,0,32.00%,1,1,13,1,2,5,2,0,0,2,0,0,0,0,0,0,0,2,2,0,0,0,0,0,0,0,0,0,0,1,0,0,0,0,0,0,0,0,0,0,0,0,0,0,0,0,0,0,0,0,0,0,0,0,5,9,0,0,0,0,1,0,0,0,0,0,0,0,0,0,0,0,0,0,
2024 - Bleaching,25/03/2024,Princess Charlotte Bay,Davie,PCD_B2,PCD_B2_C3,Crest,3,Morgan,2.1,2.0,0,0,29.00%,1,0,12,0,1,2,7,0,0,1,0,0,0,1,0,0,2,1,0,0,0,0,0,0,0,1,0,0,0,0,0,0,0,0,0,0,0,0,0,0,0,0,0,0,0,0,0,0,0,0,0,0,0,0,0,0,0,0,0,0,0,0,0,0,0,0,0,0,0,0,0,0,0,0,
2024 - Bleaching,25/03/2024,Princess Charlotte Bay,Davie,PCD_B3,PCD_B3_S1,Slope,1,Morgan,8,4.0,0,0,39.00%,2,2,6,0,0,2,5,0,0,12,2,0,0,0,1,1,1,2,0,0,0,0,0,2,0,0,0,0,0,0,0,0,0,0,0,0,0,0,0,0,0,0,0,0,0,1,0,0,0,0,0,0,0,0,0,0,0,0,0,0,0,0,0,0,0,0,0,0,0,0,0,0,0,0,
2024 - Bleaching,25/03/2024,Princess Charlotte Bay,Davie,PCD_B3,PCD_B3_S2,Slope,2,Morgan,7,3.5,0,0,32.00%,1,1,3,0,0,4,0,0,1,10,0,0,0,0,4,0,0,0,0,1,0,0,0,0,5,0,0,0,0,1,0,0,0,0,0,0,0,0,0,0,0,0,0,0,1,0,0,0,0,0,0,0,0,0,0,0,0,0,0,0,0,0,0,0,0,0,0,0,0,0,0,0,0,0,
2024 - Bleaching,25/03/2024,Princess Charlotte Bay,Davie,PCD_B3,PCD_B3_S3,Slope,3,Morgan,7,4.0,0,0,36.00%,1,2,9,0,0,4,7,0,3,2,0,0,0,1,1,0,0,3,0,0,0,0,0,0,1,0,0,0,0,0,0,0,0,0,0,0,0,0,0,0,0,0,0,1,0,0,1,0,0,0,0,0,0,0,1,0,0,0,0,0,0,0,0,0,0,0,0,0,0,0,0,0,0,0,
2024 - Bleaching,25/03/2024,Princess Charlotte Bay,Davie,PCD_B3,PCD_B3_C1,Crest,1,Morgan,2.6,2.0,0,0,42.00%,5,1,19,0,1,0,2,0,2,5,0,0,0,0,1,0,0,3,0,0,0,1,0,0,1,0,1,0,0,0,0,0,0,0,0,0,0,0,0,0,0,0,0,0,0,0,0,0,0,0,0,0,0,0,0,0,0,0,0,0,0,0,0,0,0,0,0,0,0,0,0,1,0,0,
2024 - Bleaching,25/03/2024,Princess Charlotte Bay,Davie,PCD_B3,PCD_B3_C2,Crest,2,Morgan,2.6,2.0,0,0,23.00%,5,1,12,0,0,0,1,0,0,0,0,1,0,0,0,0,1,1,0,0,0,1,0,0,0,0,0,0,0,0,0,0,0,0,0,0,0,0,0,0,0,0,0,0,0,0,0,0,0,0,0,0,0,0,2,0,0,0,1,0,0,0,0,0,0,0,0,0,0,0,0,1,0,0,
2024 - Bleaching,25/03/2024,Princess Charlotte Bay,Davie,PCD_B3,PCD_B3_C3,Crest,3,Morgan,2.1,1.0,0,0,17.00%,7,0,6,0,1,0,1,0,0,2,0,0,0,0,0,0,0,0,0,0,0,0,0,0,0,0,0,0,0,0,0,0,0,0,0,0,0,0,0,0,0,0,0,0,0,0,0,0,0,0,0,0,0,1,0,0,0,0,1,0,0,0,0,0,0,0,0,0,0,0,0,1,0,0,
2024 - Bleaching,26/03/2024,Cape Grenville,Three Reefs,THR_B1,THR_B1_S1,Slope,1,Morgan,8.6,4.0,0,0,29.00%,0.00%,0,7,0,4,3,0,1,1,5,2,0,0,0,0,1,0,3,0,0,0,0,1,0,0,0,0,0,0,0,0,0,0,0,0,0,0,0,0,0,0,0,0,0,1,0,0,0,0,0,0,0,0,0,0,0,0,0,0,0,0,0,0,0,0,1,0,0,0,0,0,0,0,0,
2024 - Bleaching,26/03/2024,Cape Grenville,Three Reefs,THR_B1,THR_B1_S2,Slope,2,Morgan,8.3,3.0,0,0,30.00%,4,2,6,0,0,5,5,0,1,0,1,0,0,0,0,2,1,1,0,0,0,0,0,0,1,0,0,0,0,1,0,0,0,0,0,0,0,0,0,0,0,0,0,0,0,0,0,0,0,0,0,0,0,1,0,0,0,0,0,0,0,0,0,0,0,0,0,0,0,0,0,0,0,2,
2024 - Bleaching,26/03/2024,Cape Grenville,Three Reefs,THR_B1,THR_B1_S3,Slope,3,Morgan,8.8,3.0,0,0,37.00%,2,20,3,0,0,0,3,0,0,3,3,0,0,0,0,1,0,1,0,0,0,0,1,0,0,0,0,0,0,0,0,0,0,0,0,0,0,0,0,0,0,0,0,0,0,0,0,0,0,0,0,0,0,0,0,0,0,0,0,0,0,0,0,0,0,0,0,0,0,0,0,0,0,4,
2024 - Bleaching,26/03/2024,Cape Grenville,Three Reefs,THR_B1,THR_B1_C1,Crest,1,Morgan,1.9,2.5,0,0,53.00%,4,2,23,0,18,1,2,0,0,0,0,0,0,0,2,0,0,1,0,0,0,0,0,0,0,0,0,0,0,0,0,0,0,0,0,0,0,0,0,0,0,0,0,0,0,0,0,0,0,0,0,0,0,0,0,0,0,0,0,0,0,0,0,0,0,0,0,0,0,0,0,0,0,0,
2024 - Bleaching,26/03/2024,Cape Grenville,Three Reefs,THR_B1,THR_B1_C2,Crest,2,Morgan,1.9,3.0,0,0,50.00%,5,0,15,0,22,2,2,0,0,1,0,0,0,0,0,1,1,0,0,0,0,0,0,0,0,0,0,0,0,1,0,0,0,0,0,0,0,0,0,0,0,0,0,0,0,0,0,0,0,0,0,0,0,0,0,0,0,0,0,0,0,0,0,0,0,0,0,0,0,0,0,0,0,0,
2024 - Bleaching,26/03/2024,Cape Grenville,Three Reefs,THR_B1,THR_B1_C3,Crest,3,Morgan,1.8,2.5,0,0,56.00%,1,2,13,0,11,7,3,0,4,3,0,0,0,0,3,0,2,2,0,1,0,1,0,0,0,0,0,0,2,1,0,0,0,0,0,0,0,0,0,0,0,0,0,0,0,0,0,0,0,0,0,0,0,0,1,1,0,0,0,0,0,0,0,0,0,0,0,0,0,0,0,0,0,0,
2024 - Bleaching,26/03/2024,Cape Grenville,Three Reefs,THR_B2,THR_B2_S1,Slope,1,Morgan,6.6,2.5,0,0,34.00%,1,2,6,0,1,3,1,0,5,3,0,0,0,0,4,0,1,4,0,0,0,2,0,0,1,0,0,0,0,0,0,0,0,0,0,0,0,0,0,0,0,0,0,0,0,0,0,0,0,0,0,0,0,0,0,0,0,0,0,0,0,0,0,0,0,0,0,0,0,0,3,1,0,0,
2024 - Bleaching,26/03/2024,Cape Grenville,Three Reefs,THR_B2,THR_B2_S2,Slope,2,Morgan,6.6,3.0,0,0,34.00%,0,0,8,0,10,1,0,5,2,2,1,0,0,0,0,0,0,2,0,0,0,2,0,1,0,0,0,0,0,0,0,0,0,0,0,0,0,0,0,0,0,0,0,0,0,0,0,0,0,0,0,0,0,0,0,0,0,0,1,0,0,0,0,0,0,0,0,0,0,0,0,0,0,0,
2024 - Bleaching,26/03/2024,Cape Grenville,Three Reefs,THR_B2,THR_B2_S3,Slope,3,Morgan,6.0,2.5,0,0,37.00%,0,0,3,0,16,0,2,6,6,0,1,0,0,0,1,0,0,1,0,0,0,0,0,0,0,0,1,0,0,0,0,0,0,0,0,0,0,0,0,0,0,0,0,0,0,0,0,0,0,0,0,0,0,0,0,0,0,0,0,0,0,0,0,0,0,0,0,0,0,0,0,0,0,0,
2024 - Bleaching,26/03/2024,Cape Grenville,Three Reefs,THR_B2,THR_B2_C1,Crest,1,Morgan,1.8,3.0,0,0,50.00%,1,0,27,0,8,0,1,0,7,0,0,0,0,0,2,0,1,2,0,0,0,1,0,0,0,0,0,0,0,0,0,0,0,0,0,0,0,0,0,0,0,0,0,0,0,0,0,0,0,0,0,0,0,0,0,0,0,0,0,0,0,0,0,0,0,0,0,0,0,0,2,1,0,0,
2024 - Bleaching,26/03/2024,Cape Grenville,Three Reefs,THR_B2,THR_B2_C2,Crest,2,Morgan,1.9,3.0,0,0,49.00%,2,1,28,0,7,0,0,0,2,4,0,0,0,0,1,0,0,2,0,0,0,2,0,0,0,0,0,0,0,0,0,0,0,0,0,0,0,0,0,0,0,0,0,0,0,0,0,0,0,0,0,0,0,0,1,0,0,0,0,0,0,0,0,0,0,0,0,0,0,0,0,6,0,0,
2024 - Bleaching,26/03/2024,Cape Grenville,Three Reefs,THR_B2,THR_B2_C3,Crest,3,Morgan,1.9,3.0,0,0,49.00%,3,1,17,0,14,0,3,0,1,5,0,0,0,0,1,0,0,2,0,0,0,0,0,0,0,0,0,0,0,2,0,0,0,0,0,0,0,0,0,0,0,0,0,0,0,0,0,0,0,0,0,0,0,0,1,0,0,0,0,0,0,0,0,0,0,0,0,0,0,0,0,1,0,0,
2024 - Bleaching,26/03/2024,Cape Grenville,Three Reefs,THR_B3,THR_B3_S1,Slope,1,Morgan,6.2,2.5,0,0,25.00%,1,1,1,2,2,3,2,0,2,2,0,0,0,0,1,0,2,4,0,1,0,1,0,0,0,0,0,0,0,0,0,0,0,0,0,0,0,0,0,0,0,0,0,0,0,0,0,0,0,0,0,0,0,0,1,0,2,0,0,0,1,0,0,0,0,1,0,0,0,0,0,0,0,2,
2024 - Bleaching,26/03/2024,Cape Grenville,Three Reefs,THR_B3,THR_B3_S2,Slope,2,Morgan,5.0,2.5,0,0,36.00%,2,0,7,1,6,6,1,0,7,0,0,1,0,0,0,0,2,2,0,0,0,0,0,0,0,0,0,0,0,1,0,0,0,0,0,0,0,0,0,0,0,0,0,0,0,0,0,0,0,0,0,0,0,0,1,0,0,0,0,0,0,0,0,0,0,0,0,0,0,0,0,0,0,4,
2024 - Bleaching,26/03/2024,Cape Grenville,Three Reefs,THR_B3,THR_B3_S3,Slope,3,Morgan,7.0,3.0,0,0,37.00%,0,0,4,0,0,2,2,3,8,0,0,0,0,0,3,1,2,4,0,2,0,3,0,0,1,0,0,0,0,1,0,0,0,1,0,0,0,0,0,0,0,0,0,0,0,0,0,0,0,0,0,0,0,0,0,0,0,0,0,0,0,0,0,0,0,2,0,0,0,0,0,1,0,0,
2024 - Bleaching,26/03/2024,Cape Grenville,Three Reefs,THR_B3,THR_B3_C1,Crest,1,Morgan,2.0,1.5,0,0,38.00%,3,0,23,0,5,1,2,0,0,1,0,0,0,1,1,0,0,0,0,0,0,0,0,0,0,0,0,0,1,0,0,0,0,0,0,0,0,0,0,0,0,0,0,0,0,0,0,0,0,0,0,0,0,0,0,0,0,0,0,0,0,0,0,0,0,0,0,0,0,0,0,0,0,0,
2024 - Bleaching,26/03/2024,Cape Grenville,Three Reefs,THR_B3,THR_B3_C2,Crest,2,Morgan,2.0,2.0,0,0,50.00%,3,2,34,0,3,0,0,0,4,1,0,0,0,0,1,0,0,1,0,0,0,0,0,0,0,0,0,0,0,1,0,0,0,0,0,0,0,0,0,0,0,0,0,0,0,0,0,0,0,0,0,0,0,0,0,0,0,0,0,0,0,0,0,0,0,0,0,0,0,0,0,0,0,0,
2024 - Bleaching,26/03/2024,Cape Grenville,Three Reefs,THR_B3,THR_B3_C3,Crest,3,Morgan,2.0,2.5,0,0,49.00%,4,0,32,0,6,0,1,0,1,1,0,0,0,0,0,0,0,0,0,2,0,1,0,0,0,0,0,0,1,0,0,0,0,0,0,0,0,0,0,0,0,0,0,0,0,0,0,0,0,0,0,0,0,0,0,0,0,0,0,0,0,0,0,0,0,0,0,0,0,0,0,1,0,0,
2024 - Bleaching,27/03/2024,Cape Grenville,Monsoon,MON_B1,MON_B1_S1,Slope,1,Morgan,4.2,2.5,0,0,15.00%,1,0,0,0,0,0,0,0,0,9,0,0,0,0,0,0,0,1,0,0,0,1,0,0,0,0,0,0,0,0,0,0,0,0,0,0,0,0,0,0,0,0,0,0,0,0,0,0,3,0,0,0,0,0,2,0,0,0,0,0,0,0,0,0,0,0,0,0,0,0,0,0,0,0,
2024 - Bleaching,27/03/2024,Cape Grenville,Monsoon,MON_B1,MON_B1_S2,Slope,2,Morgan,5.7,2.0,0,0,10.00%,0,0,1,0,0,0,0,0,0,2,2,0,0,0,0,0,0,0,0,1,0,1,1,0,0,0,0,0,0,0,0,0,1,0,0,0,0,0,0,0,0,0,0,0,0,0,0,0,1,0,0,0,0,0,1,0,0,0,0,0,0,0,0,0,0,0,0,0,0,0,0,0,0,0,
2024 - Bleaching,27/03/2024,Cape Grenville,Monsoon,MON_B1,MON_B1_S3,Slope,3,Morgan,5.2,2.0,0,0,19.00%,0,1,1,0,2,0,1,0,0,7,0,0,0,0,1,1,0,0,0,1,0,3,0,0,1,0,0,0,0,0,0,0,0,0,0,0,0,0,0,0,0,0,0,0,0,0,0,0,0,0,0,0,0,0,2,1,0,0,0,0,0,0,0,0,0,0,0,0,0,0,0,0,0,0,
2024 - Bleaching,27/03/2024,Cape Grenville,Monsoon,MON_B1,MON_B1_C1,Crest,1,Morgan,2.5,1.5,0,0,19.00%,2,5,6,0,0,1,1,0,0,0,0,2,0,0,0,0,0,1,0,0,0,0,1,0,0,0,0,0,0,0,0,0,0,0,0,0,0,0,0,0,0,0,0,0,0,0,0,0,0,0,0,0,0,0,0,0,0,0,0,0,0,0,0,0,0,0,0,0,0,0,0,0,0,0,
2024 - Bleaching,27/03/2024,Cape Grenville,Monsoon,MON_B1,MON_B1_C2,Crest,2,Morgan,2.5,2.0,0,0,16.00%,4,3,5,1,0,1,0,0,0,0,0,0,0,0,0,0,0,0,0,0,0,1,0,0,0,0,0,0,0,1,0,0,0,0,0,0,0,0,0,0,0,0,0,0,0,0,0,0,0,0,0,0,0,0,0,0,0,0,0,0,0,0,0,0,0,0,0,0,0,0,0,0,0,0,
2024 - Bleaching,27/03/2024,Cape Grenville,Monsoon,MON_B1,MON_B1_C3,Crest,3,Morgan,2.5,2.0,0,0,20.00%,10,1,3,0,0,0,1,0,0,0,0,0,0,0,0,1,1,1,1,0,0,0,0,0,0,0,0,0,0,1,0,0,0,0,0,0,0,0,0,0,0,0,0,0,0,0,0,0,0,0,0,0,0,0,0,0,0,0,0,0,0,0,0,0,0,0,0,0,0,0,0,0,0,0,
2024 - Bleaching,27/03/2024,Cape Grenville,Monsoon,MON_B2,MON_B2_S1,Slope,1,Morgan,5.6,1.5,2,0,17.00%,2,0,4,0,0,0,0,0,0,3,1,0,0,0,0,0,0,0,0,1,0,2,0,0,1,0,0,0,0,1,0,0,0,0,0,0,0,0,0,0,0,0,0,0,0,0,0,0,2,0,0,0,0,0,0,0,0,0,1,0,0,0,0,0,0,0,0,0,0,0,0,0,0,0,
2024 - Bleaching,27/03/2024,Cape Grenville,Monsoon,MON_B2,MON_B2_S2,Slope,2,Morgan,5.6,1.5,0,0,18.00%,2,0,5,1,0,0,0,0,0,4,2,0,0,0,0,0,0,0,0,0,0,0,1,0,0,0,0,0,0,0,0,0,0,0,1,0,0,0,0,0,0,0,0,0,0,0,0,0,2,0,0,0,0,0,0,0,0,0,1,0,0,0,0,0,0,0,0,0,0,0,0,0,0,0,
2024 - Bleaching,27/03/2024,Cape Grenville,Monsoon,MON_B2,MON_B2_S3,Slope,3,Morgan,5.7,2.0,1,0,39.00%,2,2,11,0,0,1,0,0,0,4,2,0,0,0,0,4,0,1,1,2,0,0,0,0,0,1,0,0,1,0,0,0,1,0,1,0,0,0,0,0,0,0,1,0,0,0,0,0,4,0,0,0,0,0,0,0,0,0,0,0,0,0,0,2,0,0,0,0,0,0,0,0,0,0,
2024 - Bleaching,27/03/2024,Cape Grenville,Monsoon,MON_B2,MON_B2_C1,Crest,1,Morgan,2.9,2.5,0,0,36.00%,13,11,10,0,0,0,0,0,0,0,0,0,0,0,2,0,0,0,0,0,0,0,0,0,0,0,0,0,0,0,0,0,0,0,0,0,0,0,0,0,0,0,0,0,0,0,0,0,0,0,0,0,0,0,0,1,0,0,0,0,0,0,0,0,0,0,0,0,0,0,0,0,0,0,
2024 - Bleaching,27/03/2024,Cape Grenville,Monsoon,MON_B2,MON_B2_C2,Crest,2,Morgan,3,2.5,0,0,30.00%,13,8,6,0,0,1,0,0,0,0,0,0,0,0,1,0,0,1,0,0,0,0,0,0,0,0,0,0,0,0,0,0,0,0,0,0,0,0,0,0,0,0,0,0,0,0,0,0,0,0,0,0,0,0,0,0,0,0,0,0,0,0,0,0,0,0,0,0,0,0,0,0,0,0,
2024 - Bleaching,27/03/2024,Cape Grenville,Monsoon,MON_B2,MON_B2_C3,Crest,3,Morgan,3,2.5,0,1,38.00%,15,7,10,0,0,0,1,0,0,0,0,0,0,0,0,1,1,0,0,0,0,0,2,0,0,0,0,0,0,1,0,0,0,0,0,0,0,0,0,0,0,0,0,0,0,0,0,0,0,0,0,0,0,0,0,0,0,0,0,0,0,0,0,0,0,3,0,0,0,0,0,0,0,0,
2024 - Bleaching,27/03/2024,Cape Grenville,11-049,049_B1,049_B1_S1,Slope,1,Morgan,5,1.5,0,1,20.00%,0,0,1,0,0,0,0,0,0,13,1,1,0,0,0,0,0,0,0,1,0,1,0,1,1,0,0,0,0,0,0,0,0,0,0,0,0,0,0,0,0,0,0,0,0,0,0,0,0,0,0,0,0,0,1,0,0,0,0,0,0,0,0,0,0,0,0,0,0,0,0,0,0,0,
2024 - Bleaching,27/03/2024,Cape Grenville,11-049,049_B1,049_B1_S2,Slope,2,Morgan,5,1.5,0,1,16.00%,0,0,0,0,0,0,0,0,0,4,8,0,0,0,0,0,0,0,0,0,0,1,0,0,2,1,0,0,0,0,0,0,0,0,0,0,0,0,0,0,0,0,0,0,0,0,0,0,0,0,0,0,0,0,0,0,0,0,0,0,0,0,0,0,0,0,0,0,0,0,0,0,0,0,
2024 - Bleaching,27/03/2024,Cape Grenville,11-049,049_B1,049_B1_S3,Slope,3,Morgan,5.5,1.5,0,0,29.00%,0,0,1,0,0,0,0,0,0,18,3,1,0,0,0,0,1,0,0,0,0,4,0,0,0,1,0,0,0,0,0,0,0,0,0,0,0,0,0,0,0,0,0,0,0,0,0,0,0,0,0,0,0,0,1,1,0,0,0,0,0,0,0,0,0,0,0,0,0,0,0,0,0,0,
2024 - Bleaching,27/03/2024,Cape Grenville,11-049,049_B1,049_B1_C1,Crest,1,Morgan,1.3,1.0,0,0,13.00%,2,2,2,0,0,0,0,0,0,2,0,0,0,0,0,1,0,1,0,1,0,1,0,0,0,1,0,0,0,0,0,0,0,0,0,0,0,0,0,0,0,0,0,0,0,0,0,0,0,0,0,0,0,0,0,0,0,0,0,0,0,0,0,0,0,0,0,0,0,0,0,0,0,3,
2024 - Bleaching,27/03/2024,Cape Grenville,11-049,049_B1,049_B1_C2,Crest,2,Morgan,1.5,1.0,0,0,17.00%,4,2,4,2,0,0,0,0,0,5,0,0,0,0,0,0,0,0,0,0,0,0,0,0,0,0,0,0,0,0,0,0,0,0,0,0,0,0,0,0,0,0,0,0,0,0,0,0,0,0,0,0,0,0,0,0,0,0,0,0,0,0,0,0,0,0,0,0,0,0,0,0,0,5,
2024 - Bleaching,27/03/2024,Cape Grenville,11-049,049_B1,049_B1_C3,Crest,3,Morgan,2.2,1.0,0,0,25.00%,4,3,9,0,0,0,0,0,0,1,0,0,0,0,0,2,0,0,1,1,0,1,0,0,0,2,0,0,0,0,0,0,0,0,0,0,0,0,0,0,0,0,1,0,0,0,0,0,0,0,0,0,0,0,0,0,0,0,0,0,0,0,0,0,0,0,0,0,0,0,0,0,0,3,
2024 - Bleaching,27/03/2024,Cape Grenville,11-049,049_B2,049_B2_S1,Slope,1,Morgan,3,1.5,2,0,9.00%,2,1,1,0,0,0,0,0,0,0,0,0,0,0,0,2,0,2,0,0,0,0,0,0,0,0,0,0,1,0,0,0,0,0,0,0,0,0,0,0,0,0,0,0,0,0,0,0,0,0,0,0,0,0,0,0,0,0,0,0,0,0,0,0,0,0,0,0,0,0,0,0,0,0,
2024 - Bleaching,27/03/2024,Cape Grenville,11-049,049_B2,049_B2_S2,Slope,2,Morgan,3,1.5,0,0,13.00%,5,3,1,0,0,0,0,0,0,1,0,0,0,0,0,0,0,2,0,0,0,0,0,0,0,0,0,0,0,0,0,0,1,0,0,0,0,0,0,0,0,0,0,0,0,0,0,0,0,0,0,0,0,0,0,0,0,0,0,0,0,0,0,0,0,0,0,0,0,0,0,0,0,0,
2024 - Bleaching,27/03/2024,Cape Grenville,11-049,049_B2,049_B2_S3,Slope,3,Morgan,3,1.5,0,1,21.00%,3,5,8,0,0,0,0,0,0,0,0,0,0,0,0,1,0,0,0,1,0,0,0,0,0,0,0,0,1,0,0,0,1,0,0,0,0,0,0,0,0,0,1,0,0,0,0,0,0,0,0,0,0,0,0,0,0,0,0,0,0,0,0,0,0,0,0,0,0,0,0,0,0,0,
2024 - Bleaching,27/03/2024,Cape Grenville,11-049,049_B2,049_B2_C1,Crest,1,Morgan,1.4,1.0,0,0,22.00%,7,3,9,0,0,0,0,0,0,1,0,0,0,0,0,0,0,1,1,0,0,0,0,0,0,0,0,0,0,0,0,0,0,0,0,0,0,0,0,0,0,0,0,0,0,0,0,0,0,0,0,0,0,0,0,0,0,0,0,0,0,0,0,0,0,0,0,0,0,0,0,0,0,0,
2024 - Bleaching,27/03/2024,Cape Grenville,11-049,049_B2,049_B2_C2,Crest,2,Morgan,1.6,1.0,1,0,12.00%,2,3,6,0,0,0,0,0,0,0,0,0,0,0,0,0,0,1,0,0,0,0,0,0,0,0,0,0,0,0,0,0,0,0,0,0,0,0,0,0,0,0,0,0,0,0,0,0,0,0,0,0,0,0,0,0,0,0,0,0,0,0,0,0,0,0,0,0,0,0,0,0,0,0,
2024 - Bleaching,27/03/2024,Cape Grenville,11-049,049_B2,049_B2_C3,Crest,3,Morgan,1.5,1.0,1,0,31.00%,7,4,9,0,0,1,0,0,0,0,0,2,0,2,0,0,0,2,0,2,0,0,0,0,0,1,0,0,0,0,0,0,0,0,1,0,0,0,0,0,0,0,0,0,0,0,0,0,0,0,0,0,1,0,0,0,0,0,0,0,0,0,0,0,0,0,0,0,0,0,0,0,0,3,
2024 - Bleaching,28/03/2024,Princess Charlotte Bay,13-124,124_B1,124_B1_S1,Slope,1,Morgan,5.4,2.0,0,0,13.00%,2,1,6,0,0,0,0,0,0,2,0,0,0,0,1,0,0,0,0,0,0,0,0,0,0,0,0,0,1,0,0,0,0,0,0,0,0,0,0,0,0,0,0,0,0,0,0,0,0,0,0,0,0,3,1,6,0,0,0,0,0,0,0,0,0,1,0,0,0,0,0,0,0,0,
2024 - Bleaching,28/03/2024,Princess Charlotte Bay,13-124,124_B1,124_B1_S2,Slope,2,Morgan,5,2.0,0,0,7.00%,1,3,1,0,0,0,1,0,0,0,0,0,0,0,0,0,0,0,0,0,0,0,0,0,1,0,0,0,0,0,0,0,0,0,0,0,0,0,0,0,0,0,0,0,0,0,0,0,0,0,0,0,0,0,4,6,0,0,1,0,0,0,0,0,0,0,0,0,0,0,0,0,0,0,
2024 - Bleaching,28/03/2024,Princess Charlotte Bay,13-124,124_B1,124_B1_S3,Slope,3,Morgan,4.6,1.0,0,0,19.00%,1,10,2,0,1,0,2,1,0,1,0,0,0,0,0,0,0,0,0,0,0,0,0,0,0,0,0,0,0,0,0,0,0,0,0,0,0,0,0,0,0,0,1,0,0,0,0,0,0,0,0,0,0,0,0,0,0,0,1,3,0,0,0,0,0,0,0,0,0,0,0,0,0,0,
2024 - Bleaching,28/03/2024,Princess Charlotte Bay,13-124,124_B1,124_B1_C1,Crest,1,Morgan,2.5,3.0,0,1,15.00%,4,2,1,0,0,0,3,0,0,4,0,0,0,0,0,0,0,0,0,0,0,0,0,0,0,0,0,0,0,1,0,0,0,0,0,0,0,0,0,0,0,0,0,0,0,0,0,0,0,0,0,0,0,1,3,4,4,0,0,0,0,0,0,0,0,0,0,0,0,0,0,0,0,0,
2024 - Bleaching,28/03/2024,Princess Charlotte Bay,13-124,124_B1,124_B1_C2,Crest,2,Morgan,2.5,3.0,0,0,22.00%,7,4,0,0,2,2,6,0,0,0,0,0,0,0,0,0,0,0,0,0,0,0,0,0,1,0,0,0,0,0,0,0,0,0,0,0,0,0,0,0,0,0,0,0,0,0,0,0,0,0,0,0,0,0,5,0,2,0,2,0,0,0,0,0,0,0,0,0,0,0,0,0,0,0,
2024 - Bleaching,28/03/2024,Princess Charlotte Bay,13-124,124_B1,124_B1_C3,Crest,3,Morgan,2.5,3.0,0,1,40.00%,10,9,10,0,1,3,3,0,1,2,0,0,0,0,1,0,0,0,0,0,0,0,0,0,0,0,0,0,0,0,0,0,0,0,0,0,0,0,0,0,0,0,0,0,0,0,0,0,0,0,0,0,0,0,0,0,0,0,0,0,1,0,1,0,0,0,0,0,0,0,0,0,0,0,
2024 - Bleaching,28/03/2024,Princess Charlotte Bay,13-124,124_B2,124_B2_S1,Slope,1,Morgan,5.7,2.5,0,0,27.00%,1,1,3,1,0,1,14,0,0,3,0,0,0,0,0,0,0,0,0,0,0,0,1,0,0,2,0,0,0,0,0,0,0,0,0,0,0,0,0,0,0,0,0,0,0,0,0,0,0,0,0,0,0,0,3,2,1,0,0,1,0,0,0,0,0,0,0,0,0,0,0,0,0,2,
2024 - Bleaching,28/03/2024,Princess Charlotte Bay,13-124,124_B2,124_B2_S2,Slope,2,Morgan,5.4,2.5,0,0,19.00%,0,2,2,1,0,0,14,0,0,0,0,0,0,0,0,0,0,0,0,0,0,0,0,0,0,0,0,0,0,0,0,0,0,0,0,0,0,0,0,0,0,0,0,0,0,0,0,0,0,0,0,0,0,0,1,1,3,0,0,0,0,0,0,0,0,0,0,0,0,0,0,0,0,0,
2024 - Bleaching,28/03/2024,Princess Charlotte Bay,13-124,124_B2,124_B2_S3,Slope,3,Morgan,5,3.0,0,1,12.00%,1,0,1,0,0,0,8,0,0,1,0,0,0,0,1,0,0,0,0,0,0,0,0,0,0,0,0,0,0,0,0,0,0,0,0,0,0,0,0,0,0,0,0,0,0,0,0,0,0,0,0,0,0,0,4,8,5,0,0,0,0,0,1,0,0,0,0,0,0,0,0,0,0,4,
2024 - Bleaching,28/03/2024,Princess Charlotte Bay,13-124,124_B2,124_B2_C1,Crest,1,Morgan,2.5,2.5,0,0,24.00%,1,12,2,0,0,1,5,0,0,0,0,0,0,0,0,0,0,2,0,0,0,0,0,0,0,0,0,0,0,0,0,0,1,0,0,0,0,0,0,0,0,0,0,0,0,0,0,0,0,0,0,0,0,2,1,2,0,0,0,2,0,0,0,0,0,0,0,0,0,0,0,0,0,0,
2024 - Bleaching,28/03/2024,Princess Charlotte Bay,13-124,124_B2,124_B2_C2,Crest,2,Morgan,2.5,2.5,0,0,19.00%,7,1,8,0,1,0,2,0,0,0,0,0,0,0,0,0,0,0,0,0,0,0,0,0,0,0,0,0,0,0,0,0,0,0,0,0,0,0,0,0,0,0,0,0,0,0,0,0,0,0,0,0,0,1,0,0,0,0,0,1,0,0,0,0,0,0,0,0,0,0,0,0,0,0,
2024 - Bleaching,28/03/2024,Princess Charlotte Bay,13-124,124_B2,124_B2_C3,Crest,3,Morgan,2.1,2.5,0,0,42.00%,8,10,15,0,3,0,4,0,0,0,0,0,0,0,1,0,0,0,0,0,0,0,0,0,0,1,0,0,0,0,0,0,0,0,0,0,0,0,0,0,0,0,0,0,0,0,0,0,0,0,0,0,0,0,1,2,0,0,0,0,0,0,0,0,0,0,0,0,0,0,0,0,0,0,
2024 - Bleaching,28/03/2024,Princess Charlotte Bay,Corbett,COR_B1,COR_B1_S1,Slope,1,Morgan,6.5,3.0,0,0,14.00%,1,0,7,0,0,2,1,0,0,3,0,0,0,0,0,0,0,0,0,0,0,0,0,0,0,0,0,0,0,0,0,0,0,0,0,0,0,0,0,0,0,0,0,0,0,0,0,0,0,0,0,0,0,2,1,1,0,0,1,0,0,0,0,0,0,2,0,0,0,0,0,0,0,0,
2024 - Bleaching,28/03/2024,Princess Charlotte Bay,Corbett,COR_B1,COR_B1_S2,Slope,2,Morgan,6.2,3.0,0,0,15.00%,0,0,7,0,0,4,1,0,1,2,0,0,0,0,0,0,0,0,0,0,0,0,0,0,0,0,0,0,0,0,0,0,0,0,0,0,0,0,0,0,0,0,0,0,0,0,0,0,0,0,0,0,0,0,1,1,0,0,0,0,0,0,0,0,0,2,0,0,0,0,0,0,0,0,
2024 - Bleaching,28/03/2024,Princess Charlotte Bay,Corbett,COR_B1,COR_B1_S3,Slope,3,Morgan,5.5,2.0,0,0,31.00%,0,7,9,0,4,1,1,0,0,5,0,0,0,0,1,0,0,0,0,0,0,0,1,0,2,0,0,0,0,0,0,0,0,0,0,0,0,0,0,0,0,0,0,0,0,0,0,0,0,0,0,0,0,0,1,2,0,0,0,0,0,0,0,0,0,0,0,0,0,0,0,0,0,0,
2024 - Bleaching,28/03/2024,Princess Charlotte Bay,Corbett,COR_B1,COR_B1_C1,Crest,1,Morgan,2,2.5,0,0,27.00%,17,1,6,0,2,0,1,0,0,0,0,0,0,0,0,0,0,0,0,0,0,0,0,0,0,0,0,0,0,0,0,0,0,0,0,0,0,0,0,0,0,0,0,0,0,0,0,0,0,0,0,0,0,3,0,0,0,0,0,0,0,0,0,0,0,0,0,0,0,0,0,0,0,0,
2024 - Bleaching,28/03/2024,Princess Charlotte Bay,Corbett,COR_B1,COR_B1_C2,Crest,2,Morgan,2,2.5,0,0,26.00%,13,3,4,0,0,1,2,0,0,2,0,0,0,0,1,0,0,0,0,0,0,0,0,0,0,0,0,0,0,0,0,0,0,0,0,0,0,0,0,0,0,0,0,0,0,0,0,0,0,0,0,0,0,2,0,0,0,0,0,0,0,0,0,0,0,0,0,0,0,0,0,0,0,0,
2024 - Bleaching,28/03/2024,Princess Charlotte Bay,Corbett,COR_B1,COR_B1_C3,Crest,3,Morgan,2,3.0,0,0,45.00%,19,2,10,0,4,1,4,1,1,2,0,0,0,0,0,0,1,0,0,0,0,0,0,0,0,0,0,0,0,0,0,0,0,0,0,0,0,0,0,0,0,0,0,0,0,0,0,0,0,0,0,0,0,1,1,0,0,0,0,0,0,0,0,0,0,0,0,0,0,0,0,0,0,0,
2024 - Bleaching,28/03/2024,Princess Charlotte Bay,Corbett,COR_B2,COR_B2_S1,Slope,1,Morgan,5,2.5,0,0,31.00%,0,5,8,0,0,2,13,0,0,3,0,0,0,0,0,0,0,0,0,0,0,0,0,0,0,0,0,0,0,0,0,0,0,0,0,0,0,0,0,0,0,0,0,0,0,0,0,0,0,0,0,0,0,0,0,0,0,0,0,0,0,0,0,0,0,0,0,0,0,0,0,0,0,0,
2024 - Bleaching,28/03/2024,Princess Charlotte Bay,Corbett,COR_B2,COR_B2_S2,Slope,2,Morgan,5,2.5,0,0,29.00%,2,6,9,0,1,0,7,0,1,3,0,0,0,0,0,0,0,0,0,0,0,0,0,0,0,0,0,0,0,0,0,0,0,0,0,0,0,0,0,0,0,0,0,0,0,0,0,0,0,0,0,0,0,0,0,0,0,0,0,0,0,0,0,0,0,0,0,0,0,0,0,0,0,0,
2024 - Bleaching,28/03/2024,Princess Charlotte Bay,Corbett,COR_B2,COR_B2_S3,Slope,3,Morgan,6,3.0,0,0,49.00%,5,9,3,0,1,1,21,0,0,7,0,0,0,0,0,0,0,0,0,0,0,0,0,0,1,0,0,0,0,0,0,0,1,0,0,0,0,0,0,0,0,0,0,0,0,0,0,0,0,0,0,0,0,6,0,0,0,0,0,0,0,0,0,0,0,0,0,0,0,0,0,0,0,0,
2024 - Bleaching,28/03/2024,Princess Charlotte Bay,Corbett,COR_B2,COR_B2_C1,Crest,1,Morgan,2.8,2.5,0,0,33.00%,0,6,18,0,0,0,8,0,0,0,0,0,0,0,0,0,0,0,0,0,0,0,0,0,0,0,1,0,0,0,0,0,0,0,0,0,0,0,0,0,0,0,0,0,0,0,0,0,0,0,0,0,0,1,0,1,0,0,0,0,0,0,0,0,0,0,0,0,0,0,0,0,0,0,
2024 - Bleaching,28/03/2024,Princess Charlotte Bay,Corbett,COR_B2,COR_B2_C2,Crest,2,Morgan,2.8,3.0,0,0,30.00%,1,4,22,0,2,0,0,0,0,1,0,0,0,0,0,0,0,0,0,0,0,0,0,0,0,0,0,0,0,0,0,0,0,0,0,0,0,0,0,0,0,0,0,0,0,0,0,0,0,0,0,0,0,2,0,0,0,0,0,0,0,0,0,0,0,0,0,0,0,0,0,0,0,0,
2024 - Bleaching,28/03/2024,Princess Charlotte Bay,Corbett,COR_B2,COR_B2_C3,Crest,3,Morgan,3,2.5,0,0,36.00%,9,4,4,0,0,3,9,0,0,7,0,0,0,0,0,0,0,0,0,0,0,0,0,0,0,0,0,0,0,0,0,0,0,0,0,0,0,0,0,0,0,0,0,0,0,0,0,0,0,0,0,0,0,8,2,0,0,0,0,0,0,0,0,0,0,0,0,0,0,0,0,0,0,0,
2024 - Bleaching,29/03/2024,Lizard,Lizard,LIZ_B1,LIZ_B1_S1,Slope,1,Morgan,8.0,3.5,0,0,12.00%,0,0,1,0,0,0,0,0,3,2,0,1,0,0,1,0,0,0,2,0,0,1,0,0,1,0,0,0,0,0,0,0,0,0,0,0,0,0,0,0,0,0,0,0,0,0,0,0,0,0,0,0,0,0,2,3,2,0,0,0,0,0,1,0,0,1,0,0,0,0,0,0,0,0,
2024 - Bleaching,29/03/2024,Lizard,Lizard,LIZ_B1,LIZ_B1_S2,Slope,2,Morgan,8.3,4.0,0,0,13.00%,1,0,1,0,0,0,2,0,2,1,0,0,0,0,0,0,0,0,0,1,0,0,0,0,2,0,0,0,0,1,0,0,0,0,0,0,0,0,0,0,0,0,1,1,0,0,0,0,0,0,0,0,0,0,0,3,2,0,0,0,0,0,0,0,0,0,0,0,0,0,0,0,0,0,
2024 - Bleaching,29/03/2024,Lizard,Lizard,LIZ_B1,LIZ_B1_S3,Slope,3,Morgan,7.5,3.0,0,0,23.00%,0,1,2,0,0,2,3,0,0,0,0,0,0,0,1,3,1,2,0,0,0,0,1,0,6,0,0,0,0,1,0,0,0,0,0,0,0,0,0,0,0,0,0,0,0,0,0,0,0,0,0,0,0,1,0,0,2,0,0,0,0,0,0,0,0,0,0,0,0,0,0,0,0,0,
2024 - Bleaching,29/03/2024,Lizard,Lizard,LIZ_B1,LIZ_B1_C1,Crest,1,Morgan,2.3,2.5,0,0,37.00%,13,0,9,0,0,0,5,0,0,1,0,0,0,0,2,0,1,0,0,2,0,2,0,0,0,0,0,0,1,1,0,0,0,0,0,0,0,0,0,0,0,0,0,0,0,0,0,0,0,0,0,0,0,0,0,0,0,0,0,0,0,0,0,0,0,0,0,0,0,0,0,0,0,0,
2024 - Bleaching,29/03/2024,Lizard,Lizard,LIZ_B1,LIZ_B1_C2,Crest,2,Morgan,2.3,2.5,0,0,42.00%,17,1,18,0,0,2,0,0,0,1,0,0,0,0,1,0,0,0,0,0,0,0,0,0,0,0,0,0,0,2,0,0,0,0,0,0,0,0,0,0,0,0,0,0,0,0,0,0,0,0,0,0,0,0,0,0,0,0,0,0,0,0,0,0,0,0,0,0,0,0,0,0,0,0,
2024 - Bleaching,29/03/2024,Lizard,Lizard,LIZ_B1,LIZ_B1_C3,Crest,3,Morgan,2.3,2.5,0,0,73.00%,31,11,17,0,1,1,10,0,0,0,0,0,0,0,0,0,0,0,0,0,0,0,0,0,0,0,0,0,0,2,0,0,0,0,0,0,0,0,0,0,0,0,0,0,0,0,0,0,0,0,0,0,0,1,0,0,0,0,0,0,0,0,0,0,0,0,0,0,0,0,0,0,0,0,
2024 - Bleaching,29/03/2024,Lizard,Lizard,LIZ_B2,LIZ_B2_S1,Slope,1,Morgan,7.0,3.5,0,0,36.00%,0,16,10,0,0,5,0,0,0,2,0,0,0,0,0,1,0,0,0,0,0,0,1,0,1,0,0,0,0,0,0,0,0,0,0,0,0,0,0,0,0,0,0,0,0,0,0,0,0,0,0,0,0,0,0,0,0,0,0,0,0,0,0,0,0,0,0,0,0,0,0,0,0,2,
2024 - Bleaching,29/03/2024,Lizard,Lizard,LIZ_B2,LIZ_B2_S2,Slope,2,Morgan,7.0,3.5,0,0,22.00%,1,7,11,0,0,0,0,0,2,0,0,0,0,0,0,0,0,0,0,0,0,0,0,0,1,0,0,0,0,0,0,0,0,0,0,0,0,0,0,0,0,0,0,0,0,0,0,0,0,0,0,0,0,0,0,0,0,0,0,0,0,0,0,0,0,0,0,0,0,0,0,0,0,0,
2024 - Bleaching,29/03/2024,Lizard,Lizard,LIZ_B2,LIZ_B2_S3,Slope,3,Morgan,5.5,3.0,0,0,53.00%,0,14,13,1,0,10,0,0,5,2,0,0,0,0,2,3,0,2,0,0,0,0,1,0,0,0,0,0,0,0,0,0,0,0,0,0,0,0,0,0,0,0,0,0,0,0,0,0,0,0,0,0,0,0,1,0,0,0,0,0,0,0,0,0,0,0,0,0,0,0,0,0,0,0,
2024 - Bleaching,29/03/2024,Lizard,Lizard,LIZ_B2,LIZ_B2_C1,Crest,1,Morgan,1.5,3.0,0,0,83.00%,31,21,27,0,0,4,0,0,0,0,0,0,0,0,0,0,0,0,0,0,0,0,0,0,0,0,0,0,0,0,0,0,0,0,0,0,0,0,0,0,0,0,0,0,0,0,0,0,0,0,0,0,0,0,0,0,0,0,0,0,0,0,0,0,0,0,0,0,0,0,0,0,0,0,
2024 - Bleaching,29/03/2024,Lizard,Lizard,LIZ_B2,LIZ_B2_C2,Crest,2,Morgan,1.5,3.0,0,0,78.00%,31,8,38,0,1,0,0,0,0,0,0,0,0,0,0,0,0,0,0,0,0,0,0,0,0,0,0,0,0,0,0,0,0,0,0,0,0,0,0,0,0,0,0,0,0,0,0,0,0,0,0,0,0,0,0,0,0,0,0,0,0,0,0,0,0,0,0,0,0,0,0,0,0,0,
2024 - Bleaching,29/03/2024,Lizard,Lizard,LIZ_B2,LIZ_B2_C3,Crest,3,Morgan,1.5,3.0,0,0,57.00%,13,11,31,0,2,0,0,0,0,0,0,0,0,0,0,0,0,0,0,0,0,0,0,0,0,0,0,0,0,0,0,0,0,0,0,0,0,0,0,0,0,0,0,0,0,0,0,0,0,0,0,0,0,0,0,0,0,0,0,0,0,0,0,0,0,0,0,0,0,0,0,0,0,0,
2024 - Bleaching,29/03/2024,Lizard,Lizard,LIZ_B3,LIZ_B3_S1,Slope,1,Morgan,6.0,2.5,0,0,23.00%,4,7,8,0,0,1,2,0,0,0,0,0,0,0,0,0,0,1,0,0,0,0,0,0,0,0,0,0,0,0,0,0,0,0,0,0,0,0,0,0,0,0,0,0,0,0,0,0,0,0,0,0,0,2,0,0,3,0,0,0,0,0,0,0,0,0,0,0,0,0,0,0,0,4,
2024 - Bleaching,29/03/2024,Lizard,Lizard,LIZ_B3,LIZ_B3_S2,Slope,2,Morgan,6.0,2.5,0,0,23.00%,2,6,12,0,0,0,2,0,0,0,0,0,0,0,0,0,0,0,0,0,0,0,0,0,0,1,0,0,0,0,0,0,0,0,0,0,0,0,0,0,0,0,0,0,0,0,0,0,0,0,0,0,0,0,0,0,0,0,0,0,0,0,0,0,0,0,0,0,0,0,0,0,0,0,
2024 - Bleaching,29/03/2024,Lizard,Lizard,LIZ_B3,LIZ_B3_S3,Slope,3,Morgan,6.5,2.0,0,0,38.00%,4,4,15,2,1,1,6,0,1,0,0,0,0,2,0,0,0,0,0,0,0,0,1,0,0,0,0,0,0,1,0,0,0,0,0,0,0,0,0,0,0,0,0,0,0,0,0,0,0,0,0,0,0,0,1,0,0,0,1,0,0,0,0,0,0,0,0,0,0,0,0,0,0,0,
2024 - Bleaching,29/03/2024,Lizard,Lizard,LIZ_B3,LIZ_B3_C1,Crest,1,Morgan,1.7,3.0,0,0,62.00%,41,7,9,0,0,0,1,0,0,0,0,0,0,0,0,0,0,2,0,1,0,0,0,0,0,1,0,0,0,0,0,0,0,0,0,0,0,0,0,0,0,0,0,0,0,0,0,0,0,0,0,0,0,0,1,0,0,0,0,0,0,0,0,0,0,0,0,0,0,0,0,0,0,0,
2024 - Bleaching,29/03/2024,Lizard,Lizard,LIZ_B3,LIZ_B3_C2,Crest,2,Morgan,1.7,3.0,0,0,58.00%,42,3,8,0,0,0,3,0,0,0,0,0,0,0,0,0,1,1,0,0,0,0,0,0,0,0,0,0,0,0,0,0,0,0,0,0,0,0,0,0,0,0,0,0,0,0,0,0,0,0,0,0,0,0,2,0,0,0,0,0,0,0,0,0,0,0,0,0,0,0,0,0,0,0,
2024 - Bleaching,29/03/2024,Lizard,Lizard,LIZ_B3,LIZ_B3_C3,Crest,3,Morgan,1.8,3.0,0,0,62.00%,31,8,18,0,0,0,3,0,0,0,0,0,0,0,0,0,2,0,0,0,0,0,0,0,0,0,0,0,0,0,0,0,0,0,0,0,0,0,0,0,0,0,0,0,0,0,0,0,0,0,0,0,0,0,0,1,0,0,0,0,0,0,0,0,0,0,0,0,0,0,0,0,0,0,
2024 - Bleaching,29/03/2024,Lizard,Lizard,LIZ_B4,LIZ_B4_S1,Slope,1,Morgan,5.0,3.5,0,0,34.00%,0,0,0,0,0,0,0,0,0,5,28,0,0,0,0,0,0,0,0,0,0,0,1,0,0,0,0,0,0,0,0,0,0,0,0,0,0,0,0,0,0,0,0,0,0,0,0,0,0,0,0,0,0,0,4,0,0,0,0,0,0,0,0,0,0,0,0,0,0,0,0,0,0,2,
2024 - Bleaching,29/03/2024,Lizard,Lizard,LIZ_B4,LIZ_B4_S2,Slope,2,Morgan,5.0,3.5,0,0,43.00%,0,0,0,0,0,0,0,0,0,5,33,0,0,0,0,5,0,0,0,0,0,0,0,0,0,0,0,0,0,0,0,0,0,0,0,0,0,0,0,0,0,0,0,0,0,0,0,0,0,0,0,0,0,0,4,0,0,0,0,0,0,0,0,0,0,0,0,0,0,0,0,0,0,1,
2024 - Bleaching,29/03/2024,Lizard,Lizard,LIZ_B4,LIZ_B4_S3,Slope,3,Morgan,6.1,3.0,0,0,54.00%,0,0,0,0,0,0,0,0,2,3,48,0,0,0,0,1,0,0,0,0,0,0,0,0,0,0,0,0,0,0,0,0,0,0,0,0,0,0,0,0,0,0,0,0,0,0,0,0,0,0,0,0,0,0,0,1,0,0,0,0,0,0,0,0,0,0,0,0,0,0,0,0,0,0,
2024 - Bleaching,29/03/2024,Lizard,Lizard,LIZ_B4,LIZ_B4_C1,Crest,1,Morgan,1.5,3.5,0,0,22.00%,0,1,0,0,0,1,0,0,0,12,4,2,0,0,0,0,0,0,0,0,0,0,1,1,0,0,0,0,0,0,0,0,0,0,0,0,0,0,0,0,0,0,0,0,0,0,0,0,0,0,0,0,0,0,0,2,2,0,0,0,0,0,0,0,0,0,0,0,0,0,0,0,0,0,
2024 - Bleaching,29/03/2024,Lizard,Lizard,LIZ_B4,LIZ_B4_C2,Crest,2,Morgan,1.5,3.0,0,0,31.00%,0,0,0,0,0,0,0,0,0,8,22,0,0,0,0,0,0,0,0,0,0,0,1,0,0,0,0,0,0,0,0,0,0,0,0,0,0,0,0,0,0,0,0,0,0,0,0,0,0,0,0,0,0,0,0,7,2,0,0,0,0,0,0,0,0,0,0,0,0,0,0,0,0,0,
2024 - Bleaching,29/03/2024,Lizard,Lizard,LIZ_B4,LIZ_B4_C3,Crest,3,Morgan,1.7,3.5,0,0,29.00%,0,3,0,0,0,1,0,0,0,18,5,0,0,0,0,0,0,0,0,0,0,1,0,0,0,0,0,0,0,0,0,0,0,0,0,0,0,0,0,0,0,0,1,0,0,0,0,0,0,0,0,0,0,0,3,10,2,0,0,0,0,0,0,0,0,0,0,0,0,0,0,0,0,0,
2024 - Bleaching,01/04/2024,Lizard,Cormrant,CMT_B1,CMT_B1_S1,Slope,1,Morgan,8,3.5,0,0,23.00%,1,0,8,0,0,2,0,4,1,2,0,0,0,0,0,0,0,2,0,0,0,0,0,0,1,0,0,0,0,1,0,0,0,0,0,0,1,0,0,0,0,0,0,0,0,0,0,0,0,0,0,0,0,0,0,0,0,0,0,0,0,0,0,0,0,0,0,0,0,0,0,0,0,1,
2024 - Bleaching,01/04/2024,Lizard,Cormrant,CMT_B1,CMT_B1_S2,Slope,2,Morgan,8.5,3.5,0,0,13.00%,0,1,5,0,0,0,0,1,5,0,0,0,0,0,0,1,0,0,0,0,0,0,0,0,0,0,0,0,0,0,0,0,0,0,0,0,0,0,0,0,0,0,0,0,0,0,0,0,0,0,0,0,0,0,0,0,0,0,0,0,0,0,0,0,0,0,0,0,0,0,0,0,0,2,
2024 - Bleaching,01/04/2024,Lizard,Cormrant,CMT_B1,CMT_B1_S3,Slope,3,Morgan,9,3.5,0,0,25.00%,1,0,6,3,0,0,1,2,2,2,1,0,0,0,1,1,2,3,0,0,0,0,0,0,0,0,0,0,0,0,0,0,0,0,0,0,0,0,0,0,0,0,0,0,0,0,0,0,0,0,0,0,0,0,0,0,0,0,0,0,0,0,0,0,0,0,0,0,0,0,0,0,0,0,
2024 - Bleaching,01/04/2024,Lizard,Cormrant,CMT_B1,CMT_B1_C1,Crest,1,Morgan,1.8,2.5,0,0,26.00%,8,2,5,0,0,0,3,0,0,5,0,0,0,0,2,0,1,0,0,0,0,0,0,0,0,0,0,0,0,0,0,0,0,0,0,0,0,0,0,0,0,0,0,0,0,0,0,0,0,0,0,0,0,0,2,0,0,0,0,0,0,0,0,0,0,0,0,0,0,0,0,0,0,0,
2024 - Bleaching,01/04/2024,Lizard,Cormrant,CMT_B1,CMT_B1_C2,Crest,2,Morgan,1.8,2.5,0,0,23.00%,8,1,9,0,0,0,0,0,0,3,0,0,0,0,1,0,1,0,0,0,0,0,0,0,0,0,0,0,0,0,0,0,0,0,0,0,0,0,0,0,0,0,0,0,0,0,0,0,0,0,0,0,0,0,1,0,0,0,0,0,0,0,0,0,0,0,0,0,0,0,0,0,0,0,
2024 - Bleaching,01/04/2024,Lizard,Cormrant,CMT_B1,CMT_B1_C3,Crest,3,Morgan,1.9,3.0,0,0,33.00%,6,1,15,0,0,0,3,0,0,8,0,0,0,0,0,0,0,0,0,0,0,0,0,0,0,0,0,0,0,0,0,0,0,0,0,0,0,0,0,0,0,0,0,0,0,0,0,0,0,0,0,0,0,3,0,1,0,0,0,0,0,0,0,0,0,0,0,0,0,0,0,0,0,0,
2024 - Bleaching,01/04/2024,Lizard,Cormrant,CMT_B2,CMT_B2_S1,Slope,1,Morgan,7.2,2.0,0,0,22.00%,0,0,3,0,0,0,1,7,1,3,1,0,0,0,2,0,0,2,0,0,0,0,0,0,0,0,0,0,0,0,0,0,2,0,0,0,0,0,0,0,0,0,0,0,0,0,0,0,0,0,0,0,0,0,0,0,2,0,0,0,0,0,0,0,0,0,0,0,0,0,0,0,0,0,
2024 - Bleaching,01/04/2024,Lizard,Cormrant,CMT_B2,CMT_B2_S2,Slope,2,Morgan,7,2.0,0,0,26.00%,0,0,3,0,0,0,2,6,0,10,3,0,0,0,0,0,0,1,0,0,0,0,0,0,1,0,0,0,0,0,0,0,0,0,0,0,0,0,0,0,0,0,0,0,0,0,0,0,0,0,0,0,0,0,0,0,0,0,0,0,0,0,0,0,0,0,0,0,0,0,0,0,0,2,
2024 - Bleaching,01/04/2024,Lizard,Cormrant,CMT_B2,CMT_B2_S3,Slope,3,Morgan,6.7,2.0,0,0,39.00%,0,2,2,1,2,0,4,7,2,4,5,0,0,0,1,2,0,5,0,0,0,0,0,0,1,0,1,0,0,0,0,0,0,0,0,0,0,0,0,0,0,0,0,0,0,0,0,0,0,0,0,0,0,2,0,1,0,0,0,0,0,0,0,0,0,0,0,0,0,0,0,0,0,2,
2024 - Bleaching,01/04/2024,Lizard,Cormrant,CMT_B2,CMT_B2_C1,Crest,1,Morgan,1.7,3.0,0,0,27.00%,8,1,4,0,1,1,7,0,0,1,0,1,0,0,1,0,0,0,0,1,0,0,0,0,0,0,1,0,0,0,0,0,0,0,0,0,0,0,0,0,0,0,0,0,0,0,0,0,0,0,0,0,0,1,2,1,0,0,0,0,0,0,0,0,0,0,0,0,0,0,0,0,0,0,
2024 - Bleaching,01/04/2024,Lizard,Cormrant,CMT_B2,CMT_B2_C2,Crest,2,Morgan,1.7,3.0,0,0,24.00%,1,1,1,0,0,0,9,0,0,9,0,0,0,0,0,0,0,1,0,0,0,0,0,0,0,0,0,0,0,0,0,0,0,0,1,0,0,0,0,0,0,0,1,0,0,0,0,0,0,0,0,0,0,0,0,0,1,0,0,0,0,0,0,0,0,0,0,0,0,0,0,0,0,0,
2024 - Bleaching,01/04/2024,Lizard,Cormrant,CMT_B2,CMT_B2_C3,Crest,3,Morgan,1.7,3.0,0,0,21.00%,4,2,8,0,0,0,1,0,0,0,2,0,0,0,0,0,0,3,0,0,0,0,0,0,0,0,1,0,0,0,0,0,0,0,0,0,0,0,0,0,0,0,0,0,0,0,0,0,0,0,0,0,0,3,2,0,7,0,1,0,0,0,0,0,0,0,0,0,0,0,0,0,0,0,
2024 - Bleaching,02/04/2024,Cairns,Milln,MIL_B1,MIL_B1_S1,Slope,1,Morgan,8.5,3.5,0.0,0.0,29.00%,1,1,5,0,0,0,5,0,1,5,8,0,0,0,0,0,0,1,0,0,0,0,0,0,0,0,0,0,0,0,0,0,0,0,0,0,0,0,0,0,0,0,0,2,0,0,0,0,0,0,0,0,0,0,0,2,4,0,0,0,0,0,0,0,0,0,0,0,0,0,0,0,0,0,
2024 - Bleaching,02/04/2024,Cairns,Milln,MIL_B1,MIL_B1_S2,Slope,2,Morgan,8.5,4.0,0.0,0.0,25.00%,0,2,8,0,0,0,3,0,0,6,3,0,0,0,0,0,0,0,0,0,0,0,0,0,2,0,0,0,0,0,0,0,0,0,0,0,0,0,0,0,0,0,0,1,0,0,0,0,0,0,0,0,0,0,0,4,1,0,0,0,0,0,0,0,0,0,0,0,0,0,0,0,0,0,
2024 - Bleaching,02/04/2024,Cairns,Milln,MIL_B1,MIL_B1_S3,Slope,3,Morgan,8.0,3.5,0.0,0.0,34.00%,1,1,11,0,0,0,4,0,0,12,0,1,0,0,1,1,0,0,0,0,0,0,0,0,2,0,0,0,0,0,0,0,0,0,0,0,0,0,0,0,0,0,0,0,0,0,0,0,0,0,0,0,0,0,2,1,1,0,0,0,0,0,0,0,0,0,0,0,0,0,0,0,0,0,
2024 - Bleaching,02/04/2024,Cairns,Milln,MIL_B1,MIL_B1_C1,Crest,1,Morgan,1.8,2.0,0.0,0.0,37.00%,17,0,16,0,1,1,2,0,0,0,0,0,0,0,0,0,0,0,0,0,0,0,0,0,0,0,0,0,0,0,0,0,0,0,0,0,0,0,0,0,0,0,0,0,0,0,0,0,0,0,0,0,0,0,0,0,0,0,0,0,0,0,0,0,0,0,0,0,0,0,0,0,0,0,
2024 - Bleaching,02/04/2024,Cairns,Milln,MIL_B1,MIL_B1_C2,Crest,2,Morgan,1.8,2.0,0.0,0.0,35.00%,15,2,10,0,2,0,2,0,2,1,0,0,0,0,0,0,0,1,0,0,0,0,0,0,0,0,0,0,0,0,0,0,0,0,0,0,0,0,0,0,0,0,0,0,0,0,0,0,0,0,0,0,0,0,1,0,0,0,0,0,0,0,0,0,0,0,0,0,0,0,0,0,0,0,
2024 - Bleaching,02/04/2024,Cairns,Milln,MIL_B1,MIL_B1_C3,Crest,3,Morgan,1.8,2.0,0.0,0.0,40.00%,9,2,18,1,1,1,2,0,1,3,0,0,0,0,0,0,0,0,0,1,1,0,0,0,0,0,0,0,0,0,0,0,0,0,0,0,0,0,0,0,0,0,0,0,0,0,0,0,0,0,0,0,0,0,0,0,2,0,0,0,0,0,0,0,0,0,0,0,0,0,0,0,0,0,
2024 - Bleaching,02/04/2024,Cairns,Milln,MIL_B2,MIL_B2_S1,Slope,1,Morgan,8.0,3.5,0.0,0.0,31.00%,2,0,5,0,0,0,0,0,0,16,8,0,0,0,0,0,0,0,0,0,0,0,0,0,0,0,0,0,0,0,0,0,0,0,0,0,0,0,0,0,0,0,0,0,0,0,0,0,0,0,0,0,0,0,0,2,1,0,0,3,0,0,0,0,0,0,0,0,0,0,0,0,0,0,
2024 - Bleaching,02/04/2024,Cairns,Milln,MIL_B2,MIL_B2_S2,Slope,2,Morgan,8.0,3.5,0.0,0.0,23.00%,0,0,3,0,0,0,5,0,0,8,6,0,0,0,1,0,0,0,0,0,0,0,0,0,0,0,0,0,0,0,0,0,0,0,0,0,0,0,0,0,0,0,0,0,0,0,0,0,0,0,0,0,0,0,0,6,6,0,0,5,0,0,0,0,0,0,0,0,0,0,0,0,0,0,
2024 - Bleaching,02/04/2024,Cairns,Milln,MIL_B2,MIL_B2_S3,Slope,3,Morgan,8.0,4.0,0.0,0.0,23.00%,0,0,8,0,0,0,0,0,0,12,0,0,0,0,0,0,0,0,0,0,0,0,0,0,0,0,0,0,0,0,0,0,0,0,0,0,1,0,1,0,0,0,0,1,0,0,0,0,0,0,0,0,0,0,0,4,1,0,0,14,0,0,0,0,0,0,0,0,0,0,0,0,0,0,
2024 - Bleaching,02/04/2024,Cairns,Milln,MIL_B2,MIL_B2_C1,Crest,1,Morgan,1.2,3.0,0.0,0.0,29.00%,2,0,15,0,2,0,3,0,0,1,0,0,0,0,1,1,0,1,0,1,0,0,0,0,0,1,1,0,0,0,0,0,0,0,0,0,0,0,0,0,0,0,0,0,0,0,0,0,0,0,0,0,0,0,0,0,0,0,0,0,0,0,0,0,0,0,0,0,0,0,0,0,0,0,
2024 - Bleaching,02/04/2024,Cairns,Milln,MIL_B2,MIL_B2_C2,Crest,2,Morgan,1.2,3.0,0.0,0.0,30.00%,0,0,19,0,1,1,3,0,0,1,0,0,0,0,0,0,1,0,0,0,0,0,0,0,0,3,0,0,0,1,0,0,0,0,0,0,0,0,0,0,0,0,0,0,0,0,0,0,0,0,0,0,0,0,0,0,0,0,0,0,0,0,0,0,0,0,0,0,0,0,0,0,0,0,
2024 - Bleaching,02/04/2024,Cairns,Milln,MIL_B2,MIL_B2_C3,Crest,3,Morgan,1.2,3.0,0.0,0.0,33.00%,5,1,14,1,0,0,4,0,2,2,0,0,0,0,0,0,1,0,0,1,0,0,0,0,0,0,0,0,0,1,0,0,0,0,0,0,0,0,0,0,0,0,1,0,0,0,0,0,0,0,0,0,0,1,0,4,0,0,2,0,0,0,0,0,0,0,0,0,0,0,0,0,0,0,
2024 - Mortality,16/10/2024,Capricorn Bunkers,Wistari,WIS_B1,WIS_B1_S1,Slope,,AHB,6.0,3.0,0,0,57.00%,5,30,8,0,3,10,0,0,0,0,0,0,0,0,0,0,0,0,0,0,0,0,0,0,0,0,0,0,0,1,0,0,0,0,0,0,0,0,0,0,0,0,0,0,0,0,0,0,0,0,0,0,0,0,0,0,0,0,0,0,0,0,0,0,0,1,0,0,0,0,0,0,0,3,
2024 - Mortality,16/10/2024,Capricorn Bunkers,Wistari,WIS_B1,WIS_B1_S2,Slope,,AHB,6.0,3.5,0,0,36.00%,0,16,13,0,0,4,0,0,0,0,0,0,0,0,1,0,1,0,0,1,0,0,0,0,0,0,0,0,0,0,0,0,0,0,0,0,0,0,0,0,0,0,0,0,0,0,0,0,0,0,0,0,0,0,0,0,0,0,0,0,0,0,0,0,0,0,0,0,0,0,0,0,0,15,
2024 - Mortality,16/10/2024,Capricorn Bunkers,Wistari,WIS_B1,WIS_B1_S3,Slope,,AHB,5.6,2.5,0,0,55.00%,4,28,12,0,1,8,0,0,0,0,0,0,0,0,0,0,0,0,0,0,1,0,0,0,0,0,1,0,0,0,0,0,0,0,0,0,0,0,0,0,0,0,0,0,0,0,0,0,0,0,0,0,0,0,0,0,3,0,0,0,0,0,0,0,0,0,0,0,0,0,0,0,0,3,
2024 - Mortality,16/10/2024,Capricorn Bunkers,Wistari,WIS_B1,WIS_B1_C1,Crest,,AHB,1.5,1.5,0,0,39.00%,14,3,18,0,1,0,2,0,0,0,0,0,0,0,0,0,0,0,0,0,0,0,0,0,0,0,0,0,0,1,0,0,0,0,0,0,0,0,0,0,0,0,0,0,0,0,0,0,0,0,0,0,0,0,0,0,2,0,1,0,0,0,0,0,0,0,0,0,0,0,0,0,0,0,
2024 - Mortality,16/10/2024,Capricorn Bunkers,Wistari,WIS_B1,WIS_B1_C2,Crest,,AHB,1.5,1.0,0,0,30.00%,4,5,16,0,1,0,1,0,1,0,0,0,0,0,0,0,1,1,0,0,0,0,0,0,0,0,0,0,0,0,0,0,0,0,0,0,0,0,0,0,0,0,0,0,0,0,0,0,0,0,0,0,0,0,0,0,0,0,3,0,0,0,0,0,0,0,0,0,0,0,0,0,0,0,
2024 - Mortality,16/10/2024,Capricorn Bunkers,Wistari,WIS_B1,WIS_B1_C3,Crest,,AHB,1.5,1.0,0,0,44.00%,7,6,24,0,4,0,2,0,1,0,0,0,0,0,0,0,0,0,0,0,0,0,0,0,0,0,0,0,0,0,0,0,0,0,0,0,0,0,0,0,0,0,0,0,0,0,0,0,0,0,0,0,0,0,1,0,0,0,0,0,0,0,0,0,0,0,0,0,0,0,0,0,0,2,
2024 - Mortality,16/10/2024,Capricorn Bunkers,Wistari,WIS_B2,WIS_B2_S1,Slope,,AHB,4.0,3.0,0,0,36.00%,0,32,1,0,3,0,0,0,0,0,0,0,0,0,0,0,0,0,0,0,0,0,0,0,0,0,0,0,0,0,0,0,0,0,0,0,0,0,0,0,0,0,0,0,0,0,0,0,0,0,0,0,0,0,0,1,1,0,0,0,0,0,0,0,0,1,0,0,0,0,5,0,0,18,
2024 - Mortality,16/10/2024,Capricorn Bunkers,Wistari,WIS_B2,WIS_B2_S2,Slope,,AHB,4.8,3.0,0,0,31.00%,0,25,2,0,2,0,0,0,0,1,0,0,0,0,0,0,0,1,0,0,0,0,0,0,0,0,0,0,0,0,0,0,0,0,0,0,0,0,0,0,0,0,0,0,0,0,0,0,0,0,0,0,0,0,0,0,2,0,0,0,0,0,0,0,0,2,0,0,0,0,4,0,0,17,
2024 - Mortality,16/10/2024,Capricorn Bunkers,Wistari,WIS_B2,WIS_B2_S3,Slope,,AHB,4.0,2.5,0,0,39.00%,1,17,10,1,6,1,0,0,0,1,0,0,0,0,0,0,0,0,0,0,0,1,0,1,0,0,0,0,0,0,0,0,0,0,0,0,0,0,0,0,0,0,0,0,0,0,0,0,0,0,0,0,0,0,0,0,7,0,1,0,0,0,0,0,0,0,0,0,0,0,1,0,0,16,
2024 - Mortality,16/10/2024,Capricorn Bunkers,Wistari,WIS_B2,WIS_B2_C1,Crest,,AHB,0.5,1.0,0,0,31.00%,1,10,15,0,4,0,0,0,0,0,0,0,0,0,0,0,0,0,0,0,0,0,0,0,0,0,0,0,0,1,0,0,0,0,0,0,0,0,0,0,0,0,0,0,0,0,0,0,0,0,0,0,0,0,0,0,1,0,0,0,0,0,0,0,0,0,0,0,0,0,1,0,0,0,
2024 - Mortality,16/10/2024,Capricorn Bunkers,Wistari,WIS_B2,WIS_B2_C2,Crest,,AHB,0.5,2.0,0,0,41.00%,3,18,11,0,3,1,1,0,0,0,0,0,0,0,0,0,0,0,0,1,0,1,0,0,0,0,0,0,1,1,0,0,0,0,0,0,0,0,0,0,0,0,0,0,0,0,0,0,0,0,0,0,0,0,0,0,0,0,1,0,0,0,0,0,0,0,0,0,0,0,4,0,0,0,
2024 - Mortality,16/10/2024,Capricorn Bunkers,Wistari,WIS_B2,WIS_B2_C3,Crest,,AHB,0.5,2.5,0,0,33.00%,0,16,10,0,3,0,1,0,1,0,0,0,0,0,0,1,0,1,0,0,0,0,0,0,0,0,0,0,0,0,0,0,0,0,0,0,0,0,0,0,0,0,0,0,0,0,0,0,0,0,0,0,0,0,0,0,0,0,0,0,0,0,0,0,0,1,0,0,0,0,0,0,0,3,
2024 - Mortality,16/10/2024,Capricorn Bunkers,Wistari,WIS_B3,WIS_B3_S1,Slope,,AHB,4.0,1.5,0,0,36.00%,2,22,7,0,1,3,0,0,1,0,0,0,0,0,0,0,0,0,0,0,0,0,0,0,0,0,0,0,0,0,0,0,0,0,0,0,0,0,0,0,0,0,0,0,0,0,0,0,0,0,0,0,0,1,0,0,3,0,0,0,0,0,0,0,0,0,0,0,0,0,12,0,0,9,
2024 - Mortality,16/10/2024,Capricorn Bunkers,Wistari,WIS_B3,WIS_B3_S2,Slope,,AHB,4.0,1.5,0,0,40.00%,1,24,8,0,2,2,0,0,0,2,0,0,0,0,0,0,0,0,0,0,0,0,0,0,0,0,0,0,0,0,0,0,0,0,0,0,0,0,0,0,0,0,0,0,0,0,0,0,1,0,0,0,0,0,0,0,3,0,0,0,0,0,0,0,0,2,0,0,0,0,9,0,0,15,
2024 - Mortality,16/10/2024,Capricorn Bunkers,Wistari,WIS_B3,WIS_B3_S3,Slope,,AHB,4.0,1.5,0,0,28.00%,2,12,8,0,2,3,0,0,0,0,0,0,0,0,0,0,0,0,0,0,1,0,0,0,0,0,0,0,0,0,0,0,0,0,0,0,0,0,0,0,0,0,0,0,0,0,0,0,0,0,0,0,0,0,0,0,5,0,1,0,0,0,0,0,0,0,0,0,0,0,8,0,0,11,
2024 - Mortality,16/10/2024,Capricorn Bunkers,Wistari,WIS_B3,WIS_B3_C1,Crest,,AHB,0.5,1.0,0,0,19.00%,1,12,5,0,1,0,0,0,0,0,0,0,0,0,0,0,0,0,0,0,0,0,0,0,0,0,0,0,0,0,0,0,0,0,0,0,0,0,0,0,0,0,0,0,0,0,0,0,0,0,0,0,0,0,0,0,0,0,0,0,0,0,0,0,0,0,0,0,0,0,5,0,0,0,
2024 - Mortality,16/10/2024,Capricorn Bunkers,Wistari,WIS_B3,WIS_B3_C2,Crest,,AHB,0.5,1.5,0,0,24.00%,1,10,8,0,0,0,0,0,0,4,0,0,1,0,0,0,0,0,0,0,0,0,0,0,0,0,0,0,0,0,0,0,0,0,0,0,0,0,0,0,0,0,0,0,0,0,0,0,0,0,0,0,0,0,0,0,0,0,0,0,0,0,0,0,0,0,0,0,0,0,7,0,0,0,
2024 - Mortality,16/10/2024,Capricorn Bunkers,Wistari,WIS_B3,WIS_B3_C3,Crest,,AHB,0.5,1.5,0,0,25.00%,1,6,7,0,0,2,0,0,0,2,0,0,1,0,0,0,0,0,4,0,0,2,0,0,0,0,0,0,0,0,0,0,0,0,0,0,0,0,0,0,0,0,0,0,0,0,0,0,0,0,0,0,0,0,0,0,0,0,0,0,0,0,0,0,0,0,0,0,0,0,6,0,0,0,
2024 - Mortality,16/10/2024,Capricorn Bunkers,Heron,HER_B1,HER_B1_S1,Slope,,MSP,6.0,3.0,0,0,24.00%,3,18,2,0,0,1,0,0,0,0,0,0,0,0,0,0,0,0,0,0,0,0,0,0,0,0,0,0,0,0,0,0,0,0,0,0,0,0,0,0,0,0,0,0,0,0,0,0,0,0,0,0,0,0,0,0,0,0,0,0,0,0,0,0,0,0,0,0,0,0,0,0,0,0,
2024 - Mortality,16/10/2024,Capricorn Bunkers,Heron,HER_B1,HER_B1_S2,Slope,,MSP,6.0,3.0,1,1,47.00%,2,36,4,0,0,5,0,0,0,0,0,0,0,0,0,0,0,0,0,0,0,0,0,0,0,0,0,0,0,0,0,0,0,0,0,0,0,0,0,0,0,0,0,0,0,0,0,0,0,0,0,0,0,0,0,0,0,0,0,0,0,0,0,0,0,0,0,0,0,0,0,0,0,0,
2024 - Mortality,16/10/2024,Capricorn Bunkers,Heron,HER_B1,HER_B1_S3,Slope,,MSP,6.0,3.0,0,0,35.00%,1,27,4,0,0,2,0,0,0,1,0,0,0,0,0,0,0,0,0,0,0,0,0,0,0,0,0,0,0,0,0,0,0,0,0,0,0,0,0,0,0,0,0,0,0,0,0,0,0,0,0,0,0,0,0,0,0,0,0,0,0,0,0,0,0,0,0,0,0,0,0,0,0,0,
2024 - Mortality,16/10/2024,Capricorn Bunkers,Heron,HER_B1,HER_B1_C1,Crest,,MSP,1.0,3.0,0,0,79.00%,0,79,0,0,0,0,0,0,0,0,0,0,0,0,0,0,0,0,0,0,0,0,0,0,0,0,0,0,0,0,0,0,0,0,0,0,0,0,0,0,0,0,0,0,0,0,0,0,0,0,0,0,0,0,0,0,0,0,0,0,0,0,0,0,0,0,0,0,0,0,0,0,0,0,
2024 - Mortality,16/10/2024,Capricorn Bunkers,Heron,HER_B1,HER_B1_C2,Crest,,MSP,1.0,3.0,0,0,67.00%,0,67,0,0,0,0,0,0,0,0,0,0,0,0,0,0,0,0,0,0,0,0,0,0,0,0,0,0,0,0,0,0,0,0,0,0,0,0,0,0,0,0,0,0,0,0,0,0,0,0,0,0,0,0,0,0,0,0,0,0,0,0,0,0,0,0,0,0,0,0,0,0,0,0,
2024 - Mortality,16/10/2024,Capricorn Bunkers,Heron,HER_B1,HER_B1_C3,Crest,,MSP,1.0,3.0,0,0,37.00%,0,36,1,0,0,0,0,0,0,0,0,0,0,0,0,0,0,0,0,0,0,0,0,0,0,0,0,0,0,0,0,0,0,0,0,0,0,0,0,0,0,0,0,0,0,0,0,0,0,0,0,0,0,0,0,0,0,0,0,0,0,0,0,0,0,0,0,0,0,0,0,0,0,0,
2024 - Mortality,17/10/2024,Capricorn Bunkers,Heron,HER_B2,HER_B2_S1,Slope,,AHB,6.0,3.0,0,0,43.00%,2,26,9,0,1,2,0,0,0,2,0,0,0,0,0,0,0,0,0,0,0,1,0,0,0,0,0,0,0,0,0,0,0,0,0,0,0,0,0,0,0,0,0,0,0,0,0,0,0,0,0,0,0,0,0,0,0,0,0,0,0,0,0,0,0,0,0,0,0,0,13,0,0,2,
2024 - Mortality,17/10/2024,Capricorn Bunkers,Heron,HER_B2,HER_B2_S2,Slope,,AHB,6.4,2.5,0,0,32.00%,2,17,7,0,1,2,0,0,0,2,0,0,0,0,0,0,0,0,0,0,0,0,0,0,0,0,0,0,1,0,0,0,0,0,0,0,0,0,0,0,0,0,0,0,0,0,0,0,0,0,0,0,0,0,0,0,0,0,0,0,0,0,0,0,0,0,0,0,0,0,14,0,0,2,
2024 - Mortality,17/10/2024,Capricorn Bunkers,Heron,HER_B2,HER_B2_S3,Slope,,AHB,6.0,2.5,0,0,36.00%,2,24,5,0,2,0,0,0,0,0,1,0,1,0,0,0,0,0,0,1,0,0,0,0,0,0,0,0,0,0,0,0,0,0,0,0,0,0,0,0,0,0,0,0,0,0,0,0,0,0,0,0,0,1,0,1,0,0,0,0,0,0,0,0,0,3,0,0,0,0,8,0,0,0,
2024 - Mortality,17/10/2024,Capricorn Bunkers,Heron,HER_B2,HER_B2_C1,Crest,,AHB,2.5,1.5,0,0,9.00%,1,1,5,0,1,0,1,0,0,0,0,0,0,0,0,0,0,0,0,0,0,0,0,0,0,0,0,0,0,0,0,0,0,0,0,0,0,0,0,0,0,0,0,0,0,0,0,0,0,0,0,0,0,0,0,0,0,0,0,0,0,0,0,0,0,0,0,0,0,0,3,0,0,0,
2024 - Mortality,17/10/2024,Capricorn Bunkers,Heron,HER_B2,HER_B2_C2,Crest,,AHB,2.5,1.5,0,0,13.00%,1,3,6,0,3,0,0,0,0,0,0,0,0,0,0,0,0,0,0,0,0,0,0,0,0,0,0,0,0,0,0,0,0,0,0,0,0,0,0,0,0,0,0,0,0,0,0,0,0,0,0,0,0,0,0,0,0,0,0,0,0,0,0,0,0,0,0,0,0,0,1,0,0,0,
2024 - Mortality,17/10/2024,Capricorn Bunkers,Heron,HER_B2,HER_B2_C3,Crest,,AHB,2.5,1.0,0,0,14.00%,1,4,7,0,1,0,0,0,0,0,0,0,0,0,0,0,0,0,0,1,0,0,0,0,0,0,0,0,0,0,0,0,0,0,0,0,0,0,0,0,0,0,0,0,0,0,0,0,0,0,0,0,0,1,1,0,0,0,0,0,0,0,0,0,0,0,0,0,0,0,0,0,0,1,
2024 - Mortality,17/10/2024,Capricorn Bunkers,Heron,HER_B3,HER_B3_S1,Slope,,AHB,6.1,2.0,0,0,37.00%,3,22,6,0,0,2,0,0,1,2,0,0,0,0,0,0,0,0,0,0,0,0,0,0,0,0,0,0,0,0,0,0,0,0,0,0,0,0,0,0,0,0,0,0,0,0,0,0,1,0,0,0,0,0,0,0,0,0,0,0,0,0,0,0,0,1,0,0,0,0,14,0,0,3,
2024 - Mortality,17/10/2024,Capricorn Bunkers,Heron,HER_B3,HER_B3_S2,Slope,,AHB,6.4,2.5,0,0,40.00%,1,25,3,0,3,6,0,0,0,0,1,0,0,0,0,0,0,0,0,0,0,0,0,0,0,0,0,0,0,0,0,0,0,0,0,0,0,0,0,0,0,1,0,0,0,0,0,0,0,0,0,0,0,0,0,0,0,0,0,0,0,0,0,0,0,1,0,0,0,0,21,0,0,2,
2024 - Mortality,17/10/2024,Capricorn Bunkers,Heron,HER_B3,HER_B3_S3,Slope,,AHB,7.0,2.5,0,0,24.00%,0,14,3,0,2,1,0,0,0,2,0,1,0,0,0,0,0,0,0,0,0,0,0,0,0,0,0,0,0,0,0,0,0,0,0,0,0,0,0,0,0,0,0,0,0,1,0,0,0,0,0,0,0,0,0,0,0,0,0,0,0,0,0,0,0,1,0,0,0,0,18,0,0,2,
2024 - Mortality,17/10/2024,Capricorn Bunkers,Heron,HER_B3,HER_B3_C1,Crest,,AHB,2.4,1.0,0,0,13.00%,0,3,7,0,2,0,1,0,0,0,0,0,0,0,0,0,0,0,0,0,0,0,0,0,0,0,0,0,0,0,0,0,0,0,0,0,0,0,0,0,0,0,0,0,0,0,0,0,0,0,0,0,0,0,0,0,0,0,1,0,0,0,0,0,0,1,0,0,0,0,9,0,0,0,
2024 - Mortality,17/10/2024,Capricorn Bunkers,Heron,HER_B3,HER_B3_C2,Crest,,AHB,2.1,1.5,0,0,17.00%,2,3,6,0,4,1,1,0,0,0,0,0,0,0,0,0,0,0,0,0,0,0,0,0,0,0,0,0,0,0,0,0,0,0,0,0,0,0,0,0,0,0,0,0,0,0,0,0,0,0,0,0,0,0,0,0,0,0,0,0,0,0,0,0,0,0,0,0,0,0,12,0,0,0,
2024 - Mortality,17/10/2024,Capricorn Bunkers,Heron,HER_B3,HER_B3_C3,Crest,,AHB,2.3,1.0,0,0,8.00%,0,2,1,0,1,0,0,0,0,0,0,0,0,1,0,1,0,1,0,0,0,1,0,0,0,0,0,0,0,0,0,0,0,0,0,0,0,0,0,0,0,0,0,0,0,0,0,0,0,0,0,0,0,0,0,0,0,0,0,0,0,0,0,0,0,0,0,0,0,0,26,0,0,0,
2024 - Mortality,17/10/2024,Capricorn Bunkers,Wilson,WIL_B1,WIL_B1_S1,Slope,,MSP,6.0,3.5,0,0,52.00%,5,36,0,0,2,2,0,0,0,3,0,1,0,0,1,0,0,2,0,0,0,0,0,0,0,0,0,0,0,0,0,0,0,0,0,0,0,0,0,0,0,0,0,0,0,0,0,0,0,0,0,0,0,0,0,2,0,0,0,0,0,0,0,0,0,0,0,0,0,0,11,0,0,0,
2024 - Mortality,17/10/2024,Capricorn Bunkers,Wilson,WIL_B1,WIL_B1_S2,Slope,,MSP,6.2,3.0,0,0,35.00%,12,11,5,0,3,0,0,0,0,2,0,1,0,0,0,0,0,0,0,0,1,0,0,0,0,0,0,0,0,0,0,0,0,0,0,0,0,0,0,0,0,0,0,0,0,0,0,0,0,0,0,0,0,0,1,2,0,0,0,0,0,0,0,0,0,0,0,0,0,0,9,0,0,0,
2024 - Mortality,17/10/2024,Capricorn Bunkers,Wilson,WIL_B1,WIL_B1_S3,Slope,,MSP,5.7,3.0,0,0,43.00%,4,27,0,0,5,1,0,0,0,2,0,0,0,0,0,0,0,0,0,1,0,0,0,0,0,0,0,0,1,1,0,0,0,0,0,0,0,0,0,0,0,0,0,0,0,0,0,0,1,0,0,0,0,0,0,2,1,0,0,0,0,0,0,0,0,0,0,0,0,0,8,0,0,0,
2024 - Mortality,17/10/2024,Capricorn Bunkers,Wilson,WIL_B1,WIL_B1_C1,Crest,,MSP,1.0,2.0,0,0,11.00%,1,10,0,0,0,0,0,0,0,0,0,0,0,0,0,0,0,0,0,0,0,0,0,0,0,0,0,0,0,0,0,0,0,0,0,0,0,0,0,0,0,0,0,0,0,0,0,0,0,0,0,0,0,0,0,0,0,0,0,0,0,0,0,0,0,0,0,0,0,0,7,0,0,0,
2024 - Mortality,17/10/2024,Capricorn Bunkers,Wilson,WIL_B1,WIL_B1_C2,Crest,,MSP,1.0,2.0,0,0,18.00%,0,18,0,0,0,0,0,0,0,0,0,0,0,0,0,0,0,0,0,0,0,0,0,0,0,0,0,0,0,0,0,0,0,0,0,0,0,0,0,0,0,0,0,0,0,0,0,0,0,0,0,0,0,0,0,0,0,0,0,0,0,0,0,0,0,0,0,0,0,0,15,0,0,0,
2024 - Mortality,17/10/2024,Capricorn Bunkers,Wilson,WIL_B1,WIL_B1_C3,Crest,,MSP,1.0,2.0,0,0,18.00%,0,13,2,0,0,0,0,0,0,3,0,0,0,0,0,0,0,0,0,0,0,0,0,0,0,0,0,0,0,0,0,0,0,0,0,0,0,0,0,0,0,0,0,0,0,0,0,0,0,0,0,0,0,0,0,0,0,0,0,0,0,0,0,0,0,0,0,0,0,0,3,0,0,0,
2024 - Mortality,17/10/2024,Capricorn Bunkers,Wilson,WIL_B2,WIL_B2_S1,Slope,,MSP,6.4,3.0,0,0,19.00%,3,13,0,0,2,0,1,0,0,0,0,0,0,0,0,0,0,0,0,0,0,0,0,0,0,0,0,0,0,0,0,0,0,0,0,0,0,0,0,0,0,0,0,0,0,0,0,0,0,0,0,0,0,0,0,3,0,0,0,0,0,0,0,0,0,0,0,0,0,0,3,0,0,0,
2024 - Mortality,17/10/2024,Capricorn Bunkers,Wilson,WIL_B2,WIL_B2_S2,Slope,,MSP,7.1,2.5,0,0,12.00%,1,6,0,0,2,0,3,0,0,0,0,0,0,0,0,0,0,0,0,0,0,0,0,0,0,0,0,0,0,0,0,0,0,0,0,0,0,0,0,0,0,0,0,0,0,0,0,0,0,0,0,0,0,0,0,1,0,0,0,0,0,0,0,0,0,0,0,0,0,0,7,0,0,0,
2024 - Mortality,17/10/2024,Capricorn Bunkers,Wilson,WIL_B2,WIL_B2_S3,Slope,,MSP,6.8,2.5,0,0,6.00%,1,1,1,0,0,0,1,0,0,1,0,0,0,0,0,0,0,0,0,0,0,1,0,0,0,0,0,0,0,0,0,0,0,0,0,0,0,0,0,0,0,0,0,0,0,0,0,0,0,0,0,0,0,0,0,0,0,0,0,0,0,0,0,0,0,0,0,0,0,0,18,0,0,0,
2024 - Mortality,17/10/2024,Capricorn Bunkers,Wilson,WIL_B2,WIL_B2_C1,Crest,,MSP,3.0,2.5,0,0,35.00%,6,17,5,0,2,2,0,0,0,0,0,0,0,0,0,0,0,0,2,0,0,1,0,0,0,0,0,0,0,0,0,0,0,0,0,0,0,0,0,0,0,0,0,0,0,0,0,0,0,0,0,0,0,0,0,0,0,0,0,0,0,0,0,0,0,0,0,0,0,0,0,0,0,0,
2024 - Mortality,17/10/2024,Capricorn Bunkers,Wilson,WIL_B2,WIL_B2_C2,Crest,,MSP,3.0,2.0,0,0,25.00%,0,12,11,0,1,0,0,0,0,0,1,0,0,0,0,0,0,0,0,0,0,0,0,0,0,0,0,0,0,0,0,0,0,0,0,0,0,0,0,0,0,0,0,0,0,0,0,0,0,0,0,0,0,0,0,1,0,0,0,0,0,0,1,0,0,0,0,0,0,0,6,0,0,0,
2024 - Mortality,17/10/2024,Capricorn Bunkers,Wilson,WIL_B2,WIL_B2_C3,Crest,,MSP,3.0,2.5,0,0,37.00%,0,14,15,0,0,3,0,0,1,0,0,0,0,0,0,2,0,0,0,0,0,1,0,0,0,0,1,0,0,0,0,0,0,0,0,0,0,0,0,0,0,0,0,0,0,0,0,0,0,0,0,0,0,0,0,3,2,0,0,0,0,0,0,0,0,0,0,0,0,0,2,0,0,0,
2024 - Mortality,18/10/2024,Hydrographers Passage,Chauvel,CHA_B1,CHA_B1_S1,Slope,,AHB,,,0,0,47.00%,1,1,10,0,1,11,3,0,0,1,0,0,0,2,1,0,1,7,0,0,0,1,2,1,0,0,0,0,1,0,0,0,0,0,0,0,0,0,2,0,0,0,0,0,0,1,0,0,0,0,0,0,0,0,0,0,0,0,0,0,0,0,0,0,0,0,0,0,0,0,3,0,0,0,
2024 - Mortality,18/10/2024,Hydrographers Passage,Chauvel,CHA_B1,CHA_B1_S2,Slope,,AHB,,,0,0,52.00%,5,4,5,0,0,5,2,0,0,2,1,0,0,0,1,3,0,4,3,0,0,2,0,3,0,1,1,0,1,0,0,0,0,0,0,0,0,0,4,0,0,1,0,0,0,4,0,0,0,0,0,0,0,3,0,0,0,0,3,0,0,0,0,0,0,0,0,0,0,0,0,0,0,0,
2024 - Mortality,18/10/2024,Hydrographers Passage,Chauvel,CHA_B1,CHA_B1_S3,Slope,,AHB,,,0,0,35.00%,3,1,7,0,0,5,2,1,1,1,0,0,0,0,0,3,4,1,1,0,0,1,0,0,0,0,1,0,0,2,0,0,0,0,0,1,0,0,0,0,0,0,0,0,0,0,0,0,0,0,0,0,0,0,1,1,0,0,0,1,0,0,0,0,0,0,0,0,0,0,0,0,0,1,
2024 - Mortality,18/10/2024,Hydrographers Passage,Chauvel,CHA_B1,CHA_B1_C1,Crest,,AHB,,,0,0,25.00%,4,0,5,0,5,2,1,0,0,3,0,1,0,0,0,0,0,0,0,1,0,2,0,0,0,1,0,0,0,0,0,0,0,0,0,0,0,0,0,0,0,0,0,0,0,0,0,0,0,0,0,0,0,0,0,0,1,0,0,0,0,0,0,0,0,0,0,0,0,0,0,0,0,0,
2024 - Mortality,18/10/2024,Hydrographers Passage,Chauvel,CHA_B1,CHA_B1_C2,Crest,,AHB,,,0,0,37.00%,4,0,18,0,8,0,2,0,0,2,0,0,0,0,0,0,0,2,0,0,0,1,0,0,0,0,0,0,0,0,0,0,0,0,0,0,0,0,0,0,0,0,0,0,0,0,0,0,0,0,0,0,0,0,1,0,2,0,0,0,0,0,0,0,0,1,0,0,0,0,1,0,0,0,
2024 - Mortality,18/10/2024,Hydrographers Passage,Chauvel,CHA_B1,CHA_B1_C3,Crest,,AHB,,,0,0,22.00%,2,2,10,0,2,0,1,0,0,2,0,0,0,0,0,0,0,0,0,1,0,2,0,0,0,0,0,0,0,0,0,0,0,0,0,0,0,0,0,0,0,0,0,0,0,0,0,0,0,0,0,0,0,0,1,0,0,0,0,0,0,0,0,0,0,0,0,0,0,0,0,0,0,0,
2024 - Mortality,18/10/2024,Hydrographers Passage,Chauvel,CHA_B2,CHA_B2_S1,Slope,,AHB,,,0,0,21.00%,3,0,4,0,3,0,0,0,0,1,2,0,0,1,0,0,1,2,0,1,0,2,0,0,0,0,0,0,0,0,0,0,0,0,0,0,0,0,0,0,0,0,0,0,0,0,0,0,1,0,0,0,0,0,1,3,3,0,0,0,0,0,0,0,0,1,0,0,0,0,13,0,0,11,
2024 - Mortality,18/10/2024,Hydrographers Passage,Chauvel,CHA_B2,CHA_B2_S2,Slope,,AHB,,,0,0,31.00%,0,0,6,0,3,0,1,0,0,2,2,0,0,1,0,2,3,1,0,0,0,2,2,0,0,1,0,0,0,0,0,0,0,0,0,1,0,0,1,0,0,2,0,0,1,0,0,0,0,0,0,0,0,0,0,1,4,0,0,0,0,0,0,0,0,0,0,0,0,0,12,0,0,10,
2024 - Mortality,18/10/2024,Hydrographers Passage,Chauvel,CHA_B2,CHA_B2_S3,Slope,,AHB,,,0,0,20.00%,1,1,3,0,1,2,2,0,0,2,2,0,0,1,0,1,0,0,0,1,0,0,0,0,0,0,0,0,0,0,0,0,0,0,0,0,0,0,0,0,0,3,0,0,0,0,0,0,0,0,0,0,0,0,0,0,5,0,0,0,0,0,0,0,0,0,0,0,0,0,28,0,0,9,
2024 - Mortality,18/10/2024,Hydrographers Passage,Chauvel,CHA_B2,CHA_B2_C1,Crest,,AHB,,,0,0,23.00%,4,2,4,0,1,1,1,0,0,2,1,0,0,0,0,0,0,0,0,3,1,1,0,0,0,0,1,0,0,0,0,0,0,0,0,1,0,0,0,0,0,0,0,0,0,0,0,0,0,0,0,0,0,0,1,0,2,0,1,0,0,0,0,0,0,1,0,0,0,0,2,0,0,1,
2024 - Mortality,18/10/2024,Hydrographers Passage,Chauvel,CHA_B2,CHA_B2_C2,Crest,,AHB,,,0,0,13.00%,1,0,3,0,1,0,1,0,0,1,1,0,0,0,1,0,0,1,0,1,0,0,1,0,0,0,0,0,1,0,0,0,0,0,0,0,0,0,0,0,0,0,0,0,0,0,0,0,0,0,0,0,0,0,0,2,3,0,0,0,0,0,0,0,0,0,0,0,0,0,4,0,0,1,
2024 - Mortality,18/10/2024,Hydrographers Passage,Chauvel,CHA_B2,CHA_B2_C3,Crest,,AHB,,,0,0,27.00%,3,0,11,0,2,0,4,0,0,0,0,0,0,2,1,0,0,1,0,1,0,0,0,1,0,0,0,0,0,0,0,0,0,0,0,0,0,0,0,0,0,0,0,0,0,0,0,0,1,0,0,0,0,0,0,1,2,0,1,0,0,0,0,0,0,2,0,0,0,0,4,0,0,2,
2024 - Mortality,18/10/2024,Hydrographers Passage,Chauvel,CHA_B3,CHA_B3_S1,Slope,,MSP,7.0,4.0,0,0,21.00%,1,0,0,3,0,2,0,0,0,2,0,0,0,1,1,0,1,2,1,0,0,1,1,0,0,2,0,0,0,0,0,0,0,0,0,0,0,0,0,0,0,1,0,0,0,2,0,0,0,0,0,0,0,0,0,1,1,0,0,0,0,2,0,0,0,0,0,0,0,0,0,0,0,0,
2024 - Mortality,18/10/2024,Hydrographers Passage,Chauvel,CHA_B3,CHA_B3_S2,Slope,,MSP,7.3,3.5,0,0,20.00%,0,0,2,1,0,1,0,0,0,3,3,0,0,0,2,1,0,1,0,2,1,2,1,0,0,0,0,0,0,0,0,0,0,0,0,0,0,0,0,0,0,0,0,0,0,0,0,0,0,0,0,0,0,0,0,2,0,0,0,0,0,1,0,0,0,0,0,0,0,0,0,0,0,3,
2024 - Mortality,18/10/2024,Hydrographers Passage,Chauvel,CHA_B3,CHA_B3_S3,Slope,,MSP,7.5,3.0,0,0,20.00%,0,0,1,1,0,0,2,0,0,6,4,0,0,1,2,0,0,0,0,1,0,0,0,0,0,0,1,0,1,0,0,0,0,0,0,0,0,0,0,0,0,0,0,0,0,0,0,0,0,0,0,0,0,0,2,3,1,0,0,0,0,0,0,0,0,0,0,0,0,0,0,0,0,0,
2024 - Mortality,18/10/2024,Hydrographers Passage,Chauvel,CHA_B3,CHA_B3_C1,Crest,,MSP,3.5,2.0,0,0,27.00%,1,1,5,0,5,1,3,0,0,2,0,0,0,0,1,0,0,2,0,1,1,4,0,0,0,0,0,0,0,0,0,0,0,0,0,0,0,0,0,0,0,0,0,0,0,0,0,0,0,0,0,0,0,0,1,1,0,0,0,0,0,0,0,0,0,2,0,0,0,0,0,0,0,0,
2024 - Mortality,18/10/2024,Hydrographers Passage,Chauvel,CHA_B3,CHA_B3_C2,Crest,,MSP,4.0,1.5,0,0,35.00%,4,1,3,0,8,0,1,0,1,2,0,0,0,0,1,0,0,5,0,4,1,2,0,0,0,2,0,0,0,0,0,0,0,0,0,0,0,0,0,0,0,0,0,0,0,0,0,0,0,0,0,0,0,0,3,1,0,0,0,0,0,0,0,0,0,0,0,0,0,0,0,0,0,2,
2024 - Mortality,18/10/2024,Hydrographers Passage,Chauvel,CHA_B3,CHA_B3_C3,Crest,,MSP,4.0,1.5,0,0,27.00%,1,0,4,1,2,1,3,0,2,1,1,0,0,1,1,0,0,0,0,0,0,2,0,0,0,2,0,0,1,2,0,0,0,0,0,0,0,0,0,0,0,0,0,0,0,1,0,0,0,1,0,0,0,0,1,0,0,0,0,0,0,0,0,0,0,0,0,0,0,0,0,0,0,0,
2024 - Mortality,18/10/2024,Hydrographers Passage,Goble,GOB_B1,GOB_B1_S1,Slope,,MSP,7.3,3.5,0,0,22.00%,0,0,2,2,1,0,1,0,0,0,0,0,0,1,0,1,1,1,2,3,0,2,2,0,0,0,1,0,0,1,0,0,0,0,0,0,0,0,0,0,0,0,0,1,0,0,0,0,0,0,0,0,0,0,0,0,0,0,0,0,0,0,0,0,0,0,0,0,0,0,0,0,0,0,
2024 - Mortality,18/10/2024,Hydrographers Passage,Goble,GOB_B1,GOB_B1_S2,Slope,,MSP,7.0,3.0,0,0,28.00%,0,0,0,3,0,0,3,0,0,6,0,1,0,0,3,0,0,2,1,1,0,2,0,2,4,0,0,0,0,0,0,0,0,0,0,0,0,0,0,0,0,0,0,0,0,0,0,0,0,0,0,0,0,0,0,1,0,0,0,0,0,0,1,0,0,0,0,0,0,0,0,0,0,3,
2024 - Mortality,18/10/2024,Hydrographers Passage,Goble,GOB_B1,GOB_B1_S3,Slope,,MSP,7.0,4.0,0,0,34.00%,1,0,2,4,0,3,1,0,0,4,0,0,0,0,1,1,1,6,1,1,0,3,1,0,3,1,0,0,0,0,0,0,0,0,0,0,0,0,0,0,0,0,0,0,0,0,0,0,0,0,0,0,0,0,1,0,0,0,0,0,0,0,1,0,0,0,0,0,0,0,0,0,0,0,
2024 - Mortality,18/10/2024,Hydrographers Passage,Goble,GOB_B1,GOB_B1_C1,Crest,,MSP,2.4,1.0,0,0,28.00%,0,1,8,0,14,0,3,0,0,0,0,0,0,0,0,0,0,0,0,1,0,1,0,0,0,0,0,0,0,0,0,0,0,0,0,0,0,0,0,0,0,0,0,0,0,0,0,0,0,0,0,0,0,0,0,0,0,0,1,0,6,0,0,0,0,0,0,0,0,0,0,0,0,0,
2024 - Mortality,18/10/2024,Hydrographers Passage,Goble,GOB_B1,GOB_B1_C2,Crest,,MSP,2.3,1.0,0,0,26.00%,0,1,4,0,13,0,5,0,0,2,0,0,0,0,0,0,0,0,0,0,0,1,0,0,0,0,0,0,0,0,0,0,0,0,0,0,0,0,0,0,0,0,0,0,0,0,0,0,0,0,0,0,0,0,0,0,0,0,0,0,3,0,0,0,2,0,0,0,0,0,0,0,0,0,
2024 - Mortality,18/10/2024,Hydrographers Passage,Goble,GOB_B1,GOB_B1_C3,Crest,,MSP,2.5,1.0,0,0,20.00%,0,0,4,0,15,0,0,0,1,0,0,0,0,0,0,0,0,0,0,0,0,0,0,0,0,0,0,0,0,0,0,0,0,0,0,0,0,0,0,0,0,0,0,0,0,0,0,0,0,0,0,0,0,0,1,0,0,0,0,1,2,1,0,0,0,0,0,0,0,0,0,1,0,0,
2024 - Mortality,18/10/2024,Hydrographers Passage,Goble,GOB_B2,GOB_B2_S1,Slope,,MSP,7.5,3.0,0,0,28.00%,0,0,1,4,0,0,4,0,0,4,0,0,0,0,1,1,1,2,0,2,0,4,0,0,0,0,0,0,1,1,0,0,0,0,0,0,1,0,0,0,0,0,0,0,0,1,0,0,0,0,0,0,0,0,1,3,1,0,0,0,0,2,0,0,0,0,0,0,0,0,0,0,0,0,
2024 - Mortality,18/10/2024,Hydrographers Passage,Goble,GOB_B2,GOB_B2_S2,Slope,,MSP,7.2,3.0,0,0,28.00%,0,0,11,0,0,0,2,1,0,2,0,0,0,0,1,0,0,4,1,0,0,3,2,0,0,0,0,0,0,0,0,0,0,0,0,0,0,0,0,0,0,0,0,0,0,0,0,0,1,0,0,0,0,0,1,1,2,0,0,0,0,0,0,0,0,0,0,0,0,0,0,1,0,0,
2024 - Mortality,18/10/2024,Hydrographers Passage,Goble,GOB_B2,GOB_B2_S3,Slope,,MSP,7.0,4.0,0,0,28.00%,0,0,4,6,2,1,1,0,0,0,0,0,0,0,1,0,0,4,0,0,0,3,0,0,1,1,0,0,0,0,0,0,0,0,0,0,0,0,0,0,0,2,0,0,1,1,0,0,0,0,0,0,0,0,0,0,1,0,0,0,0,0,0,0,0,0,0,0,0,0,0,0,0,0,
2024 - Mortality,18/10/2024,Hydrographers Passage,Goble,GOB_B2,GOB_B2_C1,Crest,,MSP,1.0,1.5,0,0,33.00%,0,1,7,3,11,0,3,0,1,0,0,0,0,0,2,0,0,3,0,0,0,1,0,0,0,0,0,0,0,1,0,0,0,0,0,0,0,0,0,0,0,0,0,0,0,0,0,0,0,0,0,0,0,0,1,0,0,0,0,0,0,0,0,0,0,0,0,0,0,0,0,0,0,0,
2024 - Mortality,18/10/2024,Hydrographers Passage,Goble,GOB_B2,GOB_B2_C2,Crest,,MSP,1.0,1.5,0,0,29.00%,0,2,9,1,7,0,5,0,1,2,0,0,0,0,1,0,0,0,0,0,0,1,0,0,0,0,0,0,0,0,0,0,0,0,0,0,0,0,0,0,0,0,0,0,0,0,0,0,0,0,0,0,0,0,1,1,0,0,0,0,0,0,0,0,0,0,0,0,0,0,0,0,0,0,
2024 - Mortality,18/10/2024,Hydrographers Passage,Goble,GOB_B2,GOB_B2_C3,Crest,,MSP,1.0,1.5,0,0,42.00%,1,3,14,0,9,0,7,0,2,0,1,0,0,0,1,0,1,0,0,0,0,0,0,0,0,0,0,0,3,0,0,0,0,0,0,0,0,0,0,0,0,0,0,0,0,0,0,0,0,0,0,0,0,0,3,0,0,0,0,0,0,0,0,0,0,0,0,0,0,0,0,0,0,0,
2024 - Mortality,18/10/2024,Hydrographers Passage,Goble,GOB_B3,GOB_B3_S1,Slope,,PCD,6.0,2.5,0,0,17.00%,0,3,0,0,0,2,0,0,0,0,3,0,1,0,1,1,0,1,0,1,0,2,1,0,0,0,1,0,0,0,0,0,0,0,0,0,0,0,0,0,0,0,0,0,0,0,0,0,0,0,0,0,0,0,2,1,1,0,0,0,0,0,0,0,0,0,0,0,0,0,0,0,0,0,
2024 - Mortality,18/10/2024,Hydrographers Passage,Goble,GOB_B3,GOB_B3_S2,Slope,,PCD,4.5,2.5,0,0,20.00%,0,2,4,0,2,2,1,0,0,0,2,2,0,0,0,0,0,0,1,2,0,0,0,0,0,0,0,0,0,0,0,0,0,0,0,0,0,0,0,0,0,0,1,0,0,1,0,0,0,0,0,0,0,0,0,2,4,0,0,0,0,0,0,0,0,1,0,0,0,0,0,0,0,0,
2024 - Mortality,18/10/2024,Hydrographers Passage,Goble,GOB_B3,GOB_B3_S3,Slope,,PCD,3.0,2.5,0,0,15.00%,1,0,3,0,3,4,0,0,0,0,0,0,0,1,0,1,0,0,0,0,0,1,0,0,0,0,0,0,0,0,0,0,0,0,0,1,0,0,0,0,0,0,0,0,0,0,0,0,0,0,0,0,0,0,0,1,3,0,0,0,0,0,0,0,0,0,0,0,0,0,0,0,0,0,
2024 - Mortality,18/10/2024,Hydrographers Passage,Goble,GOB_B3,GOB_B3_C1,Crest,,PCD,1.6,1.5,0,0,36.00%,1,0,8,0,8,0,7,0,4,0,1,1,1,0,0,0,1,0,0,0,1,1,0,0,0,1,1,0,0,0,0,0,0,0,0,0,0,0,0,0,0,0,0,0,0,0,0,0,0,0,0,0,0,0,1,3,5,0,0,0,0,0,0,0,0,0,0,0,0,0,0,0,0,0,
2024 - Mortality,18/10/2024,Hydrographers Passage,Goble,GOB_B3,GOB_B3_C2,Crest,,PCD,1.0,2.0,0,0,39.00%,2,0,5,0,9,1,13,0,2,0,0,1,0,0,0,0,0,0,1,0,0,3,0,0,0,0,0,0,0,0,0,0,0,0,0,0,0,0,0,0,0,0,0,0,0,0,0,0,0,0,2,0,0,0,1,2,1,0,0,0,0,0,0,0,0,1,0,0,0,0,0,0,0,1,
2024 - Mortality,18/10/2024,Hydrographers Passage,Goble,GOB_B3,GOB_B3_C3,Crest,,PCD,1.5,2.0,0,0,29.00%,3,0,4,1,5,1,6,1,0,1,0,0,0,0,1,0,1,3,0,1,1,0,0,0,0,0,0,0,0,0,0,0,0,0,0,0,0,0,0,0,0,0,0,0,0,0,0,0,0,0,0,0,0,0,0,1,3,0,0,0,0,0,0,0,0,0,0,0,0,0,0,0,0,2,
2024 - Mortality,19/10/2024,Hydrographers Passage,Bugatti,BUG_B1,BUG_B1_S1,Slope,,MSP,7.5,4.0,0,2,46.00%,5,27,8,0,0,2,2,0,1,0,0,0,0,0,1,0,0,0,0,0,0,0,0,0,0,0,0,0,0,0,0,0,0,0,0,0,0,0,0,0,0,0,0,0,0,0,0,0,0,0,0,0,0,0,0,0,0,0,1,0,0,0,0,0,0,1,0,0,0,0,0,0,0,0,
2024 - Mortality,19/10/2024,Hydrographers Passage,Bugatti,BUG_B1,BUG_B1_S2,Slope,,MSP,8,3.5,0,0,41.00%,4,29,5,0,0,1,1,0,1,0,0,0,0,0,0,0,0,0,0,0,0,0,0,0,0,0,0,0,0,0,0,0,0,0,0,0,0,0,0,0,0,0,0,0,0,0,0,0,0,0,0,0,0,0,0,0,0,0,0,0,0,0,0,0,0,0,0,0,0,0,0,0,0,2,
2024 - Mortality,19/10/2024,Hydrographers Passage,Bugatti,BUG_B1,BUG_B1_S3,Slope,,MSP,7.6,3.5,0,0,42.00%,5,26,6,0,0,2,1,1,0,0,0,0,0,0,0,1,0,0,0,0,0,0,0,0,0,0,0,0,0,0,0,0,0,0,0,0,0,0,0,0,0,0,0,0,0,0,0,0,0,0,0,0,0,0,0,0,0,0,0,0,0,0,0,0,0,0,0,0,0,0,0,0,0,0,
2024 - Mortality,19/10/2024,Hydrographers Passage,Bugatti,BUG_B1,BUG_B1_C1,Crest,,MSP,1.5,1.5,0,0,45.00%,9,6,15,0,5,0,6,0,0,1,0,0,0,0,0,0,1,0,0,1,0,0,0,0,0,0,0,0,0,1,0,0,0,0,0,0,0,0,0,0,0,0,0,0,0,0,0,0,0,0,0,0,0,0,0,0,0,0,0,0,0,0,0,0,0,0,0,0,0,0,0,0,0,0,
2024 - Mortality,19/10/2024,Hydrographers Passage,Bugatti,BUG_B1,BUG_B1_C2,Crest,,MSP,1.2,1.5,0,0,48.00%,11,7,11,0,5,0,8,0,0,1,0,0,0,0,1,0,0,2,0,1,0,0,0,0,0,1,0,0,0,0,0,0,0,0,0,0,0,0,0,0,0,0,0,0,0,0,0,0,0,0,0,0,0,0,0,0,0,0,1,0,0,0,0,0,0,0,0,0,0,0,0,0,0,0,
2024 - Mortality,19/10/2024,Hydrographers Passage,Bugatti,BUG_B1,BUG_B1_C3,Crest,,MSP,1.2,1.5,0,0,50.00%,5,5,24,0,10,0,4,0,0,1,0,0,0,0,0,0,1,0,0,0,0,0,0,0,0,0,0,0,0,0,0,0,0,0,0,0,0,0,0,0,0,0,0,0,0,0,0,0,0,0,0,0,0,0,0,0,0,0,0,0,0,0,0,0,0,0,0,0,0,0,0,1,0,0,
2024 - Mortality,20/10/2024,Cape Cleveland,Broadhurst,BRO_B1,BRO_B1_S1,Slope,,PCD,5.6,3.0,0,0,14.00%,0,2,2,0,0,0,1,0,1,2,0,0,0,1,1,0,0,2,0,0,0,0,0,1,0,0,0,0,0,0,0,0,0,0,0,0,0,0,0,0,0,0,1,0,0,0,0,0,0,0,0,0,0,0,1,0,0,0,0,0,0,0,0,0,0,0,0,0,0,0,0,0,0,0,
2024 - Mortality,20/10/2024,Cape Cleveland,Broadhurst,BRO_B1,BRO_B1_S2,Slope,,PCD,5.6,4.0,0,0,17.00%,1,0,1,0,0,2,1,3,0,4,0,0,0,0,1,0,1,1,0,0,0,0,0,0,0,0,1,0,0,1,0,0,0,0,0,0,0,0,0,0,0,0,0,0,0,0,0,0,0,0,0,0,0,1,1,0,0,0,0,0,0,0,0,0,0,0,0,0,0,0,0,0,0,0,
2024 - Mortality,20/10/2024,Cape Cleveland,Broadhurst,BRO_B1,BRO_B1_S3,Slope,,PCD,6,3.0,0,0,13.00%,0,0,1,0,0,1,2,1,0,2,0,0,0,1,0,0,0,2,0,1,0,0,0,1,0,0,0,0,0,0,0,0,0,0,0,0,0,0,0,0,0,0,0,0,1,0,0,0,0,0,0,0,0,0,0,0,1,0,0,0,0,0,0,0,0,0,0,0,0,0,0,0,0,0,
2024 - Mortality,20/10/2024,Cape Cleveland,Broadhurst,BRO_B1,BRO_B1_C1,Crest,,PCD,1.8,3.0,0,0,34.00%,25,0,2,0,1,0,3,0,0,0,0,0,0,0,0,0,0,1,0,1,0,0,0,0,0,0,0,0,0,0,0,0,0,0,0,0,0,0,0,0,0,0,1,0,0,0,0,0,0,0,0,0,0,0,1,0,0,0,0,0,0,0,0,0,0,0,0,0,0,0,0,0,0,0,
2024 - Mortality,20/10/2024,Cape Cleveland,Broadhurst,BRO_B1,BRO_B1_C2,Crest,,PCD,1.8,3.0,0,0,41.00%,30,7,3,0,0,0,1,0,0,0,0,0,0,0,0,0,0,0,0,0,0,0,0,0,0,0,0,0,0,0,0,0,0,0,0,0,0,0,0,0,0,0,0,0,0,0,0,0,0,0,0,0,0,0,0,0,0,0,0,0,0,0,0,0,0,0,0,0,0,0,0,0,0,0,
2024 - Mortality,20/10/2024,Cape Cleveland,Broadhurst,BRO_B1,BRO_B1_C3,Crest,,PCD,1.8,3.0,0,0,51.00%,39,5,2,0,0,1,1,0,0,1,0,0,0,0,0,0,0,0,1,0,0,0,0,0,1,0,0,0,0,0,0,0,0,0,0,0,0,0,0,0,0,0,0,0,0,0,0,0,0,0,0,0,0,0,0,0,0,0,0,0,0,0,0,0,0,0,0,0,0,0,0,0,0,0,
2024 - Mortality,20/10/2024,Cape Cleveland,Broadhurst,BRO_B2,BRO_B2_S1,Slope,,MSP,8,3.5,0,0,24.00%,0,9,2,0,0,3,0,1,1,1,5,0,0,0,0,0,0,0,0,0,0,0,0,0,0,0,0,0,1,0,0,0,0,0,0,0,0,0,0,0,0,0,0,0,0,0,1,0,0,0,0,0,0,2,1,0,1,0,0,0,0,0,0,0,0,0,0,0,0,0,0,0,0,3,
2024 - Mortality,20/10/2024,Cape Cleveland,Broadhurst,BRO_B2,BRO_B2_S2,Slope,,MSP,8,3.0,0,0,20.00%,0,7,3,0,0,1,1,0,0,0,4,0,0,0,0,1,0,0,0,0,0,0,0,0,2,0,0,0,0,0,0,0,0,0,0,0,0,0,0,0,0,1,0,0,0,0,0,0,0,0,0,0,0,3,2,1,0,0,0,0,0,0,0,0,0,0,0,0,0,0,0,0,0,0,
2024 - Mortality,20/10/2024,Cape Cleveland,Broadhurst,BRO_B2,BRO_B2_S3,Slope,,MSP,8.5,3.5,0,0,29.00%,0,1,3,0,0,2,6,2,0,6,3,0,0,0,3,0,0,1,0,0,0,0,0,0,1,0,0,0,0,0,0,0,0,0,0,0,0,0,0,0,0,0,1,0,0,0,0,0,0,0,0,0,0,4,0,2,0,0,0,0,0,0,0,0,0,0,0,0,0,0,0,0,0,0,
2024 - Mortality,20/10/2024,Cape Cleveland,Broadhurst,BRO_B2,BRO_B2_C1,Crest,,MSP,1.9,1.5,0,0,45.00%,12,3,15,1,1,3,2,0,1,2,0,0,0,0,0,1,0,2,0,1,0,0,0,0,0,0,0,0,0,0,0,0,0,0,0,0,0,0,0,0,0,0,1,0,0,0,0,0,0,0,0,0,0,0,0,0,0,0,0,0,0,0,0,0,0,0,0,0,0,0,0,0,0,0,
2024 - Mortality,20/10/2024,Cape Cleveland,Broadhurst,BRO_B2,BRO_B2_C2,Crest,,MSP,2,1.5,0,0,37.00%,17,2,7,0,0,0,4,0,0,1,0,0,0,0,1,1,0,3,0,0,0,0,0,0,0,0,0,0,0,1,0,0,0,0,0,0,0,0,0,0,0,0,0,0,0,0,0,0,0,0,0,0,0,0,1,0,0,0,0,0,0,0,0,0,0,0,0,0,0,0,0,0,0,0,
2024 - Mortality,20/10/2024,Cape Cleveland,Broadhurst,BRO_B2,BRO_B2_C3,Crest,,MSP,2,1.5,0,0,31.00%,9,4,2,0,0,0,2,0,4,3,0,0,0,0,0,1,1,2,0,2,0,0,0,0,0,0,0,0,1,0,0,0,0,0,0,0,0,0,0,0,0,0,0,0,0,0,0,0,0,0,0,0,0,1,0,0,0,0,0,0,0,0,0,0,1,0,0,0,0,0,0,0,0,0,
2024 - Mortality,20/10/2024,Cape Cleveland,Broadhurst,BRO_B3,BRO_B3_S1,Slope,,AHB,7.8,3.0,0,0,18.00%,0,0,3,1,0,3,1,0,0,6,0,0,0,0,1,1,0,1,0,0,0,0,0,0,0,0,0,0,0,0,0,0,0,0,0,0,0,0,0,0,0,0,0,1,0,0,0,0,0,0,0,0,0,0,3,5,4,0,1,0,0,0,0,0,0,2,0,0,0,0,0,0,0,2,
2024 - Mortality,20/10/2024,Cape Cleveland,Broadhurst,BRO_B3,BRO_B3_S2,Slope,,AHB,7.3,3.0,0,0,10.00%,0,0,0,0,0,2,3,0,0,4,0,0,0,0,0,0,0,0,0,0,0,0,1,0,0,0,0,0,0,0,0,0,0,0,0,0,0,0,0,0,0,0,0,0,0,0,0,0,0,0,0,0,0,2,4,8,11,0,3,0,0,0,0,0,0,0,0,0,0,0,0,0,0,2,
2024 - Mortality,20/10/2024,Cape Cleveland,Broadhurst,BRO_B3,BRO_B3_S3,Slope,,AHB,7.5,3.5,0,0,6.00%,0,0,4,0,0,0,2,0,0,0,0,0,0,0,0,0,0,0,0,0,0,0,0,0,0,0,0,0,0,0,0,0,0,0,0,0,0,0,0,0,0,0,0,0,0,0,0,0,0,0,0,0,0,0,7,2,23,0,0,0,0,0,0,0,0,2,0,0,0,0,0,0,0,4,
2024 - Mortality,20/10/2024,Cape Cleveland,Broadhurst,BRO_B3,BRO_B3_C1,Crest,,AHB,2,2.0,0,0,30.00%,4,0,14,0,0,3,3,0,2,2,0,0,0,0,1,0,0,0,0,0,0,0,0,0,0,0,0,0,0,0,0,0,1,0,0,0,0,0,0,0,0,0,0,0,0,0,0,0,0,0,0,0,0,0,1,2,0,0,0,0,0,0,0,0,0,0,0,0,0,0,1,0,0,0,
2024 - Mortality,20/10/2024,Cape Cleveland,Broadhurst,BRO_B3,BRO_B3_C2,Crest,,AHB,2,2.0,0,0,47.00%,27,3,10,0,1,0,1,0,0,1,0,0,0,0,0,0,2,0,0,0,0,0,0,0,0,0,0,0,2,0,0,0,0,0,0,0,0,0,0,0,0,0,0,0,0,0,0,0,0,0,0,0,0,0,0,0,0,0,0,0,0,0,0,0,0,0,0,0,0,0,1,0,0,0,
2024 - Mortality,20/10/2024,Cape Cleveland,Broadhurst,BRO_B3,BRO_B3_C3,Crest,,AHB,2,2.0,0,0,40.00%,9,1,11,0,2,2,2,0,2,4,0,0,0,0,1,0,0,3,0,2,0,0,0,0,0,0,0,0,1,0,0,0,0,0,0,0,0,0,0,0,0,0,0,0,0,0,0,0,0,0,0,0,0,5,0,0,0,0,0,0,0,0,0,0,0,0,0,0,0,0,0,1,0,0,
2024 - Mortality,20/10/2024,Cape Cleveland,Davies,DAV_B1,DAV_B1_S1,Slope,,AHB,8,4.0,0,2,14.00%,0,1,0,0,0,3,0,0,0,2,0,0,0,1,1,0,0,3,0,0,0,0,0,0,1,1,1,0,0,0,0,0,0,0,0,0,0,0,0,0,0,0,0,0,0,0,0,0,0,0,0,0,0,0,1,0,0,0,0,0,0,0,0,0,0,0,0,0,0,0,0,0,0,0,
2024 - Mortality,20/10/2024,Cape Cleveland,Davies,DAV_B1,DAV_B1_S2,Slope,,AHB,8,4.0,0,1,13.00%,0,0,1,0,0,0,0,0,0,2,0,0,0,3,0,1,0,0,0,0,0,0,0,3,2,0,0,0,0,0,0,0,0,0,0,0,0,0,0,0,0,0,0,1,0,0,0,0,0,0,0,0,0,0,0,1,0,0,0,0,0,0,0,0,0,0,0,0,0,0,0,0,0,0,
2024 - Mortality,20/10/2024,Cape Cleveland,Davies,DAV_B1,DAV_B1_S3,Slope,,AHB,8,4.0,0,2,15.00%,0,1,0,1,0,0,0,0,1,0,0,0,0,1,2,0,0,0,1,0,0,1,0,3,0,1,2,1,0,0,0,0,0,0,0,0,0,0,0,0,0,0,0,0,0,0,0,0,0,0,0,0,0,0,1,1,0,0,3,0,0,0,0,0,0,1,0,0,0,1,0,0,0,0,
2024 - Mortality,20/10/2024,Cape Cleveland,Davies,DAV_B1,DAV_B1_C1,Crest,,AHB,2,2.0,1,0,31.00%,13,2,10,0,3,2,0,0,0,1,0,0,0,0,0,0,0,0,0,0,0,0,0,0,0,0,0,0,0,0,0,0,0,0,0,0,0,0,0,0,0,0,0,0,0,0,0,0,0,0,0,0,0,0,0,0,0,0,0,0,0,0,0,0,0,0,0,0,0,0,0,0,0,0,
2024 - Mortality,20/10/2024,Cape Cleveland,Davies,DAV_B1,DAV_B1_C2,Crest,,AHB,2,2.0,1,0,25.00%,8,1,7,0,1,2,3,0,0,2,0,0,0,0,0,0,0,1,0,0,0,0,0,0,0,0,0,0,0,0,0,0,0,0,0,0,0,0,0,0,0,0,0,0,0,0,0,0,0,0,0,0,0,0,2,0,0,0,0,0,0,0,0,0,0,0,0,0,0,0,0,0,0,0,
2024 - Mortality,20/10/2024,Cape Cleveland,Davies,DAV_B1,DAV_B1_C3,Crest,,AHB,2,2.5,0,0,26.00%,14,1,6,0,0,1,1,0,0,0,0,0,0,0,1,1,0,0,0,0,0,0,0,0,0,0,1,0,0,0,0,0,0,0,0,0,0,0,0,0,0,0,0,0,0,0,0,0,0,0,0,0,0,0,2,0,0,0,1,0,0,0,0,0,0,0,0,0,0,0,0,0,0,0,
2024 - Mortality,20/10/2024,Cape Cleveland,Davies,DAV_B2,DAV_B2_S1,Slope,,AHB,7.3,3.5,0,0,27.00%,0,11,2,0,0,2,6,0,0,4,0,1,0,0,0,0,0,0,0,0,0,0,0,0,0,0,0,0,0,0,0,0,0,0,0,0,0,0,0,0,0,0,0,1,0,0,0,0,0,0,0,0,0,3,0,1,3,0,1,0,0,0,0,0,0,0,0,0,0,0,0,0,0,2,
2024 - Mortality,20/10/2024,Cape Cleveland,Davies,DAV_B2,DAV_B2_S2,Slope,,AHB,7,3.5,0,0,30.00%,0,16,2,0,0,0,0,0,0,2,0,2,0,1,1,0,1,2,0,0,0,0,0,2,0,0,0,0,0,0,0,0,0,0,0,0,0,0,0,0,0,0,1,0,0,0,0,0,0,0,0,0,0,0,0,2,1,0,0,0,0,0,0,0,0,1,0,0,0,0,0,0,0,4,
2024 - Mortality,20/10/2024,Cape Cleveland,Davies,DAV_B2,DAV_B2_S3,Slope,,AHB,7.5,3.5,0,0,35.00%,0,12,4,0,0,2,0,0,0,5,0,0,0,2,1,0,1,2,0,0,1,0,0,1,0,2,0,0,0,0,0,0,0,0,0,0,0,0,0,0,0,0,1,1,0,0,0,0,0,0,0,0,0,9,0,0,0,0,0,0,0,0,0,0,0,0,0,0,0,0,0,0,0,2,
2024 - Mortality,20/10/2024,Cape Cleveland,Davies,DAV_B2,DAV_B2_C1,Crest,,AHB,1.5,2.5,0,0,51.00%,20,12,8,0,1,3,1,0,0,1,0,0,0,0,0,0,0,0,0,0,0,0,0,0,0,0,0,0,5,0,0,0,0,0,0,0,0,0,0,0,0,0,0,0,0,0,0,0,0,0,0,0,0,1,0,0,0,0,0,0,0,0,0,0,0,0,0,0,0,0,0,0,0,0,
2024 - Mortality,20/10/2024,Cape Cleveland,Davies,DAV_B2,DAV_B2_C2,Crest,,AHB,1.5,3.0,1,0,39.00%,27,4,5,0,0,0,3,0,0,0,0,0,0,0,0,0,0,0,0,0,0,0,0,0,0,0,0,0,0,0,0,0,0,0,0,0,0,0,0,0,0,0,0,0,0,0,0,0,0,0,0,0,0,0,0,0,0,0,0,0,0,0,0,0,0,0,0,0,0,0,0,0,0,0,
2024 - Mortality,20/10/2024,Cape Cleveland,Davies,DAV_B2,DAV_B2_C3,Crest,,AHB,1.5,3.0,0,1,45.00%,22,11,8,0,0,0,2,0,0,2,0,0,0,0,0,0,0,0,0,0,0,0,0,0,0,0,0,0,0,0,0,0,0,0,0,0,0,0,0,0,0,0,0,0,0,0,0,0,0,0,0,0,0,1,0,0,0,0,1,0,0,0,0,0,0,1,0,0,0,0,0,0,0,0,
2024 - Mortality,21/10/2024,Cape Cleveland,Davies,DAV_B3,DAV_B3_S1,Slope,,PCD,7.5,3.5,0,0,20.00%,1,0,4,0,0,0,1,1,1,2,0,0,0,0,0,1,1,1,2,0,0,1,0,0,2,0,1,0,0,0,0,0,0,0,0,0,0,0,0,0,0,0,0,1,0,0,0,0,0,0,0,0,0,0,0,0,0,0,0,0,0,0,0,0,0,0,0,0,0,0,0,0,0,0,
2024 - Mortality,21/10/2024,Cape Cleveland,Davies,DAV_B3,DAV_B3_S2,Slope,,PCD,7.5,4.0,0,0,21.00%,0,0,2,0,0,3,2,0,0,6,0,0,2,0,0,0,0,0,1,0,1,0,0,0,1,0,0,0,0,1,0,0,0,0,0,0,0,0,0,0,0,0,0,1,1,0,0,0,0,0,0,0,0,0,0,0,0,0,0,0,0,0,0,0,0,0,0,0,0,0,0,0,0,0,
2024 - Mortality,21/10/2024,Cape Cleveland,Davies,DAV_B3,DAV_B3_S3,Slope,,PCD,7,4.0,0,0,19.00%,1,4,2,1,0,0,3,0,2,1,1,0,0,1,0,1,0,1,0,1,0,0,0,0,0,0,0,0,0,0,0,0,0,0,0,0,0,0,0,0,0,0,0,0,0,0,0,0,0,0,0,0,0,0,0,0,0,0,1,0,0,0,0,0,0,0,0,0,0,0,0,0,0,3,
2024 - Mortality,21/10/2024,Cape Cleveland,Davies,DAV_B3,DAV_B3_C1,Crest,,PCD,1,2.5,0,0,18.00%,3,0,8,0,2,0,0,0,1,1,0,0,0,0,0,0,1,0,0,0,1,0,0,0,0,0,1,0,0,0,0,0,0,0,0,0,0,0,0,0,0,0,0,0,0,0,0,0,0,0,0,0,0,0,2,1,0,0,0,0,0,0,0,0,0,0,0,0,0,0,0,0,0,0,
2024 - Mortality,21/10/2024,Cape Cleveland,Davies,DAV_B3,DAV_B3_C2,Crest,,PCD,1,2.5,0,0,23.00%,2,0,11,0,6,0,2,0,2,0,0,0,0,0,0,0,0,0,0,0,0,0,0,0,0,0,0,0,0,0,0,0,0,0,0,0,0,0,0,0,0,0,0,0,0,0,0,0,0,0,0,0,0,0,0,0,0,0,0,0,0,0,0,0,0,0,0,0,0,0,0,0,0,0,
2024 - Mortality,21/10/2024,Cape Cleveland,Davies,DAV_B3,DAV_B3_C3,Crest,,PCD,1,2.5,0,0,34.00%,5,0,11,0,6,4,2,0,0,3,0,0,1,0,0,0,0,0,1,1,0,0,0,0,0,0,0,0,0,0,0,0,0,0,0,0,0,0,0,0,0,0,0,0,0,0,0,0,0,0,0,0,0,0,0,0,0,0,0,0,0,0,0,0,0,0,0,0,0,0,0,0,0,0,
2024 - Mortality,21/10/2024,Cape Cleveland,Chicken,CHI_B1,CHI_B1_S1,Slope,,MSP,7.8,2.0,0,0,15.00%,0,1,1,2,2,0,3,0,0,1,0,0,0,0,0,3,0,0,0,0,0,0,0,0,0,0,0,0,1,0,0,0,0,0,0,0,0,0,0,0,0,0,1,0,0,0,0,0,0,0,0,0,0,0,1,0,0,0,0,0,0,0,0,0,0,0,0,0,0,0,0,0,0,3,
2024 - Mortality,21/10/2024,Cape Cleveland,Chicken,CHI_B1,CHI_B1_S2,Slope,,MSP,8,2.0,1,0,22.00%,0,1,3,2,0,0,1,0,0,2,0,0,0,0,1,4,0,2,0,1,1,0,0,0,0,0,0,0,0,3,0,0,0,0,0,0,0,0,0,0,0,1,0,0,0,0,0,0,0,0,0,0,0,0,1,0,0,0,0,0,0,0,0,0,0,0,0,0,0,0,0,0,0,0,
2024 - Mortality,21/10/2024,Cape Cleveland,Chicken,CHI_B1,CHI_B1_S3,Slope,,MSP,7.8,1.5,0,0,21.00%,0,0,4,3,0,0,5,0,0,0,0,0,0,0,0,4,0,1,0,1,1,1,0,0,0,0,0,0,0,0,0,0,0,0,0,0,0,0,0,0,0,1,0,0,0,0,0,0,0,0,0,0,0,0,0,0,0,0,0,0,1,0,0,0,0,0,0,0,0,0,0,0,0,0,
2024 - Mortality,21/10/2024,Cape Cleveland,Chicken,CHI_B1,CHI_B1_C1,Crest,,MSP,1.5,1.0,0,0,26.00%,4,0,10,0,6,0,0,0,1,1,0,0,0,0,0,0,1,2,0,0,0,0,0,0,0,0,0,0,1,0,0,0,0,0,0,0,0,0,0,0,0,0,0,0,0,0,0,0,0,0,0,0,0,0,0,0,0,0,0,0,0,0,0,0,0,0,0,0,0,0,0,0,0,0,
2024 - Mortality,21/10/2024,Cape Cleveland,Chicken,CHI_B1,CHI_B1_C2,Crest,,MSP,1.5,2.0,0,0,46.00%,10,3,20,0,2,0,4,0,0,2,0,0,0,0,0,0,1,0,0,3,0,0,0,0,0,0,0,0,1,0,0,0,0,0,0,0,0,0,0,0,0,0,0,0,0,0,0,0,0,0,0,0,0,0,0,0,0,0,0,0,0,0,0,0,0,0,0,0,0,0,0,0,0,0,
2024 - Mortality,21/10/2024,Cape Cleveland,Chicken,CHI_B1,CHI_B1_C3,Crest,,MSP,1.5,2.0,0,0,45.00%,20,1,9,0,8,0,1,0,0,1,0,0,0,1,1,0,0,2,0,0,0,0,0,0,0,0,0,0,0,1,0,0,0,0,0,0,0,0,0,0,0,0,0,0,0,0,0,0,0,0,0,0,0,0,0,0,0,0,0,0,0,0,0,0,0,0,0,0,0,0,0,0,0,0,
2024 - Mortality,21/10/2024,Cape Cleveland,Chicken,CHI_B2,CHI_B2_S1,Slope,,MSP,6,2.0,0,0,11.00%,0,1,2,1,1,1,1,0,2,1,0,0,0,0,0,0,0,0,0,0,0,0,1,0,0,0,0,0,0,0,0,0,0,0,0,0,0,0,0,0,0,0,0,0,0,0,0,0,0,0,0,0,0,0,0,0,0,0,0,0,0,0,0,0,0,1,0,0,0,0,1,1,0,2,
2024 - Mortality,21/10/2024,Cape Cleveland,Chicken,CHI_B2,CHI_B2_S2,Slope,,MSP,6.5,2.0,0,0,16.00%,0,0,1,0,2,1,0,0,3,5,0,0,0,1,0,1,1,0,0,0,0,0,0,0,0,0,0,0,1,0,0,0,0,0,0,0,0,0,0,0,0,0,0,0,0,0,0,0,0,0,0,0,0,1,1,0,0,0,0,0,0,0,0,0,0,0,0,0,0,0,0,0,0,0,
2024 - Mortality,21/10/2024,Cape Cleveland,Chicken,CHI_B2,CHI_B2_S3,Slope,,MSP,6,2.0,0,0,19.00%,0,4,4,0,1,0,0,0,0,1,0,0,0,1,1,1,0,2,0,1,0,0,0,1,0,0,0,0,0,1,0,0,0,0,0,0,0,0,0,0,0,0,1,0,0,0,0,0,0,0,0,0,0,0,0,0,0,0,1,0,0,0,0,0,0,2,0,0,0,0,0,0,0,0,
2024 - Mortality,21/10/2024,Cape Cleveland,Chicken,CHI_B2,CHI_B2_C1,Crest,,MSP,2,2.0,0,0,33.00%,7,6,7,0,11,1,1,0,0,0,0,0,0,0,0,0,0,0,0,0,0,0,0,0,0,0,0,0,0,0,0,0,0,0,0,0,0,0,0,0,0,0,0,0,0,0,0,0,0,0,0,0,0,0,0,0,0,0,0,0,0,0,0,0,0,0,0,0,0,0,0,0,0,0,
2024 - Mortality,21/10/2024,Cape Cleveland,Chicken,CHI_B2,CHI_B2_C2,Crest,,MSP,2,2.5,0,0,38.00%,11,3,12,0,11,0,1,0,0,0,0,0,0,0,0,0,0,0,0,0,0,0,0,0,0,0,0,0,0,0,0,0,0,0,0,0,0,0,0,0,0,0,0,0,0,0,0,0,0,0,0,0,0,0,0,0,0,0,0,0,0,0,0,0,0,0,0,0,0,0,0,0,0,0,
2024 - Mortality,21/10/2024,Cape Cleveland,Chicken,CHI_B2,CHI_B2_C3,Crest,,MSP,2.5,1.5,0,0,18.00%,4,0,5,1,1,2,1,0,0,1,0,0,0,0,0,0,0,1,0,0,0,1,0,0,0,0,0,0,1,0,0,0,0,0,0,0,0,0,0,0,0,0,0,0,0,0,0,0,0,0,0,0,0,0,0,0,0,0,0,0,0,0,0,0,0,0,0,0,0,0,0,1,0,0,
2024 - Mortality,24/10/2024,Cairns,Elford,ELF_B1,ELF_B1_S1,Slope,1,Morgan,3.0,1.5,0,0,36.00%,0,2,9,3,0,1,6,0,0,9,0,0,0,0,1,0,0,3,0,0,0,1,0,0,0,0,0,0,0,0,0,0,0,0,0,0,0,0,0,0,0,0,1,0,0,0,0,0,0,0,0,0,0,0,0,9,0,0,0,0,0,0,0,0,0,0,0,0,0,0,0,0,0,0,
2024 - Mortality,24/10/2024,Cairns,Elford,ELF_B1,ELF_B1_S2,Slope,2,Morgan,3.0,1.5,0,0,24.00%,0,0,4,3,0,1,9,0,0,3,0,0,0,0,1,0,0,0,0,2,0,1,0,0,0,0,0,0,0,0,0,0,0,0,0,0,0,0,0,0,0,0,0,0,0,0,0,0,0,0,0,0,0,0,5,8,0,0,0,0,0,0,0,0,0,0,0,0,0,0,0,0,0,0,
2024 - Mortality,24/10/2024,Cairns,Elford,ELF_B1,ELF_B1_S3,Slope,3,Morgan,3.0,1.5,0,0,25.00%,3,0,7,1,0,0,7,0,0,3,0,0,0,0,4,0,0,0,0,0,0,0,0,0,0,0,0,0,0,0,0,0,0,0,0,0,0,0,0,0,0,0,0,0,0,0,0,0,0,0,0,0,0,0,0,6,0,0,0,0,0,0,0,0,0,0,0,0,0,0,0,0,0,2,
2024 - Mortality,24/10/2024,Cairns,Elford,ELF_B1,ELF_B1_C1,Crest,1,Morgan,1.0,1.5,0,0,31.00%,2,3,14,0,0,1,5,0,0,3,0,0,0,0,0,0,0,1,0,2,0,0,0,0,0,0,0,0,0,0,0,0,0,0,0,0,0,0,0,0,0,0,0,0,0,0,0,0,0,0,0,0,0,0,0,16,0,0,0,0,0,0,0,0,0,0,0,0,0,0,0,0,0,0,
2024 - Mortality,24/10/2024,Cairns,Elford,ELF_B1,ELF_B1_C2,Crest,2,Morgan,1.0,1.5,0,0,23.00%,0,0,6,3,0,2,2,0,1,3,0,0,0,0,3,0,0,1,0,1,0,0,0,0,0,0,0,0,0,0,0,0,1,0,0,0,0,0,0,0,0,0,0,0,0,0,0,0,0,0,0,0,0,0,3,14,0,0,0,0,0,0,0,0,0,0,0,0,0,0,0,0,0,0,
2024 - Mortality,24/10/2024,Cairns,Elford,ELF_B1,ELF_B1_C3,Crest,3,Morgan,1.0,1.5,0,0,30.00%,5,1,9,2,0,0,4,0,0,2,0,0,0,0,2,0,0,2,0,0,0,2,0,1,0,0,0,0,0,0,0,0,0,0,0,0,0,0,0,0,0,0,0,0,0,0,0,0,0,0,0,0,0,0,5,12,0,0,2,0,0,0,0,0,0,0,0,0,0,0,0,0,0,0,
2024 - Mortality,24/10/2024,Cairns,Elford,ELF_B2,ELF_B2_S1,Slope,1,Morgan,7.1,3.5,0,0,9.00%,0,3,1,0,0,1,0,0,1,0,0,0,0,0,1,0,0,0,0,1,0,0,0,0,0,1,0,0,0,0,0,0,0,0,0,0,0,0,0,0,0,0,0,0,0,0,0,0,0,0,0,0,0,0,1,1,0,0,0,0,0,0,0,0,0,0,0,0,15,0,7,0,0,3,
2024 - Mortality,24/10/2024,Cairns,Elford,ELF_B2,ELF_B2_S2,Slope,2,Morgan,6.0,3.0,0,0,25.00%,0,2,5,4,0,1,4,1,0,1,1,0,0,0,0,0,1,0,0,1,0,0,1,0,1,2,0,0,0,0,0,0,0,0,0,0,0,0,0,0,0,0,0,0,0,0,0,0,0,0,0,0,0,0,2,2,0,0,0,0,0,0,0,0,0,0,0,0,6,0,0,0,0,5,
2024 - Mortality,24/10/2024,Cairns,Elford,ELF_B2,ELF_B2_S3,Slope,3,Morgan,7.2,3.0,0,0,23.00%,0,6,2,1,0,0,1,0,3,1,0,0,0,0,2,0,0,1,0,2,0,1,0,0,0,1,0,0,0,0,0,0,0,0,0,1,0,0,0,0,0,0,0,1,0,0,0,0,0,0,0,0,0,0,2,0,0,0,0,0,0,0,0,0,0,0,0,0,3,0,0,0,0,5,
2024 - Mortality,24/10/2024,Cairns,Elford,ELF_B2,ELF_B2_C1,Crest,1,Morgan,1.0,2.5,0,0,37.00%,9,2,20,0,0,0,3,0,0,0,0,0,0,0,0,0,0,3,0,0,0,0,0,0,0,0,0,0,0,0,0,0,0,0,0,0,0,0,0,0,0,0,0,0,0,0,0,0,0,0,0,0,0,1,0,3,0,0,0,0,0,0,0,0,0,0,0,0,0,0,0,0,0,0,
2024 - Mortality,24/10/2024,Cairns,Elford,ELF_B2,ELF_B2_C2,Crest,2,Morgan,1.0,3.0,0,0,39.00%,5,1,24,0,2,1,3,0,0,1,0,0,0,0,0,1,0,0,0,0,0,0,0,0,0,0,0,0,0,0,0,0,0,0,0,0,0,0,0,0,0,0,1,0,0,0,0,0,0,0,0,0,0,0,0,3,0,0,0,0,0,0,0,0,0,0,0,0,0,0,0,0,0,0,
2024 - Mortality,24/10/2024,Cairns,Elford,ELF_B2,ELF_B2_C3,Crest,3,Morgan,1.0,3.0,0,0,42.00%,5,1,19,0,0,4,2,0,0,2,0,0,0,1,1,0,1,1,0,2,0,2,0,0,0,0,0,0,0,1,0,0,0,0,0,0,0,0,0,0,0,0,0,0,0,0,0,0,0,0,0,0,0,0,1,1,0,0,0,0,0,0,0,0,0,0,0,0,2,0,0,0,0,0,
2024 - Mortality,24/10/2024,Cairns,Elford,ELF_B3,ELF_B3_S1,Slope,1,Morgan,7.0,3.0,0,0,25.00%,0,0,9,0,0,1,4,0,0,3,0,0,0,0,0,1,0,1,1,1,1,0,0,0,0,0,1,0,0,0,0,0,0,0,0,1,0,0,1,0,0,0,0,0,0,0,0,0,0,0,0,0,0,1,6,1,1,0,0,0,0,0,0,0,0,0,0,0,0,0,1,0,0,0,
2024 - Mortality,24/10/2024,Cairns,Elford,ELF_B3,ELF_B3_S2,Slope,2,Morgan,7.0,2.5,0,0,23.00%,0,1,5,0,0,0,0,1,1,5,5,0,0,0,0,0,0,0,1,0,0,1,1,0,0,0,0,0,1,1,0,0,0,0,0,0,0,0,0,0,0,0,0,0,0,0,0,0,0,0,0,0,0,0,1,1,0,0,0,0,1,0,0,0,0,0,0,0,0,0,0,0,0,0,
2024 - Mortality,24/10/2024,Cairns,Elford,ELF_B3,ELF_B3_S3,Slope,3,Morgan,7.4,2.5,0,0,25.00%,1,2,4,0,0,0,1,2,2,7,2,1,0,0,0,0,0,0,1,1,0,0,1,0,0,0,0,0,0,0,0,0,0,0,0,0,0,0,0,0,0,0,0,0,0,0,0,0,0,0,0,0,0,0,4,1,2,0,0,0,0,0,0,0,0,0,0,0,0,0,0,0,0,3,
2024 - Mortality,24/10/2024,Cairns,Elford,ELF_B3,ELF_B3_C1,Crest,1,Morgan,1.0,3.0,0,0,31.00%,14,0,9,0,0,0,5,0,0,1,0,0,0,0,0,0,0,0,0,2,0,0,0,0,0,0,0,0,0,0,0,0,0,0,0,0,0,0,0,0,0,0,0,0,0,0,0,0,0,0,0,0,0,2,0,1,0,0,0,0,0,0,0,0,0,0,0,0,0,0,0,0,0,0,
2024 - Mortality,24/10/2024,Cairns,Elford,ELF_B3,ELF_B3_C2,Crest,2,Morgan,1.0,3.0,0,0,37.00%,14,3,8,0,0,0,2,0,0,6,0,0,0,0,1,0,1,1,0,0,0,0,0,0,0,0,0,0,0,0,0,0,0,0,0,0,0,0,0,0,0,0,1,0,0,0,0,0,0,0,0,0,0,1,0,0,0,0,0,0,0,0,0,0,0,0,0,0,0,0,0,0,0,0,
2024 - Mortality,24/10/2024,Cairns,Elford,ELF_B3,ELF_B3_C3,Crest,3,Morgan,1.0,3.5,0,0,31.00%,13,0,7,0,0,0,4,0,0,2,0,0,0,0,0,1,0,1,0,2,0,0,0,0,0,0,0,0,0,0,0,0,0,0,0,0,0,0,0,0,0,0,0,0,0,0,0,0,1,0,0,0,0,2,7,3,0,0,0,0,0,0,0,0,0,0,0,0,0,0,0,0,0,0,
2024 - Mortality,24/10/2024,Cairns,Moore,MOO_B1,MOO_B1_S1,Slope,1,Morgan,6.0,2.5,0,0,9.00%,0,0,1,0,0,0,1,0,0,3,0,0,1,0,2,0,0,0,0,1,0,0,0,0,0,0,0,0,0,0,0,0,0,0,0,0,0,0,0,0,0,0,0,0,0,0,0,0,0,0,0,0,0,0,3,1,0,0,0,0,1,0,1,0,0,0,0,13,0,0,0,0,0,0,
2024 - Mortality,24/10/2024,Cairns,Moore,MOO_B1,MOO_B1_S2,Slope,2,Morgan,6.0,2.0,0,0,9.00%,2,0,1,0,0,0,3,0,0,1,0,0,0,0,0,0,0,0,0,1,0,0,0,0,1,0,0,0,0,0,0,0,0,0,0,0,0,0,0,0,0,0,0,0,0,0,0,0,0,0,0,0,0,0,5,0,0,0,0,0,0,0,0,0,0,0,0,2,0,0,1,0,0,0,
2024 - Mortality,24/10/2024,Cairns,Moore,MOO_B1,MOO_B1_S3,Slope,3,Morgan,6.0,2.5,0,0,18.00%,1,0,0,0,0,0,8,0,0,5,0,0,0,1,1,0,0,0,0,0,0,2,0,0,0,0,0,0,0,0,0,0,0,0,0,0,0,0,0,0,0,0,0,0,0,0,0,0,0,0,0,0,0,0,4,2,0,0,0,0,0,1,0,0,0,0,0,18,0,0,0,0,0,0,
2024 - Mortality,24/10/2024,Cairns,Moore,MOO_B1,MOO_B1_C1,Crest,1,Morgan,1.8,1.5,0,0,15.00%,0,0,1,0,0,0,7,0,0,0,0,0,0,0,0,0,1,1,0,2,0,0,0,0,0,0,0,0,2,1,0,0,0,0,0,0,0,0,0,0,0,0,0,0,0,0,0,0,0,0,0,0,0,0,8,1,0,0,0,0,4,0,0,0,0,0,0,0,0,0,0,0,0,0,
2024 - Mortality,24/10/2024,Cairns,Moore,MOO_B1,MOO_B1_C2,Crest,2,Morgan,1.8,1.5,0,0,17.00%,1,0,7,0,0,0,4,0,0,0,0,0,0,0,0,0,0,2,0,2,0,0,0,0,0,0,0,0,1,0,0,0,0,0,0,0,0,0,0,0,0,0,0,0,0,0,0,0,0,0,0,0,0,0,0,6,0,0,0,0,3,1,0,0,0,0,0,0,0,0,0,0,0,0,
2024 - Mortality,24/10/2024,Cairns,Moore,MOO_B2,MOO_B2_C3,Crest,3,Morgan,1.7,2.5,0,0,14.00%,0,0,7,0,0,1,4,0,0,0,0,0,0,0,0,0,0,0,0,1,0,1,0,0,0,0,0,0,0,0,0,0,0,0,0,0,0,0,0,0,0,0,0,0,0,0,0,0,0,0,0,0,0,3,4,1,0,0,0,0,8,2,0,0,0,0,0,0,0,0,0,0,0,0,
2024 - Mortality,24/10/2024,Cairns,Moore,MOO_B2,MOO_B2_S1,Slope,1,Morgan,8.0,3.0,0,0,14.00%,1,0,2,0,0,0,2,0,0,0,0,0,0,1,2,1,0,1,0,1,0,0,0,0,0,0,0,0,0,1,0,0,0,0,0,0,0,0,1,0,0,0,0,0,1,0,0,0,0,0,0,0,0,0,9,6,0,0,0,2,3,0,1,0,0,0,0,0,0,0,0,0,0,0,
2024 - Mortality,24/10/2024,Cairns,Moore,MOO_B2,MOO_B2_S2,Slope,2,Morgan,8.0,3.0,0,0,6.00%,0,0,1,0,0,2,0,0,0,2,0,0,0,0,0,1,0,0,0,0,0,0,0,0,0,0,0,0,0,0,0,0,0,0,0,0,0,0,0,0,0,0,0,0,0,0,0,0,0,0,0,0,0,1,7,1,0,0,1,5,2,0,0,0,1,0,0,1,1,0,0,0,0,0,
2024 - Mortality,24/10/2024,Cairns,Moore,MOO_B2,MOO_B2_S3,Slope,3,Morgan,8.0,3.0,0,0,16.00%,1,0,0,0,0,4,2,0,0,1,0,0,0,0,0,0,0,0,0,0,0,2,0,0,0,0,0,0,0,2,0,0,0,0,0,0,0,0,0,0,0,0,1,1,1,1,0,0,0,0,0,0,0,2,7,2,0,0,1,2,0,0,0,0,0,0,0,0,0,0,0,0,0,0,
2024 - Mortality,24/10/2024,Cairns,Moore,MOO_B2,MOO_B2_C1,Crest,1,Morgan,2.5,3.5,0,0,29.00%,2,0,11,0,2,2,9,0,0,0,0,0,0,0,2,0,0,0,0,0,0,1,0,0,0,0,0,0,0,0,0,0,0,0,0,0,0,0,0,0,0,0,0,0,0,0,0,0,0,0,0,0,0,0,0,0,0,0,0,0,0,1,0,0,0,0,0,0,0,0,0,0,0,0,
2024 - Mortality,24/10/2024,Cairns,Moore,MOO_B2,MOO_B2_C2,Crest,2,Morgan,2.0,2.5,0,0,24.00%,7,0,9,0,0,4,0,0,0,1,0,0,0,0,0,0,0,0,0,1,1,0,0,0,0,0,0,0,0,0,0,0,0,0,0,0,0,0,0,0,0,0,1,0,0,0,0,0,0,0,0,0,0,0,2,0,0,0,0,0,0,0,0,0,0,0,0,0,0,0,0,0,0,0,
2024 - Mortality,24/10/2024,Cairns,Moore,MOO_B2,MOO_B2_C3,Crest,3,Morgan,2.0,3.5,0,0,25.00%,4,0,10,0,0,0,7,0,0,0,0,0,0,0,0,1,0,1,0,1,0,0,0,0,0,0,0,0,1,0,0,0,0,0,0,0,0,0,0,0,0,0,0,0,0,0,0,0,0,0,0,0,0,2,13,0,0,0,0,0,0,0,0,0,0,0,0,0,0,0,0,0,0,0,
2024 - Mortality,24/10/2024,Cairns,Moore,MOO_B3,MOO_B3_S1,Slope,1,Morgan,7.0,4.0,0,0,30.00%,0,7,8,1,0,0,0,0,0,3,7,0,0,0,0,0,0,1,0,0,0,0,0,0,0,0,0,0,0,0,0,0,0,0,0,0,0,0,0,0,0,0,0,3,0,0,0,0,0,0,0,0,0,0,3,5,0,0,0,0,0,0,0,0,0,0,0,0,0,0,0,0,0,0,
2024 - Mortality,24/10/2024,Cairns,Moore,MOO_B3,MOO_B3_S2,Slope,2,Morgan,8.0,3.5,0,0,9.00%,0,0,0,0,0,0,0,0,0,1,2,0,0,0,1,0,0,0,1,0,0,0,0,0,0,0,0,0,0,0,0,0,0,0,0,0,0,0,0,0,0,0,0,4,0,0,0,0,0,0,0,0,0,0,3,3,0,0,0,0,0,0,0,0,0,0,0,0,0,0,0,0,0,0,
2024 - Mortality,24/10/2024,Cairns,Moore,MOO_B3,MOO_B3_S3,Slope,3,Morgan,8.0,3.5,0,0,36.00%,0,0,5,2,0,0,2,0,0,11,0,0,0,1,2,0,0,1,0,0,0,0,1,0,1,0,0,0,0,0,0,0,0,0,0,0,0,0,0,0,0,0,0,7,1,0,0,1,0,1,0,0,0,0,0,3,0,0,0,0,0,0,0,0,0,0,0,0,0,0,0,0,0,0,
2024 - Mortality,24/10/2024,Cairns,Moore,MOO_B3,MOO_B3_C1,Crest,1,Morgan,1.0,2.5,0,0,12.00%,5,3,3,0,0,0,0,0,0,0,0,0,0,0,0,0,0,0,0,0,0,0,0,0,0,1,0,0,0,0,0,0,0,0,0,0,0,0,0,0,0,0,0,0,0,0,0,0,0,0,0,0,0,1,8,2,0,0,1,0,30,0,0,0,0,0,0,0,0,0,0,0,0,0,
2024 - Mortality,24/10/2024,Cairns,Moore,MOO_B3,MOO_B3_C2,Crest,2,Morgan,1.0,2.5,0,0,16.00%,5,2,7,0,0,0,0,0,0,0,0,0,1,0,0,0,0,0,0,0,0,1,0,0,0,0,0,0,0,0,0,0,0,0,0,0,0,0,0,0,0,0,0,0,0,0,0,0,0,0,0,0,0,0,8,4,0,0,0,0,14,0,0,0,0,0,0,0,0,0,0,0,0,0,
2024 - Mortality,24/10/2024,Cairns,Moore,MOO_B3,MOO_B3_C3,Crest,3,Morgan,1.0,2.5,0,0,10.00%,2,0,4,0,0,1,1,0,0,0,0,0,0,0,0,0,0,0,0,0,0,0,0,0,0,1,0,0,0,0,0,0,0,0,0,0,0,0,0,0,0,0,0,0,0,1,0,0,0,0,0,0,0,0,7,1,0,0,0,3,12,0,0,0,0,0,0,0,0,0,0,0,0,0,
2024 - Mortality,24/10/2024,Cairns,Milln,MIL_B1,MIL_B1_S1,Slope,1,Morgan,8.0,4.0,0,0,22.00%,3,6,3,0,0,0,3,0,0,1,6,0,0,0,0,0,0,0,0,0,0,0,0,0,0,0,0,0,0,0,0,0,0,0,0,0,0,0,0,0,0,0,0,0,0,0,0,0,0,0,0,0,0,0,1,12,3,0,0,0,0,0,0,0,0,0,0,0,0,0,0,0,0,1,
2024 - Mortality,24/10/2024,Cairns,Milln,MIL_B1,MIL_B1_S2,Slope,2,Morgan,8.0,4.0,0,0,32.00%,1,1,3,0,0,1,3,0,0,16,0,2,0,0,0,2,0,1,0,0,0,0,0,0,1,0,0,0,0,0,0,0,0,0,0,0,0,0,0,0,0,0,0,1,0,0,0,0,0,0,0,0,0,1,0,3,2,0,0,11,0,0,0,0,0,0,0,0,0,0,0,0,0,2,
2024 - Mortality,24/10/2024,Cairns,Milln,MIL_B1,MIL_B1_S3,Slope,3,Morgan,8.0,3.0,0,1,33.00%,2,1,3,1,0,4,2,0,0,14,4,0,0,0,0,0,0,0,0,0,0,0,0,0,1,0,0,0,0,0,0,0,0,0,0,0,0,0,0,0,0,0,0,1,0,0,0,0,0,0,0,0,0,0,0,1,0,0,0,6,0,0,0,0,0,0,0,0,0,0,0,0,0,0,
2024 - Mortality,24/10/2024,Cairns,Milln,MIL_B1,MIL_B1_C1,Crest,1,Morgan,1.5,2.5,0,0,37.00%,6,2,16,1,0,1,6,0,0,1,0,0,0,0,0,0,0,2,0,0,0,1,0,0,0,0,0,0,1,0,0,0,0,0,0,0,0,0,0,0,0,0,0,0,0,0,0,0,0,0,0,0,0,0,2,2,0,0,0,0,0,0,0,0,0,0,0,0,0,0,0,0,0,0,
2024 - Mortality,24/10/2024,Cairns,Milln,MIL_B1,MIL_B1_C2,Crest,2,Morgan,2.0,3.0,0,0,49.00%,17,2,13,0,1,2,8,0,0,2,0,0,0,0,1,1,0,1,0,0,0,1,0,0,0,0,0,0,0,0,0,0,0,0,0,0,0,0,0,0,0,0,0,0,0,0,0,0,0,0,0,0,0,1,0,0,0,0,0,0,0,0,0,0,0,0,0,0,0,0,0,0,0,0,
2024 - Mortality,24/10/2024,Cairns,Milln,MIL_B1,MIL_B1_C3,Crest,3,Morgan,2.0,3.0,0,0,35.00%,12,0,12,0,1,0,6,0,0,4,0,0,0,0,0,0,0,0,0,0,0,0,0,0,0,0,0,0,0,0,0,0,0,0,0,0,0,0,0,0,0,0,0,0,0,0,0,0,0,0,0,0,0,2,1,0,0,0,0,0,0,0,0,0,0,0,0,0,0,0,0,0,0,0,
2024 - Mortality,24/10/2024,Cairns,Milln,MIL_B2,MIL_B2_S1,Slope,1,Morgan,8.0,3.5,0,0,41.00%,1,8,4,0,0,3,6,0,0,1,15,0,0,0,1,0,0,0,0,0,0,0,0,1,1,0,0,0,0,0,0,0,0,0,0,0,0,0,0,0,0,0,0,0,0,0,0,0,0,0,0,0,0,2,0,6,4,0,0,0,0,0,0,0,0,0,0,0,0,0,0,0,0,0,
2024 - Mortality,24/10/2024,Cairns,Milln,MIL_B2,MIL_B2_S2,Slope,2,Morgan,8.0,3.5,0,0,37.00%,2,4,5,0,0,1,5,0,0,14,0,3,0,0,0,0,0,1,0,0,0,0,0,0,1,0,0,0,0,0,0,0,0,0,0,0,0,0,0,0,0,0,0,1,0,0,0,0,0,0,0,0,0,1,0,6,0,0,1,0,0,0,0,0,0,0,0,0,0,0,0,0,0,0,
2024 - Mortality,24/10/2024,Cairns,Milln,MIL_B2,MIL_B2_S3,Slope,3,Morgan,8.0,4.0,0,0,29.00%,1,1,5,0,0,0,6,0,2,11,1,0,0,0,0,0,0,0,0,0,0,0,0,1,1,0,0,0,0,0,0,0,0,0,0,0,0,0,0,0,0,0,0,0,0,0,0,0,0,0,0,0,1,1,0,1,4,0,0,0,0,0,0,0,0,0,0,0,0,0,0,0,0,2,
2024 - Mortality,24/10/2024,Cairns,Milln,MIL_B2,MIL_B2_C1,Crest,1,Morgan,1.5,2.5,0,0,31.00%,13,1,11,0,0,0,3,0,0,0,0,0,0,0,1,1,1,0,0,0,0,0,0,0,0,0,0,0,0,0,0,0,0,0,0,0,0,0,0,0,0,0,0,0,0,0,0,0,0,0,0,0,0,0,1,0,0,0,0,0,0,0,0,0,0,0,0,0,0,0,0,0,0,0,
2024 - Mortality,24/10/2024,Cairns,Milln,MIL_B2,MIL_B2_C2,Crest,2,Morgan,1.5,3.0,0,0,20.00%,2,0,10,0,0,0,4,0,0,0,0,0,0,0,0,2,0,0,0,0,0,2,0,0,0,0,0,0,0,0,0,0,0,0,0,0,0,0,0,0,0,0,0,0,0,0,0,0,0,0,0,0,0,0,2,1,0,0,0,0,0,0,0,0,0,0,0,0,0,0,0,0,0,2,
2024 - Mortality,24/10/2024,Cairns,Milln,MIL_B2,MIL_B2_C3,Crest,3,Morgan,1.5,3.5,0,0,22.00%,3,0,7,0,0,1,7,0,0,1,0,0,0,0,0,0,0,1,0,0,0,2,0,0,0,0,0,0,0,0,0,0,0,0,0,0,0,0,0,0,0,0,0,0,0,0,0,0,0,0,0,0,0,0,2,0,0,0,0,0,0,0,0,0,0,0,0,0,0,0,0,0,0,0,
2024 - Mortality,25/10/2024,Lizard,Ribbon 8 ,RIB_B1,RIB_B1_S1,Slope,1,Morgan,6.5,3.5,0,0,34.00%,1,0,7,1,0,4,2,0,2,8,0,0,0,0,2,0,0,0,0,0,0,0,0,2,2,0,1,0,0,0,0,0,0,0,0,0,0,1,0,0,0,0,0,1,0,0,0,0,0,0,0,0,0,2,2,0,0,0,0,0,0,0,2,0,0,0,0,0,0,0,0,0,0,5,
2024 - Mortality,25/10/2024,Lizard,Ribbon 8 ,RIB_B1,RIB_B1_S2,Slope,2,Morgan,7.8,4.0,0,0,25.00%,0,1,4,1,0,3,1,0,1,9,0,0,0,0,1,1,0,1,0,0,0,0,0,0,1,0,0,0,0,0,0,0,0,0,0,0,0,0,0,0,0,0,0,1,0,0,0,0,0,0,0,0,0,2,1,0,0,0,0,0,0,0,1,0,0,0,0,0,0,0,0,0,0,1,
2024 - Mortality,25/10/2024,Lizard,Ribbon 8 ,RIB_B1,RIB_B1_S3,Slope,3,Morgan,8,3.5,0,0,23.00%,0,0,5,0,0,5,1,0,2,5,0,0,0,0,0,1,1,1,0,0,0,0,0,1,0,0,0,0,0,0,0,0,0,0,0,0,0,0,0,0,0,0,0,0,1,0,0,0,0,0,0,0,0,0,0,0,0,0,0,1,0,0,0,0,0,0,0,0,0,0,0,0,0,3,
2024 - Mortality,25/10/2024,Lizard,Ribbon 8 ,RIB_B1,RIB_B1_C1,Crest,1,Morgan,0.7,2.5,0,0,33.00%,1,0,19,0,0,0,3,0,2,3,0,0,0,0,0,0,0,2,0,0,0,0,0,0,1,0,0,0,2,0,0,0,0,0,0,0,0,0,0,0,0,0,0,0,0,0,0,0,0,0,0,0,0,1,1,0,0,0,0,0,0,0,0,0,0,0,0,0,0,0,0,1,0,0,
2024 - Mortality,25/10/2024,Lizard,Ribbon 8 ,RIB_B1,RIB_B1_C2,Crest,2,Morgan,1,2.5,0,0,43.00%,9,0,19,1,0,0,3,0,1,7,0,0,0,0,0,0,0,2,0,0,0,1,0,0,0,0,0,0,0,0,0,0,0,0,0,0,0,0,0,0,0,0,0,0,0,0,0,0,0,0,0,0,0,0,3,0,0,0,0,0,0,0,0,0,0,0,0,0,0,0,0,2,0,0,
2024 - Mortality,25/10/2024,Lizard,Ribbon 8 ,RIB_B1,RIB_B1_C3,Crest,3,Morgan,1,2.5,0,0,34.00%,10,5,12,0,0,0,1,0,4,0,0,0,0,0,0,0,0,1,0,0,1,0,0,0,0,0,0,0,0,0,0,0,0,0,0,0,0,0,0,0,0,0,0,0,0,0,0,0,0,0,0,0,0,2,0,0,0,0,0,0,0,0,0,0,0,0,0,0,0,0,0,2,0,0,
2024 - Mortality,25/10/2024,Lizard,Ribbon 8 ,RIB_B2,RIB_B2_S1,Slope,1,Morgan,6,4.0,0,0,26.00%,0,1,9,1,1,3,1,0,0,7,0,0,0,0,0,0,0,0,0,0,0,0,0,1,2,0,0,0,0,0,0,0,0,0,0,0,0,0,0,0,0,0,0,0,0,0,0,0,0,0,0,0,2,3,1,1,0,0,1,1,0,0,0,0,0,7,0,0,0,0,0,0,0,0,
2024 - Mortality,25/10/2024,Lizard,Ribbon 8 ,RIB_B2,RIB_B2_S2,Slope,2,Morgan,6.2,2.5,0,0,25.00%,1,1,5,0,1,5,0,0,1,6,0,0,0,0,3,0,0,0,0,0,0,1,0,0,1,0,0,0,0,0,0,0,0,0,0,0,0,0,0,0,0,0,0,0,0,0,0,0,0,0,0,0,0,7,2,1,0,0,0,0,0,0,0,0,0,0,0,0,0,0,0,0,0,0,
2024 - Mortality,25/10/2024,Lizard,Ribbon 8 ,RIB_B2,RIB_B2_S3,Slope,3,Morgan,6,3.0,0,0,29.00%,0,0,2,0,5,3,1,0,0,13,0,0,0,0,2,0,0,1,0,0,0,2,0,0,0,0,0,0,0,0,0,0,0,0,0,0,0,0,0,0,0,0,0,0,0,0,0,0,0,0,0,0,0,7,1,0,0,0,1,0,0,0,0,0,0,2,0,0,0,0,0,0,0,0,
2024 - Mortality,25/10/2024,Lizard,Ribbon 8 ,RIB_B2,RIB_B2_C1,Crest,1,Morgan,1,3.5,0,0,37.00%,7,0,13,0,1,0,6,0,0,9,0,0,0,0,0,0,1,0,0,0,0,0,0,0,0,0,0,0,0,0,0,0,0,0,0,0,0,0,0,0,0,0,0,0,0,0,0,0,0,0,0,0,0,1,0,0,0,0,0,0,0,0,0,0,0,0,0,0,0,0,0,1,0,0,
2024 - Mortality,25/10/2024,Lizard,Ribbon 8 ,RIB_B2,RIB_B2_C2,Crest,2,Morgan,1,3.5,0,0,35.00%,7,1,7,0,11,1,3,0,2,2,0,0,0,0,1,0,0,0,0,0,0,0,0,0,0,0,0,0,0,0,0,0,0,0,0,0,0,0,0,0,0,0,0,0,0,0,0,0,0,0,0,0,0,2,0,0,0,0,0,0,0,1,0,0,0,0,0,0,0,0,0,0,0,0,
2024 - Mortality,25/10/2024,Lizard,Ribbon 8 ,RIB_B2,RIB_B2_C3,Crest,3,Morgan,1,4.0,0,0,42.00%,2,0,15,0,5,1,4,0,2,8,0,0,0,0,1,0,0,1,0,1,1,0,0,0,0,0,0,0,0,0,0,0,1,0,0,0,0,0,0,0,0,0,0,0,0,0,0,0,0,0,0,0,0,2,2,0,0,0,0,0,0,1,0,0,0,0,0,0,0,0,0,0,0,0,
2024 - Mortality,25/10/2024,Lizard,Ribbon 8 ,RIB_B3,RIB_B3_S1,Slope,1,Morgan,8,4.0,0,0,34.00%,0,0,6,0,0,1,8,0,1,9,0,0,0,0,1,1,0,2,0,0,0,0,0,1,0,0,1,0,0,0,0,0,0,0,0,0,0,0,0,0,0,0,0,3,0,0,0,0,0,0,0,0,0,2,0,1,0,0,1,0,0,0,0,1,0,0,0,0,0,0,0,0,0,0,
2024 - Mortality,25/10/2024,Lizard,Ribbon 8 ,RIB_B3,RIB_B3_S2,Slope,2,Morgan,8,3.5,0,0,25.00%,0,4,5,0,0,2,4,0,1,4,0,0,0,0,0,0,0,0,0,0,0,1,0,1,0,0,2,0,0,0,0,0,0,0,0,0,0,0,0,0,0,0,0,0,0,1,0,0,0,0,0,0,0,0,5,0,0,0,0,0,0,0,0,0,0,0,0,0,0,0,0,0,0,0,
2024 - Mortality,25/10/2024,Lizard,Ribbon 8 ,RIB_B3,RIB_B3_S3,Slope,3,Morgan,8,3.5,0,0,30.00%,0,4,3,1,1,2,4,0,1,4,0,0,1,0,0,3,0,2,0,0,0,0,1,0,1,0,0,0,0,0,0,0,0,0,0,0,0,0,0,0,0,0,0,0,1,0,0,0,0,1,0,0,0,1,5,0,0,0,0,0,0,0,0,0,0,0,0,0,0,0,0,0,0,0,
2024 - Mortality,25/10/2024,Lizard,Ribbon 8 ,RIB_B3,RIB_B3_C1,Crest,1,Morgan,1,2.0,0,0,26.00%,0,0,7,0,0,0,6,0,1,8,0,0,0,0,1,1,0,0,0,1,0,0,0,0,0,0,0,0,1,0,0,0,0,0,0,0,0,0,0,0,0,0,0,0,0,0,0,0,0,0,0,0,0,2,4,2,0,0,0,0,2,5,0,0,0,0,0,0,0,0,0,0,0,0,
2024 - Mortality,25/10/2024,Lizard,Ribbon 8 ,RIB_B3,RIB_B3_C2,Crest,2,Morgan,1,2.5,0,0,15.00%,0,0,3,0,0,0,7,0,1,3,0,0,0,0,0,0,0,0,0,0,0,0,0,0,1,0,0,0,0,0,0,0,0,0,0,0,0,0,0,0,0,0,0,0,0,0,0,0,0,0,0,0,0,0,8,2,0,0,0,0,0,0,0,0,0,0,0,0,0,0,0,0,0,0,
2024 - Mortality,25/10/2024,Lizard,Ribbon 8 ,RIB_B3,RIB_B3_C3,Crest,3,Morgan,1,2.5,0,0,22.00%,0,1,10,0,0,0,4,0,3,3,0,0,0,0,0,0,0,0,0,0,0,1,0,0,0,0,0,0,0,0,0,0,0,0,0,0,0,0,0,0,0,0,0,0,0,0,0,0,0,0,0,0,0,2,5,4,0,0,1,0,0,0,0,0,0,0,0,0,0,0,0,0,0,0,
2024 - Mortality,25/10/2024,Lizard,North Direction,NOR_B1,NOR_B1_S1,Slope,1,Morgan,5,4.0,0,0,7.00%,0,2,1,0,0,0,3,0,0,0,0,0,0,0,0,0,0,1,0,0,0,0,0,0,0,0,0,0,0,0,0,0,0,0,0,0,0,0,0,0,0,0,0,0,0,0,0,0,0,0,0,0,0,0,0,2,0,0,0,0,0,0,0,0,0,0,0,0,0,0,0,0,0,0,
2024 - Mortality,25/10/2024,Lizard,North Direction,NOR_B1,NOR_B1_S2,Slope,2,Morgan,5,4.0,0,0,16.00%,2,3,5,0,0,0,2,1,0,1,0,0,0,0,1,0,0,0,0,0,0,1,0,0,0,0,0,0,0,0,0,0,0,0,0,0,0,0,0,0,0,0,0,0,0,0,0,0,0,0,0,0,0,0,1,0,0,0,0,0,0,0,0,0,0,0,0,0,0,0,0,0,0,0,
2024 - Mortality,25/10/2024,Lizard,North Direction,NOR_B1,NOR_B1_S3,Slope,3,Morgan,6.5,3.5,0,0,25.00%,0,2,10,0,0,0,3,8,0,0,0,0,0,0,0,2,0,0,0,0,0,0,0,0,0,0,0,0,0,0,0,0,0,0,0,0,0,0,0,0,0,0,0,0,0,0,0,0,0,0,0,0,0,0,1,3,0,0,1,0,0,0,0,0,0,0,0,0,0,0,0,0,0,0,
2024 - Mortality,25/10/2024,Lizard,North Direction,NOR_B1,NOR_B1_C1,Crest,1,Morgan,1.4,2.5,0,0,6.00%,0,0,0,0,0,0,2,0,0,3,0,0,0,0,0,0,0,0,0,0,0,0,0,0,0,0,0,0,0,0,0,0,0,0,0,0,0,0,0,0,0,0,1,0,0,0,0,0,0,0,0,0,0,0,0,0,0,0,0,0,0,0,0,0,0,0,0,0,0,0,0,0,0,0,
2024 - Mortality,25/10/2024,Lizard,North Direction,NOR_B1,NOR_B1_C2,Crest,2,Morgan,1.5,2.5,0,0,2.00%,0,0,0,0,0,0,1,0,0,1,0,0,0,0,0,0,0,0,0,0,0,0,0,0,0,0,0,0,0,0,0,0,0,0,0,0,0,0,0,0,0,0,0,0,0,0,0,0,0,0,0,0,0,0,1,0,0,0,0,0,0,0,0,0,0,0,0,0,0,0,0,2,0,0,
2024 - Mortality,25/10/2024,Lizard,North Direction,NOR_B1,NOR_B1_C3,Crest,3,Morgan,1.4,2.0,0,0,7.00%,0,0,0,0,0,1,2,0,0,1,0,0,0,0,0,0,1,1,0,1,0,0,0,0,0,0,0,0,0,0,0,0,0,0,0,0,0,0,0,0,0,0,0,0,0,0,0,0,0,0,0,0,0,0,7,0,0,0,0,0,0,0,0,0,0,0,0,0,0,0,0,0,0,0,
2024 - Mortality,25/10/2024,Lizard,North Direction,NOR_B2,NOR_B2_S1,Slope,1,Morgan,8,4.0,0,0,32.00%,0,12,6,0,0,0,3,0,0,1,0,0,0,1,1,2,1,0,0,0,0,1,0,0,0,2,1,0,0,0,0,0,0,0,0,0,0,0,0,0,0,0,0,0,0,0,0,0,1,0,0,0,0,0,0,0,0,0,0,0,0,0,0,3,0,0,0,0,0,0,0,0,0,0,
2024 - Mortality,25/10/2024,Lizard,North Direction,NOR_B2,NOR_B2_S2,Slope,2,Morgan,7,4.0,0,0,14.00%,1,1,4,0,0,0,0,0,0,2,0,0,0,0,0,0,0,0,0,0,0,1,0,0,0,2,0,0,0,0,0,0,0,0,0,0,0,0,0,0,0,0,3,0,0,0,0,0,0,0,0,0,0,2,0,1,0,0,3,0,0,0,0,3,0,0,0,0,0,0,0,0,0,0,
2024 - Mortality,25/10/2024,Lizard,North Direction,NOR_B2,NOR_B2_S3,Slope,3,Morgan,6,3.5,0,0,29.00%,2,5,0,0,0,2,0,0,0,1,0,1,0,0,1,3,0,1,1,1,0,2,0,1,2,2,1,0,0,1,0,0,0,0,0,0,0,0,0,0,0,0,1,1,0,0,0,0,0,0,0,0,0,0,1,0,0,0,0,0,0,0,0,0,0,0,0,0,0,0,0,0,0,0,
2024 - Mortality,25/10/2024,Lizard,North Direction,NOR_B2,NOR_B2_C1,Crest,1,Morgan,1.8,3.5,0,0,24.00%,0,0,14,0,0,2,6,0,0,0,0,0,0,0,1,0,0,0,0,0,0,0,0,0,0,0,0,1,0,0,0,0,0,0,0,0,0,0,0,0,0,0,0,0,0,0,0,0,0,0,0,0,0,0,3,0,0,0,0,0,0,0,0,0,0,0,0,0,0,0,0,0,0,0,
2024 - Mortality,25/10/2024,Lizard,North Direction,NOR_B2,NOR_B2_C2,Crest,2,Morgan,1.8,3.5,0,0,19.00%,2,3,9,0,0,0,2,2,0,0,0,0,0,0,0,0,0,0,0,0,0,1,0,0,0,0,0,0,0,0,0,0,0,0,0,0,0,0,0,0,0,0,0,0,0,0,0,0,0,0,0,0,0,0,1,2,0,0,0,0,0,0,0,0,0,0,0,0,0,0,0,0,0,0,
2024 - Mortality,25/10/2024,Lizard,North Direction,NOR_B2,NOR_B2_C3,Crest,3,Morgan,1.8,3.5,0,0,20.00%,1,5,1,0,0,0,2,1,0,1,0,0,0,0,1,3,0,0,0,1,0,2,0,0,0,0,0,1,0,1,0,0,0,0,0,0,0,0,0,0,0,0,0,0,0,0,0,0,0,0,0,0,0,0,0,0,0,0,0,0,0,0,0,0,0,0,0,0,0,0,0,0,0,0,
2024 - Mortality,26/10/2024,Lizard,Lizard,LIZ_B1,LIZ_B1_S1,Slope,1,Morgan,6.5,4.0,0,0,11.00%,0,0,0,1,0,0,1,0,2,0,0,1,0,0,1,1,0,0,0,0,0,0,0,0,4,0,0,0,0,0,0,0,0,0,0,0,0,0,0,0,0,0,0,0,0,0,0,0,0,0,0,0,0,0,1,0,0,0,1,0,0,0,0,0,0,2,0,0,0,0,0,0,0,0,
2024 - Mortality,26/10/2024,Lizard,Lizard,LIZ_B1,LIZ_B1_S2,Slope,2,Morgan,7.1,4.0,0,0,19.00%,0,0,0,1,0,0,2,0,3,2,0,2,0,0,2,2,0,0,1,0,0,2,0,1,1,0,0,0,0,0,0,0,0,0,0,0,0,0,0,0,0,0,0,0,0,0,0,0,0,0,0,0,0,0,4,0,0,0,3,0,0,0,0,0,0,3,0,0,0,0,0,0,0,0,
2024 - Mortality,26/10/2024,Lizard,Lizard,LIZ_B1,LIZ_B1_S3,Slope,3,Morgan,7,3.0,0,0,21.00%,0,0,2,0,0,0,1,0,0,1,0,0,0,0,1,2,0,2,0,1,0,1,0,1,4,0,2,0,0,0,0,0,1,0,0,0,0,0,0,0,0,0,0,0,1,1,0,0,0,0,0,0,0,0,1,0,0,0,3,0,0,0,0,0,0,1,0,0,0,0,0,0,0,0,
2024 - Mortality,26/10/2024,Lizard,Lizard,LIZ_B1,LIZ_B1_C1,Crest,1,Morgan,1,2.5,0,0,8.00%,0,0,0,0,0,0,3,0,0,1,0,0,0,0,1,0,0,2,0,1,0,0,0,0,0,0,0,0,0,0,0,0,0,0,0,0,0,0,0,0,0,0,0,0,0,0,0,0,0,0,0,0,0,0,0,0,0,0,1,0,0,1,0,0,0,0,0,0,0,0,0,0,0,0,
2024 - Mortality,26/10/2024,Lizard,Lizard,LIZ_B1,LIZ_B1_C2,Crest,2,Morgan,1,2.0,0,0,8.00%,0,0,1,0,0,0,5,0,0,1,0,0,0,0,0,0,0,0,0,0,0,1,0,0,0,0,0,0,0,0,0,0,0,0,0,0,0,0,0,0,0,0,0,0,0,0,0,0,0,0,0,0,0,0,2,0,0,0,0,0,0,0,0,0,0,0,0,0,0,0,0,0,0,0,
2024 - Mortality,26/10/2024,Lizard,Lizard,LIZ_B1,LIZ_B1_C3,Crest,3,Morgan,1,2.0,0,0,15.00%,3,2,3,0,0,1,5,0,0,0,0,0,0,0,0,0,0,0,0,0,0,0,0,0,0,0,0,0,1,0,0,0,0,0,0,0,0,0,0,0,0,0,0,0,0,0,0,0,0,0,0,0,0,3,0,0,0,0,0,0,0,0,0,0,0,0,0,0,0,0,0,0,0,0,
2024 - Mortality,26/10/2024,Lizard,Lizard,LIZ_B2,LIZ_B2_S1,Slope,1,Morgan,5,3.5,1,0,30.00%,1,8,5,1,0,5,0,0,2,2,0,1,0,0,0,1,0,0,0,0,0,0,0,0,1,0,1,0,0,0,0,0,0,0,0,0,0,0,0,0,0,0,0,1,0,1,0,0,0,0,0,0,0,0,0,0,0,0,0,0,0,0,0,0,0,0,0,0,0,0,0,0,0,0,
2024 - Mortality,26/10/2024,Lizard,Lizard,LIZ_B2,LIZ_B2_S2,Slope,2,Morgan,5,3.0,0,0,31.00%,1,8,15,0,0,3,0,0,0,0,0,2,0,0,0,0,0,0,0,0,0,0,0,0,1,0,1,0,0,0,0,0,0,0,0,0,0,0,0,0,0,0,0,0,0,0,0,0,0,0,0,0,0,0,0,0,0,0,0,0,0,0,0,0,0,0,0,0,0,0,0,0,0,0,
2024 - Mortality,26/10/2024,Lizard,Lizard,LIZ_B2,LIZ_B2_S3,Slope,3,Morgan,5,3.0,1,0,20.00%,0,6,6,0,0,3,0,0,0,4,0,0,0,0,0,0,0,0,0,0,0,0,0,1,0,0,0,0,0,0,0,0,0,0,0,0,0,0,0,0,0,0,0,0,0,0,0,0,0,0,0,0,0,0,0,0,0,0,0,0,0,0,0,0,0,0,0,0,0,0,0,0,0,0,
2024 - Mortality,26/10/2024,Lizard,Lizard,LIZ_B2,LIZ_B2_C1,Crest,1,Morgan,0.5,3.0,0,0,16.00%,0,0,3,1,0,9,2,0,0,0,0,0,0,0,1,0,0,0,0,0,0,0,0,0,0,0,0,0,0,0,0,0,0,0,0,0,0,0,0,0,0,0,0,0,0,0,0,0,0,0,0,0,0,0,0,0,0,0,0,0,0,0,0,0,0,0,0,0,0,0,0,0,0,0,
2024 - Mortality,26/10/2024,Lizard,Lizard,LIZ_B2,LIZ_B2_C2,Crest,2,Morgan,0.5,3.0,0,0,13.00%,0,0,7,3,0,1,0,0,0,0,0,0,0,0,0,1,0,0,0,0,0,1,0,0,0,0,0,0,0,0,0,0,0,0,0,0,0,0,0,0,0,0,0,0,0,0,0,0,0,0,0,0,0,0,0,0,0,0,0,0,0,0,0,0,0,0,0,0,0,0,0,0,0,0,
2024 - Mortality,26/10/2024,Lizard,Lizard,LIZ_B2,LIZ_B2_C3,Crest,3,Morgan,0.5,2.0,0,0,10.00%,0,0,5,1,0,2,2,0,0,0,0,0,0,0,0,0,0,0,0,0,0,0,0,0,0,0,0,0,0,0,0,0,0,0,0,0,0,0,0,0,0,0,0,0,0,0,0,0,0,0,0,0,0,0,0,0,0,0,0,0,0,0,0,0,0,0,0,0,0,0,0,0,0,0,
2024 - Mortality,26/10/2024,Lizard,Lizard,LIZ_B3,LIZ_B3_S1,Slope,1,Morgan,5.5,3.5,0,0,28.00%,1,5,10,0,0,1,3,0,0,5,0,0,0,1,1,0,0,1,0,0,0,0,0,0,0,0,0,0,0,0,0,0,0,0,0,0,0,0,0,0,0,0,0,0,0,0,0,0,0,0,0,0,0,0,1,0,0,0,0,0,0,0,0,0,0,0,0,0,0,0,0,0,0,0,
2024 - Mortality,26/10/2024,Lizard,Lizard,LIZ_B3,LIZ_B3_S2,Slope,2,Morgan,6,3.0,0,0,15.00%,0,4,2,1,1,1,2,0,0,2,0,0,0,0,0,0,0,1,0,0,0,0,0,0,0,0,0,0,0,0,0,0,0,0,0,0,0,0,0,0,0,0,0,1,0,0,0,0,0,0,0,0,0,0,4,0,0,0,0,0,0,0,0,0,0,0,0,0,0,0,0,0,0,0,
2024 - Mortality,26/10/2024,Lizard,Lizard,LIZ_B3,LIZ_B3_S3,Slope,3,Morgan,7,3.0,0,1,18.00%,0,1,3,2,0,3,3,0,0,1,1,0,0,0,0,0,0,1,0,0,1,0,0,0,0,0,1,0,0,0,0,0,0,0,0,1,0,0,0,0,0,0,0,0,0,0,0,0,0,0,0,0,0,0,2,0,1,0,0,0,0,0,0,0,0,0,0,0,0,0,0,0,0,0,
2024 - Mortality,26/10/2024,Lizard,Lizard,LIZ_B3,LIZ_B3_C1,Crest,1,Morgan,0.5,3.5,0,0,15.00%,1,1,8,0,0,0,2,0,0,1,0,0,0,0,0,0,0,0,0,0,0,1,0,0,0,1,0,0,0,0,0,0,0,0,0,0,0,0,0,0,0,0,0,0,0,0,0,0,0,0,0,0,0,0,0,0,1,0,0,0,1,0,0,0,0,0,0,0,0,0,0,0,0,0,
2024 - Mortality,26/10/2024,Lizard,Lizard,LIZ_B3,LIZ_B3_C2,Crest,2,Morgan,0.5,3.5,0,0,21.00%,1,0,8,0,0,1,8,0,0,0,0,0,0,0,1,0,1,1,0,0,0,0,0,0,0,0,0,0,0,0,0,0,0,0,0,0,0,0,0,0,0,0,0,0,0,0,0,0,0,0,0,0,0,0,0,1,0,0,0,0,0,0,0,0,0,0,0,0,0,0,0,0,0,0,
2024 - Mortality,26/10/2024,Lizard,Lizard,LIZ_B3,LIZ_B3_C3,Crest,3,Morgan,0.5,3.5,0,0,22.00%,2,3,7,0,1,0,7,0,0,0,0,0,0,0,0,1,0,0,0,0,0,0,0,0,0,0,0,0,1,0,0,0,0,0,0,0,0,0,0,0,0,0,0,0,0,0,0,0,0,0,0,0,0,0,2,0,0,0,0,0,0,0,0,0,0,0,0,0,0,0,0,0,0,0,
2024 - Mortality,28/10/2024,Lizard,Lizard,LIZ_B4,LIZ_B4_S1,Slope,1,Emily,3.9,3.0,0,0,73.00%,0,0,0,0,0,0,0,0,0,2,71,0,0,0,0,0,0,0,0,0,0,0,0,0,0,0,0,0,0,0,0,0,0,0,0,0,0,0,0,0,0,0,0,0,0,0,0,0,0,0,0,0,0,1,0,0,0,0,0,0,0,0,0,0,0,0,0,0,0,0,0,0,0,0,
2024 - Mortality,28/10/2024,Lizard,Lizard,LIZ_B4,LIZ_B4_S2,Slope,2,Emily,5.1,3.0,0,0,59.00%,0,0,0,0,0,0,0,0,1,4,53,0,0,0,0,1,0,0,0,0,0,0,0,0,0,0,0,0,0,0,0,0,0,0,0,0,0,0,0,0,0,0,0,0,0,0,0,0,0,0,0,0,0,0,0,0,0,0,0,0,0,0,0,0,0,0,0,0,0,0,0,0,0,1,
2024 - Mortality,28/10/2024,Lizard,Lizard,LIZ_B4,LIZ_B4_S3,Slope,3,Emily,6.3,3.0,0,0,54.00%,0,0,0,0,0,0,0,0,0,16,33,0,0,0,0,2,0,0,0,0,0,0,0,0,0,0,0,0,0,0,0,0,0,0,0,0,0,0,0,0,0,0,0,0,0,0,0,0,3,0,0,0,0,0,0,0,0,0,0,0,0,0,0,0,0,0,0,0,0,0,0,0,0,7,
2024 - Mortality,28/10/2024,Lizard,Lizard,LIZ_B4,LIZ_B4_C1,Crest,1,Emily,2,2.5,0,0,45.00%,0,0,0,0,0,0,0,0,0,12,31,0,0,0,0,1,0,0,0,0,0,0,1,0,0,0,0,0,0,0,0,0,0,0,0,0,0,0,0,0,0,0,0,0,0,0,0,0,0,0,0,0,0,1,0,0,0,0,0,0,0,0,0,0,0,0,1,0,0,0,0,0,0,3,
2024 - Mortality,28/10/2024,Lizard,Lizard,LIZ_B4,LIZ_B4_C2,Crest,2,Emily,1.5,2.5,0,0,18.00%,0,0,0,0,0,0,0,0,0,11,3,1,0,0,0,2,0,0,0,0,0,0,1,0,0,0,0,0,0,0,0,0,0,0,0,0,0,0,0,0,0,0,0,0,0,0,0,0,0,0,0,0,0,0,1,0,0,0,0,0,0,0,0,0,0,0,0,0,0,0,0,0,0,11,
2024 - Mortality,28/10/2024,Lizard,Lizard,LIZ_B4,LIZ_B4_C3,Crest,3,Emily,1.8,2.5,0,0,26.00%,0,0,0,0,0,0,0,0,0,21,0,4,0,0,0,1,0,0,0,0,0,0,0,0,0,0,0,0,0,0,0,0,0,0,0,0,0,0,0,0,0,0,0,0,0,0,0,0,0,0,0,0,0,0,4,0,0,0,0,0,0,0,0,0,0,0,0,0,0,0,0,0,0,1,