"","ReefID","bin.score","DHW","X","Y","year"
"170","10-325",0,7.1,-4982.81975947501,3790.39622454724,"1998"
"173","10-327",0,7.1,-4981.82925772731,3791.0168036113,"1998"
"176","10-336",0,6.58,-4981.83025643413,3786.90035876397,"1998"
"178","10-338",0,6.58,-4996.66723712595,3767.99467988677,"1998"
"179","10-340",0,6.84,-4976.69598178123,3791.22678099185,"1998"
"368","11-001",0,6.51,-4993.79784036737,3764.46258891215,"1998"
"369","11-008",0,4.7,-4978.50221153677,3776.14956081773,"1998"
"370","11-009",0,4.7,-4981.62180998624,3771.67360186001,"1998"
"371","11-010",0,4.7,-4985.74179839497,3766.58578764347,"1998"
"372","11-013",0,4.7,-4985.93127167736,3761.26323864144,"1998"
"373","11-025",0,6.84,-4999.33833154809,3754.97455370121,"1998"
"374","11-026",0,6.84,-4994.06411809338,3760.56426005796,"1998"
"375","11-034",0,6.84,-4998.27930942754,3752.81344068132,"1998"
"376","11-035",0,6.84,-4993.51801844106,3758.7881959638,"1998"
"378","11-038",0,6.51,-4990.51346083248,3760.62163050282,"1998"
"385","11-052",0,4.28,-4992.48871006036,3752.55489982033,"1998"
"388","11-055",0,4.28,-4989.29027266235,3754.24263284637,"1998"
"393","11-061",0,4.28,-4988.75999178231,3753.84361755994,"1998"
"407","11-091",0,6.49,-5049.99647316406,3674.42557525438,"1998"
"438","11-132",0,3.48,-4977.24681441901,3768.36121566961,"1998"
"440","11-136",0,3.48,-4980.24780284359,3761.06887036959,"1998"
"442","11-138",0,3.48,-4981.19438029307,3754.96175298383,"1998"
"443","11-139",0,3.57,-4979.34099993824,3756.29170063293,"1998"
"446","11-142",0,3.57,-4977.19266624796,3758.76163996672,"1998"
"449","11-146",0,3.57,-4976.64897530797,3758.35104612673,"1998"
"451","11-150",0,3.57,-4975.92193171695,3757.80198489005,"1998"
"455","11-156",0,3.52,-4986.38568513109,3754.78234779404,"1998"
"458","11-161",0,3.52,-4984.83863858405,3754.98215344243,"1998"
"461","11-167",0,4.59,-4986.36218624628,3746.58885529372,"1998"
"463","11-173",0,5.3,-5003.69988782036,3721.49810991369,"1998"
"465","11-175",0,5.3,-4998.88512879214,3726.05373436392,"1998"
"466","11-176",1,4.59,-4985.95200882929,3742.1979222648,"1998"
"474","11-185",0,5.3,-4995.46220413927,3727.57263911925,"1998"
"475","11-186",0,5.3,-4995.27760088692,3727.43488969698,"1998"
"481","11-191",0,5.3,-4994.07172864604,3727.89343147333,"1998"
"514","11-240",0,6.28,-5041.90867385258,3664.50506036279,"1998"
"517","11-243",0,6.84,-5051.71323248495,3664.89976400938,"1998"
"525","12-001",0,5.78,-4995.93154197506,3723.85219884029,"1998"
"529","12-004",0,5.78,-4992.02629778637,3726.36659151575,"1998"
"531","12-006",0,5.78,-4991.92872762557,3724.93598812776,"1998"
"532","12-007",0,5.78,-4998.42177718431,3716.21854506869,"1998"
"534","12-010",0,5.78,-4990.88531590243,3722.80216780477,"1998"
"557","12-037",0,6.23,-5038.19544204509,3664.49514741798,"1998"
"575","12-056",0,6.26,-5031.39441729689,3666.26667175731,"1998"
"590","12-084",0,5.06,-4988.63187697376,3704.88580496932,"1998"
"602","12-105",0,5.39,-5001.12109876517,3692.53675689356,"1998"
"607","12-112",0,5.39,-5002.96688535488,3687.15753291782,"1998"
"610","12-115",0,4.89,-5001.78250053964,3686.28464818893,"1998"
"612","12-118",0,4.01,-5015.34615546331,3665.30485343861,"1998"
"613","12-119",0,4.89,-5000.98986332251,3685.70047916424,"1998"
"628","13-005",0,3.78,-5013.04280398838,3659.59646939476,"1998"
"636","13-016",0,3.78,-5014.78484339372,3655.50298152876,"1998"
"643","13-028",0,3.78,-5016.11170287364,3651.11117042256,"1998"
"649","13-040",0,3.94,-5012.8052712385,3650.0424217094,"1998"
"670","13-077",0,3.87,-5000.38656012453,3654.37211306515,"1998"
"671","13-078",0,3.87,-5003.79375193651,3646.15467274939,"1998"
"676","13-088",0,3.87,-5001.03107913261,3645.47724207356,"1998"
"683","13-108",0,3.34,-4999.92239596011,3639.32735004241,"1998"
"702","14-003",0,2.8,-4999.65754439449,3635.1314847151,"1998"
"707","14-016",0,2.95,-5008.54640525746,3624.250768768,"1998"
"708","14-017",0,2.43,-5014.78887532393,3611.45975554527,"1998"
"709","14-018",0,2.09,-5019.16723287705,3603.98059846369,"1998"
"738","14-053",0,3.33,-5043.8790171666,3559.38472217061,"1998"
"739","14-054",0,3.33,-5047.99953120217,3553.06085711577,"1998"
"743","14-063",0,3.33,-5051.31498534088,3543.54259935059,"1998"
"760","14-082",0,3.65,-5060.57519154063,3530.30536431414,"1998"
"761","14-083",0,2.88,-5074.09331378671,3510.8480852248,"1998"
"763","14-085",0,2.88,-5078.91712149357,3502.40157643041,"1998"
"764","14-086",0,2.88,-5083.19183255501,3496.19460600076,"1998"
"767","14-089",0,2.36,-5085.70423063246,3490.08351485802,"1998"
"786","14-113",0,2.81,-5079.05167290385,3493.34702434003,"1998"
"787","14-114",0,2.81,-5079.19867975141,3492.14126564019,"1998"
"788","14-115",0,2.72,-5064.29486249813,3513.226354481,"1998"
"789","14-116a",0,2.81,-5076.52727460166,3495.52752848125,"1998"
"790","14-116b",0,2.81,-5077.7473784966,3493.75491875371,"1998"
"791","14-116c",0,2.81,-5077.28339316207,3493.43567265423,"1998"
"793","14-118",0,2.81,-5071.09351642439,3500.92562186923,"1998"
"795","14-120a",0,2.72,-5058.99200093779,3517.40040824235,"1998"
"796","14-120b",0,2.72,-5059.37327937736,3516.35642464244,"1998"
"797","14-120c",0,2.72,-5058.377469055,3518.2841099054,"1998"
"800","14-120f",0,2.72,-5059.22405848388,3517.56175249971,"1998"
"811","14-131",0,2.87,-5061.0989868239,3508.39253957369,"1998"
"814","14-133",0,2.51,-5074.10190988671,3486.03051832294,"1998"
"816","14-135",0,2.87,-5071.80391398458,3488.36205102526,"1998"
"817","14-137",0,2.36,-5087.59774984132,3484.85581627135,"1998"
"818","14-138",0,2.36,-5088.26697074381,3481.40152856799,"1998"
"819","14-139",0,2.36,-5088.9300931385,3477.9448464179,"1998"
"821","14-143",0,2.36,-5078.32433073182,3488.93142338726,"1998"
"824","14-147a",0,2.51,-5077.06306406062,3486.75952274253,"1998"
"825","14-147b",0,2.51,-5077.29743926074,3486.92048390268,"1998"
"827","14-150b",0,2.51,-5078.08550513278,3482.24773342662,"1998"
"828","14-151",0,2.51,-5085.02896401909,3470.07195915038,"1998"
"829","14-152",0,2.51,-5084.18617172338,3470.79874053706,"1998"
"832","14-154",0,2.51,-5083.97488349355,3468.05291853908,"1998"
"833","15-002",0,3.48,-5067.47411843448,3490.59710736111,"1998"
"834","15-003",1,3.48,-5061.91408424413,3494.58842670412,"1998"
"835","15-005",0,3.48,-5064.11353630923,3490.88985543344,"1998"
"836","15-006",1,3.48,-5057.29784966388,3499.22702912481,"1998"
"837","15-008",1,3.48,-5053.76442498213,3503.30816518906,"1998"
"839","15-012",0,4.4,-5057.492742951,3485.02454641787,"1998"
"840","15-013",0,4.4,-5055.42231220156,3484.89865759571,"1998"
"843","15-018",0,3.31,-5072.2372858227,3482.14333451283,"1998"
"844","15-019",0,3.31,-5074.66752990468,3478.60068802288,"1998"
"845","15-021",0,3.31,-5083.04029398602,3464.81551886333,"1998"
"848","15-024",0,3.31,-5073.12441017293,3476.2422327105,"1998"
"850","15-027",0,3.31,-5074.10873516974,3471.71443800203,"1998"
"851","15-028",0,3.31,-5070.23004820178,3476.86093025732,"1998"
"854","15-031",0,3.59,-5070.47979369298,3474.43006987876,"1998"
"855","15-032",0,3.59,-5080.04020772245,3458.87626215329,"1998"
"858","15-035",0,3.59,-5072.42136314774,3467.96054784866,"1998"
"859","15-036",0,3.59,-5072.78362633554,3466.90981155253,"1998"
"861","15-039",0,3.59,-5067.81648808545,3472.60510075067,"1998"
"863","15-044",0,3.59,-5067.92881616482,3468.78409480684,"1998"
"865","15-047",0,3.59,-5071.42875394601,3462.08969093529,"1998"
"866","15-048",0,3.59,-5068.8805312041,3464.24230593759,"1998"
"875","15-063",1,5.14,-5047.69407522278,3483.47143444394,"1998"
"876","15-064",1,5.14,-5049.98769540484,3478.55204186718,"1998"
"877","15-065",1,5.14,-5051.20193485106,3476.78861092756,"1998"
"878","15-066",0,7.14,-5042.56091314912,3478.63054598825,"1998"
"879","15-069",0,7.14,-5043.47702668905,3474.06733787951,"1998"
"880","15-070",0,4.36,-5066.82085550792,3466.72805746411,"1998"
"885","15-077",0,4.36,-5067.16049552858,3463.06677609068,"1998"
"889","15-082",0,4.36,-5064.71908011476,3463.99110596765,"1998"
"892","15-086",1,5.14,-5054.86856341888,3474.11491187169,"1998"
"895","15-089",0,6.54,-5057.47576994163,3465.51936063832,"1998"
"899","15-093",0,6.54,-5054.36929516616,3464.68658371732,"1998"
"901","15-095",0,6.54,-5059.05082430678,3456.2278251502,"1998"
"910","16-002",1,4.36,-5043.77755474334,3470.38190903493,"1998"
"912","16-005",1,4.49,-5040.14496248498,3465.29035740806,"1998"
"913","16-006",1,4.49,-5039.46533949058,3463.52856936469,"1998"
"914","16-014",0,4.36,-5059.03203087968,3449.74307427923,"1998"
"919","16-019",0,4.32,-5064.80798928208,3436.87394375279,"1998"
"920","16-020",0,4.36,-5054.07856671612,3451.53801483658,"1998"
"923","16-023",0,4.36,-5054.35102615539,3447.8448909122,"1998"
"928","16-028",1,4.49,-5040.76677563227,3456.6567777237,"1998"
"929","16-029",0,3.32,-5052.62359439982,3437.62771736309,"1998"
"932","16-038",1,4.92,-5035.92261089724,3455.92069246376,"1998"
"933","16-039",1,4.92,-5032.98740854656,3459.07641077573,"1998"
"938","16-046",0,4.24,-5056.24268526274,3418.18780053718,"1998"
"939","16-047",1,4.92,-5039.09549114441,3440.01688635677,"1998"
"940","16-049",1,4.61,-5056.57207399525,3411.98449843443,"1998"
"944","16-055",1,4.61,-5053.16015902542,3408.39956423148,"1998"
"948","16-063",0,2.98,-5074.13187730215,3390.42652639864,"1998"
"949","16-064",0,2.98,-5062.00136385939,3407.93923538139,"1998"
"953","16-071",0,3.92,-5066.96184771837,3390.75388512166,"1998"
"955","16-073",0,3.92,-5067.98395804743,3386.31861808499,"1998"
"956","16-074",0,3.92,-5065.08080041431,3389.49510942016,"1998"
"957","16-080",1,4.92,-5035.7430185996,3454.50349168672,"1998"
"959","17-001a",0,4.12,-5063.51269632679,3387.16716393405,"1998"
"961","17-004",1,4.12,-5059.7923717898,3389.79498262079,"1998"
"965","17-009",1,4.12,-5047.542540907,3403.32945802809,"1998"
"966","17-010",0,3.51,-5063.0216132428,3377.89341435101,"1998"
"967","17-011",1,3.51,-5067.45952071956,3370.63858123623,"1998"
"968","17-012a",1,4.12,-5050.06188719187,3396.05989347045,"1998"
"969","17-012b",1,4.12,-5049.78880219115,3395.87624957871,"1998"
"970","17-013",1,4.12,-5050.10776376043,3394.81165427661,"1998"
"974","17-017",1,4.01,-5064.12637127344,3369.69580889354,"1998"
"975","17-018",1,4.01,-5063.71528910188,3364.32515878019,"1998"
"979","17-024",0,4.01,-5060.62971072685,3363.54774988406,"1998"
"983","17-034",1,5.11,-5058.9285359975,3363.68944887843,"1998"
"984","17-035",0,3.74,-5067.13241099047,3351.31821382509,"1998"
"985","17-037",0,5.11,-5060.79585686279,3356.02291889378,"1998"
"986","17-042",0,5.11,-5060.56322608472,3353.32544560653,"1998"
"987","17-043a",1,5.58,-5042.96449237306,3378.52118776449,"1998"
"988","17-043b",1,5.58,-5042.37504728994,3379.40085961652,"1998"
"989","17-043c",0,5.58,-5042.65549516064,3379.5888158408,"1998"
"990","17-044",1,5.11,-5054.18768910753,3359.26605994408,"1998"
"991","17-046",0,6.09,-5039.22789570939,3379.84186411292,"1998"
"992","17-047",0,5.57,-5055.70537995529,3353.91714738087,"1998"
"993","17-048",1,6.09,-5036.89440641846,3382.10169258624,"1998"
"994","17-051",0,5.57,-5056.36188406964,3348.00155415195,"1998"
"995","17-053",1,6.09,-5033.2818811515,3375.85383472761,"1998"
"996","17-054",1,6.09,-5032.40810278088,3376.54072918184,"1998"
"997","17-055",0,6.09,-5031.53411510289,3377.22721169165,"1998"
"999","17-059a",1,3.74,-5063.52888107258,3346.39621967267,"1998"
"1002","17-060",0,5.11,-5060.062981284,3349.18262605271,"1998"
"1005","17-063a",0,4.6,-5059.81707101564,3346.47996802658,"1998"
"1006","17-064",0,4.6,-5060.43347888016,3343.08043232219,"1998"
"1008","17-066",1,4.6,-5061.05774337754,3338.42073800073,"1998"
"1010","17-068",0,3.23,-5071.5423066342,3318.72391243875,"1998"
"1011","17-069",0,3.82,-5068.36883311863,3320.43860864205,"1998"
"1012","18-001",0,6.3,-5031.85615918164,3374.89759402962,"1998"
"1013","18-003",0,6.3,-5032.7484841564,3372.94913489879,"1998"
"1014","18-004",1,6.3,-5033.90804822819,3372.45384612933,"1998"
"1015","18-005",1,6.3,-5033.94178745816,3369.9306855616,"1998"
"1016","18-006",1,6.3,-5034.24426074726,3368.85964386464,"1998"
"1017","18-007",1,5.91,-5047.44878776981,3347.17192568184,"1998"
"1018","18-008",1,5.91,-5036.06861346134,3359.91119594201,"1998"
"1019","18-010",0,6.3,-5027.26819448113,3371.82041723056,"1998"
"1020","18-013",0,5.91,-5035.22763062645,3355.53971342904,"1998"
"1022","18-017",0,3.82,-5068.3757198051,3317.91656132238,"1998"
"1023","18-018",1,5.05,-5054.72887319321,3338.04532555109,"1998"
"1025","18-020",1,3.82,-5067.22372104318,3315.8979095382,"1998"
"1026","18-022",0,3.82,-5064.32888503588,3319.05645467507,"1998"
"1027","18-023",0,3.82,-5075.88004356909,3300.0947693722,"1998"
"1028","18-024",0,5.05,-5059.40052581656,3319.61462497585,"1998"
"1030","18-026",0,5.29,-5057.35626363823,3317.0096652324,"1998"
"1031","18-027",0,4.15,-5061.68182318539,3308.48763063027,"1998"
"1033","18-029",0,5.29,-5052.98324289135,3317.92641253618,"1998"
"1034","18-030",0,4.15,-5068.54789936684,3292.81070898235,"1998"
"1035","18-031",0,4.15,-5067.36752875638,3292.04387456274,"1998"
"1036","18-032",0,4.15,-5060.16589009863,3302.45799762912,"1998"
"1038","18-034",0,2.32,-5096.13008895231,3260.36464433339,"1998"
"1041","18-039",0,2.32,-5095.4125172516,3252.39090685325,"1998"
"1042","18-041",0,2.32,-5089.43302246161,3261.08881388787,"1998"
"1046","18-046",0,2.62,-5098.49320799453,3245.59643345813,"1998"
"1047","18-048",1,6.41,-5035.79672136734,3334.3846101382,"1998"
"1048","18-049a",1,6.41,-5034.61504977248,3333.60218229249,"1998"
"1049","18-049b",1,6.41,-5033.43098351085,3332.8181688506,"1998"
"1050","18-049c",1,6.41,-5032.83798593191,3332.42552353339,"1998"
"1051","18-049d",1,6.41,-5034.01230258192,3331.94005796045,"1998"
"1052","18-049e",1,6.41,-5035.49218032563,3332.91956767135,"1998"
"1053","18-051",1,6.61,-5024.88114879104,3334.73283508768,"1998"
"1054","18-052a",1,5.99,-5036.60819456713,3326.07877935227,"1998"
"1055","18-052b",0,5.99,-5035.73082501579,3326.76108752593,"1998"
"1057","18-054",1,5.99,-5042.05600136555,3313.27134982915,"1998"
"1058","18-054a",0,5.99,-5036.28175751809,3323.33862386057,"1998"
"1061","18-054e",1,5.99,-5039.16253344391,3317.67037543518,"1998"
"1062","18-054f",1,5.99,-5038.03724949616,3321.97273750886,"1998"
"1063","18-054g",1,5.99,-5037.47196466435,3324.12401704744,"1998"
"1064","18-058",1,6.52,-5033.05026699396,3324.9902271623,"1998"
"1065","18-059",1,6.52,-5031.01014141055,3327.42753757094,"1998"
"1066","18-061",1,6.52,-5039.70372832541,3314.24552371489,"1998"
"1067","18-062",1,6.52,-5031.59052014624,3326.5498490682,"1998"
"1068","18-064",1,6.52,-5029.51535689286,3326.43891162364,"1998"
"1069","18-065",1,6.52,-5030.3760667824,3324.48611408863,"1998"
"1070","18-066",1,6.52,-5031.68129024408,3314.00314037718,"1998"
"1071","18-067",1,6.52,-5030.80028810668,3314.68321762299,"1998"
"1077","18-074",0,3.85,-5092.92420416701,3245.79970871532,"1998"
"1078","18-075",0,4.2,-5066.06253658906,3283.65722887885,"1998"
"1080","18-078",0,4.2,-5066.83472949361,3277.88163606625,"1998"
"1081","18-079",0,4.53,-5075.03655508037,3261.86880467072,"1998"
"1082","18-080",0,2.88,-5097.54402624147,3242.49369146484,"1998"
"1085","18-084a",0,2.88,-5098.21370841624,3234.17664764537,"1998"
"1086","18-084b",0,2.88,-5096.48445977621,3235.5757700365,"1998"
"1087","18-084c",0,2.88,-5096.4491686024,3234.30424270627,"1998"
"1089","18-086",0,2.88,-5102.64924702772,3224.51371905025,"1998"
"1090","18-088",0,2.88,-5090.95357673217,3238.30157642909,"1998"
"1091","18-090",0,2.73,-5107.83958928863,3211.60087035126,"1998"
"1092","18-091",0,4.01,-5099.33157333206,3222.41718373515,"1998"
"1093","18-094",0,3.31,-5108.00659140089,3207.97533079141,"1998"
"1094","18-095",0,4.01,-5088.27620642893,3237.84531366658,"1998"
"1096","18-099",0,3.31,-5106.69559260044,3204.66637770451,"1998"
"1097","18-100",0,4.01,-5096.86083415649,3219.61192897537,"1998"
"1100","18-101",0,3.31,-5109.38747554238,3197.66074937767,"1998"
"1104","18-106",0,4.01,-5092.68893803392,3219.46467622321,"1998"
"1106","18-118",0,2.58,-5114.54259316005,3185.99968435416,"1998"
"1109","19-002",1,6.81,-5029.86723789027,3312.8083558011,"1998"
"1112","19-005",1,6.81,-5023.69416600799,3317.55060430128,"1998"
"1113","19-007",1,6.51,-5034.63482812231,3299.59558364916,"1998"
"1115","19-009b",0,6.51,-5038.28566463647,3290.68510201909,"1998"
"1116","19-009c",1,6.51,-5039.73908967734,3289.1266855966,"1998"
"1121","19-010",1,6.51,-5037.09900326285,3291.16561704913,"1998"
"1122","19-011",1,6.51,-5035.06922878712,3293.60227786206,"1998"
"1123","19-012",1,6.51,-5034.1885915773,3294.28032903108,"1998"
"1124","19-013",1,5.68,-5050.00581897049,3271.99886936545,"1998"
"1125","19-017",1,6.47,-5048.11942076396,3269.52471702037,"1998"
"1126","19-019",0,3.99,-5103.42339950254,3197.64990806908,"1998"
"1127","19-024",0,2.88,-5114.06007003761,3181.98366220026,"1998"
"1128","19-025",0,2.48,-5125.6886042714,3163.21778550019,"1998"
"1131","19-028",0,2.88,-5116.40179019528,3174.77745665679,"1998"
"1132","19-029",0,2.88,-5110.85346841593,3183.70161956024,"1998"
"1137","19-038b",0,2.48,-5124.04085386207,3154.79645947516,"1998"
"1139","19-038f",0,2.48,-5130.54484866844,3147.6981268846,"1998"
"1140","19-043",0,2.88,-5111.51133540534,3172.97802227354,"1998"
"1141","19-044",0,3.51,-5119.27070041132,3155.5571306542,"1998"
"1142","19-045",0,3.8,-5103.7199689515,3179.2579519931,"1998"
"1143","19-046",0,3.51,-5122.41852116802,3147.63775278524,"1998"
"1144","19-047",0,3.51,-5115.90042844375,3154.71318973523,"1998"
"1145","19-048",0,3.8,-5101.46036266933,3176.61537804076,"1998"
"1151","19-054",0,1.64,-5131.89453693725,3139.90383985908,"1998"
"1155","19-063a",0,3.04,-5135.25709577975,3130.88423959512,"1998"
"1156","19-063b",0,3.04,-5130.88044285989,3138.05153599797,"1998"
"1158","19-066",0,3.04,-5132.74675074369,3129.35372231765,"1998"
"1159","19-067",0,3.04,-5132.6632718635,3128.07488678432,"1998"
"1160","19-071",0,3.04,-5131.54751446319,3124.93824414585,"1998"
"1161","19-072a",0,2.56,-5139.02911944661,3114.75911052513,"1998"
"1163","19-072c",0,4.26,-5133.68860818464,3116.4241630857,"1998"
"1164","19-072d",0,3.69,-5135.86270548475,3112.8399509901,"1998"
"1166","19-074a",0,2.56,-5143.91521269511,3106.68326221444,"1998"
"1168","19-075",0,2.56,-5138.66986318655,3109.63711423395,"1998"
"1169","19-076",0,2.56,-5142.68843025298,3102.26873240491,"1998"
"1173","19-096",0,2.31,-5157.88744268498,3078.37976252939,"1998"
"1177","19-100",1,5.95,-5072.45047234634,3200.47790062467,"1998"
"1178","19-101",1,5.56,-5072.37397191944,3199.19265323691,"1998"
"1179","19-102",1,5.57,-5075.47330477326,3185.07307823708,"1998"
"1180","19-103",0,4.21,-5105.59743468507,3145.89989962618,"1998"
"1181","19-105",0,5.01,-5092.94244338673,3149.14990557248,"1998"
"1182","19-106",1,5.01,-5097.55924241159,3140.94703199612,"1998"
"1183","19-107",0,3.69,-5145.7420756221,3094.31946321423,"1998"
"1184","19-108",0,3.69,-5140.33412214291,3103.29495246379,"1998"
"1185","19-109a",0,3.69,-5143.26239544797,3097.71874258268,"1998"
"1186","19-109b",0,3.69,-5142.08382078522,3098.23314922239,"1998"
"1187","19-110",1,5.62,-5107.84333586531,3122.73780909932,"1998"
"1200","19-128",0,3.59,-5151.92076181451,3072.37974599725,"1998"
"1201","19-129",0,3.73,-5156.40816252886,3060.43424609104,"1998"
"1203","19-131",0,3.73,-5159.2866549534,3054.84157488721,"1998"
"1205","19-132",0,3.73,-5160.88540569484,3052.13985015852,"1998"
"1206","19-133",0,3.59,-5151.49057667498,3070.90507563976,"1998"
"1207","19-134",0,3.73,-5165.99771054589,3044.21920496466,"1998"
"1208","19-135",0,3.62,-5151.80692805629,3067.43886844887,"1998"
"1209","19-136a",0,3.62,-5148.90731432031,3069.36514203053,"1998"
"1210","19-136b",0,3.62,-5143.96966997575,3076.16471675729,"1998"
"1211","19-137",0,3.62,-5141.60726087505,3080.84518788512,"1998"
"1235","19-197",0,3.55,-5166.54749266803,3033.61990535781,"1998"
"1237","19-205a",0,3.41,-5169.68625820717,3018.50034922569,"1998"
"1253","19-980",1,5.62,-5107.3123977843,3116.29329030367,"1998"
"1254","20-001",1,5.74,-5091.64916559244,3148.35022529157,"1998"
"1255","20-002",1,5.74,-5091.325466443,3148.15007043861,"1998"
"1257","20-004",1,5.74,-5091.22660423953,3146.86135851221,"1998"
"1260","20-010",1,5.74,-5101.42593185959,3127.38207181129,"1998"
"1262","20-012",1,5.62,-5110.46081892828,3116.99119175089,"1998"
"1264","20-014",1,4.32,-5123.46114083026,3091.88921955397,"1998"
"1265","20-015",1,5.62,-5104.47806249308,3123.12931482489,"1998"
"1270","20-021",0,5.62,-5104.80972160849,3119.65823997834,"1998"
"1271","20-022",1,5.62,-5109.15990256502,3112.52870157291,"1998"
"1273","20-027",1,5.62,-5106.33311856372,3115.69577031141,"1998"
"1274","20-028",0,4.32,-5127.23520231099,3085.62670907787,"1998"
"1278","20-028g",1,4.32,-5125.61811457082,3088.31215248317,"1998"
"1279","20-028h",1,4.32,-5126.69604206615,3086.52242821189,"1998"
"1280","20-030",1,5.62,-5105.67943354932,3115.29691587179,"1998"
"1281","20-033",0,4.32,-5114.22506339913,3096.06517871173,"1998"
"1282","20-034",0,5.9,-5114.31845532107,3093.68224233583,"1998"
"1283","20-035",0,5.9,-5112.90871674118,3095.26828475414,"1998"
"1285","20-042",0,5.9,-5114.52858653293,3092.59092637068,"1998"
"1287","20-053",0,5.9,-5117.39829585542,3083.35950765818,"1998"
"1289","20-058",0,5.9,-5116.73649938746,3082.96075885779,"1998"
"1290","20-059",0,5.9,-5117.35657467569,3079.68164198463,"1998"
"1291","20-059a",0,5.9,-5118.8879948967,3079.38713716273,"1998"
"1292","20-059b",0,5.9,-5117.68812299411,3079.88117142034,"1998"
"1297","20-067a",0,3.95,-5127.72108249236,3077.39273860722,"1998"
"1298","20-067c",0,3.95,-5128.04975221333,3077.58998915896,"1998"
"1299","20-068",0,3.95,-5126.64634243473,3079.18282131309,"1998"
"1300","20-069",1,3.95,-5131.02523539067,3069.63895759305,"1998"
"1301","20-071",0,3.95,-5132.17706352853,3065.46563888315,"1998"
"1302","20-072",0,3.95,-5132.38233380205,3064.37180461644,"1998"
"1303","20-074",0,3.95,-5131.84688686896,3065.2684233171,"1998"
"1304","20-075",0,4.52,-5133.12066442782,3062.38392815237,"1998"
"1308","20-078e",0,4.52,-5127.84901145625,3068.95359352328,"1998"
"1309","20-078f",0,4.52,-5128.38429906127,3068.059015833,"1998"
"1310","20-078g",0,4.52,-5129.04550370499,3068.45458191194,"1998"
"1311","20-081",0,4.52,-5126.85625230851,3068.35943957156,"1998"
"1316","20-089",0,3.95,-5130.19749471031,3074.00846905383,"1998"
"1318","20-093",0,4.52,-5121.87104796879,3065.37585703263,"1998"
"1320","20-095b",0,4.52,-5118.52686066479,3069.44463186232,"1998"
"1321","20-095c",0,4.52,-5118.78795630039,3072.03153872252,"1998"
"1323","20-099",0,4.52,-5119.45360080473,3072.43102409452,"1998"
"1324","20-101",0,4.52,-5119.06223407115,3068.5516803733,"1998"
"1325","20-102a",0,4.52,-5121.80011185181,3067.76262506165,"1998"
"1326","20-102b",0,4.52,-5120.80050378955,3067.16389801527,"1998"
"1328","20-102d",0,5.31,-5117.52519394652,3068.84395893142,"1998"
"1335","20-112",0,3.44,-5177.27526417777,2996.33424200474,"1998"
"1342","20-128",0,3.31,-5181.26304475652,2990.1986031911,"1998"
"1343","20-129",0,3.31,-5182.58825964115,2982.52790689002,"1998"
"1347","20-134",0,3.9,-5179.96016915929,2978.60848385757,"1998"
"1348","20-135",0,3.9,-5180.17959632339,2975.12668548008,"1998"
"1349","20-136",0,3.9,-5176.72627921782,2980.35665618623,"1998"
"1350","20-137",0,3.9,-5178.28602865839,2977.64581060598,"1998"
"1351","20-138",0,3.9,-5183.47464506939,2968.60428011899,"1998"
"1353","20-142",0,3.9,-5183.86586919667,2964.0232664434,"1998"
"1354","20-143",0,3.9,-5182.18148446273,2963.06017139676,"1998"
"1355","20-146",0,3.48,-5184.08953471275,2958.1525884294,"1998"
"1369","20-234",0,5.31,-5119.73223377523,3062.88291253059,"1998"
"1370","20-237a",0,5.31,-5118.03549114365,3055.80579038206,"1998"
"1371","20-237b",0,5.31,-5116.29402499277,3057.18971470929,"1998"
"1373","20-239",0,5.31,-5114.49589035817,3060.96191730833,"1998"
"1374","20-241",1,5.31,-5114.91074074929,3064.8486635709,"1998"
"1375","20-246",0,5.31,-5113.16846288814,3066.23134301211,"1998"
"1376","20-247",0,5.31,-5114.43681795111,3063.35229327739,"1998"
"1377","20-248",0,5.31,-5117.83843046527,3056.90112787352,"1998"
"1379","20-254",0,5.31,-5119.15506127369,3051.62923753208,"1998"
"1380","20-255",0,5.31,-5119.688125533,3050.73483639616,"1998"
"1384","20-262b",0,4.8,-5132.6513167507,3025.77694194468,"1998"
"1385","20-263",0,5.16,-5128.99088896987,3029.65391906931,"1998"
"1387","20-266",1,5.16,-5121.38093025288,3043.27203929467,"1998"
"1388","20-269",0,5.16,-5126.53537756608,3033.03250571077,"1998"
"1389","20-270a",0,5.16,-5120.02440534357,3042.46595312703,"1998"
"1390","20-270b",0,5.16,-5118.81440368326,3042.95532493558,"1998"
"1391","20-277a",0,5.16,-5122.10838154023,3030.4133444527,"1998"
"1393","20-279a",0,5.16,-5124.75112381621,3025.94203999781,"1998"
"1394","20-279b",0,5.16,-5123.53873919174,3026.43337777762,"1998"
"1397","20-287",0,4.84,-5164.0844226405,2987.49760791045,"1998"
"1398","20-288",0,4.84,-5162.36555410028,2988.90928359992,"1998"
"1399","20-289",0,5.46,-5138.48392204138,3013.52507727913,"1998"
"1400","20-290",0,5.46,-5134.54925469037,3012.42143258696,"1998"
"1401","20-291",0,5.46,-5139.15233497911,2998.26658781531,"1998"
"1402","20-292",0,5.57,-5139.86853801372,2993.8774366793,"1998"
"1404","20-294",0,4.26,-5168.2762353136,2977.89477957143,"1998"
"1405","20-295",0,4.26,-5172.42922524375,2970.67542362851,"1998"
"1406","20-296",0,4.26,-5179.81679701951,2961.70809385918,"1998"
"1407","20-297",0,4.39,-5186.36011218501,2948.65709572429,"1998"
"1408","20-298",0,4.39,-5184.32235851506,2947.49854971355,"1998"
"1410","20-299c",0,4.39,-5186.72904142726,2939.29125612908,"1998"
"1412","20-301a",0,4.26,-5173.8657761245,2959.50485763247,"1998"
"1413","20-301b",0,4.39,-5177.64378047715,2954.47450292398,"1998"
"1414","20-302",0,4.26,-5170.59926973473,2963.62830607068,"1998"
"1415","20-304",0,4.39,-5184.84943120787,2937.031388937,"1998"
"1420","20-309",0,5.4,-5155.6381768564,2973.01098212275,"1998"
"1421","20-310",0,5.4,-5156.5090610377,2967.5195879329,"1998"
"1439","20-351a",0,5.2,-5180.85921145003,2926.41713418809,"1998"
"1440","20-351b",0,5.2,-5178.96352932554,2926.53805253194,"1998"
"1442","20-352",0,5.2,-5186.63097432405,2915.36419507292,"1998"
"1444","20-369",0,5.66,-5211.77054620857,2886.55334084333,"1998"
"1450","20-371",0,5.66,-5213.22086387682,2879.04027102588,"1998"
"1451","20-374",0,5.66,-5217.08075048842,2872.85875568817,"1998"
"1453","20-378a",0,5.66,-5219.15952665453,2863.32896672422,"1998"
"1454","20-378b",0,5.66,-5216.57353530843,2863.09426195588,"1998"
"1456","20-382",0,5.52,-5222.00379954049,2858.96321539322,"1998"
"1458","20-385",0,5.52,-5220.21758287189,2855.61688600053,"1998"
"1460","20-387",0,5.66,-5215.67866589693,2861.41930111897,"1998"
"1461","20-388a",0,5.52,-5221.51180572312,2851.59125121806,"1998"
"1462","20-389",0,5.52,-5223.15166349733,2847.75544294338,"1998"
"1475","21-025",0,5.95,-5145.09287258337,2982.50673894398,"1998"
"1476","21-026",0,5.68,-5126.43441729437,3013.67747764278,"1998"
"1478","21-031",1,5.11,-5123.37798631503,2995.0597893485,"1998"
"1479","21-034",1,5.63,-5129.28102891868,2981.71826747347,"1998"
"1480","21-037",1,5.63,-5126.65646609996,2981.38923306459,"1998"
"1481","21-039",1,5.11,-5120.22120906515,2990.81618081765,"1998"
"1482","21-040",1,5.63,-5126.82513241858,2980.29062266007,"1998"
"1483","21-044",1,5.63,-5128.20084939054,2976.30314016557,"1998"
"1484","21-045",1,5.63,-5128.36879573797,2975.20297291325,"1998"
"1485","21-048",1,5.63,-5129.57359733517,2972.31333355865,"1998"
"1487","21-050",1,5.63,-5127.66437637093,2974.79430678988,"1998"
"1488","21-052",1,5.36,-5128.86868680826,2971.90487563942,"1998"
"1489","21-053",0,5.72,-5154.09189776329,2966.1285345518,"1998"
"1490","21-054",0,5.76,-5161.99734245585,2949.13001824026,"1998"
"1491","21-056a",0,5.79,-5175.51181650219,2926.97197118941,"1998"
"1492","21-056b",0,5.76,-5171.40089411089,2931.79862536165,"1998"
"1493","21-057",0,5.76,-5171.19319643187,2928.10418203344,"1998"
"1495","21-059",1,5.23,-5095.52393275232,3030.31478465141,"1998"
"1499","21-063",0,5.94,-5197.0219584308,2890.24990920505,"1998"
"1518","21-091",0,4.31,-5228.63051857327,2831.82943897879,"1998"
"1525","21-109",0,6.03,-5201.57243243475,2873.79146873948,"1998"
"1526","21-115",0,6.03,-5198.1602489534,2876.64589905374,"1998"
"1527","21-116",0,6.03,-5195.24719406732,2878.58790561409,"1998"
"1528","21-124",0,5.77,-5199.50172258504,2866.72750693702,"1998"
"1530","21-128",0,5.77,-5199.37929042117,2861.92938763483,"1998"
"1532","21-130",0,5.22,-5204.15486044477,2851.55322752131,"1998"
"1533","21-131",0,5.22,-5207.56120266128,2842.79334823111,"1998"
"1534","21-132",0,5.22,-5204.50844147545,2845.84403616677,"1998"
"1535","21-133",0,5.77,-5201.24085976391,2853.49844943672,"1998"
"1536","21-134",0,5.22,-5202.37861135399,2850.57995348095,"1998"
"1538","21-136",0,5.22,-5209.32830530536,2837.8597383601,"1998"
"1539","21-137",0,5.22,-5208.97206208575,2837.66566952228,"1998"
"1540","21-138",0,5.22,-5207.90248726264,2837.08300259293,"1998"
"1543","21-144",0,4.31,-5229.26778348809,2829.81376268047,"1998"
"1545","21-146",0,4.31,-5231.66553045809,2822.85425849441,"1998"
"1546","21-147",0,4.31,-5233.00272627078,2821.21727182604,"1998"
"1547","21-148",0,4.31,-5233.28319180394,2819.01073922662,"1998"
"1548","21-149",0,4.31,-5234.40601579955,2816.08069290921,"1998"
"1549","21-150",0,4.31,-5235.03619003507,2814.06341115588,"1998"
"1550","21-151",0,3.38,-5235.66478240961,2812.04724525071,"1998"
"1551","21-152",0,3.38,-5236.15593906663,2811.13258404217,"1998"
"1553","21-157",0,3.38,-5234.60518703655,2811.4781423051,"1998"
"1554","21-158",0,3.38,-5235.23285984551,2809.46062848046,"1998"
"1555","21-159",0,3.38,-5235.85960249728,2807.44293357478,"1998"
"1556","21-161",0,3.38,-5236.13117309019,2805.2352744797,"1998"
"1557","21-165",0,3.38,-5236.26605549714,2804.13202321608,"1998"
"1558","21-166",0,3.38,-5243.72137212355,2789.30957574572,"1998"
"1559","21-168",0,3.38,-5243.01068266169,2788.93153641437,"1998"
"1560","21-172",0,3.38,-5235.8253380028,2801.54419260296,"1998"
"1568","21-198",0,2.71,-5260.06671287345,2772.14459561598,"1998"
"1569","21-199",0,2.71,-5258.39160821998,2773.60814150246,"1998"
"1570","21-200",0,2.71,-5260.32638032668,2769.93696687241,"1998"
"1571","21-201",0,3.34,-5271.40373474768,2748.79739036824,"1998"
"1573","21-203",0,2.71,-5260.10236843951,2768.64544263612,"1998"
"1574","21-204",0,3.34,-5262.03367603201,2764.97307505838,"1998"
"1575","21-205",0,3.34,-5272.61164199982,2744.74789118065,"1998"
"1576","21-206",0,3.34,-5271.77779613902,2745.48277637107,"1998"
"1577","21-207",0,2.71,-5255.26187052849,2777.82238194995,"1998"
"1578","21-208",0,2.71,-5256.36164775406,2774.88360751127,"1998"
"1579","21-209",0,3.34,-5260.71379330455,2766.6237894137,"1998"
"1580","21-210",0,3.34,-5262.77169965209,2761.84554787634,"1998"
"1581","21-211",0,3.34,-5265.05363342568,2758.35585890682,"1998"
"1582","21-212",0,2.71,-5255.87754982562,2775.80042302281,"1998"
"1583","21-213",0,2.71,-5257.8138044335,2772.13109450529,"1998"
"1584","21-214",0,2.71,-5251.64276233596,2782.94899158924,"1998"
"1585","21-215",0,3.34,-5262.89935923271,2760.74007430514,"1998"
"1586","21-216",0,3.34,-5266.26792633777,2754.308906298,"1998"
"1587","21-217",0,3.34,-5269.75332597903,2746.76774755311,"1998"
"1588","21-218",0,3.34,-5270.35640080733,2744.74252961703,"1998"
"1589","21-219",0,2.71,-5255.91263829687,2772.30057605782,"1998"
"1591","21-222",0,3.34,-5260.99666019421,2760.91402640746,"1998"
"1592","21-225",0,2.71,-5249.42222172526,2779.42529052941,"1998"
"1594","21-235",0,2.71,-5244.33890584701,2787.29107338423,"1998"
"1597","21-238",0,3.34,-5267.62719179607,2742.15315063946,"1998"
"1602","21-246",0,3.12,-5263.92814846546,2741.39476786204,"1998"
"1604","21-252",0,3.09,-5251.32456858267,2762.85550957677,"1998"
"1605","21-256",0,3.12,-5262.01371840495,2741.56639374082,"1998"
"1608","21-263",0,3.12,-5260.33446408156,2739.5232173223,"1998"
"1609","21-283",0,3.34,-5270.83512903168,2743.82309706455,"1998"
"1610","21-286",0,3.55,-5270.36835098471,2741.24181749641,"1998"
"1612","21-290",0,3.55,-5269.65515814903,2740.87086922583,"1998"
"1616","21-297",0,3.12,-5263.92679261982,2737.89141236649,"1998"
"1618","21-299",0,3.12,-5263.68539962633,2736.59933055171,"1998"
"1619","21-300",0,3.12,-5262.01008969099,2738.0624922681,"1998"
"1621","21-303",0,3.12,-5259.96479910119,2735.83068689331,"1998"
"1623","21-305",0,3.12,-5261.15044396008,2731.78314117932,"1998"
"1625","21-334",0,5.36,-5118.22910251865,2981.27286961849,"1998"
"1626","21-386",0,6.52,-5146.21873304727,2940.11545128762,"1998"
"1627","21-387",1,6.02,-5140.210693316,2949.78706146994,"1998"
"1631","21-393",1,6.52,-5144.3187440592,2931.88731828335,"1998"
"1633","21-397",1,6.02,-5139.54963443983,2941.06571442607,"1998"
"1635","21-399",0,6.52,-5141.71204854076,2933.97108663021,"1998"
"1636","21-401",1,6.52,-5141.81889286807,2930.46258502526,"1998"
"1641","21-414a",1,5.49,-5123.3598631484,2946.0618722684,"1998"
"1642","21-415",1,5.49,-5130.3909586549,2934.63681136817,"1998"
"1643","21-418a",1,5.49,-5124.18108275373,2942.96512255154,"1998"
"1645","21-422",1,5.49,-5124.79054692185,2938.55997145933,"1998"
"1647","21-423b",1,5.49,-5126.1773823871,2936.97748541957,"1998"
"1648","21-428",0,7.16,-5151.83198843703,2893.43921984667,"1998"
"1706","21-558",0,3.3,-5257.66223715034,2732.30301279584,"1998"
"1707","21-559",0,3.3,-5256.46012245089,2732.84289619438,"1998"
"1708","21-560",0,3.3,-5253.66417107036,2730.22529697787,"1998"
"1710","21-565",0,5.07,-5251.65928950641,2723.36504801153,"1998"
"1711","21-566",0,5.07,-5252.09223725698,2718.93752166191,"1998"
"1712","21-570",0,5.07,-5251.83163862704,2717.64114502781,"1998"
"1713","21-575",0,5.07,-5250.94011432273,2714.85592418672,"1998"
"1714","21-579",0,5.07,-5251.04505334873,2713.74951461996,"1998"
"1715","21-582",0,5.07,-5250.41169331033,2712.26176069133,"1998"
"1716","21-586",0,5.07,-5250.25011022427,2709.8564993511,"1998"
"1721","22-030",1,7.01,-5134.80262080026,2919.3445606282,"1998"
"1722","22-032",1,7.01,-5133.93020188108,2920.03553301999,"1998"
"1723","22-039",1,7.01,-5129.99703364443,2926.09829124911,"1998"
"1724","22-041",1,7.01,-5127.60315458414,2917.62074134932,"1998"
"1733","22-052",1,7.01,-5123.22963998928,2921.05386254287,"1998"
"1736","22-061",1,6.45,-5116.73091032667,2925.63693757158,"1998"
"1737","22-070",1,8.17,-5147.77527082736,2894.70733171938,"1998"
"1738","22-072",1,8.17,-5146.96558575142,2891.88728404576,"1998"
"1752","22-103",0,6.21,-5250.18783270733,2706.34409111971,"1998"
"1754","22-106",0,6.21,-5248.80635687086,2704.47152645584,"1998"
"1757","22-116",0,6.21,-5247.32007840976,2703.70571466834,"1998"
"1758","22-121",0,6.21,-5246.57596142093,2703.32230498015,"1998"
"1761","22-124",0,5.53,-5246.40132592521,2700.91636134884,"1998"
"1765","22-131",0,5.53,-5244.9090258182,2700.14810563894,"1998"
"1766","22-133",0,6.21,-5243.69096866435,2700.67831253881,"1998"
"1769","22-140",0,5.98,-5240.50321040512,2701.35190394899,"1998"
"1771","22-142",0,5.98,-5239.37884357899,2700.77232020588,"1998"
"1772","22-143",0,5.98,-5237.78184887355,2701.1057067652,"1998"
"1774","22-145",0,5.98,-5237.50160699824,2699.80465042152,"1998"
"1776","22-147a",0,5.98,-5235.23997397266,2703.26585123265,"1998"
"1777","22-147b",0,5.98,-5236.6546358294,2700.52440695659,"1998"
"1781","23-001",1,7.04,-5121.75386732653,2853.07319270727,"1998"
"1782","23-002",1,7.04,-5121.37368436432,2852.86141177326,"1998"
"1783","23-003",1,9.25,-5128.71674039523,2753.45175182417,"1998"
"1784","23-004b",1,7.04,-5120.72936396255,2851.33224304483,"1998"
"1786","23-006",1,7.04,-5119.470011403,2851.80097067548,"1998"
"1787","23-007",1,7.04,-5120.46461865437,2850.01474787569,"1998"
"1789","23-009",1,7.04,-5118.55671443326,2848.95282174736,"1998"
"1790","23-010",1,7.04,-5118.29004210449,2847.63328378234,"1998"
"1791","23-012a",1,7.04,-5121.15569776231,2843.37771319687,"1998"
"1792","23-012b",1,7.04,-5122.03389331316,2842.69657458605,"1998"
"1793","23-012c",1,7.04,-5122.26114733951,2840.48393983615,"1998"
"1794","23-012d",1,7.04,-5120.00791001588,2842.74043632222,"1998"
"1796","23-014",1,7.04,-5120.12075404665,2841.63479433374,"1998"
"1797","23-016",1,7.04,-5119.73774252114,2841.42222534761,"1998"
"1800","23-030",1,7.56,-5127.09937062319,2832.64620882722,"1998"
"1801","23-031",1,7.56,-5126.60514977971,2833.54056594927,"1998"
"1804","23-033",1,7.56,-5126.55528103549,2830.0098570278,"1998"
"1806","23-036",1,7.59,-5121.31767164091,2821.2916270311,"1998"
"1807","23-037",1,7.59,-5122.40715718299,2818.3968896945,"1998"
"1808","23-038",1,7.59,-5121.52831525116,2819.07735064158,"1998"
"1815","23-052",0,8.47,-5158.73940923815,2747.57097806754,"1998"
"1817","23-053",0,8.47,-5154.11718251254,2754.35419364926,"1998"
"1818","23-054",1,8.76,-5162.48270007596,2741.47455490959,"1998"
"1819","23-055",0,8.75,-5161.57000625911,2737.52623170064,"1998"
"1821","23-056",1,7.59,-5121.77907001321,2807.57825269962,"1998"
"1823","23-059d",1,6.94,-5115.52208561778,2799.50643626234,"1998"
"1825","23-063",1,6.94,-5116.48346979436,2793.07426417431,"1998"
"1826","23-066",1,6.94,-5115.81618564772,2781.13072633231,"1998"
"1827","23-067",1,6.94,-5115.50812601159,2779.80725469676,"1998"
"1830","23-068",1,8.65,-5147.64837420722,2763.61556919274,"1998"
"1831","23-069",1,8.47,-5144.63723645453,2765.46997675671,"1998"
"1833","23-071",1,8.47,-5140.95571356051,2770.4355024816,"1998"
"1834","23-073",1,8.02,-5122.3711344431,2766.18996258017,"1998"
"1837","23-074c",1,8.02,-5123.42104387689,2763.2931006307,"1998"
"1840","23-076",0,8.75,-5156.68967559847,2737.2452209931,"1998"
"1842","23-078",1,8.75,-5159.41758041915,2722.55514450429,"1998"
"1843","23-079",0,8.54,-5161.31183949298,2713.19713881737,"1998"
"1844","23-080",0,8.54,-5160.27301248869,2710.35369618485,"1998"
"1845","23-081",0,8.54,-5162.06186079461,2702.10379689827,"1998"
"1846","23-082",0,8.54,-5161.95232831726,2697.45594717984,"1998"
"1848","24-002",1,8.02,-5125.1171713936,2757.28391563343,"1998"
"1849","24-003",1,8.02,-5125.59808961819,2756.38981924305,"1998"
"1850","24-004",1,8.15,-5128.40027665136,2752.12947543378,"1998"
"1851","24-008",0,8.73,-5168.42866109229,2665.34051136314,"1998"
"17310","10-327",0,3.07,-4981.82925772731,3791.0168036113,"2002"
"17610","10-336",0,2.53,-4981.83025643413,3786.90035876397,"2002"
"180","10-341",0,2.53,-4981.63282059109,3784.44622769205,"2002"
"3681","11-001",0,2.7,-4993.79784036737,3764.46258891215,"2002"
"3701","11-009",0,3.22,-4981.62180998624,3771.67360186001,"2002"
"3711","11-010",0,3.22,-4985.74179839497,3766.58578764347,"2002"
"3721","11-013",0,3.22,-4985.93127167736,3761.26323864144,"2002"
"3731","11-025",0,2.14,-4999.33833154809,3754.97455370121,"2002"
"3741","11-026",0,2.14,-4994.06411809338,3760.56426005796,"2002"
"3751","11-034",0,2.14,-4998.27930942754,3752.81344068132,"2002"
"3761","11-035",0,2.14,-4993.51801844106,3758.7881959638,"2002"
"3781","11-038",0,2.7,-4990.51346083248,3760.62163050282,"2002"
"3851","11-052",0,2.93,-4992.48871006036,3752.55489982033,"2002"
"386","11-053",0,2.93,-4990.492542917,3755.40539992432,"2002"
"387","11-054",0,2.93,-4998.01144818352,3743.64923152975,"2002"
"3881","11-055",0,2.93,-4989.29027266235,3754.24263284637,"2002"
"389","11-056a",0,3.37,-5009.42387413587,3725.15446438001,"2002"
"391","11-059",0,2.93,-4996.76627456401,3743.93391909463,"2002"
"3931","11-061",0,2.93,-4988.75999178231,3753.84361755994,"2002"
"394","11-062",0,2.93,-4987.76371652512,3754.96040769359,"2002"
"460","11-165",0,3.48,-4994.49231190557,3738.02414812085,"2002"
"4611","11-167",0,3.96,-4986.36218624628,3746.58885529372,"2002"
"462","11-169",0,3.96,-4986.32360520647,3745.922134758,"2002"
"464","11-174",0,4.33,-4998.0199915054,3727.38866592422,"2002"
"4651","11-175",0,4.33,-4998.88512879214,3726.05373436392,"2002"
"4661","11-176",0,3.96,-4985.95200882929,3742.1979222648,"2002"
"469","11-181",0,3.96,-4991.81727579185,3733.33266366776,"2002"
"473","11-184c",0,4.33,-5010.53633079702,3708.77910965523,"2002"
"4741","11-185",0,4.33,-4995.46220413927,3727.57263911925,"2002"
"477","11-188",0,4.33,-4996.01533662666,3726.13600321793,"2002"
"4811","11-191",0,4.33,-4994.07172864604,3727.89343147333,"2002"
"5251","12-001",0,4.6,-4995.93154197506,3723.85219884029,"2002"
"526","12-003",0,4.6,-5006.02685644719,3707.5031102471,"2002"
"5291","12-004",0,4.6,-4992.02629778637,3726.36659151575,"2002"
"530","12-005",0,4.38,-4988.82941016427,3729.60666711083,"2002"
"5311","12-006",0,4.6,-4991.92872762557,3724.93598812776,"2002"
"5321","12-007",0,4.6,-4998.42177718431,3716.21854506869,"2002"
"5341","12-010",0,4.6,-4990.88531590243,3722.80216780477,"2002"
"535","12-011",0,4.38,-4985.81547332392,3729.1400611955,"2002"
"536","12-012",0,4.38,-4987.67370376854,3726.24808495805,"2002"
"537","12-013",0,4.6,-4990.28567348709,3722.95272475591,"2002"
"538","12-014",0,4.79,-4991.35037352322,3720.53466716358,"2002"
"539","12-016a",0,4.79,-4999.26865330509,3708.29855089424,"2002"
"541","12-016c",0,4.61,-5005.66088833655,3702.63480292127,"2002"
"545","12-024",0,4.79,-5001.2224915699,3702.7406415253,"2002"
"547","12-027c",0,5,-5005.13498150067,3697.70462611645,"2002"
"550","12-030",0,4.61,-5017.37782064859,3691.07088199322,"2002"
"584","12-072",0,4.79,-4992.50896930706,3709.10014578483,"2002"
"5901","12-084",0,4.22,-4988.63187697376,3704.88580496932,"2002"
"592","12-086",0,4.22,-4992.35372602376,3698.70478711785,"2002"
"593","12-088",0,4.22,-4988.86717978679,3703.3333570573,"2002"
"594","12-089",0,4.22,-4993.5984968513,3696.82218986754,"2002"
"596","12-096",0,4.94,-5000.94469060438,3696.11418422634,"2002"
"600","12-102",0,4.94,-5001.68525397271,3694.0751209973,"2002"
"6071","12-112",0,4.94,-5002.96688535488,3687.15753291782,"2002"
"6101","12-115",0,4.39,-5001.78250053964,3686.28464818893,"2002"
"614","12-124",0,4.39,-4998.84299877136,3685.73331373397,"2002"
"616","12-129",0,4.39,-4998.85949380221,3685.37149115918,"2002"
"619","12-133",0,4.39,-5001.55335260114,3679.81751231214,"2002"
"620","12-134",0,4.59,-5012.06776996237,3665.36467874954,"2002"
"621","12-135",0,4.59,-5011.37174837646,3665.75288961416,"2002"
"624","12-139",0,4.39,-5003.03039137679,3676.98331883368,"2002"
"625","12-143",0,4.59,-5012.7245364021,3661.75483609469,"2002"
"626","12-145",0,4.39,-4997.73543604374,3682.64690285693,"2002"
"627","13-002",0,5.19,-5012.35008479419,3661.24182487351,"2002"
"6281","13-005",0,5.19,-5013.04280398838,3659.59646939476,"2002"
"631","13-009",0,5.19,-5012.5570904181,3659.69613673811,"2002"
"632","13-010a",0,5.19,-5013.21467412195,3658.44708767309,"2002"
"641","13-026",0,5.05,-4996.97719783429,3676.16557198787,"2002"
"642","13-027",0,5.19,-5003.52671889178,3667.2236795342,"2002"
"645","13-031",0,5.05,-4991.14728069064,3683.29989957943,"2002"
"647","13-034",0,5.05,-4990.18864450943,3683.37061919344,"2002"
"651","13-045",0,5.4,-4990.68519192002,3679.98720777844,"2002"
"652","13-048",0,5.4,-4995.23984260668,3672.66128405982,"2002"
"655","13-052",0,5.4,-4998.3505218977,3667.49525218342,"2002"
"657","13-055",0,5.4,-5001.58775741822,3662.75458075608,"2002"
"658","13-056",0,5.4,-5011.98520611898,3646.93772536423,"2002"
"661","13-061a",0,5.4,-5012.28817268085,3645.01488528186,"2002"
"663","13-061c",0,5.4,-5011.61605874776,3644.16493013775,"2002"
"669","13-076",0,4.58,-4998.42702272998,3658.3503560936,"2002"
"6701","13-077",0,4.58,-5000.38656012453,3654.37211306515,"2002"
"673","13-081",0,4.33,-4991.4423877924,3662.45300601015,"2002"
"674","13-083",1,4.33,-4988.59598424769,3665.75886154565,"2002"
"678","13-091",0,4.62,-4983.15906977159,3668.46915278719,"2002"
"681","13-097",0,4.62,-4985.80075701249,3660.5466082228,"2002"
"682","13-107",0,4.1,-4992.73219919615,3648.93310683392,"2002"
"684","13-111",1,4.1,-4986.73975345642,3655.84072799991,"2002"
"685","13-113",0,4.1,-4991.77978989674,3648.16780464834,"2002"
"703","14-006",1,3.39,-4990.55514881003,3645.1281617158,"2002"
"704","14-008",1,3.39,-4993.80989436511,3640.04842703847,"2002"
"712","14-022",1,3.39,-4998.29620555891,3631.6109808173,"2002"
"713","14-025",1,4.3,-5028.46562328885,3588.73601655351,"2002"
"716","14-026d",0,3.79,-5011.07176792372,3611.69995289411,"2002"
"726","14-038",0,4.89,-5031.55743419683,3585.71500836074,"2002"
"727","14-039",0,4.89,-5038.24597700076,3573.45923499055,"2002"
"728","14-042a",1,4.3,-5014.95296032252,3606.41655326906,"2002"
"729","14-042b",1,4.3,-5012.99900280766,3608.15789039729,"2002"
"730","14-042c",0,3.79,-5012.84349582969,3609.49517920225,"2002"
"733","14-048",0,4.89,-5038.64528961954,3571.18960276433,"2002"
"737","14-052",0,4.48,-5037.78573875869,3568.72240240566,"2002"
"740","14-055",0,4.48,-5040.61316846134,3563.64361200031,"2002"
"741","14-061",0,5.08,-5040.75707192964,3561.40424741697,"2002"
"7431","14-063",1,5.08,-5051.31498534088,3543.54259935059,"2002"
"744","14-064",0,5.08,-5047.51323971332,3548.65753612592,"2002"
"745","14-065",0,5.08,-5042.59758403367,3555.67275900067,"2002"
"751","14-072",0,5.08,-5050.65145063232,3541.70056879778,"2002"
"7611","14-083",0,6.41,-5074.09331378671,3510.8480852248,"2002"
"7631","14-085",0,6.41,-5078.91712149357,3502.40157643041,"2002"
"7641","14-086",0,6.41,-5083.19183255501,3496.19460600076,"2002"
"765","14-087",0,6.18,-5054.77797349497,3536.00220430221,"2002"
"766","14-088",0,6.18,-5067.27341593179,3519.03801246688,"2002"
"7671","14-089",0,7.29,-5085.70423063246,3490.08351485802,"2002"
"768","14-090",0,5.08,-5050.70782744839,3540.77104627264,"2002"
"771","14-094",0,5.22,-5050.4873141537,3539.82402013248,"2002"
"773","14-097",0,5.22,-5051.08693376777,3538.07830786077,"2002"
"779","14-104",0,5.22,-5045.97068017062,3541.73083634592,"2002"
"781","14-106",1,5.22,-5045.42695316254,3539.06732380347,"2002"
"782","14-107a",1,5.22,-5047.32893804825,3535.00912130357,"2002"
"784","14-108",1,5.22,-5044.64453501495,3538.51443160851,"2002"
"785","14-109",0,5.54,-5062.2218323208,3523.75720820698,"2002"
"7881","14-115",0,5.54,-5064.29486249813,3513.226354481,"2002"
"792","14-116d",0,6.56,-5075.89104627972,3495.18112071954,"2002"
"7931","14-118",0,6.56,-5071.09351642439,3500.92562186923,"2002"
"794","14-119b",1,5.54,-5057.48503864814,3520.05010044828,"2002"
"7951","14-120a",1,5.54,-5058.99200093779,3517.40040824235,"2002"
"799","14-120e",1,5.54,-5060.51323793808,3516.6330458393,"2002"
"803","14-122a",1,5.54,-5053.48776028249,3525.20297247917,"2002"
"804","14-122b",1,5.54,-5052.24740362387,3526.77466664786,"2002"
"806","14-124",0,5.54,-5051.48436114499,3525.69170555207,"2002"
"809","14-127b",1,5.54,-5054.07740171523,3521.07212702827,"2002"
"810","14-129a",1,5.54,-5056.46825643066,3516.75047177902,"2002"
"8111","14-131",1,7.23,-5061.0989868239,3508.39253957369,"2002"
"812","14-132a",0,7.23,-5073.87873534215,3489.64782935455,"2002"
"813","14-132b",0,7.51,-5076.55609696889,3485.19975700696,"2002"
"815","14-134",0,7.23,-5072.79075450351,3489.164174191,"2002"
"8161","14-135",0,7.23,-5071.80391398458,3488.36205102526,"2002"
"8171","14-137",0,7.29,-5087.59774984132,3484.85581627135,"2002"
"820","14-140",0,7.29,-5088.5929828013,3477.7204475445,"2002"
"8211","14-143",0,7.29,-5078.32433073182,3488.93142338726,"2002"
"822","14-145",0,7.51,-5081.86883272938,3481.24977109413,"2002"
"8241","14-147a",0,7.51,-5077.06306406062,3486.75952274253,"2002"
"8251","14-147b",0,7.51,-5077.29743926074,3486.92048390268,"2002"
"826","14-150",0,7.51,-5077.90779150622,3482.43417076453,"2002"
"8321","14-154",0,7.51,-5083.97488349355,3468.05291853908,"2002"
"8331","15-002",0,7.58,-5067.47411843448,3490.59710736111,"2002"
"838","15-009",0,7.58,-5067.4237766155,3483.2267474833,"2002"
"8391","15-012",0,8.41,-5057.492742951,3485.02454641787,"2002"
"841","15-016",0,8.14,-5075.66410910273,3479.4327923029,"2002"
"8441","15-019",0,8.14,-5074.66752990468,3478.60068802288,"2002"
"846","15-021a",0,8.14,-5083.28796130798,3464.70873789552,"2002"
"8481","15-024",0,8.14,-5073.12441017293,3476.2422327105,"2002"
"849","15-026",0,8.14,-5081.41463386476,3460.77477338389,"2002"
"8511","15-028",0,8.14,-5070.23004820178,3476.86093025732,"2002"
"852","15-029",0,8.14,-5079.14952672278,3462.20495510009,"2002"
"853","15-030",0,8.14,-5068.31779664069,3477.96334178945,"2002"
"8551","15-032",0,9.28,-5080.04020772245,3458.87626215329,"2002"
"856","15-033",0,9.28,-5069.24196352665,3474.12160313855,"2002"
"857","15-034",0,8.75,-5080.02353029101,3457.10088462795,"2002"
"860","15-038",0,8.75,-5079.8871917807,3454.66104144588,"2002"
"8611","15-039",0,9.28,-5067.81648808545,3472.60510075067,"2002"
"862","15-043",0,9.28,-5061.84581823279,3477.7829903892,"2002"
"864","15-046",0,8.75,-5079.25981395788,3451.97376351038,"2002"
"8661","15-048",1,9.28,-5068.8805312041,3464.24230593759,"2002"
"868","15-050",0,8.75,-5078.14432538158,3450.66605638079,"2002"
"869","15-051",1,10.1,-5048.98540133754,3492.40577622804,"2002"
"870","15-052",0,10.1,-5049.73565404886,3489.75643190149,"2002"
"8801","15-070",0,10.66,-5066.82085550792,3466.72805746411,"2002"
"881","15-071a",0,10.66,-5061.4337216371,3473.89169763072,"2002"
"882","15-071b",0,10.66,-5062.31508024584,3472.93804757832,"2002"
"884","15-075c",0,10.18,-5074.38553557336,3451.60944360794,"2002"
"8851","15-077",1,10.66,-5067.16049552858,3463.06677609068,"2002"
"886","15-078",0,10.66,-5059.87561067654,3474.04750753025,"2002"
"887","15-080",0,10.18,-5075.29491884278,3448.62911125237,"2002"
"8891","15-082",1,10.66,-5064.71908011476,3463.99110596765,"2002"
"890","15-084",0,10.66,-5069.03605683818,3455.69272761596,"2002"
"891","15-085",0,10.18,-5074.33549481298,3447.85472615458,"2002"
"893","15-087",0,10.18,-5072.14757163177,3447.27433565055,"2002"
"894","15-088",0,10.18,-5070.27510602351,3448.48954939097,"2002"
"8951","15-089",1,12.2,-5057.47576994163,3465.51936063832,"2002"
"896","15-090",0,11.88,-5070.26537274273,3446.12744981435,"2002"
"897","15-091a",0,11.88,-5068.47591383685,3447.7298362724,"2002"
"8991","15-093",0,12.2,-5054.36929516616,3464.68658371732,"2002"
"900","15-094",0,11.88,-5067.99762572111,3444.94911994471,"2002"
"9011","15-095",1,12.2,-5059.05082430678,3456.2278251502,"2002"
"903","15-098",0,12.2,-5058.04185289741,3454.22093791839,"2002"
"915","16-014a",0,11.3,-5058.70873390209,3450.67339500444,"2002"
"916","16-014b",0,11.3,-5059.0682601263,3449.63364013403,"2002"
"917","16-015",0,11.3,-5055.07532911572,3454.72051792376,"2002"
"918","16-018a",0,11.39,-5060.68132328724,3444.7978016098,"2002"
"921","16-020a",0,11.3,-5055.45795921201,3449.8824672974,"2002"
"922","16-020b",0,11.39,-5060.8508975443,3442.36955890055,"2002"
"9231","16-023",0,11.3,-5054.35102615539,3447.8448909122,"2002"
"924","16-024",0,11.39,-5059.34758986647,3439.27818825476,"2002"
"926","16-026",0,9.97,-5057.45466478141,3435.82750774323,"2002"
"9291","16-029",0,9.97,-5052.62359439982,3437.62771736309,"2002"
"9401","16-049",1,7.83,-5056.57207399525,3411.98449843443,"2002"
"941","16-052",1,7.83,-5051.15660408854,3412.62914508795,"2002"
"942","16-054",1,7.83,-5051.99103052057,3409.4670025172,"2002"
"9441","16-055",1,7.83,-5053.16015902542,3408.39956423148,"2002"
"951","16-067",0,9.03,-5072.81656954013,3386.65234528434,"2002"
"952","16-068",1,7.85,-5067.2554720215,3394.19279469976,"2002"
"9531","16-071",0,7.85,-5066.96184771837,3390.75388512166,"2002"
"954","16-072",0,9.03,-5077.93662770419,3373.99608310125,"2002"
"9551","16-073",0,7.85,-5067.98395804743,3386.31861808499,"2002"
"9591","17-001a",1,7.96,-5063.51269632679,3387.16716393405,"2002"
"960","17-001c",0,7.85,-5065.15929486841,3388.81928246328,"2002"
"9611","17-004",0,7.96,-5059.7923717898,3389.79498262079,"2002"
"963","17-006",0,8.83,-5068.4269121254,3374.86757993055,"2002"
"9661","17-010",0,8.83,-5063.0216132428,3377.89341435101,"2002"
"9671","17-011",1,8.83,-5067.45952071956,3370.63858123623,"2002"
"9681","17-012a",0,7.96,-5050.06188719187,3396.05989347045,"2002"
"9701","17-013",0,7.96,-5050.10776376043,3394.81165427661,"2002"
"973","17-016b",0,8.63,-5071.01709034829,3360.82780555893,"2002"
"9741","17-017",0,8.63,-5064.12637127344,3369.69580889354,"2002"
"978","17-023",0,8.63,-5065.0834485211,3357.73214173956,"2002"
"9791","17-024",0,8.63,-5060.62971072685,3363.54774988406,"2002"
"980","17-030",1,9.29,-5074.66121946956,3353.2194537274,"2002"
"981","17-031",1,9.29,-5072.87214900695,3353.26206079124,"2002"
"982","17-032",0,9.29,-5071.36914842234,3350.92180347303,"2002"
"9831","17-034",0,8.55,-5058.9285359975,3363.68944887843,"2002"
"9841","17-035",0,8.54,-5067.13241099047,3351.31821382509,"2002"
"9851","17-037",1,8.55,-5060.79585686279,3356.02291889378,"2002"
"9861","17-042",0,8.55,-5060.56322608472,3353.32544560653,"2002"
"9901","17-044",0,8.55,-5054.18768910753,3359.26605994408,"2002"
"9911","17-046",0,8.3,-5039.22789570939,3379.84186411292,"2002"
"9921","17-047",0,8.11,-5055.70537995529,3353.91714738087,"2002"
"9941","17-051",0,8.11,-5056.36188406964,3348.00155415195,"2002"
"1001","17-059c",0,8.54,-5065.60676775311,3343.7102950021,"2002"
"1004","17-062",0,8.43,-5067.66565506833,3335.59654513017,"2002"
"10051","17-063a",0,8.43,-5059.81707101564,3346.47996802658,"2002"
"10081","17-066",0,8.43,-5061.05774337754,3338.42073800073,"2002"
"10111","17-069",0,7.76,-5068.36883311863,3320.43860864205,"2002"
"10181","18-008",1,6.83,-5036.06861346134,3359.91119594201,"2002"
"1021","18-016",0,7.76,-5072.03689381917,3314.09557936862,"2002"
"10231","18-018",0,7.48,-5054.72887319321,3338.04532555109,"2002"
"1024","18-019",0,7.76,-5071.94475777788,3311.23945477853,"2002"
"10261","18-022",0,7.76,-5064.32888503588,3319.05645467507,"2002"
"10271","18-023",0,7.76,-5075.88004356909,3300.0947693722,"2002"
"10281","18-024",0,7.48,-5059.40052581656,3319.61462497585,"2002"
"10301","18-026",0,6.48,-5057.35626363823,3317.0096652324,"2002"
"10311","18-027",0,6.75,-5061.68182318539,3308.48763063027,"2002"
"10341","18-030",0,6.75,-5068.54789936684,3292.81070898235,"2002"
"10351","18-031",0,6.75,-5067.36752875638,3292.04387456274,"2002"
"10361","18-032",0,6.75,-5060.16589009863,3302.45799762912,"2002"
"1037","18-033",0,8.21,-5077.11581358151,3293.72952741617,"2002"
"1040","18-037",0,7.58,-5082.96020776708,3275.1489484046,"2002"
"10421","18-041",0,8.53,-5089.43302246161,3261.08881388787,"2002"
"1045","18-044",0,7.58,-5073.08643996914,3281.74204938741,"2002"
"10471","18-048",0,6.28,-5035.79672136734,3334.3846101382,"2002"
"10481","18-049a",0,6.28,-5034.61504977248,3333.60218229249,"2002"
"10501","18-049c",0,6.28,-5032.83798593191,3332.42552353339,"2002"
"10521","18-049e",0,6.28,-5035.49218032563,3332.91956767135,"2002"
"10531","18-051",0,6.24,-5024.88114879104,3334.73283508768,"2002"
"10541","18-052a",0,6.97,-5036.60819456713,3326.07877935227,"2002"
"1056","18-053",0,6.97,-5033.59767698953,3330.20064840386,"2002"
"10581","18-054a",0,6.97,-5036.28175751809,3323.33862386057,"2002"
"10641","18-058",0,6.96,-5033.05026699396,3324.9902271623,"2002"
"10651","18-059",0,6.96,-5031.01014141055,3327.42753757094,"2002"
"10671","18-062",0,6.96,-5031.59052014624,3326.5498490682,"2002"
"10681","18-064",0,6.96,-5029.51535689286,3326.43891162364,"2002"
"10691","18-065",0,6.96,-5030.3760667824,3324.48611408863,"2002"
"10701","18-066",0,6.96,-5031.68129024408,3314.00314037718,"2002"
"1072","18-069a",0,6.34,-5074.64591937347,3277.35717115493,"2002"
"1074","18-070",0,8.53,-5092.43462338194,3251.17354007622,"2002"
"10771","18-074",0,6.84,-5092.92420416701,3245.79970871532,"2002"
"10781","18-075",0,6.34,-5066.06253658906,3283.65722887885,"2002"
"10801","18-078",0,6.34,-5066.83472949361,3277.88163606625,"2002"
"10821","18-080",0,8.08,-5097.54402624147,3242.49369146484,"2002"
"10901","18-088",0,8.08,-5090.95357673217,3238.30157642909,"2002"
"10941","18-095",0,6.52,-5088.27620642893,3237.84531366658,"2002"
"1095","18-096",0,6.52,-5094.18325133231,3227.04205615013,"2002"
"10961","18-099",0,6.26,-5106.69559260044,3204.66637770451,"2002"
"1098","18-100a",0,6.52,-5097.03657324057,3216.61683900944,"2002"
"11001","18-101",1,6.26,-5109.38747554238,3197.66074937767,"2002"
"11061","18-118",1,6.39,-5114.54259316005,3185.99968435416,"2002"
"1110","19-003",0,6.8,-5028.43253470278,3314.45418657777,"2002"
"1111","19-004",0,6.8,-5027.22501936955,3316.51671991972,"2002"
"1114","19-009a",1,7.29,-5036.16091253234,3293.69979729578,"2002"
"11151","19-009b",0,7.29,-5038.28566463647,3290.68510201909,"2002"
"11161","19-009c",0,7.29,-5039.73908967734,3289.1266855966,"2002"
"1117","19-009d",0,7.29,-5041.53212020353,3288.88226706132,"2002"
"1118","19-009e",0,7.29,-5041.75858081199,3288.88448785376,"2002"
"1119","19-009g",0,7.29,-5038.58804375227,3293.93862513144,"2002"
"11211","19-010",0,7.29,-5037.09900326285,3291.16561704913,"2002"
"11221","19-011",0,7.29,-5035.06922878712,3293.60227786206,"2002"
"11271","19-024",1,5.93,-5114.06007003761,3181.98366220026,"2002"
"11281","19-025",1,6.19,-5125.6886042714,3163.21778550019,"2002"
"1130","19-027",1,6.19,-5124.19409126659,3163.52228336179,"2002"
"1135","19-034",1,6.19,-5121.31931193742,3164.66996883916,"2002"
"11371","19-038b",0,6.19,-5124.04085386207,3154.79645947516,"2002"
"1138","19-038c",1,6.19,-5121.42707602967,3161.49377929944,"2002"
"11411","19-044",1,6.36,-5119.27070041132,3155.5571306542,"2002"
"11421","19-045",1,6.82,-5103.7199689515,3179.2579519931,"2002"
"11431","19-046",1,6.36,-5122.41852116802,3147.63775278524,"2002"
"11451","19-048",1,6.82,-5101.46036266933,3176.61537804076,"2002"
"11511","19-054",0,6.38,-5131.89453693725,3139.90383985908,"2002"
"1154","19-061",1,6.8,-5151.49584335178,3107.27489588418,"2002"
"11551","19-063a",0,6.58,-5135.25709577975,3130.88423959512,"2002"
"11601","19-071",0,6.58,-5131.54751446319,3124.93824414585,"2002"
"11631","19-072c",0,7.82,-5133.68860818464,3116.4241630857,"2002"
"1167","19-074b",0,6.25,-5141.80428212444,3107.47194682384,"2002"
"11691","19-076",0,6.25,-5142.68843025298,3102.26873240491,"2002"
"1171","19-082",0,5.94,-5155.8288837958,3091.64752109061,"2002"
"11731","19-096",0,5.94,-5157.88744268498,3078.37976252939,"2002"
"1174","19-097",0,5.94,-5150.53305546771,3088.8784314349,"2002"
"1175","19-098",0,5.57,-5154.23460880745,3082.124374856,"2002"
"11771","19-100",1,7.16,-5072.45047234634,3200.47790062467,"2002"
"11781","19-101",1,8.04,-5072.37397191944,3199.19265323691,"2002"
"11791","19-102",1,9.74,-5075.47330477326,3185.07307823708,"2002"
"11801","19-103",0,7.8,-5105.59743468507,3145.89989962618,"2002"
"11821","19-106",1,9.74,-5097.55924241159,3140.94703199612,"2002"
"11831","19-107",0,6.69,-5145.7420756221,3094.31946321423,"2002"
"11851","19-109a",0,6.69,-5143.26239544797,3097.71874258268,"2002"
"1192","19-116",0,4.38,-5161.10100713478,3067.48675008785,"2002"
"1193","19-117",0,4.38,-5166.51295492489,3059.27826504823,"2002"
"1194","19-118",0,4.38,-5168.10691565259,3056.63539190104,"2002"
"1196","19-120",0,4.38,-5165.35802566919,3060.10699271282,"2002"
"12001","19-128",0,5.57,-5151.92076181451,3072.37974599725,"2002"
"12081","19-135",0,6.9,-5151.80692805629,3067.43886844887,"2002"
"12091","19-136a",0,6.9,-5148.90731432031,3069.36514203053,"2002"
"12111","19-137",0,6.9,-5141.60726087505,3080.84518788512,"2002"
"1212","19-139",0,4.28,-5178.45484269489,3040.09034809173,"2002"
"1213","19-141",0,4.28,-5177.86878922103,3038.10750482188,"2002"
"1214","19-146",0,4.28,-5178.12242426769,3033.79776955443,"2002"
"1215","19-147",0,4.28,-5179.35868849042,3030.2491500808,"2002"
"1216","19-148",0,4.83,-5185.57807428765,3021.82496294872,"2002"
"1217","19-149",0,4.28,-5182.98436587763,3025.57645133364,"2002"
"1218","19-151",0,4.83,-5189.34211817831,3014.22937543485,"2002"
"1219","19-152",0,4.83,-5190.29931399015,3011.47352920212,"2002"
"1223","19-159",0,4.83,-5191.79111338124,3006.36523185939,"2002"
"1225","19-167",0,4.83,-5193.55828242321,3001.20457650789,"2002"
"1228","19-176",0,4.83,-5192.58157310328,3000.94820395686,"2002"
"1229","19-178",0,4.83,-5191.00919538156,3002.1828485669,"2002"
"1233","19-195",0,4.91,-5184.29405904696,3005.72339496428,"2002"
"1256","20-003",1,10.73,-5100.99534071521,3130.06249110003,"2002"
"12571","20-004",1,10.73,-5091.22660423953,3146.86135851221,"2002"
"1258","20-005",1,10.73,-5089.6697345228,3147.61526353011,"2002"
"1259","20-009",1,10.73,-5090.90876111453,3144.46551060846,"2002"
"12601","20-010",1,10.73,-5101.42593185959,3127.38207181129,"2002"
"1261","20-011",1,10.73,-5091.20754300264,3142.48329167187,"2002"
"12621","20-012",1,10.18,-5110.46081892828,3116.99119175089,"2002"
"1263","20-013",1,10.18,-5110.741868561,3116.08146711036,"2002"
"12641","20-014",1,9.39,-5123.46114083026,3091.88921955397,"2002"
"1266","20-015a",1,10.18,-5104.43062288051,3123.45145681552,"2002"
"1267","20-017",0,9.39,-5123.22009098865,3091.36586577587,"2002"
"1268","20-019",1,9.39,-5122.23218602076,3092.48377597599,"2002"
"1269","20-020",1,10.18,-5107.15231710252,3116.53164360976,"2002"
"12711","20-022",1,10.18,-5109.15990256502,3112.52870157291,"2002"
"1272","20-024",1,10.18,-5112.7643178948,3106.83466828009,"2002"
"12731","20-027",1,10.18,-5106.33311856372,3115.69577031141,"2002"
"1275","20-028b",1,9.39,-5122.85200527574,3086.43918085146,"2002"
"1277","20-028f",0,9.39,-5124.24052274277,3090.56330407933,"2002"
"12781","20-028g",1,9.39,-5125.61811457082,3088.31215248317,"2002"
"12791","20-028h",1,9.39,-5126.69604206615,3086.52242821189,"2002"
"12801","20-030",1,10.18,-5105.67943354932,3115.29691587179,"2002"
"12811","20-033",1,9.39,-5114.22506339913,3096.06517871173,"2002"
"12821","20-034",1,9.91,-5114.31845532107,3093.68224233583,"2002"
"12831","20-035",1,9.91,-5112.90871674118,3095.26828475414,"2002"
"1284","20-041a",1,9.39,-5124.35024490384,3081.43532875524,"2002"
"1288","20-057a",1,9.91,-5118.34563294261,3079.94637860217,"2002"
"12891","20-058",1,9.91,-5116.73649938746,3082.96075885779,"2002"
"12971","20-067a",0,8.45,-5127.72108249236,3077.39273860722,"2002"
"12991","20-068",0,8.45,-5126.64634243473,3079.18282131309,"2002"
"1305","20-077",0,9.39,-5127.54190760531,3070.90115794547,"2002"
"1307","20-078b",0,9.39,-5126.84857789725,3071.1909805861,"2002"
"1312","20-082",0,9.39,-5125.74932163753,3070.89791521503,"2002"
"1313","20-085",1,9.39,-5120.10481284919,3073.32824371677,"2002"
"1314","20-086",1,9.39,-5118.16933981639,3074.51800750356,"2002"
"1315","20-087",1,9.39,-5118.82671792703,3073.60887064926,"2002"
"13161","20-089",1,8.45,-5130.19749471031,3074.00846905383,"2002"
"1317","20-090c",0,9.39,-5119.21941387003,3070.06195778701,"2002"
"1319","20-095",1,9.39,-5118.32610839508,3070.69576827479,"2002"
"1322","20-098",0,9.39,-5118.61823965393,3068.89712580784,"2002"
"1332","20-106",0,5.11,-5180.95308886041,2997.28956482984,"2002"
"1333","20-109",0,5.11,-5178.87474969806,2998.3997190575,"2002"
"1334","20-110",0,5.11,-5177.63273646868,2997.96418682096,"2002"
"13351","20-112",0,5.11,-5177.27526417777,2996.33424200474,"2002"
"1341","20-127",0,4.75,-5197.84496980093,2962.3951745111,"2002"
"13431","20-129",1,4.8,-5182.58825964115,2982.52790689002,"2002"
"1344","20-130",0,4.75,-5197.94017445471,2956.71013145563,"2002"
"1345","20-131",0,4.75,-5203.07457361831,2950.3997817097,"2002"
"1346","20-132",0,4.75,-5202.63839724212,2947.08805075022,"2002"
"13471","20-134",0,4.89,-5179.96016915929,2978.60848385757,"2002"
"13481","20-135",0,4.89,-5180.17959632339,2975.12668548008,"2002"
"13491","20-136",1,4.89,-5176.72627921782,2980.35665618623,"2002"
"13501","20-137",1,4.89,-5178.28602865839,2977.64581060598,"2002"
"13511","20-138",0,4.89,-5183.47464506939,2968.60428011899,"2002"
"13531","20-142",0,4.89,-5183.86586919667,2964.0232664434,"2002"
"13541","20-143",0,4.89,-5182.18148446273,2963.06017139676,"2002"
"13551","20-146",0,4.03,-5184.08953471275,2958.1525884294,"2002"
"1356","20-167",0,4.07,-5202.58554876663,2942.24676543796,"2002"
"1357","20-172",0,4.07,-5204.33667426491,2937.19255364569,"2002"
"1358","20-179",0,4.07,-5206.24648387172,2932.15472793954,"2002"
"1361","20-185c",0,4.07,-5206.81941241964,2927.45476402219,"2002"
"1362","20-186",0,4.07,-5209.76373908984,2922.43788194142,"2002"
"1363","20-187",0,4.51,-5211.2604792554,2917.53095129584,"2002"
"1368","20-233",1,10.11,-5118.85073650327,3064.97924780216,"2002"
"13691","20-234",1,10.11,-5119.73223377523,3062.88291253059,"2002"
"13711","20-237b",0,10.11,-5116.29402499277,3057.18971470929,"2002"
"1372","20-238",1,10.11,-5118.43546897031,3061.59074394326,"2002"
"13771","20-248",1,10.11,-5117.83843046527,3056.90112787352,"2002"
"1378","20-252",1,10.11,-5116.76966271999,3057.61075345866,"2002"
"1381","20-257b",0,10.11,-5115.5737899845,3056.82029071004,"2002"
"1382","20-260",1,10.11,-5115.20074430665,3055.44579035885,"2002"
"1386","20-264",1,10.23,-5115.27778954931,3054.27576438919,"2002"
"13901","20-270b",1,8.93,-5118.81440368326,3042.95532493558,"2002"
"1392","20-277c",1,8.93,-5122.92951739246,3028.12773272042,"2002"
"13941","20-279b",1,8.93,-5123.53873919174,3026.43337777762,"2002"
"1395","20-279c",1,8.93,-5124.37504865042,3024.72062448609,"2002"
"1396","20-280",1,8.93,-5125.69377933567,3022.81781169359,"2002"
"14001","20-290",1,8.79,-5134.54925469037,3012.42143258696,"2002"
"14011","20-291",0,8.79,-5139.15233497911,2998.26658781531,"2002"
"14021","20-292",0,6.76,-5139.86853801372,2993.8774366793,"2002"
"14101","20-299c",0,4.84,-5186.72904142726,2939.29125612908,"2002"
"14121","20-301a",0,5.74,-5173.8657761245,2959.50485763247,"2002"
"14131","20-301b",0,4.84,-5177.64378047715,2954.47450292398,"2002"
"14151","20-304",0,4.84,-5184.84943120787,2937.031388937,"2002"
"1416","20-305",0,5.82,-5183.51244212046,2934.49638315411,"2002"
"1417","20-306",0,5.82,-5181.22999020122,2937.10846724396,"2002"
"1418","20-307",0,5.82,-5176.82563628206,2943.11237710189,"2002"
"1419","20-308",1,5.82,-5175.51272259085,2942.51357920061,"2002"
"14201","20-309",0,6.52,-5155.6381768564,2973.01098212275,"2002"
"14211","20-310",0,6.52,-5156.5090610377,2967.5195879329,"2002"
"1422","20-314",0,4.06,-5206.15338575763,2914.49332094359,"2002"
"1423","20-315a",0,4.32,-5194.81920017509,2931.84851429383,"2002"
"1425","20-318",0,4.06,-5205.59317157932,2912.42833642815,"2002"
"1428","20-326",0,4.06,-5204.99454567305,2908.67258259613,"2002"
"1429","20-327",0,4.06,-5207.8670244984,2904.21461138106,"2002"
"1430","20-335",0,4.06,-5207.38545898462,2901.2321861606,"2002"
"1431","20-337",0,4.06,-5204.22725967276,2904.48373554587,"2002"
"1432","20-339",0,4.06,-5205.90990084326,2899.04768509216,"2002"
"1435","20-341",0,4.06,-5202.96193469467,2905.38600864248,"2002"
"1436","20-342",0,4.45,-5207.97361129547,2892.04554502531,"2002"
"1438","20-349",0,5.49,-5186.32474281651,2919.58313337781,"2002"
"14401","20-351b",0,5.49,-5178.96352932554,2926.53805253194,"2002"
"1441","20-351c",0,6.99,-5177.47951364606,2926.5673188585,"2002"
"14421","20-352",0,5.49,-5186.63097432405,2915.36419507292,"2002"
"1446","20-369c",0,4.74,-5214.15088794959,2884.8656641895,"2002"
"1447","20-369d",0,4.74,-5214.20845945778,2884.20648590012,"2002"
"1448","20-370a",0,5.03,-5212.34668262889,2880.91652412747,"2002"
"14511","20-374",0,5.03,-5217.08075048842,2872.85875568817,"2002"
"1452","20-377",0,5.03,-5219.19831900346,2865.45189524633,"2002"
"14531","20-378a",0,5.03,-5219.15952665453,2863.32896672422,"2002"
"14561","20-382",0,6.06,-5222.00379954049,2858.96321539322,"2002"
"14581","20-385",0,6.06,-5220.21758287189,2855.61688600053,"2002"
"14611","20-388a",0,6.06,-5221.51180572312,2851.59125121806,"2002"
"14621","20-389",0,6.06,-5223.15166349733,2847.75544294338,"2002"
"1464","20-397",0,10.44,-5271.2511561488,2756.3699139406,"2002"
"14751","21-025",0,7.63,-5145.09287258337,2982.50673894398,"2002"
"14911","21-056a",0,6.99,-5175.51181650219,2926.97197118941,"2002"
"14921","21-056b",0,7.06,-5171.40089411089,2931.79862536165,"2002"
"14931","21-057",0,7.06,-5171.19319643187,2928.10418203344,"2002"
"1503","21-070",0,6.39,-5186.70384749807,2900.06297432716,"2002"
"1504","21-071",0,6.39,-5185.3899820044,2902.37444228972,"2002"
"1505","21-072",0,6.99,-5179.23300692624,2910.9409499935,"2002"
"1507","21-074",0,6.39,-5188.83347164704,2894.53695628543,"2002"
"1508","21-075",0,6.39,-5192.85142482927,2886.80439214262,"2002"
"1509","21-076",0,6.39,-5189.09958603949,2891.38315143512,"2002"
"1510","21-077",0,6.39,-5192.30799661472,2885.53755257154,"2002"
"1517","21-090",0,5.77,-5224.10925715778,2842.52816123733,"2002"
"15181","21-091",0,6.79,-5228.63051857327,2831.82943897879,"2002"
"1522","21-097",0,5.77,-5224.53185252627,2839.12187992733,"2002"
"1524","21-101",0,6.79,-5226.96957312469,2835.740552828,"2002"
"15261","21-115",0,5.77,-5198.1602489534,2876.64589905374,"2002"
"15271","21-116",0,5.77,-5195.24719406732,2878.58790561409,"2002"
"1529","21-127b",0,7.02,-5197.01142288086,2866.16486287242,"2002"
"15301","21-128",0,7.02,-5199.37929042117,2861.92938763483,"2002"
"15321","21-130",0,6.65,-5204.15486044477,2851.55322752131,"2002"
"15331","21-131",0,6.65,-5207.56120266128,2842.79334823111,"2002"
"15341","21-132",0,6.65,-5204.50844147545,2845.84403616677,"2002"
"15361","21-134",0,6.65,-5202.37861135399,2850.57995348095,"2002"
"1537","21-135",0,6.65,-5213.58312007401,2833.08406070863,"2002"
"15381","21-136",0,6.65,-5209.32830530536,2837.8597383601,"2002"
"15391","21-137",0,6.65,-5208.97206208575,2837.66566952228,"2002"
"15401","21-138",0,6.65,-5207.90248726264,2837.08300259293,"2002"
"1542","21-143",0,6.79,-5228.99812287752,2830.98591202353,"2002"
"15431","21-144",0,6.79,-5229.26778348809,2829.81376268047,"2002"
"1544","21-145a",0,6.79,-5230.45707058556,2825.63647533435,"2002"
"15451","21-146",0,6.79,-5231.66553045809,2822.85425849441,"2002"
"15461","21-147",0,6.79,-5233.00272627078,2821.21727182604,"2002"
"15471","21-148",0,6.79,-5233.28319180394,2819.01073922662,"2002"
"15481","21-149",0,6.79,-5234.40601579955,2816.08069290921,"2002"
"15491","21-150",0,6.79,-5235.03619003507,2814.06341115588,"2002"
"15501","21-151",0,7.92,-5235.66478240961,2812.04724525071,"2002"
"15511","21-152",0,7.92,-5236.15593906663,2811.13258404217,"2002"
"1552","21-155",0,6.79,-5231.12965570874,2817.1317298024,"2002"
"15541","21-158",0,7.92,-5235.23285984551,2809.46062848046,"2002"
"15551","21-159",0,7.92,-5235.85960249728,2807.44293357478,"2002"
"15561","21-161",0,7.92,-5236.13117309019,2805.2352744797,"2002"
"15581","21-166",0,7.92,-5243.72137212355,2789.30957574572,"2002"
"15591","21-168",0,7.92,-5243.01068266169,2788.93153641437,"2002"
"15601","21-172",0,7.92,-5235.8253380028,2801.54419260296,"2002"
"1561","21-180",0,6.81,-5231.24592592463,2801.36304168477,"2002"
"1564","21-187",0,6.32,-5219.60849598612,2816.32710932299,"2002"
"1565","21-188",0,6.32,-5215.67833898065,2821.42556875484,"2002"
"1566","21-189",0,6.32,-5219.59572101502,2813.55508769243,"2002"
"1567","21-192",0,8.28,-5274.45408126604,2748.75881511611,"2002"
"15681","21-198",0,7.67,-5260.06671287345,2772.14459561598,"2002"
"15701","21-200",0,7.67,-5260.32638032668,2769.93696687241,"2002"
"15711","21-201",0,8.28,-5271.40373474768,2748.79739036824,"2002"
"1572","21-202",0,7.67,-5258.98932817255,2772.0259943469,"2002"
"15731","21-203",0,7.67,-5260.10236843951,2768.64544263612,"2002"
"15741","21-204",0,8.28,-5262.03367603201,2764.97307505838,"2002"
"15751","21-205",0,8.28,-5272.61164199982,2744.74789118065,"2002"
"15801","21-210",0,8.28,-5262.77169965209,2761.84554787634,"2002"
"15811","21-211",0,8.28,-5265.05363342568,2758.35585890682,"2002"
"15831","21-213",0,7.67,-5257.8138044335,2772.13109450529,"2002"
"15881","21-218",0,8.28,-5270.35640080733,2744.74252961703,"2002"
"15891","21-219",0,7.67,-5255.91263829687,2772.30057605782,"2002"
"1590","21-220",0,7.67,-5253.2104628986,2775.59621341262,"2002"
"15921","21-225",0,7.67,-5249.42222172526,2779.42529052941,"2002"
"1593","21-232",0,8.28,-5268.37353921358,2742.67724296806,"2002"
"15941","21-235",0,7.67,-5244.33890584701,2787.29107338423,"2002"
"15971","21-238",0,8.28,-5267.62719179607,2742.15315063946,"2002"
"16021","21-246",0,6.7,-5263.92814846546,2741.39476786204,"2002"
"16051","21-256",0,6.7,-5262.01371840495,2741.56639374082,"2002"
"16101","21-286",0,9,-5270.36835098471,2741.24181749641,"2002"
"16121","21-290",0,9,-5269.65515814903,2740.87086922583,"2002"
"16161","21-297",0,7.08,-5263.92679261982,2737.89141236649,"2002"
"1617","21-298",0,7.08,-5262.19118028859,2738.97607687457,"2002"
"1620","21-300a",0,7.08,-5262.10398659478,2738.06863615277,"2002"
"16211","21-303",0,7.08,-5259.96479910119,2735.83068689331,"2002"
"16231","21-305",0,7.08,-5261.15044396008,2731.78314117932,"2002"
"1651","21-438",0,5.99,-5224.20679384567,2799.61318269417,"2002"
"1654","21-441",0,5.99,-5221.92319007547,2802.74794855173,"2002"
"1655","21-442",0,5.99,-5228.81268686242,2789.88869669298,"2002"
"1657","21-446",0,5.99,-5227.75206089967,2787.4558025336,"2002"
"1669","21-481",0,5.22,-5231.58440391101,2780.70885360229,"2002"
"1670","21-488",0,5.22,-5234.13338766547,2773.98822546683,"2002"
"1671","21-489",0,5.22,-5239.30331736046,2763.28999371399,"2002"
"1672","21-490",0,5.09,-5247.9120050566,2746.59902151694,"2002"
"1673","21-491",0,5.09,-5252.63519524695,2737.32749576437,"2002"
"1674","21-492",0,5.22,-5239.88902892999,2761.47672546714,"2002"
"1676","21-495",0,5.09,-5248.55674686746,2743.634217284,"2002"
"1677","21-496",0,5.09,-5251.44414928562,2736.4330386493,"2002"
"1678","21-498",0,5.09,-5241.74118582554,2755.90483188919,"2002"
"1679","21-499",0,5.09,-5249.72655361171,2738.23705618384,"2002"
"1680","21-500",0,5.09,-5246.97060663824,2742.9224955414,"2002"
"1681","21-501",0,5.09,-5248.72894574538,2738.73748068187,"2002"
"1683","21-507",0,5.09,-5248.05359559603,2737.52628997556,"2002"
"1684","21-511",0,5.09,-5246.02862102269,2739.04750613227,"2002"
"1685","21-514",0,5.77,-5244.70453479834,2739.53657367148,"2002"
"1686","21-518",0,5.77,-5245.31145914043,2736.00706106417,"2002"
"1687","21-519",0,5.77,-5241.35461537035,2742.29405013848,"2002"
"1688","21-520",0,5.77,-5245.68723366453,2733.60189961248,"2002"
"1689","21-521",0,5.77,-5244.48840099937,2735.62746480751,"2002"
"1691","21-527",0,5.77,-5243.97226844398,2733.81285535413,"2002"
"1696","21-538",0,5.77,-5241.331635739,2734.8332912747,"2002"
"1699","21-546",0,5.77,-5241.72751882472,2729.72640059743,"2002"
"1700","21-548",0,5.77,-5239.85138000902,2732.71883321342,"2002"
"1704","21-556",0,5.77,-5239.28088372724,2729.9085988614,"2002"
"17061","21-558",0,5.94,-5257.66223715034,2732.30301279584,"2002"
"17071","21-559",0,5.94,-5256.46012245089,2732.84289619438,"2002"
"17081","21-560",0,5.94,-5253.66417107036,2730.22529697787,"2002"
"1709","21-562",0,5.94,-5252.59052277476,2727.46107585102,"2002"
"17101","21-565",0,6.18,-5251.65928950641,2723.36504801153,"2002"
"17111","21-566",0,6.18,-5252.09223725698,2718.93752166191,"2002"
"17121","21-570",0,6.18,-5251.83163862704,2717.64114502781,"2002"
"17131","21-575",0,6.18,-5250.94011432273,2714.85592418672,"2002"
"17141","21-579",0,6.18,-5251.04505334873,2713.74951461996,"2002"
"17151","21-582",0,6.18,-5250.41169331033,2712.26176069133,"2002"
"17161","21-586",0,6.18,-5250.25011022427,2709.8564993511,"2002"
"1745","22-086",1,6.88,-5236.7179781901,2731.90248848905,"2002"
"1749","22-097",0,6.88,-5230.69705319956,2729.38714771845,"2002"
"1750","22-098",0,6.88,-5231.84354323246,2724.43926661347,"2002"
"1751","22-099",0,7.65,-5225.27121952387,2731.26882182204,"2002"
"17521","22-103",0,6.84,-5250.18783270733,2706.34409111971,"2002"
"1753","22-105",0,6.84,-5237.60250984816,2726.03579460047,"2002"
"17541","22-106",0,6.84,-5248.80635687086,2704.47152645584,"2002"
"1755","22-111",0,6.84,-5237.74114478737,2724.34783711641,"2002"
"1756","22-115",0,6.84,-5237.15800078076,2722.7864405325,"2002"
"17571","22-116",0,6.84,-5247.32007840976,2703.70571466834,"2002"
"17581","22-121",0,6.84,-5246.57596142093,2703.32230498015,"2002"
"1759","22-122",0,6.84,-5235.82165081075,2721.79590416121,"2002"
"17611","22-124",0,7.3,-5246.40132592521,2700.91636134884,"2002"
"1762","22-125",0,6.84,-5236.31991036752,2719.86413286004,"2002"
"17651","22-131",0,7.3,-5244.9090258182,2700.14810563894,"2002"
"17661","22-133",0,6.84,-5243.69096866435,2700.67831253881,"2002"
"17691","22-140",0,7.42,-5240.50321040512,2701.35190394899,"2002"
"17711","22-142",0,7.42,-5239.37884357899,2700.77232020588,"2002"
"17721","22-143",0,7.42,-5237.78184887355,2701.1057067652,"2002"
"17741","22-145",0,7.42,-5237.50160699824,2699.80465042152,"2002"
"1775","22-146b",0,7.42,-5228.06567463748,2715.00561931301,"2002"
"17761","22-147a",0,7.42,-5235.23997397266,2703.26585123265,"2002"
"17771","22-147b",0,7.42,-5236.6546358294,2700.52440695659,"2002"
"1778","22-148b",0,7.42,-5231.17663269323,2708.48432113646,"2002"
"17811","23-001",1,8.52,-5121.75386732653,2853.07319270727,"2002"
"17821","23-002",1,8.52,-5121.37368436432,2852.86141177326,"2002"
"17841","23-004b",1,8.52,-5120.72936396255,2851.33224304483,"2002"
"1785","23-005",1,8.52,-5120.60167160304,2850.24648591845,"2002"
"17861","23-006",1,8.52,-5119.470011403,2851.80097067548,"2002"
"17871","23-007",1,8.52,-5120.46461865437,2850.01474787569,"2002"
"1788","23-008",1,8.52,-5124.34807018186,2841.45025672329,"2002"
"17891","23-009",1,8.52,-5118.55671443326,2848.95282174736,"2002"
"17901","23-010",1,8.52,-5118.29004210449,2847.63328378234,"2002"
"17911","23-012a",1,8.52,-5121.15569776231,2843.37771319687,"2002"
"17921","23-012b",1,8.52,-5122.03389331316,2842.69657458605,"2002"
"17931","23-012c",1,8.52,-5122.26114733951,2840.48393983615,"2002"
"17941","23-012d",1,8.52,-5120.00791001588,2842.74043632222,"2002"
"1795","23-012e",1,8.52,-5118.80517596292,2845.03572809918,"2002"
"17961","23-014",1,8.52,-5120.12075404665,2841.63479433374,"2002"
"17971","23-016",1,8.52,-5119.73774252114,2841.42222534761,"2002"
"1798","23-023",1,8.28,-5113.79712478737,2843.70524829223,"2002"
"1799","23-026",1,8.28,-5112.79523509089,2841.34255262119,"2002"
"18001","23-030",1,8.46,-5127.09937062319,2832.64620882722,"2002"
"1802","23-031a",1,8.46,-5126.53699918531,2833.42265113522,"2002"
"1803","23-031b",1,8.46,-5126.97043710557,2832.57497497481,"2002"
"1805","23-033a",1,8.46,-5126.73620172274,2829.88885160361,"2002"
"18061","23-036",1,8.39,-5121.31767164091,2821.2916270311,"2002"
"18071","23-037",0,8.39,-5122.40715718299,2818.3968896945,"2002"
"18081","23-038",1,8.39,-5121.52831525116,2819.07735064158,"2002"
"1809","23-045a",0,6.78,-5166.59325318479,2757.70910416393,"2002"
"1810","23-046",0,6.78,-5158.2682264048,2767.52985468826,"2002"
"1811","23-048",0,6.27,-5164.43815326002,2753.79199335574,"2002"
"1812","23-049",0,6.27,-5155.78706497432,2767.48259930839,"2002"
"1813","23-050",0,6.27,-5161.56166824518,2757.19452544789,"2002"
"1814","23-051",0,6.27,-5163.58989035364,2749.57191589213,"2002"
"18151","23-052",0,6.27,-5158.73940923815,2747.57097806754,"2002"
"18171","23-053",0,6.27,-5154.11718251254,2754.35419364926,"2002"
"18191","23-055",0,5.71,-5161.57000625911,2737.52623170064,"2002"
"18211","23-056",1,7.09,-5121.77907001321,2807.57825269962,"2002"
"1824","23-061a",0,5.63,-5116.54491205606,2797.24786867288,"2002"
"1829","23-067c",0,5.63,-5115.05199960427,2779.30707829311,"2002"
"18401","23-076",0,5.71,-5156.68967559847,2737.2452209931,"2002"
"1841","23-077",0,5.71,-5160.84609351973,2726.33895521529,"2002"
"18421","23-078",0,5.71,-5159.41758041915,2722.55514450429,"2002"
"18431","23-079",0,5.64,-5161.31183949298,2713.19713881737,"2002"
"18441","23-080",0,5.64,-5160.27301248869,2710.35369618485,"2002"
"18451","23-081",0,5.64,-5162.06186079461,2702.10379689827,"2002"
"18461","23-082",0,5.64,-5161.95232831726,2697.45594717984,"2002"
"1","09-245d",1,8.14,-4956.27478947728,3849.2677474312,"2016"
"2","09-246",1,8.01,-4958.86141878651,3843.69208005577,"2016"
"3","09-249b",1,8.14,-4957.80684412382,3847.39552132015,"2016"
"4","09-251j",1,8.14,-4956.8365256575,3848.38352503241,"2016"
"5","09-252",1,8.14,-4957.01078404817,3848.25438823939,"2016"
"6","09-255d",1,8.12,-4958.8382992232,3845.30857678133,"2016"
"7","09-256b",1,8.2,-4959.1393294863,3845.22476566039,"2016"
"8","09-258c",1,8.12,-4959.04808058145,3844.73327697379,"2016"
"9","09-258d",1,8.12,-4959.11147237773,3844.4122948494,"2016"
"10","09-258e",1,8.12,-4959.05761816681,3844.60736217895,"2016"
"11","09-259",1,8.2,-4959.78317962171,3844.66458077033,"2016"
"12","09-260a",1,8.12,-4960.41127538636,3842.59733043377,"2016"
"13","09-270",1,7.08,-4973.15008173476,3835.31168552373,"2016"
"14","09-279",1,7.96,-4963.92046080724,3839.97322167721,"2016"
"15","09-279a",1,7.96,-4963.12660965812,3841.40457693857,"2016"
"16","09-279b",1,7.96,-4963.53511126151,3840.74007875202,"2016"
"17","09-281",1,7.47,-4967.53701301465,3836.25568370148,"2016"
"18","09-283b",1,7.47,-4967.50196973254,3837.18966475917,"2016"
"19","09-285",1,7.47,-4968.759110373,3835.23743819168,"2016"
"20","09-288",1,7.15,-4970.19717471147,3833.61904709394,"2016"
"21","09-289",1,7.55,-4969.91748092302,3834.67640239931,"2016"
"22","09-290",1,6.24,-4974.86284537545,3830.14593304447,"2016"
"23","09-291",1,6.81,-4974.10588058524,3832.19059776141,"2016"
"24","09-319",1,6.44,-4989.52688952674,3810.15667807852,"2016"
"25","09-321a",1,5.76,-4990.41392080689,3810.3838530193,"2016"
"26","09-329",1,6.9,-4994.55362980652,3802.59668161012,"2016"
"27","09-331",1,7.28,-4995.78747577746,3799.86784485625,"2016"
"28","09-332e",1,7.64,-4997.13605743121,3797.37184655078,"2016"
"29","09-355",1,6.68,-5027.19861871629,3770.35788407904,"2016"
"30","09-356",1,6.75,-5027.6832659419,3767.53403272507,"2016"
"31","09-357",1,6.34,-5034.45710558769,3766.57332609639,"2016"
"32","09-358a",1,6.51,-5033.37023841064,3765.93584144084,"2016"
"33","09-366",1,6.42,-5041.23625473004,3755.81710098265,"2016"
"34","09-368",1,6.26,-5043.39528763608,3752.50291719718,"2016"
"35","09-372",1,7.06,-5008.56853598272,3783.52276531994,"2016"
"37","09-376",1,7.06,-5008.37460515027,3782.83370985007,"2016"
"38","09-378",1,7.03,-5011.95612971009,3780.6360666399,"2016"
"39","09-394",1,6.96,-5021.62506144,3771.32906195075,"2016"
"42","09-406",0,4.85,-5037.61048132851,3741.54988299253,"2016"
"44","09-407",1,4.87,-5038.61957320945,3742.90947021774,"2016"
"45","09-408",0,4.47,-5040.27948453312,3742.21613981055,"2016"
"46","09-409",0,4.31,-5041.41867610185,3742.8869645676,"2016"
"47","09-410",1,4.36,-5043.80975625459,3741.68545582665,"2016"
"48","09-411",0,4.3,-5039.7952728519,3737.96666435398,"2016"
"49","09-419a",1,4.15,-5049.7104733846,3737.51332181876,"2016"
"50","09-423",0,3.55,-5051.28531201455,3735.84164564185,"2016"
"51","09-424",0,4.13,-5054.10948343793,3733.42634302388,"2016"
"52","09-440",0,3.12,-5058.37692671362,3721.83021357334,"2016"
"53","09-447",0,3.12,-5060.55492825321,3719.22159873827,"2016"
"54","09-449",0,3.12,-5060.74264974651,3717.89425516031,"2016"
"55","09-452",0,2.66,-5062.13631266894,3716.88844717323,"2016"
"56","09-454c",0,2.68,-5065.4092626974,3710.69859966773,"2016"
"57","09-454n",0,2.68,-5064.62790006216,3711.71199159215,"2016"
"58","09-458",0,2.68,-5066.09428713762,3709.77846128659,"2016"
"59","09-459",0,2.83,-5067.09137693487,3708.40889625352,"2016"
"60","09-468",0,3.65,-5052.96704379278,3725.13092400933,"2016"
"61","09-470",0,3.65,-5054.38333671106,3723.16336047134,"2016"
"62","09-472",0,3.45,-5058.21309154841,3718.27854455665,"2016"
"64","09-493",0,2.67,-5067.57966893778,3710.17570805591,"2016"
"65","09-496",0,2.96,-5069.81836859359,3709.26028663419,"2016"
"66","09-503b",0,3.14,-5073.00859376806,3705.41899383568,"2016"
"67","09-513",0,2.98,-5070.34487412046,3703.90615065968,"2016"
"68","09-513a",0,2.98,-5072.65411139713,3701.03905280982,"2016"
"69","09-514",0,3,-5072.2874591722,3700.54581792102,"2016"
"70","09-523",0,2.98,-5069.89252597006,3700.02560821911,"2016"
"71","09-531",0,2.69,-5068.22560097714,3699.58283873039,"2016"
"75","09-544b",0,3.11,-5078.90109946391,3685.48692635349,"2016"
"76","09-545a",0,3.28,-5081.46983438916,3682.94002648856,"2016"
"77","09-560a",0,3.79,-5090.05175034816,3682.32881253181,"2016"
"78","09-560b",0,3.79,-5091.85325924332,3679.574378904,"2016"
"79","09-560d",0,4.79,-5092.6981551734,3678.60783321819,"2016"
"80","09-562",0,4.11,-5087.87989297069,3680.82159716067,"2016"
"81","09-563",0,3.77,-5089.33434935164,3679.84448046507,"2016"
"82","09-563a",0,3.77,-5090.1748777863,3679.45525837913,"2016"
"83","09-565",0,4.63,-5092.63633009183,3677.11461110198,"2016"
"84","09-571",0,3.75,-5083.9356519584,3682.73059394867,"2016"
"85","09-572",0,3.75,-5081.73565540332,3685.12714303587,"2016"
"86","09-574",0,4.11,-5087.76322394979,3679.80429440079,"2016"
"87","09-584",0,5.49,-5094.7227711739,3673.69817561769,"2016"
"88","09-586",0,5.49,-5096.14577844952,3672.7298935027,"2016"
"89","09-587",0,5.49,-5096.45425343217,3671.79545097311,"2016"
"90","09-634",0,4.93,-5083.17867066452,3677.9669476146,"2016"
"91","09-635",0,4.93,-5083.908235951,3677.271818785,"2016"
"92","09-636",0,4.93,-5084.54375082886,3676.5105047604,"2016"
"93","09-638",0,4.93,-5085.16456574662,3676.02744433622,"2016"
"94","09-640",0,4.93,-5085.99120312148,3675.01664414873,"2016"
"95","09-642",0,6.85,-5086.68900739666,3674.68377930766,"2016"
"96","09-644",0,5.7,-5087.07204530658,3674.57486675681,"2016"
"97","09-646",0,5.7,-5087.66197190247,3674.32688220453,"2016"
"98","09-649",0,5.7,-5088.04729705175,3674.28345203706,"2016"
"99","09-652",0,5.7,-5088.40696420962,3673.93300419343,"2016"
"100","10-067",1,8.64,-4947.36249650027,3854.9041548277,"2016"
"101","10-068a",1,8.64,-4948.04761344678,3854.59309674771,"2016"
"102","10-070d",1,8.57,-4948.92913982533,3850.54654064232,"2016"
"103","10-071c",1,8.5,-4949.38822103294,3853.86714914017,"2016"
"104","10-075",1,8.54,-4950.1464412867,3852.97754105669,"2016"
"105","10-076c",1,8.57,-4948.15877873511,3851.30769856369,"2016"
"106","10-077c",1,8.54,-4950.56121447591,3852.74568913589,"2016"
"107","10-080b",1,8.45,-4950.82889943918,3852.82276455566,"2016"
"108","10-081",1,8.54,-4950.68371072648,3852.76277317705,"2016"
"109","10-085b",1,8.45,-4951.82594636812,3851.43299004316,"2016"
"110","10-088a",1,8.45,-4951.87085678132,3851.49552373901,"2016"
"111","10-093b",1,8.57,-4950.04525048103,3849.31177709182,"2016"
"112","10-095",1,8.45,-4952.28051316452,3850.91461773514,"2016"
"113","10-105a2",1,8.64,-4947.90758039719,3853.90178800713,"2016"
"114","10-105s",1,8.57,-4950.17013278793,3849.90816318962,"2016"
"115","10-105x",1,8.57,-4949.11426349091,3851.67258949459,"2016"
"116","10-105y",1,8.54,-4949.95652214805,3852.75133260901,"2016"
"117","10-105z",1,8.57,-4950.55886571793,3848.80364042376,"2016"
"118","10-138h",1,8.43,-4964.06610727611,3832.15925931659,"2016"
"119","10-146",1,8.34,-4965.62716130556,3831.84090170267,"2016"
"120","10-148b",1,8.37,-4966.5308511944,3830.1941927228,"2016"
"122","10-157a",1,8.45,-4952.28916010068,3851.68742542237,"2016"
"123","10-158a",1,8.45,-4952.11988209312,3852.08498759942,"2016"
"124","10-160b",1,8.45,-4952.98977156842,3850.54333833621,"2016"
"125","10-162",1,8.45,-4952.77106875172,3851.21770474893,"2016"
"126","10-163",1,8.45,-4953.81100776638,3849.72991880471,"2016"
"127","10-169b",1,9.04,-4944.98691750591,3851.27136918938,"2016"
"128","10-170b",1,8.81,-4946.25263382315,3849.12393347466,"2016"
"129","10-174",1,8.81,-4946.30947246538,3849.62088081928,"2016"
"130","10-176",1,9.05,-4946.08597695889,3847.26242208794,"2016"
"131","10-176a",1,9.05,-4945.23278220516,3848.49520633758,"2016"
"132","10-182",1,8.91,-4952.963784911,3839.88728808677,"2016"
"133","10-183a",1,8.9,-4953.6239254029,3839.45291318707,"2016"
"134","10-184f",1,9.03,-4946.51685993301,3847.84506751057,"2016"
"135","10-192b",1,8.91,-4946.64434340533,3850.29394670601,"2016"
"136","10-193b",1,9.02,-4945.19803492092,3853.16895429772,"2016"
"137","10-194g",1,8.95,-4946.13737410022,3852.53782348454,"2016"
"138","10-196k",1,8.91,-4946.88662088516,3850.48252697361,"2016"
"139","10-204",1,9,-4959.81099634657,3832.6386737713,"2016"
"140","10-210c",1,8.95,-4946.0761117232,3843.2034809902,"2016"
"141","10-214",1,8.99,-4953.63920408171,3837.2436984802,"2016"
"142","10-215",1,9.06,-4952.84427896125,3836.17413609976,"2016"
"143","10-216",1,9.06,-4952.80259680259,3837.16966737785,"2016"
"144","10-240",1,8.34,-4945.99111434184,3835.61625941411,"2016"
"145","10-253",1,8.62,-4949.68012015085,3831.68650841795,"2016"
"146","10-254a",1,8.62,-4950.59685391996,3830.67593764057,"2016"
"147","10-262a",1,8.78,-4947.04428550879,3840.6079177163,"2016"
"150","10-282a",1,8.92,-4957.53794644636,3827.62550048864,"2016"
"151","10-283b",1,7.85,-4958.8992760224,3826.03389337364,"2016"
"153","10-284a",1,8.93,-4959.15398483245,3825.87860340419,"2016"
"154","10-286a",1,9.05,-4960.53534502704,3823.70836547051,"2016"
"155","10-299",1,10.45,-5004.27661605368,3758.73572124722,"2016"
"156","10-300",1,9.58,-4969.19767634382,3810.51910256398,"2016"
"157","10-302",1,8.94,-4995.53607128029,3776.36171305677,"2016"
"158","10-303",1,8.55,-4977.5715683627,3798.29554888388,"2016"
"159","10-303d",1,9.83,-4977.04739923114,3799.9492995258,"2016"
"160","10-305",1,8.97,-4990.52885329235,3781.18849227201,"2016"
"161","10-311a",1,10.32,-4978.39704606734,3796.64989976366,"2016"
"162","10-318a",1,8.37,-4972.49749321294,3802.7279632103,"2016"
"163","10-318b",1,8.68,-4973.9341733621,3800.40584129237,"2016"
"164","10-318c",1,8.68,-4973.99481328198,3799.70124047171,"2016"
"165","10-319b",1,9.08,-4966.55233036141,3818.94033936923,"2016"
"166","10-320",1,8.68,-4974.45701762681,3799.86968412431,"2016"
"167","10-321",1,8.51,-4974.88439157043,3799.48494310928,"2016"
"168","10-322",1,8.61,-4978.05448062254,3795.94619482878,"2016"
"169","10-323",1,8.61,-4978.68601297024,3794.74216484027,"2016"
"17010","10-325",1,8.66,-4982.81975947501,3790.39622454724,"2016"
"172","10-326",1,8.83,-4985.82619650214,3786.35458826927,"2016"
"17311","10-327",1,10.43,-4981.82925772731,3791.0168036113,"2016"
"175","10-335",1,9.57,-4979.37081947715,3790.09052309003,"2016"
"17612","10-336",1,9.68,-4981.83025643413,3786.90035876397,"2016"
"177","10-337",1,9.97,-4993.16742582628,3772.35867049673,"2016"
"17810","10-338",1,10.07,-4996.66723712595,3767.99467988677,"2016"
"18010","10-341",1,9.86,-4981.63282059109,3784.44622769205,"2016"
"181","10-345a",1,9.67,-5025.15783922125,3735.98809894949,"2016"
"182","10-346a",1,11.1,-5014.15475868014,3750.48845716522,"2016"
"183","10-347a",1,12.08,-5002.69924374118,3765.36532743467,"2016"
"184","10-349",1,7.64,-5028.06447322029,3729.57743053725,"2016"
"185","10-350",1,7.14,-5030.19176916241,3726.72345718382,"2016"
"186","10-351",1,10.39,-5011.59953328299,3750.47576344489,"2016"
"187","10-352",1,9.36,-5021.12195066062,3737.61776572978,"2016"
"188","10-353",1,10.45,-5004.93719243068,3758.6689842971,"2016"
"189","10-355",1,9.81,-5019.94022221947,3738.43795766483,"2016"
"190","10-377",1,7.69,-4962.77057191106,3826.98872207298,"2016"
"191","10-381",0,5.43,-5062.55022128915,3682.95361485756,"2016"
"193","10-384",1,5.52,-5062.13917769896,3682.75145959336,"2016"
"194","10-386",0,5.52,-5062.93251200839,3681.18880113832,"2016"
"195","10-387",1,5.9,-5033.801326192,3721.96316657751,"2016"
"197","10-388a",1,9.08,-4966.43290848634,3817.99410024162,"2016"
"198","10-390",0,5.52,-5062.24061339541,3681.53276515072,"2016"
"199","10-391",0,5.29,-5062.56798739359,3680.55476297524,"2016"
"201","10-398",0,5.29,-5061.74444342619,3680.88342394911,"2016"
"202","10-399",1,5.29,-5062.24818201532,3679.92454781826,"2016"
"204","10-402",1,6.21,-5063.2820385285,3677.79976283005,"2016"
"205","10-406",1,6.21,-5063.12379864851,3676.61795277899,"2016"
"206","10-412",0,6.03,-5062.37693047557,3676.12918339222,"2016"
"207","10-414",0,6.03,-5061.96444783656,3675.29020784527,"2016"
"208","10-416b",1,5.93,-5062.19524657967,3673.56197759799,"2016"
"210","10-418a",0,5.93,-5061.86134719473,3672.90806139918,"2016"
"211","10-419a",1,6.15,-5060.24394670029,3674.74080273459,"2016"
"212","10-419b",0,6.15,-5060.08067973507,3674.59755385663,"2016"
"213","10-420",0,4.95,-5058.92558551353,3676.19360803168,"2016"
"214","10-423a",1,7.44,-4974.39381650116,3822.52298614418,"2016"
"215","10-426",0,5.93,-5061.32302663711,3675.30626379035,"2016"
"216","10-429",1,8.37,-4970.58749283353,3804.98829326174,"2016"
"217","10-430",1,8.37,-4971.20595763064,3803.91869928,"2016"
"219","10-441",1,7.44,-4972.63010360841,3818.00082988686,"2016"
"221","10-446",1,7.8,-4975.13746061528,3819.27525290813,"2016"
"222","10-449",1,7.11,-4975.88997700825,3816.67794813651,"2016"
"223","10-449a",1,8.37,-4975.6495213964,3817.16487851873,"2016"
"224","10-450",1,7.11,-4975.72588906242,3815.91444829004,"2016"
"227","10-456a",1,9.54,-4986.98291268965,3801.92283666805,"2016"
"228","10-458",1,7.85,-4956.57128806377,3829.70941877968,"2016"
"229","10-458b",1,7.69,-4955.91625053278,3830.85179606595,"2016"
"231","10-462b",1,8.95,-4948.13350578817,3840.0048360724,"2016"
"232","10-462g",1,8.78,-4947.0421562865,3840.87016497033,"2016"
"233","10-476a",1,8.78,-4946.75252218619,3841.35703440085,"2016"
"234","10-485a3",1,8.66,-4940.35798075673,3844.18611256551,"2016"
"235","10-485k",1,8.69,-4940.33194014789,3845.16722448226,"2016"
"236","10-485l",1,8.23,-4945.67853216173,3836.3737693628,"2016"
"237","10-485m",1,8.62,-4950.3312652299,3831.10282922077,"2016"
"238","10-485p",1,8.92,-4943.49222266379,3842.9866048191,"2016"
"239","10-485q",1,8.23,-4942.9537764005,3839.29341371709,"2016"
"240","10-486b",1,9.92,-4976.57113972374,3801.46576894896,"2016"
"241","10-490",1,7.49,-4957.66882821167,3822.11140854312,"2016"
"242","10-495c",1,8.92,-4956.59777590796,3827.40527782531,"2016"
"243","10-497b",1,9.83,-4975.48065235309,3802.31162000775,"2016"
"244","10-498",1,10.82,-5020.20612045151,3743.19387743661,"2016"
"246","10-500",1,9.83,-4976.35342956468,3801.25958172735,"2016"
"247","10-503",0,4.61,-5061.17014583677,3687.44565914995,"2016"
"248","10-508",1,8.7,-5029.39200822752,3730.58077478813,"2016"
"249","10-509",1,7.52,-5031.58990962456,3727.28814638035,"2016"
"251","10-514",0,5.43,-5062.21412030992,3684.63087963411,"2016"
"252","10-518c",1,7.49,-4956.56679987441,3823.69525129869,"2016"
"253","10-521",1,7.49,-4958.63205325792,3819.93455966017,"2016"
"254","10-521a",1,7.74,-4960.67845763643,3818.19233140538,"2016"
"255","10-522d",1,8.62,-4953.16641973755,3828.29852952594,"2016"
"256","10-523b",1,7.74,-4960.32932915986,3818.13178711788,"2016"
"257","10-528",1,8.34,-4947.57752063718,3834.18857349349,"2016"
"258","10-541",1,7.72,-4995.98020993135,3788.81117799212,"2016"
"261","10-543a",1,8.86,-4997.31931771232,3790.49334076958,"2016"
"262","10-543b",1,8.86,-4997.82024215547,3789.68878738457,"2016"
"263","10-543c",1,8.86,-4999.07612918847,3788.10883901715,"2016"
"264","10-543d",1,8.94,-4997.8113681809,3789.96933218622,"2016"
"265","10-543i",1,8.94,-4998.48957303039,3789.25713413975,"2016"
"266","10-544a",1,9.84,-4994.90537975004,3786.03102826306,"2016"
"267","10-545a4",1,9.21,-5002.52366014806,3785.89767312774,"2016"
"268","10-547b",1,8.86,-4996.60673415196,3790.07662338541,"2016"
"269","10-547c",1,9.23,-4996.81275047577,3789.29378571855,"2016"
"270","10-548",1,9.8,-4998.18607342939,3781.52438942443,"2016"
"271","10-549",1,7.65,-5006.6874585589,3779.93467584086,"2016"
"273","10-554a",1,8.71,-5015.30552705851,3768.16255445274,"2016"
"274","10-556a",1,7.74,-5019.67506750122,3760.65425792777,"2016"
"275","10-559a",1,9.23,-5013.43795859311,3762.72937662313,"2016"
"276","10-560a",1,9.23,-5014.18106992816,3763.05959295859,"2016"
"277","10-561a",1,7.33,-5023.49217660714,3753.28495218401,"2016"
"278","10-562",1,6.83,-5020.5557408876,3749.35791482174,"2016"
"279","10-563a",1,8.33,-5021.72576170327,3750.58380217823,"2016"
"280","10-565",1,7.34,-5024.43029336021,3745.04458390504,"2016"
"281","10-566a",0,5.34,-5030.27240088255,3746.4240558359,"2016"
"282","10-567",1,5.34,-5031.18978494862,3743.90445772797,"2016"
"283","10-568",0,4.89,-5032.44098465689,3744.20248092774,"2016"
"284","10-572",0,5.89,-5031.02695880605,3738.2799563897,"2016"
"285","10-575",1,8.85,-5007.20691316065,3760.91166601593,"2016"
"286","10-576",1,8.37,-5009.12907487154,3760.98264064872,"2016"
"288","10-577a",1,8.03,-5012.43149327917,3758.17530120571,"2016"
"289","10-582a",1,8.34,-5018.42306784705,3747.23642890904,"2016"
"290","10-583",1,7.1,-5022.39521011644,3744.76787992341,"2016"
"291","10-585",1,6.58,-5025.49288978673,3738.44887313843,"2016"
"292","10-587",1,6.66,-5028.66641943063,3737.5590591383,"2016"
"293","10-593",1,5.77,-5034.06533533826,3728.60496286635,"2016"
"294","10-594a",1,6.7,-5032.84906164467,3726.66847976903,"2016"
"295","10-596",1,5.69,-5035.98076245291,3724.06827442475,"2016"
"296","10-598a",0,4.33,-5038.7317311556,3737.75410203368,"2016"
"301","10-614",0,4.64,-5051.20790678506,3718.23308039102,"2016"
"302","10-619",0,4.67,-5038.1658612272,3733.3939945636,"2016"
"303","10-624",0,4.89,-5039.20163866621,3729.38215749878,"2016"
"304","10-625",0,5.03,-5042.27502389646,3724.49131541873,"2016"
"305","10-626",0,5.36,-5042.84728719419,3725.52022887139,"2016"
"306","10-627",0,4.69,-5045.79355278183,3721.38796772698,"2016"
"307","10-630",0,5.51,-5033.86270011049,3730.26759033557,"2016"
"314","10-644",0,2.88,-5062.72684839516,3704.36179085093,"2016"
"315","10-645",0,2.69,-5065.8492083648,3700.17093585123,"2016"
"316","10-648",0,4.32,-5048.49439288474,3717.92121910151,"2016"
"317","10-650",0,3.66,-5052.68632166103,3716.73270939743,"2016"
"318","10-652",0,4.11,-5054.06217174402,3714.20933042179,"2016"
"319","10-653",0,4.27,-5052.66061945581,3713.15855624547,"2016"
"320","10-656",0,3.49,-5059.49038034696,3708.23679316123,"2016"
"321","10-686",0,5.01,-5078.98767179537,3681.5908731954,"2016"
"323","10-687a",0,5.01,-5079.90832078649,3680.74570276829,"2016"
"324","10-688",0,4.08,-5080.4809696761,3680.32501052965,"2016"
"325","10-689a",0,4.08,-5080.96971893527,3680.03534111122,"2016"
"327","10-691",0,4.08,-5082.09813834858,3678.82471314395,"2016"
"330","10-700",0,4.57,-5070.84351671295,3688.06394791503,"2016"
"331","10-702",0,4.13,-5072.90957919211,3686.21715630646,"2016"
"332","10-705",0,5.49,-5073.52690313339,3685.76968022957,"2016"
"333","10-707",0,5.49,-5074.08248359283,3685.46532802116,"2016"
"334","10-708",0,4.74,-5074.55401229165,3685.19673424778,"2016"
"336","10-710",0,4.74,-5075.14704326168,3684.85534130403,"2016"
"338","10-712",0,4.74,-5075.91153336645,3684.41135840791,"2016"
"339","10-713",0,3.96,-5076.66239307936,3683.6374837061,"2016"
"342","10-716a",0,3.96,-5077.52956720754,3683.33377831422,"2016"
"343","10-724",0,4.89,-5066.19213508786,3689.08905373719,"2016"
"344","10-727",0,4.78,-5067.03620956688,3689.18756923004,"2016"
"345","10-728",0,4.78,-5067.49929509705,3689.1715349438,"2016"
"346","10-729",0,4.78,-5066.70559773281,3689.17390923402,"2016"
"347","10-730",0,4.89,-5066.43414103988,3689.10425684074,"2016"
"348","10-732",0,5.15,-5068.2839513863,3688.93741920238,"2016"
"350","10-734",0,5.15,-5068.68566672296,3688.81070376231,"2016"
"351","10-737",0,4.57,-5069.63199289528,3688.66303772822,"2016"
"352","10-741",0,5.15,-5069.20856048568,3688.61299624576,"2016"
"353","10-744",0,4.57,-5070.03843197341,3688.50865752704,"2016"
"357","10-755",0,4.89,-5064.82333288189,3689.89456150414,"2016"
"366","10-800",1,9.39,-4980.5985870028,3788.84053136332,"2016"
"3682","11-001",1,10.59,-4993.79784036737,3764.46258891215,"2016"
"3732","11-025",1,11.02,-4999.33833154809,3754.97455370121,"2016"
"3742","11-026",1,10.91,-4994.06411809338,3760.56426005796,"2016"
"3762","11-035",1,11.04,-4993.51801844106,3758.7881959638,"2016"
"3782","11-038",1,10.85,-4990.51346083248,3760.62163050282,"2016"
"3852","11-052",1,10.65,-4992.48871006036,3752.55489982033,"2016"
"3861","11-053",1,10.63,-4990.492542917,3755.40539992432,"2016"
"3882","11-055",1,10.03,-4989.29027266235,3754.24263284637,"2016"
"3932","11-061",1,10.03,-4988.75999178231,3753.84361755994,"2016"
"3941","11-062",1,10.03,-4987.76371652512,3754.96040769359,"2016"
"395","11-072",1,6.53,-5054.34659525731,3672.80659117553,"2016"
"396","11-073",1,7.11,-5055.01051913893,3671.90064074814,"2016"
"397","11-074",1,6.53,-5054.18487248922,3672.57584945456,"2016"
"398","11-075",0,6.53,-5053.08169968704,3674.0777759156,"2016"
"399","11-076",0,7.06,-5052.93553665951,3673.76173501885,"2016"
"400","11-077",0,7.06,-5051.52643133593,3675.21369304462,"2016"
"401","11-081",0,7.06,-5050.69535914307,3675.39492584674,"2016"
"402","11-082",0,7.11,-5050.26656286138,3675.70013312854,"2016"
"403","11-083",0,7.11,-5050.94769555169,3674.57261754553,"2016"
"404","11-087b",0,7.11,-5050.44052421619,3674.87836283701,"2016"
"405","11-088",1,7.11,-5050.29198489556,3674.6447714927,"2016"
"406","11-089b",0,7.11,-5050.03778631852,3674.65932538547,"2016"
"4071","11-091",0,7.11,-5049.99647316406,3674.42557525438,"2016"
"408","11-094",1,7.17,-5050.10538395343,3673.8405463927,"2016"
"409","11-095",0,7.17,-5050.32373940123,3673.37614833281,"2016"
"410","11-096",0,7.17,-5050.58472992226,3672.8256626137,"2016"
"411","11-097",0,7.17,-5050.41570854227,3672.82403516689,"2016"
"412","11-102",0,7.19,-5049.36748117036,3672.92734577426,"2016"
"415","11-109a",0,6.93,-5046.05479111324,3676.38767945828,"2016"
"416","11-109b",0,6.93,-5047.59966355928,3674.62072291343,"2016"
"417","11-110",0,6.94,-5041.85211771301,3682.22925072063,"2016"
"419","11-113",0,6.15,-5059.98350831775,3673.95685584499,"2016"
"420","11-114",0,6.15,-5060.14171253999,3673.38848790355,"2016"
"421","11-115",1,6.06,-5060.75650674307,3672.32859075765,"2016"
"422","11-116",1,6.06,-5060.96784487413,3671.51710346167,"2016"
"423","11-117",1,6.46,-5060.58655482063,3670.79618590552,"2016"
"424","11-118a",0,6.46,-5059.41171542479,3671.38563694566,"2016"
"425","11-119",1,7.22,-5060.77197935008,3668.98518387364,"2016"
"426","11-120",1,7.12,-5060.19040961439,3668.34973150745,"2016"
"427","11-122",0,6.89,-5059.06149827462,3669.33623364481,"2016"
"428","11-123",0,7.22,-5059.18255196222,3668.83601667617,"2016"
"429","11-124",0,7.22,-5059.38036843431,3668.27644024852,"2016"
"430","11-125",1,7.54,-5059.21667645962,3666.88535851904,"2016"
"432","11-126b",0,7.11,-5056.04589755125,3670.96212401151,"2016"
"433","11-127b",0,7.11,-5056.44318768843,3670.16077414502,"2016"
"434","11-128",0,7.11,-5056.88803770835,3669.43103785323,"2016"
"435","11-129",0,7.11,-5057.57401645151,3668.59656721116,"2016"
"439","11-134",1,9.84,-4977.68346939659,3764.8183305254,"2016"
"4401","11-136",1,9.97,-4980.24780284359,3761.06887036959,"2016"
"441","11-137",1,10.14,-4977.19223321112,3763.20300098754,"2016"
"4421","11-138",1,10.08,-4981.19438029307,3754.96175298383,"2016"
"4431","11-139",1,10.3,-4979.34099993824,3756.29170063293,"2016"
"444","11-140",1,10.33,-4974.43938787461,3762.69173420554,"2016"
"445","11-141",1,10.29,-4975.60088932489,3760.88156602915,"2016"
"4461","11-142",1,10.29,-4977.19266624796,3758.76163996672,"2016"
"447","11-143",1,10.3,-4978.19230708418,3757.41010632045,"2016"
"450","11-147",1,10.31,-4973.93761088124,3761.73736259773,"2016"
"4511","11-150",1,10.31,-4975.92193171695,3757.80198489005,"2016"
"452","11-151",1,10.59,-4979.03440299991,3752.84481722655,"2016"
"4551","11-156",1,9.79,-4986.38568513109,3754.78234779404,"2016"
"4581","11-161",1,10.01,-4984.83863858405,3754.98215344243,"2016"
"4631","11-173",1,9.88,-5003.69988782036,3721.49810991369,"2016"
"4662","11-176",1,10.35,-4985.95200882929,3742.1979222648,"2016"
"467","11-177",1,10.51,-4987.08363707521,3740.4483713469,"2016"
"468","11-178",1,9.7,-5000.59719844151,3722.18020001595,"2016"
"4691","11-181",1,10.41,-4991.81727579185,3733.33266366776,"2016"
"471","11-184a",1,9.36,-5002.36729748395,3718.95958662175,"2016"
"472","11-184b",1,9.01,-5005.0549591464,3714.75455003203,"2016"
"4731","11-184c",1,8.87,-5010.53633079702,3708.77910965523,"2016"
"476","11-187",1,9.65,-4994.94584337484,3727.49583404957,"2016"
"4771","11-188",1,9.65,-4996.01533662666,3726.13600321793,"2016"
"478","11-189",1,10.01,-4994.07407206831,3728.60985341682,"2016"
"479","11-190a",1,10.46,-4992.95269652004,3730.5815487022,"2016"
"480","11-190b",1,10.46,-4993.39059441798,3729.51217299982,"2016"
"4812","11-191",1,9.65,-4994.07172864604,3727.89343147333,"2016"
"482","11-192",1,9.65,-4993.96048056036,3728.28057147198,"2016"
"483","11-194",1,10.46,-4993.25710265236,3728.97546267365,"2016"
"484","11-195",1,10.1,-4992.69417813885,3729.41883891965,"2016"
"485","11-197",0,7.09,-5042.15015430779,3680.92958530301,"2016"
"486","11-201",0,7.09,-5041.6794652722,3680.92765460762,"2016"
"487","11-202",0,7.09,-5042.48947562104,3679.97119333927,"2016"
"488","11-203",0,7.09,-5040.81798148638,3681.76633566574,"2016"
"489","11-204",0,7.36,-5041.21056196934,3680.83026736098,"2016"
"490","11-208a",0,7.36,-5040.85178010513,3681.00466711958,"2016"
"492","11-210a",0,7.36,-5041.10248828915,3680.24918797946,"2016"
"494","11-212",0,7.36,-5039.8319548384,3681.13261404439,"2016"
"495","11-215",0,7.73,-5040.70826909503,3678.4984287269,"2016"
"496","11-222a",1,9.11,-5014.12209862975,3709.57116619444,"2016"
"498","11-223",0,8.32,-5039.15030776487,3675.30733173325,"2016"
"499","11-224",0,8.32,-5037.29959268468,3677.384478243,"2016"
"500","11-225",1,8.32,-5037.12539967767,3677.24289180596,"2016"
"501","11-226",0,8.23,-5036.6146496125,3677.56917966689,"2016"
"502","11-227",0,8.23,-5036.51565555599,3677.40444667444,"2016"
"503","11-228",1,9.9,-5043.31059708549,3668.33674973067,"2016"
"504","11-229a",1,8.23,-5035.6241148212,3677.96038480917,"2016"
"505","11-229b",1,7.96,-5034.43055220047,3678.88179846504,"2016"
"506","11-230",0,7.99,-5033.03223415038,3680.40198243006,"2016"
"507","11-231",0,7.99,-5033.28741854667,3679.83566021586,"2016"
"508","11-232",0,7.83,-5033.66293693165,3678.92964513571,"2016"
"509","11-236",0,7.83,-5032.880243676,3678.939533922,"2016"
"510","11-237a",0,7.8,-5019.94097246682,3697.05004820356,"2016"
"511","11-237b",0,7.09,-5025.22337256358,3690.06715290714,"2016"
"512","11-238",1,8.29,-5033.56085319282,3676.86053774337,"2016"
"513","11-239",1,8.28,-5034.03633638218,3675.17891034904,"2016"
"515","11-241",1,8.28,-5034.57465218475,3673.41426009491,"2016"
"516","11-242",1,9.19,-5035.62893567873,3671.42427930745,"2016"
"520","11-244c",0,9.88,-5045.46411937414,3666.0624615221,"2016"
"521","11-272",0,7.96,-5033.32025470288,3680.35954133263,"2016"
"5252","12-001",1,9.53,-4995.93154197506,3723.85219884029,"2016"
"527","12-003a",1,8.32,-5006.10107795292,3707.3826019952,"2016"
"5292","12-004",1,9.88,-4992.02629778637,3726.36659151575,"2016"
"5312","12-006",1,10.31,-4991.92872762557,3724.93598812776,"2016"
"5322","12-007",1,9.27,-4998.42177718431,3716.21854506869,"2016"
"5342","12-010",1,10.25,-4990.88531590243,3722.80216780477,"2016"
"5351","12-011",1,10.38,-4985.81547332392,3729.1400611955,"2016"
"5361","12-012",1,10.41,-4987.67370376854,3726.24808495805,"2016"
"5371","12-013",1,10.25,-4990.28567348709,3722.95272475591,"2016"
"5381","12-014",1,10.24,-4991.35037352322,3720.53466716358,"2016"
"5391","12-016a",1,8.74,-4999.26865330509,3708.29855089424,"2016"
"540","12-016b",1,8.71,-4998.06522573765,3710.67947534722,"2016"
"542","12-018",1,10.93,-4983.95318138785,3728.84847632588,"2016"
"544","12-022",1,10.5,-4984.18083696253,3726.4955551765,"2016"
"546","12-027a",1,7.98,-4998.94212584645,3702.25204958741,"2016"
"548","12-028",1,9.19,-5035.7878500132,3671.14789879465,"2016"
"549","12-029",1,9.19,-5035.96124262815,3670.85731068629,"2016"
"551","12-031",1,9.06,-5036.61450668619,3669.65150273619,"2016"
"552","12-032",1,9.94,-5038.35849387451,3666.55699464527,"2016"
"553","12-033",0,7.53,-5031.245344312,3675.84924154825,"2016"
"554","12-034",0,8.24,-5032.69090641356,3673.68917166262,"2016"
"555","12-035",0,8.24,-5034.12016834913,3671.40439707852,"2016"
"556","12-036",0,7.53,-5030.11383285105,3677.09003144245,"2016"
"5571","12-037",1,10.07,-5038.19544204509,3664.49514741798,"2016"
"558","12-038a",1,9.32,-5034.79078656237,3670.19508161459,"2016"
"559","12-038b",0,9.32,-5036.24161864997,3668.05981273676,"2016"
"560","12-038c",0,9.32,-5035.7175712544,3668.64496267183,"2016"
"561","12-039",0,7.6,-5028.96231781926,3678.27888492524,"2016"
"562","12-040",0,7.6,-5028.17596752381,3678.53426477121,"2016"
"563","12-042",0,7.6,-5027.25415566266,3678.89382928287,"2016"
"564","12-043a",1,7.43,-5027.0601546596,3678.17635051084,"2016"
"565","12-043b",0,7.43,-5026.78005969496,3677.58294538443,"2016"
"566","12-046",0,6.98,-5025.90375220229,3677.71031598961,"2016"
"567","12-048",0,6.62,-5023.9019410192,3679.55409682555,"2016"
"568","12-051",0,6.66,-5024.51128265191,3678.15240610131,"2016"
"570","12-052b",1,6.89,-5027.84032445072,3673.09866587339,"2016"
"571","12-053",1,6.89,-5025.83836734416,3675.77207943772,"2016"
"572","12-054",1,8.11,-5029.02679256468,3670.69631176159,"2016"
"573","12-055a",1,8.11,-5030.60452467125,3668.43613107641,"2016"
"574","12-055b",1,8.11,-5029.93109332348,3669.20089867325,"2016"
"5751","12-056",1,9.06,-5031.39441729689,3666.26667175731,"2016"
"576","12-058",1,7.41,-5024.09328175677,3673.4402718287,"2016"
"577","12-059",1,6.97,-5021.34124916555,3676.24680748031,"2016"
"578","12-061",0,6.97,-5018.75723291045,3678.95357850821,"2016"
"580","12-068",1,7.21,-5017.37181521731,3678.71660546397,"2016"
"581","12-069",0,7.31,-5017.55424591515,3677.3096547861,"2016"
"582","12-070",0,7.31,-5016.94952847076,3677.40661866479,"2016"
"583","12-071",0,7.31,-5017.65967405039,3676.22237624284,"2016"
"585","12-075",1,10.85,-4987.42031451559,3714.45108224345,"2016"
"586","12-076",1,10.23,-4991.19343100341,3708.13103571762,"2016"
"587","12-077",1,9.74,-4993.5836866236,3703.84451310563,"2016"
"588","12-078",1,9.74,-4994.13797221829,3702.65798350728,"2016"
"5921","12-086",1,9.84,-4992.35372602376,3698.70478711785,"2016"
"5931","12-088",1,11.17,-4988.86717978679,3703.3333570573,"2016"
"5941","12-089",1,9.84,-4993.5984968513,3696.82218986754,"2016"
"595","12-094",1,7.45,-5018.20418103168,3673.61551801227,"2016"
"5961","12-096",1,7.2,-5000.94469060438,3696.11418422634,"2016"
"597","12-098",1,7.6,-5017.32554297679,3672.86753146351,"2016"
"598","12-100",1,6.82,-5011.54561767193,3679.43191552245,"2016"
"599","12-101",1,7.63,-5018.03294798149,3671.19581039167,"2016"
"6001","12-102",1,6.77,-5001.68525397271,3694.0751209973,"2016"
"601","12-104",1,7.56,-5018.93914595381,3668.50680295671,"2016"
"6021","12-105",1,6.53,-5001.12109876517,3692.53675689356,"2016"
"603","12-107",1,7.49,-5018.5118938454,3667.02589038947,"2016"
"605","12-110",1,7.25,-5015.93168907937,3669.69347274661,"2016"
"606","12-111",1,7.25,-5015.44033489134,3669.68462827525,"2016"
"6072","12-112",1,6.67,-5002.96688535488,3687.15753291782,"2016"
"609","12-114",1,7.15,-5015.08321291794,3668.68719920509,"2016"
"6102","12-115",1,6.88,-5001.78250053964,3686.28464818893,"2016"
"611","12-116",1,6.95,-5013.58814265753,3669.06127006698,"2016"
"6121","12-118",1,6.91,-5015.34615546331,3665.30485343861,"2016"
"6131","12-119",1,6.95,-5000.98986332251,3685.70047916424,"2016"
"615","12-127",1,6.88,-5012.78390596432,3666.13426707155,"2016"
"6161","12-129",1,7.09,-4998.85949380221,3685.37149115918,"2016"
"617","12-131",1,9.76,-4992.79905076584,3692.15016026057,"2016"
"618","12-132",1,9.76,-4994.04544204965,3690.22736772355,"2016"
"6191","12-133",1,7.14,-5001.55335260114,3679.81751231214,"2016"
"6201","12-134",1,6.84,-5012.06776996237,3665.36467874954,"2016"
"622","12-136",1,9.76,-4994.36007453295,3689.22827161942,"2016"
"623","12-137",1,6.94,-5011.90538144344,3664.32003743192,"2016"
"6241","12-139",1,6.69,-5003.03039137679,3676.98331883368,"2016"
"6251","12-143",1,7.8,-5012.7245364021,3661.75483609469,"2016"
"6261","12-145",1,7.69,-4997.73543604374,3682.64690285693,"2016"
"6271","13-002",1,7.61,-5012.35008479419,3661.24182487351,"2016"
"6282","13-005",1,7.61,-5013.04280398838,3659.59646939476,"2016"
"629","13-006",1,7.62,-4997.3920658162,3680.86421483631,"2016"
"630","13-007",1,10.37,-4990.33583083661,3690.83239165888,"2016"
"633","13-012",1,8.87,-4992.42849938099,3686.61587985277,"2016"
"634","13-014",1,6.59,-5001.36330483911,3674.24639310749,"2016"
"637","13-019",1,9.57,-4988.41356597988,3690.11152400125,"2016"
"638","13-020",1,8.86,-4991.65289541288,3685.80081814129,"2016"
"639","13-022",1,6.77,-4998.0164891025,3677.06970993004,"2016"
"6431","13-028",1,8.39,-5016.11170287364,3651.11117042256,"2016"
"644","13-029",1,9.45,-4988.09274937071,3687.97342290333,"2016"
"6451","13-031",1,8.84,-4991.14728069064,3683.29989957943,"2016"
"646","13-032",1,6.83,-4998.46498921387,3672.4717751399,"2016"
"6471","13-034",1,8.57,-4990.18864450943,3683.37061919344,"2016"
"648","13-036",1,6.51,-5000.64454616192,3668.0394836053,"2016"
"6491","13-040",1,8.03,-5012.8052712385,3650.0424217094,"2016"
"650","13-041",1,6.72,-4996.93338585781,3671.47754594202,"2016"
"6511","13-045",1,8.78,-4990.68519192002,3679.98720777844,"2016"
"653","13-050a",1,8.41,-5013.79634913542,3646.29748535407,"2016"
"6551","13-052",1,6.83,-4998.3505218977,3667.49525218342,"2016"
"656","13-053",1,7.9,-4989.94192313275,3678.80111220012,"2016"
"6571","13-055",1,7.13,-5001.58775741822,3662.75458075608,"2016"
"6581","13-056",1,7.98,-5011.98520611898,3646.93772536423,"2016"
"659","13-057b",1,8.54,-4988.56865375901,3678.23581406704,"2016"
"660","13-060",1,6.73,-4997.67706140537,3664.36044968702,"2016"
"6611","13-061a",1,7.57,-5012.28817268085,3645.01488528186,"2016"
"662","13-061b",1,7.57,-5011.88276643537,3644.56707826507,"2016"
"664","13-063",1,6.84,-5001.67783767384,3658.6230593144,"2016"
"665","13-069",1,8.79,-4988.88306915617,3674.71370517044,"2016"
"666","13-072",1,6.72,-4995.45408339748,3664.35289901198,"2016"
"667","13-074",1,8.19,-5015.63875480217,3637.03864278723,"2016"
"668","13-075",1,7.75,-4988.94891045151,3670.7426141107,"2016"
"6691","13-076",1,6.74,-4998.42702272998,3658.3503560936,"2016"
"6702","13-077",1,6.23,-5000.38656012453,3654.37211306515,"2016"
"6711","13-078",1,6.18,-5003.79375193651,3646.15467274939,"2016"
"672","13-079c",0,6.18,-5003.72639120312,3647.72777839431,"2016"
"6731","13-081",1,6.89,-4991.4423877924,3662.45300601015,"2016"
"6741","13-083",1,7.75,-4988.59598424769,3665.75886154565,"2016"
"675","13-087",1,5.67,-4996.02277109697,3651.45854826935,"2016"
"6761","13-088",1,6.15,-5001.03107913261,3645.47724207356,"2016"
"6781","13-091",1,8.48,-4983.15906977159,3668.46915278719,"2016"
"679","13-093b",0,6.34,-5003.87204437487,3640.63887193255,"2016"
"680","13-093c",1,6.34,-5004.83887292321,3638.97214578345,"2016"
"6811","13-097",1,7.17,-4985.80075701249,3660.5466082228,"2016"
"6831","13-108",0,5.46,-4999.92239596011,3639.32735004241,"2016"
"6841","13-111",1,6.56,-4986.73975345642,3655.84072799991,"2016"
"686","13-116",1,8.11,-5016.64225687346,3632.81914786004,"2016"
"688","13-117b",1,7.34,-5015.78895415487,3631.40099313294,"2016"
"689","13-118a",1,8.13,-5015.77772303882,3630.29566070978,"2016"
"690","13-119",1,8.3,-5018.63333216328,3624.07354529301,"2016"
"691","13-120",1,8.21,-5021.84472431411,3616.89451385309,"2016"
"692","13-121",1,8.27,-5022.79062413926,3613.62184015974,"2016"
"693","13-122",1,5.85,-5005.97643209397,3633.34077054332,"2016"
"695","13-125",1,7.05,-5023.73560413759,3608.41873223852,"2016"
"696","13-127",1,6.61,-5025.38154862391,3603.57690429256,"2016"
"697","13-129",1,6.42,-5027.49506970691,3599.19001306792,"2016"
"698","13-130",1,6.44,-5030.32540458297,3594.08252505593,"2016"
"699","13-131",1,6.75,-5038.15080390169,3583.8181606521,"2016"
"700","13-133",1,6.46,-5034.2722446021,3588.26024374017,"2016"
"701","13-136",1,6.54,-5000.29963945477,3658.86821713053,"2016"
"7021","14-003",1,5.26,-4999.65754439449,3635.1314847151,"2016"
"7031","14-006",1,5.31,-4990.55514881003,3645.1281617158,"2016"
"7041","14-008",1,5.26,-4993.80989436511,3640.04842703847,"2016"
"705","14-012",1,6.11,-4981.94629853264,3649.7122540195,"2016"
"706","14-013",1,6.11,-4983.00177511244,3648.03487226067,"2016"
"7071","14-016",1,6.14,-5008.54640525746,3624.250768768,"2016"
"7081","14-017",1,5.79,-5014.78887532393,3611.45975554527,"2016"
"710","14-019",1,6.32,-5029.43699588387,3589.4615975594,"2016"
"711","14-020",1,6.32,-5030.17140218223,3588.26734874616,"2016"
"7121","14-022",1,4.42,-4998.29620555891,3631.6109808173,"2016"
"714","14-026a",1,5.71,-5013.61383720766,3609.80857229652,"2016"
"715","14-026b",1,5.69,-5013.88453484313,3608.93913233723,"2016"
"718","14-027",1,6.48,-5028.23709149007,3588.30813799045,"2016"
"719","14-028",1,7.46,-5043.49003028029,3566.35840060299,"2016"
"720","14-029",1,5.74,-5012.09662756999,3608.7384941953,"2016"
"721","14-031",1,5.74,-5010.39743203159,3610.6989321987,"2016"
"722","14-032",1,6.36,-5013.1966930478,3606.60799553218,"2016"
"723","14-033a",1,6.82,-5017.45978935425,3599.06195643514,"2016"
"724","14-033b",1,6.85,-5017.65190568999,3598.09888007579,"2016"
"725","14-034",1,7.47,-5046.68083151101,3566.93763743006,"2016"
"7261","14-038",1,6.69,-5031.55743419683,3585.71500836074,"2016"
"7271","14-039",1,7.69,-5038.24597700076,3573.45923499055,"2016"
"7281","14-042a",1,5.69,-5014.95296032252,3606.41655326906,"2016"
"731","14-045",1,7.78,-5052.66051531624,3552.13164581834,"2016"
"732","14-047",1,8.3,-5054.64905383984,3548.73647292841,"2016"
"734","14-049",1,8.45,-5056.19296745844,3545.86359396889,"2016"
"735","14-050",1,7.47,-5032.32648654682,3579.36441394485,"2016"
"736","14-051",1,7.23,-5042.33805673348,3564.93356886273,"2016"
"7371","14-052",1,7.65,-5037.78573875869,3568.72240240566,"2016"
"7381","14-053",1,6.55,-5043.8790171666,3559.38472217061,"2016"
"7401","14-055",1,7.21,-5040.61316846134,3563.64361200031,"2016"
"7411","14-061",1,6.49,-5040.75707192964,3561.40424741697,"2016"
"7432","14-063",1,6.78,-5051.31498534088,3543.54259935059,"2016"
"7441","14-064",1,6.4,-5047.51323971332,3548.65753612592,"2016"
"7451","14-065",1,6.56,-5042.59758403367,3555.67275900067,"2016"
"746","14-066",1,7.05,-5050.98168161545,3542.2109377927,"2016"
"747","14-068",1,6.78,-5046.83213900477,3547.85740829327,"2016"
"748","14-070",1,7.55,-5034.45298212052,3564.84944389531,"2016"
"749","14-071a",1,7.79,-5031.03166299293,3569.68570043764,"2016"
"750","14-071b",1,7.79,-5030.58888845945,3570.07858855679,"2016"
"7511","14-072",1,7.05,-5050.65145063232,3541.70056879778,"2016"
"752","14-073",1,8.8,-5058.77034808375,3541.84782141894,"2016"
"753","14-074",1,8.57,-5062.02900511006,3535.55394262425,"2016"
"754","14-075",1,8.99,-5067.53467771879,3526.62606086383,"2016"
"755","14-077a",1,8.63,-5071.41788637216,3519.86447191763,"2016"
"756","14-078",1,8.84,-5073.23333671465,3515.81803650025,"2016"
"757","14-079",1,8.57,-5076.92455315133,3508.7098490829,"2016"
"759","14-081",1,7.6,-5057.05186875371,3536.38153860927,"2016"
"7601","14-082",1,7.36,-5060.57519154063,3530.30536431414,"2016"
"7632","14-085",1,8.76,-5078.91712149357,3502.40157643041,"2016"
"7642","14-086",1,9.38,-5083.19183255501,3496.19460600076,"2016"
"7661","14-088",1,7.47,-5067.27341593179,3519.03801246688,"2016"
"7672","14-089",1,9.43,-5085.70423063246,3490.08351485802,"2016"
"7681","14-090",1,7.05,-5050.70782744839,3540.77104627264,"2016"
"769","14-091",1,7.61,-5037.99563509779,3558.52805599461,"2016"
"770","14-093",1,7.26,-5042.50500838726,3551.16602812904,"2016"
"7711","14-094",1,7.22,-5050.4873141537,3539.82402013248,"2016"
"772","14-096",1,7.41,-5042.7794634389,3549.90896236335,"2016"
"7731","14-097",1,7.22,-5051.08693376777,3538.07830786077,"2016"
"775","14-099",1,7.41,-5043.46013858155,3548.52433982428,"2016"
"776","14-101",1,7.7,-5045.50411803456,3545.3560240668,"2016"
"777","14-102",1,7.76,-5044.30545955884,3546.6110876613,"2016"
"778","14-103",1,7.7,-5046.40081073389,3543.08603079984,"2016"
"7791","14-104",1,7.7,-5045.97068017062,3541.73083634592,"2016"
"780","14-105",1,7.7,-5044.63470622251,3542.51002697886,"2016"
"7811","14-106",1,8.21,-5045.42695316254,3539.06732380347,"2016"
"7821","14-107a",1,8.69,-5047.32893804825,3535.00912130357,"2016"
"783","14-107b",1,8.69,-5046.82999032329,3535.5974327816,"2016"
"7891","14-116a",1,7.4,-5076.52727460166,3495.52752848125,"2016"
"7901","14-116b",0,7.37,-5077.7473784966,3493.75491875371,"2016"
"7911","14-116c",1,7.37,-5077.28339316207,3493.43567265423,"2016"
"7921","14-116d",1,7.4,-5075.89104627972,3495.18112071954,"2016"
"7941","14-119b",1,7.21,-5057.48503864814,3520.05010044828,"2016"
"7952","14-120a",1,7.21,-5058.99200093779,3517.40040824235,"2016"
"7961","14-120b",1,7.21,-5059.37327937736,3516.35642464244,"2016"
"7971","14-120c",1,7.21,-5058.377469055,3518.2841099054,"2016"
"798","14-120d",1,7.21,-5059.6844372056,3516.83252665745,"2016"
"7991","14-120e",1,7.23,-5060.51323793808,3516.6330458393,"2016"
"8001","14-120f",1,7.21,-5059.22405848388,3517.56175249971,"2016"
"801","14-120h",1,7.21,-5058.95164286736,3518.06788739967,"2016"
"8031","14-122a",1,7.61,-5053.48776028249,3525.20297247917,"2016"
"8041","14-122b",1,8.04,-5052.24740362387,3526.77466664786,"2016"
"805","14-123",1,7.07,-5068.36094413021,3502.2370126032,"2016"
"807","14-125",1,7.26,-5065.36812033236,3505.38950224873,"2016"
"808","14-126",1,7.26,-5067.13438450573,3502.83912878088,"2016"
"8121","14-132a",1,7.13,-5073.87873534215,3489.64782935455,"2016"
"8131","14-132b",1,7.03,-5076.55609696889,3485.19975700696,"2016"
"8141","14-133",1,6.8,-5074.10190988671,3486.03051832294,"2016"
"8162","14-135",1,6.19,-5071.80391398458,3488.36205102526,"2016"
"8172","14-137",1,9.82,-5087.59774984132,3484.85581627135,"2016"
"8181","14-138",1,10.02,-5088.26697074381,3481.40152856799,"2016"
"8191","14-139",1,9.91,-5088.9300931385,3477.9448464179,"2016"
"8201","14-140",1,9.8,-5088.5929828013,3477.7204475445,"2016"
"8212","14-143",0,7.69,-5078.32433073182,3488.93142338726,"2016"
"823","14-146",1,9.66,-5087.70952009698,3470.84279964723,"2016"
"8242","14-147a",0,7.32,-5077.06306406062,3486.75952274253,"2016"
"8252","14-147b",1,7.32,-5077.29743926074,3486.92048390268,"2016"
"8261","14-150",1,7.64,-5077.90779150622,3482.43417076453,"2016"
"830","14-153a",1,8.45,-5084.32028237062,3469.56441673225,"2016"
"8322","14-154",1,8.45,-5083.97488349355,3468.05291853908,"2016"
"8332","15-002",1,5.52,-5067.47411843448,3490.59710736111,"2016"
"8341","15-003",1,5.13,-5061.91408424413,3494.58842670412,"2016"
"8351","15-005",1,4.53,-5064.11353630923,3490.88985543344,"2016"
"8361","15-006",1,4.46,-5057.29784966388,3499.22702912481,"2016"
"8371","15-008",1,4.38,-5053.76442498213,3503.30816518906,"2016"
"8381","15-009",1,4.43,-5067.4237766155,3483.2267474833,"2016"
"8392","15-012",1,3.46,-5057.492742951,3485.02454641787,"2016"
"8401","15-013",1,3.16,-5055.42231220156,3484.89865759571,"2016"
"842","15-017a",1,7.81,-5082.68119142811,3467.69807265837,"2016"
"8431","15-018",0,6.3,-5072.2372858227,3482.14333451283,"2016"
"8442","15-019",1,6.61,-5074.66752990468,3478.60068802288,"2016"
"8461","15-021a",1,8.28,-5083.28796130798,3464.70873789552,"2016"
"847","15-022",1,7.01,-5077.55019974099,3471.93330550933,"2016"
"8482","15-024",1,6,-5073.12441017293,3476.2422327105,"2016"
"8491","15-026",1,7.12,-5081.41463386476,3460.77477338389,"2016"
"8512","15-028",1,4.96,-5070.23004820178,3476.86093025732,"2016"
"8541","15-031",1,4.96,-5070.47979369298,3474.43006987876,"2016"
"8552","15-032",1,6.77,-5080.04020772245,3458.87626215329,"2016"
"8561","15-033",1,4.31,-5069.24196352665,3474.12160313855,"2016"
"8571","15-034",1,7.16,-5080.02353029101,3457.10088462795,"2016"
"8601","15-038",1,6.76,-5079.8871917807,3454.66104144588,"2016"
"8612","15-039",1,3.93,-5067.81648808545,3472.60510075067,"2016"
"8621","15-043",1,3.67,-5061.84581823279,3477.7829903892,"2016"
"8641","15-046",1,6.48,-5079.25981395788,3451.97376351038,"2016"
"867","15-049",1,3.46,-5060.06424077292,3477.33069971998,"2016"
"8681","15-050",1,7.28,-5078.14432538158,3450.66605638079,"2016"
"8701","15-052",1,3.3,-5049.73565404886,3489.75643190149,"2016"
"871","15-054",1,3.2,-5046.68630864102,3490.65452877929,"2016"
"872","15-055",1,3.2,-5045.78161354926,3491.37596246622,"2016"
"873","15-058",1,3.2,-5044.97463539846,3490.87122860599,"2016"
"874","15-059a",1,3.2,-5045.58904429036,3486.7657616433,"2016"
"8751","15-063",1,3.2,-5047.69407522278,3483.47143444394,"2016"
"8761","15-064",1,3.04,-5049.98769540484,3478.55204186718,"2016"
"8771","15-065",1,3.02,-5051.20193485106,3476.78861092756,"2016"
"8781","15-066",0,2.81,-5042.56091314912,3478.63054598825,"2016"
"8791","15-069",0,2.59,-5043.47702668905,3474.06733787951,"2016"
"8811","15-071a",1,3.3,-5061.4337216371,3473.89169763072,"2016"
"883","15-075a",1,6.21,-5076.05053822238,3450.17203056134,"2016"
"8861","15-078",1,3.14,-5059.87561067654,3474.04750753025,"2016"
"8871","15-080",1,6.59,-5075.29491884278,3448.62911125237,"2016"
"8911","15-085",1,6.59,-5074.33549481298,3447.85472615458,"2016"
"8921","15-086",1,3.02,-5054.86856341888,3474.11491187169,"2016"
"8931","15-087",1,5.41,-5072.14757163177,3447.27433565055,"2016"
"8941","15-088",1,5.41,-5070.27510602351,3448.48954939097,"2016"
"8952","15-089",1,2.96,-5057.47576994163,3465.51936063832,"2016"
"8961","15-090",1,5.34,-5070.26537274273,3446.12744981435,"2016"
"898","15-092",1,5.88,-5070.66877316084,3443.50810117328,"2016"
"8992","15-093",1,2.71,-5054.36929516616,3464.68658371732,"2016"
"9001","15-094",1,4.98,-5067.99762572111,3444.94911994471,"2016"
"9012","15-095",1,3.28,-5059.05082430678,3456.2278251502,"2016"
"902","15-096",1,5.79,-5067.72279578399,3441.33391258279,"2016"
"9031","15-098",1,3.25,-5058.04185289741,3454.22093791839,"2016"
"904","15-099a",1,5.63,-5067.3987591028,3439.63726488039,"2016"
"907","15-099d",1,5.74,-5066.4283107913,3438.5862798095,"2016"
"909","16-001",0,2.39,-5043.80283049137,3472.0422791405,"2016"
"911","16-003",0,2.31,-5042.32088380209,3470.10583369162,"2016"
"9121","16-005",1,2.43,-5040.14496248498,3465.29035740806,"2016"
"9171","16-015",1,3.23,-5055.07532911572,3454.72051792376,"2016"
"9191","16-019",1,5.53,-5064.80798928208,3436.87394375279,"2016"
"9211","16-020a",1,3.25,-5055.45795921201,3449.8824672974,"2016"
"9232","16-023",1,3.13,-5054.35102615539,3447.8448909122,"2016"
"925","16-025",1,5.53,-5064.94310798036,3430.55699166346,"2016"
"9261","16-026",1,4.42,-5057.45466478141,3435.82750774323,"2016"
"9292","16-029",1,4.14,-5052.62359439982,3437.62771736309,"2016"
"930","16-030",1,5.63,-5065.97695734078,3417.46271536904,"2016"
"931","16-032",1,4.82,-5064.62518290627,3417.383057112,"2016"
"934","16-040",1,3.78,-5054.84825781957,3427.22218779429,"2016"
"935","16-043a",1,3.76,-5056.60411630113,3419.36217121952,"2016"
"937","16-044b",1,4.06,-5059.78410646083,3413.78700731275,"2016"
"9381","16-046",1,3.87,-5056.24268526274,3418.18780053718,"2016"
"9402","16-049",0,3.67,-5056.57207399525,3411.98449843443,"2016"
"9442","16-055",1,3.15,-5053.16015902542,3408.39956423148,"2016"
"945","16-057",1,4.99,-5064.29434866722,3414.86384965195,"2016"
"946","16-059",1,4.48,-5062.60250830947,3414.5880152714,"2016"
"947","16-060",1,4.48,-5063.27771086135,3412.78385029166,"2016"
"9491","16-064",0,4.29,-5062.00136385939,3407.93923538139,"2016"
"9521","16-068",1,3.39,-5067.2554720215,3394.19279469976,"2016"
"9532","16-071",1,3.01,-5066.96184771837,3390.75388512166,"2016"
"9552","16-073",1,2.91,-5067.98395804743,3386.31861808499,"2016"
"958","16-085",0,2.35,-5043.0098880905,3470.00013163212,"2016"
"9592","17-001a",0,2.71,-5063.51269632679,3387.16716393405,"2016"
"9612","17-004",1,2.54,-5059.7923717898,3389.79498262079,"2016"
"962","17-005",1,3.98,-5072.60505775766,3368.8881450295,"2016"
"9631","17-006",1,2.45,-5068.4269121254,3374.86757993055,"2016"
"964","17-008",1,4.49,-5075.26732857388,3363.24984384086,"2016"
"9662","17-010",0,2.27,-5063.0216132428,3377.89341435101,"2016"
"9672","17-011",1,2.47,-5067.45952071956,3370.63858123623,"2016"
"971","17-014",1,3.15,-5073.35680382064,3360.05329197591,"2016"
"972","17-016a",1,2.46,-5069.25960909622,3362.69308940922,"2016"
"9742","17-017",0,2.25,-5064.12637127344,3369.69580889354,"2016"
"976","17-018a",0,2.26,-5063.00890693758,3365.75504832342,"2016"
"9781","17-023",1,2.59,-5065.0834485211,3357.73214173956,"2016"
"9792","17-024",0,2.29,-5060.62971072685,3363.54774988406,"2016"
"9832","17-034",1,2.3,-5058.9285359975,3363.68944887843,"2016"
"9842","17-035",1,3.53,-5067.13241099047,3351.31821382509,"2016"
"9852","17-037",0,2.32,-5060.79585686279,3356.02291889378,"2016"
"9862","17-042",0,2.46,-5060.56322608472,3353.32544560653,"2016"
"9902","17-044",0,2.25,-5054.18768910753,3359.26605994408,"2016"
"9922","17-047",1,1.95,-5055.70537995529,3353.91714738087,"2016"
"9942","17-051",1,1.95,-5056.36188406964,3348.00155415195,"2016"
"998","17-057",1,3.94,-5069.12298115725,3345.23085130936,"2016"
"9991","17-059a",1,2.81,-5063.52888107258,3346.39621967267,"2016"
"10041","17-062",1,3.51,-5067.66565506833,3335.59654513017,"2016"
"10052","17-063a",0,2.46,-5059.81707101564,3346.47996802658,"2016"
"10061","17-064",0,2.12,-5060.43347888016,3343.08043232219,"2016"
"1007","17-065",1,4.17,-5069.41854092972,3326.55858301087,"2016"
"10082","17-066",1,2.14,-5061.05774337754,3338.42073800073,"2016"
"1009","17-067",0,1.94,-5059.39168715044,3336.00892166661,"2016"
"10101","17-068",1,4.35,-5071.5423066342,3318.72391243875,"2016"
"10112","17-069",1,4.11,-5068.36883311863,3320.43860864205,"2016"
"10221","18-017",1,3.24,-5068.3757198051,3317.91656132238,"2016"
"10232","18-018",0,1.86,-5054.72887319321,3338.04532555109,"2016"
"10241","18-019",1,4.32,-5071.94475777788,3311.23945477853,"2016"
"10272","18-023",1,5.32,-5075.88004356909,3300.0947693722,"2016"
"10282","18-024",0,2.04,-5059.40052581656,3319.61462497585,"2016"
"10302","18-026",0,2.03,-5057.35626363823,3317.0096652324,"2016"
"10312","18-027",1,2.69,-5061.68182318539,3308.48763063027,"2016"
"1032","18-028",0,2.05,-5056.71366523852,3313.73455178089,"2016"
"10342","18-030",0,3.52,-5068.54789936684,3292.81070898235,"2016"
"10352","18-031",0,3.12,-5067.36752875638,3292.04387456274,"2016"
"10362","18-032",0,2.5,-5060.16589009863,3302.45799762912,"2016"
"10371","18-033",1,5.89,-5077.11581358151,3293.72952741617,"2016"
"10381","18-034",1,7.24,-5096.13008895231,3260.36464433339,"2016"
"1039","18-035",1,6.64,-5081.68991799609,3278.09892487013,"2016"
"10401","18-037",1,5.94,-5082.96020776708,3275.1489484046,"2016"
"10411","18-039",1,5.92,-5095.4125172516,3252.39090685325,"2016"
"1043","18-042",1,4.84,-5072.40325927654,3286.75044631518,"2016"
"1044","18-043",0,2.77,-5069.07343077649,3287.15992170761,"2016"
"10472","18-048",0,2.69,-5035.79672136734,3334.3846101382,"2016"
"10482","18-049a",0,2.69,-5034.61504977248,3333.60218229249,"2016"
"10491","18-049b",0,2.53,-5033.43098351085,3332.8181688506,"2016"
"10502","18-049c",0,2.88,-5032.83798593191,3332.42552353339,"2016"
"10511","18-049d",0,2.53,-5034.01230258192,3331.94005796045,"2016"
"10522","18-049e",0,2.69,-5035.49218032563,3332.91956767135,"2016"
"10542","18-052a",1,2.67,-5036.60819456713,3326.07877935227,"2016"
"10561","18-053",0,2.55,-5033.59767698953,3330.20064840386,"2016"
"10582","18-054a",0,2.74,-5036.28175751809,3323.33862386057,"2016"
"1059","18-054b",0,3.12,-5036.68675237898,3319.77951337142,"2016"
"1060","18-054d",1,2.91,-5041.84721230602,3312.88229011963,"2016"
"10611","18-054e",1,2.72,-5039.16253344391,3317.67037543518,"2016"
"10621","18-054f",1,2.67,-5038.03724949616,3321.97273750886,"2016"
"10652","18-059",0,2.92,-5031.01014141055,3327.42753757094,"2016"
"10692","18-065",0,3.33,-5030.3760667824,3324.48611408863,"2016"
"10721","18-069a",1,2.86,-5074.64591937347,3277.35717115493,"2016"
"1073","18-069b",0,2.86,-5073.66650318289,3277.29901847583,"2016"
"10741","18-070",1,5.66,-5092.43462338194,3251.17354007622,"2016"
"1075","18-071",0,5.09,-5089.21366533254,3254.36791799051,"2016"
"10782","18-075",0,1.62,-5066.06253658906,3283.65722887885,"2016"
"1079","18-077",1,3.6,-5087.63322144903,3250.42969324689,"2016"
"10802","18-078",0,1.75,-5066.83472949361,3277.88163606625,"2016"
"10851","18-084a",1,4.39,-5098.21370841624,3234.17664764537,"2016"
"10861","18-084b",1,4.36,-5096.48445977621,3235.5757700365,"2016"
"1088","18-085a",1,3.5,-5094.58244884883,3237.40337424266,"2016"
"10891","18-086",0,4.1,-5102.64924702772,3224.51371905025,"2016"
"10921","18-091",0,3.02,-5099.33157333206,3222.41718373515,"2016"
"10951","18-096",0,2.3,-5094.18325133231,3227.04205615013,"2016"
"10962","18-099",1,2.98,-5106.69559260044,3204.66637770451,"2016"
"10981","18-100a",0,2.6,-5097.03657324057,3216.61683900944,"2016"
"1099","18-100b",0,2.42,-5095.59286378845,3222.06791586161,"2016"
"11002","18-101",0,3.69,-5109.38747554238,3197.66074937767,"2016"
"1101","18-103",1,2.77,-5105.43113677314,3203.58673449906,"2016"
"1102","18-105a",1,2.77,-5105.10075588071,3202.81280520838,"2016"
"1103","18-105b",1,3.1,-5105.3696151962,3201.43742106466,"2016"
"11041","18-106",0,2.1,-5092.68893803392,3219.46467622321,"2016"
"1105","18-115",0,3.4,-5124.93932898141,3171.02931212777,"2016"
"11062","18-118",1,3.65,-5114.54259316005,3185.99968435416,"2016"
"1107","18-119",1,3.49,-5130.95348624386,3159.46706438087,"2016"
"1108","18-120",1,3.67,-5132.94092802496,3154.50099593177,"2016"
"11131","19-007",1,5.54,-5034.63482812231,3299.59558364916,"2016"
"11141","19-009a",0,5.88,-5036.16091253234,3293.69979729578,"2016"
"11191","19-009g",0,5.19,-5038.58804375227,3293.93862513144,"2016"
"1120","19-009j",1,5.54,-5036.3076278342,3297.08464611421,"2016"
"11212","19-010",0,5.88,-5037.09900326285,3291.16561704913,"2016"
"11222","19-011",1,5.88,-5035.06922878712,3293.60227786206,"2016"
"11261","19-019",0,2.69,-5103.42339950254,3197.64990806908,"2016"
"11272","19-024",1,3.12,-5114.06007003761,3181.98366220026,"2016"
"1136","19-038a",0,1.51,-5119.07908557486,3161.84083595434,"2016"
"11372","19-038b",1,1.5,-5124.04085386207,3154.79645947516,"2016"
"11391","19-038f",1,2.27,-5130.54484866844,3147.6981268846,"2016"
"11401","19-043",1,1.36,-5111.51133540534,3172.97802227354,"2016"
"11422","19-045",1,2.14,-5103.7199689515,3179.2579519931,"2016"
"11452","19-048",0,2.18,-5101.46036266933,3176.61537804076,"2016"
"1146","19-049",0,4.31,-5138.75046374771,3141.1501444697,"2016"
"1147","19-050",1,4.02,-5144.06569203624,3128.61153063259,"2016"
"1148","19-051",1,3.69,-5143.07514194094,3128.41242762173,"2016"
"11512","19-054",1,1.62,-5131.89453693725,3139.90383985908,"2016"
"1153","19-059",0,3.3,-5151.14113865422,3109.80618063901,"2016"
"11541","19-061",0,2.82,-5151.49584335178,3107.27489588418,"2016"
"11552","19-063a",1,1.97,-5135.25709577975,3130.88423959512,"2016"
"1157","19-065",0,1.76,-5133.49333148856,3129.55204405436,"2016"
"11581","19-066",0,1.76,-5132.74675074369,3129.35372231765,"2016"
"11591","19-067",1,1.59,-5132.6632718635,3128.07488678432,"2016"
"11602","19-071",0,1.3,-5131.54751446319,3124.93824414585,"2016"
"11611","19-072a",0,1.76,-5139.02911944661,3114.75911052513,"2016"
"1162","19-072b",0,1.29,-5134.07830330348,3118.90083757435,"2016"
"1165","19-072e",0,1.27,-5137.85635640096,3112.90528068701,"2016"
"11671","19-074b",0,1.4,-5141.80428212444,3107.47194682384,"2016"
"11692","19-076",0,1.23,-5142.68843025298,3102.26873240491,"2016"
"1170","19-081",1,3.1,-5166.88306429205,3074.76425702635,"2016"
"11711","19-082",0,2.14,-5155.8288837958,3091.64752109061,"2016"
"1172","19-091",0,4.22,-5175.15553262057,3058.60766817602,"2016"
"11732","19-096",1,1.28,-5157.88744268498,3078.37976252939,"2016"
"11741","19-097",0,0.95,-5150.53305546771,3088.8784314349,"2016"
"11751","19-098",0,1.12,-5154.23460880745,3082.124374856,"2016"
"1176","19-099",0,3.56,-5182.86994878917,3036.85001400576,"2016"
"11832","19-107",0,0.94,-5145.7420756221,3094.31946321423,"2016"
"11852","19-109a",0,1.09,-5143.26239544797,3097.71874258268,"2016"
"1190","19-113",0,0.95,-5147.00321043929,3092.36475997922,"2016"
"1191","19-114",0,0.95,-5148.89114429252,3088.42332397276,"2016"
"11921","19-116",0,1.3,-5161.10100713478,3067.48675008785,"2016"
"1197","19-122",0,0.98,-5158.58746133511,3069.29924969784,"2016"
"1198","19-123",0,0.98,-5157.7071406854,3070.07382791141,"2016"
"1199","19-127",0,1.28,-5161.4275098291,3055.6895744934,"2016"
"12002","19-128",0,1.35,-5151.92076181451,3072.37974599725,"2016"
"12011","19-129",0,1.48,-5156.40816252886,3060.43424609104,"2016"
"12071","19-134",0,1.09,-5165.99771054589,3044.21920496466,"2016"
"12082","19-135",0,1.89,-5151.80692805629,3067.43886844887,"2016"
"12092","19-136a",0,1.91,-5148.90731432031,3069.36514203053,"2016"
"12121","19-139",1,2.91,-5178.45484269489,3040.09034809173,"2016"
"12131","19-141",0,2.2,-5177.86878922103,3038.10750482188,"2016"
"12141","19-146",0,1.7,-5178.12242426769,3033.79776955443,"2016"
"12151","19-147",0,1.85,-5179.35868849042,3030.2491500808,"2016"
"12181","19-151",0,2.89,-5189.34211817831,3014.22937543485,"2016"
"12191","19-152",0,2.95,-5190.29931399015,3011.47352920212,"2016"
"1220","19-153",0,2.82,-5183.81117509459,3021.9864591178,"2016"
"1221","19-155",0,1.26,-5181.23094363286,3025.29107247967,"2016"
"1222","19-157",0,0.77,-5173.40727846099,3037.75701832292,"2016"
"12231","19-159",0,3.01,-5191.79111338124,3006.36523185939,"2016"
"12251","19-167",0,3.08,-5193.55828242321,3001.20457650789,"2016"
"1226","19-168",1,0.48,-5173.63049663416,3034.04837441355,"2016"
"1227","19-169",0,0.48,-5173.46475700248,3033.70496796558,"2016"
"1231","19-187",0,0.34,-5171.98698521414,3031.50016705506,"2016"
"12351","19-197",0,0.97,-5166.54749266803,3033.61990535781,"2016"
"1236","19-204",0,0.99,-5166.08200052406,3028.03163912295,"2016"
"1238","19-206",0,2.88,-5194.55429910652,2998.26758390577,"2016"
"1239","19-207",0,2.15,-5197.15547365981,2990.24614596765,"2016"
"1240","19-208",0,2.99,-5198.16629840209,2986.24861184801,"2016"
"1241","19-209",0,3.14,-5199.27672291577,2983.33329706994,"2016"
"1242","19-212",0,2.38,-5199.90125435248,2980.01855948042,"2016"
"1243","19-214",0,2.1,-5200.57452122676,2975.99960480335,"2016"
"1244","19-216",0,2.1,-5201.2900235574,2972.95860228063,"2016"
"1245","19-220",0,1.77,-5201.72775241038,2970.49487504561,"2016"
"1246","19-221",0,2.13,-5203.47069612051,2966.34683999773,"2016"
"1247","19-222",0,2.13,-5203.98122087827,2964.55400512936,"2016"
"1248","19-224",0,2.13,-5203.92465914247,2964.08125829561,"2016"
"1249","19-225",0,1.61,-5204.36697002041,2962.59687899269,"2016"
"1250","19-227",0,1.61,-5203.4796656697,2962.61848474598,"2016"
"1252","19-246",0,0.34,-5173.43338039682,3026.98960949233,"2016"
"12642","20-014",0,3.3,-5123.46114083026,3091.88921955397,"2016"
"12671","20-017",0,3.3,-5123.22009098865,3091.36586577587,"2016"
"12681","20-019",0,3.3,-5122.23218602076,3092.48377597599,"2016"
"12792","20-028h",1,3.32,-5126.69604206615,3086.52242821189,"2016"
"12972","20-067a",0,3.22,-5127.72108249236,3077.39273860722,"2016"
"1306","20-078a",0,2.96,-5128.01499614042,3069.89503186313,"2016"
"1330","20-104",0,0.85,-5167.29209792896,3020.96773563828,"2016"
"1331","20-105",0,0.64,-5172.74303712314,3009.16226469459,"2016"
"13352","20-112",0,0.49,-5177.27526417777,2996.33424200474,"2016"
"1336","20-115",0,1.11,-5196.48376425869,2970.87423048358,"2016"
"1337","20-119",0,1.74,-5203.46130269503,2953.97875116396,"2016"
"1338","20-121",0,1.52,-5202.42036721871,2956.03191859711,"2016"
"1339","20-125",0,1.51,-5202.85495672061,2952.39059338661,"2016"
"1340","20-126",0,1.39,-5199.75262982138,2955.60063566926,"2016"
"13411","20-127",0,1.1,-5197.84496980093,2962.3951745111,"2016"
"13421","20-128",0,0.48,-5181.26304475652,2990.1986031911,"2016"
"13432","20-129",0,0.49,-5182.58825964115,2982.52790689002,"2016"
"13451","20-131",0,1.51,-5203.07457361831,2950.3997817097,"2016"
"13461","20-132",0,1.53,-5202.63839724212,2947.08805075022,"2016"
"13472","20-134",0,0.52,-5179.96016915929,2978.60848385757,"2016"
"13482","20-135",0,0.66,-5180.17959632339,2975.12668548008,"2016"
"13502","20-137",0,0.68,-5178.28602865839,2977.64581060598,"2016"
"13512","20-138",0,0.79,-5183.47464506939,2968.60428011899,"2016"
"13552","20-146",0,0.8,-5184.08953471275,2958.1525884294,"2016"
"13561","20-167",0,1.48,-5202.58554876663,2942.24676543796,"2016"
"13571","20-172",0,1.52,-5204.33667426491,2937.19255364569,"2016"
"13581","20-179",0,1.5,-5206.24648387172,2932.15472793954,"2016"
"1359","20-182",0,1.48,-5203.53142377842,2934.63714845254,"2016"
"1360","20-185a",0,1.16,-5203.1378623815,2933.68102215694,"2016"
"13611","20-185c",0,1.36,-5206.81941241964,2927.45476402219,"2016"
"13621","20-186",0,1.72,-5209.76373908984,2922.43788194142,"2016"
"13631","20-187",0,1.69,-5211.2604792554,2917.53095129584,"2016"
"1364","20-194a",0,1.19,-5206.19765803003,2923.34182697532,"2016"
"1365","20-194b",0,1.35,-5208.4000597973,2920.16132709564,"2016"
"1366","20-197",0,1.35,-5207.2486581428,2919.04192880349,"2016"
"1383","20-262a",0,2.47,-5132.04342250445,3026.6471875244,"2016"
"13881","20-269",0,2.28,-5126.53537756608,3033.03250571077,"2016"
"14012","20-291",0,2.13,-5139.15233497911,2998.26658781531,"2016"
"14022","20-292",0,1.83,-5139.86853801372,2993.8774366793,"2016"
"14051","20-295",0,1.52,-5172.42922524375,2970.67542362851,"2016"
"14061","20-296",0,0.83,-5179.81679701951,2961.70809385918,"2016"
"14081","20-298",0,0.8,-5184.32235851506,2947.49854971355,"2016"
"1409","20-299a",0,0.65,-5187.00759029931,2942.51233261865,"2016"
"14102","20-299c",0,0.95,-5186.72904142726,2939.29125612908,"2016"
"14122","20-301a",0,1.12,-5173.8657761245,2959.50485763247,"2016"
"14132","20-301b",0,0.95,-5177.64378047715,2954.47450292398,"2016"
"14141","20-302",0,1.47,-5170.59926973473,2963.62830607068,"2016"
"14152","20-304",0,0.8,-5184.84943120787,2937.031388937,"2016"
"14161","20-305",0,0.8,-5183.51244212046,2934.49638315411,"2016"
"14171","20-306",0,0.8,-5181.22999020122,2937.10846724396,"2016"
"14181","20-307",0,0.79,-5176.82563628206,2943.11237710189,"2016"
"14191","20-308",0,0.8,-5175.51272259085,2942.51357920061,"2016"
"14212","20-310",0,1.8,-5156.5090610377,2967.5195879329,"2016"
"1424","20-317",0,1.16,-5203.13405709407,2917.0886777692,"2016"
"1426","20-322",0,1.16,-5203.91768569147,2914.82730485665,"2016"
"1427","20-324",0,1.17,-5204.22867826539,2912.50936712139,"2016"
"14281","20-326",0,0.9,-5204.99454567305,2908.67258259613,"2016"
"14301","20-335",0,0.92,-5207.38545898462,2901.2321861606,"2016"
"1433","20-339a",0,0.9,-5205.73292577316,2899.38147501803,"2016"
"1434","20-339b",0,1.39,-5209.11626784174,2894.85300085767,"2016"
"1437","20-348",0,0.88,-5203.6643959857,2890.00064589053,"2016"
"1443","20-353",0,0.49,-5199.19810714859,2891.70311220063,"2016"
"1445","20-369a",0,1.84,-5211.64772372411,2886.98955185477,"2016"
"14481","20-370a",0,1.64,-5212.34668262889,2880.91652412747,"2016"
"1449","20-370b",0,1.43,-5209.11265753514,2880.59064952299,"2016"
"14521","20-377",0,2.1,-5219.19831900346,2865.45189524633,"2016"
"1455","20-380",0,0.88,-5207.20499324284,2881.31610777747,"2016"
"14562","20-382",0,2.2,-5222.00379954049,2858.96321539322,"2016"
"1457","20-383",0,1.79,-5215.06543228921,2865.72105033073,"2016"
"14582","20-385",0,1.86,-5220.21758287189,2855.61688600053,"2016"
"1459","20-386",0,1.51,-5212.69478858248,2867.65634602047,"2016"
"14612","20-388a",0,1.8,-5221.51180572312,2851.59125121806,"2016"
"14622","20-389",0,1.8,-5223.15166349733,2847.75544294338,"2016"
"1463","20-391",0,2.28,-5226.26316974629,2840.26463970244,"2016"
"1465","20-469",0,1.18,-5201.57904781098,2924.9131494447,"2016"
"1466","20-470",0,1.18,-5203.92664537598,2923.03829302775,"2016"
"1467","20-474",0,1.18,-5204.81588822977,2921.62341832989,"2016"
"1468","20-568",0,1.8,-5222.21137534181,2850.66992939738,"2016"
"1473","20-598",0,1.51,-5202.07814917405,2954.7947945034,"2016"
"14752","21-025",0,1.99,-5145.09287258337,2982.50673894398,"2016"
"14791","21-034",0,2.2,-5129.28102891868,2981.71826747347,"2016"
"14871","21-050",0,2.16,-5127.66437637093,2974.79430678988,"2016"
"14901","21-054",0,1.47,-5161.99734245585,2949.13001824026,"2016"
"14922","21-056b",0,1.01,-5171.40089411089,2931.79862536165,"2016"
"14932","21-057",0,1,-5171.19319643187,2928.10418203344,"2016"
"1497","21-061",0,0.82,-5184.634408616,2910.39299028685,"2016"
"1498","21-062",0,0.47,-5194.20843046871,2895.20336154344,"2016"
"1500","21-064",0,0.77,-5188.8967971675,2902.59345808259,"2016"
"1501","21-065",0,0.62,-5191.02077442621,2897.55925245222,"2016"
"1502","21-068",0,0.62,-5189.05554838727,2896.4223779294,"2016"
"15031","21-070",0,0.78,-5186.70384749807,2900.06297432716,"2016"
"15041","21-071",0,0.78,-5185.3899820044,2902.37444228972,"2016"
"15051","21-072",0,0.81,-5179.23300692624,2910.9409499935,"2016"
"1506","21-073",0,0.47,-5189.9519835993,2893.95777207552,"2016"
"15091","21-076",0,0.47,-5189.09958603949,2891.38315143512,"2016"
"1511","21-081",0,0.61,-5188.33998400151,2889.82648447231,"2016"
"1512","21-082",0,0.61,-5188.28319903564,2888.16572244794,"2016"
"1515","21-086",0,0.61,-5179.61736031289,2896.57155328583,"2016"
"1516","21-087",0,0.46,-5187.3178833667,2878.36144267457,"2016"
"15182","21-091",0,2.21,-5228.63051857327,2831.82943897879,"2016"
"1519","21-092",0,0.86,-5209.83486428631,2868.52695878746,"2016"
"1520","21-093",0,0.83,-5206.24919606218,2873.62340766089,"2016"
"1521","21-094",0,0.86,-5208.49095917945,2869.13207583896,"2016"
"1523","21-100",0,0.5,-5203.20396883111,2875.74564829618,"2016"
"15241","21-101",0,2.06,-5226.96957312469,2835.740552828,"2016"
"15251","21-109",0,0.34,-5201.57243243475,2873.79146873948,"2016"
"15262","21-115",0,0.33,-5198.1602489534,2876.64589905374,"2016"
"15272","21-116",0,0.46,-5195.24719406732,2878.58790561409,"2016"
"15302","21-128",0,0.33,-5199.37929042117,2861.92938763483,"2016"
"1531","21-129",0,0.45,-5194.50691122732,2867.93447875512,"2016"
"15332","21-131",0,0.34,-5207.56120266128,2842.79334823111,"2016"
"15342","21-132",0,0.34,-5204.50844147545,2845.84403616677,"2016"
"15351","21-133",0,0.34,-5201.24085976391,2853.49844943672,"2016"
"15362","21-134",0,0.34,-5202.37861135399,2850.57995348095,"2016"
"15371","21-135",0,0.48,-5213.58312007401,2833.08406070863,"2016"
"15382","21-136",0,0.48,-5209.32830530536,2837.8597383601,"2016"
"1541","21-139",0,0.64,-5208.79459297657,2831.77751698869,"2016"
"15421","21-143",0,2.21,-5228.99812287752,2830.98591202353,"2016"
"15432","21-144",0,2.21,-5229.26778348809,2829.81376268047,"2016"
"15441","21-145a",0,1.82,-5230.45707058556,2825.63647533435,"2016"
"15452","21-146",0,1.82,-5231.66553045809,2822.85425849441,"2016"
"15462","21-147",0,2.26,-5233.00272627078,2821.21727182604,"2016"
"15472","21-148",0,2.26,-5233.28319180394,2819.01073922662,"2016"
"15482","21-149",0,2.31,-5234.40601579955,2816.08069290921,"2016"
"15492","21-150",0,1.87,-5235.03619003507,2814.06341115588,"2016"
"15502","21-151",0,1.77,-5235.66478240961,2812.04724525071,"2016"
"15531","21-157",0,1.77,-5234.60518703655,2811.4781423051,"2016"
"15542","21-158",0,0.95,-5235.23285984551,2809.46062848046,"2016"
"15552","21-159",0,0.95,-5235.85960249728,2807.44293357478,"2016"
"15562","21-161",0,1.54,-5236.13117309019,2805.2352744797,"2016"
"15571","21-165",0,1.54,-5236.26605549714,2804.13202321608,"2016"
"15602","21-172",0,0.61,-5235.8253380028,2801.54419260296,"2016"
"15611","21-180",0,0,-5231.24592592463,2801.36304168477,"2016"
"1562","21-181",0,0,-5231.53606766609,2798.32263611408,"2016"
"1563","21-185",0,0,-5232.68330988238,2793.78565455697,"2016"
"1595","21-236",0,0,-5263.06591302111,2751.85421704771,"2016"
"1596","21-237",0,0,-5265.94422913321,2744.50941745634,"2016"
"15972","21-238",0,0,-5267.62719179607,2742.15315063946,"2016"
"1600","21-241",0,0,-5257.62481299284,2756.72165658964,"2016"
"1601","21-242a",0,0,-5252.08603647464,2765.46214026488,"2016"
"1603","21-247",0,0,-5247.77511353823,2771.17102945571,"2016"
"1607","21-258",0,0,-5239.068659283,2783.65804810785,"2016"
"16081","21-263",0,0,-5260.33446408156,2739.5232173223,"2016"
"1611","21-289a",0,0.14,-5273.74522816104,2734.21941622201,"2016"
"16122","21-290",0,0,-5269.65515814903,2740.87086922583,"2016"
"1613","21-294",0,0,-5270.50950512353,2731.35938938841,"2016"
"1614","21-295",0,0,-5268.29352900025,2733.0878326273,"2016"
"1615","21-296",0,0,-5266.28659393366,2735.22468549227,"2016"
"16181","21-299",0,0,-5263.68539962633,2736.59933055171,"2016"
"16201","21-300a",0,0,-5262.10398659478,2738.06863615277,"2016"
"16212","21-303",0,0,-5259.96479910119,2735.83068689331,"2016"
"1622","21-304",0,0,-5259.35624888716,2736.66734763335,"2016"
"1624","21-306",0,0,-5258.56458674637,2736.3284222893,"2016"
"16251","21-334",1,1.28,-5118.22910251865,2981.27286961849,"2016"
"16261","21-386",0,2.57,-5146.21873304727,2940.11545128762,"2016"
"1632","21-394",0,1.14,-5144.67628152196,2930.88950206974,"2016"
"1639","21-403b",0,1.12,-5142.84165215036,2928.1502489859,"2016"
"1649","21-433",0,0.66,-5206.42989324574,2829.50229220973,"2016"
"1658","21-449",0,0.66,-5208.66465955139,2818.96211091842,"2016"
"1659","21-450",0,0.65,-5210.9230123177,2814.65164337911,"2016"
"1660","21-453",0,0.51,-5213.25915530554,2807.94137740995,"2016"
"1661","21-460",0,0.52,-5213.63779791901,2802.30667020419,"2016"
"1662","21-464",0,0.53,-5213.5662955009,2798.57376882904,"2016"
"1664","21-466",0,0.52,-5220.95896112068,2777.56005545832,"2016"
"1665","21-467",0,0.53,-5216.23170024932,2782.13209303905,"2016"
"1666","21-470",0,0,-5257.25765686952,2737.3619230006,"2016"
"1667","21-474",0,0,-5255.45874357199,2738.78296408891,"2016"
"1668","21-479",0,0,-5253.63626797434,2739.9133760768,"2016"
"16731","21-491",0,0,-5252.63519524695,2737.32749576437,"2016"
"16771","21-496",0,0,-5251.44414928562,2736.4330386493,"2016"
"1690","21-526",0,0.33,-5236.87115500725,2747.99711766297,"2016"
"1692","21-529",0,0.35,-5228.88504605931,2760.03303960993,"2016"
"1693","21-530",0,0.33,-5242.10234295745,2735.8658927189,"2016"
"1694","21-531",0,0.33,-5240.34086449441,2738.58428367991,"2016"
"1695","21-532",0,0.33,-5237.73695388914,2743.56830242085,"2016"
"16961","21-538",0,0.33,-5241.331635739,2734.8332912747,"2016"
"1697","21-540",0,0.34,-5242.06372577873,2731.43676313582,"2016"
"1698","21-544",0,0.36,-5223.78069062525,2764.83005179561,"2016"
"16991","21-546",0,0.34,-5241.72751882472,2729.72640059743,"2016"
"1702","21-551",0,0.52,-5219.78884158455,2768.91125215437,"2016"
"17041","21-556",0,0.35,-5239.28088372724,2729.9085988614,"2016"
"17082","21-560",0,0.14,-5253.66417107036,2730.22529697787,"2016"
"17091","21-562",0,0.16,-5252.59052277476,2727.46107585102,"2016"
"17102","21-565",0,0.17,-5251.65928950641,2723.36504801153,"2016"
"17112","21-566",0,0.18,-5252.09223725698,2718.93752166191,"2016"
"17122","21-570",0,0.18,-5251.83163862704,2717.64114502781,"2016"
"17132","21-575",0,0.34,-5250.94011432273,2714.85592418672,"2016"
"17142","21-579",0,0.36,-5251.04505334873,2713.74951461996,"2016"
"17152","21-582",0,0.36,-5250.41169331033,2712.26176069133,"2016"
"17162","21-586",0,0.52,-5250.25011022427,2709.8564993511,"2016"
"1717","21-591",0,1.14,-5169.41429288351,2939.92820561192,"2016"
"1719","21-674",0,0.53,-5219.23895171797,2783.75207216933,"2016"
"1720","21-761",1,0.33,-5238.80326074793,2741.61140340613,"2016"
"1744","22-084",0,0.35,-5237.99234805594,2730.79827103912,"2016"
"1746","22-090",0,0.36,-5234.77282838916,2733.33040862371,"2016"
"1747","22-092",0,0.36,-5235.71261168678,2728.16822615121,"2016"
"17522","22-103",0,0.69,-5250.18783270733,2706.34409111971,"2016"
"17542","22-106",0,0.71,-5248.80635687086,2704.47152645584,"2016"
"17551","22-111",0,0.37,-5237.74114478737,2724.34783711641,"2016"
"17561","22-115",0,0.37,-5237.15800078076,2722.7864405325,"2016"
"17572","22-116",0,0.71,-5247.32007840976,2703.70571466834,"2016"
"17582","22-121",0,0.71,-5246.57596142093,2703.32230498015,"2016"
"17591","22-122",0,0.37,-5235.82165081075,2721.79590416121,"2016"
"1760","22-123",0,0.53,-5238.73319350277,2715.78034900875,"2016"
"17613","22-124",0,0.86,-5246.40132592521,2700.91636134884,"2016"
"17621","22-125",0,0.53,-5236.31991036752,2719.86413286004,"2016"
"1764","22-129",0,0.55,-5238.81980261195,2712.42575006902,"2016"
"17652","22-131",0,0.72,-5244.9090258182,2700.14810563894,"2016"
"17662","22-133",0,0.72,-5243.69096866435,2700.67831253881,"2016"
"1767","22-134",0,0.54,-5237.00718751998,2712.44227551411,"2016"
"1768","22-139",0,0.53,-5234.79292093621,2712.91519537618,"2016"
"17692","22-140",0,0.56,-5240.50321040512,2701.35190394899,"2016"
"1770","22-141",0,0.53,-5235.91306896251,2706.76325970089,"2016"
"17712","22-142",0,0.56,-5239.37884357899,2700.77232020588,"2016"
"17722","22-143",0,0.55,-5237.78184887355,2701.1057067652,"2016"
"1773","22-144",0,0.53,-5235.83218359851,2704.70028225253,"2016"
"17842","23-004b",0,0.51,-5120.72936396255,2851.33224304483,"2016"
"17902","23-010",0,0.53,-5118.29004210449,2847.63328378234,"2016"
"17922","23-012b",0,0.51,-5122.03389331316,2842.69657458605,"2016"
"17932","23-012c",0,0.52,-5122.26114733951,2840.48393983615,"2016"
"17951","23-012e",0,0.53,-5118.80517596292,2845.03572809918,"2016"
"17962","23-014",1,0.52,-5120.12075404665,2841.63479433374,"2016"
"18021","23-031a",0,0.36,-5126.53699918531,2833.42265113522,"2016"
"1816","23-052a",0,0,-5159.42303584511,2746.64947378965,"2016"
"18172","23-053",0,0,-5154.11718251254,2754.35419364926,"2016"
"1820","23-055a",0,0,-5161.79437781373,2737.51317846038,"2016"
"18301","23-068",0,0,-5147.64837420722,2763.61556919274,"2016"
"18311","23-069",0,0,-5144.63723645453,2765.46997675671,"2016"
"1832","23-070",0,0,-5139.23333858286,2775.6071055025,"2016"
"18331","23-071",0,0,-5140.95571356051,2770.4355024816,"2016"
"174","10-330",1,0.31,-4971.35102976613,3802.03588403287,"2017"
"1911","10-381",0,1.74,-5062.55022128915,3682.95361485756,"2017"
"192","10-383",1,1.57,-5061.74196382992,3684.59251993428,"2017"
"1931","10-384",0,1.9,-5062.13917769896,3682.75145959336,"2017"
"1941","10-386",0,1.9,-5062.93251200839,3681.18880113832,"2017"
"196","10-388",1,1.74,-5057.9251182589,3689.87364141838,"2017"
"1991","10-391",1,1.78,-5062.56798739359,3680.55476297524,"2017"
"200","10-396",0,2.2,-4998.73626453082,3780.26014394568,"2017"
"2011","10-398",0,1.78,-5061.74444342619,3680.88342394911,"2017"
"2021","10-399",1,1.78,-5062.24818201532,3679.92454781826,"2017"
"203","10-400",1,1.78,-5062.39115630042,3679.42067612287,"2017"
"2041","10-402",1,2.25,-5063.2820385285,3677.79976283005,"2017"
"2061","10-412",0,2.41,-5062.37693047557,3676.12918339222,"2017"
"2071","10-414",0,2.57,-5061.96444783656,3675.29020784527,"2017"
"2081","10-416b",0,2.72,-5062.19524657967,3673.56197759799,"2017"
"209","10-417",0,1.16,-5064.82980982463,3688.86908253542,"2017"
"2101","10-418a",0,2.72,-5061.86134719473,3672.90806139918,"2017"
"2111","10-419a",0,2.73,-5060.24394670029,3674.74080273459,"2017"
"2121","10-419b",0,2.73,-5060.08067973507,3674.59755385663,"2017"
"2131","10-420",0,2.32,-5058.92558551353,3676.19360803168,"2017"
"218","10-432",1,1.44,-5062.58962159679,3690.46776211518,"2017"
"226","10-456",1,1.41,-5062.26714894421,3689.2355950794,"2017"
"2801","10-565",0,2.65,-5024.43029336021,3745.04458390504,"2017"
"2821","10-567",0,1.93,-5031.18978494862,3743.90445772797,"2017"
"2841","10-572",0,2.03,-5031.02695880605,3738.2799563897,"2017"
"2861","10-576",0,2.65,-5009.12907487154,3760.98264064872,"2017"
"3031","10-624",0,1.12,-5039.20163866621,3729.38215749878,"2017"
"3471","10-730",0,1.17,-5066.43414103988,3689.10425684074,"2017"
"367","10-809",1,1.74,-5062.26510976459,3683.56680585868,"2017"
"3683","11-001",0,2.33,-4993.79784036737,3764.46258891215,"2017"
"3733","11-025",0,2.28,-4999.33833154809,3754.97455370121,"2017"
"3743","11-026",0,2.43,-4994.06411809338,3760.56426005796,"2017"
"3763","11-035",0,2.27,-4993.51801844106,3758.7881959638,"2017"
"3783","11-038",0,1.81,-4990.51346083248,3760.62163050282,"2017"
"3853","11-052",0,2.03,-4992.48871006036,3752.55489982033,"2017"
"3862","11-053",0,2.01,-4990.492542917,3755.40539992432,"2017"
"3883","11-055",0,2.01,-4989.29027266235,3754.24263284637,"2017"
"392","11-060",0,2.05,-4991.20327762568,3750.88762700973,"2017"
"3933","11-061",1,2.01,-4988.75999178231,3753.84361755994,"2017"
"3942","11-062",0,2.01,-4987.76371652512,3754.96040769359,"2017"
"3951","11-072",0,3.56,-5054.34659525731,3672.80659117553,"2017"
"3961","11-073",0,4,-5055.01051913893,3671.90064074814,"2017"
"418","11-112",0,2.32,-5058.88995585958,3675.77660212121,"2017"
"4191","11-113",0,2.73,-5059.98350831775,3673.95685584499,"2017"
"4201","11-114",0,2.73,-5060.14171253999,3673.38848790355,"2017"
"4211","11-115",0,2.75,-5060.75650674307,3672.32859075765,"2017"
"4221","11-116",0,2.75,-5060.96784487413,3671.51710346167,"2017"
"4231","11-117",0,2.97,-5060.58655482063,3670.79618590552,"2017"
"4251","11-119",1,3.43,-5060.77197935008,3668.98518387364,"2017"
"4261","11-120",0,3.5,-5060.19040961439,3668.34973150745,"2017"
"4301","11-125",0,4.48,-5059.21667645962,3666.88535851904,"2017"
"431","11-126a",0,4,-5055.77350887775,3671.54788388821,"2017"
"4321","11-126b",0,4,-5056.04589755125,3670.96212401151,"2017"
"4351","11-129",0,4,-5057.57401645151,3668.59656721116,"2017"
"4391","11-134",0,1.16,-4977.68346939659,3764.8183305254,"2017"
"4402","11-136",0,1.33,-4980.24780284359,3761.06887036959,"2017"
"4422","11-138",0,1.97,-4981.19438029307,3754.96175298383,"2017"
"4432","11-139",0,2.44,-4979.34099993824,3756.29170063293,"2017"
"4451","11-141",0,2.59,-4975.60088932489,3760.88156602915,"2017"
"4462","11-142",0,2.59,-4977.19266624796,3758.76163996672,"2017"
"4471","11-143",0,2.44,-4978.19230708418,3757.41010632045,"2017"
"4552","11-156",1,2.01,-4986.38568513109,3754.78234779404,"2017"
"4582","11-161",0,1.99,-4984.83863858405,3754.98215344243,"2017"
"4692","11-181",0,2.65,-4991.81727579185,3733.33266366776,"2017"
"470","11-183",1,2.65,-4993.7789378186,3730.11723814082,"2017"
"4781","11-189",1,2.71,-4994.07407206831,3728.60985341682,"2017"
"4813","11-191",0,2.71,-4994.07172864604,3727.89343147333,"2017"
"4841","11-195",1,2.67,-4992.69417813885,3729.41883891965,"2017"
"4851","11-197",0,4.7,-5042.15015430779,3680.92958530301,"2017"
"4861","11-201",0,4.7,-5041.6794652722,3680.92765460762,"2017"
"4881","11-203",0,4.7,-5040.81798148638,3681.76633566574,"2017"
"4891","11-204",0,4.71,-5041.21056196934,3680.83026736098,"2017"
"4901","11-208a",0,4.71,-5040.85178010513,3681.00466711958,"2017"
"4941","11-212",0,4.71,-5039.8319548384,3681.13261404439,"2017"
"4951","11-215",0,5.1,-5040.70826909503,3678.4984287269,"2017"
"4981","11-223",0,7.18,-5039.15030776487,3675.30733173325,"2017"
"4991","11-224",0,7.18,-5037.29959268468,3677.384478243,"2017"
"5001","11-225",0,7.18,-5037.12539967767,3677.24289180596,"2017"
"5011","11-226",0,7.23,-5036.6146496125,3677.56917966689,"2017"
"5021","11-227",1,7.23,-5036.51565555599,3677.40444667444,"2017"
"5031","11-228",0,8.43,-5043.31059708549,3668.33674973067,"2017"
"5041","11-229a",0,7.23,-5035.6241148212,3677.96038480917,"2017"
"5051","11-229b",0,6.63,-5034.43055220047,3678.88179846504,"2017"
"5081","11-232",0,6.51,-5033.66293693165,3678.92964513571,"2017"
"5091","11-236",0,6.51,-5032.880243676,3678.939533922,"2017"
"5121","11-238",0,7.24,-5033.56085319282,3676.86053774337,"2017"
"5131","11-239",0,6.95,-5034.03633638218,3675.17891034904,"2017"
"5151","11-241",0,6.95,-5034.57465218475,3673.41426009491,"2017"
"5161","11-242",0,8.36,-5035.62893567873,3671.42427930745,"2017"
"518","11-244a",0,7.77,-5048.66978454627,3665.60464948815,"2017"
"519","11-244b",0,10.06,-5050.22662788715,3659.74173803269,"2017"
"5201","11-244c",0,8.27,-5045.46411937414,3666.0624615221,"2017"
"522","11-281",0,5.1,-5041.32937126964,3677.5733376652,"2017"
"5293","12-004",0,3.01,-4992.02629778637,3726.36659151575,"2017"
"5313","12-006",0,3.63,-4991.92872762557,3724.93598812776,"2017"
"5323","12-007",0,3.75,-4998.42177718431,3716.21854506869,"2017"
"5382","12-014",1,3.99,-4991.35037352322,3720.53466716358,"2017"
"5392","12-016a",0,3.88,-4999.26865330509,3708.29855089424,"2017"
"543","12-021",0,4.51,-4986.05113885323,3724.32839663885,"2017"
"5461","12-027a",0,3.75,-4998.94212584645,3702.25204958741,"2017"
"5491","12-029",0,8.36,-5035.96124262815,3670.85731068629,"2017"
"5511","12-031",0,8.33,-5036.61450668619,3669.65150273619,"2017"
"5521","12-032",0,8.89,-5038.35849387451,3666.55699464527,"2017"
"5531","12-033",0,6.07,-5031.245344312,3675.84924154825,"2017"
"5541","12-034",0,6.49,-5032.69090641356,3673.68917166262,"2017"
"5551","12-035",0,6.49,-5034.12016834913,3671.40439707852,"2017"
"5561","12-036",1,6.07,-5030.11383285105,3677.09003144245,"2017"
"5572","12-037",0,8.96,-5038.19544204509,3664.49514741798,"2017"
"5581","12-038a",0,8.1,-5034.79078656237,3670.19508161459,"2017"
"5601","12-038c",0,8.1,-5035.7175712544,3668.64496267183,"2017"
"5611","12-039",1,5.72,-5028.96231781926,3678.27888492524,"2017"
"5621","12-040",0,5.72,-5028.17596752381,3678.53426477121,"2017"
"5631","12-042",0,5.72,-5027.25415566266,3678.89382928287,"2017"
"5641","12-043a",0,5.88,-5027.0601546596,3678.17635051084,"2017"
"5651","12-043b",0,5.88,-5026.78005969496,3677.58294538443,"2017"
"5661","12-046",0,5.76,-5025.90375220229,3677.71031598961,"2017"
"5671","12-048",0,5.58,-5023.9019410192,3679.55409682555,"2017"
"5681","12-051",0,5.06,-5024.51128265191,3678.15240610131,"2017"
"5711","12-053",0,6.27,-5025.83836734416,3675.77207943772,"2017"
"5721","12-054",1,7,-5029.02679256468,3670.69631176159,"2017"
"5731","12-055a",1,7,-5030.60452467125,3668.43613107641,"2017"
"5741","12-055b",1,7,-5029.93109332348,3669.20089867325,"2017"
"5752","12-056",0,7.92,-5031.39441729689,3666.26667175731,"2017"
"5761","12-058",0,6.1,-5024.09328175677,3673.4402718287,"2017"
"5771","12-059",0,4.57,-5021.34124916555,3676.24680748031,"2017"
"5781","12-061",0,4.57,-5018.75723291045,3678.95357850821,"2017"
"579","12-062",0,3.15,-5017.59114793911,3679.43840494079,"2017"
"5801","12-068",0,4.28,-5017.37181521731,3678.71660546397,"2017"
"5811","12-069",0,4.91,-5017.55424591515,3677.3096547861,"2017"
"5821","12-070",0,4.91,-5016.94952847076,3677.40661866479,"2017"
"5831","12-071",0,4.91,-5017.65967405039,3676.22237624284,"2017"
"5861","12-076",0,4.72,-4991.19343100341,3708.13103571762,"2017"
"5881","12-078",0,4.79,-4994.13797221829,3702.65798350728,"2017"
"589","12-080",0,4.79,-4991.78723240712,3704.78765972136,"2017"
"591","12-085",1,6.42,-4993.81980647287,3697.69228343337,"2017"
"5922","12-086",1,6.23,-4992.35372602376,3698.70478711785,"2017"
"5932","12-088",1,6.58,-4988.86717978679,3703.3333570573,"2017"
"5951","12-094",0,5.31,-5018.20418103168,3673.61551801227,"2017"
"5971","12-098",0,5.23,-5017.32554297679,3672.86753146351,"2017"
"5991","12-101",0,6.43,-5018.03294798149,3671.19581039167,"2017"
"6011","12-104",0,6.42,-5018.93914595381,3668.50680295671,"2017"
"6031","12-107",0,6.41,-5018.5118938454,3667.02589038947,"2017"
"6051","12-110",0,6.21,-5015.93168907937,3669.69347274661,"2017"
"6061","12-111",0,6.21,-5015.44033489134,3669.68462827525,"2017"
"6073","12-112",1,5.5,-5002.96688535488,3687.15753291782,"2017"
"608","12-113",1,5.65,-5013.96352445177,3670.69565719201,"2017"
"6091","12-114",0,6.91,-5015.08321291794,3668.68719920509,"2017"
"6103","12-115",1,5.96,-5001.78250053964,3686.28464818893,"2017"
"6111","12-116",0,6.75,-5013.58814265753,3669.06127006698,"2017"
"6122","12-118",0,6.85,-5015.34615546331,3665.30485343861,"2017"
"6151","12-127",0,6.96,-5012.78390596432,3666.13426707155,"2017"
"6162","12-129",0,6.74,-4998.85949380221,3685.37149115918,"2017"
"6202","12-134",0,7.33,-5012.06776996237,3665.36467874954,"2017"
"6231","12-137",0,7.37,-5011.90538144344,3664.32003743192,"2017"
"6252","12-143",0,7.87,-5012.7245364021,3661.75483609469,"2017"
"6272","13-002",0,8.28,-5012.35008479419,3661.24182487351,"2017"
"6283","13-005",0,8.28,-5013.04280398838,3659.59646939476,"2017"
"6291","13-006",0,7.79,-4997.3920658162,3680.86421483631,"2017"
"6341","13-014",0,7.71,-5001.36330483911,3674.24639310749,"2017"
"635","13-015",0,8.78,-5014.09985644908,3656.62346353515,"2017"
"6391","13-022",0,7.85,-4998.0164891025,3677.06970993004,"2017"
"640","13-024",1,8.4,-4996.1718529712,3677.83342097555,"2017"
"6411","13-026",1,8.2,-4996.97719783429,3676.16557198787,"2017"
"6432","13-028",0,9.25,-5016.11170287364,3651.11117042256,"2017"
"6461","13-032",0,8.32,-4998.46498921387,3672.4717751399,"2017"
"6481","13-036",1,8.28,-5000.64454616192,3668.0394836053,"2017"
"6492","13-040",1,8.02,-5012.8052712385,3650.0424217094,"2017"
"6501","13-041",1,8.4,-4996.93338585781,3671.47754594202,"2017"
"654","13-050b",1,8.12,-5012.71233798579,3648.51438946962,"2017"
"6552","13-052",1,8.37,-4998.3505218977,3667.49525218342,"2017"
"6572","13-055",0,8.3,-5001.58775741822,3662.75458075608,"2017"
"6582","13-056",1,8,-5011.98520611898,3646.93772536423,"2017"
"6601","13-060",1,8.41,-4997.67706140537,3664.36044968702,"2017"
"6612","13-061a",1,7.93,-5012.28817268085,3645.01488528186,"2017"
"6621","13-061b",0,7.93,-5011.88276643537,3644.56707826507,"2017"
"6631","13-061c",0,7.93,-5011.61605874776,3644.16493013775,"2017"
"6641","13-063",1,7.97,-5001.67783767384,3658.6230593144,"2017"
"6661","13-072",1,8.78,-4995.45408339748,3664.35289901198,"2017"
"6671","13-074",0,8.46,-5015.63875480217,3637.03864278723,"2017"
"6692","13-076",1,8.16,-4998.42702272998,3658.3503560936,"2017"
"6703","13-077",1,7.35,-5000.38656012453,3654.37211306515,"2017"
"6712","13-078",1,6.54,-5003.79375193651,3646.15467274939,"2017"
"6721","13-079c",0,6.54,-5003.72639120312,3647.72777839431,"2017"
"6751","13-087",0,7.57,-4996.02277109697,3651.45854826935,"2017"
"6762","13-088",1,6.91,-5001.03107913261,3645.47724207356,"2017"
"677","13-089",1,7,-5003.0815126744,3641.93057402071,"2017"
"6791","13-093b",1,6.86,-5003.87204437487,3640.63887193255,"2017"
"6801","13-093c",1,6.86,-5004.83887292321,3638.97214578345,"2017"
"6832","13-108",1,6.44,-4999.92239596011,3639.32735004241,"2017"
"6861","13-116",0,8.48,-5016.64225687346,3632.81914786004,"2017"
"687","13-117a",0,7.94,-5016.19680494921,3631.22805603091,"2017"
"6881","13-117b",0,7.8,-5015.78895415487,3631.40099313294,"2017"
"6891","13-118a",0,8.78,-5015.77772303882,3630.29566070978,"2017"
"6901","13-119",0,8.96,-5018.63333216328,3624.07354529301,"2017"
"6911","13-120",0,8.78,-5021.84472431411,3616.89451385309,"2017"
"6921","13-121",1,9.01,-5022.79062413926,3613.62184015974,"2017"
"6931","13-122",1,7.05,-5005.97643209397,3633.34077054332,"2017"
"6951","13-125",0,8.21,-5023.73560413759,3608.41873223852,"2017"
"6961","13-127",0,7.66,-5025.38154862391,3603.57690429256,"2017"
"6971","13-129",0,7.21,-5027.49506970691,3599.19001306792,"2017"
"6981","13-130",0,7.27,-5030.32540458297,3594.08252505593,"2017"
"6991","13-131",0,7.79,-5038.15080390169,3583.8181606521,"2017"
"7001","13-133",0,7.27,-5034.2722446021,3588.26024374017,"2017"
"7022","14-003",1,6.07,-4999.65754439449,3635.1314847151,"2017"
"7032","14-006",1,5,-4990.55514881003,3645.1281617158,"2017"
"7042","14-008",1,5.11,-4993.80989436511,3640.04842703847,"2017"
"7072","14-016",1,7.31,-5008.54640525746,3624.250768768,"2017"
"7082","14-017",1,6.03,-5014.78887532393,3611.45975554527,"2017"
"7091","14-018",1,6.39,-5019.16723287705,3603.98059846369,"2017"
"7122","14-022",1,4.54,-4998.29620555891,3631.6109808173,"2017"
"717","14-026e",1,5.13,-5011.28517813701,3612.06268716074,"2017"
"7251","14-034",0,8.6,-5046.68083151101,3566.93763743006,"2017"
"7262","14-038",1,8.06,-5031.55743419683,3585.71500836074,"2017"
"7272","14-039",1,9.36,-5038.24597700076,3573.45923499055,"2017"
"7311","14-045",0,8.08,-5052.66051531624,3552.13164581834,"2017"
"7321","14-047",0,8.37,-5054.64905383984,3548.73647292841,"2017"
"7331","14-048",1,9.28,-5038.64528961954,3571.18960276433,"2017"
"7341","14-049",0,8.19,-5056.19296745844,3545.86359396889,"2017"
"7361","14-051",1,9.04,-5042.33805673348,3564.93356886273,"2017"
"7382","14-053",1,8.43,-5043.8790171666,3559.38472217061,"2017"
"7402","14-055",1,8.47,-5040.61316846134,3563.64361200031,"2017"
"7412","14-061",1,8.54,-5040.75707192964,3561.40424741697,"2017"
"7433","14-063",1,8.65,-5051.31498534088,3543.54259935059,"2017"
"7442","14-064",1,8.46,-5047.51323971332,3548.65753612592,"2017"
"7521","14-073",0,8.37,-5058.77034808375,3541.84782141894,"2017"
"7531","14-074",0,7.39,-5062.02900511006,3535.55394262425,"2017"
"7541","14-075",0,7.53,-5067.53467771879,3526.62606086383,"2017"
"7551","14-077a",0,7.34,-5071.41788637216,3519.86447191763,"2017"
"7561","14-078",0,7.28,-5073.23333671465,3515.81803650025,"2017"
"7571","14-079",0,6.25,-5076.92455315133,3508.7098490829,"2017"
"7591","14-081",1,7.86,-5057.05186875371,3536.38153860927,"2017"
"7602","14-082",1,7.53,-5060.57519154063,3530.30536431414,"2017"
"7633","14-085",0,6.02,-5078.91712149357,3502.40157643041,"2017"
"7643","14-086",0,6.01,-5083.19183255501,3496.19460600076,"2017"
"7662","14-088",1,7.1,-5067.27341593179,3519.03801246688,"2017"
"7673","14-089",0,5.77,-5085.70423063246,3490.08351485802,"2017"
"7902","14-116b",1,5.42,-5077.7473784966,3493.75491875371,"2017"
"7922","14-116d",0,5.68,-5075.89104627972,3495.18112071954,"2017"
"8173","14-137",0,5.77,-5087.59774984132,3484.85581627135,"2017"
"8182","14-138",0,5.66,-5088.26697074381,3481.40152856799,"2017"
"8192","14-139",0,5.9,-5088.9300931385,3477.9448464179,"2017"
"8231","14-146",0,5.95,-5087.70952009698,3470.84279964723,"2017"
"8281","14-151",0,5.51,-5085.02896401909,3470.07195915038,"2017"
"8291","14-152",0,5.51,-5084.18617172338,3470.79874053706,"2017"
"831","14-153b",0,5.15,-5083.65163267733,3469.62416702623,"2017"
"8323","14-154",0,5.15,-5083.97488349355,3468.05291853908,"2017"
"8333","15-002",1,5.25,-5067.47411843448,3490.59710736111,"2017"
"8393","15-012",1,4.76,-5057.492742951,3485.02454641787,"2017"
"8402","15-013",1,4.93,-5055.42231220156,3484.89865759571,"2017"
"8421","15-017a",1,4.63,-5082.68119142811,3467.69807265837,"2017"
"8432","15-018",1,4.83,-5072.2372858227,3482.14333451283,"2017"
"8443","15-019",1,4.47,-5074.66752990468,3478.60068802288,"2017"
"8462","15-021a",0,5.03,-5083.28796130798,3464.70873789552,"2017"
"8471","15-022",0,4.17,-5077.55019974099,3471.93330550933,"2017"
"8483","15-024",0,3.54,-5073.12441017293,3476.2422327105,"2017"
"8492","15-026",0,4.21,-5081.41463386476,3460.77477338389,"2017"
"8513","15-028",0,4.22,-5070.23004820178,3476.86093025732,"2017"
"8553","15-032",0,4.15,-5080.04020772245,3458.87626215329,"2017"
"8602","15-038",1,3.98,-5079.8871917807,3454.66104144588,"2017"
"8622","15-043",1,4.35,-5061.84581823279,3477.7829903892,"2017"
"8642","15-046",1,4.07,-5079.25981395788,3451.97376351038,"2017"
"8671","15-049",1,4.33,-5060.06424077292,3477.33069971998,"2017"
"8682","15-050",1,4.3,-5078.14432538158,3450.66605638079,"2017"
"8812","15-071a",0,4.65,-5061.4337216371,3473.89169763072,"2017"
"8831","15-075a",1,4.34,-5076.05053822238,3450.17203056134,"2017"
"8862","15-078",1,4.82,-5059.87561067654,3474.04750753025,"2017"
"8872","15-080",1,4.39,-5075.29491884278,3448.62911125237,"2017"
"888","15-081",1,5.69,-5057.82756621124,3474.18945577584,"2017"
"8912","15-085",1,4.39,-5074.33549481298,3447.85472615458,"2017"
"8922","15-086",1,5.52,-5054.86856341888,3474.11491187169,"2017"
"8932","15-087",1,4.29,-5072.14757163177,3447.27433565055,"2017"
"8953","15-089",1,5.81,-5057.47576994163,3465.51936063832,"2017"
"8962","15-090",1,3.83,-5070.26537274273,3446.12744981435,"2017"
"8981","15-092",1,4.27,-5070.66877316084,3443.50810117328,"2017"
"8993","15-093",1,5.86,-5054.36929516616,3464.68658371732,"2017"
"9002","15-094",1,3.95,-5067.99762572111,3444.94911994471,"2017"
"9013","15-095",1,4.86,-5059.05082430678,3456.2278251502,"2017"
"9021","15-096",1,4.42,-5067.72279578399,3441.33391258279,"2017"
"9032","15-098",1,5.48,-5058.04185289741,3454.22093791839,"2017"
"9041","15-099a",1,4.75,-5067.3987591028,3439.63726488039,"2017"
"905","15-099b",1,5,-5067.81108963928,3437.49862616588,"2017"
"906","15-099c",1,5.22,-5067.92700093428,3435.45524285772,"2017"
"908","15-099e",1,5,-5067.94625400322,3436.62681617589,"2017"
"9172","16-015",1,5.86,-5055.07532911572,3454.72051792376,"2017"
"9192","16-019",1,5.6,-5064.80798928208,3436.87394375279,"2017"
"9212","16-020a",1,6.92,-5055.45795921201,3449.8824672974,"2017"
"9233","16-023",1,7.53,-5054.35102615539,3447.8448909122,"2017"
"9251","16-025",1,6.18,-5064.94310798036,3430.55699166346,"2017"
"9262","16-026",1,7.02,-5057.45466478141,3435.82750774323,"2017"
"9293","16-029",1,7.99,-5052.62359439982,3437.62771736309,"2017"
"9301","16-030",1,7.1,-5065.97695734078,3417.46271536904,"2017"
"9311","16-032",1,6.97,-5064.62518290627,3417.383057112,"2017"
"9341","16-040",1,6.96,-5054.84825781957,3427.22218779429,"2017"
"9351","16-043a",1,7.29,-5056.60411630113,3419.36217121952,"2017"
"9371","16-044b",1,7.41,-5059.78410646083,3413.78700731275,"2017"
"9382","16-046",1,7.5,-5056.24268526274,3418.18780053718,"2017"
"9403","16-049",1,7.62,-5056.57207399525,3411.98449843443,"2017"
"943","16-054a",1,9.11,-5052.64335997938,3408.87720501918,"2017"
"9451","16-057",1,6.76,-5064.29434866722,3414.86384965195,"2017"
"9471","16-060",1,6.82,-5063.27771086135,3412.78385029166,"2017"
"9481","16-063",1,8.56,-5074.13187730215,3390.42652639864,"2017"
"9492","16-064",1,7.36,-5062.00136385939,3407.93923538139,"2017"
"950","16-065",1,8.29,-5074.55846195,3387.5573749979,"2017"
"9511","16-067",1,8.46,-5072.81656954013,3386.65234528434,"2017"
"9522","16-068",1,9.03,-5067.2554720215,3394.19279469976,"2017"
"9533","16-071",1,8.87,-5066.96184771837,3390.75388512166,"2017"
"9553","16-073",1,8.88,-5067.98395804743,3386.31861808499,"2017"
"9561","16-074",1,8.88,-5065.08080041431,3389.49510942016,"2017"
"9593","17-001a",1,8.72,-5063.51269632679,3387.16716393405,"2017"
"9613","17-004",1,8.7,-5059.7923717898,3389.79498262079,"2017"
"9632","17-006",1,7.99,-5068.4269121254,3374.86757993055,"2017"
"9641","17-008",1,7.11,-5075.26732857388,3363.24984384086,"2017"
"9663","17-010",1,7.98,-5063.0216132428,3377.89341435101,"2017"
"9673","17-011",1,7.77,-5067.45952071956,3370.63858123623,"2017"
"9711","17-014",1,6.86,-5073.35680382064,3360.05329197591,"2017"
"9721","17-016a",1,7.24,-5069.25960909622,3362.69308940922,"2017"
"9743","17-017",1,7.32,-5064.12637127344,3369.69580889354,"2017"
"9761","17-018a",1,7.79,-5063.00890693758,3365.75504832342,"2017"
"977","17-021a",1,7.45,-5065.43190127318,3358.48556592965,"2017"
"9782","17-023",1,7.45,-5065.0834485211,3357.73214173956,"2017"
"9793","17-024",1,8.29,-5060.62971072685,3363.54774988406,"2017"
"9833","17-034",1,7.68,-5058.9285359975,3363.68944887843,"2017"
"9843","17-035",1,6.61,-5067.13241099047,3351.31821382509,"2017"
"9853","17-037",1,8.01,-5060.79585686279,3356.02291889378,"2017"
"9863","17-042",1,7.57,-5060.56322608472,3353.32544560653,"2017"
"9903","17-044",1,8.77,-5054.18768910753,3359.26605994408,"2017"
"9923","17-047",1,8.24,-5055.70537995529,3353.91714738087,"2017"
"9943","17-051",1,7.45,-5056.36188406964,3348.00155415195,"2017"
"9981","17-057",1,6.65,-5069.12298115725,3345.23085130936,"2017"
"9992","17-059a",1,7.35,-5063.52888107258,3346.39621967267,"2017"
"1000","17-059b",1,7.05,-5063.67793995418,3344.65245722217,"2017"
"10021","17-060",1,7.73,-5060.062981284,3349.18262605271,"2017"
"1003","17-061",1,7.29,-5060.26140264554,3348.24235427054,"2017"
"10042","17-062",1,7.26,-5067.66565506833,3335.59654513017,"2017"
"10053","17-063a",1,7.29,-5059.81707101564,3346.47996802658,"2017"
"10062","17-064",1,7.3,-5060.43347888016,3343.08043232219,"2017"
"10071","17-065",1,7.15,-5069.41854092972,3326.55858301087,"2017"
"10083","17-066",1,7.37,-5061.05774337754,3338.42073800073,"2017"
"10091","17-067",1,7.24,-5059.39168715044,3336.00892166661,"2017"
"10102","17-068",1,6.98,-5071.5423066342,3318.72391243875,"2017"
"10113","17-069",1,6.77,-5068.36883311863,3320.43860864205,"2017"
"10222","18-017",1,6.43,-5068.3757198051,3317.91656132238,"2017"
"10233","18-018",1,7.75,-5054.72887319321,3338.04532555109,"2017"
"10242","18-019",1,6.8,-5071.94475777788,3311.23945477853,"2017"
"10273","18-023",1,7.43,-5075.88004356909,3300.0947693722,"2017"
"10283","18-024",1,7.35,-5059.40052581656,3319.61462497585,"2017"
"1029","18-025",1,7.09,-5068.21353901285,3304.16999219595,"2017"
"10303","18-026",1,7.47,-5057.35626363823,3317.0096652324,"2017"
"10313","18-027",1,7.23,-5061.68182318539,3308.48763063027,"2017"
"10331","18-029",1,7.32,-5052.98324289135,3317.92641253618,"2017"
"10343","18-030",1,6.75,-5068.54789936684,3292.81070898235,"2017"
"10353","18-031",1,6.33,-5067.36752875638,3292.04387456274,"2017"
"10363","18-032",1,6.53,-5060.16589009863,3302.45799762912,"2017"
"10372","18-033",1,7.74,-5077.11581358151,3293.72952741617,"2017"
"10382","18-034",1,6.43,-5096.13008895231,3260.36464433339,"2017"
"10402","18-037",1,7.23,-5082.96020776708,3275.1489484046,"2017"
"10412","18-039",1,5.78,-5095.4125172516,3252.39090685325,"2017"
"10431","18-042",1,6.8,-5072.40325927654,3286.75044631518,"2017"
"10441","18-043",1,6.19,-5069.07343077649,3287.15992170761,"2017"
"10451","18-044",1,6.34,-5073.08643996914,3281.74204938741,"2017"
"10473","18-048",1,8.46,-5035.79672136734,3334.3846101382,"2017"
"10483","18-049a",1,8.46,-5034.61504977248,3333.60218229249,"2017"
"10492","18-049b",1,8.33,-5033.43098351085,3332.8181688506,"2017"
"10503","18-049c",1,8.59,-5032.83798593191,3332.42552353339,"2017"
"10512","18-049d",1,8.33,-5034.01230258192,3331.94005796045,"2017"
"10523","18-049e",1,8.46,-5035.49218032563,3332.91956767135,"2017"
"10543","18-052a",1,8.5,-5036.60819456713,3326.07877935227,"2017"
"10562","18-053",1,8.44,-5033.59767698953,3330.20064840386,"2017"
"10601","18-054d",1,8.79,-5041.84721230602,3312.88229011963,"2017"
"10612","18-054e",1,8.69,-5039.16253344391,3317.67037543518,"2017"
"10622","18-054f",1,8.5,-5038.03724949616,3321.97273750886,"2017"
"10631","18-054g",1,8.5,-5037.47196466435,3324.12401704744,"2017"
"10642","18-058",1,8.13,-5033.05026699396,3324.9902271623,"2017"
"10672","18-062",1,8.13,-5031.59052014624,3326.5498490682,"2017"
"10682","18-064",1,8.05,-5029.51535689286,3326.43891162364,"2017"
"10693","18-065",1,8.05,-5030.3760667824,3324.48611408863,"2017"
"10702","18-066",1,8.31,-5031.68129024408,3314.00314037718,"2017"
"10722","18-069a",1,5.88,-5074.64591937347,3277.35717115493,"2017"
"10731","18-069b",1,5.88,-5073.66650318289,3277.29901847583,"2017"
"10742","18-070",1,5.61,-5092.43462338194,3251.17354007622,"2017"
"10751","18-071",1,5.25,-5089.21366533254,3254.36791799051,"2017"
"10772","18-074",0,4.85,-5092.92420416701,3245.79970871532,"2017"
"10783","18-075",1,5.53,-5066.06253658906,3283.65722887885,"2017"
"10791","18-077",1,4.79,-5087.63322144903,3250.42969324689,"2017"
"10803","18-078",1,5.48,-5066.83472949361,3277.88163606625,"2017"
"10822","18-080",1,5.52,-5097.54402624147,3242.49369146484,"2017"
"1083","18-081",1,5.24,-5097.34507999838,3238.43297391281,"2017"
"1084","18-083",1,4.42,-5095.42702397871,3239.34036254491,"2017"
"10852","18-084a",1,4.41,-5098.21370841624,3234.17664764537,"2017"
"10862","18-084b",1,4.42,-5096.48445977621,3235.5757700365,"2017"
"10881","18-085a",1,4.07,-5094.58244884883,3237.40337424266,"2017"
"10892","18-086",1,4.4,-5102.64924702772,3224.51371905025,"2017"
"10922","18-091",1,3.24,-5099.33157333206,3222.41718373515,"2017"
"10952","18-096",1,3.71,-5094.18325133231,3227.04205615013,"2017"
"10982","18-100a",1,3.07,-5097.03657324057,3216.61683900944,"2017"
"11003","18-101",0,4.25,-5109.38747554238,3197.66074937767,"2017"
"11042","18-106",1,3.62,-5092.68893803392,3219.46467622321,"2017"
"11051","18-115",0,4.86,-5124.93932898141,3171.02931212777,"2017"
"11063","18-118",0,4.71,-5114.54259316005,3185.99968435416,"2017"
"11071","18-119",0,4.24,-5130.95348624386,3159.46706438087,"2017"
"11081","18-120",0,4.62,-5132.94092802496,3154.50099593177,"2017"
"11273","19-024",0,3.47,-5114.06007003761,3181.98366220026,"2017"
"1129","19-026",0,4.05,-5131.21661716025,3153.13248945547,"2017"
"11311","19-028",0,2.92,-5116.40179019528,3174.77745665679,"2017"
"11321","19-029",0,3.41,-5110.85346841593,3183.70161956024,"2017"
"11361","19-038a",1,2.25,-5119.07908557486,3161.84083595434,"2017"
"11373","19-038b",1,2.25,-5124.04085386207,3154.79645947516,"2017"
"11392","19-038f",1,3.24,-5130.54484866844,3147.6981268846,"2017"
"11402","19-043",1,2.39,-5111.51133540534,3172.97802227354,"2017"
"11423","19-045",0,3.19,-5103.7199689515,3179.2579519931,"2017"
"11453","19-048",0,3.72,-5101.46036266933,3176.61537804076,"2017"
"11461","19-049",0,5.1,-5138.75046374771,3141.1501444697,"2017"
"11471","19-050",0,4.74,-5144.06569203624,3128.61153063259,"2017"
"11481","19-051",0,4.44,-5143.07514194094,3128.41242762173,"2017"
"1150","19-053",0,4.71,-5149.74153329125,3116.40264535691,"2017"
"11513","19-054",1,1.63,-5131.89453693725,3139.90383985908,"2017"
"11531","19-059",0,4.6,-5151.14113865422,3109.80618063901,"2017"
"11542","19-061",0,4.13,-5151.49584335178,3107.27489588418,"2017"
"11553","19-063a",1,2.08,-5135.25709577975,3130.88423959512,"2017"
"11571","19-065",1,2.08,-5133.49333148856,3129.55204405436,"2017"
"11582","19-066",1,2.08,-5132.74675074369,3129.35372231765,"2017"
"11592","19-067",1,2.25,-5132.6632718635,3128.07488678432,"2017"
"11603","19-071",0,2.58,-5131.54751446319,3124.93824414585,"2017"
"11612","19-072a",0,2.28,-5139.02911944661,3114.75911052513,"2017"
"11621","19-072b",1,2.57,-5134.07830330348,3118.90083757435,"2017"
"11651","19-072e",0,2.27,-5137.85635640096,3112.90528068701,"2017"
"11672","19-074b",0,1.5,-5141.80428212444,3107.47194682384,"2017"
"11681","19-075",0,1.95,-5138.66986318655,3109.63711423395,"2017"
"11693","19-076",1,1.33,-5142.68843025298,3102.26873240491,"2017"
"11701","19-081",0,3.5,-5166.88306429205,3074.76425702635,"2017"
"11712","19-082",0,2.78,-5155.8288837958,3091.64752109061,"2017"
"11721","19-091",0,6.4,-5175.15553262057,3058.60766817602,"2017"
"11733","19-096",0,0.96,-5157.88744268498,3078.37976252939,"2017"
"11742","19-097",0,1.28,-5150.53305546771,3088.8784314349,"2017"
"11752","19-098",0,1.11,-5154.23460880745,3082.124374856,"2017"
"11761","19-099",0,5.35,-5182.86994878917,3036.85001400576,"2017"
"11833","19-107",0,1.13,-5145.7420756221,3094.31946321423,"2017"
"11853","19-109a",0,1.3,-5143.26239544797,3097.71874258268,"2017"
"11911","19-114",0,1.12,-5148.89114429252,3088.42332397276,"2017"
"11922","19-116",0,0.66,-5161.10100713478,3067.48675008785,"2017"
"11971","19-122",0,0.8,-5158.58746133511,3069.29924969784,"2017"
"11981","19-123",0,0.8,-5157.7071406854,3070.07382791141,"2017"
"11991","19-127",0,1.37,-5161.4275098291,3055.6895744934,"2017"
"12003","19-128",0,1.91,-5151.92076181451,3072.37974599725,"2017"
"12012","19-129",0,1.57,-5156.40816252886,3060.43424609104,"2017"
"12072","19-134",0,1.24,-5165.99771054589,3044.21920496466,"2017"
"12083","19-135",0,2.28,-5151.80692805629,3067.43886844887,"2017"
"12093","19-136a",0,2.76,-5148.90731432031,3069.36514203053,"2017"
"12122","19-139",0,3.07,-5178.45484269489,3040.09034809173,"2017"
"12132","19-141",0,1.88,-5177.86878922103,3038.10750482188,"2017"
"12142","19-146",0,1.37,-5178.12242426769,3033.79776955443,"2017"
"12152","19-147",0,1.53,-5179.35868849042,3030.2491500808,"2017"
"12161","19-148",0,2.38,-5185.57807428765,3021.82496294872,"2017"
"12171","19-149",0,1.74,-5182.98436587763,3025.57645133364,"2017"
"12182","19-151",0,3.08,-5189.34211817831,3014.22937543485,"2017"
"12192","19-152",0,3.93,-5190.29931399015,3011.47352920212,"2017"
"12221","19-157",0,0.77,-5173.40727846099,3037.75701832292,"2017"
"12232","19-159",0,2.87,-5191.79111338124,3006.36523185939,"2017"
"1224","19-163",0,0.77,-5170.44737544155,3040.9949695031,"2017"
"12252","19-167",0,3.69,-5193.55828242321,3001.20457650789,"2017"
"12261","19-168",0,0.78,-5173.63049663416,3034.04837441355,"2017"
"12271","19-169",0,0.78,-5173.46475700248,3033.70496796558,"2017"
"1230","19-181",0,0.8,-5172.48931507526,3032.58681523791,"2017"
"12311","19-187",0,0.8,-5171.98698521414,3031.50016705506,"2017"
"1232","19-192",0,1.27,-5170.4738132808,3031.55502442221,"2017"
"1234","19-196",0,1.61,-5168.26626432999,3032.24188078683,"2017"
"12361","19-204",0,2.01,-5166.08200052406,3028.03163912295,"2017"
"12371","19-205a",0,2.01,-5169.68625820717,3018.50034922569,"2017"
"12381","19-206",0,2.93,-5194.55429910652,2998.26758390577,"2017"
"12391","19-207",0,2.61,-5197.15547365981,2990.24614596765,"2017"
"12401","19-208",0,3.61,-5198.16629840209,2986.24861184801,"2017"
"12411","19-209",0,5.55,-5199.27672291577,2983.33329706994,"2017"
"12421","19-212",0,3.22,-5199.90125435248,2980.01855948042,"2017"
"12431","19-214",0,2.83,-5200.57452122676,2975.99960480335,"2017"
"12441","19-216",0,2.83,-5201.2900235574,2972.95860228063,"2017"
"12451","19-220",0,2,-5201.72775241038,2970.49487504561,"2017"
"1251","19-228",0,1.07,-5197.38733624795,2971.83712410063,"2017"
"12521","19-246",0,1.28,-5173.43338039682,3026.98960949233,"2017"
"12643","20-014",0,6.31,-5123.46114083026,3091.88921955397,"2017"
"12672","20-017",0,6.31,-5123.22009098865,3091.36586577587,"2017"
"12682","20-019",1,6.31,-5122.23218602076,3092.48377597599,"2017"
"1276","20-028e",1,6.33,-5122.38099923874,3090.35151983982,"2017"
"12771","20-028f",1,6.51,-5124.24052274277,3090.56330407933,"2017"
"12793","20-028h",1,6.51,-5126.69604206615,3086.52242821189,"2017"
"12822","20-034",1,6.64,-5114.31845532107,3093.68224233583,"2017"
"1286","20-042a",1,6.07,-5114.05992583492,3092.1884553775,"2017"
"1294","20-060b",1,5.81,-5112.16291633668,3090.29592391479,"2017"
"12973","20-067a",1,6.71,-5127.72108249236,3077.39273860722,"2017"
"13111","20-081",1,6.69,-5126.85625230851,3068.35943957156,"2017"
"13251","20-102a",1,6.36,-5121.80011185181,3067.76262506165,"2017"
"1327","20-102c",1,6.15,-5119.97072540857,3067.45993304887,"2017"
"13281","20-102d",1,6.05,-5117.52519394652,3068.84395893142,"2017"
"1329","20-103",0,2.01,-5175.34890480098,3008.41522439678,"2017"
"13301","20-104",0,2.18,-5167.29209792896,3020.96773563828,"2017"
"13311","20-105",0,2.18,-5172.74303712314,3009.16226469459,"2017"
"13353","20-112",0,2.05,-5177.27526417777,2996.33424200474,"2017"
"13361","20-115",0,1.22,-5196.48376425869,2970.87423048358,"2017"
"13371","20-119",0,2.22,-5203.46130269503,2953.97875116396,"2017"
"13391","20-125",0,2.07,-5202.85495672061,2952.39059338661,"2017"
"13401","20-126",0,1.63,-5199.75262982138,2955.60063566926,"2017"
"13412","20-127",0,1.44,-5197.84496980093,2962.3951745111,"2017"
"13422","20-128",0,2.21,-5181.26304475652,2990.1986031911,"2017"
"13433","20-129",0,2.52,-5182.58825964115,2982.52790689002,"2017"
"13441","20-130",0,1.63,-5197.94017445471,2956.71013145563,"2017"
"13452","20-131",0,2.07,-5203.07457361831,2950.3997817097,"2017"
"13462","20-132",0,2.43,-5202.63839724212,2947.08805075022,"2017"
"13473","20-134",0,2.82,-5179.96016915929,2978.60848385757,"2017"
"13483","20-135",0,2.86,-5180.17959632339,2975.12668548008,"2017"
"13503","20-137",0,2.86,-5178.28602865839,2977.64581060598,"2017"
"13513","20-138",0,3.19,-5183.47464506939,2968.60428011899,"2017"
"13553","20-146",0,3.77,-5184.08953471275,2958.1525884294,"2017"
"13562","20-167",0,3.22,-5202.58554876663,2942.24676543796,"2017"
"13572","20-172",0,3.14,-5204.33667426491,2937.19255364569,"2017"
"13582","20-179",0,3.62,-5206.24648387172,2932.15472793954,"2017"
"13591","20-182",0,3.15,-5203.53142377842,2934.63714845254,"2017"
"13601","20-185a",0,3.28,-5203.1378623815,2933.68102215694,"2017"
"13612","20-185c",0,3.98,-5206.81941241964,2927.45476402219,"2017"
"13622","20-186",0,4.78,-5209.76373908984,2922.43788194142,"2017"
"13632","20-187",0,4.63,-5211.2604792554,2917.53095129584,"2017"
"13641","20-194a",0,3.99,-5206.19765803003,2923.34182697532,"2017"
"13651","20-194b",0,4.45,-5208.4000597973,2920.16132709564,"2017"
"13661","20-197",0,4.45,-5207.2486581428,2919.04192880349,"2017"
"1367","20-209",1,5.41,-5105.27933532966,3082.46585382566,"2017"
"13781","20-252",1,6.26,-5116.76966271999,3057.61075345866,"2017"
"13801","20-255",1,6.24,-5119.688125533,3050.73483639616,"2017"
"13831","20-262a",1,6.47,-5132.04342250445,3026.6471875244,"2017"
"13851","20-263",1,6.34,-5128.99088896987,3029.65391906931,"2017"
"13882","20-269",1,6.2,-5126.53537756608,3033.03250571077,"2017"
"13991","20-289",1,6.32,-5138.48392204138,3013.52507727913,"2017"
"14023","20-292",1,5.11,-5139.86853801372,2993.8774366793,"2017"
"14041","20-294",0,3.57,-5168.2762353136,2977.89477957143,"2017"
"14052","20-295",0,3.92,-5172.42922524375,2970.67542362851,"2017"
"14062","20-296",0,3.77,-5179.81679701951,2961.70809385918,"2017"
"14082","20-298",0,3.56,-5184.32235851506,2947.49854971355,"2017"
"14091","20-299a",0,3.18,-5187.00759029931,2942.51233261865,"2017"
"14103","20-299c",0,3.04,-5186.72904142726,2939.29125612908,"2017"
"14123","20-301a",0,3.65,-5173.8657761245,2959.50485763247,"2017"
"14133","20-301b",0,3.62,-5177.64378047715,2954.47450292398,"2017"
"14142","20-302",0,3.69,-5170.59926973473,2963.62830607068,"2017"
"14153","20-304",0,3.34,-5184.84943120787,2937.031388937,"2017"
"14162","20-305",0,3.33,-5183.51244212046,2934.49638315411,"2017"
"14172","20-306",0,3.33,-5181.22999020122,2937.10846724396,"2017"
"14182","20-307",0,3.62,-5176.82563628206,2943.11237710189,"2017"
"14192","20-308",0,3.48,-5175.51272259085,2942.51357920061,"2017"
"14213","20-310",0,4,-5156.5090610377,2967.5195879329,"2017"
"14261","20-322",0,3.63,-5203.91768569147,2914.82730485665,"2017"
"14271","20-324",0,3.63,-5204.22867826539,2912.50936712139,"2017"
"14282","20-326",0,3.42,-5204.99454567305,2908.67258259613,"2017"
"14291","20-327",0,3.29,-5207.8670244984,2904.21461138106,"2017"
"14302","20-335",0,2.94,-5207.38545898462,2901.2321861606,"2017"
"14331","20-339a",0,3.07,-5205.73292577316,2899.38147501803,"2017"
"14341","20-339b",0,3.09,-5209.11626784174,2894.85300085767,"2017"
"14361","20-342",0,3.08,-5207.97361129547,2892.04554502531,"2017"
"14371","20-348",0,2.46,-5203.6643959857,2890.00064589053,"2017"
"14391","20-351a",0,4.24,-5180.85921145003,2926.41713418809,"2017"
"14402","20-351b",0,4.38,-5178.96352932554,2926.53805253194,"2017"
"14411","20-351c",0,4.49,-5177.47951364606,2926.5673188585,"2017"
"14431","20-353",0,2.92,-5199.19810714859,2891.70311220063,"2017"
"14451","20-369a",0,3.41,-5211.64772372411,2886.98955185477,"2017"
"14482","20-370a",0,3.05,-5212.34668262889,2880.91652412747,"2017"
"14491","20-370b",0,2.73,-5209.11265753514,2880.59064952299,"2017"
"14522","20-377",0,4.1,-5219.19831900346,2865.45189524633,"2017"
"14532","20-378a",0,3,-5219.15952665453,2863.32896672422,"2017"
"14551","20-380",0,2.46,-5207.20499324284,2881.31610777747,"2017"
"14563","20-382",0,3.48,-5222.00379954049,2858.96321539322,"2017"
"14571","20-383",0,2.99,-5215.06543228921,2865.72105033073,"2017"
"14583","20-385",0,3.44,-5220.21758287189,2855.61688600053,"2017"
"14591","20-386",0,2.82,-5212.69478858248,2867.65634602047,"2017"
"14613","20-388a",0,3.26,-5221.51180572312,2851.59125121806,"2017"
"14623","20-389",0,3.26,-5223.15166349733,2847.75544294338,"2017"
"14631","20-391",0,4.24,-5226.26316974629,2840.26463970244,"2017"
"14651","20-469",0,4,-5201.57904781098,2924.9131494447,"2017"
"14661","20-470",0,4,-5203.92664537598,2923.03829302775,"2017"
"14671","20-474",0,4,-5204.81588822977,2921.62341832989,"2017"
"1469","20-590",0,2.16,-5200.68578371855,2957.84289949783,"2017"
"1470","20-591",0,1.76,-5200.41972307182,2957.51560128152,"2017"
"1472","20-595",0,2.16,-5202.33426745683,2956.92330926393,"2017"
"1474","20-605",0,2.56,-5202.2820995404,2944.65578413708,"2017"
"14753","21-025",0,4.87,-5145.09287258337,2982.50673894398,"2017"
"1477","21-027",0,5.16,-5144.08503289114,2977.65945472359,"2017"
"14902","21-054",1,4.4,-5161.99734245585,2949.13001824026,"2017"
"14923","21-056b",0,3.96,-5171.40089411089,2931.79862536165,"2017"
"14933","21-057",0,3.65,-5171.19319643187,2928.10418203344,"2017"
"1496","21-060",0,4.23,-5180.96295481971,2920.32900728294,"2017"
"14971","21-061",0,4.51,-5184.634408616,2910.39299028685,"2017"
"14981","21-062",0,3.23,-5194.20843046871,2895.20336154344,"2017"
"14991","21-063",0,2.9,-5197.0219584308,2890.24990920505,"2017"
"15001","21-064",0,3.83,-5188.8967971675,2902.59345808259,"2017"
"15011","21-065",0,3.53,-5191.02077442621,2897.55925245222,"2017"
"15021","21-068",0,3.36,-5189.05554838727,2896.4223779294,"2017"
"15032","21-070",0,3.82,-5186.70384749807,2900.06297432716,"2017"
"15042","21-071",0,3.82,-5185.3899820044,2902.37444228972,"2017"
"15052","21-072",0,4,-5179.23300692624,2910.9409499935,"2017"
"15071","21-074",0,3.22,-5188.83347164704,2894.53695628543,"2017"
"15081","21-075",0,2.79,-5192.85142482927,2886.80439214262,"2017"
"15111","21-081",0,3.08,-5188.33998400151,2889.82648447231,"2017"
"15121","21-082",0,3.08,-5188.28319903564,2888.16572244794,"2017"
"15151","21-086",0,3.19,-5179.61736031289,2896.57155328583,"2017"
"15161","21-087",0,3.2,-5187.3178833667,2878.36144267457,"2017"
"15183","21-091",0,4.57,-5228.63051857327,2831.82943897879,"2017"
"15191","21-092",0,2.39,-5209.83486428631,2868.52695878746,"2017"
"15201","21-093",0,2.41,-5206.24919606218,2873.62340766089,"2017"
"15211","21-094",0,2.39,-5208.49095917945,2869.13207583896,"2017"
"15231","21-100",0,2.3,-5203.20396883111,2875.74564829618,"2017"
"15242","21-101",0,4.21,-5226.96957312469,2835.740552828,"2017"
"15252","21-109",0,2.76,-5201.57243243475,2873.79146873948,"2017"
"15263","21-115",0,2.78,-5198.1602489534,2876.64589905374,"2017"
"15273","21-116",0,2.95,-5195.24719406732,2878.58790561409,"2017"
"15303","21-128",0,4.14,-5199.37929042117,2861.92938763483,"2017"
"15311","21-129",0,2.78,-5194.50691122732,2867.93447875512,"2017"
"15333","21-131",0,3.68,-5207.56120266128,2842.79334823111,"2017"
"15343","21-132",0,3.74,-5204.50844147545,2845.84403616677,"2017"
"15352","21-133",0,3.85,-5201.24085976391,2853.49844943672,"2017"
"15363","21-134",0,3.89,-5202.37861135399,2850.57995348095,"2017"
"15372","21-135",0,3.48,-5213.58312007401,2833.08406070863,"2017"
"15383","21-136",0,3.51,-5209.32830530536,2837.8597383601,"2017"
"15411","21-139",0,3.62,-5208.79459297657,2831.77751698869,"2017"
"15422","21-143",0,4.57,-5228.99812287752,2830.98591202353,"2017"
"15433","21-144",0,4.57,-5229.26778348809,2829.81376268047,"2017"
"15442","21-145a",0,4.41,-5230.45707058556,2825.63647533435,"2017"
"15453","21-146",0,4.41,-5231.66553045809,2822.85425849441,"2017"
"15463","21-147",0,4.95,-5233.00272627078,2821.21727182604,"2017"
"15473","21-148",0,4.95,-5233.28319180394,2819.01073922662,"2017"
"15483","21-149",0,5.69,-5234.40601579955,2816.08069290921,"2017"
"15493","21-150",0,4.92,-5235.03619003507,2814.06341115588,"2017"
"15503","21-151",0,5.22,-5235.66478240961,2812.04724525071,"2017"
"15512","21-152",0,5.22,-5236.15593906663,2811.13258404217,"2017"
"15532","21-157",0,5.22,-5234.60518703655,2811.4781423051,"2017"
"15543","21-158",0,4.46,-5235.23285984551,2809.46062848046,"2017"
"15553","21-159",0,4.46,-5235.85960249728,2807.44293357478,"2017"
"15563","21-161",0,5.03,-5236.13117309019,2805.2352744797,"2017"
"15572","21-165",0,5.03,-5236.26605549714,2804.13202321608,"2017"
"15603","21-172",0,4,-5235.8253380028,2801.54419260296,"2017"
"15612","21-180",0,3.11,-5231.24592592463,2801.36304168477,"2017"
"15621","21-181",0,2.68,-5231.53606766609,2798.32263611408,"2017"
"15631","21-185",0,3,-5232.68330988238,2793.78565455697,"2017"
"15951","21-236",0,3.77,-5263.06591302111,2751.85421704771,"2017"
"15961","21-237",0,3.43,-5265.94422913321,2744.50941745634,"2017"
"15973","21-238",0,3.43,-5267.62719179607,2742.15315063946,"2017"
"1599","21-240",0,3.85,-5256.84923685058,2758.4411053184,"2017"
"16001","21-241",0,3.85,-5257.62481299284,2756.72165658964,"2017"
"16011","21-242a",0,3.98,-5252.08603647464,2765.46214026488,"2017"
"16031","21-247",0,4.3,-5247.77511353823,2771.17102945571,"2017"
"1606","21-257",1,3.82,-5245.74874067954,2772.52933452157,"2017"
"16071","21-258",0,3.23,-5239.068659283,2783.65804810785,"2017"
"16082","21-263",0,2.33,-5260.33446408156,2739.5232173223,"2017"
"16111","21-289a",0,4.02,-5273.74522816104,2734.21941622201,"2017"
"16123","21-290",0,3.44,-5269.65515814903,2740.87086922583,"2017"
"16131","21-294",0,3.04,-5270.50950512353,2731.35938938841,"2017"
"16141","21-295",0,2.81,-5268.29352900025,2733.0878326273,"2017"
"16151","21-296",0,2.81,-5266.28659393366,2735.22468549227,"2017"
"16182","21-299",0,2.33,-5263.68539962633,2736.59933055171,"2017"
"16202","21-300a",0,2.33,-5262.10398659478,2738.06863615277,"2017"
"16213","21-303",0,1.95,-5259.96479910119,2735.83068689331,"2017"
"16221","21-304",0,1.95,-5259.35624888716,2736.66734763335,"2017"
"16241","21-306",0,1.95,-5258.56458674637,2736.3284222893,"2017"
"1650","21-436",0,2.51,-5214.43737651453,2819.32015633893,"2017"
"16511","21-438",0,2.67,-5224.20679384567,2799.61318269417,"2017"
"1653","21-440",0,3.55,-5210.60946372734,2824.2143680637,"2017"
"1656","21-443",0,2.65,-5217.09165191909,2808.27785647053,"2017"
"16601","21-453",0,2.48,-5213.25915530554,2807.94137740995,"2017"
"16611","21-460",0,2.77,-5213.63779791901,2802.30667020419,"2017"
"1663","21-465",0,2.98,-5217.08540413328,2787.76495636258,"2017"
"16641","21-466",0,3.94,-5220.95896112068,2777.56005545832,"2017"
"16651","21-467",0,3.29,-5216.23170024932,2782.13209303905,"2017"
"16661","21-470",0,2.08,-5257.25765686952,2737.3619230006,"2017"
"16671","21-474",0,2.08,-5255.45874357199,2738.78296408891,"2017"
"16681","21-479",0,1.5,-5253.63626797434,2739.9133760768,"2017"
"1675","21-494",0,2.9,-5243.84683457727,2752.09573188084,"2017"
"16772","21-496",0,1.63,-5251.44414928562,2736.4330386493,"2017"
"1682","21-502",0,1.62,-5251.4762238537,2733.97475179486,"2017"
"16901","21-526",0,2.74,-5236.87115500725,2747.99711766297,"2017"
"16921","21-529",0,3.67,-5228.88504605931,2760.03303960993,"2017"
"16931","21-530",0,1.45,-5242.10234295745,2735.8658927189,"2017"
"16941","21-531",0,1.45,-5240.34086449441,2738.58428367991,"2017"
"16951","21-532",0,2.08,-5237.73695388914,2743.56830242085,"2017"
"16962","21-538",0,1.45,-5241.331635739,2734.8332912747,"2017"
"16971","21-540",0,1.26,-5242.06372577873,2731.43676313582,"2017"
"16981","21-544",0,3.78,-5223.78069062525,2764.83005179561,"2017"
"16992","21-546",0,1.26,-5241.72751882472,2729.72640059743,"2017"
"17021","21-551",0,3.45,-5219.78884158455,2768.91125215437,"2017"
"1703","21-552",0,1.11,-5239.4347976031,2731.35327452926,"2017"
"17042","21-556",0,1.11,-5239.28088372724,2729.9085988614,"2017"
"1705","21-557",0,1.11,-5238.59381755783,2731.21835864551,"2017"
"17083","21-560",0,1.58,-5253.66417107036,2730.22529697787,"2017"
"17092","21-562",0,1.4,-5252.59052277476,2727.46107585102,"2017"
"17103","21-565",0,1.09,-5251.65928950641,2723.36504801153,"2017"
"17113","21-566",0,1.23,-5252.09223725698,2718.93752166191,"2017"
"17123","21-570",0,1.23,-5251.83163862704,2717.64114502781,"2017"
"17133","21-575",0,1.22,-5250.94011432273,2714.85592418672,"2017"
"17143","21-579",0,1.07,-5251.04505334873,2713.74951461996,"2017"
"17153","21-582",0,1.07,-5250.41169331033,2712.26176069133,"2017"
"17163","21-586",0,1.08,-5250.25011022427,2709.8564993511,"2017"
"17171","21-591",0,4.13,-5169.41429288351,2939.92820561192,"2017"
"1718","21-595",0,4.21,-5226.14991972441,2836.76058386331,"2017"
"17441","22-084",0,1.11,-5237.99234805594,2730.79827103912,"2017"
"17451","22-086",0,0.99,-5236.7179781901,2731.90248848905,"2017"
"17461","22-090",0,0.99,-5234.77282838916,2733.33040862371,"2017"
"17471","22-092",0,0.83,-5235.71261168678,2728.16822615121,"2017"
"1748","22-093",0,0.81,-5235.32251811465,2726.7896477423,"2017"
"17523","22-103",0,1.26,-5250.18783270733,2706.34409111971,"2017"
"17543","22-106",0,1.26,-5248.80635687086,2704.47152645584,"2017"
"17562","22-115",0,0.8,-5237.15800078076,2722.7864405325,"2017"
"17573","22-116",0,1.26,-5247.32007840976,2703.70571466834,"2017"
"17583","22-121",0,1.09,-5246.57596142093,2703.32230498015,"2017"
"17592","22-122",0,0.8,-5235.82165081075,2721.79590416121,"2017"
"17601","22-123",0,0.78,-5238.73319350277,2715.78034900875,"2017"
"17614","22-124",0,1.24,-5246.40132592521,2700.91636134884,"2017"
"17622","22-125",0,0.93,-5236.31991036752,2719.86413286004,"2017"
"17641","22-129",0,0.78,-5238.81980261195,2712.42575006902,"2017"
"17653","22-131",0,1.08,-5244.9090258182,2700.14810563894,"2017"
"17663","22-133",0,1.07,-5243.69096866435,2700.67831253881,"2017"
"17671","22-134",0,0.79,-5237.00718751998,2712.44227551411,"2017"
"17681","22-139",0,0.79,-5234.79292093621,2712.91519537618,"2017"
"17693","22-140",0,0.63,-5240.50321040512,2701.35190394899,"2017"
"17701","22-141",0,0.64,-5235.91306896251,2706.76325970089,"2017"
"17713","22-142",0,0.63,-5239.37884357899,2700.77232020588,"2017"
"17723","22-143",0,0.78,-5237.78184887355,2701.1057067652,"2017"
"17731","22-144",0,0.64,-5235.83218359851,2704.70028225253,"2017"
"17742","22-145",0,0.78,-5237.50160699824,2699.80465042152,"2017"
"17762","22-147a",0,0.78,-5235.23997397266,2703.26585123265,"2017"
"17772","22-147b",0,0.78,-5236.6546358294,2700.52440695659,"2017"
"18091","23-045a",0,3.07,-5166.59325318479,2757.70910416393,"2017"
"18101","23-046",0,2.51,-5158.2682264048,2767.52985468826,"2017"
"18111","23-048",0,3.09,-5164.43815326002,2753.79199335574,"2017"
"18121","23-049",0,2.19,-5155.78706497432,2767.48259930839,"2017"
"18131","23-050",0,2.62,-5161.56166824518,2757.19452544789,"2017"
"18141","23-051",0,2.84,-5163.58989035364,2749.57191589213,"2017"
"18161","23-052a",0,2.33,-5159.42303584511,2746.64947378965,"2017"
"18173","23-053",0,1.96,-5154.11718251254,2754.35419364926,"2017"
"18181","23-054",0,2.69,-5162.48270007596,2741.47455490959,"2017"
"18201","23-055a",0,2.99,-5161.79437781373,2737.51317846038,"2017"
"18302","23-068",0,1.72,-5147.64837420722,2763.61556919274,"2017"
"18312","23-069",0,2.06,-5144.63723645453,2765.46997675671,"2017"
"18332","23-071",0,3.92,-5140.95571356051,2770.4355024816,"2017"
"18402","23-076",0,2.1,-5156.68967559847,2737.2452209931,"2017"
"18411","23-077",0,3.73,-5160.84609351973,2726.33895521529,"2017"
"18422","23-078",0,3.66,-5159.41758041915,2722.55514450429,"2017"
"18432","23-079",0,4.04,-5161.31183949298,2713.19713881737,"2017"
"18442","23-080",0,3.62,-5160.27301248869,2710.35369618485,"2017"
"18452","23-081",0,3.48,-5162.06186079461,2702.10379689827,"2017"
"1847","23-082a",0,3.06,-5161.20673537602,2699.68119805976,"2017"
"36","09-372a",0,6.6,-5008.15678699843,3784.19439018734,"2020"
"3710","09-376",0,6.6,-5008.37460515027,3782.83370985007,"2020"
"40","09-396a",0,6.14,-5019.46008740788,3764.76923406929,"2020"
"41","09-400a",0,5.26,-5030.83228038449,3750.57083448055,"2020"
"43","09-406a",0,4.28,-5037.58001880651,3741.4211212496,"2020"
"4810","09-411",0,4.12,-5039.7952728519,3737.96666435398,"2020"
"63","09-484",0,2.37,-5050.53092517441,3723.0900819054,"2020"
"7110","09-531",0,1.17,-5068.22560097714,3699.58283873039,"2020"
"72","09-533",0,1.31,-5073.51829298689,3694.16540304599,"2020"
"73","09-542",0,1.28,-5076.10743471075,3690.54072326709,"2020"
"74","09-542a",0,1.28,-5076.8687022168,3689.06709976758,"2020"
"7610","09-545a",0,0.94,-5081.46983438916,3682.94002648856,"2020"
"11810","10-138h",0,8.12,-4964.06610727611,3832.15925931659,"2020"
"121","10-148d",0,1.58,-5062.53521594633,3687.37744698859,"2020"
"13210","10-182",0,8.42,-4952.963784911,3839.88728808677,"2020"
"13310","10-183a",1,8.72,-4953.6239254029,3839.45291318707,"2020"
"13910","10-204",1,8.54,-4959.81099634657,3832.6386737713,"2020"
"14110","10-214",1,8.35,-4953.63920408171,3837.2436984802,"2020"
"14210","10-215",1,8.11,-4952.84427896125,3836.17413609976,"2020"
"14310","10-216",1,8.11,-4952.80259680259,3837.16966737785,"2020"
"148","10-273a",1,7.44,-4952.24966441492,3834.44981242685,"2020"
"149","10-282",1,7.58,-4957.61226411945,3827.53317498803,"2020"
"15110","10-283b",1,8.21,-4958.8992760224,3826.03389337364,"2020"
"152","10-284",1,8.35,-4959.33024704146,3825.60797612655,"2020"
"15310","10-284a",1,8.35,-4959.15398483245,3825.87860340419,"2020"
"15510","10-299",0,10.05,-5004.27661605368,3758.73572124722,"2020"
"15710","10-302",0,8.93,-4995.53607128029,3776.36171305677,"2020"
"16210","10-318a",0,7.43,-4972.49749321294,3802.7279632103,"2020"
"171","10-325a",0,8.44,-4981.40448293399,3792.93554526611,"2020"
"17615","10-336",1,8.96,-4981.83025643413,3786.90035876397,"2020"
"17812","10-338",1,9.77,-4996.66723712595,3767.99467988677,"2020"
"18011","10-341",1,9.04,-4981.63282059109,3784.44622769205,"2020"
"18210","10-346a",0,9.66,-5014.15475868014,3750.48845716522,"2020"
"1839","10-347a",0,9.18,-5002.69924374118,3765.36532743467,"2020"
"1861","10-351",0,10.51,-5011.59953328299,3750.47576344489,"2020"
"1881","10-353",0,10.05,-5004.93719243068,3758.6689842971,"2020"
"1912","10-381",0,2.84,-5062.55022128915,3682.95361485756,"2020"
"1921","10-383",0,2.19,-5061.74196382992,3684.59251993428,"2020"
"1932","10-384",0,3.01,-5062.13917769896,3682.75145959336,"2020"
"1942","10-386",0,3.01,-5062.93251200839,3681.18880113832,"2020"
"1992","10-391",0,3.48,-5062.56798739359,3680.55476297524,"2020"
"2022","10-399",0,3.48,-5062.24818201532,3679.92454781826,"2020"
"2031","10-400",0,3.48,-5062.39115630042,3679.42067612287,"2020"
"2042","10-402",0,4.26,-5063.2820385285,3677.79976283005,"2020"
"2051","10-406",0,4.26,-5063.12379864851,3676.61795277899,"2020"
"2062","10-412",0,4.6,-5062.37693047557,3676.12918339222,"2020"
"2072","10-414",0,4.26,-5061.96444783656,3675.29020784527,"2020"
"2082","10-416b",0,4.3,-5062.19524657967,3673.56197759799,"2020"
"2112","10-419a",0,4.75,-5060.24394670029,3674.74080273459,"2020"
"2122","10-419b",0,4.75,-5060.08067973507,3674.59755385663,"2020"
"2132","10-420",0,4.63,-5058.92558551353,3676.19360803168,"2020"
"220","10-441b",0,8.05,-4972.57860030287,3818.07495852707,"2020"
"225","10-450a",0,7.83,-4975.62390793498,3816.11400890834,"2020"
"2291","10-458b",1,8.07,-4955.91625053278,3830.85179606595,"2020"
"230","10-458c",1,8.21,-4957.00186473834,3829.04713442121,"2020"
"245","10-499",0,2.02,-5060.65793186435,3688.3456282324,"2020"
"2471","10-503",0,2.02,-5061.17014583677,3687.44565914995,"2020"
"250","10-512",0,2.02,-5062.10213236381,3685.52705342381,"2020"
"2511","10-514",0,2.84,-5062.21412030992,3684.63087963411,"2020"
"259","10-541a",1,8.21,-4996.80740630047,3787.55236747133,"2020"
"260","10-542a",0,8.43,-4996.14371019758,3786.9759718565,"2020"
"2661","10-544a",1,8.5,-4994.90537975004,3786.03102826306,"2020"
"2671","10-545a4",0,7.31,-5002.52366014806,3785.89767312774,"2020"
"2681","10-547b",0,7.37,-4996.60673415196,3790.07662338541,"2020"
"272","10-551b",0,6.53,-5013.03971896067,3772.94116556241,"2020"
"2731","10-554a",0,6.75,-5015.30552705851,3768.16255445274,"2020"
"2781","10-562",0,8.32,-5020.5557408876,3749.35791482174,"2020"
"2791","10-563a",0,7.52,-5021.72576170327,3750.58380217823,"2020"
"2802","10-565",0,7.75,-5024.43029336021,3745.04458390504,"2020"
"2842","10-572",0,7.13,-5031.02695880605,3738.2799563897,"2020"
"2851","10-575",0,9.08,-5007.20691316065,3760.91166601593,"2020"
"287","10-576a",0,9.09,-5009.1587899002,3760.92142112133,"2020"
"2881","10-577a",0,8.81,-5012.43149327917,3758.17530120571,"2020"
"2891","10-582a",0,9.33,-5018.42306784705,3747.23642890904,"2020"
"2901","10-583",0,8.65,-5022.39521011644,3744.76787992341,"2020"
"2911","10-585",0,8.73,-5025.49288978673,3738.44887313843,"2020"
"297","10-607",0,4.81,-5042.82825420203,3730.96666785781,"2020"
"298","10-609",0,3.89,-5045.83221409372,3728.93031639163,"2020"
"299","10-612",0,3.41,-5048.33968332944,3724.17092734917,"2020"
"300","10-613",0,4.44,-5048.0842704018,3723.35357218458,"2020"
"308","10-633",0,6.6,-5040.73628155209,3723.49369086833,"2020"
"309","10-634",0,6.31,-5040.99136339762,3722.15925655598,"2020"
"310","10-635",0,5.97,-5042.09150196106,3721.68740473412,"2020"
"311","10-636",0,5.97,-5043.85422041399,3719.44759805476,"2020"
"312","10-637",0,5.89,-5042.71299816957,3716.98288657256,"2020"
"313","10-638",0,5.13,-5048.51278567275,3711.55995869158,"2020"
"3141","10-644",0,1.68,-5062.72684839516,3704.36179085093,"2020"
"3151","10-645",0,1.13,-5065.8492083648,3700.17093585123,"2020"
"3211","10-686",0,0.95,-5078.98767179537,3681.5908731954,"2020"
"322","10-686b",0,0.95,-5079.26148030434,3681.30646587775,"2020"
"326","10-690",0,0.93,-5081.58575773873,3679.38814848465,"2020"
"3271","10-691",0,0.93,-5082.09813834858,3678.82471314395,"2020"
"328","10-692",0,1.28,-5082.75859174531,3678.36422183866,"2020"
"329","10-699",0,1.23,-5070.49623290421,3688.18496865282,"2020"
"3301","10-700",0,1.23,-5070.84351671295,3688.06394791503,"2020"
"3311","10-702",0,1.04,-5072.90957919211,3686.21715630646,"2020"
"3321","10-705",0,1.24,-5073.52690313339,3685.76968022957,"2020"
"3331","10-707",0,1.24,-5074.08248359283,3685.46532802116,"2020"
"3341","10-708",0,0.92,-5074.55401229165,3685.19673424778,"2020"
"335","10-709a",0,0.92,-5075.19718312452,3684.47484674171,"2020"
"3361","10-710",0,0.92,-5075.14704326168,3684.85534130403,"2020"
"337","10-711",0,0.92,-5075.52382316678,3684.53856337085,"2020"
"3391","10-713",0,0.77,-5076.66239307936,3683.6374837061,"2020"
"340","10-714",0,0.77,-5076.88888392235,3683.66764909714,"2020"
"341","10-716",0,0.77,-5077.5761238413,3683.01671057796,"2020"
"3431","10-724",0,1.62,-5066.19213508786,3689.08905373719,"2020"
"3451","10-728",0,1.44,-5067.49929509705,3689.1715349438,"2020"
"3461","10-729",0,1.44,-5066.70559773281,3689.17390923402,"2020"
"3472","10-730",0,1.62,-5066.43414103988,3689.10425684074,"2020"
"3481","10-732",0,1.29,-5068.2839513863,3688.93741920238,"2020"
"349","10-733",0,1.23,-5068.26566491631,3689.26282506689,"2020"
"3501","10-734",0,1.29,-5068.68566672296,3688.81070376231,"2020"
"3521","10-741",0,1.29,-5069.20856048568,3688.61299624576,"2020"
"3531","10-744",0,1.23,-5070.03843197341,3688.50865752704,"2020"
"354","10-744a",0,1.23,-5070.25902750483,3687.92569505959,"2020"
"355","10-749",0,1.56,-5062.30148324937,3690.82142722457,"2020"
"356","10-752",0,1.56,-5062.36798072999,3690.12867392394,"2020"
"3571","10-755",0,1.62,-5064.82333288189,3689.89456150414,"2020"
"358","10-756",0,1.52,-5064.47874953148,3688.92103167007,"2020"
"359","10-757",0,1.52,-5065.00007296617,3688.80733419484,"2020"
"360","10-762",0,1.56,-5061.29831320309,3689.72462478195,"2020"
"361","10-762c",0,1.56,-5062.80270151429,3687.86940578406,"2020"
"362","10-763",0,1.56,-5061.72621935614,3689.52247822049,"2020"
"363","10-764",0,1.58,-5061.73778286622,3688.7486315767,"2020"
"364","10-765",0,1.58,-5061.25910607804,3688.48649037525,"2020"
"365","10-766",0,1.56,-5062.23509999643,3689.20601596284,"2020"
"3684","11-001",1,9.25,-4993.79784036737,3764.46258891215,"2020"
"3734","11-025",0,9.78,-4999.33833154809,3754.97455370121,"2020"
"3744","11-026",1,9.66,-4994.06411809338,3760.56426005796,"2020"
"3752","11-034",0,10.25,-4998.27930942754,3752.81344068132,"2020"
"3764","11-035",1,10.05,-4993.51801844106,3758.7881959638,"2020"
"377","11-036",0,10.06,-5004.41323024141,3744.11031371222,"2020"
"379","11-039",0,9.95,-5007.31548607367,3738.16783387272,"2020"
"380","11-040",0,10.19,-4999.77626138533,3747.16228545145,"2020"
"381","11-042",0,10.25,-5002.41013469978,3742.7883016554,"2020"
"382","11-046",1,9.64,-4997.41395463937,3748.57909812915,"2020"
"383","11-047",0,9.64,-4997.11782756546,3748.1552685363,"2020"
"384","11-050",1,9.9,-4998.64206597223,3744.81973675646,"2020"
"3871","11-054",1,9.85,-4998.01144818352,3743.64923152975,"2020"
"3884","11-055",0,9.38,-4989.29027266235,3754.24263284637,"2020"
"390","11-058",0,9.61,-4994.69196787493,3746.75351542884,"2020"
"3911","11-059",1,9.98,-4996.76627456401,3743.93391909463,"2020"
"3921","11-060",1,9.47,-4991.20327762568,3750.88762700973,"2020"
"3934","11-061",1,9.38,-4988.75999178231,3753.84361755994,"2020"
"3943","11-062",1,9.38,-4987.76371652512,3754.96040769359,"2020"
"3962","11-073",0,4.92,-5055.01051913893,3671.90064074814,"2020"
"3971","11-074",0,4.73,-5054.18487248922,3672.57584945456,"2020"
"3981","11-075",0,4.73,-5053.08169968704,3674.0777759156,"2020"
"3991","11-076",0,5.02,-5052.93553665951,3673.76173501885,"2020"
"4001","11-077",0,5.02,-5051.52643133593,3675.21369304462,"2020"
"4011","11-081",0,5.02,-5050.69535914307,3675.39492584674,"2020"
"4021","11-082",0,4.88,-5050.26656286138,3675.70013312854,"2020"
"4031","11-083",0,4.88,-5050.94769555169,3674.57261754553,"2020"
"4041","11-087b",0,4.88,-5050.44052421619,3674.87836283701,"2020"
"4051","11-088",0,4.88,-5050.29198489556,3674.6447714927,"2020"
"4061","11-089b",0,4.88,-5050.03778631852,3674.65932538547,"2020"
"4072","11-091",0,4.88,-5049.99647316406,3674.42557525438,"2020"
"4081","11-094",0,5.5,-5050.10538395343,3673.8405463927,"2020"
"4091","11-095",0,5.5,-5050.32373940123,3673.37614833281,"2020"
"4101","11-096",0,5.5,-5050.58472992226,3672.8256626137,"2020"
"4111","11-097",0,5.5,-5050.41570854227,3672.82403516689,"2020"
"4121","11-102",0,5.75,-5049.36748117036,3672.92734577426,"2020"
"413","11-107",0,6.07,-5052.3631655034,3668.3417241298,"2020"
"414","11-108",0,6.5,-5044.81789411039,3678.61770676052,"2020"
"4151","11-109a",0,6.5,-5046.05479111324,3676.38767945828,"2020"
"4161","11-109b",0,6.5,-5047.59966355928,3674.62072291343,"2020"
"4171","11-110",0,6.86,-5041.85211771301,3682.22925072063,"2020"
"4181","11-112",0,4.63,-5058.88995585958,3675.77660212121,"2020"
"4192","11-113",0,4.75,-5059.98350831775,3673.95685584499,"2020"
"4202","11-114",0,4.75,-5060.14171253999,3673.38848790355,"2020"
"4212","11-115",0,4.87,-5060.75650674307,3672.32859075765,"2020"
"4222","11-116",0,4.87,-5060.96784487413,3671.51710346167,"2020"
"4232","11-117",0,5.17,-5060.58655482063,3670.79618590552,"2020"
"4252","11-119",0,5.29,-5060.77197935008,3668.98518387364,"2020"
"4262","11-120",0,5.38,-5060.19040961439,3668.34973150745,"2020"
"4302","11-125",0,5.01,-5059.21667645962,3666.88535851904,"2020"
"4311","11-126a",0,4.92,-5055.77350887775,3671.54788388821,"2020"
"4322","11-126b",0,4.92,-5056.04589755125,3670.96212401151,"2020"
"4341","11-128",0,4.92,-5056.88803770835,3669.43103785323,"2020"
"4352","11-129",0,4.92,-5057.57401645151,3668.59656721116,"2020"
"436","11-130",0,5.42,-5054.56949117706,3667.20809406342,"2020"
"437","11-131",0,6.21,-5055.35665320077,3663.51273096614,"2020"
"4403","11-136",1,8.35,-4980.24780284359,3761.06887036959,"2020"
"4411","11-137",1,8.18,-4977.19223321112,3763.20300098754,"2020"
"4423","11-138",0,8.39,-4981.19438029307,3754.96175298383,"2020"
"4433","11-139",0,7.96,-4979.34099993824,3756.29170063293,"2020"
"448","11-144",1,7.27,-4972.94861793516,3763.96734175533,"2020"
"4501","11-147",0,7.41,-4973.93761088124,3761.73736259773,"2020"
"453","11-154",1,9.48,-4990.99641955913,3749.82337456396,"2020"
"454","11-155",0,10.01,-4997.04115025128,3741.2711256178,"2020"
"456","11-158",1,9.94,-4999.69548500718,3735.9140858139,"2020"
"457","11-159",1,10.03,-4996.03750301413,3740.43451506511,"2020"
"4583","11-161",1,9.08,-4984.83863858405,3754.98215344243,"2020"
"459","11-162",1,10.15,-5003.11036714711,3730.45105911248,"2020"
"4693","11-181",1,9.34,-4991.81727579185,3733.33266366776,"2020"
"4751","11-186",1,9.27,-4995.27760088692,3727.43488969698,"2020"
"4761","11-187",1,9.27,-4994.94584337484,3727.49583404957,"2020"
"4772","11-188",1,9.27,-4996.01533662666,3726.13600321793,"2020"
"4814","11-191",1,9.27,-4994.07172864604,3727.89343147333,"2020"
"4852","11-197",0,7.21,-5042.15015430779,3680.92958530301,"2020"
"4862","11-201",0,7.21,-5041.6794652722,3680.92765460762,"2020"
"4871","11-202",0,7.21,-5042.48947562104,3679.97119333927,"2020"
"4882","11-203",0,7.21,-5040.81798148638,3681.76633566574,"2020"
"4892","11-204",0,7.22,-5041.21056196934,3680.83026736098,"2020"
"4902","11-208a",0,7.22,-5040.85178010513,3681.00466711958,"2020"
"491","11-208b",0,7.22,-5040.95065857497,3680.66518347684,"2020"
"4921","11-210a",0,7.22,-5041.10248828915,3680.24918797946,"2020"
"493","11-210b",0,7.22,-5041.4707050522,3679.65574489467,"2020"
"4942","11-212",0,7.22,-5039.8319548384,3681.13261404439,"2020"
"4952","11-215",0,7.47,-5040.70826909503,3678.4984287269,"2020"
"4982","11-223",0,7.69,-5039.15030776487,3675.30733173325,"2020"
"4992","11-224",0,7.69,-5037.29959268468,3677.384478243,"2020"
"5002","11-225",0,7.69,-5037.12539967767,3677.24289180596,"2020"
"5022","11-227",0,7.33,-5036.51565555599,3677.40444667444,"2020"
"5032","11-228",0,8.04,-5043.31059708549,3668.33674973067,"2020"
"5042","11-229a",0,7.33,-5035.6241148212,3677.96038480917,"2020"
"5052","11-229b",0,7.4,-5034.43055220047,3678.88179846504,"2020"
"5082","11-232",0,7.16,-5033.66293693165,3678.92964513571,"2020"
"5092","11-236",0,7.16,-5032.880243676,3678.939533922,"2020"
"5122","11-238",0,6.75,-5033.56085319282,3676.86053774337,"2020"
"5132","11-239",0,6.68,-5034.03633638218,3675.17891034904,"2020"
"5152","11-241",0,6.68,-5034.57465218475,3673.41426009491,"2020"
"5162","11-242",0,7.1,-5035.62893567873,3671.42427930745,"2020"
"5181","11-244a",0,8.36,-5048.66978454627,3665.60464948815,"2020"
"5191","11-244b",0,9.12,-5050.22662788715,3659.74173803269,"2020"
"5202","11-244c",0,8.11,-5045.46411937414,3666.0624615221,"2020"
"523","11-283",0,7.47,-5041.57127381641,3677.24372380313,"2020"
"524","11-290",0,5.75,-5050.23555271229,3671.44920328298,"2020"
"5253","12-001",1,9.05,-4995.93154197506,3723.85219884029,"2020"
"5271","12-003a",1,7.55,-5006.10107795292,3707.3826019952,"2020"
"528","12-003b",0,7.91,-4997.72503030461,3718.18933138026,"2020"
"5294","12-004",1,8.81,-4992.02629778637,3726.36659151575,"2020"
"5301","12-005",1,8.19,-4988.82941016427,3729.60666711083,"2020"
"5314","12-006",1,8.41,-4991.92872762557,3724.93598812776,"2020"
"5324","12-007",1,7.91,-4998.42177718431,3716.21854506869,"2020"
"533","12-009",1,7.99,-4981.25794806983,3735.59807257548,"2020"
"5343","12-010",1,7.18,-4990.88531590243,3722.80216780477,"2020"
"5352","12-011",1,7.56,-4985.81547332392,3729.1400611955,"2020"
"5362","12-012",0,7.37,-4987.67370376854,3726.24808495805,"2020"
"5372","12-013",1,7.18,-4990.28567348709,3722.95272475591,"2020"
"5383","12-014",1,7.24,-4991.35037352322,3720.53466716358,"2020"
"5393","12-016a",1,6.3,-4999.26865330509,3708.29855089424,"2020"
"5421","12-018",1,7.86,-4983.95318138785,3728.84847632588,"2020"
"5462","12-027a",1,5.54,-4998.94212584645,3702.25204958741,"2020"
"5481","12-028",0,7.1,-5035.7878500132,3671.14789879465,"2020"
"5492","12-029",0,7.1,-5035.96124262815,3670.85731068629,"2020"
"5512","12-031",0,7.17,-5036.61450668619,3669.65150273619,"2020"
"5522","12-032",0,7.57,-5038.35849387451,3666.55699464527,"2020"
"5532","12-033",0,6.11,-5031.245344312,3675.84924154825,"2020"
"5542","12-034",0,6.45,-5032.69090641356,3673.68917166262,"2020"
"5552","12-035",0,6.45,-5034.12016834913,3671.40439707852,"2020"
"5562","12-036",0,6.11,-5030.11383285105,3677.09003144245,"2020"
"5573","12-037",0,7.82,-5038.19544204509,3664.49514741798,"2020"
"5582","12-038a",0,7.13,-5034.79078656237,3670.19508161459,"2020"
"5602","12-038c",0,7.13,-5035.7175712544,3668.64496267183,"2020"
"5612","12-039",0,5.88,-5028.96231781926,3678.27888492524,"2020"
"5622","12-040",0,5.88,-5028.17596752381,3678.53426477121,"2020"
"5632","12-042",0,5.88,-5027.25415566266,3678.89382928287,"2020"
"5642","12-043a",0,5.73,-5027.0601546596,3678.17635051084,"2020"
"5652","12-043b",0,5.73,-5026.78005969496,3677.58294538443,"2020"
"5662","12-046",0,5.71,-5025.90375220229,3677.71031598961,"2020"
"5672","12-048",0,5.58,-5023.9019410192,3679.55409682555,"2020"
"5682","12-051",0,5.59,-5024.51128265191,3678.15240610131,"2020"
"569","12-052a",0,6.77,-5028.01170139483,3672.81526337056,"2020"
"5712","12-053",0,5.91,-5025.83836734416,3675.77207943772,"2020"
"5753","12-056",0,7.73,-5031.39441729689,3666.26667175731,"2020"
"5762","12-058",0,6.43,-5024.09328175677,3673.4402718287,"2020"
"5772","12-059",0,4.75,-5021.34124916555,3676.24680748031,"2020"
"5782","12-061",0,4.75,-5018.75723291045,3678.95357850821,"2020"
"5791","12-062",0,3.71,-5017.59114793911,3679.43840494079,"2020"
"5802","12-068",0,4.85,-5017.37181521731,3678.71660546397,"2020"
"5812","12-069",0,4.98,-5017.55424591515,3677.3096547861,"2020"
"5832","12-071",0,4.98,-5017.65967405039,3676.22237624284,"2020"
"5841","12-072",1,6.63,-4992.50896930706,3709.10014578483,"2020"
"5911","12-085",0,6.4,-4993.81980647287,3697.69228343337,"2020"
"5923","12-086",0,6.4,-4992.35372602376,3698.70478711785,"2020"
"5933","12-088",0,7.03,-4988.86717978679,3703.3333570573,"2020"
"5942","12-089",0,6.4,-4993.5984968513,3696.82218986754,"2020"
"5952","12-094",0,5.16,-5018.20418103168,3673.61551801227,"2020"
"5972","12-098",0,5.24,-5017.32554297679,3672.86753146351,"2020"
"5981","12-100",0,4.47,-5011.54561767193,3679.43191552245,"2020"
"5992","12-101",0,6.18,-5018.03294798149,3671.19581039167,"2020"
"6012","12-104",0,5.95,-5018.93914595381,3668.50680295671,"2020"
"6032","12-107",0,5.88,-5018.5118938454,3667.02589038947,"2020"
"604","12-108",0,5.88,-5016.31745696298,3669.56347481928,"2020"
"6052","12-110",0,5.65,-5015.93168907937,3669.69347274661,"2020"
"6062","12-111",0,5.65,-5015.44033489134,3669.68462827525,"2020"
"6074","12-112",0,4.8,-5002.96688535488,3687.15753291782,"2020"
"6081","12-113",0,4.56,-5013.96352445177,3670.69565719201,"2020"
"6092","12-114",0,5.89,-5015.08321291794,3668.68719920509,"2020"
"6104","12-115",0,5,-5001.78250053964,3686.28464818893,"2020"
"6112","12-116",0,5.89,-5013.58814265753,3669.06127006698,"2020"
"6123","12-118",0,5.77,-5015.34615546331,3665.30485343861,"2020"
"6152","12-127",0,5.36,-5012.78390596432,3666.13426707155,"2020"
"6163","12-129",0,4.8,-4998.85949380221,3685.37149115918,"2020"
"6203","12-134",0,5.52,-5012.06776996237,3665.36467874954,"2020"
"6232","12-137",0,5.67,-5011.90538144344,3664.32003743192,"2020"
"6253","12-143",0,6.07,-5012.7245364021,3661.75483609469,"2020"
"6273","13-002",0,6.03,-5012.35008479419,3661.24182487351,"2020"
"6284","13-005",0,6.03,-5013.04280398838,3659.59646939476,"2020"
"6292","13-006",1,4.51,-4997.3920658162,3680.86421483631,"2020"
"6342","13-014",0,4.31,-5001.36330483911,3674.24639310749,"2020"
"6351","13-015",0,6.25,-5014.09985644908,3656.62346353515,"2020"
"6392","13-022",0,4.67,-4998.0164891025,3677.06970993004,"2020"
"6401","13-024",0,5.12,-4996.1718529712,3677.83342097555,"2020"
"6412","13-026",1,4.98,-4996.97719783429,3676.16557198787,"2020"
"6433","13-028",0,6.75,-5016.11170287364,3651.11117042256,"2020"
"6462","13-032",0,5.79,-4998.46498921387,3672.4717751399,"2020"
"6482","13-036",0,5.99,-5000.64454616192,3668.0394836053,"2020"
"6493","13-040",0,5.71,-5012.8052712385,3650.0424217094,"2020"
"6502","13-041",0,6.14,-4996.93338585781,3671.47754594202,"2020"
"6531","13-050a",0,6.82,-5013.79634913542,3646.29748535407,"2020"
"6553","13-052",0,5.83,-4998.3505218977,3667.49525218342,"2020"
"6573","13-055",0,6.03,-5001.58775741822,3662.75458075608,"2020"
"6583","13-056",0,6.05,-5011.98520611898,3646.93772536423,"2020"
"6602","13-060",0,6.2,-4997.67706140537,3664.36044968702,"2020"
"6613","13-061a",0,6.03,-5012.28817268085,3645.01488528186,"2020"
"6622","13-061b",0,6.03,-5011.88276643537,3644.56707826507,"2020"
"6632","13-061c",0,6.03,-5011.61605874776,3644.16493013775,"2020"
"6642","13-063",0,6.18,-5001.67783767384,3658.6230593144,"2020"
"6662","13-072",0,6.92,-4995.45408339748,3664.35289901198,"2020"
"6672","13-074",0,7.68,-5015.63875480217,3637.03864278723,"2020"
"6693","13-076",0,6.8,-4998.42702272998,3658.3503560936,"2020"
"6713","13-078",0,6.71,-5003.79375193651,3646.15467274939,"2020"
"6722","13-079c",0,6.71,-5003.72639120312,3647.72777839431,"2020"
"6752","13-087",0,7.06,-4996.02277109697,3651.45854826935,"2020"
"6763","13-088",0,6.49,-5001.03107913261,3645.47724207356,"2020"
"6771","13-089",0,6.27,-5003.0815126744,3641.93057402071,"2020"
"6792","13-093b",0,5.97,-5003.87204437487,3640.63887193255,"2020"
"6802","13-093c",0,5.97,-5004.83887292321,3638.97214578345,"2020"
"6833","13-108",0,5.45,-4999.92239596011,3639.32735004241,"2020"
"6862","13-116",0,7.37,-5016.64225687346,3632.81914786004,"2020"
"6871","13-117a",0,7.48,-5016.19680494921,3631.22805603091,"2020"
"6882","13-117b",0,7.11,-5015.78895415487,3631.40099313294,"2020"
"6892","13-118a",0,7.74,-5015.77772303882,3630.29566070978,"2020"
"6902","13-119",0,7.85,-5018.63333216328,3624.07354529301,"2020"
"6912","13-120",0,7.42,-5021.84472431411,3616.89451385309,"2020"
"6922","13-121",0,7.39,-5022.79062413926,3613.62184015974,"2020"
"6932","13-122",0,5.39,-5005.97643209397,3633.34077054332,"2020"
"694","13-124",0,6.23,-5009.31933218421,3628.97047657064,"2020"
"6952","13-125",0,7.26,-5023.73560413759,3608.41873223852,"2020"
"6962","13-127",0,6.78,-5025.38154862391,3603.57690429256,"2020"
"6972","13-129",0,5.8,-5027.49506970691,3599.19001306792,"2020"
"6982","13-130",0,6.3,-5030.32540458297,3594.08252505593,"2020"
"6992","13-131",0,6.76,-5038.15080390169,3583.8181606521,"2020"
"7002","13-133",0,6.21,-5034.2722446021,3588.26024374017,"2020"
"7023","14-003",1,5.18,-4999.65754439449,3635.1314847151,"2020"
"7033","14-006",1,4.87,-4990.55514881003,3645.1281617158,"2020"
"7043","14-008",1,4.79,-4993.80989436511,3640.04842703847,"2020"
"7073","14-016",0,6.41,-5008.54640525746,3624.250768768,"2020"
"7083","14-017",1,5.22,-5014.78887532393,3611.45975554527,"2020"
"7092","14-018",1,4.89,-5019.16723287705,3603.98059846369,"2020"
"7123","14-022",1,4.14,-4998.29620555891,3631.6109808173,"2020"
"7171","14-026e",1,4.28,-5011.28517813701,3612.06268716074,"2020"
"7191","14-028",0,6.35,-5043.49003028029,3566.35840060299,"2020"
"7252","14-034",0,6.52,-5046.68083151101,3566.93763743006,"2020"
"7263","14-038",1,5.25,-5031.55743419683,3585.71500836074,"2020"
"7273","14-039",0,6.47,-5038.24597700076,3573.45923499055,"2020"
"7312","14-045",0,5.31,-5052.66051531624,3552.13164581834,"2020"
"7322","14-047",0,5.71,-5054.64905383984,3548.73647292841,"2020"
"7342","14-049",0,6.11,-5056.19296745844,3545.86359396889,"2020"
"7362","14-051",0,6.32,-5042.33805673348,3564.93356886273,"2020"
"7383","14-053",0,5.16,-5043.8790171666,3559.38472217061,"2020"
"7403","14-055",0,5.58,-5040.61316846134,3563.64361200031,"2020"
"7413","14-061",0,4.78,-5040.75707192964,3561.40424741697,"2020"
"742","14-062",0,3.78,-5053.02817169491,3543.25473045591,"2020"
"7434","14-063",0,3.72,-5051.31498534088,3543.54259935059,"2020"
"7443","14-064",0,4.02,-5047.51323971332,3548.65753612592,"2020"
"7452","14-065",1,3.95,-5042.59758403367,3555.67275900067,"2020"
"7522","14-073",0,6.72,-5058.77034808375,3541.84782141894,"2020"
"7532","14-074",0,6.28,-5062.02900511006,3535.55394262425,"2020"
"7542","14-075",0,7.39,-5067.53467771879,3526.62606086383,"2020"
"7552","14-077a",0,6.8,-5071.41788637216,3519.86447191763,"2020"
"7562","14-078",0,7.39,-5073.23333671465,3515.81803650025,"2020"
"7572","14-079",0,7.44,-5076.92455315133,3508.7098490829,"2020"
"758","14-080",0,3.81,-5056.78286000047,3538.41968953549,"2020"
"7592","14-081",0,3.81,-5057.05186875371,3536.38153860927,"2020"
"7603","14-082",0,3.62,-5060.57519154063,3530.30536431414,"2020"
"762","14-084",0,3.59,-5056.58774214137,3534.87400569472,"2020"
"7634","14-085",0,7.44,-5078.91712149357,3502.40157643041,"2020"
"7644","14-086",0,7.76,-5083.19183255501,3496.19460600076,"2020"
"7651","14-087",0,3.61,-5054.77797349497,3536.00220430221,"2020"
"7663","14-088",0,4.12,-5067.27341593179,3519.03801246688,"2020"
"7674","14-089",0,7.61,-5085.70423063246,3490.08351485802,"2020"
"7682","14-090",0,3.62,-5050.70782744839,3540.77104627264,"2020"
"7712","14-094",1,4.27,-5050.4873141537,3539.82402013248,"2020"
"7721","14-096",1,5.36,-5042.7794634389,3549.90896236335,"2020"
"7732","14-097",1,4.27,-5051.08693376777,3538.07830786077,"2020"
"774","14-098a",1,4.94,-5046.8132250108,3544.11008749981,"2020"
"7751","14-099",1,5.36,-5043.46013858155,3548.52433982428,"2020"
"7761","14-101",1,5.17,-5045.50411803456,3545.3560240668,"2020"
"7771","14-102",1,6.09,-5044.30545955884,3546.6110876613,"2020"
"7851","14-109",0,3.96,-5062.2218323208,3523.75720820698,"2020"
"7871","14-114",0,6.68,-5079.19867975141,3492.14126564019,"2020"
"7882","14-115",0,4.57,-5064.29486249813,3513.226354481,"2020"
"7892","14-116a",0,5.3,-5076.52727460166,3495.52752848125,"2020"
"7903","14-116b",0,5.98,-5077.7473784966,3493.75491875371,"2020"
"7912","14-116c",0,5.98,-5077.28339316207,3493.43567265423,"2020"
"7923","14-116d",0,5.3,-5075.89104627972,3495.18112071954,"2020"
"7932","14-118",0,5.06,-5071.09351642439,3500.92562186923,"2020"
"7953","14-120a",1,5.12,-5058.99200093779,3517.40040824235,"2020"
"7972","14-120c",1,5.12,-5058.377469055,3518.2841099054,"2020"
"7981","14-120d",1,5.12,-5059.6844372056,3516.83252665745,"2020"
"7992","14-120e",1,5.16,-5060.51323793808,3516.6330458393,"2020"
"8002","14-120f",1,5.12,-5059.22405848388,3517.56175249971,"2020"
"8011","14-120h",1,5.12,-5058.95164286736,3518.06788739967,"2020"
"802","14-120j",1,5.16,-5059.81016055341,3515.56108767213,"2020"
"8051","14-123",0,4.94,-5068.36094413021,3502.2370126032,"2020"
"8081","14-126",0,5.27,-5067.13438450573,3502.83912878088,"2020"
"8132","14-132b",0,5.4,-5076.55609696889,3485.19975700696,"2020"
"8142","14-133",1,4.91,-5074.10190988671,3486.03051832294,"2020"
"8163","14-135",1,4.49,-5071.80391398458,3488.36205102526,"2020"
"8174","14-137",0,7.72,-5087.59774984132,3484.85581627135,"2020"
"8183","14-138",0,8.11,-5088.26697074381,3481.40152856799,"2020"
"8193","14-139",0,7.87,-5088.9300931385,3477.9448464179,"2020"
"8213","14-143",0,6.57,-5078.32433073182,3488.93142338726,"2020"
"8232","14-146",0,8.27,-5087.70952009698,3470.84279964723,"2020"
"8243","14-147a",0,5.93,-5077.06306406062,3486.75952274253,"2020"
"8253","14-147b",0,5.93,-5077.29743926074,3486.92048390268,"2020"
"8282","14-151",0,7.78,-5085.02896401909,3470.07195915038,"2020"
"8292","14-152",0,7.78,-5084.18617172338,3470.79874053706,"2020"
"8301","14-153a",0,7.63,-5084.32028237062,3469.56441673225,"2020"
"8324","14-154",0,7.63,-5083.97488349355,3468.05291853908,"2020"
"8334","15-002",1,3.44,-5067.47411843448,3490.59710736111,"2020"
"8382","15-009",0,2.13,-5067.4237766155,3483.2267474833,"2020"
"8394","15-012",1,0.49,-5057.492742951,3485.02454641787,"2020"
"8403","15-013",1,0.49,-5055.42231220156,3484.89865759571,"2020"
"8422","15-017a",0,7.4,-5082.68119142811,3467.69807265837,"2020"
"8433","15-018",0,3.78,-5072.2372858227,3482.14333451283,"2020"
"8444","15-019",1,5.04,-5074.66752990468,3478.60068802288,"2020"
"8463","15-021a",0,8.01,-5083.28796130798,3464.70873789552,"2020"
"8472","15-022",0,6.15,-5077.55019974099,3471.93330550933,"2020"
"8484","15-024",0,3.31,-5073.12441017293,3476.2422327105,"2020"
"8493","15-026",0,6.61,-5081.41463386476,3460.77477338389,"2020"
"8514","15-028",0,2.48,-5070.23004820178,3476.86093025732,"2020"
"8542","15-031",1,2.48,-5070.47979369298,3474.43006987876,"2020"
"8554","15-032",0,6.11,-5080.04020772245,3458.87626215329,"2020"
"8562","15-033",1,2.3,-5069.24196352665,3474.12160313855,"2020"
"8572","15-034",0,6.91,-5080.02353029101,3457.10088462795,"2020"
"8581","15-035",0,2.75,-5072.42136314774,3467.96054784866,"2020"
"8591","15-036",0,2.75,-5072.78362633554,3466.90981155253,"2020"
"8603","15-038",0,6.83,-5079.8871917807,3454.66104144588,"2020"
"8613","15-039",0,1.27,-5067.81648808545,3472.60510075067,"2020"
"8623","15-043",1,0.94,-5061.84581823279,3477.7829903892,"2020"
"8643","15-046",0,6.69,-5079.25981395788,3451.97376351038,"2020"
"8672","15-049",0,0.79,-5060.06424077292,3477.33069971998,"2020"
"8683","15-050",0,7.43,-5078.14432538158,3450.66605638079,"2020"
"8813","15-071a",1,0.8,-5061.4337216371,3473.89169763072,"2020"
"8821","15-071b",0,0.8,-5062.31508024584,3472.93804757832,"2020"
"8832","15-075a",0,6.03,-5076.05053822238,3450.17203056134,"2020"
"8863","15-078",0,0.81,-5059.87561067654,3474.04750753025,"2020"
"8873","15-080",0,6.83,-5075.29491884278,3448.62911125237,"2020"
"8881","15-081",0,0.97,-5057.82756621124,3474.18945577584,"2020"
"8913","15-085",0,6.83,-5074.33549481298,3447.85472615458,"2020"
"8923","15-086",1,1.11,-5054.86856341888,3474.11491187169,"2020"
"8933","15-087",0,4.95,-5072.14757163177,3447.27433565055,"2020"
"8942","15-088",0,4.95,-5070.27510602351,3448.48954939097,"2020"
"8954","15-089",1,2.04,-5057.47576994163,3465.51936063832,"2020"
"8963","15-090",0,4.92,-5070.26537274273,3446.12744981435,"2020"
"8982","15-092",0,6.08,-5070.66877316084,3443.50810117328,"2020"
"8994","15-093",1,2.44,-5054.36929516616,3464.68658371732,"2020"
"9003","15-094",0,4.91,-5067.99762572111,3444.94911994471,"2020"
"9014","15-095",1,2.45,-5059.05082430678,3456.2278251502,"2020"
"9022","15-096",0,5.62,-5067.72279578399,3441.33391258279,"2020"
"9033","15-098",1,2.77,-5058.04185289741,3454.22093791839,"2020"
"9042","15-099a",0,5.64,-5067.3987591028,3439.63726488039,"2020"
"9051","15-099b",0,7.57,-5067.81108963928,3437.49862616588,"2020"
"9061","15-099c",0,7.74,-5067.92700093428,3435.45524285772,"2020"
"9081","15-099e",0,7.57,-5067.94625400322,3436.62681617589,"2020"
"9131","16-006",0,4.59,-5039.46533949058,3463.52856936469,"2020"
"9173","16-015",1,2.8,-5055.07532911572,3454.72051792376,"2020"
"9193","16-019",0,6.34,-5064.80798928208,3436.87394375279,"2020"
"9213","16-020a",0,3.94,-5055.45795921201,3449.8824672974,"2020"
"9234","16-023",1,4.61,-5054.35102615539,3447.8448909122,"2020"
"9241","16-024",0,5.87,-5059.34758986647,3439.27818825476,"2020"
"9252","16-025",0,7.4,-5064.94310798036,3430.55699166346,"2020"
"9263","16-026",0,7.07,-5057.45466478141,3435.82750774323,"2020"
"927","16-027",1,7.08,-5054.08044202503,3439.27654620155,"2020"
"9281","16-028",1,5.54,-5040.76677563227,3456.6567777237,"2020"
"9294","16-029",1,7.38,-5052.62359439982,3437.62771736309,"2020"
"9302","16-030",0,8.19,-5065.97695734078,3417.46271536904,"2020"
"9312","16-032",0,7.62,-5064.62518290627,3417.383057112,"2020"
"9352","16-043a",0,5.92,-5056.60411630113,3419.36217121952,"2020"
"936","16-044a",0,6.75,-5058.82299898296,3415.71142895376,"2020"
"9372","16-044b",0,6.3,-5059.78410646083,3413.78700731275,"2020"
"9383","16-046",0,5.79,-5056.24268526274,3418.18780053718,"2020"
"9391","16-047",1,6.31,-5039.09549114441,3440.01688635677,"2020"
"9404","16-049",0,5.42,-5056.57207399525,3411.98449843443,"2020"
"9431","16-054a",1,4.88,-5052.64335997938,3408.87720501918,"2020"
"9452","16-057",0,7.59,-5064.29434866722,3414.86384965195,"2020"
"9472","16-060",0,7.51,-5063.27771086135,3412.78385029166,"2020"
"9482","16-063",0,7.64,-5074.13187730215,3390.42652639864,"2020"
"9493","16-064",0,6.89,-5062.00136385939,3407.93923538139,"2020"
"9501","16-065",0,7.51,-5074.55846195,3387.5573749979,"2020"
"9512","16-067",1,7.21,-5072.81656954013,3386.65234528434,"2020"
"9523","16-068",1,6.23,-5067.2554720215,3394.19279469976,"2020"
"9534","16-071",0,5.6,-5066.96184771837,3390.75388512166,"2020"
"9554","16-073",0,5.51,-5067.98395804743,3386.31861808499,"2020"
"9562","16-074",1,5.51,-5065.08080041431,3389.49510942016,"2020"
"9594","17-001a",1,5.24,-5063.51269632679,3387.16716393405,"2020"
"9614","17-004",1,4.76,-5059.7923717898,3389.79498262079,"2020"
"9621","17-005",1,5.66,-5072.60505775766,3368.8881450295,"2020"
"9633","17-006",1,5.2,-5068.4269121254,3374.86757993055,"2020"
"9642","17-008",1,5.67,-5075.26732857388,3363.24984384086,"2020"
"9664","17-010",1,4.82,-5063.0216132428,3377.89341435101,"2020"
"9674","17-011",1,5.32,-5067.45952071956,3370.63858123623,"2020"
"9712","17-014",1,5.31,-5073.35680382064,3360.05329197591,"2020"
"9722","17-016a",1,5.53,-5069.25960909622,3362.69308940922,"2020"
"9744","17-017",1,5.23,-5064.12637127344,3369.69580889354,"2020"
"9762","17-018a",1,5.37,-5063.00890693758,3365.75504832342,"2020"
"9771","17-021a",1,5.61,-5065.43190127318,3358.48556592965,"2020"
"9783","17-023",1,5.61,-5065.0834485211,3357.73214173956,"2020"
"9794","17-024",1,5.37,-5060.62971072685,3363.54774988406,"2020"
"9834","17-034",1,5.45,-5058.9285359975,3363.68944887843,"2020"
"9844","17-035",1,5.94,-5067.13241099047,3351.31821382509,"2020"
"9854","17-037",1,5.67,-5060.79585686279,3356.02291889378,"2020"
"9864","17-042",1,5.72,-5060.56322608472,3353.32544560653,"2020"
"9904","17-044",1,5.46,-5054.18768910753,3359.26605994408,"2020"
"9924","17-047",1,5.55,-5055.70537995529,3353.91714738087,"2020"
"9944","17-051",1,5.63,-5056.36188406964,3348.00155415195,"2020"
"9982","17-057",1,5.87,-5069.12298115725,3345.23085130936,"2020"
"9993","17-059a",1,5.97,-5063.52888107258,3346.39621967267,"2020"
"10022","17-060",1,5.87,-5060.062981284,3349.18262605271,"2020"
"10031","17-061",1,5.91,-5060.26140264554,3348.24235427054,"2020"
"10043","17-062",1,5.96,-5067.66565506833,3335.59654513017,"2020"
"10054","17-063a",1,5.91,-5059.81707101564,3346.47996802658,"2020"
"10063","17-064",1,5.46,-5060.43347888016,3343.08043232219,"2020"
"10072","17-065",1,5.99,-5069.41854092972,3326.55858301087,"2020"
"10084","17-066",1,5.89,-5061.05774337754,3338.42073800073,"2020"
"10092","17-067",1,5.62,-5059.39168715044,3336.00892166661,"2020"
"10103","17-068",1,5.95,-5071.5423066342,3318.72391243875,"2020"
"10114","17-069",1,5.46,-5068.36883311863,3320.43860864205,"2020"
"10223","18-017",1,5.03,-5068.3757198051,3317.91656132238,"2020"
"10234","18-018",1,6.01,-5054.72887319321,3338.04532555109,"2020"
"10243","18-019",1,5.38,-5071.94475777788,3311.23945477853,"2020"
"10274","18-023",1,6.49,-5075.88004356909,3300.0947693722,"2020"
"10284","18-024",1,4.92,-5059.40052581656,3319.61462497585,"2020"
"10291","18-025",1,5.28,-5068.21353901285,3304.16999219595,"2020"
"10304","18-026",1,5.29,-5057.35626363823,3317.0096652324,"2020"
"10314","18-027",1,5.27,-5061.68182318539,3308.48763063027,"2020"
"10332","18-029",1,5.25,-5052.98324289135,3317.92641253618,"2020"
"10344","18-030",0,5.4,-5068.54789936684,3292.81070898235,"2020"
"10354","18-031",1,5.01,-5067.36752875638,3292.04387456274,"2020"
"10364","18-032",1,5.11,-5060.16589009863,3302.45799762912,"2020"
"10373","18-033",1,6.55,-5077.11581358151,3293.72952741617,"2020"
"10403","18-037",1,7.14,-5082.96020776708,3275.1489484046,"2020"
"10413","18-039",1,6.91,-5095.4125172516,3252.39090685325,"2020"
"10432","18-042",1,6.52,-5072.40325927654,3286.75044631518,"2020"
"10442","18-043",0,4.6,-5069.07343077649,3287.15992170761,"2020"
"10452","18-044",1,6,-5073.08643996914,3281.74204938741,"2020"
"10474","18-048",0,6.36,-5035.79672136734,3334.3846101382,"2020"
"10484","18-049a",0,6.36,-5034.61504977248,3333.60218229249,"2020"
"10493","18-049b",0,6.86,-5033.43098351085,3332.8181688506,"2020"
"10504","18-049c",0,7.49,-5032.83798593191,3332.42552353339,"2020"
"10524","18-049e",1,6.36,-5035.49218032563,3332.91956767135,"2020"
"10544","18-052a",1,6.93,-5036.60819456713,3326.07877935227,"2020"
"10563","18-053",1,6.81,-5033.59767698953,3330.20064840386,"2020"
"10613","18-054e",1,6.91,-5039.16253344391,3317.67037543518,"2020"
"10623","18-054f",1,6.93,-5038.03724949616,3321.97273750886,"2020"
"10632","18-054g",1,6.93,-5037.47196466435,3324.12401704744,"2020"
"10643","18-058",1,7.49,-5033.05026699396,3324.9902271623,"2020"
"10673","18-062",1,7.49,-5031.59052014624,3326.5498490682,"2020"
"10694","18-065",1,8.18,-5030.3760667824,3324.48611408863,"2020"
"10703","18-066",1,9.6,-5031.68129024408,3314.00314037718,"2020"
"10723","18-069a",1,5.23,-5074.64591937347,3277.35717115493,"2020"
"10732","18-069b",1,5.23,-5073.66650318289,3277.29901847583,"2020"
"10743","18-070",1,6.68,-5092.43462338194,3251.17354007622,"2020"
"10752","18-071",1,6.28,-5089.21366533254,3254.36791799051,"2020"
"1076","18-072",1,5.87,-5078.93818534083,3269.16459624959,"2020"
"10773","18-074",1,5.88,-5092.92420416701,3245.79970871532,"2020"
"10784","18-075",1,4.23,-5066.06253658906,3283.65722887885,"2020"
"10792","18-077",1,5.85,-5087.63322144903,3250.42969324689,"2020"
"10804","18-078",1,4.07,-5066.83472949361,3277.88163606625,"2020"
"10823","18-080",1,6.57,-5097.54402624147,3242.49369146484,"2020"
"10831","18-081",1,6.35,-5097.34507999838,3238.43297391281,"2020"
"10841","18-083",1,5.96,-5095.42702397871,3239.34036254491,"2020"
"10853","18-084a",1,6.3,-5098.21370841624,3234.17664764537,"2020"
"10863","18-084b",1,5.96,-5096.48445977621,3235.5757700365,"2020"
"10882","18-085a",1,5.74,-5094.58244884883,3237.40337424266,"2020"
"10893","18-086",1,6.52,-5102.64924702772,3224.51371905025,"2020"
"10923","18-091",1,5.32,-5099.33157333206,3222.41718373515,"2020"
"10953","18-096",1,5.17,-5094.18325133231,3227.04205615013,"2020"
"10963","18-099",1,5.07,-5106.69559260044,3204.66637770451,"2020"
"10983","18-100a",1,4.85,-5097.03657324057,3216.61683900944,"2020"
"10991","18-100b",1,4.77,-5095.59286378845,3222.06791586161,"2020"
"11004","18-101",0,5.19,-5109.38747554238,3197.66074937767,"2020"
"11011","18-103",0,4.87,-5105.43113677314,3203.58673449906,"2020"
"11021","18-105a",0,4.87,-5105.10075588071,3202.81280520838,"2020"
"11031","18-105b",0,4.91,-5105.3696151962,3201.43742106466,"2020"
"11043","18-106",1,4.94,-5092.68893803392,3219.46467622321,"2020"
"11052","18-115",1,5.89,-5124.93932898141,3171.02931212777,"2020"
"11064","18-118",1,4.94,-5114.54259316005,3185.99968435416,"2020"
"11072","18-119",1,6.23,-5130.95348624386,3159.46706438087,"2020"
"11082","18-120",1,6.94,-5132.94092802496,3154.50099593177,"2020"
"11152","19-009b",1,10.65,-5038.28566463647,3290.68510201909,"2020"
"11162","19-009c",1,9.75,-5039.73908967734,3289.1266855966,"2020"
"11171","19-009d",1,9.31,-5041.53212020353,3288.88226706132,"2020"
"11181","19-009e",1,9.31,-5041.75858081199,3288.88448785376,"2020"
"11213","19-010",1,10.65,-5037.09900326285,3291.16561704913,"2020"
"11262","19-019",1,4.64,-5103.42339950254,3197.64990806908,"2020"
"11274","19-024",1,4.68,-5114.06007003761,3181.98366220026,"2020"
"11282","19-025",1,5.14,-5125.6886042714,3163.21778550019,"2020"
"11291","19-026",1,5.92,-5131.21661716025,3153.13248945547,"2020"
"11301","19-027",1,4,-5124.19409126659,3163.52228336179,"2020"
"11312","19-028",1,4.24,-5116.40179019528,3174.77745665679,"2020"
"11322","19-029",1,4.78,-5110.85346841593,3183.70161956024,"2020"
"1133","19-031",1,4.21,-5119.00296974465,3170.06961142958,"2020"
"1134","19-032",1,4.21,-5119.38285613755,3168.36430058055,"2020"
"11351","19-034",1,3.36,-5121.31931193742,3164.66996883916,"2020"
"11362","19-038a",1,3.07,-5119.07908557486,3161.84083595434,"2020"
"11374","19-038b",1,2.82,-5124.04085386207,3154.79645947516,"2020"
"11393","19-038f",0,3.69,-5130.54484866844,3147.6981268846,"2020"
"11403","19-043",1,3.03,-5111.51133540534,3172.97802227354,"2020"
"11424","19-045",1,3.86,-5103.7199689515,3179.2579519931,"2020"
"11454","19-048",1,4.9,-5101.46036266933,3176.61537804076,"2020"
"11462","19-049",1,7.66,-5138.75046374771,3141.1501444697,"2020"
"11472","19-050",1,7.23,-5144.06569203624,3128.61153063259,"2020"
"11482","19-051",1,6.28,-5143.07514194094,3128.41242762173,"2020"
"1149","19-052",1,7.42,-5154.72799547795,3108.69270851147,"2020"
"11501","19-053",1,6.86,-5149.74153329125,3116.40264535691,"2020"
"11514","19-054",0,2.2,-5131.89453693725,3139.90383985908,"2020"
"1152","19-056",1,6.13,-5154.45897919154,3105.84105192946,"2020"
"11532","19-059",1,5.74,-5151.14113865422,3109.80618063901,"2020"
"11543","19-061",1,5.16,-5151.49584335178,3107.27489588418,"2020"
"11554","19-063a",0,2.56,-5135.25709577975,3130.88423959512,"2020"
"11572","19-065",0,2.24,-5133.49333148856,3129.55204405436,"2020"
"11583","19-066",0,2.24,-5132.74675074369,3129.35372231765,"2020"
"11593","19-067",0,2.17,-5132.6632718635,3128.07488678432,"2020"
"11604","19-071",0,2.21,-5131.54751446319,3124.93824414585,"2020"
"11613","19-072a",0,2.75,-5139.02911944661,3114.75911052513,"2020"
"11622","19-072b",0,2.41,-5134.07830330348,3118.90083757435,"2020"
"11652","19-072e",0,2.23,-5137.85635640096,3112.90528068701,"2020"
"11673","19-074b",0,1.94,-5141.80428212444,3107.47194682384,"2020"
"11682","19-075",0,1.89,-5138.66986318655,3109.63711423395,"2020"
"11694","19-076",0,1.81,-5142.68843025298,3102.26873240491,"2020"
"11702","19-081",1,5.4,-5166.88306429205,3074.76425702635,"2020"
"11713","19-082",0,3.4,-5155.8288837958,3091.64752109061,"2020"
"11722","19-091",1,8.49,-5175.15553262057,3058.60766817602,"2020"
"11734","19-096",0,1.54,-5157.88744268498,3078.37976252939,"2020"
"11743","19-097",0,1.81,-5150.53305546771,3088.8784314349,"2020"
"11753","19-098",0,1.69,-5154.23460880745,3082.124374856,"2020"
"11762","19-099",0,7.33,-5182.86994878917,3036.85001400576,"2020"
"11834","19-107",0,1.59,-5145.7420756221,3094.31946321423,"2020"
"11854","19-109a",0,1.79,-5143.26239544797,3097.71874258268,"2020"
"1188","19-111",0,1.53,-5159.07640577338,3072.7853144239,"2020"
"1189","19-112",0,1.53,-5159.20179856089,3071.73391044277,"2020"
"11912","19-114",0,1.7,-5148.89114429252,3088.42332397276,"2020"
"11923","19-116",0,1.84,-5161.10100713478,3067.48675008785,"2020"
"11931","19-117",0,2.54,-5166.51295492489,3059.27826504823,"2020"
"1195","19-119",0,2.54,-5166.49785972052,3058.45546629663,"2020"
"11961","19-120",0,2.54,-5165.35802566919,3060.10699271282,"2020"
"11992","19-127",1,2.03,-5161.4275098291,3055.6895744934,"2020"
"12004","19-128",0,2.24,-5151.92076181451,3072.37974599725,"2020"
"12013","19-129",1,2.37,-5156.40816252886,3060.43424609104,"2020"
"1202","19-130",1,2.37,-5157.85418585144,3058.06878629127,"2020"
"1204","19-131a",1,3.07,-5159.17022333833,3054.98412408753,"2020"
"12061","19-133",1,2.39,-5151.49057667498,3070.90507563976,"2020"
"12073","19-134",1,2.21,-5165.99771054589,3044.21920496466,"2020"
"12084","19-135",1,3.23,-5151.80692805629,3067.43886844887,"2020"
"12094","19-136a",1,3.41,-5148.90731432031,3069.36514203053,"2020"
"12123","19-139",0,4.82,-5178.45484269489,3040.09034809173,"2020"
"12133","19-141",0,3.25,-5177.86878922103,3038.10750482188,"2020"
"12143","19-146",0,2.39,-5178.12242426769,3033.79776955443,"2020"
"12153","19-147",0,3.07,-5179.35868849042,3030.2491500808,"2020"
"12162","19-148",0,4.55,-5185.57807428765,3021.82496294872,"2020"
"12172","19-149",0,4.02,-5182.98436587763,3025.57645133364,"2020"
"12183","19-151",0,5.41,-5189.34211817831,3014.22937543485,"2020"
"12193","19-152",0,6.57,-5190.29931399015,3011.47352920212,"2020"
"12222","19-157",0,1.67,-5173.40727846099,3037.75701832292,"2020"
"12233","19-159",0,5.73,-5191.79111338124,3006.36523185939,"2020"
"12253","19-167",0,6.6,-5193.55828242321,3001.20457650789,"2020"
"12262","19-168",0,1.53,-5173.63049663416,3034.04837441355,"2020"
"12272","19-169",0,1.53,-5173.46475700248,3033.70496796558,"2020"
"12301","19-181",0,1.98,-5172.48931507526,3032.58681523791,"2020"
"12312","19-187",0,1.98,-5171.98698521414,3031.50016705506,"2020"
"12321","19-192",1,2.38,-5170.4738132808,3031.55502442221,"2020"
"12352","19-197",1,2.83,-5166.54749266803,3033.61990535781,"2020"
"12362","19-204",1,4.3,-5166.08200052406,3028.03163912295,"2020"
"12372","19-205a",1,4.68,-5169.68625820717,3018.50034922569,"2020"
"12382","19-206",0,6.3,-5194.55429910652,2998.26758390577,"2020"
"12392","19-207",0,5.84,-5197.15547365981,2990.24614596765,"2020"
"12402","19-208",0,6.47,-5198.16629840209,2986.24861184801,"2020"
"12412","19-209",0,7.1,-5199.27672291577,2983.33329706994,"2020"
"12422","19-212",0,6,-5199.90125435248,2980.01855948042,"2020"
"12432","19-214",0,5.01,-5200.57452122676,2975.99960480335,"2020"
"12442","19-216",0,5.01,-5201.2900235574,2972.95860228063,"2020"
"12452","19-220",0,4.18,-5201.72775241038,2970.49487504561,"2020"
"12511","19-228",0,2.81,-5197.38733624795,2971.83712410063,"2020"
"12522","19-246",0,2.4,-5173.43338039682,3026.98960949233,"2020"
"12644","20-014",1,7.66,-5123.46114083026,3091.88921955397,"2020"
"12683","20-019",1,7.66,-5122.23218602076,3092.48377597599,"2020"
"12761","20-028e",1,7.71,-5122.38099923874,3090.35151983982,"2020"
"12772","20-028f",1,7.58,-5124.24052274277,3090.56330407933,"2020"
"12782","20-028g",0,7.58,-5125.61811457082,3088.31215248317,"2020"
"12794","20-028h",1,7.58,-5126.69604206615,3086.52242821189,"2020"
"12812","20-033",1,8.13,-5114.22506339913,3096.06517871173,"2020"
"12823","20-034",1,8.13,-5114.31845532107,3093.68224233583,"2020"
"1293","20-060a",1,8.34,-5112.70475873871,3090.46544116481,"2020"
"1295","20-060c",1,8.46,-5111.55681915869,3089.81064992701,"2020"
"1296","20-060d",1,8.26,-5111.34707789949,3089.33076090793,"2020"
"12974","20-067a",0,7.66,-5127.72108249236,3077.39273860722,"2020"
"13061","20-078a",1,7.6,-5128.01499614042,3069.89503186313,"2020"
"13081","20-078e",1,7.6,-5127.84901145625,3068.95359352328,"2020"
"13261","20-102b",1,8.07,-5120.80050378955,3067.16389801527,"2020"
"13271","20-102c",1,8.07,-5119.97072540857,3067.45993304887,"2020"
"13282","20-102d",1,8.4,-5117.52519394652,3068.84395893142,"2020"
"13291","20-103",1,4.39,-5175.34890480098,3008.41522439678,"2020"
"13302","20-104",1,4.91,-5167.29209792896,3020.96773563828,"2020"
"13312","20-105",1,4.77,-5172.74303712314,3009.16226469459,"2020"
"13354","20-112",1,4.08,-5177.27526417777,2996.33424200474,"2020"
"13362","20-115",0,1.82,-5196.48376425869,2970.87423048358,"2020"
"13372","20-119",0,2.46,-5203.46130269503,2953.97875116396,"2020"
"13392","20-125",0,1.64,-5202.85495672061,2952.39059338661,"2020"
"13402","20-126",0,1.66,-5199.75262982138,2955.60063566926,"2020"
"13413","20-127",0,1.3,-5197.84496980093,2962.3951745111,"2020"
"13423","20-128",1,4.6,-5181.26304475652,2990.1986031911,"2020"
"13434","20-129",1,4.75,-5182.58825964115,2982.52790689002,"2020"
"13442","20-130",0,1.66,-5197.94017445471,2956.71013145563,"2020"
"13453","20-131",0,1.64,-5203.07457361831,2950.3997817097,"2020"
"13463","20-132",0,1.97,-5202.63839724212,2947.08805075022,"2020"
"13474","20-134",1,6.15,-5179.96016915929,2978.60848385757,"2020"
"13484","20-135",1,6.37,-5180.17959632339,2975.12668548008,"2020"
"13504","20-137",1,6.62,-5178.28602865839,2977.64581060598,"2020"
"13514","20-138",1,6.3,-5183.47464506939,2968.60428011899,"2020"
"1352","20-139",1,7.4,-5176.27901107282,2979.69896951405,"2020"
"13532","20-142",1,6.36,-5183.86586919667,2964.0232664434,"2020"
"13554","20-146",1,6.46,-5184.08953471275,2958.1525884294,"2020"
"13563","20-167",0,2.46,-5202.58554876663,2942.24676543796,"2020"
"13573","20-172",0,2.31,-5204.33667426491,2937.19255364569,"2020"
"13583","20-179",0,2.3,-5206.24648387172,2932.15472793954,"2020"
"13592","20-182",0,2.31,-5203.53142377842,2934.63714845254,"2020"
"13602","20-185a",0,2.47,-5203.1378623815,2933.68102215694,"2020"
"13613","20-185c",0,2.32,-5206.81941241964,2927.45476402219,"2020"
"13623","20-186",0,2.99,-5209.76373908984,2922.43788194142,"2020"
"13633","20-187",0,2.39,-5211.2604792554,2917.53095129584,"2020"
"13642","20-194a",0,2.33,-5206.19765803003,2923.34182697532,"2020"
"13652","20-194b",0,2.48,-5208.4000597973,2920.16132709564,"2020"
"13662","20-197",0,2.48,-5207.2486581428,2919.04192880349,"2020"
"13782","20-252",1,8.69,-5116.76966271999,3057.61075345866,"2020"
"13811","20-257b",1,9.02,-5115.5737899845,3056.82029071004,"2020"
"13832","20-262a",1,8.24,-5132.04342250445,3026.6471875244,"2020"
"13852","20-263",1,8.17,-5128.99088896987,3029.65391906931,"2020"
"13883","20-269",1,8.35,-5126.53537756608,3033.03250571077,"2020"
"13971","20-287",1,9.48,-5164.0844226405,2987.49760791045,"2020"
"13981","20-288",1,9.61,-5162.36555410028,2988.90928359992,"2020"
"13992","20-289",1,8.12,-5138.48392204138,3013.52507727913,"2020"
"14013","20-291",1,7.71,-5139.15233497911,2998.26658781531,"2020"
"14024","20-292",1,7.5,-5139.86853801372,2993.8774366793,"2020"
"1403","20-293",1,7.5,-5140.87400504371,2992.29255425803,"2020"
"14042","20-294",1,9.19,-5168.2762353136,2977.89477957143,"2020"
"14053","20-295",1,8.81,-5172.42922524375,2970.67542362851,"2020"
"14063","20-296",1,7.3,-5179.81679701951,2961.70809385918,"2020"
"14083","20-298",1,5.89,-5184.32235851506,2947.49854971355,"2020"
"14092","20-299a",1,5.84,-5187.00759029931,2942.51233261865,"2020"
"14104","20-299c",1,5.67,-5186.72904142726,2939.29125612908,"2020"
"1411","20-300",1,5.67,-5187.56457099695,2939.07675197226,"2020"
"14124","20-301a",1,7.69,-5173.8657761245,2959.50485763247,"2020"
"14134","20-301b",1,7.2,-5177.64378047715,2954.47450292398,"2020"
"14143","20-302",1,8.18,-5170.59926973473,2963.62830607068,"2020"
"14154","20-304",1,7.05,-5184.84943120787,2937.031388937,"2020"
"14163","20-305",1,7.52,-5183.51244212046,2934.49638315411,"2020"
"14173","20-306",1,7.52,-5181.22999020122,2937.10846724396,"2020"
"14183","20-307",1,8.11,-5176.82563628206,2943.11237710189,"2020"
"14193","20-308",1,8.61,-5175.51272259085,2942.51357920061,"2020"
"14202","20-309",1,8.11,-5155.6381768564,2973.01098212275,"2020"
"14214","20-310",1,7.8,-5156.5090610377,2967.5195879329,"2020"
"14262","20-322",0,3.66,-5203.91768569147,2914.82730485665,"2020"
"14272","20-324",0,3.31,-5204.22867826539,2912.50936712139,"2020"
"14283","20-326",0,3.52,-5204.99454567305,2908.67258259613,"2020"
"14292","20-327",0,3.32,-5207.8670244984,2904.21461138106,"2020"
"14303","20-335",0,3.51,-5207.38545898462,2901.2321861606,"2020"
"14332","20-339a",0,4.05,-5205.73292577316,2899.38147501803,"2020"
"14342","20-339b",0,3.82,-5209.11626784174,2894.85300085767,"2020"
"14362","20-342",0,3.8,-5207.97361129547,2892.04554502531,"2020"
"14372","20-348",0,4.37,-5203.6643959857,2890.00064589053,"2020"
"14392","20-351a",1,8.94,-5180.85921145003,2926.41713418809,"2020"
"14403","20-351b",1,8.97,-5178.96352932554,2926.53805253194,"2020"
"14412","20-351c",1,8.96,-5177.47951364606,2926.5673188585,"2020"
"14432","20-353",1,5.66,-5199.19810714859,2891.70311220063,"2020"
"14452","20-369a",0,3.3,-5211.64772372411,2886.98955185477,"2020"
"14483","20-370a",0,3.28,-5212.34668262889,2880.91652412747,"2020"
"14492","20-370b",0,3.57,-5209.11265753514,2880.59064952299,"2020"
"14523","20-377",0,3.57,-5219.19831900346,2865.45189524633,"2020"
"14533","20-378a",0,2.86,-5219.15952665453,2863.32896672422,"2020"
"14552","20-380",0,4.66,-5207.20499324284,2881.31610777747,"2020"
"14564","20-382",0,3.46,-5222.00379954049,2858.96321539322,"2020"
"14572","20-383",0,3.08,-5215.06543228921,2865.72105033073,"2020"
"14584","20-385",0,3.64,-5220.21758287189,2855.61688600053,"2020"
"14614","20-388a",0,3.78,-5221.51180572312,2851.59125121806,"2020"
"14624","20-389",0,3.78,-5223.15166349733,2847.75544294338,"2020"
"14632","20-391",0,4.53,-5226.26316974629,2840.26463970244,"2020"
"14652","20-469",0,2.83,-5201.57904781098,2924.9131494447,"2020"
"14662","20-470",0,2.83,-5203.92664537598,2923.03829302775,"2020"
"14672","20-474",0,2.83,-5204.81588822977,2921.62341832989,"2020"
"14681","20-568",0,3.78,-5222.21137534181,2850.66992939738,"2020"
"14691","20-590",0,1.77,-5200.68578371855,2957.84289949783,"2020"
"14701","20-591",0,1.45,-5200.41972307182,2957.51560128152,"2020"
"1471","20-594",0,1.77,-5202.0918613732,2957.36287997687,"2020"
"14721","20-595",0,1.77,-5202.33426745683,2956.92330926393,"2020"
"14741","20-605",0,1.84,-5202.2820995404,2944.65578413708,"2020"
"14754","21-025",1,7.52,-5145.09287258337,2982.50673894398,"2020"
"14761","21-026",1,8.31,-5126.43441729437,3013.67747764278,"2020"
"14781","21-031",1,9.22,-5123.37798631503,2995.0597893485,"2020"
"14792","21-034",1,9.29,-5129.28102891868,2981.71826747347,"2020"
"14841","21-045",1,9.95,-5128.36879573797,2975.20297291325,"2020"
"1486","21-049",1,9.93,-5129.77636360281,2971.18827148421,"2020"
"14891","21-053",1,7.75,-5154.09189776329,2966.1285345518,"2020"
"14903","21-054",1,8.68,-5161.99734245585,2949.13001824026,"2020"
"14924","21-056b",1,9,-5171.40089411089,2931.79862536165,"2020"
"14934","21-057",1,8.89,-5171.19319643187,2928.10418203344,"2020"
"1494","21-058",1,8.49,-5150.60163077885,2936.74576815498,"2020"
"14951","21-059",1,9.53,-5095.52393275232,3030.31478465141,"2020"
"14961","21-060",1,8.85,-5180.96295481971,2920.32900728294,"2020"
"14972","21-061",1,8.41,-5184.634408616,2910.39299028685,"2020"
"14982","21-062",1,6.52,-5194.20843046871,2895.20336154344,"2020"
"14992","21-063",1,6.14,-5197.0219584308,2890.24990920505,"2020"
"15002","21-064",1,7.34,-5188.8967971675,2902.59345808259,"2020"
"15012","21-065",1,6.99,-5191.02077442621,2897.55925245222,"2020"
"15022","21-068",1,7.04,-5189.05554838727,2896.4223779294,"2020"
"15033","21-070",1,7.54,-5186.70384749807,2900.06297432716,"2020"
"15043","21-071",1,7.54,-5185.3899820044,2902.37444228972,"2020"
"15053","21-072",1,8.27,-5179.23300692624,2910.9409499935,"2020"
"15072","21-074",1,7.08,-5188.83347164704,2894.53695628543,"2020"
"15092","21-076",1,6.91,-5189.09958603949,2891.38315143512,"2020"
"15112","21-081",1,7.02,-5188.33998400151,2889.82648447231,"2020"
"15122","21-082",1,7.02,-5188.28319903564,2888.16572244794,"2020"
"1513","21-083",1,7.2,-5188.6654150625,2886.496368176,"2020"
"1514","21-084",1,7.2,-5188.86733085492,2884.46105108957,"2020"
"15152","21-086",1,7.72,-5179.61736031289,2896.57155328583,"2020"
"15162","21-087",1,7.48,-5187.3178833667,2878.36144267457,"2020"
"15184","21-091",0,4.15,-5228.63051857327,2831.82943897879,"2020"
"15192","21-092",1,3.8,-5209.83486428631,2868.52695878746,"2020"
"15202","21-093",1,4.25,-5206.24919606218,2873.62340766089,"2020"
"15212","21-094",1,3.8,-5208.49095917945,2869.13207583896,"2020"
"15232","21-100",1,5.36,-5203.20396883111,2875.74564829618,"2020"
"15243","21-101",0,3.95,-5226.96957312469,2835.740552828,"2020"
"15253","21-109",1,6.01,-5201.57243243475,2873.79146873948,"2020"
"15264","21-115",1,6.45,-5198.1602489534,2876.64589905374,"2020"
"15274","21-116",1,6.61,-5195.24719406732,2878.58790561409,"2020"
"15304","21-128",1,6.57,-5199.37929042117,2861.92938763483,"2020"
"15312","21-129",1,6.94,-5194.50691122732,2867.93447875512,"2020"
"15334","21-131",0,5.66,-5207.56120266128,2842.79334823111,"2020"
"15344","21-132",0,6.06,-5204.50844147545,2845.84403616677,"2020"
"15353","21-133",1,6.54,-5201.24085976391,2853.49844943672,"2020"
"15364","21-134",0,6.4,-5202.37861135399,2850.57995348095,"2020"
"15384","21-136",1,4.9,-5209.32830530536,2837.8597383601,"2020"
"15392","21-137",1,4.9,-5208.97206208575,2837.66566952228,"2020"
"15402","21-138",0,5.54,-5207.90248726264,2837.08300259293,"2020"
"15412","21-139",1,5.57,-5208.79459297657,2831.77751698869,"2020"
"15423","21-143",0,4.15,-5228.99812287752,2830.98591202353,"2020"
"15434","21-144",0,4.15,-5229.26778348809,2829.81376268047,"2020"
"15443","21-145a",0,4.07,-5230.45707058556,2825.63647533435,"2020"
"15454","21-146",0,4.07,-5231.66553045809,2822.85425849441,"2020"
"15464","21-147",0,5.17,-5233.00272627078,2821.21727182604,"2020"
"15474","21-148",0,5.17,-5233.28319180394,2819.01073922662,"2020"
"15484","21-149",0,6.53,-5234.40601579955,2816.08069290921,"2020"
"15494","21-150",0,4.28,-5235.03619003507,2814.06341115588,"2020"
"15504","21-151",0,5.74,-5235.66478240961,2812.04724525071,"2020"
"15513","21-152",0,5.74,-5236.15593906663,2811.13258404217,"2020"
"15533","21-157",0,5.74,-5234.60518703655,2811.4781423051,"2020"
"15544","21-158",0,3.11,-5235.23285984551,2809.46062848046,"2020"
"15554","21-159",0,3.11,-5235.85960249728,2807.44293357478,"2020"
"15564","21-161",0,4.8,-5236.13117309019,2805.2352744797,"2020"
"15573","21-165",0,4.8,-5236.26605549714,2804.13202321608,"2020"
"15604","21-172",0,2.15,-5235.8253380028,2801.54419260296,"2020"
"15613","21-180",0,0.47,-5231.24592592463,2801.36304168477,"2020"
"15622","21-181",0,0.59,-5231.53606766609,2798.32263611408,"2020"
"15632","21-185",0,0.61,-5232.68330988238,2793.78565455697,"2020"
"15952","21-236",0,6.11,-5263.06591302111,2751.85421704771,"2020"
"15962","21-237",1,6.03,-5265.94422913321,2744.50941745634,"2020"
"15974","21-238",1,6.03,-5267.62719179607,2742.15315063946,"2020"
"1598","21-239",1,4.92,-5255.32334014475,2762.7064058462,"2020"
"15991","21-240",0,4.75,-5256.84923685058,2758.4411053184,"2020"
"16002","21-241",0,4.75,-5257.62481299284,2756.72165658964,"2020"
"16012","21-242a",1,4.31,-5252.08603647464,2765.46214026488,"2020"
"16032","21-247",1,4.31,-5247.77511353823,2771.17102945571,"2020"
"16061","21-257",1,3.08,-5245.74874067954,2772.52933452157,"2020"
"16072","21-258",0,1.89,-5239.068659283,2783.65804810785,"2020"
"16083","21-263",1,4.19,-5260.33446408156,2739.5232173223,"2020"
"16112","21-289a",1,7.08,-5273.74522816104,2734.21941622201,"2020"
"16124","21-290",1,6.42,-5269.65515814903,2740.87086922583,"2020"
"16132","21-294",1,5.45,-5270.50950512353,2731.35938938841,"2020"
"16142","21-295",1,4.94,-5268.29352900025,2733.0878326273,"2020"
"16152","21-296",1,4.94,-5266.28659393366,2735.22468549227,"2020"
"16183","21-299",1,4.23,-5263.68539962633,2736.59933055171,"2020"
"16203","21-300a",1,4.23,-5262.10398659478,2738.06863615277,"2020"
"16214","21-303",1,4.1,-5259.96479910119,2735.83068689331,"2020"
"16222","21-304",1,4.1,-5259.35624888716,2736.66734763335,"2020"
"16242","21-306",1,4.1,-5258.56458674637,2736.3284222893,"2020"
"16262","21-386",1,8.72,-5146.21873304727,2940.11545128762,"2020"
"16271","21-387",1,9.01,-5140.210693316,2949.78706146994,"2020"
"1628","21-389",1,8.97,-5142.0712496021,2939.25922979747,"2020"
"1629","21-391",1,9.06,-5139.45600701237,2941.01035078109,"2020"
"1630","21-392",1,8.82,-5145.69908627599,2930.23801582415,"2020"
"1634","21-398",1,8.94,-5141.177864586,2935.43611429429,"2020"
"1637","21-402",1,9.07,-5139.61824704574,2932.85063873347,"2020"
"1638","21-403a",1,8.91,-5141.30330272242,2930.62037596235,"2020"
"16391","21-403b",1,8.91,-5142.84165215036,2928.1502489859,"2020"
"1640","21-406",1,8.81,-5146.43496327594,2920.03596536314,"2020"
"16411","21-414a",1,9.79,-5123.3598631484,2946.0618722684,"2020"
"16431","21-418a",1,9.78,-5124.18108275373,2942.96512255154,"2020"
"1644","21-418b",1,9.61,-5123.83167114328,2940.84481790495,"2020"
"1646","21-423a",1,9.57,-5124.46111224669,2939.02939311771,"2020"
"16491","21-433",1,5.89,-5206.42989324574,2829.50229220973,"2020"
"16501","21-436",0,3.1,-5214.43737651453,2819.32015633893,"2020"
"1652","21-439",0,1.98,-5216.25254434632,2814.13257457862,"2020"
"16531","21-440",1,5.55,-5210.60946372734,2824.2143680637,"2020"
"16561","21-443",0,1.37,-5217.09165191909,2808.27785647053,"2020"
"16602","21-453",0,3.52,-5213.25915530554,2807.94137740995,"2020"
"16612","21-460",0,3.02,-5213.63779791901,2802.30667020419,"2020"
"16621","21-464",0,2.44,-5213.5662955009,2798.57376882904,"2020"
"16631","21-465",0,1.98,-5217.08540413328,2787.76495636258,"2020"
"16642","21-466",0,2.31,-5220.95896112068,2777.56005545832,"2020"
"16652","21-467",0,2.34,-5216.23170024932,2782.13209303905,"2020"
"16662","21-470",1,3.51,-5257.25765686952,2737.3619230006,"2020"
"16672","21-474",1,3.51,-5255.45874357199,2738.78296408891,"2020"
"16682","21-479",1,3.55,-5253.63626797434,2739.9133760768,"2020"
"16732","21-491",1,4.06,-5252.63519524695,2737.32749576437,"2020"
"16773","21-496",1,4.06,-5251.44414928562,2736.4330386493,"2020"
"16821","21-502",1,4.28,-5251.4762238537,2733.97475179486,"2020"
"16902","21-526",1,4.21,-5236.87115500725,2747.99711766297,"2020"
"16922","21-529",1,3.98,-5228.88504605931,2760.03303960993,"2020"
"16932","21-530",1,5.98,-5242.10234295745,2735.8658927189,"2020"
"16942","21-531",1,5.98,-5240.34086449441,2738.58428367991,"2020"
"16952","21-532",1,5.57,-5237.73695388914,2743.56830242085,"2020"
"16963","21-538",1,5.98,-5241.331635739,2734.8332912747,"2020"
"16972","21-540",1,6.56,-5242.06372577873,2731.43676313582,"2020"
"16982","21-544",1,4,-5223.78069062525,2764.83005179561,"2020"
"16993","21-546",1,6.56,-5241.72751882472,2729.72640059743,"2020"
"17001","21-548",1,6.56,-5239.85138000902,2732.71883321342,"2020"
"1701","21-549",1,6.44,-5237.91081331827,2735.60091101249,"2020"
"17022","21-551",0,4.37,-5219.78884158455,2768.91125215437,"2020"
"17031","21-552",1,6.8,-5239.4347976031,2731.35327452926,"2020"
"17043","21-556",1,6.8,-5239.28088372724,2729.9085988614,"2020"
"17084","21-560",1,5.38,-5253.66417107036,2730.22529697787,"2020"
"17093","21-562",0,6,-5252.59052277476,2727.46107585102,"2020"
"17104","21-565",0,5.95,-5251.65928950641,2723.36504801153,"2020"
"17114","21-566",1,6.06,-5252.09223725698,2718.93752166191,"2020"
"17124","21-570",0,6.06,-5251.83163862704,2717.64114502781,"2020"
"17134","21-575",1,6.26,-5250.94011432273,2714.85592418672,"2020"
"17144","21-579",1,6.29,-5251.04505334873,2713.74951461996,"2020"
"17154","21-582",1,6.29,-5250.41169331033,2712.26176069133,"2020"
"17164","21-586",1,6.51,-5250.25011022427,2709.8564993511,"2020"
"17172","21-591",1,8.9,-5169.41429288351,2939.92820561192,"2020"
"17201","21-761",1,5.57,-5238.80326074793,2741.61140340613,"2020"
"1725","22-042",1,8.82,-5127.21261464646,2917.29191055707,"2020"
"1726","22-043",1,8.81,-5121.22107650705,2926.87610249688,"2020"
"1727","22-044",1,8.52,-5126.30347369566,2917.81209882974,"2020"
"1728","22-045",1,8.52,-5127.34755430821,2915.76743830473,"2020"
"1729","22-046",1,8.52,-5126.81255772547,2915.87340974129,"2020"
"1730","22-047a",1,8.45,-5130.72653563219,2910.04307272163,"2020"
"1731","22-048",1,8.45,-5128.8752248181,2912.20739250003,"2020"
"1732","22-049",1,8.81,-5121.23567715752,2924.65382468991,"2020"
"17331","22-052",1,8.63,-5123.22963998928,2921.05386254287,"2020"
"1734","22-053a",1,8.45,-5128.8690622079,2909.5203238114,"2020"
"1735","22-053b",1,8.41,-5126.52474572946,2910.00435736144,"2020"
"1739","22-075",1,9.55,-5139.82593551126,2882.4717723641,"2020"
"1740","22-078",1,9.46,-5137.15319176834,2887.56751991179,"2020"
"1741","22-079",1,10.15,-5138.65522186243,2878.75606999197,"2020"
"1742","22-080",1,10.15,-5138.64550867798,2878.19506876025,"2020"
"1743","22-081",1,10.15,-5137.12474597301,2879.22169800398,"2020"
"17442","22-084",1,6.8,-5237.99234805594,2730.79827103912,"2020"
"17452","22-086",1,6.82,-5236.7179781901,2731.90248848905,"2020"
"17462","22-090",1,6.82,-5234.77282838916,2733.33040862371,"2020"
"17472","22-092",0,6.79,-5235.71261168678,2728.16822615121,"2020"
"17481","22-093",1,6.89,-5235.32251811465,2726.7896477423,"2020"
"17524","22-103",1,6.92,-5250.18783270733,2706.34409111971,"2020"
"17544","22-106",1,7.14,-5248.80635687086,2704.47152645584,"2020"
"17563","22-115",0,6.77,-5237.15800078076,2722.7864405325,"2020"
"17574","22-116",0,7.14,-5247.32007840976,2703.70571466834,"2020"
"17584","22-121",1,7.03,-5246.57596142093,2703.32230498015,"2020"
"17593","22-122",0,6.77,-5235.82165081075,2721.79590416121,"2020"
"17602","22-123",0,6.8,-5238.73319350277,2715.78034900875,"2020"
"17616","22-124",1,7.61,-5246.40132592521,2700.91636134884,"2020"
"17623","22-125",0,6.89,-5236.31991036752,2719.86413286004,"2020"
"1763","22-128",0,6.87,-5237.66993845315,2714.43275721069,"2020"
"17642","22-129",0,6.87,-5238.81980261195,2712.42575006902,"2020"
"17654","22-131",1,7.65,-5244.9090258182,2700.14810563894,"2020"
"17664","22-133",1,7.59,-5243.69096866435,2700.67831253881,"2020"
"17672","22-134",0,6.96,-5237.00718751998,2712.44227551411,"2020"
"17682","22-139",0,6.99,-5234.79292093621,2712.91519537618,"2020"
"17694","22-140",1,7.56,-5240.50321040512,2701.35190394899,"2020"
"17702","22-141",0,7.34,-5235.91306896251,2706.76325970089,"2020"
"17714","22-142",0,7.56,-5239.37884357899,2700.77232020588,"2020"
"17724","22-143",0,7.64,-5237.78184887355,2701.1057067652,"2020"
"17732","22-144",0,7.34,-5235.83218359851,2704.70028225253,"2020"
"17743","22-145",0,7.64,-5237.50160699824,2699.80465042152,"2020"
"17763","22-147a",1,7.55,-5235.23997397266,2703.26585123265,"2020"
"17773","22-147b",0,7.68,-5236.6546358294,2700.52440695659,"2020"
"1779","22-152",1,9.9,-5140.20119983486,2853.99702805457,"2020"
"1780","22-153",1,9.84,-5139.1388868586,2849.33865054663,"2020"
"17813","23-001",1,9.09,-5121.75386732653,2853.07319270727,"2020"
"17822","23-002",1,9.09,-5121.37368436432,2852.86141177326,"2020"
"17843","23-004b",1,9.4,-5120.72936396255,2851.33224304483,"2020"
"17851","23-005",1,9.4,-5120.60167160304,2850.24648591845,"2020"
"17862","23-006",1,9.4,-5119.470011403,2851.80097067548,"2020"
"17872","23-007",1,9.4,-5120.46461865437,2850.01474787569,"2020"
"17892","23-009",1,9.58,-5118.55671443326,2848.95282174736,"2020"
"17903","23-010",1,9.54,-5118.29004210449,2847.63328378234,"2020"
"17912","23-012a",1,9.44,-5121.15569776231,2843.37771319687,"2020"
"17923","23-012b",1,9.15,-5122.03389331316,2842.69657458605,"2020"
"17933","23-012c",1,9.44,-5122.26114733951,2840.48393983615,"2020"
"17942","23-012d",1,9.44,-5120.00791001588,2842.74043632222,"2020"
"17952","23-012e",1,9.54,-5118.80517596292,2845.03572809918,"2020"
"17963","23-014",1,9.44,-5120.12075404665,2841.63479433374,"2020"
"17972","23-016",1,9.74,-5119.73774252114,2841.42222534761,"2020"
"18062","23-036",1,10.32,-5121.31767164091,2821.2916270311,"2020"
"18082","23-038",1,10.54,-5121.52831525116,2819.07735064158,"2020"
"18092","23-045a",1,7.42,-5166.59325318479,2757.70910416393,"2020"
"18102","23-046",0,7.89,-5158.2682264048,2767.52985468826,"2020"
"18112","23-048",0,6.9,-5164.43815326002,2753.79199335574,"2020"
"18122","23-049",1,7.89,-5155.78706497432,2767.48259930839,"2020"
"18132","23-050",1,7.23,-5161.56166824518,2757.19452544789,"2020"
"18142","23-051",1,6.48,-5163.58989035364,2749.57191589213,"2020"
"18162","23-052a",0,6.59,-5159.42303584511,2746.64947378965,"2020"
"18174","23-053",1,8.12,-5154.11718251254,2754.35419364926,"2020"
"18182","23-054",0,5.8,-5162.48270007596,2741.47455490959,"2020"
"18202","23-055a",0,5.34,-5161.79437781373,2737.51317846038,"2020"
"1822","23-058",1,11.33,-5115.21471486427,2829.6035590857,"2020"
"1828","23-067b",1,11.95,-5115.6688180987,2779.30871877022,"2020"
"18303","23-068",1,8.74,-5147.64837420722,2763.61556919274,"2020"
"18313","23-069",1,8.87,-5144.63723645453,2765.46997675671,"2020"
"18333","23-071",1,8.96,-5140.95571356051,2770.4355024816,"2020"
"1835","23-074a",1,11.16,-5122.02557618935,2766.59364544395,"2020"
"1836","23-074b",1,11.16,-5122.83339567438,2764.81159497919,"2020"
"18371","23-074c",1,11.04,-5123.42104387689,2763.2931006307,"2020"
"1838","23-074d",1,11.04,-5123.81472789827,2761.78294389166,"2020"
"18403","23-076",0,6.88,-5156.68967559847,2737.2452209931,"2020"
"18412","23-077",0,3.77,-5160.84609351973,2726.33895521529,"2020"
"18423","23-078",0,3.58,-5159.41758041915,2722.55514450429,"2020"
"18433","23-079",0,3.69,-5161.31183949298,2713.19713881737,"2020"
"18443","23-080",0,3.6,-5160.27301248869,2710.35369618485,"2020"
"18453","23-081",0,4.55,-5162.06186079461,2702.10379689827,"2020"
"18471","23-082a",0,4.91,-5161.20673537602,2699.68119805976,"2020"
"18491","24-003",1,10.91,-5125.59808961819,2756.38981924305,"2020"
"18511","24-008",0,5.05,-5168.42866109229,2665.34051136314,"2020"
