"","dhw","X","Y","year","gridID"
"1",3.51,142.125,-10.375,2024,"-10.375 142.125"
"2",1.96,142.175,-10.575,2024,"-10.575 142.175"
"3",3.19,142.175,-10.425,2024,"-10.425 142.175"
"4",2.8,142.225,-10.475,2024,"-10.475 142.225"
"5",3.51,142.225,-10.425,2024,"-10.425 142.225"
"6",3.18,142.575,-10.825,2024,"-10.825 142.575"
"7",3.26,142.625,-10.925,2024,"-10.925 142.625"
"8",3.5,142.625,-10.725,2024,"-10.725 142.625"
"9",4.95,142.775,-10.825,2024,"-10.825 142.775"
"10",4.8,142.775,-10.725,2024,"-10.725 142.775"
"11",4.88,142.825,-10.675,2024,"-10.675 142.825"
"12",5.22,142.925,-10.625,2024,"-10.625 142.925"
"13",5.4,142.925,-10.575,2024,"-10.575 142.925"
"14",5.37,143.025,-11.175,2024,"-11.175 143.025"
"15",5.12,143.175,-11.375,2024,"-11.375 143.175"
"16",3.89,143.225,-12.375,2024,"-12.375 143.225"
"17",4.31,143.225,-11.575,2024,"-11.575 143.225"
"18",4.76,143.225,-11.425,2024,"-11.425 143.225"
"19",4.37,143.275,-12.225,2024,"-12.225 143.275"
"20",2.29,143.275,-11.975,2024,"-11.975 143.275"
"21",2.65,143.275,-11.775,2024,"-11.775 143.275"
"22",3.56,143.275,-11.675,2024,"-11.675 143.275"
"23",4.39,143.275,-11.475,2024,"-11.475 143.275"
"24",4.73,143.275,-11.425,2024,"-11.425 143.275"
"25",5.07,143.275,-11.375,2024,"-11.375 143.275"
"26",3.69,143.275,-10.475,2024,"-10.475 143.275"
"27",4.41,143.325,-12.275,2024,"-12.275 143.325"
"28",3.44,143.325,-12.125,2024,"-12.125 143.325"
"29",3.09,143.325,-12.075,2024,"-12.075 143.325"
"30",2.72,143.325,-11.875,2024,"-11.875 143.325"
"31",2.75,143.325,-11.825,2024,"-11.825 143.325"
"32",2.77,143.325,-11.775,2024,"-11.775 143.325"
"33",4.46,143.325,-11.475,2024,"-11.475 143.325"
"34",4.96,143.325,-11.425,2024,"-11.425 143.325"
"35",5.24,143.325,-11.325,2024,"-11.325 143.325"
"36",5.41,143.325,-11.275,2024,"-11.275 143.325"
"37",5.28,143.325,-11.225,2024,"-11.225 143.325"
"38",5.24,143.325,-11.075,2024,"-11.075 143.325"
"39",5.16,143.325,-11.025,2024,"-11.025 143.325"
"40",4.27,143.375,-12.325,2024,"-12.325 143.375"
"41",4.39,143.375,-12.275,2024,"-12.275 143.375"
"42",4.47,143.375,-12.125,2024,"-12.125 143.375"
"43",3.55,143.375,-12.075,2024,"-12.075 143.375"
"44",3.19,143.375,-12.025,2024,"-12.025 143.375"
"45",2.58,143.375,-11.925,2024,"-11.925 143.375"
"46",2.88,143.375,-11.875,2024,"-11.875 143.375"
"47",2.73,143.375,-11.825,2024,"-11.825 143.375"
"48",2.61,143.375,-11.775,2024,"-11.775 143.375"
"49",2.47,143.375,-11.725,2024,"-11.725 143.375"
"50",3.69,143.375,-11.675,2024,"-11.675 143.375"
"51",4.34,143.375,-11.575,2024,"-11.575 143.375"
"52",4.55,143.375,-11.525,2024,"-11.525 143.375"
"53",4.91,143.375,-11.475,2024,"-11.475 143.375"
"54",5.35,143.375,-11.325,2024,"-11.325 143.375"
"55",5.06,143.375,-11.275,2024,"-11.275 143.375"
"56",5.07,143.375,-11.225,2024,"-11.225 143.375"
"57",5.06,143.375,-11.125,2024,"-11.125 143.375"
"58",4.24,143.375,-10.625,2024,"-10.625 143.375"
"59",3.53,143.425,-12.475,2024,"-12.475 143.425"
"60",3.84,143.425,-12.425,2024,"-12.425 143.425"
"61",3.67,143.425,-12.375,2024,"-12.375 143.425"
"62",3.65,143.425,-12.325,2024,"-12.325 143.425"
"63",4.07,143.425,-12.275,2024,"-12.275 143.425"
"64",4.64,143.425,-12.225,2024,"-12.225 143.425"
"65",4.66,143.425,-12.175,2024,"-12.175 143.425"
"66",4.34,143.425,-12.125,2024,"-12.125 143.425"
"67",3.26,143.425,-12.075,2024,"-12.075 143.425"
"68",3.07,143.425,-12.025,2024,"-12.025 143.425"
"69",2.72,143.425,-11.925,2024,"-11.925 143.425"
"70",2.43,143.425,-11.825,2024,"-11.825 143.425"
"71",2.9,143.425,-11.725,2024,"-11.725 143.425"
"72",3.54,143.425,-11.675,2024,"-11.675 143.425"
"73",4.51,143.425,-11.575,2024,"-11.575 143.425"
"74",4.88,143.425,-11.525,2024,"-11.525 143.425"
"75",5.24,143.425,-11.425,2024,"-11.425 143.425"
"76",5.32,143.425,-11.325,2024,"-11.325 143.425"
"77",5.34,143.425,-11.275,2024,"-11.275 143.425"
"78",3.61,143.475,-12.475,2024,"-12.475 143.475"
"79",3.46,143.475,-12.425,2024,"-12.425 143.475"
"80",3.3,143.475,-12.375,2024,"-12.375 143.475"
"81",3.29,143.475,-12.325,2024,"-12.325 143.475"
"82",3.85,143.475,-12.275,2024,"-12.275 143.475"
"83",4.15,143.475,-12.225,2024,"-12.225 143.475"
"84",4.02,143.475,-12.175,2024,"-12.175 143.475"
"85",3.87,143.475,-12.125,2024,"-12.125 143.475"
"86",3.24,143.475,-12.075,2024,"-12.075 143.475"
"87",2.74,143.475,-11.975,2024,"-11.975 143.475"
"88",2.71,143.475,-11.925,2024,"-11.925 143.475"
"89",2.86,143.475,-11.875,2024,"-11.875 143.475"
"90",2.58,143.475,-11.825,2024,"-11.825 143.475"
"91",2.9,143.475,-11.775,2024,"-11.775 143.475"
"92",3.24,143.475,-11.725,2024,"-11.725 143.475"
"93",4.18,143.475,-11.625,2024,"-11.625 143.475"
"94",4.7,143.475,-11.575,2024,"-11.575 143.475"
"95",4.85,143.475,-11.525,2024,"-11.525 143.475"
"96",5.45,143.475,-11.325,2024,"-11.325 143.475"
"97",5.27,143.475,-11.225,2024,"-11.225 143.475"
"98",5.38,143.475,-10.875,2024,"-10.875 143.475"
"99",3.74,143.475,-10.625,2024,"-10.625 143.475"
"100",6.07,143.525,-13.275,2024,"-13.275 143.525"
"101",5.76,143.525,-13.175,2024,"-13.175 143.525"
"102",6.02,143.525,-13.075,2024,"-13.075 143.525"
"103",2.95,143.525,-12.475,2024,"-12.475 143.525"
"104",3.06,143.525,-12.375,2024,"-12.375 143.525"
"105",3.2,143.525,-12.325,2024,"-12.325 143.525"
"106",3.85,143.525,-12.225,2024,"-12.225 143.525"
"107",3.66,143.525,-12.125,2024,"-12.125 143.525"
"108",2.91,143.525,-12.025,2024,"-12.025 143.525"
"109",2.59,143.525,-11.975,2024,"-11.975 143.525"
"110",3.02,143.525,-11.925,2024,"-11.925 143.525"
"111",3.01,143.525,-11.875,2024,"-11.875 143.525"
"112",2.87,143.525,-11.825,2024,"-11.825 143.525"
"113",3.2,143.525,-11.775,2024,"-11.775 143.525"
"114",3.7,143.525,-11.675,2024,"-11.675 143.525"
"115",5.07,143.525,-11.425,2024,"-11.425 143.525"
"116",5.01,143.525,-11.025,2024,"-11.025 143.525"
"117",5.49,143.575,-13.175,2024,"-13.175 143.575"
"118",3.12,143.575,-12.575,2024,"-12.575 143.575"
"119",3.68,143.575,-12.225,2024,"-12.225 143.575"
"120",3.53,143.575,-12.175,2024,"-12.175 143.575"
"121",3.65,143.575,-12.125,2024,"-12.125 143.575"
"122",2.91,143.575,-12.025,2024,"-12.025 143.575"
"123",3.03,143.575,-11.975,2024,"-11.975 143.575"
"124",3.2,143.575,-11.925,2024,"-11.925 143.575"
"125",3.34,143.575,-11.775,2024,"-11.775 143.575"
"126",3.85,143.575,-11.675,2024,"-11.675 143.575"
"127",4.09,143.575,-11.625,2024,"-11.625 143.575"
"128",5.11,143.575,-11.425,2024,"-11.425 143.575"
"129",4.94,143.575,-11.375,2024,"-11.375 143.575"
"130",4.92,143.575,-11.325,2024,"-11.325 143.575"
"131",4.96,143.575,-11.275,2024,"-11.275 143.575"
"132",4.71,143.575,-11.175,2024,"-11.175 143.575"
"133",4.63,143.575,-11.125,2024,"-11.125 143.575"
"134",4.67,143.575,-11.075,2024,"-11.075 143.575"
"135",3.6,143.575,-10.725,2024,"-10.725 143.575"
"136",2.99,143.575,-10.375,2024,"-10.375 143.575"
"137",2.5,143.625,-12.425,2024,"-12.425 143.625"
"138",2.51,143.625,-12.375,2024,"-12.375 143.625"
"139",3.25,143.625,-12.325,2024,"-12.325 143.625"
"140",3.66,143.625,-12.175,2024,"-12.175 143.625"
"141",3.66,143.625,-12.125,2024,"-12.125 143.625"
"142",3.32,143.625,-12.025,2024,"-12.025 143.625"
"143",3.32,143.625,-11.975,2024,"-11.975 143.625"
"144",3.18,143.625,-11.925,2024,"-11.925 143.625"
"145",3.62,143.625,-11.875,2024,"-11.875 143.625"
"146",3.5,143.625,-11.825,2024,"-11.825 143.625"
"147",3.81,143.625,-11.775,2024,"-11.775 143.625"
"148",4.12,143.625,-11.675,2024,"-11.675 143.625"
"149",4.27,143.625,-11.575,2024,"-11.575 143.625"
"150",4.75,143.625,-11.375,2024,"-11.375 143.625"
"151",4.48,143.625,-11.275,2024,"-11.275 143.625"
"152",4.13,143.625,-10.875,2024,"-10.875 143.625"
"153",3.42,143.625,-10.775,2024,"-10.775 143.625"
"154",3.36,143.625,-10.725,2024,"-10.725 143.625"
"155",4.57,143.675,-13.225,2024,"-13.225 143.675"
"156",4.34,143.675,-13.125,2024,"-13.125 143.675"
"157",4.24,143.675,-13.075,2024,"-13.075 143.675"
"158",3.63,143.675,-12.675,2024,"-12.675 143.675"
"159",3.44,143.675,-12.625,2024,"-12.625 143.675"
"160",3.67,143.675,-12.575,2024,"-12.575 143.675"
"161",3.32,143.675,-12.525,2024,"-12.525 143.675"
"162",3.14,143.675,-12.475,2024,"-12.475 143.675"
"163",3.56,143.675,-12.375,2024,"-12.375 143.675"
"164",3.47,143.675,-12.325,2024,"-12.325 143.675"
"165",3.77,143.675,-12.275,2024,"-12.275 143.675"
"166",3.8,143.675,-12.225,2024,"-12.225 143.675"
"167",3.5,143.675,-12.175,2024,"-12.175 143.675"
"168",3.65,143.675,-12.125,2024,"-12.125 143.675"
"169",3.64,143.675,-12.075,2024,"-12.075 143.675"
"170",3.75,143.675,-12.025,2024,"-12.025 143.675"
"171",3.74,143.675,-11.975,2024,"-11.975 143.675"
"172",3.45,143.675,-11.925,2024,"-11.925 143.675"
"173",3.64,143.675,-11.875,2024,"-11.875 143.675"
"174",3.6,143.675,-11.825,2024,"-11.825 143.675"
"175",3.93,143.675,-11.625,2024,"-11.625 143.675"
"176",3.84,143.675,-11.475,2024,"-11.475 143.675"
"177",5.21,143.725,-13.425,2024,"-13.425 143.725"
"178",4.4,143.725,-13.175,2024,"-13.175 143.725"
"179",4.12,143.725,-12.925,2024,"-12.925 143.725"
"180",3.9,143.725,-12.825,2024,"-12.825 143.725"
"181",4.19,143.725,-12.775,2024,"-12.775 143.725"
"182",3.89,143.725,-12.725,2024,"-12.725 143.725"
"183",4.51,143.725,-12.675,2024,"-12.675 143.725"
"184",4.99,143.725,-12.625,2024,"-12.625 143.725"
"185",4.63,143.725,-12.575,2024,"-12.575 143.725"
"186",4.48,143.725,-12.325,2024,"-12.325 143.725"
"187",4.75,143.725,-12.275,2024,"-12.275 143.725"
"188",4.34,143.725,-12.225,2024,"-12.225 143.725"
"189",3.99,143.725,-12.175,2024,"-12.175 143.725"
"190",4.52,143.725,-12.075,2024,"-12.075 143.725"
"191",4.82,143.725,-12.025,2024,"-12.025 143.725"
"192",4.64,143.725,-11.975,2024,"-11.975 143.725"
"193",3.47,143.725,-11.475,2024,"-11.475 143.725"
"194",3.25,143.725,-11.375,2024,"-11.375 143.725"
"195",3.27,143.725,-11.275,2024,"-11.275 143.725"
"196",3.32,143.725,-11.175,2024,"-11.175 143.725"
"197",2.96,143.725,-10.775,2024,"-10.775 143.725"
"198",7.01,143.775,-14.225,2024,"-14.225 143.775"
"199",5.49,143.775,-13.825,2024,"-13.825 143.775"
"200",5.24,143.775,-13.725,2024,"-13.725 143.775"
"201",5.22,143.775,-13.675,2024,"-13.675 143.775"
"202",5.13,143.775,-13.325,2024,"-13.325 143.775"
"203",4.84,143.775,-13.225,2024,"-13.225 143.775"
"204",4.94,143.775,-13.025,2024,"-13.025 143.775"
"205",3.8,143.775,-12.875,2024,"-12.875 143.775"
"206",5.5,143.775,-12.475,2024,"-12.475 143.775"
"207",3,143.775,-11.425,2024,"-11.425 143.775"
"208",3.25,143.775,-11.275,2024,"-11.275 143.775"
"209",3.14,143.775,-11.225,2024,"-11.225 143.775"
"210",5.39,143.825,-13.775,2024,"-13.775 143.825"
"211",5.12,143.825,-13.625,2024,"-13.625 143.825"
"212",5.11,143.825,-13.575,2024,"-13.575 143.825"
"213",5.29,143.825,-13.425,2024,"-13.425 143.825"
"214",6.04,143.825,-13.125,2024,"-13.125 143.825"
"215",5.57,143.825,-12.975,2024,"-12.975 143.825"
"216",5.56,143.825,-12.925,2024,"-12.925 143.825"
"217",5.41,143.825,-12.875,2024,"-12.875 143.825"
"218",6.95,143.825,-12.625,2024,"-12.625 143.825"
"219",4.94,143.825,-11.875,2024,"-11.875 143.825"
"220",3.05,143.825,-11.275,2024,"-11.275 143.825"
"221",3.67,143.825,-10.825,2024,"-10.825 143.825"
"222",5.53,143.875,-13.725,2024,"-13.725 143.875"
"223",5.49,143.875,-13.525,2024,"-13.525 143.875"
"224",6.21,143.875,-13.225,2024,"-13.225 143.875"
"225",6.34,143.875,-13.175,2024,"-13.175 143.875"
"226",6.82,143.875,-13.125,2024,"-13.125 143.875"
"227",8.91,143.875,-12.325,2024,"-12.325 143.875"
"228",2.54,143.875,-11.525,2024,"-11.525 143.875"
"229",6.07,143.925,-13.925,2024,"-13.925 143.925"
"230",5.92,143.925,-13.825,2024,"-13.825 143.925"
"231",5.98,143.925,-13.725,2024,"-13.725 143.925"
"232",8.6,143.925,-13.175,2024,"-13.175 143.925"
"233",8.44,143.925,-13.125,2024,"-13.125 143.925"
"234",9.46,143.925,-12.275,2024,"-12.275 143.925"
"235",9.36,143.925,-12.225,2024,"-12.225 143.925"
"236",3.29,143.925,-10.575,2024,"-10.575 143.925"
"237",3.54,143.925,-10.525,2024,"-10.525 143.925"
"238",3.24,143.925,-10.425,2024,"-10.425 143.925"
"239",6.32,143.975,-13.925,2024,"-13.925 143.975"
"240",6.47,143.975,-13.875,2024,"-13.875 143.975"
"241",6.69,143.975,-13.825,2024,"-13.825 143.975"
"242",7.91,143.975,-13.425,2024,"-13.425 143.975"
"243",8.13,143.975,-13.325,2024,"-13.325 143.975"
"244",9.3,143.975,-13.225,2024,"-13.225 143.975"
"245",9.46,143.975,-12.075,2024,"-12.075 143.975"
"246",4.01,143.975,-11.425,2024,"-11.425 143.975"
"247",4.21,143.975,-10.775,2024,"-10.775 143.975"
"248",3.98,143.975,-10.725,2024,"-10.725 143.975"
"249",4.28,143.975,-10.675,2024,"-10.675 143.975"
"250",6.64,144.025,-14.025,2024,"-14.025 144.025"
"251",6.96,144.025,-13.875,2024,"-13.875 144.025"
"252",9.31,144.025,-11.825,2024,"-11.825 144.025"
"253",8.71,144.025,-11.775,2024,"-11.775 144.025"
"254",8.5,144.025,-11.725,2024,"-11.725 144.025"
"255",7.6,144.025,-11.675,2024,"-11.675 144.025"
"256",5.22,144.025,-11.525,2024,"-11.525 144.025"
"257",4.27,144.025,-11.275,2024,"-11.275 144.025"
"258",4.77,144.025,-11.025,2024,"-11.025 144.025"
"259",5.13,144.025,-10.925,2024,"-10.925 144.025"
"260",5.34,144.025,-10.875,2024,"-10.875 144.025"
"261",6.82,144.075,-14.025,2024,"-14.025 144.075"
"262",7.21,144.075,-13.975,2024,"-13.975 144.075"
"263",7.42,144.075,-13.925,2024,"-13.925 144.075"
"264",7.65,144.075,-13.875,2024,"-13.875 144.075"
"265",8.87,144.075,-13.525,2024,"-13.525 144.075"
"266",9.73,144.075,-11.825,2024,"-11.825 144.075"
"267",9.17,144.075,-11.725,2024,"-11.725 144.075"
"268",7.49,144.125,-13.975,2024,"-13.975 144.125"
"269",7.51,144.175,-13.975,2024,"-13.975 144.175"
"270",9.7,144.175,-13.675,2024,"-13.675 144.175"
"271",6.29,144.225,-14.075,2024,"-14.075 144.225"
"272",7.98,144.225,-13.925,2024,"-13.925 144.225"
"273",9.36,144.225,-13.725,2024,"-13.725 144.225"
"274",7.9,144.325,-13.875,2024,"-13.875 144.325"
"275",5.95,144.375,-10.375,2024,"-10.375 144.375"
"276",5.84,144.425,-10.425,2024,"-10.425 144.425"
"277",5.94,144.425,-10.375,2024,"-10.375 144.425"
"278",6.19,144.475,-10.375,2024,"-10.375 144.475"
"279",6.99,144.525,-14.125,2024,"-14.125 144.525"
"280",7.18,144.525,-13.975,2024,"-13.975 144.525"
"281",8.5,144.625,-14.475,2024,"-14.475 144.625"
"282",8.48,144.625,-14.425,2024,"-14.425 144.625"
"283",7.8,144.625,-13.925,2024,"-13.925 144.625"
"284",8.09,144.675,-14.225,2024,"-14.225 144.675"
"285",7.58,144.675,-13.975,2024,"-13.975 144.675"
"286",8.15,144.725,-14.275,2024,"-14.275 144.725"
"287",7.83,144.725,-14.225,2024,"-14.225 144.725"
"288",7.68,144.725,-14.175,2024,"-14.175 144.725"
"289",7.41,144.775,-14.275,2024,"-14.275 144.775"
"290",7.79,144.775,-14.225,2024,"-14.225 144.775"
"291",7.46,144.775,-14.175,2024,"-14.175 144.775"
"292",7.29,144.775,-14.125,2024,"-14.125 144.775"
"293",7.79,144.775,-14.075,2024,"-14.075 144.775"
"294",8.03,144.775,-14.025,2024,"-14.025 144.775"
"295",6.92,144.925,-14.425,2024,"-14.425 144.925"
"296",7.45,144.925,-14.225,2024,"-14.225 144.925"
"297",6.71,144.975,-14.525,2024,"-14.525 144.975"
"298",6.93,144.975,-14.425,2024,"-14.425 144.975"
"299",6.91,145.025,-14.475,2024,"-14.475 145.025"
"300",6.73,145.025,-14.375,2024,"-14.375 145.025"
"301",8.42,145.075,-14.775,2024,"-14.775 145.075"
"302",7.88,145.075,-14.275,2024,"-14.275 145.075"
"303",8.07,145.125,-14.275,2024,"-14.275 145.125"
"304",7.01,145.175,-14.475,2024,"-14.475 145.175"
"305",7.03,145.225,-14.475,2024,"-14.475 145.225"
"306",6.88,145.225,-14.425,2024,"-14.425 145.225"
"307",6.98,145.275,-14.475,2024,"-14.475 145.275"
"308",7.05,145.275,-14.425,2024,"-14.425 145.275"
"309",6.98,145.325,-14.425,2024,"-14.425 145.325"
"310",7.7,145.325,-14.375,2024,"-14.375 145.325"
"311",3.29,145.375,-15.925,2024,"-15.925 145.375"
"312",6.27,145.375,-14.725,2024,"-14.725 145.375"
"313",8.31,145.375,-14.375,2024,"-14.375 145.375"
"314",3.27,145.425,-15.475,2024,"-15.475 145.425"
"315",2.99,145.425,-15.425,2024,"-15.425 145.425"
"316",7.81,145.425,-14.425,2024,"-14.425 145.425"
"317",3.42,145.475,-15.675,2024,"-15.675 145.475"
"318",3.35,145.475,-15.525,2024,"-15.525 145.475"
"319",6.2,145.475,-14.925,2024,"-14.925 145.475"
"320",5.93,145.475,-14.675,2024,"-14.675 145.475"
"321",7.1,145.525,-16.525,2024,"-16.525 145.525"
"322",3.94,145.525,-15.675,2024,"-15.675 145.525"
"323",3.27,145.525,-15.425,2024,"-15.425 145.525"
"324",3.85,145.525,-15.275,2024,"-15.275 145.525"
"325",6.46,145.525,-14.875,2024,"-14.875 145.525"
"326",6.4,145.525,-14.825,2024,"-14.825 145.525"
"327",6.78,145.525,-14.775,2024,"-14.775 145.525"
"328",8.21,145.525,-14.475,2024,"-14.475 145.525"
"329",3.45,145.575,-15.875,2024,"-15.875 145.575"
"330",3.92,145.575,-15.775,2024,"-15.775 145.575"
"331",4.49,145.575,-15.575,2024,"-15.575 145.575"
"332",3.27,145.575,-15.375,2024,"-15.375 145.575"
"333",3.85,145.575,-15.275,2024,"-15.275 145.575"
"334",8.21,145.575,-14.525,2024,"-14.525 145.575"
"335",3.48,145.625,-15.775,2024,"-15.775 145.625"
"336",4.73,145.625,-15.625,2024,"-15.625 145.625"
"337",3.71,145.625,-15.425,2024,"-15.425 145.625"
"338",4.02,145.625,-15.275,2024,"-15.275 145.625"
"339",6.97,145.625,-14.875,2024,"-14.875 145.625"
"340",7.61,145.625,-14.625,2024,"-14.625 145.625"
"341",5.91,145.675,-16.175,2024,"-16.175 145.675"
"342",5.19,145.675,-16.125,2024,"-16.125 145.675"
"343",3.5,145.675,-15.975,2024,"-15.975 145.675"
"344",6.72,145.675,-15.025,2024,"-15.025 145.675"
"345",7.34,145.675,-14.875,2024,"-14.875 145.675"
"346",7.03,145.725,-16.425,2024,"-16.425 145.725"
"347",6.98,145.725,-16.375,2024,"-16.375 145.725"
"348",7.08,145.725,-16.325,2024,"-16.325 145.725"
"349",5.8,145.725,-16.175,2024,"-16.175 145.725"
"350",5.38,145.725,-16.125,2024,"-16.125 145.725"
"351",4.52,145.725,-16.075,2024,"-16.075 145.725"
"352",7,145.725,-15.075,2024,"-15.075 145.725"
"353",8.28,145.725,-14.875,2024,"-14.875 145.725"
"354",8.19,145.725,-14.825,2024,"-14.825 145.725"
"355",7.14,145.775,-16.425,2024,"-16.425 145.775"
"356",7.5,145.775,-16.375,2024,"-16.375 145.775"
"357",7.15,145.775,-16.325,2024,"-16.325 145.775"
"358",6.63,145.775,-16.275,2024,"-16.275 145.775"
"359",5.37,145.775,-16.125,2024,"-16.125 145.775"
"360",5.05,145.775,-15.875,2024,"-15.875 145.775"
"361",5.85,145.775,-15.575,2024,"-15.575 145.775"
"362",6.16,145.775,-15.375,2024,"-15.375 145.775"
"363",7.2,145.825,-16.425,2024,"-16.425 145.825"
"364",7.25,145.825,-16.375,2024,"-16.375 145.825"
"365",7.08,145.825,-16.325,2024,"-16.325 145.825"
"366",6.75,145.825,-16.275,2024,"-16.275 145.825"
"367",5.87,145.825,-16.125,2024,"-16.125 145.825"
"368",5.87,145.825,-15.975,2024,"-15.975 145.825"
"369",6.65,145.825,-15.825,2024,"-15.825 145.825"
"370",7.01,145.875,-16.375,2024,"-16.375 145.875"
"371",7.04,145.875,-16.325,2024,"-16.325 145.875"
"372",7.1,145.875,-16.225,2024,"-16.225 145.875"
"373",7.11,145.925,-16.675,2024,"-16.675 145.925"
"374",6.67,145.925,-16.625,2024,"-16.625 145.925"
"375",7.5,145.975,-16.675,2024,"-16.675 145.975"
"376",7.88,146.025,-16.725,2024,"-16.725 146.025"
"377",7.3,146.025,-16.575,2024,"-16.575 146.025"
"378",7.62,146.025,-16.525,2024,"-16.525 146.025"
"379",8.25,146.075,-16.725,2024,"-16.725 146.075"
"380",4.14,146.125,-17.775,2024,"-17.775 146.125"
"381",4.97,146.175,-17.675,2024,"-17.675 146.175"
"382",7.03,146.175,-17.075,2024,"-17.075 146.175"
"383",7.24,146.175,-17.025,2024,"-17.025 146.175"
"384",6.97,146.175,-16.975,2024,"-16.975 146.175"
"385",6.89,146.175,-16.875,2024,"-16.875 146.175"
"386",7.16,146.225,-17.025,2024,"-17.025 146.225"
"387",6.8,146.225,-16.975,2024,"-16.975 146.225"
"388",6.78,146.225,-16.925,2024,"-16.925 146.225"
"389",7.17,146.225,-16.875,2024,"-16.875 146.225"
"390",7.2,146.275,-16.925,2024,"-16.925 146.275"
"391",6.67,146.325,-17.125,2024,"-17.125 146.325"
"392",4.98,146.375,-17.725,2024,"-17.725 146.375"
"393",5.54,146.375,-17.525,2024,"-17.525 146.375"
"394",5.4,146.375,-17.475,2024,"-17.475 146.375"
"395",5.25,146.375,-17.425,2024,"-17.425 146.375"
"396",5.49,146.375,-17.375,2024,"-17.375 146.375"
"397",5.33,146.375,-17.325,2024,"-17.325 146.375"
"398",5.6,146.375,-17.275,2024,"-17.275 146.375"
"399",4.9,146.425,-17.775,2024,"-17.775 146.425"
"400",5.19,146.425,-17.675,2024,"-17.675 146.425"
"401",5.51,146.425,-17.625,2024,"-17.625 146.425"
"402",5.61,146.425,-17.375,2024,"-17.375 146.425"
"403",6.05,146.425,-17.275,2024,"-17.275 146.425"
"404",4.99,146.475,-17.675,2024,"-17.675 146.475"
"405",5.46,146.475,-17.625,2024,"-17.625 146.475"
"406",6.33,146.475,-17.225,2024,"-17.225 146.475"
"407",8.03,146.475,-17.125,2024,"-17.125 146.475"
"408",5.24,146.525,-18.075,2024,"-18.075 146.525"
"409",4.78,146.525,-18.025,2024,"-18.025 146.525"
"410",4.91,146.525,-17.775,2024,"-17.775 146.525"
"411",5.1,146.525,-17.725,2024,"-17.725 146.525"
"412",5.29,146.525,-17.525,2024,"-17.525 146.525"
"413",6.46,146.575,-18.725,2024,"-18.725 146.575"
"414",4.97,146.575,-18.075,2024,"-18.075 146.575"
"415",4.94,146.575,-18.025,2024,"-18.025 146.575"
"416",4.75,146.575,-17.875,2024,"-17.875 146.575"
"417",4.6,146.575,-17.825,2024,"-17.825 146.575"
"418",5.24,146.575,-17.575,2024,"-17.575 146.575"
"419",4.62,146.625,-18.025,2024,"-18.025 146.625"
"420",4.89,146.625,-17.875,2024,"-17.875 146.625"
"421",5.37,146.625,-17.775,2024,"-17.775 146.625"
"422",6.59,146.675,-18.375,2024,"-18.375 146.675"
"423",5.74,146.675,-18.225,2024,"-18.225 146.675"
"424",6.16,146.675,-17.775,2024,"-17.775 146.675"
"425",6.98,146.725,-18.425,2024,"-18.425 146.725"
"426",6.71,146.725,-18.325,2024,"-18.325 146.725"
"427",5.76,146.725,-18.225,2024,"-18.225 146.725"
"428",5.72,146.725,-17.875,2024,"-17.875 146.725"
"429",6.81,146.775,-18.375,2024,"-18.375 146.775"
"430",5.77,146.775,-18.225,2024,"-18.225 146.775"
"431",4.91,146.775,-18.125,2024,"-18.125 146.775"
"432",9.49,146.825,-19.175,2024,"-19.175 146.825"
"433",6.88,146.825,-18.375,2024,"-18.375 146.825"
"434",6.79,146.825,-18.325,2024,"-18.325 146.825"
"435",6.47,146.825,-18.225,2024,"-18.225 146.825"
"436",5.72,146.825,-18.075,2024,"-18.075 146.825"
"437",6.7,146.875,-18.475,2024,"-18.475 146.875"
"438",6.99,146.875,-18.325,2024,"-18.325 146.875"
"439",6.72,146.875,-18.025,2024,"-18.025 146.875"
"440",6.24,147.025,-18.525,2024,"-18.525 147.025"
"441",7.55,147.025,-18.225,2024,"-18.225 147.025"
"442",5.79,147.075,-18.625,2024,"-18.625 147.075"
"443",7.05,147.075,-18.425,2024,"-18.425 147.075"
"444",6.71,147.125,-18.525,2024,"-18.525 147.125"
"445",5.73,147.425,-18.625,2024,"-18.625 147.425"
"446",6.14,147.475,-18.575,2024,"-18.575 147.475"
"447",4.86,147.525,-18.725,2024,"-18.725 147.525"
"448",6.72,147.525,-18.525,2024,"-18.525 147.525"
"449",6.54,147.575,-18.575,2024,"-18.575 147.575"
"450",3.26,147.725,-18.925,2024,"-18.925 147.725"
"451",3.42,147.725,-18.875,2024,"-18.875 147.725"
"452",4.42,147.725,-18.775,2024,"-18.775 147.725"
"453",3.09,147.775,-18.925,2024,"-18.925 147.775"
"454",5.34,147.875,-18.775,2024,"-18.775 147.875"
"455",4.07,147.975,-18.925,2024,"-18.925 147.975"
"456",3.23,148.075,-19.375,2024,"-19.375 148.075"
"457",2.74,148.075,-19.325,2024,"-19.325 148.075"
"458",2.39,148.075,-19.275,2024,"-19.275 148.075"
"459",3.13,148.075,-19.075,2024,"-19.075 148.075"
"460",3.29,148.125,-19.425,2024,"-19.425 148.125"
"461",2.1,148.125,-19.225,2024,"-19.225 148.125"
"462",2.28,148.125,-19.175,2024,"-19.175 148.125"
"463",3.68,148.125,-19.025,2024,"-19.025 148.125"
"464",2.24,148.175,-19.225,2024,"-19.225 148.175"
"465",2.39,148.225,-19.225,2024,"-19.225 148.225"
"466",2.7,148.325,-19.225,2024,"-19.225 148.325"
"467",2.94,148.325,-19.125,2024,"-19.125 148.325"
"468",4.9,148.325,-19.025,2024,"-19.025 148.325"
"469",3.04,148.375,-19.175,2024,"-19.175 148.375"
"470",3.4,148.375,-19.125,2024,"-19.125 148.375"
"471",3.05,148.425,-19.175,2024,"-19.175 148.425"
"472",3.27,148.425,-19.125,2024,"-19.125 148.425"
"473",6.63,148.425,-18.975,2024,"-18.975 148.425"
"474",3.07,148.475,-19.175,2024,"-19.175 148.475"
"475",4.07,148.475,-19.125,2024,"-19.125 148.475"
"476",2.55,148.525,-19.225,2024,"-19.225 148.525"
"477",2.81,148.575,-19.275,2024,"-19.275 148.575"
"478",3.13,148.625,-19.325,2024,"-19.325 148.625"
"479",3.37,148.625,-19.225,2024,"-19.225 148.625"
"480",3.02,148.675,-19.425,2024,"-19.425 148.675"
"481",3.01,148.675,-19.375,2024,"-19.375 148.675"
"482",3.36,148.675,-19.275,2024,"-19.275 148.675"
"483",3.04,148.725,-19.475,2024,"-19.475 148.725"
"484",3.06,148.725,-19.425,2024,"-19.425 148.725"
"485",3.06,148.775,-19.525,2024,"-19.525 148.775"
"486",2.9,148.775,-19.475,2024,"-19.475 148.775"
"487",2.92,148.775,-19.425,2024,"-19.425 148.775"
"488",2.87,148.825,-19.475,2024,"-19.475 148.825"
"489",3.02,148.825,-19.425,2024,"-19.425 148.825"
"490",3.05,148.825,-19.375,2024,"-19.375 148.825"
"491",6.59,148.825,-19.125,2024,"-19.125 148.825"
"492",2.71,148.875,-19.425,2024,"-19.425 148.875"
"493",2.91,148.875,-19.375,2024,"-19.375 148.875"
"494",8,148.925,-20.275,2024,"-20.275 148.925"
"495",5.82,148.925,-20.075,2024,"-20.075 148.925"
"496",6.7,148.975,-20.175,2024,"-20.175 148.975"
"497",2.86,148.975,-19.525,2024,"-19.525 148.975"
"498",4.09,148.975,-19.275,2024,"-19.275 148.975"
"499",2.89,149.025,-19.475,2024,"-19.475 149.025"
"500",9.19,149.075,-20.475,2024,"-20.475 149.075"
"501",3.5,149.075,-19.525,2024,"-19.525 149.075"
"502",3.35,149.075,-19.475,2024,"-19.475 149.075"
"503",3.57,149.075,-19.375,2024,"-19.375 149.075"
"504",3.37,149.125,-19.525,2024,"-19.525 149.125"
"505",5.03,149.175,-19.825,2024,"-19.825 149.175"
"506",4.5,149.175,-19.725,2024,"-19.725 149.175"
"507",4.1,149.175,-19.475,2024,"-19.475 149.175"
"508",4.6,149.175,-19.425,2024,"-19.425 149.175"
"509",5.19,149.225,-19.825,2024,"-19.825 149.225"
"510",5.28,149.225,-19.775,2024,"-19.775 149.225"
"511",4.57,149.225,-19.475,2024,"-19.475 149.225"
"512",5.2,149.275,-19.775,2024,"-19.775 149.275"
"513",4.61,149.275,-19.575,2024,"-19.575 149.275"
"514",4.62,149.275,-19.525,2024,"-19.525 149.275"
"515",5.43,149.275,-19.475,2024,"-19.475 149.275"
"516",10.91,149.325,-21.325,2024,"-21.325 149.325"
"517",5.23,149.325,-19.725,2024,"-19.725 149.325"
"518",5.19,149.325,-19.675,2024,"-19.675 149.325"
"519",5.78,149.375,-19.725,2024,"-19.725 149.375"
"520",5.57,149.375,-19.675,2024,"-19.675 149.375"
"521",5.04,149.375,-19.625,2024,"-19.625 149.375"
"522",5.83,149.425,-19.725,2024,"-19.725 149.425"
"523",5.42,149.425,-19.625,2024,"-19.625 149.425"
"524",9.78,149.475,-21.525,2024,"-21.525 149.475"
"525",5.84,149.475,-19.825,2024,"-19.825 149.475"
"526",5.69,149.475,-19.775,2024,"-19.775 149.475"
"527",5.66,149.475,-19.725,2024,"-19.725 149.475"
"528",5.46,149.475,-19.675,2024,"-19.675 149.475"
"529",5.66,149.525,-19.775,2024,"-19.775 149.525"
"530",5.64,149.525,-19.725,2024,"-19.725 149.525"
"531",9.75,149.575,-21.975,2024,"-21.975 149.575"
"532",9.11,149.575,-21.475,2024,"-21.475 149.575"
"533",5.28,149.575,-19.875,2024,"-19.875 149.575"
"534",9.06,149.625,-20.775,2024,"-20.775 149.625"
"535",5.41,149.625,-19.775,2024,"-19.775 149.625"
"536",9.89,149.675,-21.975,2024,"-21.975 149.675"
"537",5.48,149.675,-19.825,2024,"-19.825 149.675"
"538",6.52,149.675,-19.625,2024,"-19.625 149.675"
"539",5.68,149.725,-20.025,2024,"-20.025 149.725"
"540",5.7,149.725,-19.975,2024,"-19.975 149.725"
"541",5.96,149.725,-19.875,2024,"-19.875 149.725"
"542",6.98,149.725,-19.675,2024,"-19.675 149.725"
"543",10.34,149.775,-21.625,2024,"-21.625 149.775"
"544",6.68,149.775,-19.725,2024,"-19.725 149.775"
"545",7.42,149.775,-19.675,2024,"-19.675 149.775"
"546",9.77,149.825,-22.025,2024,"-22.025 149.825"
"547",10.26,149.825,-21.375,2024,"-21.375 149.825"
"548",5.79,149.825,-20.075,2024,"-20.075 149.825"
"549",10.27,149.875,-21.975,2024,"-21.975 149.875"
"550",9.21,149.875,-19.625,2024,"-19.625 149.875"
"551",10.36,149.925,-21.475,2024,"-21.475 149.925"
"552",8.09,150.025,-20.575,2024,"-20.575 150.025"
"553",6.57,150.025,-20.125,2024,"-20.125 150.025"
"554",7.68,150.075,-20.975,2024,"-20.975 150.075"
"555",8.07,150.075,-20.525,2024,"-20.525 150.075"
"556",7.01,150.075,-20.275,2024,"-20.275 150.075"
"557",6.94,150.075,-20.225,2024,"-20.225 150.075"
"558",6.92,150.075,-20.175,2024,"-20.175 150.075"
"559",6.56,150.075,-20.125,2024,"-20.125 150.075"
"560",8.16,150.075,-19.825,2024,"-19.825 150.075"
"561",8.25,150.125,-20.575,2024,"-20.575 150.125"
"562",7.21,150.125,-20.275,2024,"-20.275 150.125"
"563",10.28,150.125,-19.775,2024,"-19.775 150.125"
"564",7.51,150.175,-20.325,2024,"-20.325 150.175"
"565",8.04,150.225,-20.675,2024,"-20.675 150.225"
"566",7.21,150.225,-20.025,2024,"-20.025 150.225"
"567",10.08,150.225,-19.875,2024,"-19.875 150.225"
"568",8.39,150.275,-22.225,2024,"-22.225 150.275"
"569",9.21,150.275,-19.925,2024,"-19.925 150.275"
"570",7.42,150.325,-20.125,2024,"-20.125 150.325"
"571",8.13,150.375,-21.025,2024,"-21.025 150.375"
"572",8.23,150.425,-21.075,2024,"-21.075 150.425"
"573",8.53,150.425,-20.825,2024,"-20.825 150.425"
"574",7.9,150.425,-20.125,2024,"-20.125 150.425"
"575",8.14,150.425,-20.075,2024,"-20.075 150.425"
"576",8.56,150.475,-21.125,2024,"-21.125 150.475"
"577",8.65,150.475,-21.075,2024,"-21.075 150.475"
"578",8.26,150.475,-20.775,2024,"-20.775 150.475"
"579",8.33,150.475,-20.725,2024,"-20.725 150.475"
"580",8.34,150.475,-20.675,2024,"-20.675 150.475"
"581",8.2,150.475,-20.175,2024,"-20.175 150.475"
"582",8.63,150.525,-20.975,2024,"-20.975 150.525"
"583",8.34,150.525,-20.275,2024,"-20.275 150.525"
"584",8.65,150.575,-20.525,2024,"-20.525 150.575"
"585",8.63,150.575,-20.475,2024,"-20.475 150.575"
"586",8.49,150.575,-20.325,2024,"-20.325 150.575"
"587",8.64,150.575,-20.275,2024,"-20.275 150.575"
"588",9.2,150.625,-21.175,2024,"-21.175 150.625"
"589",8.99,150.625,-20.525,2024,"-20.525 150.625"
"590",8.85,150.625,-20.475,2024,"-20.475 150.625"
"591",8.88,150.625,-20.325,2024,"-20.325 150.625"
"592",9.21,150.675,-21.175,2024,"-21.175 150.675"
"593",9.23,150.675,-21.075,2024,"-21.075 150.675"
"594",8.97,150.675,-20.525,2024,"-20.525 150.675"
"595",8.92,150.675,-20.475,2024,"-20.475 150.675"
"596",8.91,150.675,-20.425,2024,"-20.425 150.675"
"597",11.79,150.725,-22.425,2024,"-22.425 150.725"
"598",8.54,150.725,-21.325,2024,"-21.325 150.725"
"599",8.92,150.725,-20.425,2024,"-20.425 150.725"
"600",8.47,150.775,-20.625,2024,"-20.625 150.775"
"601",9.43,150.775,-20.375,2024,"-20.375 150.775"
"602",8.82,150.825,-21.075,2024,"-21.075 150.825"
"603",8.54,150.825,-20.625,2024,"-20.625 150.825"
"604",8.6,150.875,-21.375,2024,"-21.375 150.875"
"605",9.13,150.875,-21.225,2024,"-21.225 150.875"
"606",8.82,150.875,-21.175,2024,"-21.175 150.875"
"607",8.38,150.875,-20.725,2024,"-20.725 150.875"
"608",8.36,150.875,-20.675,2024,"-20.675 150.875"
"609",8.68,150.925,-21.375,2024,"-21.375 150.925"
"610",8.48,150.925,-21.025,2024,"-21.025 150.925"
"611",8.47,150.925,-20.725,2024,"-20.725 150.925"
"612",8.59,150.975,-21.375,2024,"-21.375 150.975"
"613",8.51,150.975,-20.775,2024,"-20.775 150.975"
"614",8.57,150.975,-20.725,2024,"-20.725 150.975"
"615",8.26,151.025,-20.925,2024,"-20.925 151.025"
"616",8.8,151.025,-20.725,2024,"-20.725 151.025"
"617",8.55,151.075,-20.825,2024,"-20.825 151.075"
"618",8.67,151.075,-20.775,2024,"-20.775 151.075"
"619",8.86,151.075,-20.725,2024,"-20.725 151.075"
"620",8.78,151.125,-21.375,2024,"-21.375 151.125"
"621",8.85,151.125,-20.775,2024,"-20.775 151.125"
"622",8.89,151.175,-21.325,2024,"-21.325 151.175"
"623",8.76,151.175,-20.825,2024,"-20.825 151.175"
"624",8.59,151.225,-20.875,2024,"-20.875 151.225"
"625",8.96,151.225,-20.825,2024,"-20.825 151.225"
"626",13.71,151.275,-23.525,2024,"-23.525 151.275"
"627",8.75,151.275,-21.325,2024,"-21.325 151.275"
"628",8.97,151.275,-20.875,2024,"-20.875 151.275"
"629",8.74,151.325,-21.375,2024,"-21.375 151.325"
"630",8,151.325,-21.025,2024,"-21.025 151.325"
"631",9.03,151.325,-20.925,2024,"-20.925 151.325"
"632",8.47,151.375,-21.625,2024,"-21.625 151.375"
"633",8.58,151.375,-21.375,2024,"-21.375 151.375"
"634",7.9,151.375,-21.175,2024,"-21.175 151.375"
"635",7.82,151.375,-21.025,2024,"-21.025 151.375"
"636",8.61,151.375,-20.975,2024,"-20.975 151.375"
"637",9.38,151.375,-20.925,2024,"-20.925 151.375"
"638",8.67,151.425,-21.525,2024,"-21.525 151.425"
"639",8.89,151.425,-20.975,2024,"-20.975 151.425"
"640",9.62,151.425,-20.925,2024,"-20.925 151.425"
"641",8.6,151.475,-21.475,2024,"-21.475 151.475"
"642",8.08,151.475,-21.375,2024,"-21.375 151.475"
"643",7.97,151.475,-21.325,2024,"-21.325 151.475"
"644",9.27,151.475,-20.975,2024,"-20.975 151.475"
"645",8.14,151.525,-21.625,2024,"-21.625 151.525"
"646",7.7,151.525,-21.275,2024,"-21.275 151.525"
"647",8.98,151.525,-21.025,2024,"-21.025 151.525"
"648",7.77,151.575,-21.725,2024,"-21.725 151.575"
"649",7.73,151.575,-21.675,2024,"-21.675 151.575"
"650",7.76,151.575,-21.625,2024,"-21.625 151.575"
"651",7.49,151.575,-21.325,2024,"-21.325 151.575"
"652",7.66,151.575,-21.275,2024,"-21.275 151.575"
"653",7.81,151.575,-21.175,2024,"-21.175 151.575"
"654",10.81,151.625,-23.675,2024,"-23.675 151.625"
"655",7.62,151.625,-21.675,2024,"-21.675 151.625"
"656",7.58,151.625,-21.625,2024,"-21.625 151.625"
"657",7.57,151.625,-21.575,2024,"-21.575 151.625"
"658",7.25,151.625,-21.425,2024,"-21.425 151.625"
"659",7.09,151.675,-21.425,2024,"-21.425 151.675"
"660",7.09,151.675,-21.375,2024,"-21.375 151.675"
"661",9.67,151.675,-21.075,2024,"-21.075 151.675"
"662",11.08,151.725,-23.525,2024,"-23.525 151.725"
"663",9.9,151.725,-23.025,2024,"-23.025 151.725"
"664",7.5,151.775,-21.775,2024,"-21.775 151.775"
"665",6.87,151.775,-21.625,2024,"-21.625 151.775"
"666",6.52,151.775,-21.575,2024,"-21.575 151.775"
"667",5.85,151.775,-21.525,2024,"-21.525 151.775"
"668",9.77,151.775,-21.125,2024,"-21.125 151.775"
"669",11.26,151.825,-23.275,2024,"-23.275 151.825"
"670",9.31,151.825,-21.175,2024,"-21.175 151.825"
"671",11.32,151.875,-23.475,2024,"-23.475 151.875"
"672",11.43,151.875,-23.275,2024,"-23.275 151.875"
"673",11.6,151.925,-23.275,2024,"-23.275 151.925"
"674",5.98,151.925,-21.525,2024,"-21.525 151.925"
"675",11.64,151.975,-23.325,2024,"-23.325 151.975"
"676",11.59,152.025,-23.425,2024,"-23.425 152.025"
"677",6.32,152.025,-21.375,2024,"-21.375 152.025"
"678",7.51,152.075,-21.925,2024,"-21.925 152.075"
"679",7.56,152.125,-22.025,2024,"-22.025 152.125"
"680",7.33,152.125,-21.925,2024,"-21.925 152.125"
"681",7.5,152.125,-21.875,2024,"-21.875 152.125"
"682",11.7,152.175,-23.625,2024,"-23.625 152.175"
"683",7.58,152.175,-22.025,2024,"-22.025 152.175"
"684",7.92,152.275,-22.025,2024,"-22.025 152.275"
"685",7.5,152.325,-21.825,2024,"-21.825 152.325"
"686",7.2,152.325,-21.675,2024,"-21.675 152.325"
"687",8.04,152.375,-21.975,2024,"-21.975 152.375"
"688",7.89,152.425,-21.825,2024,"-21.825 152.425"
"689",7.98,152.425,-21.775,2024,"-21.775 152.425"
"690",6.81,152.425,-21.225,2024,"-21.225 152.425"
"691",8.53,152.475,-22.075,2024,"-22.075 152.475"
"692",7.02,152.475,-21.125,2024,"-21.125 152.475"
"693",8.69,152.525,-21.925,2024,"-21.925 152.525"
"694",8.69,152.525,-21.875,2024,"-21.875 152.525"
"695",8.84,152.525,-21.775,2024,"-21.775 152.525"
"696",8.65,152.525,-21.725,2024,"-21.725 152.525"
"697",7.93,152.525,-21.575,2024,"-21.575 152.525"
"698",6.6,152.525,-21.225,2024,"-21.225 152.525"
"699",6.62,152.525,-21.175,2024,"-21.175 152.525"
"700",6.85,152.575,-21.325,2024,"-21.325 152.575"
"701",8.07,152.575,-21.025,2024,"-21.025 152.575"
"702",9.15,152.625,-22.125,2024,"-22.125 152.625"
"703",9.65,152.625,-21.825,2024,"-21.825 152.625"
"704",6.65,152.625,-21.175,2024,"-21.175 152.625"
"705",7.15,152.625,-21.125,2024,"-21.125 152.625"
"706",9.22,152.675,-22.375,2024,"-22.375 152.675"
"707",9.31,152.675,-22.175,2024,"-22.175 152.675"
"708",9.35,152.675,-22.075,2024,"-22.075 152.675"
"709",9.38,152.725,-22.325,2024,"-22.325 152.725"
"710",9.53,152.725,-22.275,2024,"-22.275 152.725"
"711",7.83,152.775,-21.125,2024,"-21.125 152.775"
"712",11.76,153.125,-24.375,2024,"-24.375 153.125"
"713",5.29,142.125,-10.375,2022,"-10.375 142.125"
"714",5.74,142.175,-10.575,2022,"-10.575 142.175"
"715",5.43,142.175,-10.425,2022,"-10.425 142.175"
"716",5.52,142.225,-10.475,2022,"-10.475 142.225"
"717",5.39,142.225,-10.425,2022,"-10.425 142.225"
"718",4.27,142.575,-10.825,2022,"-10.825 142.575"
"719",4.24,142.625,-10.925,2022,"-10.925 142.625"
"720",4.76,142.625,-10.725,2022,"-10.725 142.625"
"721",4.55,142.775,-10.825,2022,"-10.825 142.775"
"722",5.19,142.775,-10.725,2022,"-10.725 142.775"
"723",4.97,142.825,-10.675,2022,"-10.675 142.825"
"724",5.35,142.925,-10.625,2022,"-10.625 142.925"
"725",5.56,142.925,-10.575,2022,"-10.575 142.925"
"726",5.17,143.025,-11.175,2022,"-11.175 143.025"
"727",5.86,143.175,-11.375,2022,"-11.375 143.175"
"728",7.8,143.225,-12.375,2022,"-12.375 143.225"
"729",5.66,143.225,-11.575,2022,"-11.575 143.225"
"730",5.64,143.225,-11.425,2022,"-11.425 143.225"
"731",6.42,143.275,-12.225,2022,"-12.225 143.275"
"732",5.42,143.275,-11.975,2022,"-11.975 143.275"
"733",5.39,143.275,-11.775,2022,"-11.775 143.275"
"734",5.52,143.275,-11.675,2022,"-11.675 143.275"
"735",5.69,143.275,-11.475,2022,"-11.475 143.275"
"736",5.87,143.275,-11.425,2022,"-11.425 143.275"
"737",5.89,143.275,-11.375,2022,"-11.375 143.275"
"738",4.2,143.275,-10.475,2022,"-10.475 143.275"
"739",6.52,143.325,-12.275,2022,"-12.275 143.325"
"740",5.98,143.325,-12.125,2022,"-12.125 143.325"
"741",5.8,143.325,-12.075,2022,"-12.075 143.325"
"742",5.1,143.325,-11.875,2022,"-11.875 143.325"
"743",5.25,143.325,-11.825,2022,"-11.825 143.325"
"744",5.26,143.325,-11.775,2022,"-11.775 143.325"
"745",5.44,143.325,-11.475,2022,"-11.475 143.325"
"746",5.77,143.325,-11.425,2022,"-11.425 143.325"
"747",5.85,143.325,-11.325,2022,"-11.325 143.325"
"748",6.17,143.325,-11.275,2022,"-11.275 143.325"
"749",6.22,143.325,-11.225,2022,"-11.225 143.325"
"750",6.87,143.325,-11.075,2022,"-11.075 143.325"
"751",6.93,143.325,-11.025,2022,"-11.025 143.325"
"752",6.66,143.375,-12.325,2022,"-12.325 143.375"
"753",6.27,143.375,-12.275,2022,"-12.275 143.375"
"754",5.81,143.375,-12.125,2022,"-12.125 143.375"
"755",5.8,143.375,-12.075,2022,"-12.075 143.375"
"756",5.35,143.375,-12.025,2022,"-12.025 143.375"
"757",5.17,143.375,-11.925,2022,"-11.925 143.375"
"758",5.16,143.375,-11.875,2022,"-11.875 143.375"
"759",5.27,143.375,-11.825,2022,"-11.825 143.375"
"760",5.42,143.375,-11.775,2022,"-11.775 143.375"
"761",5.4,143.375,-11.725,2022,"-11.725 143.375"
"762",5.63,143.375,-11.675,2022,"-11.675 143.375"
"763",5.34,143.375,-11.575,2022,"-11.575 143.375"
"764",5.38,143.375,-11.525,2022,"-11.525 143.375"
"765",5.54,143.375,-11.475,2022,"-11.475 143.375"
"766",5.78,143.375,-11.325,2022,"-11.325 143.375"
"767",6.07,143.375,-11.275,2022,"-11.275 143.375"
"768",6.4,143.375,-11.225,2022,"-11.225 143.375"
"769",6.71,143.375,-11.125,2022,"-11.125 143.375"
"770",5.2,143.375,-10.625,2022,"-10.625 143.375"
"771",7.35,143.425,-12.475,2022,"-12.475 143.425"
"772",7.19,143.425,-12.425,2022,"-12.425 143.425"
"773",6.66,143.425,-12.375,2022,"-12.375 143.425"
"774",6.56,143.425,-12.325,2022,"-12.325 143.425"
"775",6.05,143.425,-12.275,2022,"-12.275 143.425"
"776",5.59,143.425,-12.225,2022,"-12.225 143.425"
"777",5.62,143.425,-12.175,2022,"-12.175 143.425"
"778",5.68,143.425,-12.125,2022,"-12.125 143.425"
"779",5.55,143.425,-12.075,2022,"-12.075 143.425"
"780",5.4,143.425,-12.025,2022,"-12.025 143.425"
"781",5.21,143.425,-11.925,2022,"-11.925 143.425"
"782",5.02,143.425,-11.825,2022,"-11.825 143.425"
"783",5.18,143.425,-11.725,2022,"-11.725 143.425"
"784",5.37,143.425,-11.675,2022,"-11.675 143.425"
"785",5.43,143.425,-11.575,2022,"-11.575 143.425"
"786",5.6,143.425,-11.525,2022,"-11.525 143.425"
"787",5.72,143.425,-11.425,2022,"-11.425 143.425"
"788",5.94,143.425,-11.325,2022,"-11.325 143.425"
"789",6.29,143.425,-11.275,2022,"-11.275 143.425"
"790",6.52,143.475,-12.475,2022,"-12.475 143.475"
"791",6.22,143.475,-12.425,2022,"-12.425 143.475"
"792",6.25,143.475,-12.375,2022,"-12.375 143.475"
"793",6.03,143.475,-12.325,2022,"-12.325 143.475"
"794",5.81,143.475,-12.275,2022,"-12.275 143.475"
"795",5.5,143.475,-12.225,2022,"-12.225 143.475"
"796",5.28,143.475,-12.175,2022,"-12.175 143.475"
"797",5.35,143.475,-12.125,2022,"-12.125 143.475"
"798",5.25,143.475,-12.075,2022,"-12.075 143.475"
"799",5.26,143.475,-11.975,2022,"-11.975 143.475"
"800",5.06,143.475,-11.925,2022,"-11.925 143.475"
"801",5.07,143.475,-11.875,2022,"-11.875 143.475"
"802",4.89,143.475,-11.825,2022,"-11.825 143.475"
"803",5.08,143.475,-11.775,2022,"-11.775 143.475"
"804",5.26,143.475,-11.725,2022,"-11.725 143.475"
"805",5.29,143.475,-11.625,2022,"-11.625 143.475"
"806",5.34,143.475,-11.575,2022,"-11.575 143.475"
"807",5.48,143.475,-11.525,2022,"-11.525 143.475"
"808",5.97,143.475,-11.325,2022,"-11.325 143.475"
"809",6.3,143.475,-11.225,2022,"-11.225 143.475"
"810",6.9,143.475,-10.875,2022,"-10.875 143.475"
"811",4.69,143.475,-10.625,2022,"-10.625 143.475"
"812",9.22,143.525,-13.275,2022,"-13.275 143.525"
"813",9.38,143.525,-13.175,2022,"-13.175 143.525"
"814",9.25,143.525,-13.075,2022,"-13.075 143.525"
"815",6.15,143.525,-12.475,2022,"-12.475 143.525"
"816",5.82,143.525,-12.375,2022,"-12.375 143.525"
"817",5.67,143.525,-12.325,2022,"-12.325 143.525"
"818",5.35,143.525,-12.225,2022,"-12.225 143.525"
"819",5.31,143.525,-12.125,2022,"-12.125 143.525"
"820",5.27,143.525,-12.025,2022,"-12.025 143.525"
"821",5.22,143.525,-11.975,2022,"-11.975 143.525"
"822",4.93,143.525,-11.925,2022,"-11.925 143.525"
"823",4.91,143.525,-11.875,2022,"-11.875 143.525"
"824",4.9,143.525,-11.825,2022,"-11.825 143.525"
"825",5.23,143.525,-11.775,2022,"-11.775 143.525"
"826",5.18,143.525,-11.675,2022,"-11.675 143.525"
"827",5.75,143.525,-11.425,2022,"-11.425 143.525"
"828",6.84,143.525,-11.025,2022,"-11.025 143.525"
"829",8.63,143.575,-13.175,2022,"-13.175 143.575"
"830",6.26,143.575,-12.575,2022,"-12.575 143.575"
"831",5.5,143.575,-12.225,2022,"-12.225 143.575"
"832",5.23,143.575,-12.175,2022,"-12.175 143.575"
"833",5.31,143.575,-12.125,2022,"-12.125 143.575"
"834",5.38,143.575,-12.025,2022,"-12.025 143.575"
"835",4.94,143.575,-11.975,2022,"-11.975 143.575"
"836",5.19,143.575,-11.925,2022,"-11.925 143.575"
"837",5.23,143.575,-11.775,2022,"-11.775 143.575"
"838",5.05,143.575,-11.675,2022,"-11.675 143.575"
"839",5.37,143.575,-11.625,2022,"-11.625 143.575"
"840",5.83,143.575,-11.425,2022,"-11.425 143.575"
"841",5.94,143.575,-11.375,2022,"-11.375 143.575"
"842",5.78,143.575,-11.325,2022,"-11.325 143.575"
"843",5.85,143.575,-11.275,2022,"-11.275 143.575"
"844",5.89,143.575,-11.175,2022,"-11.175 143.575"
"845",6.09,143.575,-11.125,2022,"-11.125 143.575"
"846",6.26,143.575,-11.075,2022,"-11.075 143.575"
"847",4.65,143.575,-10.725,2022,"-10.725 143.575"
"848",2.8,143.575,-10.375,2022,"-10.375 143.575"
"849",5.91,143.625,-12.425,2022,"-12.425 143.625"
"850",5.88,143.625,-12.375,2022,"-12.375 143.625"
"851",5.8,143.625,-12.325,2022,"-12.325 143.625"
"852",5.41,143.625,-12.175,2022,"-12.175 143.625"
"853",5.46,143.625,-12.125,2022,"-12.125 143.625"
"854",5.19,143.625,-12.025,2022,"-12.025 143.625"
"855",5.18,143.625,-11.975,2022,"-11.975 143.625"
"856",5.31,143.625,-11.925,2022,"-11.925 143.625"
"857",5.36,143.625,-11.875,2022,"-11.875 143.625"
"858",5.24,143.625,-11.825,2022,"-11.825 143.625"
"859",5.41,143.625,-11.775,2022,"-11.775 143.625"
"860",5.31,143.625,-11.675,2022,"-11.675 143.625"
"861",5.84,143.625,-11.575,2022,"-11.575 143.625"
"862",5.81,143.625,-11.375,2022,"-11.375 143.625"
"863",5.5,143.625,-11.275,2022,"-11.275 143.625"
"864",5.15,143.625,-10.875,2022,"-10.875 143.625"
"865",4.76,143.625,-10.775,2022,"-10.775 143.625"
"866",4.3,143.625,-10.725,2022,"-10.725 143.625"
"867",7.97,143.675,-13.225,2022,"-13.225 143.675"
"868",7.62,143.675,-13.125,2022,"-13.125 143.675"
"869",7.24,143.675,-13.075,2022,"-13.075 143.675"
"870",6.85,143.675,-12.675,2022,"-12.675 143.675"
"871",6.57,143.675,-12.625,2022,"-12.625 143.675"
"872",6.44,143.675,-12.575,2022,"-12.575 143.675"
"873",6.43,143.675,-12.525,2022,"-12.525 143.675"
"874",6.42,143.675,-12.475,2022,"-12.475 143.675"
"875",6.35,143.675,-12.375,2022,"-12.375 143.675"
"876",6.27,143.675,-12.325,2022,"-12.325 143.675"
"877",6.02,143.675,-12.275,2022,"-12.275 143.675"
"878",6.14,143.675,-12.225,2022,"-12.225 143.675"
"879",5.8,143.675,-12.175,2022,"-12.175 143.675"
"880",5.82,143.675,-12.125,2022,"-12.125 143.675"
"881",5.82,143.675,-12.075,2022,"-12.075 143.675"
"882",5.7,143.675,-12.025,2022,"-12.025 143.675"
"883",5.74,143.675,-11.975,2022,"-11.975 143.675"
"884",5.75,143.675,-11.925,2022,"-11.925 143.675"
"885",5.67,143.675,-11.875,2022,"-11.875 143.675"
"886",5.5,143.675,-11.825,2022,"-11.825 143.675"
"887",5.86,143.675,-11.625,2022,"-11.625 143.675"
"888",5.96,143.675,-11.475,2022,"-11.475 143.675"
"889",7.47,143.725,-13.425,2022,"-13.425 143.725"
"890",7.24,143.725,-13.175,2022,"-13.175 143.725"
"891",7.29,143.725,-12.925,2022,"-12.925 143.725"
"892",7.8,143.725,-12.825,2022,"-12.825 143.725"
"893",7.73,143.725,-12.775,2022,"-12.775 143.725"
"894",7.18,143.725,-12.725,2022,"-12.725 143.725"
"895",7.42,143.725,-12.675,2022,"-12.675 143.725"
"896",7.66,143.725,-12.625,2022,"-12.625 143.725"
"897",7.14,143.725,-12.575,2022,"-12.575 143.725"
"898",6.95,143.725,-12.325,2022,"-12.325 143.725"
"899",6.7,143.725,-12.275,2022,"-12.275 143.725"
"900",6.51,143.725,-12.225,2022,"-12.225 143.725"
"901",6.29,143.725,-12.175,2022,"-12.175 143.725"
"902",5.97,143.725,-12.075,2022,"-12.075 143.725"
"903",6.01,143.725,-12.025,2022,"-12.025 143.725"
"904",5.98,143.725,-11.975,2022,"-11.975 143.725"
"905",5.66,143.725,-11.475,2022,"-11.475 143.725"
"906",5.89,143.725,-11.375,2022,"-11.375 143.725"
"907",5.37,143.725,-11.275,2022,"-11.275 143.725"
"908",5.26,143.725,-11.175,2022,"-11.175 143.725"
"909",3.88,143.725,-10.775,2022,"-10.775 143.725"
"910",2.66,143.775,-14.225,2022,"-14.225 143.775"
"911",5.1,143.775,-13.825,2022,"-13.825 143.775"
"912",6.32,143.775,-13.725,2022,"-13.725 143.775"
"913",6.24,143.775,-13.675,2022,"-13.675 143.775"
"914",6.83,143.775,-13.325,2022,"-13.325 143.775"
"915",6.74,143.775,-13.225,2022,"-13.225 143.775"
"916",7.32,143.775,-13.025,2022,"-13.025 143.775"
"917",7.37,143.775,-12.875,2022,"-12.875 143.775"
"918",7.69,143.775,-12.475,2022,"-12.475 143.775"
"919",5.49,143.775,-11.425,2022,"-11.425 143.775"
"920",5.18,143.775,-11.275,2022,"-11.275 143.775"
"921",5.2,143.775,-11.225,2022,"-11.225 143.775"
"922",5.87,143.825,-13.775,2022,"-13.775 143.825"
"923",6.13,143.825,-13.625,2022,"-13.625 143.825"
"924",6.28,143.825,-13.575,2022,"-13.575 143.825"
"925",6.72,143.825,-13.425,2022,"-13.425 143.825"
"926",7.41,143.825,-13.125,2022,"-13.125 143.825"
"927",7.52,143.825,-12.975,2022,"-12.975 143.825"
"928",7.93,143.825,-12.925,2022,"-12.925 143.825"
"929",7.85,143.825,-12.875,2022,"-12.875 143.825"
"930",9.03,143.825,-12.625,2022,"-12.625 143.825"
"931",7.61,143.825,-11.875,2022,"-11.875 143.825"
"932",5.32,143.825,-11.275,2022,"-11.275 143.825"
"933",4.34,143.825,-10.825,2022,"-10.825 143.825"
"934",6.02,143.875,-13.725,2022,"-13.725 143.875"
"935",6.22,143.875,-13.525,2022,"-13.525 143.875"
"936",7.6,143.875,-13.225,2022,"-13.225 143.875"
"937",7.65,143.875,-13.175,2022,"-13.175 143.875"
"938",7.59,143.875,-13.125,2022,"-13.125 143.875"
"939",10.3,143.875,-12.325,2022,"-12.325 143.875"
"940",6.41,143.875,-11.525,2022,"-11.525 143.875"
"941",3.79,143.925,-13.925,2022,"-13.925 143.925"
"942",5.18,143.925,-13.825,2022,"-13.825 143.925"
"943",5.77,143.925,-13.725,2022,"-13.725 143.925"
"944",8.22,143.925,-13.175,2022,"-13.175 143.925"
"945",8.24,143.925,-13.125,2022,"-13.125 143.925"
"946",11,143.925,-12.275,2022,"-12.275 143.925"
"947",10.9,143.925,-12.225,2022,"-12.225 143.925"
"948",4.77,143.925,-10.575,2022,"-10.575 143.925"
"949",4.61,143.925,-10.525,2022,"-10.525 143.925"
"950",4.02,143.925,-10.425,2022,"-10.425 143.925"
"951",3.64,143.975,-13.925,2022,"-13.925 143.975"
"952",4.05,143.975,-13.875,2022,"-13.875 143.975"
"953",4.62,143.975,-13.825,2022,"-13.825 143.975"
"954",7.39,143.975,-13.425,2022,"-13.425 143.975"
"955",7.9,143.975,-13.325,2022,"-13.325 143.975"
"956",8.61,143.975,-13.225,2022,"-13.225 143.975"
"957",10.97,143.975,-12.075,2022,"-12.075 143.975"
"958",7.31,143.975,-11.425,2022,"-11.425 143.975"
"959",6.03,143.975,-10.775,2022,"-10.775 143.975"
"960",6.03,143.975,-10.725,2022,"-10.725 143.975"
"961",6.17,143.975,-10.675,2022,"-10.675 143.975"
"962",3.41,144.025,-14.025,2022,"-14.025 144.025"
"963",4.76,144.025,-13.875,2022,"-13.875 144.025"
"964",10.85,144.025,-11.825,2022,"-11.825 144.025"
"965",10.2,144.025,-11.775,2022,"-11.775 144.025"
"966",10.33,144.025,-11.725,2022,"-11.725 144.025"
"967",9.98,144.025,-11.675,2022,"-11.675 144.025"
"968",8.75,144.025,-11.525,2022,"-11.525 144.025"
"969",7.52,144.025,-11.275,2022,"-11.275 144.025"
"970",7.31,144.025,-11.025,2022,"-11.025 144.025"
"971",7.19,144.025,-10.925,2022,"-10.925 144.025"
"972",6.99,144.025,-10.875,2022,"-10.875 144.025"
"973",3.73,144.075,-14.025,2022,"-14.025 144.075"
"974",3.87,144.075,-13.975,2022,"-13.975 144.075"
"975",4.71,144.075,-13.925,2022,"-13.925 144.075"
"976",5.55,144.075,-13.875,2022,"-13.875 144.075"
"977",7.99,144.075,-13.525,2022,"-13.525 144.075"
"978",11.04,144.075,-11.825,2022,"-11.825 144.075"
"979",10.64,144.075,-11.725,2022,"-11.725 144.075"
"980",4.23,144.125,-13.975,2022,"-13.975 144.125"
"981",4.68,144.175,-13.975,2022,"-13.975 144.175"
"982",8.85,144.175,-13.675,2022,"-13.675 144.175"
"983",3.1,144.225,-14.075,2022,"-14.075 144.225"
"984",6.84,144.225,-13.925,2022,"-13.925 144.225"
"985",8.62,144.225,-13.725,2022,"-13.725 144.225"
"986",8.54,144.325,-13.875,2022,"-13.875 144.325"
"987",6.62,144.375,-10.375,2022,"-10.375 144.375"
"988",6.37,144.425,-10.425,2022,"-10.425 144.425"
"989",6.1,144.425,-10.375,2022,"-10.375 144.425"
"990",6.33,144.475,-10.375,2022,"-10.375 144.475"
"991",4.36,144.525,-14.125,2022,"-14.125 144.525"
"992",5.83,144.525,-13.975,2022,"-13.975 144.525"
"993",5.19,144.625,-14.475,2022,"-14.475 144.625"
"994",5,144.625,-14.425,2022,"-14.425 144.625"
"995",6.86,144.625,-13.925,2022,"-13.925 144.625"
"996",5.59,144.675,-14.225,2022,"-14.225 144.675"
"997",7.5,144.675,-13.975,2022,"-13.975 144.675"
"998",5.42,144.725,-14.275,2022,"-14.275 144.725"
"999",5.88,144.725,-14.225,2022,"-14.225 144.725"
"1000",6.26,144.725,-14.175,2022,"-14.175 144.725"
"1001",4.73,144.775,-14.275,2022,"-14.275 144.775"
"1002",5.68,144.775,-14.225,2022,"-14.225 144.775"
"1003",6.42,144.775,-14.175,2022,"-14.175 144.775"
"1004",6.61,144.775,-14.125,2022,"-14.125 144.775"
"1005",7.27,144.775,-14.075,2022,"-14.075 144.775"
"1006",7.77,144.775,-14.025,2022,"-14.025 144.775"
"1007",4.07,144.925,-14.425,2022,"-14.425 144.925"
"1008",6.3,144.925,-14.225,2022,"-14.225 144.925"
"1009",4.03,144.975,-14.525,2022,"-14.525 144.975"
"1010",3.86,144.975,-14.425,2022,"-14.425 144.975"
"1011",3.63,145.025,-14.475,2022,"-14.475 145.025"
"1012",4.1,145.025,-14.375,2022,"-14.375 145.025"
"1013",6.34,145.075,-14.775,2022,"-14.775 145.075"
"1014",6.54,145.075,-14.275,2022,"-14.275 145.075"
"1015",7.07,145.125,-14.275,2022,"-14.275 145.125"
"1016",3.66,145.175,-14.475,2022,"-14.475 145.175"
"1017",4.01,145.225,-14.475,2022,"-14.475 145.225"
"1018",4.78,145.225,-14.425,2022,"-14.425 145.225"
"1019",4.34,145.275,-14.475,2022,"-14.475 145.275"
"1020",5.61,145.275,-14.425,2022,"-14.425 145.275"
"1021",5.78,145.325,-14.425,2022,"-14.425 145.325"
"1022",6.39,145.325,-14.375,2022,"-14.375 145.325"
"1023",3.68,145.375,-15.925,2022,"-15.925 145.375"
"1024",4.38,145.375,-14.725,2022,"-14.725 145.375"
"1025",6.88,145.375,-14.375,2022,"-14.375 145.375"
"1026",2.8,145.425,-15.475,2022,"-15.475 145.425"
"1027",2.64,145.425,-15.425,2022,"-15.425 145.425"
"1028",6.34,145.425,-14.425,2022,"-14.425 145.425"
"1029",3.63,145.475,-15.675,2022,"-15.675 145.475"
"1030",3.01,145.475,-15.525,2022,"-15.525 145.475"
"1031",4.47,145.475,-14.925,2022,"-14.925 145.475"
"1032",3.88,145.475,-14.675,2022,"-14.675 145.475"
"1033",4.94,145.525,-16.525,2022,"-16.525 145.525"
"1034",3.7,145.525,-15.675,2022,"-15.675 145.525"
"1035",3.23,145.525,-15.425,2022,"-15.425 145.525"
"1036",3.86,145.525,-15.275,2022,"-15.275 145.525"
"1037",4.51,145.525,-14.875,2022,"-14.875 145.525"
"1038",4.08,145.525,-14.825,2022,"-14.825 145.525"
"1039",4.24,145.525,-14.775,2022,"-14.775 145.525"
"1040",5.26,145.525,-14.475,2022,"-14.475 145.525"
"1041",3.94,145.575,-15.875,2022,"-15.875 145.575"
"1042",4.09,145.575,-15.775,2022,"-15.775 145.575"
"1043",3.36,145.575,-15.575,2022,"-15.575 145.575"
"1044",4.3,145.575,-15.375,2022,"-15.375 145.575"
"1045",3.88,145.575,-15.275,2022,"-15.275 145.575"
"1046",4.64,145.575,-14.525,2022,"-14.525 145.575"
"1047",4.2,145.625,-15.775,2022,"-15.775 145.625"
"1048",3.52,145.625,-15.625,2022,"-15.625 145.625"
"1049",3.85,145.625,-15.425,2022,"-15.425 145.625"
"1050",3.73,145.625,-15.275,2022,"-15.275 145.625"
"1051",4.24,145.625,-14.875,2022,"-14.875 145.625"
"1052",4.32,145.625,-14.625,2022,"-14.625 145.625"
"1053",4.28,145.675,-16.175,2022,"-16.175 145.675"
"1054",4.24,145.675,-16.125,2022,"-16.125 145.675"
"1055",4.11,145.675,-15.975,2022,"-15.975 145.675"
"1056",3.92,145.675,-15.025,2022,"-15.025 145.675"
"1057",4.2,145.675,-14.875,2022,"-14.875 145.675"
"1058",4.93,145.725,-16.425,2022,"-16.425 145.725"
"1059",4.9,145.725,-16.375,2022,"-16.375 145.725"
"1060",4.79,145.725,-16.325,2022,"-16.325 145.725"
"1061",4.3,145.725,-16.175,2022,"-16.175 145.725"
"1062",4.11,145.725,-16.125,2022,"-16.125 145.725"
"1063",4.04,145.725,-16.075,2022,"-16.075 145.725"
"1064",3.95,145.725,-15.075,2022,"-15.075 145.725"
"1065",4.27,145.725,-14.875,2022,"-14.875 145.725"
"1066",4.41,145.725,-14.825,2022,"-14.825 145.725"
"1067",5.16,145.775,-16.425,2022,"-16.425 145.775"
"1068",4.96,145.775,-16.375,2022,"-16.375 145.775"
"1069",4.68,145.775,-16.325,2022,"-16.325 145.775"
"1070",4.55,145.775,-16.275,2022,"-16.275 145.775"
"1071",4.07,145.775,-16.125,2022,"-16.125 145.775"
"1072",3.86,145.775,-15.875,2022,"-15.875 145.775"
"1073",3.32,145.775,-15.575,2022,"-15.575 145.775"
"1074",3.52,145.775,-15.375,2022,"-15.375 145.775"
"1075",5.11,145.825,-16.425,2022,"-16.425 145.825"
"1076",4.87,145.825,-16.375,2022,"-16.375 145.825"
"1077",4.74,145.825,-16.325,2022,"-16.325 145.825"
"1078",4.48,145.825,-16.275,2022,"-16.275 145.825"
"1079",4.5,145.825,-16.125,2022,"-16.125 145.825"
"1080",4.06,145.825,-15.975,2022,"-15.975 145.825"
"1081",3.64,145.825,-15.825,2022,"-15.825 145.825"
"1082",4.77,145.875,-16.375,2022,"-16.375 145.875"
"1083",4.67,145.875,-16.325,2022,"-16.325 145.875"
"1084",4.53,145.875,-16.225,2022,"-16.225 145.875"
"1085",4.34,145.925,-16.675,2022,"-16.675 145.925"
"1086",4.33,145.925,-16.625,2022,"-16.625 145.925"
"1087",4.23,145.975,-16.675,2022,"-16.675 145.975"
"1088",4.44,146.025,-16.725,2022,"-16.725 146.025"
"1089",4.76,146.025,-16.575,2022,"-16.575 146.025"
"1090",4.74,146.025,-16.525,2022,"-16.525 146.025"
"1091",4.62,146.075,-16.725,2022,"-16.725 146.075"
"1092",3.91,146.125,-17.775,2022,"-17.775 146.125"
"1093",4.23,146.175,-17.675,2022,"-17.675 146.175"
"1094",3.64,146.175,-17.075,2022,"-17.075 146.175"
"1095",3.99,146.175,-17.025,2022,"-17.025 146.175"
"1096",3.97,146.175,-16.975,2022,"-16.975 146.175"
"1097",4.36,146.175,-16.875,2022,"-16.875 146.175"
"1098",4.13,146.225,-17.025,2022,"-17.025 146.225"
"1099",3.99,146.225,-16.975,2022,"-16.975 146.225"
"1100",4.3,146.225,-16.925,2022,"-16.925 146.225"
"1101",4.5,146.225,-16.875,2022,"-16.875 146.225"
"1102",4.45,146.275,-16.925,2022,"-16.925 146.275"
"1103",3.9,146.325,-17.125,2022,"-17.125 146.325"
"1104",4.95,146.375,-17.725,2022,"-17.725 146.375"
"1105",4.65,146.375,-17.525,2022,"-17.525 146.375"
"1106",4.48,146.375,-17.475,2022,"-17.475 146.375"
"1107",4.59,146.375,-17.425,2022,"-17.425 146.375"
"1108",4.52,146.375,-17.375,2022,"-17.375 146.375"
"1109",4.03,146.375,-17.325,2022,"-17.325 146.375"
"1110",3.95,146.375,-17.275,2022,"-17.275 146.375"
"1111",5.26,146.425,-17.775,2022,"-17.775 146.425"
"1112",5.13,146.425,-17.675,2022,"-17.675 146.425"
"1113",5.09,146.425,-17.625,2022,"-17.625 146.425"
"1114",4.21,146.425,-17.375,2022,"-17.375 146.425"
"1115",4.09,146.425,-17.275,2022,"-17.275 146.425"
"1116",5.11,146.475,-17.675,2022,"-17.675 146.475"
"1117",5.06,146.475,-17.625,2022,"-17.625 146.475"
"1118",3.41,146.475,-17.225,2022,"-17.225 146.475"
"1119",3.57,146.475,-17.125,2022,"-17.125 146.475"
"1120",5.47,146.525,-18.075,2022,"-18.075 146.525"
"1121",5.28,146.525,-18.025,2022,"-18.025 146.525"
"1122",5.1,146.525,-17.775,2022,"-17.775 146.525"
"1123",5.25,146.525,-17.725,2022,"-17.725 146.525"
"1124",4.79,146.525,-17.525,2022,"-17.525 146.525"
"1125",6.03,146.575,-18.725,2022,"-18.725 146.575"
"1126",5.51,146.575,-18.075,2022,"-18.075 146.575"
"1127",5.33,146.575,-18.025,2022,"-18.025 146.575"
"1128",5.44,146.575,-17.875,2022,"-17.875 146.575"
"1129",5.38,146.575,-17.825,2022,"-17.825 146.575"
"1130",5.11,146.575,-17.575,2022,"-17.575 146.575"
"1131",5.34,146.625,-18.025,2022,"-18.025 146.625"
"1132",5.46,146.625,-17.875,2022,"-17.875 146.625"
"1133",5.54,146.625,-17.775,2022,"-17.775 146.625"
"1134",5.04,146.675,-18.375,2022,"-18.375 146.675"
"1135",5.24,146.675,-18.225,2022,"-18.225 146.675"
"1136",5.76,146.675,-17.775,2022,"-17.775 146.675"
"1137",5.04,146.725,-18.425,2022,"-18.425 146.725"
"1138",5.33,146.725,-18.325,2022,"-18.325 146.725"
"1139",5.07,146.725,-18.225,2022,"-18.225 146.725"
"1140",6.01,146.725,-17.875,2022,"-17.875 146.725"
"1141",5.16,146.775,-18.375,2022,"-18.375 146.775"
"1142",4.99,146.775,-18.225,2022,"-18.225 146.775"
"1143",4.95,146.775,-18.125,2022,"-18.125 146.775"
"1144",10.94,146.825,-19.175,2022,"-19.175 146.825"
"1145",5.29,146.825,-18.375,2022,"-18.375 146.825"
"1146",5.24,146.825,-18.325,2022,"-18.325 146.825"
"1147",4.99,146.825,-18.225,2022,"-18.225 146.825"
"1148",5.14,146.825,-18.075,2022,"-18.075 146.825"
"1149",5.2,146.875,-18.475,2022,"-18.475 146.875"
"1150",5.21,146.875,-18.325,2022,"-18.325 146.875"
"1151",5.55,146.875,-18.025,2022,"-18.025 146.875"
"1152",5.08,147.025,-18.525,2022,"-18.525 147.025"
"1153",6.46,147.025,-18.225,2022,"-18.225 147.025"
"1154",5.07,147.075,-18.625,2022,"-18.625 147.075"
"1155",5.77,147.075,-18.425,2022,"-18.425 147.075"
"1156",5.07,147.125,-18.525,2022,"-18.525 147.125"
"1157",4.88,147.425,-18.625,2022,"-18.625 147.425"
"1158",4.8,147.475,-18.575,2022,"-18.575 147.475"
"1159",5.04,147.525,-18.725,2022,"-18.725 147.525"
"1160",5.38,147.525,-18.525,2022,"-18.525 147.525"
"1161",5.24,147.575,-18.575,2022,"-18.575 147.575"
"1162",5.49,147.725,-18.925,2022,"-18.925 147.725"
"1163",5.21,147.725,-18.875,2022,"-18.875 147.725"
"1164",5.08,147.725,-18.775,2022,"-18.775 147.725"
"1165",5.29,147.775,-18.925,2022,"-18.925 147.775"
"1166",5.19,147.875,-18.775,2022,"-18.775 147.875"
"1167",4.47,147.975,-18.925,2022,"-18.925 147.975"
"1168",5.95,148.075,-19.375,2022,"-19.375 148.075"
"1169",5.94,148.075,-19.325,2022,"-19.325 148.075"
"1170",5.93,148.075,-19.275,2022,"-19.275 148.075"
"1171",5.55,148.075,-19.075,2022,"-19.075 148.075"
"1172",5.71,148.125,-19.425,2022,"-19.425 148.125"
"1173",5.55,148.125,-19.225,2022,"-19.225 148.125"
"1174",5.71,148.125,-19.175,2022,"-19.175 148.125"
"1175",5.37,148.125,-19.025,2022,"-19.025 148.125"
"1176",5.33,148.175,-19.225,2022,"-19.225 148.175"
"1177",5.38,148.225,-19.225,2022,"-19.225 148.225"
"1178",4.97,148.325,-19.225,2022,"-19.225 148.325"
"1179",5.1,148.325,-19.125,2022,"-19.125 148.325"
"1180",5.59,148.325,-19.025,2022,"-19.025 148.325"
"1181",4.6,148.375,-19.175,2022,"-19.175 148.375"
"1182",4.93,148.375,-19.125,2022,"-19.125 148.375"
"1183",4.26,148.425,-19.175,2022,"-19.175 148.425"
"1184",4.59,148.425,-19.125,2022,"-19.125 148.425"
"1185",6.14,148.425,-18.975,2022,"-18.975 148.425"
"1186",4.08,148.475,-19.175,2022,"-19.175 148.475"
"1187",4.77,148.475,-19.125,2022,"-19.125 148.475"
"1188",3.84,148.525,-19.225,2022,"-19.225 148.525"
"1189",3.83,148.575,-19.275,2022,"-19.275 148.575"
"1190",3.88,148.625,-19.325,2022,"-19.325 148.625"
"1191",4.02,148.625,-19.225,2022,"-19.225 148.625"
"1192",4.92,148.675,-19.425,2022,"-19.425 148.675"
"1193",4.5,148.675,-19.375,2022,"-19.375 148.675"
"1194",4.18,148.675,-19.275,2022,"-19.275 148.675"
"1195",5.29,148.725,-19.475,2022,"-19.475 148.725"
"1196",5.04,148.725,-19.425,2022,"-19.425 148.725"
"1197",5.56,148.775,-19.525,2022,"-19.525 148.775"
"1198",5.23,148.775,-19.475,2022,"-19.475 148.775"
"1199",4.88,148.775,-19.425,2022,"-19.425 148.775"
"1200",4.87,148.825,-19.475,2022,"-19.475 148.825"
"1201",4.09,148.825,-19.425,2022,"-19.425 148.825"
"1202",3.92,148.825,-19.375,2022,"-19.375 148.825"
"1203",6.32,148.825,-19.125,2022,"-19.125 148.825"
"1204",3.74,148.875,-19.425,2022,"-19.425 148.875"
"1205",3.9,148.875,-19.375,2022,"-19.375 148.875"
"1206",3.62,148.925,-20.275,2022,"-20.275 148.925"
"1207",5.03,148.925,-20.075,2022,"-20.075 148.925"
"1208",4.32,148.975,-20.175,2022,"-20.175 148.975"
"1209",4.58,148.975,-19.525,2022,"-19.525 148.975"
"1210",4.4,148.975,-19.275,2022,"-19.275 148.975"
"1211",4.21,149.025,-19.475,2022,"-19.475 149.025"
"1212",3.71,149.075,-20.475,2022,"-20.475 149.075"
"1213",4.7,149.075,-19.525,2022,"-19.525 149.075"
"1214",4.06,149.075,-19.475,2022,"-19.475 149.075"
"1215",3.95,149.075,-19.375,2022,"-19.375 149.075"
"1216",4.52,149.125,-19.525,2022,"-19.525 149.125"
"1217",6.42,149.175,-19.825,2022,"-19.825 149.175"
"1218",5.75,149.175,-19.725,2022,"-19.725 149.175"
"1219",3.42,149.175,-19.475,2022,"-19.475 149.175"
"1220",3.59,149.175,-19.425,2022,"-19.425 149.175"
"1221",6.16,149.225,-19.825,2022,"-19.825 149.225"
"1222",5.75,149.225,-19.775,2022,"-19.775 149.225"
"1223",3.07,149.225,-19.475,2022,"-19.475 149.225"
"1224",5.53,149.275,-19.775,2022,"-19.775 149.275"
"1225",3.08,149.275,-19.575,2022,"-19.575 149.275"
"1226",2.76,149.275,-19.525,2022,"-19.525 149.275"
"1227",3.22,149.275,-19.475,2022,"-19.475 149.275"
"1228",5.05,149.325,-21.325,2022,"-21.325 149.325"
"1229",4.76,149.325,-19.725,2022,"-19.725 149.325"
"1230",4.21,149.325,-19.675,2022,"-19.675 149.325"
"1231",4.75,149.375,-19.725,2022,"-19.725 149.375"
"1232",3.9,149.375,-19.675,2022,"-19.675 149.375"
"1233",3.06,149.375,-19.625,2022,"-19.625 149.375"
"1234",4.7,149.425,-19.725,2022,"-19.725 149.425"
"1235",2.92,149.425,-19.625,2022,"-19.625 149.425"
"1236",4.47,149.475,-21.525,2022,"-21.525 149.475"
"1237",5.21,149.475,-19.825,2022,"-19.825 149.475"
"1238",4.69,149.475,-19.775,2022,"-19.775 149.475"
"1239",4.29,149.475,-19.725,2022,"-19.725 149.475"
"1240",3.2,149.475,-19.675,2022,"-19.675 149.475"
"1241",4.12,149.525,-19.775,2022,"-19.775 149.525"
"1242",3.61,149.525,-19.725,2022,"-19.725 149.525"
"1243",4.42,149.575,-21.975,2022,"-21.975 149.575"
"1244",3.38,149.575,-21.475,2022,"-21.475 149.575"
"1245",4.28,149.575,-19.875,2022,"-19.875 149.575"
"1246",4.77,149.625,-20.775,2022,"-20.775 149.625"
"1247",2.77,149.625,-19.775,2022,"-19.775 149.625"
"1248",3.72,149.675,-21.975,2022,"-21.975 149.675"
"1249",3.35,149.675,-19.825,2022,"-19.825 149.675"
"1250",4.54,149.675,-19.625,2022,"-19.625 149.675"
"1251",3.23,149.725,-20.025,2022,"-20.025 149.725"
"1252",2.85,149.725,-19.975,2022,"-19.975 149.725"
"1253",2.92,149.725,-19.875,2022,"-19.875 149.725"
"1254",4.22,149.725,-19.675,2022,"-19.675 149.725"
"1255",2.9,149.775,-21.625,2022,"-21.625 149.775"
"1256",3.57,149.775,-19.725,2022,"-19.725 149.775"
"1257",5.04,149.775,-19.675,2022,"-19.675 149.775"
"1258",3.73,149.825,-22.025,2022,"-22.025 149.825"
"1259",3.37,149.825,-21.375,2022,"-21.375 149.825"
"1260",2.71,149.825,-20.075,2022,"-20.075 149.825"
"1261",3.49,149.875,-21.975,2022,"-21.975 149.875"
"1262",6.4,149.875,-19.625,2022,"-19.625 149.875"
"1263",2.77,149.925,-21.475,2022,"-21.475 149.925"
"1264",5.96,150.025,-20.575,2022,"-20.575 150.025"
"1265",2.3,150.025,-20.125,2022,"-20.125 150.025"
"1266",5.23,150.075,-20.975,2022,"-20.975 150.075"
"1267",6.01,150.075,-20.525,2022,"-20.525 150.075"
"1268",3.51,150.075,-20.275,2022,"-20.275 150.075"
"1269",3.12,150.075,-20.225,2022,"-20.225 150.075"
"1270",2.77,150.075,-20.175,2022,"-20.175 150.075"
"1271",2.31,150.075,-20.125,2022,"-20.125 150.075"
"1272",4.01,150.075,-19.825,2022,"-19.825 150.075"
"1273",5.88,150.125,-20.575,2022,"-20.575 150.125"
"1274",3.36,150.125,-20.275,2022,"-20.275 150.125"
"1275",5.96,150.125,-19.775,2022,"-19.775 150.125"
"1276",3.9,150.175,-20.325,2022,"-20.325 150.175"
"1277",3.83,150.225,-20.675,2022,"-20.675 150.225"
"1278",1.91,150.225,-20.025,2022,"-20.025 150.225"
"1279",5.15,150.225,-19.875,2022,"-19.875 150.225"
"1280",1.97,150.275,-22.225,2022,"-22.225 150.275"
"1281",4.35,150.275,-19.925,2022,"-19.925 150.275"
"1282",1.73,150.325,-20.125,2022,"-20.125 150.325"
"1283",4.39,150.375,-21.025,2022,"-21.025 150.375"
"1284",3.71,150.425,-21.075,2022,"-21.075 150.425"
"1285",4.11,150.425,-20.825,2022,"-20.825 150.425"
"1286",1.9,150.425,-20.125,2022,"-20.125 150.425"
"1287",2.24,150.425,-20.075,2022,"-20.075 150.425"
"1288",3.33,150.475,-21.125,2022,"-21.125 150.475"
"1289",3.42,150.475,-21.075,2022,"-21.075 150.475"
"1290",3.55,150.475,-20.775,2022,"-20.775 150.475"
"1291",3.39,150.475,-20.725,2022,"-20.725 150.475"
"1292",3.21,150.475,-20.675,2022,"-20.675 150.475"
"1293",1.93,150.475,-20.175,2022,"-20.175 150.475"
"1294",3.54,150.525,-20.975,2022,"-20.975 150.525"
"1295",3.03,150.525,-20.275,2022,"-20.275 150.525"
"1296",3.71,150.575,-20.525,2022,"-20.525 150.575"
"1297",3.67,150.575,-20.475,2022,"-20.475 150.575"
"1298",3.06,150.575,-20.325,2022,"-20.325 150.575"
"1299",2.88,150.575,-20.275,2022,"-20.275 150.575"
"1300",3.06,150.625,-21.175,2022,"-21.175 150.625"
"1301",3.67,150.625,-20.525,2022,"-20.525 150.625"
"1302",3.62,150.625,-20.475,2022,"-20.475 150.625"
"1303",2.61,150.625,-20.325,2022,"-20.325 150.625"
"1304",3.05,150.675,-21.175,2022,"-21.175 150.675"
"1305",3.14,150.675,-21.075,2022,"-21.075 150.675"
"1306",3.31,150.675,-20.525,2022,"-20.525 150.675"
"1307",3.3,150.675,-20.475,2022,"-20.475 150.675"
"1308",2.95,150.675,-20.425,2022,"-20.425 150.675"
"1309",1.25,150.725,-22.425,2022,"-22.425 150.725"
"1310",1.72,150.725,-21.325,2022,"-21.325 150.725"
"1311",2.94,150.725,-20.425,2022,"-20.425 150.725"
"1312",2.8,150.775,-20.625,2022,"-20.625 150.775"
"1313",2.96,150.775,-20.375,2022,"-20.375 150.775"
"1314",2.48,150.825,-21.075,2022,"-21.075 150.825"
"1315",2.8,150.825,-20.625,2022,"-20.625 150.825"
"1316",1.46,150.875,-21.375,2022,"-21.375 150.875"
"1317",2.11,150.875,-21.225,2022,"-21.225 150.875"
"1318",2.12,150.875,-21.175,2022,"-21.175 150.875"
"1319",2.69,150.875,-20.725,2022,"-20.725 150.875"
"1320",2.64,150.875,-20.675,2022,"-20.675 150.875"
"1321",1.62,150.925,-21.375,2022,"-21.375 150.925"
"1322",2,150.925,-21.025,2022,"-21.025 150.925"
"1323",2.81,150.925,-20.725,2022,"-20.725 150.925"
"1324",1.77,150.975,-21.375,2022,"-21.375 150.975"
"1325",2.8,150.975,-20.775,2022,"-20.775 150.975"
"1326",2.8,150.975,-20.725,2022,"-20.725 150.975"
"1327",2.22,151.025,-20.925,2022,"-20.925 151.025"
"1328",2.94,151.025,-20.725,2022,"-20.725 151.025"
"1329",2.33,151.075,-20.825,2022,"-20.825 151.075"
"1330",3.07,151.075,-20.775,2022,"-20.775 151.075"
"1331",3.51,151.075,-20.725,2022,"-20.725 151.075"
"1332",1.77,151.125,-21.375,2022,"-21.375 151.125"
"1333",3.37,151.125,-20.775,2022,"-20.775 151.125"
"1334",1.92,151.175,-21.325,2022,"-21.325 151.175"
"1335",2.9,151.175,-20.825,2022,"-20.825 151.175"
"1336",2.12,151.225,-20.875,2022,"-20.875 151.225"
"1337",3.38,151.225,-20.825,2022,"-20.825 151.225"
"1338",1.72,151.275,-23.525,2022,"-23.525 151.275"
"1339",2.06,151.275,-21.325,2022,"-21.325 151.275"
"1340",2.87,151.275,-20.875,2022,"-20.875 151.275"
"1341",2.06,151.325,-21.375,2022,"-21.375 151.325"
"1342",1.34,151.325,-21.025,2022,"-21.025 151.325"
"1343",2.85,151.325,-20.925,2022,"-20.925 151.325"
"1344",1.71,151.375,-21.625,2022,"-21.625 151.375"
"1345",2.02,151.375,-21.375,2022,"-21.375 151.375"
"1346",1.33,151.375,-21.175,2022,"-21.175 151.375"
"1347",1.46,151.375,-21.025,2022,"-21.025 151.375"
"1348",2.67,151.375,-20.975,2022,"-20.975 151.375"
"1349",3.64,151.375,-20.925,2022,"-20.925 151.375"
"1350",1.72,151.425,-21.525,2022,"-21.525 151.425"
"1351",3.44,151.425,-20.975,2022,"-20.975 151.425"
"1352",4.5,151.425,-20.925,2022,"-20.925 151.425"
"1353",1.7,151.475,-21.475,2022,"-21.475 151.475"
"1354",1.84,151.475,-21.375,2022,"-21.375 151.475"
"1355",1.81,151.475,-21.325,2022,"-21.325 151.475"
"1356",4.01,151.475,-20.975,2022,"-20.975 151.475"
"1357",1.22,151.525,-21.625,2022,"-21.625 151.525"
"1358",1.6,151.525,-21.275,2022,"-21.275 151.525"
"1359",3.84,151.525,-21.025,2022,"-21.025 151.525"
"1360",1.19,151.575,-21.725,2022,"-21.725 151.575"
"1361",1.19,151.575,-21.675,2022,"-21.675 151.575"
"1362",1.21,151.575,-21.625,2022,"-21.625 151.575"
"1363",1.47,151.575,-21.325,2022,"-21.325 151.575"
"1364",1.46,151.575,-21.275,2022,"-21.275 151.575"
"1365",1.86,151.575,-21.175,2022,"-21.175 151.575"
"1366",0.32,151.625,-23.675,2022,"-23.675 151.625"
"1367",1.18,151.625,-21.675,2022,"-21.675 151.625"
"1368",1.18,151.625,-21.625,2022,"-21.625 151.625"
"1369",1.19,151.625,-21.575,2022,"-21.575 151.625"
"1370",1.18,151.625,-21.425,2022,"-21.425 151.625"
"1371",1.02,151.675,-21.425,2022,"-21.425 151.675"
"1372",1.3,151.675,-21.375,2022,"-21.375 151.675"
"1373",4.6,151.675,-21.075,2022,"-21.075 151.675"
"1374",0.3,151.725,-23.525,2022,"-23.525 151.725"
"1375",0.16,151.725,-23.025,2022,"-23.025 151.725"
"1376",1.01,151.775,-21.775,2022,"-21.775 151.775"
"1377",1.01,151.775,-21.625,2022,"-21.625 151.775"
"1378",1.01,151.775,-21.575,2022,"-21.575 151.775"
"1379",1,151.775,-21.525,2022,"-21.525 151.775"
"1380",4.81,151.775,-21.125,2022,"-21.125 151.775"
"1381",0.16,151.825,-23.275,2022,"-23.275 151.825"
"1382",4.25,151.825,-21.175,2022,"-21.175 151.825"
"1383",0.31,151.875,-23.475,2022,"-23.475 151.875"
"1384",0.31,151.875,-23.275,2022,"-23.275 151.875"
"1385",0.33,151.925,-23.275,2022,"-23.275 151.925"
"1386",0.94,151.925,-21.525,2022,"-21.525 151.925"
"1387",0.47,151.975,-23.325,2022,"-23.325 151.975"
"1388",0.33,152.025,-23.425,2022,"-23.425 152.025"
"1389",1.36,152.025,-21.375,2022,"-21.375 152.025"
"1390",1.02,152.075,-21.925,2022,"-21.925 152.075"
"1391",0.71,152.125,-22.025,2022,"-22.025 152.125"
"1392",0.86,152.125,-21.925,2022,"-21.925 152.125"
"1393",1.15,152.125,-21.875,2022,"-21.875 152.125"
"1394",0.51,152.175,-23.625,2022,"-23.625 152.175"
"1395",0.7,152.175,-22.025,2022,"-22.025 152.175"
"1396",0.53,152.275,-22.025,2022,"-22.025 152.275"
"1397",0.68,152.325,-21.825,2022,"-21.825 152.325"
"1398",0.97,152.325,-21.675,2022,"-21.675 152.325"
"1399",0.52,152.375,-21.975,2022,"-21.975 152.375"
"1400",0.66,152.425,-21.825,2022,"-21.825 152.425"
"1401",0.66,152.425,-21.775,2022,"-21.775 152.425"
"1402",4.49,152.425,-21.225,2022,"-21.225 152.425"
"1403",0.67,152.475,-22.075,2022,"-22.075 152.475"
"1404",5.3,152.475,-21.125,2022,"-21.125 152.475"
"1405",0.49,152.525,-21.925,2022,"-21.925 152.525"
"1406",0.49,152.525,-21.875,2022,"-21.875 152.525"
"1407",0.5,152.525,-21.775,2022,"-21.775 152.525"
"1408",0.94,152.525,-21.725,2022,"-21.725 152.525"
"1409",1.29,152.525,-21.575,2022,"-21.575 152.525"
"1410",3.84,152.525,-21.225,2022,"-21.225 152.525"
"1411",4.38,152.525,-21.175,2022,"-21.175 152.525"
"1412",2.84,152.575,-21.325,2022,"-21.325 152.575"
"1413",5.95,152.575,-21.025,2022,"-21.025 152.575"
"1414",0.5,152.625,-22.125,2022,"-22.125 152.625"
"1415",1.38,152.625,-21.825,2022,"-21.825 152.625"
"1416",4.72,152.625,-21.175,2022,"-21.175 152.625"
"1417",5.19,152.625,-21.125,2022,"-21.125 152.625"
"1418",0.49,152.675,-22.375,2022,"-22.375 152.675"
"1419",0.49,152.675,-22.175,2022,"-22.175 152.675"
"1420",0.35,152.675,-22.075,2022,"-22.075 152.675"
"1421",0.49,152.725,-22.325,2022,"-22.325 152.725"
"1422",0.48,152.725,-22.275,2022,"-22.275 152.725"
"1423",4.66,152.775,-21.125,2022,"-21.125 152.775"
"1424",0.14,153.125,-24.375,2022,"-24.375 153.125"
"1425",8.49,142.125,-10.375,2020,"-10.375 142.125"
"1426",7.88,142.175,-10.575,2020,"-10.575 142.175"
"1427",8.19,142.175,-10.425,2020,"-10.425 142.175"
"1428",8.11,142.225,-10.475,2020,"-10.475 142.225"
"1429",8.35,142.225,-10.425,2020,"-10.425 142.225"
"1430",7.99,142.575,-10.825,2020,"-10.825 142.575"
"1431",8.08,142.625,-10.925,2020,"-10.925 142.625"
"1432",8.01,142.625,-10.725,2020,"-10.725 142.625"
"1433",8.96,142.775,-10.825,2020,"-10.825 142.775"
"1434",8.89,142.775,-10.725,2020,"-10.725 142.775"
"1435",8.82,142.825,-10.675,2020,"-10.675 142.825"
"1436",8.95,142.925,-10.625,2020,"-10.625 142.925"
"1437",8.93,142.925,-10.575,2020,"-10.575 142.925"
"1438",10.05,143.025,-11.175,2020,"-11.175 143.025"
"1439",9.9,143.175,-11.375,2020,"-11.375 143.175"
"1440",7.54,143.225,-12.375,2020,"-12.375 143.225"
"1441",9.94,143.225,-11.575,2020,"-11.575 143.225"
"1442",10.05,143.225,-11.425,2020,"-11.425 143.225"
"1443",7.18,143.275,-12.225,2020,"-12.225 143.275"
"1444",9.27,143.275,-11.975,2020,"-11.975 143.275"
"1445",10.2,143.275,-11.775,2020,"-11.775 143.275"
"1446",10.15,143.275,-11.675,2020,"-11.675 143.275"
"1447",10.01,143.275,-11.475,2020,"-11.475 143.275"
"1448",10.17,143.275,-11.425,2020,"-11.425 143.275"
"1449",10.21,143.275,-11.375,2020,"-11.375 143.275"
"1450",8.65,143.275,-10.475,2020,"-10.475 143.275"
"1451",7.13,143.325,-12.275,2020,"-12.275 143.325"
"1452",8.16,143.325,-12.125,2020,"-12.125 143.325"
"1453",8.84,143.325,-12.075,2020,"-12.075 143.325"
"1454",9.81,143.325,-11.875,2020,"-11.875 143.325"
"1455",10.34,143.325,-11.825,2020,"-11.825 143.325"
"1456",10.54,143.325,-11.775,2020,"-11.775 143.325"
"1457",10.08,143.325,-11.475,2020,"-11.475 143.325"
"1458",10.23,143.325,-11.425,2020,"-11.425 143.325"
"1459",10.33,143.325,-11.325,2020,"-11.325 143.325"
"1460",9.98,143.325,-11.275,2020,"-11.275 143.325"
"1461",10.06,143.325,-11.225,2020,"-11.225 143.325"
"1462",10.02,143.325,-11.075,2020,"-11.075 143.325"
"1463",9.98,143.325,-11.025,2020,"-11.025 143.325"
"1464",6.65,143.375,-12.325,2020,"-12.325 143.375"
"1465",6.96,143.375,-12.275,2020,"-12.275 143.375"
"1466",7.91,143.375,-12.125,2020,"-12.125 143.375"
"1467",8.6,143.375,-12.075,2020,"-12.075 143.375"
"1468",8.97,143.375,-12.025,2020,"-12.025 143.375"
"1469",9.61,143.375,-11.925,2020,"-11.925 143.375"
"1470",10.17,143.375,-11.875,2020,"-11.875 143.375"
"1471",10.38,143.375,-11.825,2020,"-11.825 143.375"
"1472",10.61,143.375,-11.775,2020,"-11.775 143.375"
"1473",10.45,143.375,-11.725,2020,"-11.725 143.375"
"1474",10.59,143.375,-11.675,2020,"-11.675 143.375"
"1475",10.22,143.375,-11.575,2020,"-11.575 143.375"
"1476",10.25,143.375,-11.525,2020,"-11.525 143.375"
"1477",10.26,143.375,-11.475,2020,"-11.475 143.375"
"1478",10.42,143.375,-11.325,2020,"-11.325 143.375"
"1479",9.84,143.375,-11.275,2020,"-11.275 143.375"
"1480",9.9,143.375,-11.225,2020,"-11.225 143.375"
"1481",9.77,143.375,-11.125,2020,"-11.125 143.375"
"1482",9.39,143.375,-10.625,2020,"-10.625 143.375"
"1483",5.92,143.425,-12.475,2020,"-12.475 143.425"
"1484",5.99,143.425,-12.425,2020,"-12.425 143.425"
"1485",6.28,143.425,-12.375,2020,"-12.375 143.425"
"1486",6.3,143.425,-12.325,2020,"-12.325 143.425"
"1487",6.48,143.425,-12.275,2020,"-12.275 143.425"
"1488",7.14,143.425,-12.225,2020,"-12.225 143.425"
"1489",7.46,143.425,-12.175,2020,"-12.175 143.425"
"1490",7.77,143.425,-12.125,2020,"-12.125 143.425"
"1491",8.46,143.425,-12.075,2020,"-12.075 143.425"
"1492",8.69,143.425,-12.025,2020,"-12.025 143.425"
"1493",9.59,143.425,-11.925,2020,"-11.925 143.425"
"1494",10.54,143.425,-11.825,2020,"-11.825 143.425"
"1495",10.7,143.425,-11.725,2020,"-11.725 143.425"
"1496",10.65,143.425,-11.675,2020,"-11.675 143.425"
"1497",10.57,143.425,-11.575,2020,"-11.575 143.425"
"1498",10.46,143.425,-11.525,2020,"-11.525 143.425"
"1499",10.47,143.425,-11.425,2020,"-11.425 143.425"
"1500",10.32,143.425,-11.325,2020,"-11.325 143.425"
"1501",10.08,143.425,-11.275,2020,"-11.275 143.425"
"1502",5.54,143.475,-12.475,2020,"-12.475 143.475"
"1503",5.56,143.475,-12.425,2020,"-12.425 143.475"
"1504",5.43,143.475,-12.375,2020,"-12.375 143.475"
"1505",5.61,143.475,-12.325,2020,"-12.325 143.475"
"1506",6.09,143.475,-12.275,2020,"-12.275 143.475"
"1507",6.76,143.475,-12.225,2020,"-12.225 143.475"
"1508",7.09,143.475,-12.175,2020,"-12.175 143.475"
"1509",7.55,143.475,-12.125,2020,"-12.125 143.475"
"1510",8.1,143.475,-12.075,2020,"-12.075 143.475"
"1511",8.73,143.475,-11.975,2020,"-11.975 143.475"
"1512",9.07,143.475,-11.925,2020,"-11.925 143.475"
"1513",9.8,143.475,-11.875,2020,"-11.875 143.475"
"1514",10.34,143.475,-11.825,2020,"-11.825 143.475"
"1515",10.66,143.475,-11.775,2020,"-11.775 143.475"
"1516",10.68,143.475,-11.725,2020,"-11.725 143.475"
"1517",10.78,143.475,-11.625,2020,"-11.625 143.475"
"1518",10.86,143.475,-11.575,2020,"-11.575 143.475"
"1519",10.96,143.475,-11.525,2020,"-11.525 143.475"
"1520",10.24,143.475,-11.325,2020,"-11.325 143.475"
"1521",9.58,143.475,-11.225,2020,"-11.225 143.475"
"1522",9.75,143.475,-10.875,2020,"-10.875 143.475"
"1523",8.66,143.475,-10.625,2020,"-10.625 143.475"
"1524",7.66,143.525,-13.275,2020,"-13.275 143.525"
"1525",6.14,143.525,-13.175,2020,"-13.175 143.525"
"1526",6.51,143.525,-13.075,2020,"-13.075 143.525"
"1527",4.08,143.525,-12.475,2020,"-12.475 143.525"
"1528",4.45,143.525,-12.375,2020,"-12.375 143.525"
"1529",4.78,143.525,-12.325,2020,"-12.325 143.525"
"1530",6.12,143.525,-12.225,2020,"-12.225 143.525"
"1531",7,143.525,-12.125,2020,"-12.125 143.525"
"1532",8.41,143.525,-12.025,2020,"-12.025 143.525"
"1533",8.61,143.525,-11.975,2020,"-11.975 143.525"
"1534",9.04,143.525,-11.925,2020,"-11.925 143.525"
"1535",9.44,143.525,-11.875,2020,"-11.875 143.525"
"1536",9.87,143.525,-11.825,2020,"-11.825 143.525"
"1537",10.51,143.525,-11.775,2020,"-11.775 143.525"
"1538",10.81,143.525,-11.675,2020,"-11.675 143.525"
"1539",10.43,143.525,-11.425,2020,"-11.425 143.525"
"1540",9.66,143.525,-11.025,2020,"-11.025 143.525"
"1541",5.87,143.575,-13.175,2020,"-13.175 143.575"
"1542",4.06,143.575,-12.575,2020,"-12.575 143.575"
"1543",5.46,143.575,-12.225,2020,"-12.225 143.575"
"1544",6.14,143.575,-12.175,2020,"-12.175 143.575"
"1545",7.01,143.575,-12.125,2020,"-12.125 143.575"
"1546",7.85,143.575,-12.025,2020,"-12.025 143.575"
"1547",8.32,143.575,-11.975,2020,"-11.975 143.575"
"1548",8.9,143.575,-11.925,2020,"-11.925 143.575"
"1549",10.41,143.575,-11.775,2020,"-11.775 143.575"
"1550",11.05,143.575,-11.675,2020,"-11.675 143.575"
"1551",11.02,143.575,-11.625,2020,"-11.625 143.575"
"1552",10.27,143.575,-11.425,2020,"-11.425 143.575"
"1553",10,143.575,-11.375,2020,"-11.375 143.575"
"1554",9.59,143.575,-11.325,2020,"-11.325 143.575"
"1555",9.61,143.575,-11.275,2020,"-11.275 143.575"
"1556",9.5,143.575,-11.175,2020,"-11.175 143.575"
"1557",9.54,143.575,-11.125,2020,"-11.125 143.575"
"1558",9.57,143.575,-11.075,2020,"-11.075 143.575"
"1559",8.53,143.575,-10.725,2020,"-10.725 143.575"
"1560",5.97,143.575,-10.375,2020,"-10.375 143.575"
"1561",3.4,143.625,-12.425,2020,"-12.425 143.625"
"1562",3.76,143.625,-12.375,2020,"-12.375 143.625"
"1563",4.23,143.625,-12.325,2020,"-12.325 143.625"
"1564",6.16,143.625,-12.175,2020,"-12.175 143.625"
"1565",6.71,143.625,-12.125,2020,"-12.125 143.625"
"1566",7.16,143.625,-12.025,2020,"-12.025 143.625"
"1567",7.71,143.625,-11.975,2020,"-11.975 143.625"
"1568",8.25,143.625,-11.925,2020,"-11.925 143.625"
"1569",8.78,143.625,-11.875,2020,"-11.875 143.625"
"1570",9.55,143.625,-11.825,2020,"-11.825 143.625"
"1571",10.04,143.625,-11.775,2020,"-11.775 143.625"
"1572",10.31,143.625,-11.675,2020,"-11.675 143.625"
"1573",10.56,143.625,-11.575,2020,"-11.575 143.625"
"1574",9.96,143.625,-11.375,2020,"-11.375 143.625"
"1575",9.47,143.625,-11.275,2020,"-11.275 143.625"
"1576",8.7,143.625,-10.875,2020,"-10.875 143.625"
"1577",7.91,143.625,-10.775,2020,"-10.775 143.625"
"1578",7.66,143.625,-10.725,2020,"-10.725 143.625"
"1579",5.79,143.675,-13.225,2020,"-13.225 143.675"
"1580",4.67,143.675,-13.125,2020,"-13.125 143.675"
"1581",4.31,143.675,-13.075,2020,"-13.075 143.675"
"1582",4.4,143.675,-12.675,2020,"-12.675 143.675"
"1583",3.23,143.675,-12.625,2020,"-12.625 143.675"
"1584",2.97,143.675,-12.575,2020,"-12.575 143.675"
"1585",3.01,143.675,-12.525,2020,"-12.525 143.675"
"1586",3.21,143.675,-12.475,2020,"-12.475 143.675"
"1587",3.89,143.675,-12.375,2020,"-12.375 143.675"
"1588",4.2,143.675,-12.325,2020,"-12.325 143.675"
"1589",4.38,143.675,-12.275,2020,"-12.275 143.675"
"1590",5.03,143.675,-12.225,2020,"-12.225 143.675"
"1591",5.06,143.675,-12.175,2020,"-12.175 143.675"
"1592",5.99,143.675,-12.125,2020,"-12.125 143.675"
"1593",6.2,143.675,-12.075,2020,"-12.075 143.675"
"1594",6.27,143.675,-12.025,2020,"-12.025 143.675"
"1595",6.98,143.675,-11.975,2020,"-11.975 143.675"
"1596",7.52,143.675,-11.925,2020,"-11.925 143.675"
"1597",8.19,143.675,-11.875,2020,"-11.875 143.675"
"1598",8.6,143.675,-11.825,2020,"-11.825 143.675"
"1599",10.02,143.675,-11.625,2020,"-11.625 143.675"
"1600",10.09,143.675,-11.475,2020,"-11.475 143.675"
"1601",6.5,143.725,-13.425,2020,"-13.425 143.725"
"1602",5.79,143.725,-13.175,2020,"-13.175 143.725"
"1603",4.07,143.725,-12.925,2020,"-12.925 143.725"
"1604",4.57,143.725,-12.825,2020,"-12.825 143.725"
"1605",4.27,143.725,-12.775,2020,"-12.775 143.725"
"1606",4.23,143.725,-12.725,2020,"-12.725 143.725"
"1607",4.4,143.725,-12.675,2020,"-12.675 143.725"
"1608",4.47,143.725,-12.625,2020,"-12.625 143.725"
"1609",4.46,143.725,-12.575,2020,"-12.575 143.725"
"1610",4.37,143.725,-12.325,2020,"-12.325 143.725"
"1611",4.67,143.725,-12.275,2020,"-12.275 143.725"
"1612",5.15,143.725,-12.225,2020,"-12.225 143.725"
"1613",5.28,143.725,-12.175,2020,"-12.175 143.725"
"1614",5.5,143.725,-12.075,2020,"-12.075 143.725"
"1615",6.03,143.725,-12.025,2020,"-12.025 143.725"
"1616",6.54,143.725,-11.975,2020,"-11.975 143.725"
"1617",9.41,143.725,-11.475,2020,"-11.475 143.725"
"1618",9.46,143.725,-11.375,2020,"-11.375 143.725"
"1619",8.49,143.725,-11.275,2020,"-11.275 143.725"
"1620",8.39,143.725,-11.175,2020,"-11.175 143.725"
"1621",6.19,143.725,-10.775,2020,"-10.775 143.725"
"1622",5.38,143.775,-14.225,2020,"-14.225 143.775"
"1623",7.1,143.775,-13.825,2020,"-13.825 143.775"
"1624",7.34,143.775,-13.725,2020,"-13.725 143.775"
"1625",7.39,143.775,-13.675,2020,"-13.675 143.775"
"1626",6.03,143.775,-13.325,2020,"-13.325 143.775"
"1627",5.96,143.775,-13.225,2020,"-13.225 143.775"
"1628",5.77,143.775,-13.025,2020,"-13.025 143.775"
"1629",4.6,143.775,-12.875,2020,"-12.875 143.775"
"1630",4.98,143.775,-12.475,2020,"-12.475 143.775"
"1631",8.95,143.775,-11.425,2020,"-11.425 143.775"
"1632",8.12,143.775,-11.275,2020,"-11.275 143.775"
"1633",7.95,143.775,-11.225,2020,"-11.225 143.775"
"1634",7.06,143.825,-13.775,2020,"-13.775 143.825"
"1635",7.06,143.825,-13.625,2020,"-13.625 143.825"
"1636",6.69,143.825,-13.575,2020,"-13.575 143.825"
"1637",6.18,143.825,-13.425,2020,"-13.425 143.825"
"1638",6.26,143.825,-13.125,2020,"-13.125 143.825"
"1639",5.67,143.825,-12.975,2020,"-12.975 143.825"
"1640",5.52,143.825,-12.925,2020,"-12.925 143.825"
"1641",5.36,143.825,-12.875,2020,"-12.875 143.825"
"1642",5.95,143.825,-12.625,2020,"-12.625 143.825"
"1643",7.16,143.825,-11.875,2020,"-11.875 143.825"
"1644",7.44,143.825,-11.275,2020,"-11.275 143.825"
"1645",5.49,143.825,-10.825,2020,"-10.825 143.825"
"1646",6.69,143.875,-13.725,2020,"-13.725 143.875"
"1647",6.18,143.875,-13.525,2020,"-13.525 143.875"
"1648",5.75,143.875,-13.225,2020,"-13.225 143.875"
"1649",6.18,143.875,-13.175,2020,"-13.175 143.875"
"1650",6.24,143.875,-13.125,2020,"-13.125 143.875"
"1651",7.15,143.875,-12.325,2020,"-12.325 143.875"
"1652",7.21,143.875,-11.525,2020,"-11.525 143.875"
"1653",5.45,143.925,-13.925,2020,"-13.925 143.925"
"1654",5.84,143.925,-13.825,2020,"-13.825 143.925"
"1655",6.49,143.925,-13.725,2020,"-13.725 143.925"
"1656",6.59,143.925,-13.175,2020,"-13.175 143.925"
"1657",6.75,143.925,-13.125,2020,"-13.125 143.925"
"1658",7.73,143.925,-12.275,2020,"-12.275 143.925"
"1659",7.18,143.925,-12.225,2020,"-12.225 143.925"
"1660",1.58,143.925,-10.575,2020,"-10.575 143.925"
"1661",1.56,143.925,-10.525,2020,"-10.525 143.925"
"1662",1.52,143.925,-10.425,2020,"-10.425 143.925"
"1663",5.37,143.975,-13.925,2020,"-13.925 143.975"
"1664",5.33,143.975,-13.875,2020,"-13.875 143.975"
"1665",5.4,143.975,-13.825,2020,"-13.825 143.975"
"1666",6.03,143.975,-13.425,2020,"-13.425 143.975"
"1667",6.82,143.975,-13.325,2020,"-13.325 143.975"
"1668",7.29,143.975,-13.225,2020,"-13.225 143.975"
"1669",7.82,143.975,-12.075,2020,"-12.075 143.975"
"1670",5.5,143.975,-11.425,2020,"-11.425 143.975"
"1671",3.48,143.975,-10.775,2020,"-10.775 143.975"
"1672",3.01,143.975,-10.725,2020,"-10.725 143.975"
"1673",2.84,143.975,-10.675,2020,"-10.675 143.975"
"1674",5.48,144.025,-14.025,2020,"-14.025 144.025"
"1675",5.39,144.025,-13.875,2020,"-13.875 144.025"
"1676",8.54,144.025,-11.825,2020,"-11.825 144.025"
"1677",8.58,144.025,-11.775,2020,"-11.775 144.025"
"1678",8.7,144.025,-11.725,2020,"-11.725 144.025"
"1679",8.36,144.025,-11.675,2020,"-11.675 144.025"
"1680",6.84,144.025,-11.525,2020,"-11.525 144.025"
"1681",4.92,144.025,-11.275,2020,"-11.275 144.025"
"1682",4.75,144.025,-11.025,2020,"-11.025 144.025"
"1683",4.26,144.025,-10.925,2020,"-10.925 144.025"
"1684",4.6,144.025,-10.875,2020,"-10.875 144.025"
"1685",5.64,144.075,-14.025,2020,"-14.025 144.075"
"1686",5.63,144.075,-13.975,2020,"-13.975 144.075"
"1687",5.76,144.075,-13.925,2020,"-13.925 144.075"
"1688",6.23,144.075,-13.875,2020,"-13.875 144.075"
"1689",7.37,144.075,-13.525,2020,"-13.525 144.075"
"1690",9.18,144.075,-11.825,2020,"-11.825 144.075"
"1691",9,144.075,-11.725,2020,"-11.725 144.075"
"1692",6.41,144.125,-13.975,2020,"-13.975 144.125"
"1693",6.1,144.175,-13.975,2020,"-13.975 144.175"
"1694",7.85,144.175,-13.675,2020,"-13.675 144.175"
"1695",5.22,144.225,-14.075,2020,"-14.075 144.225"
"1696",7.11,144.225,-13.925,2020,"-13.925 144.225"
"1697",7.42,144.225,-13.725,2020,"-13.725 144.225"
"1698",7.26,144.325,-13.875,2020,"-13.875 144.325"
"1699",2.89,144.375,-10.375,2020,"-10.375 144.375"
"1700",2.87,144.425,-10.425,2020,"-10.425 144.425"
"1701",2.54,144.425,-10.375,2020,"-10.375 144.425"
"1702",2.71,144.475,-10.375,2020,"-10.375 144.475"
"1703",5.25,144.525,-14.125,2020,"-14.125 144.525"
"1704",6.21,144.525,-13.975,2020,"-13.975 144.525"
"1705",6.36,144.625,-14.475,2020,"-14.475 144.625"
"1706",6,144.625,-14.425,2020,"-14.425 144.625"
"1707",7.36,144.625,-13.925,2020,"-13.925 144.625"
"1708",6.3,144.675,-14.225,2020,"-14.225 144.675"
"1709",7.12,144.675,-13.975,2020,"-13.975 144.675"
"1710",6.05,144.725,-14.275,2020,"-14.275 144.725"
"1711",6.32,144.725,-14.225,2020,"-14.225 144.725"
"1712",6.35,144.725,-14.175,2020,"-14.175 144.725"
"1713",5.74,144.775,-14.275,2020,"-14.275 144.775"
"1714",6.4,144.775,-14.225,2020,"-14.225 144.775"
"1715",6.51,144.775,-14.175,2020,"-14.175 144.775"
"1716",6.74,144.775,-14.125,2020,"-14.125 144.775"
"1717",7.13,144.775,-14.075,2020,"-14.075 144.775"
"1718",7.53,144.775,-14.025,2020,"-14.025 144.775"
"1719",3.72,144.925,-14.425,2020,"-14.425 144.925"
"1720",5.71,144.925,-14.225,2020,"-14.225 144.925"
"1721",4.27,144.975,-14.525,2020,"-14.525 144.975"
"1722",3.43,144.975,-14.425,2020,"-14.425 144.975"
"1723",3.61,145.025,-14.475,2020,"-14.475 145.025"
"1724",3.81,145.025,-14.375,2020,"-14.375 145.025"
"1725",7.49,145.075,-14.775,2020,"-14.775 145.075"
"1726",6.28,145.075,-14.275,2020,"-14.275 145.075"
"1727",6.79,145.125,-14.275,2020,"-14.275 145.125"
"1728",3.87,145.175,-14.475,2020,"-14.475 145.175"
"1729",4.12,145.225,-14.475,2020,"-14.475 145.225"
"1730",5.2,145.225,-14.425,2020,"-14.425 145.225"
"1731",5.22,145.275,-14.475,2020,"-14.475 145.275"
"1732",6.14,145.275,-14.425,2020,"-14.425 145.275"
"1733",6.57,145.325,-14.425,2020,"-14.425 145.325"
"1734",6.97,145.325,-14.375,2020,"-14.375 145.325"
"1735",1.75,145.375,-15.925,2020,"-15.925 145.375"
"1736",5.06,145.375,-14.725,2020,"-14.725 145.375"
"1737",7.44,145.375,-14.375,2020,"-14.375 145.375"
"1738",0.49,145.425,-15.475,2020,"-15.475 145.425"
"1739",0.49,145.425,-15.425,2020,"-15.425 145.425"
"1740",7.44,145.425,-14.425,2020,"-14.425 145.425"
"1741",1.11,145.475,-15.675,2020,"-15.675 145.475"
"1742",0.49,145.475,-15.525,2020,"-15.525 145.475"
"1743",4.49,145.475,-14.925,2020,"-14.925 145.475"
"1744",5.98,145.475,-14.675,2020,"-14.675 145.475"
"1745",6.37,145.525,-16.525,2020,"-16.525 145.525"
"1746",1.14,145.525,-15.675,2020,"-15.675 145.525"
"1747",0.94,145.525,-15.425,2020,"-15.425 145.525"
"1748",1.53,145.525,-15.275,2020,"-15.275 145.525"
"1749",5.4,145.525,-14.875,2020,"-14.875 145.525"
"1750",5.93,145.525,-14.825,2020,"-14.825 145.525"
"1751",6.5,145.525,-14.775,2020,"-14.775 145.525"
"1752",7.61,145.525,-14.475,2020,"-14.475 145.525"
"1753",2.44,145.575,-15.875,2020,"-15.875 145.575"
"1754",2.04,145.575,-15.775,2020,"-15.775 145.575"
"1755",1.42,145.575,-15.575,2020,"-15.575 145.575"
"1756",1.27,145.575,-15.375,2020,"-15.375 145.575"
"1757",2.3,145.575,-15.275,2020,"-15.275 145.575"
"1758",7.72,145.575,-14.525,2020,"-14.525 145.575"
"1759",1.74,145.625,-15.775,2020,"-15.775 145.625"
"1760",1.47,145.625,-15.625,2020,"-15.625 145.625"
"1761",1.87,145.625,-15.425,2020,"-15.425 145.625"
"1762",3.21,145.625,-15.275,2020,"-15.275 145.625"
"1763",7.27,145.625,-14.875,2020,"-14.875 145.625"
"1764",7.87,145.625,-14.625,2020,"-14.625 145.625"
"1765",4.61,145.675,-16.175,2020,"-16.175 145.675"
"1766",3.94,145.675,-16.125,2020,"-16.125 145.675"
"1767",2.77,145.675,-15.975,2020,"-15.975 145.675"
"1768",7.4,145.675,-15.025,2020,"-15.025 145.675"
"1769",8.19,145.675,-14.875,2020,"-14.875 145.675"
"1770",6.8,145.725,-16.425,2020,"-16.425 145.725"
"1771",6.5,145.725,-16.375,2020,"-16.375 145.725"
"1772",6.18,145.725,-16.325,2020,"-16.325 145.725"
"1773",4.96,145.725,-16.175,2020,"-16.175 145.725"
"1774",4.69,145.725,-16.125,2020,"-16.125 145.725"
"1775",4.27,145.725,-16.075,2020,"-16.075 145.725"
"1776",8.01,145.725,-15.075,2020,"-15.075 145.725"
"1777",8.91,145.725,-14.875,2020,"-14.875 145.725"
"1778",8.76,145.725,-14.825,2020,"-14.825 145.725"
"1779",7.38,145.775,-16.425,2020,"-16.425 145.775"
"1780",7.08,145.775,-16.375,2020,"-16.375 145.775"
"1781",7.04,145.775,-16.325,2020,"-16.325 145.775"
"1782",6.5,145.775,-16.275,2020,"-16.275 145.775"
"1783",5.59,145.775,-16.125,2020,"-16.125 145.775"
"1784",4.91,145.775,-15.875,2020,"-15.875 145.775"
"1785",6.03,145.775,-15.575,2020,"-15.575 145.775"
"1786",6.83,145.775,-15.375,2020,"-15.375 145.775"
"1787",7.7,145.825,-16.425,2020,"-16.425 145.825"
"1788",7.38,145.825,-16.375,2020,"-16.375 145.825"
"1789",7.07,145.825,-16.325,2020,"-16.325 145.825"
"1790",6.83,145.825,-16.275,2020,"-16.275 145.825"
"1791",6.34,145.825,-16.125,2020,"-16.125 145.825"
"1792",5.64,145.825,-15.975,2020,"-15.975 145.825"
"1793",6.08,145.825,-15.825,2020,"-15.825 145.825"
"1794",7.68,145.875,-16.375,2020,"-16.375 145.875"
"1795",7.57,145.875,-16.325,2020,"-16.325 145.875"
"1796",7.4,145.875,-16.225,2020,"-16.225 145.875"
"1797",5.79,145.925,-16.675,2020,"-16.675 145.925"
"1798",5.92,145.925,-16.625,2020,"-16.625 145.925"
"1799",6.3,145.975,-16.675,2020,"-16.675 145.975"
"1800",6.69,146.025,-16.725,2020,"-16.725 146.025"
"1801",7.51,146.025,-16.575,2020,"-16.575 146.025"
"1802",7.59,146.025,-16.525,2020,"-16.525 146.025"
"1803",6.82,146.075,-16.725,2020,"-16.725 146.075"
"1804",4.15,146.125,-17.775,2020,"-17.775 146.125"
"1805",4.06,146.175,-17.675,2020,"-17.675 146.175"
"1806",4.76,146.175,-17.075,2020,"-17.075 146.175"
"1807",5.06,146.175,-17.025,2020,"-17.025 146.175"
"1808",4.71,146.175,-16.975,2020,"-16.975 146.175"
"1809",5.66,146.175,-16.875,2020,"-16.875 146.175"
"1810",5.24,146.225,-17.025,2020,"-17.025 146.225"
"1811",5.21,146.225,-16.975,2020,"-16.975 146.225"
"1812",5.51,146.225,-16.925,2020,"-16.925 146.225"
"1813",5.6,146.225,-16.875,2020,"-16.875 146.225"
"1814",5.73,146.275,-16.925,2020,"-16.925 146.275"
"1815",5.2,146.325,-17.125,2020,"-17.125 146.325"
"1816",5.46,146.375,-17.725,2020,"-17.725 146.375"
"1817",5.45,146.375,-17.525,2020,"-17.525 146.375"
"1818",5.37,146.375,-17.475,2020,"-17.475 146.375"
"1819",5.56,146.375,-17.425,2020,"-17.425 146.375"
"1820",5.37,146.375,-17.375,2020,"-17.375 146.375"
"1821",5.32,146.375,-17.325,2020,"-17.325 146.375"
"1822",5.23,146.375,-17.275,2020,"-17.275 146.375"
"1823",5.55,146.425,-17.775,2020,"-17.775 146.425"
"1824",5.66,146.425,-17.675,2020,"-17.675 146.425"
"1825",5.67,146.425,-17.625,2020,"-17.625 146.425"
"1826",5.38,146.425,-17.375,2020,"-17.375 146.425"
"1827",5.53,146.425,-17.275,2020,"-17.275 146.425"
"1828",5.72,146.475,-17.675,2020,"-17.675 146.475"
"1829",5.73,146.475,-17.625,2020,"-17.625 146.475"
"1830",5.31,146.475,-17.225,2020,"-17.225 146.475"
"1831",5.67,146.475,-17.125,2020,"-17.125 146.475"
"1832",5.63,146.525,-18.075,2020,"-18.075 146.525"
"1833",5.59,146.525,-18.025,2020,"-18.025 146.525"
"1834",5.91,146.525,-17.775,2020,"-17.775 146.525"
"1835",5.95,146.525,-17.725,2020,"-17.725 146.525"
"1836",5.94,146.525,-17.525,2020,"-17.525 146.525"
"1837",7.18,146.575,-18.725,2020,"-18.725 146.575"
"1838",5.9,146.575,-18.075,2020,"-18.075 146.575"
"1839",6.01,146.575,-18.025,2020,"-18.025 146.575"
"1840",5.89,146.575,-17.875,2020,"-17.875 146.575"
"1841",5.84,146.575,-17.825,2020,"-17.825 146.575"
"1842",5.87,146.575,-17.575,2020,"-17.575 146.575"
"1843",5.48,146.625,-18.025,2020,"-18.025 146.625"
"1844",5.98,146.625,-17.875,2020,"-17.875 146.625"
"1845",5.96,146.625,-17.775,2020,"-17.775 146.625"
"1846",5.1,146.675,-18.375,2020,"-18.375 146.675"
"1847",4.93,146.675,-18.225,2020,"-18.225 146.675"
"1848",6.07,146.675,-17.775,2020,"-17.775 146.675"
"1849",5.25,146.725,-18.425,2020,"-18.425 146.725"
"1850",5.29,146.725,-18.325,2020,"-18.325 146.725"
"1851",4.92,146.725,-18.225,2020,"-18.225 146.725"
"1852",5.99,146.725,-17.875,2020,"-17.875 146.725"
"1853",5.28,146.775,-18.375,2020,"-18.375 146.775"
"1854",4.9,146.775,-18.225,2020,"-18.225 146.775"
"1855",4.61,146.775,-18.125,2020,"-18.125 146.775"
"1856",10.65,146.825,-19.175,2020,"-19.175 146.825"
"1857",5.3,146.825,-18.375,2020,"-18.375 146.825"
"1858",5.27,146.825,-18.325,2020,"-18.325 146.825"
"1859",5.22,146.825,-18.225,2020,"-18.225 146.825"
"1860",4.75,146.825,-18.075,2020,"-18.075 146.825"
"1861",5.11,146.875,-18.475,2020,"-18.475 146.875"
"1862",5.28,146.875,-18.325,2020,"-18.325 146.875"
"1863",5.99,146.875,-18.025,2020,"-18.025 146.875"
"1864",4.6,147.025,-18.525,2020,"-18.525 147.025"
"1865",6.55,147.025,-18.225,2020,"-18.225 147.025"
"1866",4.21,147.075,-18.625,2020,"-18.625 147.075"
"1867",6.52,147.075,-18.425,2020,"-18.425 147.075"
"1868",5.23,147.125,-18.525,2020,"-18.525 147.125"
"1869",5.85,147.425,-18.625,2020,"-18.625 147.425"
"1870",5.88,147.475,-18.575,2020,"-18.575 147.475"
"1871",5.46,147.525,-18.725,2020,"-18.725 147.525"
"1872",6.57,147.525,-18.525,2020,"-18.525 147.525"
"1873",6.35,147.575,-18.575,2020,"-18.575 147.575"
"1874",4.85,147.725,-18.925,2020,"-18.925 147.725"
"1875",4.87,147.725,-18.875,2020,"-18.875 147.725"
"1876",5.32,147.725,-18.775,2020,"-18.775 147.725"
"1877",4.94,147.775,-18.925,2020,"-18.925 147.775"
"1878",5.69,147.875,-18.775,2020,"-18.775 147.875"
"1879",4.8,147.975,-18.925,2020,"-18.925 147.975"
"1880",4.9,148.075,-19.375,2020,"-19.375 148.075"
"1881",4.27,148.075,-19.325,2020,"-19.325 148.075"
"1882",3.86,148.075,-19.275,2020,"-19.275 148.075"
"1883",4.78,148.075,-19.075,2020,"-19.075 148.075"
"1884",5.13,148.125,-19.425,2020,"-19.425 148.125"
"1885",3.56,148.125,-19.225,2020,"-19.225 148.125"
"1886",3.92,148.125,-19.175,2020,"-19.175 148.125"
"1887",4.68,148.125,-19.025,2020,"-19.025 148.125"
"1888",3.03,148.175,-19.225,2020,"-19.225 148.175"
"1889",2.51,148.225,-19.225,2020,"-19.225 148.225"
"1890",2.24,148.325,-19.225,2020,"-19.225 148.325"
"1891",3.31,148.325,-19.125,2020,"-19.125 148.325"
"1892",5.14,148.325,-19.025,2020,"-19.025 148.325"
"1893",2.82,148.375,-19.175,2020,"-19.175 148.375"
"1894",3.17,148.375,-19.125,2020,"-19.125 148.375"
"1895",2.79,148.425,-19.175,2020,"-19.175 148.425"
"1896",3.46,148.425,-19.125,2020,"-19.125 148.425"
"1897",6.94,148.425,-18.975,2020,"-18.975 148.425"
"1898",2.78,148.475,-19.175,2020,"-19.175 148.475"
"1899",3.69,148.475,-19.125,2020,"-19.125 148.475"
"1900",2.2,148.525,-19.225,2020,"-19.225 148.525"
"1901",2.19,148.575,-19.275,2020,"-19.275 148.575"
"1902",2.24,148.625,-19.325,2020,"-19.325 148.625"
"1903",2.98,148.625,-19.225,2020,"-19.225 148.625"
"1904",2.21,148.675,-19.425,2020,"-19.425 148.675"
"1905",2.13,148.675,-19.375,2020,"-19.375 148.675"
"1906",2.97,148.675,-19.275,2020,"-19.275 148.675"
"1907",2.41,148.725,-19.475,2020,"-19.475 148.725"
"1908",2.18,148.725,-19.425,2020,"-19.425 148.725"
"1909",2.68,148.775,-19.525,2020,"-19.525 148.775"
"1910",2.23,148.775,-19.475,2020,"-19.475 148.775"
"1911",2.04,148.775,-19.425,2020,"-19.425 148.775"
"1912",1.89,148.825,-19.475,2020,"-19.475 148.825"
"1913",1.86,148.825,-19.425,2020,"-19.425 148.825"
"1914",2.6,148.825,-19.375,2020,"-19.375 148.825"
"1915",6.86,148.825,-19.125,2020,"-19.125 148.825"
"1916",1.94,148.875,-19.425,2020,"-19.425 148.875"
"1917",2.59,148.875,-19.375,2020,"-19.375 148.875"
"1918",7.55,148.925,-20.275,2020,"-20.275 148.925"
"1919",7.58,148.925,-20.075,2020,"-20.075 148.925"
"1920",7.47,148.975,-20.175,2020,"-20.175 148.975"
"1921",1.59,148.975,-19.525,2020,"-19.525 148.975"
"1922",3.88,148.975,-19.275,2020,"-19.275 148.975"
"1923",1.81,149.025,-19.475,2020,"-19.475 149.025"
"1924",8.07,149.075,-20.475,2020,"-20.475 149.075"
"1925",1.7,149.075,-19.525,2020,"-19.525 149.075"
"1926",1.67,149.075,-19.475,2020,"-19.475 149.075"
"1927",2.59,149.075,-19.375,2020,"-19.375 149.075"
"1928",1.69,149.125,-19.525,2020,"-19.525 149.125"
"1929",4.54,149.175,-19.825,2020,"-19.825 149.175"
"1930",2.39,149.175,-19.725,2020,"-19.725 149.175"
"1931",1.54,149.175,-19.475,2020,"-19.475 149.175"
"1932",2.37,149.175,-19.425,2020,"-19.425 149.175"
"1933",4.03,149.225,-19.825,2020,"-19.825 149.225"
"1934",3.23,149.225,-19.775,2020,"-19.775 149.225"
"1935",2.14,149.225,-19.475,2020,"-19.475 149.225"
"1936",3.18,149.275,-19.775,2020,"-19.775 149.275"
"1937",1.69,149.275,-19.575,2020,"-19.575 149.275"
"1938",1.84,149.275,-19.525,2020,"-19.525 149.275"
"1939",2.25,149.275,-19.475,2020,"-19.475 149.275"
"1940",10.51,149.325,-21.325,2020,"-21.325 149.325"
"1941",2.37,149.325,-19.725,2020,"-19.725 149.325"
"1942",1.94,149.325,-19.675,2020,"-19.675 149.325"
"1943",2.32,149.375,-19.725,2020,"-19.725 149.375"
"1944",2.03,149.375,-19.675,2020,"-19.675 149.375"
"1945",1.66,149.375,-19.625,2020,"-19.625 149.375"
"1946",2.42,149.425,-19.725,2020,"-19.725 149.425"
"1947",1.67,149.425,-19.625,2020,"-19.625 149.425"
"1948",10.03,149.475,-21.525,2020,"-21.525 149.475"
"1949",3.08,149.475,-19.825,2020,"-19.825 149.475"
"1950",2.5,149.475,-19.775,2020,"-19.775 149.475"
"1951",2.21,149.475,-19.725,2020,"-19.725 149.475"
"1952",1.83,149.475,-19.675,2020,"-19.675 149.475"
"1953",2.26,149.525,-19.775,2020,"-19.775 149.525"
"1954",2.01,149.525,-19.725,2020,"-19.725 149.525"
"1955",8.85,149.575,-21.975,2020,"-21.975 149.575"
"1956",10.04,149.575,-21.475,2020,"-21.475 149.575"
"1957",2.83,149.575,-19.875,2020,"-19.875 149.575"
"1958",8.12,149.625,-20.775,2020,"-20.775 149.625"
"1959",1.98,149.625,-19.775,2020,"-19.775 149.625"
"1960",8.82,149.675,-21.975,2020,"-21.975 149.675"
"1961",2.4,149.675,-19.825,2020,"-19.825 149.675"
"1962",3.07,149.675,-19.625,2020,"-19.625 149.675"
"1963",4.68,149.725,-20.025,2020,"-20.025 149.725"
"1964",4.23,149.725,-19.975,2020,"-19.975 149.725"
"1965",3.12,149.725,-19.875,2020,"-19.875 149.725"
"1966",2.91,149.725,-19.675,2020,"-19.675 149.725"
"1967",10.49,149.775,-21.625,2020,"-21.625 149.775"
"1968",2.97,149.775,-19.725,2020,"-19.725 149.775"
"1969",3.69,149.775,-19.675,2020,"-19.675 149.775"
"1970",9.11,149.825,-22.025,2020,"-22.025 149.825"
"1971",9.29,149.825,-21.375,2020,"-21.375 149.825"
"1972",4.77,149.825,-20.075,2020,"-20.075 149.825"
"1973",9.49,149.875,-21.975,2020,"-21.975 149.875"
"1974",6.57,149.875,-19.625,2020,"-19.625 149.875"
"1975",9.93,149.925,-21.475,2020,"-21.475 149.925"
"1976",9.19,150.025,-20.575,2020,"-20.575 150.025"
"1977",4.6,150.025,-20.125,2020,"-20.125 150.025"
"1978",7.8,150.075,-20.975,2020,"-20.975 150.075"
"1979",8.91,150.075,-20.525,2020,"-20.525 150.075"
"1980",6.15,150.075,-20.275,2020,"-20.275 150.075"
"1981",5.33,150.075,-20.225,2020,"-20.225 150.075"
"1982",4.75,150.075,-20.175,2020,"-20.175 150.075"
"1983",4.18,150.075,-20.125,2020,"-20.125 150.075"
"1984",4.49,150.075,-19.825,2020,"-19.825 150.075"
"1985",8.81,150.125,-20.575,2020,"-20.575 150.125"
"1986",5.98,150.125,-20.275,2020,"-20.275 150.125"
"1987",6.47,150.125,-19.775,2020,"-19.775 150.125"
"1988",6.3,150.175,-20.325,2020,"-20.325 150.175"
"1989",7.69,150.225,-20.675,2020,"-20.675 150.225"
"1990",1.82,150.225,-20.025,2020,"-20.025 150.225"
"1991",5.01,150.225,-19.875,2020,"-19.875 150.225"
"1992",8.81,150.275,-22.225,2020,"-22.225 150.275"
"1993",4.18,150.275,-19.925,2020,"-19.925 150.275"
"1994",1.3,150.325,-20.125,2020,"-20.125 150.325"
"1995",8.9,150.375,-21.025,2020,"-21.025 150.375"
"1996",9,150.425,-21.075,2020,"-21.075 150.425"
"1997",8.16,150.425,-20.825,2020,"-20.825 150.425"
"1998",1.64,150.425,-20.125,2020,"-20.125 150.425"
"1999",2.46,150.425,-20.075,2020,"-20.075 150.425"
"2000",8.89,150.475,-21.125,2020,"-21.125 150.475"
"2001",8.99,150.475,-21.075,2020,"-21.075 150.475"
"2002",7.52,150.475,-20.775,2020,"-20.775 150.475"
"2003",7.05,150.475,-20.725,2020,"-20.725 150.475"
"2004",6.18,150.475,-20.675,2020,"-20.675 150.475"
"2005",1.97,150.475,-20.175,2020,"-20.175 150.475"
"2006",8.97,150.525,-20.975,2020,"-20.975 150.525"
"2007",2.46,150.525,-20.275,2020,"-20.275 150.525"
"2008",3.7,150.575,-20.525,2020,"-20.525 150.575"
"2009",3.16,150.575,-20.475,2020,"-20.475 150.575"
"2010",2.31,150.575,-20.325,2020,"-20.325 150.575"
"2011",2.31,150.575,-20.275,2020,"-20.275 150.575"
"2012",8.59,150.625,-21.175,2020,"-21.175 150.625"
"2013",3.52,150.625,-20.525,2020,"-20.525 150.625"
"2014",2.84,150.625,-20.475,2020,"-20.475 150.625"
"2015",2.3,150.625,-20.325,2020,"-20.325 150.625"
"2016",8.27,150.675,-21.175,2020,"-21.175 150.675"
"2017",8.41,150.675,-21.075,2020,"-21.075 150.675"
"2018",3.46,150.675,-20.525,2020,"-20.525 150.675"
"2019",2.83,150.675,-20.475,2020,"-20.475 150.675"
"2020",2.33,150.675,-20.425,2020,"-20.425 150.675"
"2021",10.15,150.725,-22.425,2020,"-22.425 150.725"
"2022",7.92,150.725,-21.325,2020,"-21.325 150.725"
"2023",2.48,150.725,-20.425,2020,"-20.425 150.725"
"2024",3.69,150.775,-20.625,2020,"-20.625 150.775"
"2025",2.39,150.775,-20.375,2020,"-20.375 150.775"
"2026",6.99,150.825,-21.075,2020,"-21.075 150.825"
"2027",3.52,150.825,-20.625,2020,"-20.625 150.825"
"2028",7.59,150.875,-21.375,2020,"-21.375 150.875"
"2029",7.02,150.875,-21.225,2020,"-21.225 150.875"
"2030",6.91,150.875,-21.175,2020,"-21.175 150.875"
"2031",4.05,150.875,-20.725,2020,"-20.725 150.875"
"2032",3.51,150.875,-20.675,2020,"-20.675 150.875"
"2033",7.55,150.925,-21.375,2020,"-21.375 150.925"
"2034",6.14,150.925,-21.025,2020,"-21.025 150.925"
"2035",3.82,150.925,-20.725,2020,"-20.725 150.925"
"2036",7.48,150.975,-21.375,2020,"-21.375 150.975"
"2037",3.8,150.975,-20.775,2020,"-20.775 150.975"
"2038",3.76,150.975,-20.725,2020,"-20.725 150.975"
"2039",4.66,151.025,-20.925,2020,"-20.925 151.025"
"2040",3.3,151.025,-20.725,2020,"-20.725 151.025"
"2041",3.28,151.075,-20.825,2020,"-20.825 151.075"
"2042",3.17,151.075,-20.775,2020,"-20.775 151.075"
"2043",3.04,151.075,-20.725,2020,"-20.725 151.075"
"2044",6.83,151.125,-21.375,2020,"-21.375 151.125"
"2045",3.47,151.125,-20.775,2020,"-20.775 151.125"
"2046",6.57,151.175,-21.325,2020,"-21.325 151.175"
"2047",3.29,151.175,-20.825,2020,"-20.825 151.175"
"2048",2.86,151.225,-20.875,2020,"-20.875 151.225"
"2049",3.57,151.225,-20.825,2020,"-20.825 151.225"
"2050",10.62,151.275,-23.525,2020,"-23.525 151.275"
"2051",6.25,151.275,-21.325,2020,"-21.325 151.275"
"2052",3.46,151.275,-20.875,2020,"-20.875 151.275"
"2053",6.06,151.325,-21.375,2020,"-21.375 151.325"
"2054",2.95,151.325,-21.025,2020,"-21.025 151.325"
"2055",3.64,151.325,-20.925,2020,"-20.925 151.325"
"2056",6.77,151.375,-21.625,2020,"-21.625 151.375"
"2057",5.66,151.375,-21.375,2020,"-21.375 151.375"
"2058",3.5,151.375,-21.175,2020,"-21.175 151.375"
"2059",2.86,151.375,-21.025,2020,"-21.025 151.375"
"2060",3.78,151.375,-20.975,2020,"-20.975 151.375"
"2061",4.31,151.375,-20.925,2020,"-20.925 151.375"
"2062",6.2,151.425,-21.525,2020,"-21.525 151.425"
"2063",3.83,151.425,-20.975,2020,"-20.975 151.425"
"2064",4.74,151.425,-20.925,2020,"-20.925 151.425"
"2065",5.57,151.475,-21.475,2020,"-21.475 151.475"
"2066",4.32,151.475,-21.375,2020,"-21.375 151.475"
"2067",3.86,151.475,-21.325,2020,"-21.325 151.475"
"2068",4.53,151.475,-20.975,2020,"-20.975 151.475"
"2069",5.77,151.525,-21.625,2020,"-21.625 151.525"
"2070",2.88,151.525,-21.275,2020,"-21.275 151.525"
"2071",3.95,151.525,-21.025,2020,"-21.025 151.525"
"2072",5.93,151.575,-21.725,2020,"-21.725 151.575"
"2073",5.58,151.575,-21.675,2020,"-21.675 151.575"
"2074",5.34,151.575,-21.625,2020,"-21.625 151.575"
"2075",2.41,151.575,-21.325,2020,"-21.325 151.575"
"2076",2.52,151.575,-21.275,2020,"-21.275 151.575"
"2077",2.27,151.575,-21.175,2020,"-21.175 151.575"
"2078",9.48,151.625,-23.675,2020,"-23.675 151.625"
"2079",4.39,151.625,-21.675,2020,"-21.675 151.625"
"2080",4.15,151.625,-21.625,2020,"-21.625 151.625"
"2081",3.93,151.625,-21.575,2020,"-21.575 151.625"
"2082",2.12,151.625,-21.425,2020,"-21.425 151.625"
"2083",1.17,151.675,-21.425,2020,"-21.425 151.675"
"2084",1,151.675,-21.375,2020,"-21.375 151.675"
"2085",5.17,151.675,-21.075,2020,"-21.075 151.675"
"2086",8.87,151.725,-23.525,2020,"-23.525 151.725"
"2087",8.1,151.725,-23.025,2020,"-23.025 151.725"
"2088",2.44,151.775,-21.775,2020,"-21.775 151.775"
"2089",1.08,151.775,-21.625,2020,"-21.625 151.775"
"2090",0.91,151.775,-21.575,2020,"-21.575 151.775"
"2091",0.86,151.775,-21.525,2020,"-21.525 151.775"
"2092",5.74,151.775,-21.125,2020,"-21.125 151.775"
"2093",7.7,151.825,-23.275,2020,"-23.275 151.825"
"2094",4.8,151.825,-21.175,2020,"-21.175 151.825"
"2095",8.12,151.875,-23.475,2020,"-23.475 151.875"
"2096",7.23,151.875,-23.275,2020,"-23.275 151.875"
"2097",6.9,151.925,-23.275,2020,"-23.275 151.925"
"2098",0.96,151.925,-21.525,2020,"-21.525 151.925"
"2099",6.48,151.975,-23.325,2020,"-23.325 151.975"
"2100",5.8,152.025,-23.425,2020,"-23.425 152.025"
"2101",1.89,152.025,-21.375,2020,"-21.375 152.025"
"2102",3.94,152.075,-21.925,2020,"-21.925 152.075"
"2103",4.84,152.125,-22.025,2020,"-22.025 152.125"
"2104",4,152.125,-21.925,2020,"-21.925 152.125"
"2105",3.64,152.125,-21.875,2020,"-21.875 152.125"
"2106",3.77,152.175,-23.625,2020,"-23.625 152.175"
"2107",4.86,152.175,-22.025,2020,"-22.025 152.175"
"2108",5.75,152.275,-22.025,2020,"-22.025 152.275"
"2109",4.21,152.325,-21.825,2020,"-21.825 152.325"
"2110",3.37,152.325,-21.675,2020,"-21.675 152.325"
"2111",6.43,152.375,-21.975,2020,"-21.975 152.375"
"2112",5.85,152.425,-21.825,2020,"-21.825 152.425"
"2113",4.85,152.425,-21.775,2020,"-21.775 152.425"
"2114",6.13,152.425,-21.225,2020,"-21.225 152.425"
"2115",6.79,152.475,-22.075,2020,"-22.075 152.475"
"2116",7.23,152.475,-21.125,2020,"-21.125 152.475"
"2117",6.31,152.525,-21.925,2020,"-21.925 152.525"
"2118",6.17,152.525,-21.875,2020,"-21.875 152.525"
"2119",6.08,152.525,-21.775,2020,"-21.775 152.525"
"2120",5.96,152.525,-21.725,2020,"-21.725 152.525"
"2121",4.61,152.525,-21.575,2020,"-21.575 152.525"
"2122",6.03,152.525,-21.225,2020,"-21.225 152.525"
"2123",6.42,152.525,-21.175,2020,"-21.175 152.525"
"2124",4.94,152.575,-21.325,2020,"-21.325 152.575"
"2125",10.13,152.575,-21.025,2020,"-21.025 152.575"
"2126",6.82,152.625,-22.125,2020,"-22.125 152.625"
"2127",6.06,152.625,-21.825,2020,"-21.825 152.625"
"2128",7.25,152.625,-21.175,2020,"-21.175 152.625"
"2129",7.86,152.625,-21.125,2020,"-21.125 152.625"
"2130",7.55,152.675,-22.375,2020,"-22.375 152.675"
"2131",6.93,152.675,-22.175,2020,"-22.175 152.675"
"2132",6.64,152.675,-22.075,2020,"-22.075 152.675"
"2133",7.64,152.725,-22.325,2020,"-22.325 152.725"
"2134",7.56,152.725,-22.275,2020,"-22.275 152.725"
"2135",9.34,152.775,-21.125,2020,"-21.125 152.775"
"2136",5.21,153.125,-24.375,2020,"-24.375 153.125"
"2137",1.11,142.125,-10.375,2017,"-10.375 142.125"
"2138",0.93,142.175,-10.575,2017,"-10.575 142.175"
"2139",1.27,142.175,-10.425,2017,"-10.425 142.175"
"2140",1.25,142.225,-10.475,2017,"-10.475 142.225"
"2141",1.43,142.225,-10.425,2017,"-10.425 142.225"
"2142",0.3,142.575,-10.825,2017,"-10.825 142.575"
"2143",0.16,142.625,-10.925,2017,"-10.925 142.625"
"2144",0.75,142.625,-10.725,2017,"-10.725 142.625"
"2145",1.52,142.775,-10.825,2017,"-10.825 142.775"
"2146",1.53,142.775,-10.725,2017,"-10.725 142.775"
"2147",2,142.825,-10.675,2017,"-10.675 142.825"
"2148",2.72,142.925,-10.625,2017,"-10.625 142.925"
"2149",3.2,142.925,-10.575,2017,"-10.575 142.925"
"2150",3.57,143.025,-11.175,2017,"-11.175 143.025"
"2151",4.28,143.175,-11.375,2017,"-11.375 143.175"
"2152",6.3,143.225,-12.375,2017,"-12.375 143.225"
"2153",4.69,143.225,-11.575,2017,"-11.575 143.225"
"2154",4.29,143.225,-11.425,2017,"-11.425 143.225"
"2155",5.84,143.275,-12.225,2017,"-12.225 143.275"
"2156",4.71,143.275,-11.975,2017,"-11.975 143.275"
"2157",5.32,143.275,-11.775,2017,"-11.775 143.275"
"2158",5.16,143.275,-11.675,2017,"-11.675 143.275"
"2159",4.66,143.275,-11.475,2017,"-11.475 143.275"
"2160",4.59,143.275,-11.425,2017,"-11.425 143.275"
"2161",4.09,143.275,-11.375,2017,"-11.375 143.275"
"2162",5.03,143.275,-10.475,2017,"-10.475 143.275"
"2163",5.97,143.325,-12.275,2017,"-12.275 143.325"
"2164",5.33,143.325,-12.125,2017,"-12.125 143.325"
"2165",5.56,143.325,-12.075,2017,"-12.075 143.325"
"2166",5.54,143.325,-11.875,2017,"-11.875 143.325"
"2167",5.83,143.325,-11.825,2017,"-11.825 143.325"
"2168",6.12,143.325,-11.775,2017,"-11.775 143.325"
"2169",4.72,143.325,-11.475,2017,"-11.475 143.325"
"2170",4.64,143.325,-11.425,2017,"-11.425 143.325"
"2171",4.36,143.325,-11.325,2017,"-11.325 143.325"
"2172",3.59,143.325,-11.275,2017,"-11.275 143.325"
"2173",3.71,143.325,-11.225,2017,"-11.225 143.325"
"2174",3.27,143.325,-11.075,2017,"-11.075 143.325"
"2175",3.29,143.325,-11.025,2017,"-11.025 143.325"
"2176",6.33,143.375,-12.325,2017,"-12.325 143.375"
"2177",6.14,143.375,-12.275,2017,"-12.275 143.375"
"2178",5.86,143.375,-12.125,2017,"-12.125 143.375"
"2179",5.97,143.375,-12.075,2017,"-12.075 143.375"
"2180",5.95,143.375,-12.025,2017,"-12.025 143.375"
"2181",6.25,143.375,-11.925,2017,"-11.925 143.375"
"2182",6.42,143.375,-11.875,2017,"-11.875 143.375"
"2183",6.39,143.375,-11.825,2017,"-11.825 143.375"
"2184",6.54,143.375,-11.775,2017,"-11.775 143.375"
"2185",6.5,143.375,-11.725,2017,"-11.725 143.375"
"2186",6.88,143.375,-11.675,2017,"-11.675 143.375"
"2187",5.97,143.375,-11.575,2017,"-11.575 143.375"
"2188",5.81,143.375,-11.525,2017,"-11.525 143.375"
"2189",5.59,143.375,-11.475,2017,"-11.475 143.375"
"2190",4.45,143.375,-11.325,2017,"-11.325 143.375"
"2191",3.92,143.375,-11.275,2017,"-11.275 143.375"
"2192",3.59,143.375,-11.225,2017,"-11.225 143.375"
"2193",3.15,143.375,-11.125,2017,"-11.125 143.375"
"2194",4.58,143.375,-10.625,2017,"-10.625 143.375"
"2195",6.64,143.425,-12.475,2017,"-12.475 143.425"
"2196",6.57,143.425,-12.425,2017,"-12.425 143.425"
"2197",6.46,143.425,-12.375,2017,"-12.375 143.425"
"2198",6.2,143.425,-12.325,2017,"-12.325 143.425"
"2199",6.03,143.425,-12.275,2017,"-12.275 143.425"
"2200",6.13,143.425,-12.225,2017,"-12.225 143.425"
"2201",5.98,143.425,-12.175,2017,"-12.175 143.425"
"2202",6.14,143.425,-12.125,2017,"-12.125 143.425"
"2203",6.28,143.425,-12.075,2017,"-12.075 143.425"
"2204",6.41,143.425,-12.025,2017,"-12.025 143.425"
"2205",7.1,143.425,-11.925,2017,"-11.925 143.425"
"2206",7.21,143.425,-11.825,2017,"-11.825 143.425"
"2207",6.92,143.425,-11.725,2017,"-11.725 143.425"
"2208",6.99,143.425,-11.675,2017,"-11.675 143.425"
"2209",7.01,143.425,-11.575,2017,"-11.575 143.425"
"2210",6.43,143.425,-11.525,2017,"-11.525 143.425"
"2211",5.88,143.425,-11.425,2017,"-11.425 143.425"
"2212",4.66,143.425,-11.325,2017,"-11.325 143.425"
"2213",4.16,143.425,-11.275,2017,"-11.275 143.425"
"2214",6.62,143.475,-12.475,2017,"-12.475 143.475"
"2215",6.19,143.475,-12.425,2017,"-12.425 143.475"
"2216",6.37,143.475,-12.375,2017,"-12.375 143.475"
"2217",6.41,143.475,-12.325,2017,"-12.325 143.475"
"2218",6.29,143.475,-12.275,2017,"-12.275 143.475"
"2219",6.13,143.475,-12.225,2017,"-12.225 143.475"
"2220",6.17,143.475,-12.175,2017,"-12.175 143.475"
"2221",6.51,143.475,-12.125,2017,"-12.125 143.475"
"2222",6.68,143.475,-12.075,2017,"-12.075 143.475"
"2223",7.57,143.475,-11.975,2017,"-11.975 143.475"
"2224",7.5,143.475,-11.925,2017,"-11.925 143.475"
"2225",7.92,143.475,-11.875,2017,"-11.875 143.475"
"2226",7.43,143.475,-11.825,2017,"-11.825 143.475"
"2227",8.02,143.475,-11.775,2017,"-11.775 143.475"
"2228",8.08,143.475,-11.725,2017,"-11.725 143.475"
"2229",7.42,143.475,-11.625,2017,"-11.625 143.475"
"2230",7.34,143.475,-11.575,2017,"-11.575 143.475"
"2231",7.29,143.475,-11.525,2017,"-11.525 143.475"
"2232",4.93,143.475,-11.325,2017,"-11.325 143.475"
"2233",3.82,143.475,-11.225,2017,"-11.225 143.475"
"2234",5.09,143.475,-10.875,2017,"-10.875 143.475"
"2235",4.2,143.475,-10.625,2017,"-10.625 143.475"
"2236",11.62,143.525,-13.275,2017,"-13.275 143.525"
"2237",11.61,143.525,-13.175,2017,"-13.175 143.525"
"2238",11.26,143.525,-13.075,2017,"-13.075 143.525"
"2239",5.91,143.525,-12.475,2017,"-12.475 143.525"
"2240",5.81,143.525,-12.375,2017,"-12.375 143.525"
"2241",6.16,143.525,-12.325,2017,"-12.325 143.525"
"2242",6.45,143.525,-12.225,2017,"-12.225 143.525"
"2243",6.54,143.525,-12.125,2017,"-12.125 143.525"
"2244",7.26,143.525,-12.025,2017,"-12.025 143.525"
"2245",7.23,143.525,-11.975,2017,"-11.975 143.525"
"2246",7.51,143.525,-11.925,2017,"-11.925 143.525"
"2247",7.7,143.525,-11.875,2017,"-11.875 143.525"
"2248",7.79,143.525,-11.825,2017,"-11.825 143.525"
"2249",8.38,143.525,-11.775,2017,"-11.775 143.525"
"2250",8.07,143.525,-11.675,2017,"-11.675 143.525"
"2251",6.4,143.525,-11.425,2017,"-11.425 143.525"
"2252",4.47,143.525,-11.025,2017,"-11.025 143.525"
"2253",11.46,143.575,-13.175,2017,"-13.175 143.575"
"2254",6.34,143.575,-12.575,2017,"-12.575 143.575"
"2255",6.58,143.575,-12.225,2017,"-12.225 143.575"
"2256",6.48,143.575,-12.175,2017,"-12.175 143.575"
"2257",6.7,143.575,-12.125,2017,"-12.125 143.575"
"2258",7.17,143.575,-12.025,2017,"-12.025 143.575"
"2259",7.58,143.575,-11.975,2017,"-11.975 143.575"
"2260",7.88,143.575,-11.925,2017,"-11.925 143.575"
"2261",8.26,143.575,-11.775,2017,"-11.775 143.575"
"2262",8.69,143.575,-11.675,2017,"-11.675 143.575"
"2263",8.49,143.575,-11.625,2017,"-11.625 143.575"
"2264",7,143.575,-11.425,2017,"-11.425 143.575"
"2265",6.37,143.575,-11.375,2017,"-11.375 143.575"
"2266",5.89,143.575,-11.325,2017,"-11.325 143.575"
"2267",5.33,143.575,-11.275,2017,"-11.275 143.575"
"2268",4.6,143.575,-11.175,2017,"-11.175 143.575"
"2269",4.62,143.575,-11.125,2017,"-11.125 143.575"
"2270",4.5,143.575,-11.075,2017,"-11.075 143.575"
"2271",3.79,143.575,-10.725,2017,"-10.725 143.575"
"2272",3.2,143.575,-10.375,2017,"-10.375 143.575"
"2273",4.43,143.625,-12.425,2017,"-12.425 143.625"
"2274",5.07,143.625,-12.375,2017,"-12.375 143.625"
"2275",6.18,143.625,-12.325,2017,"-12.325 143.625"
"2276",6.49,143.625,-12.175,2017,"-12.175 143.625"
"2277",6.7,143.625,-12.125,2017,"-12.125 143.625"
"2278",7.1,143.625,-12.025,2017,"-12.025 143.625"
"2279",7.57,143.625,-11.975,2017,"-11.975 143.625"
"2280",7.69,143.625,-11.925,2017,"-11.925 143.625"
"2281",7.99,143.625,-11.875,2017,"-11.875 143.625"
"2282",7.95,143.625,-11.825,2017,"-11.825 143.625"
"2283",8.07,143.625,-11.775,2017,"-11.775 143.625"
"2284",8.25,143.625,-11.675,2017,"-11.675 143.625"
"2285",8.42,143.625,-11.575,2017,"-11.575 143.625"
"2286",6.75,143.625,-11.375,2017,"-11.375 143.625"
"2287",5.28,143.625,-11.275,2017,"-11.275 143.625"
"2288",4.66,143.625,-10.875,2017,"-10.875 143.625"
"2289",4.51,143.625,-10.775,2017,"-10.775 143.625"
"2290",4.06,143.625,-10.725,2017,"-10.725 143.625"
"2291",11.19,143.675,-13.225,2017,"-13.225 143.675"
"2292",10.72,143.675,-13.125,2017,"-13.125 143.675"
"2293",10.41,143.675,-13.075,2017,"-13.075 143.675"
"2294",7.95,143.675,-12.675,2017,"-12.675 143.675"
"2295",7.29,143.675,-12.625,2017,"-12.625 143.675"
"2296",6.52,143.675,-12.575,2017,"-12.575 143.675"
"2297",5.5,143.675,-12.525,2017,"-12.525 143.675"
"2298",5.26,143.675,-12.475,2017,"-12.475 143.675"
"2299",5.41,143.675,-12.375,2017,"-12.375 143.675"
"2300",6.38,143.675,-12.325,2017,"-12.325 143.675"
"2301",6.66,143.675,-12.275,2017,"-12.275 143.675"
"2302",6.78,143.675,-12.225,2017,"-12.225 143.675"
"2303",7.04,143.675,-12.175,2017,"-12.175 143.675"
"2304",6.65,143.675,-12.125,2017,"-12.125 143.675"
"2305",6.69,143.675,-12.075,2017,"-12.075 143.675"
"2306",7.02,143.675,-12.025,2017,"-12.025 143.675"
"2307",7.8,143.675,-11.975,2017,"-11.975 143.675"
"2308",7.95,143.675,-11.925,2017,"-11.925 143.675"
"2309",8.14,143.675,-11.875,2017,"-11.875 143.675"
"2310",8.07,143.675,-11.825,2017,"-11.825 143.675"
"2311",8.52,143.675,-11.625,2017,"-11.625 143.675"
"2312",7.59,143.675,-11.475,2017,"-11.475 143.675"
"2313",11.45,143.725,-13.425,2017,"-13.425 143.725"
"2314",11.05,143.725,-13.175,2017,"-13.175 143.725"
"2315",9.75,143.725,-12.925,2017,"-12.925 143.725"
"2316",9.06,143.725,-12.825,2017,"-12.825 143.725"
"2317",8.82,143.725,-12.775,2017,"-12.775 143.725"
"2318",8.24,143.725,-12.725,2017,"-12.725 143.725"
"2319",8.01,143.725,-12.675,2017,"-12.675 143.725"
"2320",7.54,143.725,-12.625,2017,"-12.625 143.725"
"2321",6.89,143.725,-12.575,2017,"-12.575 143.725"
"2322",7.1,143.725,-12.325,2017,"-12.325 143.725"
"2323",6.76,143.725,-12.275,2017,"-12.275 143.725"
"2324",7.14,143.725,-12.225,2017,"-12.225 143.725"
"2325",6.48,143.725,-12.175,2017,"-12.175 143.725"
"2326",7.18,143.725,-12.075,2017,"-12.075 143.725"
"2327",7.55,143.725,-12.025,2017,"-12.025 143.725"
"2328",7.86,143.725,-11.975,2017,"-11.975 143.725"
"2329",7.36,143.725,-11.475,2017,"-11.475 143.725"
"2330",6.67,143.725,-11.375,2017,"-11.375 143.725"
"2331",5.75,143.725,-11.275,2017,"-11.275 143.725"
"2332",5.24,143.725,-11.175,2017,"-11.175 143.725"
"2333",4.03,143.725,-10.775,2017,"-10.775 143.725"
"2334",6.33,143.775,-14.225,2017,"-14.225 143.775"
"2335",9.62,143.775,-13.825,2017,"-13.825 143.775"
"2336",10.72,143.775,-13.725,2017,"-13.725 143.775"
"2337",10.66,143.775,-13.675,2017,"-13.675 143.775"
"2338",11.15,143.775,-13.325,2017,"-13.325 143.775"
"2339",11.49,143.775,-13.225,2017,"-13.225 143.775"
"2340",10.27,143.775,-13.025,2017,"-13.025 143.775"
"2341",9.18,143.775,-12.875,2017,"-12.875 143.775"
"2342",7.66,143.775,-12.475,2017,"-12.475 143.775"
"2343",6.58,143.775,-11.425,2017,"-11.425 143.775"
"2344",5.8,143.775,-11.275,2017,"-11.275 143.775"
"2345",5.49,143.775,-11.225,2017,"-11.225 143.775"
"2346",10.38,143.825,-13.775,2017,"-13.775 143.825"
"2347",10.14,143.825,-13.625,2017,"-13.625 143.825"
"2348",10.13,143.825,-13.575,2017,"-13.575 143.825"
"2349",10.76,143.825,-13.425,2017,"-13.425 143.825"
"2350",11.24,143.825,-13.125,2017,"-13.125 143.825"
"2351",10.54,143.825,-12.975,2017,"-12.975 143.825"
"2352",10.49,143.825,-12.925,2017,"-12.925 143.825"
"2353",10.11,143.825,-12.875,2017,"-12.875 143.825"
"2354",9.39,143.825,-12.625,2017,"-12.625 143.825"
"2355",8.79,143.825,-11.875,2017,"-11.875 143.825"
"2356",5.52,143.825,-11.275,2017,"-11.275 143.825"
"2357",4.48,143.825,-10.825,2017,"-10.825 143.825"
"2358",9.89,143.875,-13.725,2017,"-13.725 143.875"
"2359",9.97,143.875,-13.525,2017,"-13.525 143.875"
"2360",11.34,143.875,-13.225,2017,"-13.225 143.875"
"2361",11.4,143.875,-13.175,2017,"-13.175 143.875"
"2362",11.65,143.875,-13.125,2017,"-13.125 143.875"
"2363",9.99,143.875,-12.325,2017,"-12.325 143.875"
"2364",6.62,143.875,-11.525,2017,"-11.525 143.875"
"2365",8.99,143.925,-13.925,2017,"-13.925 143.925"
"2366",9.59,143.925,-13.825,2017,"-13.825 143.925"
"2367",9.63,143.925,-13.725,2017,"-13.725 143.925"
"2368",12.4,143.925,-13.175,2017,"-13.175 143.925"
"2369",12.72,143.925,-13.125,2017,"-13.125 143.925"
"2370",10.82,143.925,-12.275,2017,"-12.275 143.925"
"2371",10.4,143.925,-12.225,2017,"-12.225 143.925"
"2372",2.25,143.925,-10.575,2017,"-10.575 143.925"
"2373",2.24,143.925,-10.525,2017,"-10.525 143.925"
"2374",1.98,143.925,-10.425,2017,"-10.425 143.925"
"2375",9.16,143.975,-13.925,2017,"-13.925 143.975"
"2376",9.63,143.975,-13.875,2017,"-13.875 143.975"
"2377",9.45,143.975,-13.825,2017,"-13.825 143.975"
"2378",11.04,143.975,-13.425,2017,"-13.425 143.975"
"2379",11.3,143.975,-13.325,2017,"-13.325 143.975"
"2380",12.71,143.975,-13.225,2017,"-13.225 143.975"
"2381",11.67,143.975,-12.075,2017,"-12.075 143.975"
"2382",6.43,143.975,-11.425,2017,"-11.425 143.975"
"2383",3.25,143.975,-10.775,2017,"-10.775 143.975"
"2384",3.27,143.975,-10.725,2017,"-10.725 143.975"
"2385",2.9,143.975,-10.675,2017,"-10.675 143.975"
"2386",9.04,144.025,-14.025,2017,"-14.025 144.025"
"2387",9.77,144.025,-13.875,2017,"-13.875 144.025"
"2388",12.18,144.025,-11.825,2017,"-11.825 144.025"
"2389",11.35,144.025,-11.775,2017,"-11.775 144.025"
"2390",11.21,144.025,-11.725,2017,"-11.725 144.025"
"2391",10.32,144.025,-11.675,2017,"-11.675 144.025"
"2392",8.24,144.025,-11.525,2017,"-11.525 144.025"
"2393",5.7,144.025,-11.275,2017,"-11.275 144.025"
"2394",4.57,144.025,-11.025,2017,"-11.025 144.025"
"2395",4.3,144.025,-10.925,2017,"-10.925 144.025"
"2396",4.13,144.025,-10.875,2017,"-10.875 144.025"
"2397",9.31,144.075,-14.025,2017,"-14.025 144.075"
"2398",10.04,144.075,-13.975,2017,"-13.975 144.075"
"2399",10.28,144.075,-13.925,2017,"-13.925 144.075"
"2400",10.02,144.075,-13.875,2017,"-13.875 144.075"
"2401",11.38,144.075,-13.525,2017,"-13.525 144.075"
"2402",13.9,144.075,-11.825,2017,"-11.825 144.075"
"2403",12.29,144.075,-11.725,2017,"-11.725 144.075"
"2404",10.38,144.125,-13.975,2017,"-13.975 144.125"
"2405",10.59,144.175,-13.975,2017,"-13.975 144.175"
"2406",12.46,144.175,-13.675,2017,"-13.675 144.175"
"2407",9.03,144.225,-14.075,2017,"-14.075 144.225"
"2408",11.2,144.225,-13.925,2017,"-13.925 144.225"
"2409",12.17,144.225,-13.725,2017,"-13.725 144.225"
"2410",11.6,144.325,-13.875,2017,"-13.875 144.325"
"2411",4.35,144.375,-10.375,2017,"-10.375 144.375"
"2412",4.85,144.425,-10.425,2017,"-10.425 144.425"
"2413",4.63,144.425,-10.375,2017,"-10.375 144.425"
"2414",4.87,144.475,-10.375,2017,"-10.375 144.475"
"2415",11.14,144.525,-14.125,2017,"-14.125 144.525"
"2416",10.58,144.525,-13.975,2017,"-13.975 144.525"
"2417",12.92,144.625,-14.475,2017,"-14.475 144.625"
"2418",12.54,144.625,-14.425,2017,"-14.425 144.625"
"2419",11.8,144.625,-13.925,2017,"-13.925 144.625"
"2420",12.53,144.675,-14.225,2017,"-14.225 144.675"
"2421",11.99,144.675,-13.975,2017,"-13.975 144.675"
"2422",12.06,144.725,-14.275,2017,"-14.275 144.725"
"2423",12.35,144.725,-14.225,2017,"-14.225 144.725"
"2424",12.28,144.725,-14.175,2017,"-14.175 144.725"
"2425",11.66,144.775,-14.275,2017,"-14.275 144.775"
"2426",11.95,144.775,-14.225,2017,"-14.225 144.775"
"2427",12.11,144.775,-14.175,2017,"-14.175 144.775"
"2428",12.13,144.775,-14.125,2017,"-14.125 144.775"
"2429",12.46,144.775,-14.075,2017,"-14.075 144.775"
"2430",12.41,144.775,-14.025,2017,"-14.025 144.775"
"2431",11.84,144.925,-14.425,2017,"-14.425 144.925"
"2432",12,144.925,-14.225,2017,"-14.225 144.925"
"2433",11.82,144.975,-14.525,2017,"-14.525 144.975"
"2434",11.45,144.975,-14.425,2017,"-14.425 144.975"
"2435",11.54,145.025,-14.475,2017,"-14.475 145.025"
"2436",10.93,145.025,-14.375,2017,"-14.375 145.025"
"2437",11.77,145.075,-14.775,2017,"-14.775 145.075"
"2438",10.98,145.075,-14.275,2017,"-14.275 145.075"
"2439",11.01,145.125,-14.275,2017,"-14.275 145.125"
"2440",10.86,145.175,-14.475,2017,"-14.475 145.175"
"2441",10.53,145.225,-14.475,2017,"-14.475 145.225"
"2442",10.2,145.225,-14.425,2017,"-14.425 145.225"
"2443",9.8,145.275,-14.475,2017,"-14.475 145.275"
"2444",10.03,145.275,-14.425,2017,"-14.425 145.275"
"2445",9.53,145.325,-14.425,2017,"-14.425 145.325"
"2446",9.81,145.325,-14.375,2017,"-14.375 145.325"
"2447",9.75,145.375,-15.925,2017,"-15.925 145.375"
"2448",9.4,145.375,-14.725,2017,"-14.725 145.375"
"2449",9.41,145.375,-14.375,2017,"-14.375 145.375"
"2450",7.41,145.425,-15.475,2017,"-15.475 145.425"
"2451",7.11,145.425,-15.425,2017,"-15.425 145.425"
"2452",9.05,145.425,-14.425,2017,"-14.425 145.425"
"2453",8.11,145.475,-15.675,2017,"-15.675 145.475"
"2454",7.43,145.475,-15.525,2017,"-15.525 145.475"
"2455",8.7,145.475,-14.925,2017,"-14.925 145.475"
"2456",8.66,145.475,-14.675,2017,"-14.675 145.475"
"2457",11.5,145.525,-16.525,2017,"-16.525 145.525"
"2458",7.59,145.525,-15.675,2017,"-15.675 145.525"
"2459",6.99,145.525,-15.425,2017,"-15.425 145.525"
"2460",7.07,145.525,-15.275,2017,"-15.275 145.525"
"2461",8.73,145.525,-14.875,2017,"-14.875 145.525"
"2462",8.93,145.525,-14.825,2017,"-14.825 145.525"
"2463",8.97,145.525,-14.775,2017,"-14.775 145.525"
"2464",8.89,145.525,-14.475,2017,"-14.475 145.525"
"2465",8.83,145.575,-15.875,2017,"-15.875 145.575"
"2466",8.6,145.575,-15.775,2017,"-15.775 145.575"
"2467",7.78,145.575,-15.575,2017,"-15.575 145.575"
"2468",7.52,145.575,-15.375,2017,"-15.375 145.575"
"2469",7.23,145.575,-15.275,2017,"-15.275 145.575"
"2470",9.04,145.575,-14.525,2017,"-14.525 145.575"
"2471",8.02,145.625,-15.775,2017,"-15.775 145.625"
"2472",7.98,145.625,-15.625,2017,"-15.625 145.625"
"2473",7.47,145.625,-15.425,2017,"-15.425 145.625"
"2474",7.39,145.625,-15.275,2017,"-15.275 145.625"
"2475",9.09,145.625,-14.875,2017,"-14.875 145.625"
"2476",9.2,145.625,-14.625,2017,"-14.625 145.625"
"2477",10.58,145.675,-16.175,2017,"-16.175 145.675"
"2478",9.92,145.675,-16.125,2017,"-16.125 145.675"
"2479",8.4,145.675,-15.975,2017,"-15.975 145.675"
"2480",8.25,145.675,-15.025,2017,"-15.025 145.675"
"2481",9.71,145.675,-14.875,2017,"-14.875 145.675"
"2482",11.44,145.725,-16.425,2017,"-16.425 145.725"
"2483",11.45,145.725,-16.375,2017,"-16.375 145.725"
"2484",11.16,145.725,-16.325,2017,"-16.325 145.725"
"2485",10.19,145.725,-16.175,2017,"-16.175 145.725"
"2486",9.54,145.725,-16.125,2017,"-16.125 145.725"
"2487",8.85,145.725,-16.075,2017,"-16.075 145.725"
"2488",8.55,145.725,-15.075,2017,"-15.075 145.725"
"2489",10.27,145.725,-14.875,2017,"-14.875 145.725"
"2490",10.1,145.725,-14.825,2017,"-14.825 145.725"
"2491",11.31,145.775,-16.425,2017,"-16.425 145.775"
"2492",11.29,145.775,-16.375,2017,"-16.375 145.775"
"2493",10.83,145.775,-16.325,2017,"-16.325 145.775"
"2494",10.58,145.775,-16.275,2017,"-16.275 145.775"
"2495",8.8,145.775,-16.125,2017,"-16.125 145.775"
"2496",7.08,145.775,-15.875,2017,"-15.875 145.775"
"2497",7.55,145.775,-15.575,2017,"-15.575 145.775"
"2498",7.3,145.775,-15.375,2017,"-15.375 145.775"
"2499",10.88,145.825,-16.425,2017,"-16.425 145.825"
"2500",10.78,145.825,-16.375,2017,"-16.375 145.825"
"2501",10.6,145.825,-16.325,2017,"-16.325 145.825"
"2502",10.08,145.825,-16.275,2017,"-16.275 145.825"
"2503",8.58,145.825,-16.125,2017,"-16.125 145.825"
"2504",7.86,145.825,-15.975,2017,"-15.975 145.825"
"2505",7.41,145.825,-15.825,2017,"-15.825 145.825"
"2506",10.33,145.875,-16.375,2017,"-16.375 145.875"
"2507",10.17,145.875,-16.325,2017,"-16.325 145.875"
"2508",9.45,145.875,-16.225,2017,"-16.225 145.875"
"2509",10.55,145.925,-16.675,2017,"-16.675 145.925"
"2510",10.31,145.925,-16.625,2017,"-16.625 145.925"
"2511",10.83,145.975,-16.675,2017,"-16.675 145.975"
"2512",10.97,146.025,-16.725,2017,"-16.725 146.025"
"2513",10.33,146.025,-16.575,2017,"-16.575 146.025"
"2514",10.25,146.025,-16.525,2017,"-16.525 146.025"
"2515",11.29,146.075,-16.725,2017,"-16.725 146.075"
"2516",8.31,146.125,-17.775,2017,"-17.775 146.125"
"2517",8.87,146.175,-17.675,2017,"-17.675 146.175"
"2518",10.23,146.175,-17.075,2017,"-17.075 146.175"
"2519",10.34,146.175,-17.025,2017,"-17.025 146.175"
"2520",10.36,146.175,-16.975,2017,"-16.975 146.175"
"2521",10.56,146.175,-16.875,2017,"-16.875 146.175"
"2522",10.26,146.225,-17.025,2017,"-17.025 146.225"
"2523",10.37,146.225,-16.975,2017,"-16.975 146.225"
"2524",10.56,146.225,-16.925,2017,"-16.925 146.225"
"2525",10.7,146.225,-16.875,2017,"-16.875 146.225"
"2526",10.7,146.275,-16.925,2017,"-16.925 146.275"
"2527",9.47,146.325,-17.125,2017,"-17.125 146.325"
"2528",9.96,146.375,-17.725,2017,"-17.725 146.375"
"2529",8.91,146.375,-17.525,2017,"-17.525 146.375"
"2530",9.52,146.375,-17.475,2017,"-17.475 146.375"
"2531",9.67,146.375,-17.425,2017,"-17.425 146.375"
"2532",9.02,146.375,-17.375,2017,"-17.375 146.375"
"2533",8.98,146.375,-17.325,2017,"-17.325 146.375"
"2534",8.57,146.375,-17.275,2017,"-17.275 146.375"
"2535",9.12,146.425,-17.775,2017,"-17.775 146.425"
"2536",9.07,146.425,-17.675,2017,"-17.675 146.425"
"2537",9.24,146.425,-17.625,2017,"-17.625 146.425"
"2538",8.42,146.425,-17.375,2017,"-17.375 146.425"
"2539",8.34,146.425,-17.275,2017,"-17.275 146.425"
"2540",8.62,146.475,-17.675,2017,"-17.675 146.475"
"2541",8.07,146.475,-17.625,2017,"-17.625 146.475"
"2542",7.98,146.475,-17.225,2017,"-17.225 146.475"
"2543",8.47,146.475,-17.125,2017,"-17.125 146.475"
"2544",9.08,146.525,-18.075,2017,"-18.075 146.525"
"2545",8.54,146.525,-18.025,2017,"-18.025 146.525"
"2546",8.16,146.525,-17.775,2017,"-17.775 146.525"
"2547",8.35,146.525,-17.725,2017,"-17.725 146.525"
"2548",7.54,146.525,-17.525,2017,"-17.525 146.525"
"2549",9.34,146.575,-18.725,2017,"-18.725 146.575"
"2550",8.83,146.575,-18.075,2017,"-18.075 146.575"
"2551",8.59,146.575,-18.025,2017,"-18.025 146.575"
"2552",8.09,146.575,-17.875,2017,"-17.875 146.575"
"2553",7.61,146.575,-17.825,2017,"-17.825 146.575"
"2554",7.71,146.575,-17.575,2017,"-17.575 146.575"
"2555",7.84,146.625,-18.025,2017,"-18.025 146.625"
"2556",7.99,146.625,-17.875,2017,"-17.875 146.625"
"2557",8.16,146.625,-17.775,2017,"-17.775 146.625"
"2558",8.65,146.675,-18.375,2017,"-18.375 146.675"
"2559",8.4,146.675,-18.225,2017,"-18.225 146.675"
"2560",8.33,146.675,-17.775,2017,"-17.775 146.675"
"2561",8.25,146.725,-18.425,2017,"-18.425 146.725"
"2562",8.4,146.725,-18.325,2017,"-18.325 146.725"
"2563",8.25,146.725,-18.225,2017,"-18.225 146.725"
"2564",7.89,146.725,-17.875,2017,"-17.875 146.725"
"2565",8.16,146.775,-18.375,2017,"-18.375 146.775"
"2566",7.79,146.775,-18.225,2017,"-18.225 146.775"
"2567",7.14,146.775,-18.125,2017,"-18.125 146.775"
"2568",8.71,146.825,-19.175,2017,"-19.175 146.825"
"2569",8.22,146.825,-18.375,2017,"-18.375 146.825"
"2570",8.14,146.825,-18.325,2017,"-18.325 146.825"
"2571",7.91,146.825,-18.225,2017,"-18.225 146.825"
"2572",7.28,146.825,-18.075,2017,"-18.075 146.825"
"2573",7.44,146.875,-18.475,2017,"-18.475 146.875"
"2574",7.92,146.875,-18.325,2017,"-18.325 146.875"
"2575",7.27,146.875,-18.025,2017,"-18.025 146.875"
"2576",6.88,147.025,-18.525,2017,"-18.525 147.025"
"2577",8.44,147.025,-18.225,2017,"-18.225 147.025"
"2578",5.7,147.075,-18.625,2017,"-18.625 147.075"
"2579",7.54,147.075,-18.425,2017,"-18.425 147.075"
"2580",6.59,147.125,-18.525,2017,"-18.525 147.125"
"2581",5.55,147.425,-18.625,2017,"-18.625 147.425"
"2582",5.6,147.475,-18.575,2017,"-18.575 147.475"
"2583",4.68,147.525,-18.725,2017,"-18.725 147.525"
"2584",6.41,147.525,-18.525,2017,"-18.525 147.525"
"2585",6.15,147.575,-18.575,2017,"-18.575 147.575"
"2586",3.79,147.725,-18.925,2017,"-18.925 147.725"
"2587",3.94,147.725,-18.875,2017,"-18.875 147.725"
"2588",4.15,147.725,-18.775,2017,"-18.775 147.725"
"2589",3.74,147.775,-18.925,2017,"-18.925 147.775"
"2590",4.68,147.875,-18.775,2017,"-18.775 147.875"
"2591",4.17,147.975,-18.925,2017,"-18.925 147.975"
"2592",3.87,148.075,-19.375,2017,"-19.375 148.075"
"2593",3.52,148.075,-19.325,2017,"-19.325 148.075"
"2594",3.33,148.075,-19.275,2017,"-19.275 148.075"
"2595",3.56,148.075,-19.075,2017,"-19.075 148.075"
"2596",3.89,148.125,-19.425,2017,"-19.425 148.125"
"2597",2.56,148.125,-19.225,2017,"-19.225 148.125"
"2598",2.58,148.125,-19.175,2017,"-19.175 148.125"
"2599",3.62,148.125,-19.025,2017,"-19.025 148.125"
"2600",2.39,148.175,-19.225,2017,"-19.225 148.175"
"2601",2.24,148.225,-19.225,2017,"-19.225 148.225"
"2602",2.25,148.325,-19.225,2017,"-19.225 148.325"
"2603",2.29,148.325,-19.125,2017,"-19.125 148.325"
"2604",3.62,148.325,-19.025,2017,"-19.025 148.325"
"2605",2.25,148.375,-19.175,2017,"-19.175 148.375"
"2606",2.89,148.375,-19.125,2017,"-19.125 148.375"
"2607",2.1,148.425,-19.175,2017,"-19.175 148.425"
"2608",2.89,148.425,-19.125,2017,"-19.125 148.425"
"2609",4.77,148.425,-18.975,2017,"-18.975 148.425"
"2610",2.24,148.475,-19.175,2017,"-19.175 148.475"
"2611",3.39,148.475,-19.125,2017,"-19.125 148.475"
"2612",1.63,148.525,-19.225,2017,"-19.225 148.525"
"2613",1.62,148.575,-19.275,2017,"-19.275 148.575"
"2614",2.08,148.625,-19.325,2017,"-19.325 148.625"
"2615",2.84,148.625,-19.225,2017,"-19.225 148.625"
"2616",2.58,148.675,-19.425,2017,"-19.425 148.675"
"2617",2.26,148.675,-19.375,2017,"-19.375 148.675"
"2618",2.29,148.675,-19.275,2017,"-19.275 148.675"
"2619",2.57,148.725,-19.475,2017,"-19.475 148.725"
"2620",2.71,148.725,-19.425,2017,"-19.425 148.725"
"2621",2.46,148.775,-19.525,2017,"-19.525 148.775"
"2622",2.27,148.775,-19.475,2017,"-19.475 148.775"
"2623",2.27,148.775,-19.425,2017,"-19.425 148.775"
"2624",1.95,148.825,-19.475,2017,"-19.475 148.825"
"2625",2.25,148.825,-19.425,2017,"-19.425 148.825"
"2626",2.13,148.825,-19.375,2017,"-19.375 148.825"
"2627",4.86,148.825,-19.125,2017,"-19.125 148.825"
"2628",1.5,148.875,-19.425,2017,"-19.425 148.875"
"2629",1.98,148.875,-19.375,2017,"-19.375 148.875"
"2630",5.91,148.925,-20.275,2017,"-20.275 148.925"
"2631",6.51,148.925,-20.075,2017,"-20.075 148.925"
"2632",6.6,148.975,-20.175,2017,"-20.175 148.975"
"2633",1.13,148.975,-19.525,2017,"-19.525 148.975"
"2634",3.16,148.975,-19.275,2017,"-19.275 148.975"
"2635",1.28,149.025,-19.475,2017,"-19.475 149.025"
"2636",6.15,149.075,-20.475,2017,"-20.475 149.075"
"2637",1.26,149.075,-19.525,2017,"-19.525 149.075"
"2638",1.27,149.075,-19.475,2017,"-19.475 149.075"
"2639",1.8,149.075,-19.375,2017,"-19.375 149.075"
"2640",1.11,149.125,-19.525,2017,"-19.525 149.125"
"2641",3.16,149.175,-19.825,2017,"-19.825 149.175"
"2642",2.26,149.175,-19.725,2017,"-19.725 149.175"
"2643",0.96,149.175,-19.475,2017,"-19.475 149.175"
"2644",1.44,149.175,-19.425,2017,"-19.425 149.175"
"2645",2.67,149.225,-19.825,2017,"-19.825 149.225"
"2646",2.28,149.225,-19.775,2017,"-19.775 149.225"
"2647",0.96,149.225,-19.475,2017,"-19.475 149.225"
"2648",2.23,149.275,-19.775,2017,"-19.775 149.275"
"2649",0.65,149.275,-19.575,2017,"-19.575 149.275"
"2650",0.66,149.275,-19.525,2017,"-19.525 149.275"
"2651",1.13,149.275,-19.475,2017,"-19.475 149.275"
"2652",5.62,149.325,-21.325,2017,"-21.325 149.325"
"2653",1.57,149.325,-19.725,2017,"-19.725 149.325"
"2654",1.38,149.325,-19.675,2017,"-19.675 149.325"
"2655",1.57,149.375,-19.725,2017,"-19.725 149.375"
"2656",1.37,149.375,-19.675,2017,"-19.675 149.375"
"2657",0.65,149.375,-19.625,2017,"-19.625 149.375"
"2658",1.56,149.425,-19.725,2017,"-19.725 149.425"
"2659",0.8,149.425,-19.625,2017,"-19.625 149.425"
"2660",5.52,149.475,-21.525,2017,"-21.525 149.475"
"2661",2.08,149.475,-19.825,2017,"-19.825 149.475"
"2662",1.86,149.475,-19.775,2017,"-19.775 149.475"
"2663",1.24,149.475,-19.725,2017,"-19.725 149.475"
"2664",0.78,149.475,-19.675,2017,"-19.675 149.475"
"2665",1.1,149.525,-19.775,2017,"-19.775 149.525"
"2666",0.79,149.525,-19.725,2017,"-19.725 149.525"
"2667",5.07,149.575,-21.975,2017,"-21.975 149.575"
"2668",4.8,149.575,-21.475,2017,"-21.475 149.575"
"2669",1.61,149.575,-19.875,2017,"-19.875 149.575"
"2670",6.32,149.625,-20.775,2017,"-20.775 149.625"
"2671",0.8,149.625,-19.775,2017,"-19.775 149.625"
"2672",3.03,149.675,-21.975,2017,"-21.975 149.675"
"2673",1.28,149.675,-19.825,2017,"-19.825 149.675"
"2674",1.53,149.675,-19.625,2017,"-19.625 149.675"
"2675",2.01,149.725,-20.025,2017,"-20.025 149.725"
"2676",1.98,149.725,-19.975,2017,"-19.975 149.725"
"2677",1.65,149.725,-19.875,2017,"-19.875 149.725"
"2678",1.4,149.725,-19.675,2017,"-19.675 149.725"
"2679",4.52,149.775,-21.625,2017,"-21.625 149.775"
"2680",1.29,149.775,-19.725,2017,"-19.725 149.775"
"2681",1.75,149.775,-19.675,2017,"-19.675 149.775"
"2682",2.84,149.825,-22.025,2017,"-22.025 149.825"
"2683",6.27,149.825,-21.375,2017,"-21.375 149.825"
"2684",2.18,149.825,-20.075,2017,"-20.075 149.825"
"2685",3.01,149.875,-21.975,2017,"-21.975 149.875"
"2686",3.93,149.875,-19.625,2017,"-19.625 149.875"
"2687",6.92,149.925,-21.475,2017,"-21.475 149.925"
"2688",3.57,150.025,-20.575,2017,"-20.575 150.025"
"2689",2.21,150.025,-20.125,2017,"-20.125 150.025"
"2690",4,150.075,-20.975,2017,"-20.975 150.075"
"2691",3.76,150.075,-20.525,2017,"-20.525 150.075"
"2692",2.82,150.075,-20.275,2017,"-20.275 150.075"
"2693",2.79,150.075,-20.225,2017,"-20.225 150.075"
"2694",2.52,150.075,-20.175,2017,"-20.175 150.075"
"2695",2.07,150.075,-20.125,2017,"-20.125 150.075"
"2696",2.07,150.075,-19.825,2017,"-19.825 150.075"
"2697",4.07,150.125,-20.575,2017,"-20.575 150.125"
"2698",2.83,150.125,-20.275,2017,"-20.275 150.125"
"2699",3.61,150.125,-19.775,2017,"-19.775 150.125"
"2700",3.19,150.175,-20.325,2017,"-20.325 150.175"
"2701",3.81,150.225,-20.675,2017,"-20.675 150.225"
"2702",1.22,150.225,-20.025,2017,"-20.025 150.225"
"2703",2.83,150.225,-19.875,2017,"-19.875 150.225"
"2704",2.97,150.275,-22.225,2017,"-22.225 150.275"
"2705",2,150.275,-19.925,2017,"-19.925 150.275"
"2706",1.44,150.325,-20.125,2017,"-20.125 150.325"
"2707",4.29,150.375,-21.025,2017,"-21.025 150.375"
"2708",4.3,150.425,-21.075,2017,"-21.075 150.425"
"2709",3.68,150.425,-20.825,2017,"-20.825 150.425"
"2710",2.07,150.425,-20.125,2017,"-20.125 150.425"
"2711",2.22,150.425,-20.075,2017,"-20.075 150.425"
"2712",4,150.475,-21.125,2017,"-21.125 150.475"
"2713",4.46,150.475,-21.075,2017,"-21.075 150.475"
"2714",3.49,150.475,-20.775,2017,"-20.775 150.475"
"2715",3.5,150.475,-20.725,2017,"-20.725 150.475"
"2716",3.19,150.475,-20.675,2017,"-20.675 150.475"
"2717",2.43,150.475,-20.175,2017,"-20.175 150.475"
"2718",4.38,150.525,-20.975,2017,"-20.975 150.525"
"2719",3.22,150.525,-20.275,2017,"-20.275 150.525"
"2720",3.89,150.575,-20.525,2017,"-20.525 150.575"
"2721",3.88,150.575,-20.475,2017,"-20.475 150.575"
"2722",3.15,150.575,-20.325,2017,"-20.325 150.575"
"2723",3.14,150.575,-20.275,2017,"-20.275 150.575"
"2724",4.18,150.625,-21.175,2017,"-21.175 150.625"
"2725",4.08,150.625,-20.525,2017,"-20.525 150.625"
"2726",3.94,150.625,-20.475,2017,"-20.475 150.625"
"2727",3.62,150.625,-20.325,2017,"-20.325 150.625"
"2728",4.16,150.675,-21.175,2017,"-21.175 150.675"
"2729",4.51,150.675,-21.075,2017,"-21.075 150.675"
"2730",3.95,150.675,-20.525,2017,"-20.525 150.675"
"2731",4,150.675,-20.475,2017,"-20.475 150.675"
"2732",3.99,150.675,-20.425,2017,"-20.425 150.675"
"2733",5.54,150.725,-22.425,2017,"-22.425 150.725"
"2734",3.33,150.725,-21.325,2017,"-21.325 150.725"
"2735",4.45,150.725,-20.425,2017,"-20.425 150.725"
"2736",3.39,150.775,-20.625,2017,"-20.625 150.775"
"2737",4.63,150.775,-20.375,2017,"-20.375 150.775"
"2738",3.53,150.825,-21.075,2017,"-21.075 150.825"
"2739",3.42,150.825,-20.625,2017,"-20.625 150.825"
"2740",3.17,150.875,-21.375,2017,"-21.375 150.875"
"2741",3.08,150.875,-21.225,2017,"-21.225 150.875"
"2742",3.19,150.875,-21.175,2017,"-21.175 150.875"
"2743",3.07,150.875,-20.725,2017,"-20.725 150.875"
"2744",2.94,150.875,-20.675,2017,"-20.675 150.875"
"2745",3.19,150.925,-21.375,2017,"-21.375 150.925"
"2746",2.9,150.925,-21.025,2017,"-21.025 150.925"
"2747",3.09,150.925,-20.725,2017,"-20.725 150.925"
"2748",3.2,150.975,-21.375,2017,"-21.375 150.975"
"2749",3.08,150.975,-20.775,2017,"-20.775 150.975"
"2750",3.26,150.975,-20.725,2017,"-20.725 150.975"
"2751",2.46,151.025,-20.925,2017,"-20.925 151.025"
"2752",3.41,151.025,-20.725,2017,"-20.725 151.025"
"2753",3.05,151.075,-20.825,2017,"-20.825 151.075"
"2754",3.25,151.075,-20.775,2017,"-20.775 151.075"
"2755",4.15,151.075,-20.725,2017,"-20.725 151.075"
"2756",3.24,151.125,-21.375,2017,"-21.375 151.125"
"2757",4.15,151.125,-20.775,2017,"-20.775 151.125"
"2758",4.14,151.175,-21.325,2017,"-21.325 151.175"
"2759",3.39,151.175,-20.825,2017,"-20.825 151.175"
"2760",3.16,151.225,-20.875,2017,"-20.875 151.225"
"2761",4.27,151.225,-20.825,2017,"-20.825 151.225"
"2762",5.99,151.275,-23.525,2017,"-23.525 151.275"
"2763",4.02,151.275,-21.325,2017,"-21.325 151.275"
"2764",3.48,151.275,-20.875,2017,"-20.875 151.275"
"2765",3.74,151.325,-21.375,2017,"-21.375 151.325"
"2766",2.47,151.325,-21.025,2017,"-21.025 151.325"
"2767",3.44,151.325,-20.925,2017,"-20.925 151.325"
"2768",3.59,151.375,-21.625,2017,"-21.625 151.375"
"2769",3.68,151.375,-21.375,2017,"-21.375 151.375"
"2770",2.5,151.375,-21.175,2017,"-21.175 151.375"
"2771",2.46,151.375,-21.025,2017,"-21.025 151.375"
"2772",3.26,151.375,-20.975,2017,"-20.975 151.375"
"2773",3.63,151.375,-20.925,2017,"-20.925 151.375"
"2774",4.05,151.425,-21.525,2017,"-21.525 151.425"
"2775",3.3,151.425,-20.975,2017,"-20.975 151.425"
"2776",4.29,151.425,-20.925,2017,"-20.925 151.425"
"2777",3.62,151.475,-21.475,2017,"-21.475 151.475"
"2778",3.48,151.475,-21.375,2017,"-21.375 151.475"
"2779",3.43,151.475,-21.325,2017,"-21.325 151.475"
"2780",4.24,151.475,-20.975,2017,"-20.975 151.475"
"2781",3.06,151.525,-21.625,2017,"-21.625 151.525"
"2782",2.76,151.525,-21.275,2017,"-21.275 151.525"
"2783",4.21,151.525,-21.025,2017,"-21.025 151.525"
"2784",2.96,151.575,-21.725,2017,"-21.725 151.575"
"2785",2.77,151.575,-21.675,2017,"-21.675 151.575"
"2786",2.77,151.575,-21.625,2017,"-21.625 151.575"
"2787",2.5,151.575,-21.325,2017,"-21.325 151.575"
"2788",2.91,151.575,-21.275,2017,"-21.275 151.575"
"2789",3.63,151.575,-21.175,2017,"-21.175 151.575"
"2790",4.94,151.625,-23.675,2017,"-23.675 151.625"
"2791",2.77,151.625,-21.675,2017,"-21.675 151.625"
"2792",2.61,151.625,-21.625,2017,"-21.625 151.625"
"2793",2.77,151.625,-21.575,2017,"-21.575 151.625"
"2794",2.35,151.625,-21.425,2017,"-21.425 151.625"
"2795",2.35,151.675,-21.425,2017,"-21.425 151.675"
"2796",2.64,151.675,-21.375,2017,"-21.375 151.675"
"2797",4.95,151.675,-21.075,2017,"-21.075 151.675"
"2798",2.06,151.725,-23.525,2017,"-23.525 151.725"
"2799",3.56,151.725,-23.025,2017,"-23.025 151.725"
"2800",3.08,151.775,-21.775,2017,"-21.775 151.775"
"2801",2.38,151.775,-21.625,2017,"-21.625 151.775"
"2802",2.67,151.775,-21.575,2017,"-21.575 151.775"
"2803",2.52,151.775,-21.525,2017,"-21.525 151.775"
"2804",5.22,151.775,-21.125,2017,"-21.125 151.775"
"2805",2.18,151.825,-23.275,2017,"-23.275 151.825"
"2806",5.03,151.825,-21.175,2017,"-21.175 151.825"
"2807",1.96,151.875,-23.475,2017,"-23.475 151.875"
"2808",2.62,151.875,-23.275,2017,"-23.275 151.875"
"2809",3.09,151.925,-23.275,2017,"-23.275 151.925"
"2810",2.84,151.925,-21.525,2017,"-21.525 151.925"
"2811",2.84,151.975,-23.325,2017,"-23.325 151.975"
"2812",2.69,152.025,-23.425,2017,"-23.425 152.025"
"2813",3.23,152.025,-21.375,2017,"-21.375 152.025"
"2814",3.65,152.075,-21.925,2017,"-21.925 152.075"
"2815",3.42,152.125,-22.025,2017,"-22.025 152.125"
"2816",3.78,152.125,-21.925,2017,"-21.925 152.125"
"2817",3.7,152.125,-21.875,2017,"-21.875 152.125"
"2818",3.73,152.175,-23.625,2017,"-23.625 152.175"
"2819",3.39,152.175,-22.025,2017,"-22.025 152.175"
"2820",2.72,152.275,-22.025,2017,"-22.025 152.275"
"2821",2.74,152.325,-21.825,2017,"-21.825 152.325"
"2822",2.89,152.325,-21.675,2017,"-21.675 152.325"
"2823",2.06,152.375,-21.975,2017,"-21.975 152.375"
"2824",1.47,152.425,-21.825,2017,"-21.825 152.425"
"2825",1.77,152.425,-21.775,2017,"-21.775 152.425"
"2826",3.46,152.425,-21.225,2017,"-21.225 152.425"
"2827",0.83,152.475,-22.075,2017,"-22.075 152.475"
"2828",4.17,152.475,-21.125,2017,"-21.125 152.475"
"2829",1.23,152.525,-21.925,2017,"-21.925 152.525"
"2830",1.24,152.525,-21.875,2017,"-21.875 152.525"
"2831",1.55,152.525,-21.775,2017,"-21.775 152.525"
"2832",1.57,152.525,-21.725,2017,"-21.725 152.525"
"2833",1.61,152.525,-21.575,2017,"-21.575 152.525"
"2834",2.94,152.525,-21.225,2017,"-21.225 152.525"
"2835",3.44,152.525,-21.175,2017,"-21.175 152.525"
"2836",2.81,152.575,-21.325,2017,"-21.325 152.575"
"2837",5.59,152.575,-21.025,2017,"-21.025 152.575"
"2838",0.93,152.625,-22.125,2017,"-22.125 152.625"
"2839",1.37,152.625,-21.825,2017,"-21.825 152.625"
"2840",4.34,152.625,-21.175,2017,"-21.175 152.625"
"2841",4.61,152.625,-21.125,2017,"-21.125 152.625"
"2842",0.78,152.675,-22.375,2017,"-22.375 152.675"
"2843",1.07,152.675,-22.175,2017,"-22.175 152.675"
"2844",1.08,152.675,-22.075,2017,"-22.075 152.675"
"2845",0.78,152.725,-22.325,2017,"-22.325 152.725"
"2846",0.63,152.725,-22.275,2017,"-22.275 152.725"
"2847",5.24,152.775,-21.125,2017,"-21.125 152.775"
"2848",2.37,153.125,-24.375,2017,"-24.375 153.125"
"2849",9.03,142.125,-10.375,2016,"-10.375 142.125"
"2850",8.78,142.175,-10.575,2016,"-10.575 142.175"
"2851",9.17,142.175,-10.425,2016,"-10.425 142.175"
"2852",9.06,142.225,-10.475,2016,"-10.475 142.225"
"2853",8.99,142.225,-10.425,2016,"-10.425 142.225"
"2854",10.29,142.575,-10.825,2016,"-10.825 142.575"
"2855",10.76,142.625,-10.925,2016,"-10.925 142.625"
"2856",10.16,142.625,-10.725,2016,"-10.725 142.625"
"2857",11.3,142.775,-10.825,2016,"-10.825 142.775"
"2858",10.64,142.775,-10.725,2016,"-10.725 142.775"
"2859",10.71,142.825,-10.675,2016,"-10.675 142.825"
"2860",10.92,142.925,-10.625,2016,"-10.625 142.925"
"2861",11.18,142.925,-10.575,2016,"-10.575 142.925"
"2862",12.48,143.025,-11.175,2016,"-11.175 143.025"
"2863",12.45,143.175,-11.375,2016,"-11.375 143.175"
"2864",10.97,143.225,-12.375,2016,"-12.375 143.225"
"2865",11.18,143.225,-11.575,2016,"-11.575 143.225"
"2866",12.35,143.225,-11.425,2016,"-11.425 143.225"
"2867",10.71,143.275,-12.225,2016,"-12.225 143.275"
"2868",10.48,143.275,-11.975,2016,"-11.975 143.275"
"2869",11.04,143.275,-11.775,2016,"-11.775 143.275"
"2870",11.28,143.275,-11.675,2016,"-11.675 143.275"
"2871",12.2,143.275,-11.475,2016,"-11.475 143.275"
"2872",12.44,143.275,-11.425,2016,"-11.425 143.275"
"2873",12.42,143.275,-11.375,2016,"-11.375 143.275"
"2874",8.87,143.275,-10.475,2016,"-10.475 143.275"
"2875",10.39,143.325,-12.275,2016,"-12.275 143.325"
"2876",10.31,143.325,-12.125,2016,"-12.125 143.325"
"2877",10.18,143.325,-12.075,2016,"-12.075 143.325"
"2878",10.78,143.325,-11.875,2016,"-11.875 143.325"
"2879",11.01,143.325,-11.825,2016,"-11.825 143.325"
"2880",10.96,143.325,-11.775,2016,"-11.775 143.325"
"2881",12.15,143.325,-11.475,2016,"-11.475 143.325"
"2882",12.38,143.325,-11.425,2016,"-11.425 143.325"
"2883",12.44,143.325,-11.325,2016,"-11.325 143.325"
"2884",12.81,143.325,-11.275,2016,"-11.275 143.325"
"2885",12.85,143.325,-11.225,2016,"-11.225 143.325"
"2886",12.7,143.325,-11.075,2016,"-11.075 143.325"
"2887",12.6,143.325,-11.025,2016,"-11.025 143.325"
"2888",9.88,143.375,-12.325,2016,"-12.325 143.375"
"2889",9.83,143.375,-12.275,2016,"-12.275 143.375"
"2890",9.94,143.375,-12.125,2016,"-12.125 143.375"
"2891",9.82,143.375,-12.075,2016,"-12.075 143.375"
"2892",9.98,143.375,-12.025,2016,"-12.025 143.375"
"2893",10.49,143.375,-11.925,2016,"-11.925 143.375"
"2894",10.59,143.375,-11.875,2016,"-11.875 143.375"
"2895",10.9,143.375,-11.825,2016,"-11.825 143.375"
"2896",10.89,143.375,-11.775,2016,"-11.775 143.375"
"2897",10.94,143.375,-11.725,2016,"-11.725 143.375"
"2898",11.46,143.375,-11.675,2016,"-11.675 143.375"
"2899",11.7,143.375,-11.575,2016,"-11.575 143.375"
"2900",12.11,143.375,-11.525,2016,"-11.525 143.375"
"2901",12.49,143.375,-11.475,2016,"-11.475 143.375"
"2902",12.52,143.375,-11.325,2016,"-11.325 143.375"
"2903",12.64,143.375,-11.275,2016,"-11.275 143.375"
"2904",12.67,143.375,-11.225,2016,"-11.225 143.375"
"2905",12.49,143.375,-11.125,2016,"-11.125 143.375"
"2906",9.67,143.375,-10.625,2016,"-10.625 143.375"
"2907",9.28,143.425,-12.475,2016,"-12.475 143.425"
"2908",9.44,143.425,-12.425,2016,"-12.425 143.425"
"2909",9.4,143.425,-12.375,2016,"-12.375 143.425"
"2910",9.37,143.425,-12.325,2016,"-12.325 143.425"
"2911",9.35,143.425,-12.275,2016,"-12.275 143.425"
"2912",9.2,143.425,-12.225,2016,"-12.225 143.425"
"2913",9.42,143.425,-12.175,2016,"-12.175 143.425"
"2914",9.77,143.425,-12.125,2016,"-12.125 143.425"
"2915",9.53,143.425,-12.075,2016,"-12.075 143.425"
"2916",9.72,143.425,-12.025,2016,"-12.025 143.425"
"2917",10.15,143.425,-11.925,2016,"-11.925 143.425"
"2918",10.46,143.425,-11.825,2016,"-11.825 143.425"
"2919",10.99,143.425,-11.725,2016,"-11.725 143.425"
"2920",11.46,143.425,-11.675,2016,"-11.675 143.425"
"2921",12.02,143.425,-11.575,2016,"-11.575 143.425"
"2922",12.17,143.425,-11.525,2016,"-11.525 143.425"
"2923",12.5,143.425,-11.425,2016,"-11.425 143.425"
"2924",12.26,143.425,-11.325,2016,"-11.325 143.425"
"2925",12.59,143.425,-11.275,2016,"-11.275 143.425"
"2926",8.6,143.475,-12.475,2016,"-12.475 143.475"
"2927",8.55,143.475,-12.425,2016,"-12.425 143.475"
"2928",8.52,143.475,-12.375,2016,"-12.375 143.475"
"2929",8.65,143.475,-12.325,2016,"-12.325 143.475"
"2930",8.65,143.475,-12.275,2016,"-12.275 143.475"
"2931",8.81,143.475,-12.225,2016,"-12.225 143.475"
"2932",9.03,143.475,-12.175,2016,"-12.175 143.475"
"2933",9.1,143.475,-12.125,2016,"-12.125 143.475"
"2934",9.04,143.475,-12.075,2016,"-12.075 143.475"
"2935",9.8,143.475,-11.975,2016,"-11.975 143.475"
"2936",10,143.475,-11.925,2016,"-11.925 143.475"
"2937",10.14,143.475,-11.875,2016,"-11.875 143.475"
"2938",10.07,143.475,-11.825,2016,"-11.825 143.475"
"2939",10.26,143.475,-11.775,2016,"-11.775 143.475"
"2940",11.01,143.475,-11.725,2016,"-11.725 143.475"
"2941",11.87,143.475,-11.625,2016,"-11.625 143.475"
"2942",12.21,143.475,-11.575,2016,"-11.575 143.475"
"2943",12.33,143.475,-11.525,2016,"-11.525 143.475"
"2944",12.17,143.475,-11.325,2016,"-11.325 143.475"
"2945",11.55,143.475,-11.225,2016,"-11.225 143.475"
"2946",10.21,143.475,-10.875,2016,"-10.875 143.475"
"2947",7.52,143.475,-10.625,2016,"-10.625 143.475"
"2948",9.86,143.525,-13.275,2016,"-13.275 143.525"
"2949",9.78,143.525,-13.175,2016,"-13.175 143.525"
"2950",10.33,143.525,-13.075,2016,"-13.075 143.525"
"2951",7.88,143.525,-12.475,2016,"-12.475 143.525"
"2952",7.66,143.525,-12.375,2016,"-12.375 143.525"
"2953",8.09,143.525,-12.325,2016,"-12.325 143.525"
"2954",8.35,143.525,-12.225,2016,"-12.225 143.525"
"2955",8.3,143.525,-12.125,2016,"-12.125 143.525"
"2956",8.81,143.525,-12.025,2016,"-12.025 143.525"
"2957",9.3,143.525,-11.975,2016,"-11.975 143.525"
"2958",9.73,143.525,-11.925,2016,"-11.925 143.525"
"2959",9.68,143.525,-11.875,2016,"-11.875 143.525"
"2960",9.8,143.525,-11.825,2016,"-11.825 143.525"
"2961",10,143.525,-11.775,2016,"-11.775 143.525"
"2962",11.41,143.525,-11.675,2016,"-11.675 143.525"
"2963",11.71,143.525,-11.425,2016,"-11.425 143.525"
"2964",10.62,143.525,-11.025,2016,"-11.025 143.525"
"2965",9.47,143.575,-13.175,2016,"-13.175 143.575"
"2966",7.41,143.575,-12.575,2016,"-12.575 143.575"
"2967",7.63,143.575,-12.225,2016,"-12.225 143.575"
"2968",7.5,143.575,-12.175,2016,"-12.175 143.575"
"2969",7.45,143.575,-12.125,2016,"-12.125 143.575"
"2970",8.08,143.575,-12.025,2016,"-12.025 143.575"
"2971",8.72,143.575,-11.975,2016,"-11.975 143.575"
"2972",9.31,143.575,-11.925,2016,"-11.925 143.575"
"2973",9.57,143.575,-11.775,2016,"-11.775 143.575"
"2974",10.61,143.575,-11.675,2016,"-11.675 143.575"
"2975",10.97,143.575,-11.625,2016,"-11.625 143.575"
"2976",11.78,143.575,-11.425,2016,"-11.425 143.575"
"2977",11.39,143.575,-11.375,2016,"-11.375 143.575"
"2978",10.95,143.575,-11.325,2016,"-11.325 143.575"
"2979",10.89,143.575,-11.275,2016,"-11.275 143.575"
"2980",10.18,143.575,-11.175,2016,"-11.175 143.575"
"2981",10.07,143.575,-11.125,2016,"-11.125 143.575"
"2982",9.92,143.575,-11.075,2016,"-11.075 143.575"
"2983",6.96,143.575,-10.725,2016,"-10.725 143.575"
"2984",4.44,143.575,-10.375,2016,"-10.375 143.575"
"2985",6.39,143.625,-12.425,2016,"-12.425 143.625"
"2986",6.69,143.625,-12.375,2016,"-12.375 143.625"
"2987",6.83,143.625,-12.325,2016,"-12.325 143.625"
"2988",6.88,143.625,-12.175,2016,"-12.175 143.625"
"2989",7.23,143.625,-12.125,2016,"-12.125 143.625"
"2990",7.66,143.625,-12.025,2016,"-12.025 143.625"
"2991",8.37,143.625,-11.975,2016,"-11.975 143.625"
"2992",8.47,143.625,-11.925,2016,"-11.925 143.625"
"2993",8.79,143.625,-11.875,2016,"-11.875 143.625"
"2994",8.94,143.625,-11.825,2016,"-11.825 143.625"
"2995",9.12,143.625,-11.775,2016,"-11.775 143.625"
"2996",10.05,143.625,-11.675,2016,"-11.675 143.625"
"2997",10.92,143.625,-11.575,2016,"-11.575 143.625"
"2998",10.98,143.625,-11.375,2016,"-11.375 143.625"
"2999",9.86,143.625,-11.275,2016,"-11.275 143.625"
"3000",7.45,143.625,-10.875,2016,"-10.875 143.625"
"3001",6.61,143.625,-10.775,2016,"-10.775 143.625"
"3002",6.34,143.625,-10.725,2016,"-10.725 143.625"
"3003",7.68,143.675,-13.225,2016,"-13.225 143.675"
"3004",7.59,143.675,-13.125,2016,"-13.125 143.675"
"3005",7.25,143.675,-13.075,2016,"-13.075 143.675"
"3006",7.46,143.675,-12.675,2016,"-12.675 143.675"
"3007",7.42,143.675,-12.625,2016,"-12.625 143.675"
"3008",7.12,143.675,-12.575,2016,"-12.575 143.675"
"3009",6.64,143.675,-12.525,2016,"-12.525 143.675"
"3010",6.7,143.675,-12.475,2016,"-12.475 143.675"
"3011",7.02,143.675,-12.375,2016,"-12.375 143.675"
"3012",6.85,143.675,-12.325,2016,"-12.325 143.675"
"3013",6.83,143.675,-12.275,2016,"-12.275 143.675"
"3014",7.01,143.675,-12.225,2016,"-12.225 143.675"
"3015",7.1,143.675,-12.175,2016,"-12.175 143.675"
"3016",7.42,143.675,-12.125,2016,"-12.125 143.675"
"3017",7.76,143.675,-12.075,2016,"-12.075 143.675"
"3018",7.82,143.675,-12.025,2016,"-12.025 143.675"
"3019",8.25,143.675,-11.975,2016,"-11.975 143.675"
"3020",8.33,143.675,-11.925,2016,"-11.925 143.675"
"3021",8.65,143.675,-11.875,2016,"-11.875 143.675"
"3022",8.58,143.675,-11.825,2016,"-11.825 143.675"
"3023",10.19,143.675,-11.625,2016,"-11.625 143.675"
"3024",10.68,143.675,-11.475,2016,"-11.475 143.675"
"3025",7.99,143.725,-13.425,2016,"-13.425 143.725"
"3026",7.35,143.725,-13.175,2016,"-13.175 143.725"
"3027",7.7,143.725,-12.925,2016,"-12.925 143.725"
"3028",7.57,143.725,-12.825,2016,"-12.825 143.725"
"3029",7.6,143.725,-12.775,2016,"-12.775 143.725"
"3030",7.73,143.725,-12.725,2016,"-12.725 143.725"
"3031",7.82,143.725,-12.675,2016,"-12.675 143.725"
"3032",8.06,143.725,-12.625,2016,"-12.625 143.725"
"3033",8.15,143.725,-12.575,2016,"-12.575 143.725"
"3034",7.64,143.725,-12.325,2016,"-12.325 143.725"
"3035",7.71,143.725,-12.275,2016,"-12.275 143.725"
"3036",7.7,143.725,-12.225,2016,"-12.225 143.725"
"3037",7.47,143.725,-12.175,2016,"-12.175 143.725"
"3038",8.06,143.725,-12.075,2016,"-12.075 143.725"
"3039",8.04,143.725,-12.025,2016,"-12.025 143.725"
"3040",7.97,143.725,-11.975,2016,"-11.975 143.725"
"3041",9.9,143.725,-11.475,2016,"-11.475 143.725"
"3042",9.38,143.725,-11.375,2016,"-11.375 143.725"
"3043",8.46,143.725,-11.275,2016,"-11.275 143.725"
"3044",8.02,143.725,-11.175,2016,"-11.175 143.725"
"3045",5.03,143.725,-10.775,2016,"-10.775 143.725"
"3046",6.11,143.775,-14.225,2016,"-14.225 143.775"
"3047",7,143.775,-13.825,2016,"-13.825 143.775"
"3048",7.09,143.775,-13.725,2016,"-13.725 143.775"
"3049",7.67,143.775,-13.675,2016,"-13.675 143.775"
"3050",8.31,143.775,-13.325,2016,"-13.325 143.775"
"3051",7.6,143.775,-13.225,2016,"-13.225 143.775"
"3052",7.63,143.775,-13.025,2016,"-13.025 143.775"
"3053",7.82,143.775,-12.875,2016,"-12.875 143.775"
"3054",8.76,143.775,-12.475,2016,"-12.475 143.775"
"3055",9.23,143.775,-11.425,2016,"-11.425 143.775"
"3056",8.25,143.775,-11.275,2016,"-11.275 143.775"
"3057",8.16,143.775,-11.225,2016,"-11.225 143.775"
"3058",6.38,143.825,-13.775,2016,"-13.775 143.825"
"3059",7.07,143.825,-13.625,2016,"-13.625 143.825"
"3060",7.22,143.825,-13.575,2016,"-13.575 143.825"
"3061",8.16,143.825,-13.425,2016,"-13.425 143.825"
"3062",8.33,143.825,-13.125,2016,"-13.125 143.825"
"3063",8.18,143.825,-12.975,2016,"-12.975 143.825"
"3064",8.1,143.825,-12.925,2016,"-12.925 143.825"
"3065",8.15,143.825,-12.875,2016,"-12.875 143.825"
"3066",9.2,143.825,-12.625,2016,"-12.625 143.825"
"3067",8.92,143.825,-11.875,2016,"-11.875 143.825"
"3068",7.82,143.825,-11.275,2016,"-11.275 143.825"
"3069",4.78,143.825,-10.825,2016,"-10.825 143.825"
"3070",6.66,143.875,-13.725,2016,"-13.725 143.875"
"3071",6.79,143.875,-13.525,2016,"-13.525 143.875"
"3072",9.41,143.875,-13.225,2016,"-13.225 143.875"
"3073",9.44,143.875,-13.175,2016,"-13.175 143.875"
"3074",9.39,143.875,-13.125,2016,"-13.125 143.875"
"3075",9.87,143.875,-12.325,2016,"-12.325 143.875"
"3076",8.67,143.875,-11.525,2016,"-11.525 143.875"
"3077",5.99,143.925,-13.925,2016,"-13.925 143.925"
"3078",6.02,143.925,-13.825,2016,"-13.825 143.925"
"3079",6.86,143.925,-13.725,2016,"-13.725 143.925"
"3080",10.09,143.925,-13.175,2016,"-13.175 143.925"
"3081",10.08,143.925,-13.125,2016,"-13.125 143.925"
"3082",10.91,143.925,-12.275,2016,"-12.275 143.925"
"3083",10.66,143.925,-12.225,2016,"-12.225 143.925"
"3084",5.61,143.925,-10.575,2016,"-10.575 143.925"
"3085",5.33,143.925,-10.525,2016,"-10.525 143.925"
"3086",5.11,143.925,-10.425,2016,"-10.425 143.925"
"3087",5.92,143.975,-13.925,2016,"-13.925 143.975"
"3088",6.17,143.975,-13.875,2016,"-13.875 143.975"
"3089",6.38,143.975,-13.825,2016,"-13.825 143.975"
"3090",9.03,143.975,-13.425,2016,"-13.425 143.975"
"3091",10.1,143.975,-13.325,2016,"-13.325 143.975"
"3092",10.74,143.975,-13.225,2016,"-13.225 143.975"
"3093",12.03,143.975,-12.075,2016,"-12.075 143.975"
"3094",8.84,143.975,-11.425,2016,"-11.425 143.975"
"3095",6.3,143.975,-10.775,2016,"-10.775 143.975"
"3096",6.66,143.975,-10.725,2016,"-10.725 143.975"
"3097",6.58,143.975,-10.675,2016,"-10.675 143.975"
"3098",5.75,144.025,-14.025,2016,"-14.025 144.025"
"3099",6.57,144.025,-13.875,2016,"-13.875 144.025"
"3100",12.17,144.025,-11.825,2016,"-11.825 144.025"
"3101",11.95,144.025,-11.775,2016,"-11.775 144.025"
"3102",11.56,144.025,-11.725,2016,"-11.725 144.025"
"3103",10.78,144.025,-11.675,2016,"-11.675 144.025"
"3104",9.83,144.025,-11.525,2016,"-11.525 144.025"
"3105",8.95,144.025,-11.275,2016,"-11.275 144.025"
"3106",8.09,144.025,-11.025,2016,"-11.025 144.025"
"3107",7.77,144.025,-10.925,2016,"-10.925 144.025"
"3108",7.74,144.025,-10.875,2016,"-10.875 144.025"
"3109",6.14,144.075,-14.025,2016,"-14.025 144.075"
"3110",6.53,144.075,-13.975,2016,"-13.975 144.075"
"3111",6.53,144.075,-13.925,2016,"-13.925 144.075"
"3112",7.04,144.075,-13.875,2016,"-13.875 144.075"
"3113",9.8,144.075,-13.525,2016,"-13.525 144.075"
"3114",12.82,144.075,-11.825,2016,"-11.825 144.075"
"3115",12.21,144.075,-11.725,2016,"-11.725 144.075"
"3116",6.85,144.125,-13.975,2016,"-13.975 144.125"
"3117",6.94,144.175,-13.975,2016,"-13.975 144.175"
"3118",10.02,144.175,-13.675,2016,"-13.675 144.175"
"3119",6.32,144.225,-14.075,2016,"-14.075 144.225"
"3120",7.92,144.225,-13.925,2016,"-13.925 144.225"
"3121",9.9,144.225,-13.725,2016,"-13.725 144.225"
"3122",8.69,144.325,-13.875,2016,"-13.875 144.325"
"3123",8.56,144.375,-10.375,2016,"-10.375 144.375"
"3124",9.04,144.425,-10.425,2016,"-10.425 144.425"
"3125",8.59,144.425,-10.375,2016,"-10.375 144.425"
"3126",9.37,144.475,-10.375,2016,"-10.375 144.475"
"3127",7.73,144.525,-14.125,2016,"-14.125 144.525"
"3128",7.76,144.525,-13.975,2016,"-13.975 144.525"
"3129",7.94,144.625,-14.475,2016,"-14.475 144.625"
"3130",8.17,144.625,-14.425,2016,"-14.425 144.625"
"3131",8.67,144.625,-13.925,2016,"-13.925 144.625"
"3132",7.94,144.675,-14.225,2016,"-14.225 144.675"
"3133",8.67,144.675,-13.975,2016,"-13.975 144.675"
"3134",8.16,144.725,-14.275,2016,"-14.275 144.725"
"3135",7.98,144.725,-14.225,2016,"-14.225 144.725"
"3136",8.49,144.725,-14.175,2016,"-14.175 144.725"
"3137",7.68,144.775,-14.275,2016,"-14.275 144.775"
"3138",8.48,144.775,-14.225,2016,"-14.225 144.775"
"3139",8.79,144.775,-14.175,2016,"-14.175 144.775"
"3140",9.12,144.775,-14.125,2016,"-14.125 144.775"
"3141",9.57,144.775,-14.075,2016,"-14.075 144.775"
"3142",9.43,144.775,-14.025,2016,"-14.025 144.775"
"3143",7.99,144.925,-14.425,2016,"-14.425 144.925"
"3144",9.62,144.925,-14.225,2016,"-14.225 144.925"
"3145",7.92,144.975,-14.525,2016,"-14.525 144.975"
"3146",8.52,144.975,-14.425,2016,"-14.425 144.975"
"3147",8.42,145.025,-14.475,2016,"-14.475 145.025"
"3148",9.06,145.025,-14.375,2016,"-14.375 145.025"
"3149",9.39,145.075,-14.775,2016,"-14.775 145.075"
"3150",10.11,145.075,-14.275,2016,"-14.275 145.075"
"3151",10.31,145.125,-14.275,2016,"-14.275 145.125"
"3152",8.86,145.175,-14.475,2016,"-14.475 145.175"
"3153",8.96,145.225,-14.475,2016,"-14.475 145.225"
"3154",9.08,145.225,-14.425,2016,"-14.425 145.225"
"3155",9.03,145.275,-14.475,2016,"-14.475 145.275"
"3156",9.4,145.275,-14.425,2016,"-14.425 145.275"
"3157",9.23,145.325,-14.425,2016,"-14.425 145.325"
"3158",9.8,145.325,-14.375,2016,"-14.375 145.325"
"3159",2.81,145.375,-15.925,2016,"-15.925 145.375"
"3160",8.03,145.375,-14.725,2016,"-14.725 145.375"
"3161",10.1,145.375,-14.375,2016,"-14.375 145.375"
"3162",3.16,145.425,-15.475,2016,"-15.475 145.425"
"3163",3.46,145.425,-15.425,2016,"-15.425 145.425"
"3164",10.28,145.425,-14.425,2016,"-14.425 145.425"
"3165",3.02,145.475,-15.675,2016,"-15.675 145.475"
"3166",3.13,145.475,-15.525,2016,"-15.525 145.475"
"3167",7.02,145.475,-14.925,2016,"-14.925 145.475"
"3168",8.61,145.475,-14.675,2016,"-14.675 145.475"
"3169",2.72,145.525,-16.525,2016,"-16.525 145.525"
"3170",3,145.525,-15.675,2016,"-15.675 145.525"
"3171",3.67,145.525,-15.425,2016,"-15.425 145.525"
"3172",4.23,145.525,-15.275,2016,"-15.275 145.525"
"3173",8.21,145.525,-14.875,2016,"-14.875 145.525"
"3174",8.53,145.525,-14.825,2016,"-14.825 145.525"
"3175",8.72,145.525,-14.775,2016,"-14.775 145.525"
"3176",10.94,145.525,-14.475,2016,"-14.475 145.525"
"3177",2.71,145.575,-15.875,2016,"-15.875 145.575"
"3178",2.96,145.575,-15.775,2016,"-15.775 145.575"
"3179",3.46,145.575,-15.575,2016,"-15.575 145.575"
"3180",3.93,145.575,-15.375,2016,"-15.375 145.575"
"3181",4.75,145.575,-15.275,2016,"-15.275 145.575"
"3182",11.32,145.575,-14.525,2016,"-14.525 145.575"
"3183",3.22,145.625,-15.775,2016,"-15.775 145.625"
"3184",3.5,145.625,-15.625,2016,"-15.625 145.625"
"3185",3.94,145.625,-15.425,2016,"-15.425 145.625"
"3186",5.77,145.625,-15.275,2016,"-15.275 145.625"
"3187",9.64,145.625,-14.875,2016,"-14.875 145.625"
"3188",11.36,145.625,-14.625,2016,"-14.625 145.625"
"3189",3.13,145.675,-16.175,2016,"-16.175 145.675"
"3190",3.25,145.675,-16.125,2016,"-16.125 145.675"
"3191",3.25,145.675,-15.975,2016,"-15.975 145.675"
"3192",9.13,145.675,-15.025,2016,"-15.025 145.675"
"3193",10.52,145.675,-14.875,2016,"-14.875 145.675"
"3194",3.44,145.725,-16.425,2016,"-16.425 145.725"
"3195",3.61,145.725,-16.375,2016,"-16.375 145.725"
"3196",3.59,145.725,-16.325,2016,"-16.325 145.725"
"3197",3.83,145.725,-16.175,2016,"-16.175 145.725"
"3198",3.82,145.725,-16.125,2016,"-16.125 145.725"
"3199",3.94,145.725,-16.075,2016,"-16.075 145.725"
"3200",9.59,145.725,-15.075,2016,"-15.075 145.725"
"3201",11.45,145.725,-14.875,2016,"-14.875 145.725"
"3202",11.65,145.725,-14.825,2016,"-14.825 145.725"
"3203",4.14,145.775,-16.425,2016,"-16.425 145.775"
"3204",4.03,145.775,-16.375,2016,"-16.375 145.775"
"3205",4.03,145.775,-16.325,2016,"-16.325 145.775"
"3206",4.14,145.775,-16.275,2016,"-16.275 145.775"
"3207",4.55,145.775,-16.125,2016,"-16.125 145.775"
"3208",5.12,145.775,-15.875,2016,"-15.875 145.775"
"3209",7.31,145.775,-15.575,2016,"-15.575 145.775"
"3210",7.87,145.775,-15.375,2016,"-15.375 145.775"
"3211",4.26,145.825,-16.425,2016,"-16.425 145.825"
"3212",4.27,145.825,-16.375,2016,"-16.375 145.825"
"3213",4.42,145.825,-16.325,2016,"-16.325 145.825"
"3214",5,145.825,-16.275,2016,"-16.275 145.825"
"3215",5.82,145.825,-16.125,2016,"-16.125 145.825"
"3216",6.06,145.825,-15.975,2016,"-15.975 145.825"
"3217",6.62,145.825,-15.825,2016,"-15.825 145.825"
"3218",4.54,145.875,-16.375,2016,"-16.375 145.875"
"3219",5.15,145.875,-16.325,2016,"-16.325 145.875"
"3220",5.82,145.875,-16.225,2016,"-16.225 145.875"
"3221",3.87,145.925,-16.675,2016,"-16.675 145.925"
"3222",3.76,145.925,-16.625,2016,"-16.625 145.925"
"3223",4.06,145.975,-16.675,2016,"-16.675 145.975"
"3224",3.91,146.025,-16.725,2016,"-16.725 146.025"
"3225",4.62,146.025,-16.575,2016,"-16.575 146.025"
"3226",5.29,146.025,-16.525,2016,"-16.525 146.025"
"3227",4.11,146.075,-16.725,2016,"-16.725 146.075"
"3228",1.94,146.125,-17.775,2016,"-17.775 146.125"
"3229",2.06,146.175,-17.675,2016,"-17.675 146.175"
"3230",2.54,146.175,-17.075,2016,"-17.075 146.175"
"3231",2.71,146.175,-17.025,2016,"-17.025 146.175"
"3232",2.69,146.175,-16.975,2016,"-16.975 146.175"
"3233",3.12,146.175,-16.875,2016,"-16.875 146.175"
"3234",2.71,146.225,-17.025,2016,"-17.025 146.225"
"3235",2.57,146.225,-16.975,2016,"-16.975 146.225"
"3236",2.91,146.225,-16.925,2016,"-16.925 146.225"
"3237",3.01,146.225,-16.875,2016,"-16.875 146.225"
"3238",2.99,146.275,-16.925,2016,"-16.925 146.275"
"3239",2.45,146.325,-17.125,2016,"-17.125 146.325"
"3240",2.25,146.375,-17.725,2016,"-17.725 146.375"
"3241",2.3,146.375,-17.525,2016,"-17.525 146.375"
"3242",2.29,146.375,-17.475,2016,"-17.475 146.375"
"3243",2.29,146.375,-17.425,2016,"-17.425 146.375"
"3244",2.26,146.375,-17.375,2016,"-17.375 146.375"
"3245",2.25,146.375,-17.325,2016,"-17.325 146.375"
"3246",2.25,146.375,-17.275,2016,"-17.275 146.375"
"3247",1.95,146.425,-17.775,2016,"-17.775 146.425"
"3248",2.3,146.425,-17.675,2016,"-17.675 146.425"
"3249",2.32,146.425,-17.625,2016,"-17.625 146.425"
"3250",2.27,146.425,-17.375,2016,"-17.375 146.425"
"3251",2.46,146.425,-17.275,2016,"-17.275 146.425"
"3252",2.46,146.475,-17.675,2016,"-17.675 146.475"
"3253",2.47,146.475,-17.625,2016,"-17.625 146.475"
"3254",3.15,146.475,-17.225,2016,"-17.225 146.475"
"3255",4.49,146.475,-17.125,2016,"-17.125 146.475"
"3256",1.83,146.525,-18.075,2016,"-18.075 146.525"
"3257",1.84,146.525,-18.025,2016,"-18.025 146.525"
"3258",2.46,146.525,-17.775,2016,"-17.775 146.525"
"3259",2.51,146.525,-17.725,2016,"-17.725 146.525"
"3260",3.53,146.525,-17.525,2016,"-17.525 146.525"
"3261",2.74,146.575,-18.725,2016,"-18.725 146.575"
"3262",1.84,146.575,-18.075,2016,"-18.075 146.575"
"3263",1.86,146.575,-18.025,2016,"-18.025 146.575"
"3264",2.14,146.575,-17.875,2016,"-17.875 146.575"
"3265",2.32,146.575,-17.825,2016,"-17.825 146.575"
"3266",3.94,146.575,-17.575,2016,"-17.575 146.575"
"3267",1.89,146.625,-18.025,2016,"-18.025 146.625"
"3268",2.2,146.625,-17.875,2016,"-17.875 146.625"
"3269",3.51,146.625,-17.775,2016,"-17.775 146.625"
"3270",2.15,146.675,-18.375,2016,"-18.375 146.675"
"3271",1.87,146.675,-18.225,2016,"-18.225 146.675"
"3272",4.09,146.675,-17.775,2016,"-17.775 146.675"
"3273",2.15,146.725,-18.425,2016,"-18.425 146.725"
"3274",2.03,146.725,-18.325,2016,"-18.325 146.725"
"3275",2.04,146.725,-18.225,2016,"-18.225 146.725"
"3276",4.17,146.725,-17.875,2016,"-17.875 146.725"
"3277",2.05,146.775,-18.375,2016,"-18.375 146.775"
"3278",2.22,146.775,-18.225,2016,"-18.225 146.775"
"3279",2.27,146.775,-18.125,2016,"-18.125 146.775"
"3280",5.88,146.825,-19.175,2016,"-19.175 146.825"
"3281",2.53,146.825,-18.375,2016,"-18.375 146.825"
"3282",2.69,146.825,-18.325,2016,"-18.325 146.825"
"3283",2.89,146.825,-18.225,2016,"-18.225 146.825"
"3284",3.46,146.825,-18.075,2016,"-18.075 146.825"
"3285",2.5,146.875,-18.475,2016,"-18.475 146.875"
"3286",3.18,146.875,-18.325,2016,"-18.325 146.875"
"3287",4.85,146.875,-18.025,2016,"-18.025 146.875"
"3288",2.77,147.025,-18.525,2016,"-18.525 147.025"
"3289",5.89,147.025,-18.225,2016,"-18.225 147.025"
"3290",1.92,147.075,-18.625,2016,"-18.625 147.075"
"3291",5,147.075,-18.425,2016,"-18.425 147.075"
"3292",3.01,147.125,-18.525,2016,"-18.525 147.125"
"3293",3.6,147.425,-18.625,2016,"-18.625 147.425"
"3294",4.56,147.475,-18.575,2016,"-18.575 147.475"
"3295",3.14,147.525,-18.725,2016,"-18.725 147.525"
"3296",5.19,147.525,-18.525,2016,"-18.525 147.525"
"3297",4.94,147.575,-18.575,2016,"-18.575 147.575"
"3298",2.6,147.725,-18.925,2016,"-18.925 147.725"
"3299",2.63,147.725,-18.875,2016,"-18.875 147.725"
"3300",3.02,147.725,-18.775,2016,"-18.775 147.725"
"3301",2.82,147.775,-18.925,2016,"-18.925 147.775"
"3302",4.02,147.875,-18.775,2016,"-18.775 147.875"
"3303",3.41,147.975,-18.925,2016,"-18.925 147.975"
"3304",2.18,148.075,-19.375,2016,"-19.375 148.075"
"3305",2.16,148.075,-19.325,2016,"-19.325 148.075"
"3306",2.14,148.075,-19.275,2016,"-19.275 148.075"
"3307",2.45,148.075,-19.075,2016,"-19.075 148.075"
"3308",2.01,148.125,-19.425,2016,"-19.425 148.125"
"3309",1.96,148.125,-19.225,2016,"-19.225 148.125"
"3310",2,148.125,-19.175,2016,"-19.175 148.125"
"3311",3.12,148.125,-19.025,2016,"-19.025 148.125"
"3312",1.36,148.175,-19.225,2016,"-19.225 148.175"
"3313",1.34,148.225,-19.225,2016,"-19.225 148.225"
"3314",1.16,148.325,-19.225,2016,"-19.225 148.325"
"3315",1.89,148.325,-19.125,2016,"-19.125 148.325"
"3316",2.87,148.325,-19.025,2016,"-19.025 148.325"
"3317",1.5,148.375,-19.175,2016,"-19.175 148.375"
"3318",1.91,148.375,-19.125,2016,"-19.125 148.375"
"3319",1.51,148.425,-19.175,2016,"-19.175 148.425"
"3320",2.06,148.425,-19.125,2016,"-19.125 148.425"
"3321",3.67,148.425,-18.975,2016,"-18.975 148.425"
"3322",1.68,148.475,-19.175,2016,"-19.175 148.475"
"3323",2.27,148.475,-19.125,2016,"-19.125 148.475"
"3324",1.62,148.525,-19.225,2016,"-19.225 148.525"
"3325",1.62,148.575,-19.275,2016,"-19.275 148.575"
"3326",1.76,148.625,-19.325,2016,"-19.325 148.625"
"3327",2.35,148.625,-19.225,2016,"-19.225 148.625"
"3328",1.3,148.675,-19.425,2016,"-19.425 148.675"
"3329",1.61,148.675,-19.375,2016,"-19.375 148.675"
"3330",2.33,148.675,-19.275,2016,"-19.275 148.675"
"3331",1.29,148.725,-19.475,2016,"-19.475 148.725"
"3332",1.3,148.725,-19.425,2016,"-19.425 148.725"
"3333",1.43,148.775,-19.525,2016,"-19.525 148.775"
"3334",1.27,148.775,-19.475,2016,"-19.475 148.775"
"3335",1.58,148.775,-19.425,2016,"-19.425 148.775"
"3336",1.25,148.825,-19.475,2016,"-19.475 148.825"
"3337",1.42,148.825,-19.425,2016,"-19.425 148.825"
"3338",1.74,148.825,-19.375,2016,"-19.375 148.825"
"3339",3.88,148.825,-19.125,2016,"-19.125 148.825"
"3340",1.4,148.875,-19.425,2016,"-19.425 148.875"
"3341",1.74,148.875,-19.375,2016,"-19.375 148.875"
"3342",2.14,148.925,-20.275,2016,"-20.275 148.925"
"3343",3.32,148.925,-20.075,2016,"-20.075 148.925"
"3344",3.17,148.975,-20.175,2016,"-20.175 148.975"
"3345",0.94,148.975,-19.525,2016,"-19.525 148.975"
"3346",2.39,148.975,-19.275,2016,"-19.275 148.975"
"3347",0.95,149.025,-19.475,2016,"-19.475 149.025"
"3348",2.41,149.075,-20.475,2016,"-20.475 149.075"
"3349",1.11,149.075,-19.525,2016,"-19.525 149.075"
"3350",1.1,149.075,-19.475,2016,"-19.475 149.075"
"3351",1.76,149.075,-19.375,2016,"-19.375 149.075"
"3352",1.12,149.125,-19.525,2016,"-19.525 149.125"
"3353",2.15,149.175,-19.825,2016,"-19.825 149.175"
"3354",1.71,149.175,-19.725,2016,"-19.725 149.175"
"3355",1.28,149.175,-19.475,2016,"-19.475 149.175"
"3356",1.62,149.175,-19.425,2016,"-19.425 149.175"
"3357",2.11,149.225,-19.825,2016,"-19.825 149.225"
"3358",1.89,149.225,-19.775,2016,"-19.775 149.225"
"3359",1.3,149.225,-19.475,2016,"-19.475 149.225"
"3360",1.86,149.275,-19.775,2016,"-19.775 149.275"
"3361",1.27,149.275,-19.575,2016,"-19.575 149.275"
"3362",1.3,149.275,-19.525,2016,"-19.525 149.275"
"3363",1.94,149.275,-19.475,2016,"-19.475 149.275"
"3364",2.53,149.325,-21.325,2016,"-21.325 149.325"
"3365",1.48,149.325,-19.725,2016,"-19.725 149.325"
"3366",1.43,149.325,-19.675,2016,"-19.675 149.325"
"3367",1.46,149.375,-19.725,2016,"-19.725 149.375"
"3368",1.28,149.375,-19.675,2016,"-19.675 149.375"
"3369",1.26,149.375,-19.625,2016,"-19.625 149.375"
"3370",1.43,149.425,-19.725,2016,"-19.725 149.425"
"3371",1.4,149.425,-19.625,2016,"-19.625 149.425"
"3372",1.65,149.475,-21.525,2016,"-21.525 149.475"
"3373",1.19,149.475,-19.825,2016,"-19.825 149.475"
"3374",1.14,149.475,-19.775,2016,"-19.775 149.475"
"3375",1.09,149.475,-19.725,2016,"-19.725 149.475"
"3376",1.09,149.475,-19.675,2016,"-19.675 149.475"
"3377",0.8,149.525,-19.775,2016,"-19.775 149.525"
"3378",0.79,149.525,-19.725,2016,"-19.725 149.525"
"3379",0.45,149.575,-21.975,2016,"-21.975 149.575"
"3380",1.56,149.575,-21.475,2016,"-21.475 149.575"
"3381",0.97,149.575,-19.875,2016,"-19.875 149.575"
"3382",2.5,149.625,-20.775,2016,"-20.775 149.625"
"3383",0.34,149.625,-19.775,2016,"-19.775 149.625"
"3384",0.3,149.675,-21.975,2016,"-21.975 149.675"
"3385",0.34,149.675,-19.825,2016,"-19.825 149.675"
"3386",1.85,149.675,-19.625,2016,"-19.625 149.675"
"3387",0.67,149.725,-20.025,2016,"-20.025 149.725"
"3388",0.5,149.725,-19.975,2016,"-19.975 149.725"
"3389",0.34,149.725,-19.875,2016,"-19.875 149.725"
"3390",1.26,149.725,-19.675,2016,"-19.675 149.725"
"3391",1.28,149.775,-21.625,2016,"-21.625 149.775"
"3392",1.23,149.775,-19.725,2016,"-19.725 149.775"
"3393",1.42,149.775,-19.675,2016,"-19.675 149.775"
"3394",0.29,149.825,-22.025,2016,"-22.025 149.825"
"3395",2.2,149.825,-21.375,2016,"-21.375 149.825"
"3396",0.64,149.825,-20.075,2016,"-20.075 149.825"
"3397",0.59,149.875,-21.975,2016,"-21.975 149.875"
"3398",2.95,149.875,-19.625,2016,"-19.625 149.875"
"3399",2.65,149.925,-21.475,2016,"-21.475 149.925"
"3400",2.03,150.025,-20.575,2016,"-20.575 150.025"
"3401",0.48,150.025,-20.125,2016,"-20.125 150.025"
"3402",1.8,150.075,-20.975,2016,"-20.975 150.075"
"3403",1.69,150.075,-20.525,2016,"-20.525 150.075"
"3404",0.52,150.075,-20.275,2016,"-20.275 150.075"
"3405",0.5,150.075,-20.225,2016,"-20.225 150.075"
"3406",0.49,150.075,-20.175,2016,"-20.175 150.075"
"3407",0.34,150.075,-20.125,2016,"-20.125 150.075"
"3408",1.92,150.075,-19.825,2016,"-19.825 150.075"
"3409",1.52,150.125,-20.575,2016,"-20.575 150.125"
"3410",0.51,150.125,-20.275,2016,"-20.275 150.125"
"3411",2.99,150.125,-19.775,2016,"-19.775 150.125"
"3412",0.79,150.175,-20.325,2016,"-20.325 150.175"
"3413",1.12,150.225,-20.675,2016,"-20.675 150.225"
"3414",1.11,150.225,-20.025,2016,"-20.025 150.225"
"3415",2.1,150.225,-19.875,2016,"-19.875 150.225"
"3416",0,150.275,-22.225,2016,"-22.225 150.275"
"3417",1.77,150.275,-19.925,2016,"-19.925 150.275"
"3418",1.1,150.325,-20.125,2016,"-20.125 150.325"
"3419",1.14,150.375,-21.025,2016,"-21.025 150.375"
"3420",1.01,150.425,-21.075,2016,"-21.075 150.425"
"3421",0.8,150.425,-20.825,2016,"-20.825 150.425"
"3422",1.51,150.425,-20.125,2016,"-20.125 150.425"
"3423",1.74,150.425,-20.075,2016,"-20.075 150.425"
"3424",1,150.475,-21.125,2016,"-21.125 150.475"
"3425",1,150.475,-21.075,2016,"-21.075 150.475"
"3426",0.8,150.475,-20.775,2016,"-20.775 150.475"
"3427",0.8,150.475,-20.725,2016,"-20.725 150.475"
"3428",0.8,150.475,-20.675,2016,"-20.675 150.475"
"3429",1.53,150.475,-20.175,2016,"-20.175 150.475"
"3430",0.84,150.525,-20.975,2016,"-20.975 150.525"
"3431",1.48,150.525,-20.275,2016,"-20.275 150.525"
"3432",1.01,150.575,-20.525,2016,"-20.525 150.575"
"3433",1.01,150.575,-20.475,2016,"-20.475 150.575"
"3434",1.48,150.575,-20.325,2016,"-20.325 150.575"
"3435",1.52,150.575,-20.275,2016,"-20.275 150.575"
"3436",0.83,150.625,-21.175,2016,"-21.175 150.625"
"3437",1.01,150.625,-20.525,2016,"-20.525 150.625"
"3438",1.17,150.625,-20.475,2016,"-20.475 150.625"
"3439",1.5,150.625,-20.325,2016,"-20.325 150.625"
"3440",0.81,150.675,-21.175,2016,"-21.175 150.675"
"3441",0.82,150.675,-21.075,2016,"-21.075 150.675"
"3442",1.16,150.675,-20.525,2016,"-20.525 150.675"
"3443",1.18,150.675,-20.475,2016,"-20.475 150.675"
"3444",1.19,150.675,-20.425,2016,"-20.425 150.675"
"3445",0.34,150.725,-22.425,2016,"-22.425 150.725"
"3446",0.61,150.725,-21.325,2016,"-21.325 150.725"
"3447",1.35,150.725,-20.425,2016,"-20.425 150.725"
"3448",1.15,150.775,-20.625,2016,"-20.625 150.775"
"3449",1.69,150.775,-20.375,2016,"-20.375 150.775"
"3450",0.62,150.825,-21.075,2016,"-21.075 150.825"
"3451",0.9,150.825,-20.625,2016,"-20.625 150.825"
"3452",0.47,150.875,-21.375,2016,"-21.375 150.875"
"3453",0.61,150.875,-21.225,2016,"-21.225 150.875"
"3454",0.47,150.875,-21.175,2016,"-21.175 150.875"
"3455",0.9,150.875,-20.725,2016,"-20.725 150.875"
"3456",0.92,150.875,-20.675,2016,"-20.675 150.875"
"3457",0.61,150.925,-21.375,2016,"-21.375 150.925"
"3458",0.33,150.925,-21.025,2016,"-21.025 150.925"
"3459",1.39,150.925,-20.725,2016,"-20.725 150.925"
"3460",0.46,150.975,-21.375,2016,"-21.375 150.975"
"3461",1.42,150.975,-20.775,2016,"-20.775 150.975"
"3462",1.47,150.975,-20.725,2016,"-20.725 150.975"
"3463",0.88,151.025,-20.925,2016,"-20.925 151.025"
"3464",1.84,151.025,-20.725,2016,"-20.725 151.025"
"3465",1.64,151.075,-20.825,2016,"-20.825 151.075"
"3466",1.87,151.075,-20.775,2016,"-20.775 151.075"
"3467",2.07,151.075,-20.725,2016,"-20.725 151.075"
"3468",0.32,151.125,-21.375,2016,"-21.375 151.125"
"3469",1.94,151.125,-20.775,2016,"-20.775 151.125"
"3470",0.33,151.175,-21.325,2016,"-21.325 151.175"
"3471",2.06,151.175,-20.825,2016,"-20.825 151.175"
"3472",2.01,151.225,-20.875,2016,"-20.875 151.225"
"3473",2.1,151.225,-20.825,2016,"-20.825 151.225"
"3474",0.21,151.275,-23.525,2016,"-23.525 151.275"
"3475",0.34,151.275,-21.325,2016,"-21.325 151.275"
"3476",2.2,151.275,-20.875,2016,"-20.875 151.275"
"3477",0.34,151.325,-21.375,2016,"-21.375 151.325"
"3478",1.54,151.325,-21.025,2016,"-21.025 151.325"
"3479",1.86,151.325,-20.925,2016,"-20.925 151.325"
"3480",0.66,151.375,-21.625,2016,"-21.625 151.375"
"3481",0.34,151.375,-21.375,2016,"-21.375 151.375"
"3482",0.5,151.375,-21.175,2016,"-21.175 151.375"
"3483",1.55,151.375,-21.025,2016,"-21.025 151.375"
"3484",1.8,151.375,-20.975,2016,"-20.975 151.375"
"3485",2.31,151.375,-20.925,2016,"-20.925 151.375"
"3486",0.65,151.425,-21.525,2016,"-21.525 151.425"
"3487",1.94,151.425,-20.975,2016,"-20.975 151.425"
"3488",2.78,151.425,-20.925,2016,"-20.925 151.425"
"3489",0.64,151.475,-21.475,2016,"-21.475 151.475"
"3490",0.48,151.475,-21.375,2016,"-21.375 151.475"
"3491",0.47,151.475,-21.325,2016,"-21.325 151.475"
"3492",2.28,151.475,-20.975,2016,"-20.975 151.475"
"3493",0.81,151.525,-21.625,2016,"-21.625 151.525"
"3494",0.47,151.525,-21.275,2016,"-21.275 151.525"
"3495",2.06,151.525,-21.025,2016,"-21.025 151.525"
"3496",0.97,151.575,-21.725,2016,"-21.725 151.575"
"3497",0.81,151.575,-21.675,2016,"-21.675 151.575"
"3498",0.66,151.575,-21.625,2016,"-21.625 151.575"
"3499",0.46,151.575,-21.325,2016,"-21.325 151.575"
"3500",0.47,151.575,-21.275,2016,"-21.275 151.575"
"3501",0.8,151.575,-21.175,2016,"-21.175 151.575"
"3502",0.16,151.625,-23.675,2016,"-23.675 151.625"
"3503",0.52,151.625,-21.675,2016,"-21.675 151.625"
"3504",0.65,151.625,-21.625,2016,"-21.625 151.625"
"3505",0.63,151.625,-21.575,2016,"-21.575 151.625"
"3506",0.31,151.625,-21.425,2016,"-21.425 151.625"
"3507",0.3,151.675,-21.425,2016,"-21.425 151.675"
"3508",0.3,151.675,-21.375,2016,"-21.375 151.675"
"3509",2.26,151.675,-21.075,2016,"-21.075 151.675"
"3510",0,151.725,-23.525,2016,"-23.525 151.725"
"3511",0,151.725,-23.025,2016,"-23.025 151.725"
"3512",0.53,151.775,-21.775,2016,"-21.775 151.775"
"3513",0.34,151.775,-21.625,2016,"-21.625 151.775"
"3514",0.32,151.775,-21.575,2016,"-21.575 151.775"
"3515",0.17,151.775,-21.525,2016,"-21.525 151.775"
"3516",1.77,151.775,-21.125,2016,"-21.125 151.775"
"3517",0,151.825,-23.275,2016,"-23.275 151.825"
"3518",1.54,151.825,-21.175,2016,"-21.175 151.825"
"3519",0,151.875,-23.475,2016,"-23.475 151.875"
"3520",0,151.875,-23.275,2016,"-23.275 151.875"
"3521",0,151.925,-23.275,2016,"-23.275 151.925"
"3522",0.16,151.925,-21.525,2016,"-21.525 151.925"
"3523",0,151.975,-23.325,2016,"-23.325 151.975"
"3524",0,152.025,-23.425,2016,"-23.425 152.025"
"3525",0,152.025,-21.375,2016,"-21.375 152.025"
"3526",0.52,152.075,-21.925,2016,"-21.925 152.075"
"3527",0.36,152.125,-22.025,2016,"-22.025 152.125"
"3528",0.36,152.125,-21.925,2016,"-21.925 152.125"
"3529",0.36,152.125,-21.875,2016,"-21.875 152.125"
"3530",0.15,152.175,-23.625,2016,"-23.625 152.175"
"3531",0.36,152.175,-22.025,2016,"-22.025 152.175"
"3532",0.36,152.275,-22.025,2016,"-22.025 152.275"
"3533",0.33,152.325,-21.825,2016,"-21.825 152.325"
"3534",0.16,152.325,-21.675,2016,"-21.675 152.325"
"3535",0.35,152.375,-21.975,2016,"-21.975 152.375"
"3536",0.18,152.425,-21.825,2016,"-21.825 152.425"
"3537",0.17,152.425,-21.775,2016,"-21.775 152.425"
"3538",0,152.425,-21.225,2016,"-21.225 152.425"
"3539",0.36,152.475,-22.075,2016,"-22.075 152.475"
"3540",0.14,152.475,-21.125,2016,"-21.125 152.475"
"3541",0.34,152.525,-21.925,2016,"-21.925 152.525"
"3542",0.33,152.525,-21.875,2016,"-21.875 152.525"
"3543",0.17,152.525,-21.775,2016,"-21.775 152.525"
"3544",0.16,152.525,-21.725,2016,"-21.725 152.525"
"3545",0,152.525,-21.575,2016,"-21.575 152.525"
"3546",0,152.525,-21.225,2016,"-21.225 152.525"
"3547",0,152.525,-21.175,2016,"-21.175 152.525"
"3548",0,152.575,-21.325,2016,"-21.325 152.575"
"3549",0.96,152.575,-21.025,2016,"-21.025 152.575"
"3550",0.55,152.625,-22.125,2016,"-22.125 152.625"
"3551",0.18,152.625,-21.825,2016,"-21.825 152.625"
"3552",0.14,152.625,-21.175,2016,"-21.175 152.625"
"3553",0.58,152.625,-21.125,2016,"-21.125 152.625"
"3554",0.51,152.675,-22.375,2016,"-22.375 152.675"
"3555",0.56,152.675,-22.175,2016,"-22.175 152.675"
"3556",0.55,152.675,-22.075,2016,"-22.075 152.675"
"3557",0.55,152.725,-22.325,2016,"-22.325 152.725"
"3558",0.56,152.725,-22.275,2016,"-22.275 152.725"
"3559",0.94,152.775,-21.125,2016,"-21.125 152.775"
"3560",0.45,153.125,-24.375,2016,"-24.375 153.125"
"3561",0,142.125,-10.375,2002,"-10.375 142.125"
"3562",0.44,142.175,-10.575,2002,"-10.575 142.175"
"3563",0,142.175,-10.425,2002,"-10.425 142.175"
"3564",0,142.225,-10.475,2002,"-10.475 142.225"
"3565",0,142.225,-10.425,2002,"-10.425 142.225"
"3566",0.45,142.575,-10.825,2002,"-10.825 142.575"
"3567",0.44,142.625,-10.925,2002,"-10.925 142.625"
"3568",0.48,142.625,-10.725,2002,"-10.725 142.625"
"3569",0.49,142.775,-10.825,2002,"-10.825 142.775"
"3570",0.5,142.775,-10.725,2002,"-10.725 142.775"
"3571",0.66,142.825,-10.675,2002,"-10.675 142.825"
"3572",0.66,142.925,-10.625,2002,"-10.625 142.925"
"3573",0.67,142.925,-10.575,2002,"-10.575 142.925"
"3574",0.48,143.025,-11.175,2002,"-11.175 143.025"
"3575",0.49,143.175,-11.375,2002,"-11.375 143.175"
"3576",0.65,143.225,-12.375,2002,"-12.375 143.225"
"3577",0.63,143.225,-11.575,2002,"-11.575 143.225"
"3578",0.64,143.225,-11.425,2002,"-11.425 143.225"
"3579",0.61,143.275,-12.225,2002,"-12.225 143.275"
"3580",0.3,143.275,-11.975,2002,"-11.975 143.275"
"3581",0.64,143.275,-11.775,2002,"-11.775 143.275"
"3582",0.64,143.275,-11.675,2002,"-11.675 143.275"
"3583",0.65,143.275,-11.475,2002,"-11.475 143.275"
"3584",0.65,143.275,-11.425,2002,"-11.425 143.275"
"3585",0.66,143.275,-11.375,2002,"-11.375 143.275"
"3586",0.81,143.275,-10.475,2002,"-10.475 143.275"
"3587",0.76,143.325,-12.275,2002,"-12.275 143.325"
"3588",0.29,143.325,-12.125,2002,"-12.125 143.325"
"3589",0,143.325,-12.075,2002,"-12.075 143.325"
"3590",0.31,143.325,-11.875,2002,"-11.875 143.325"
"3591",0.62,143.325,-11.825,2002,"-11.825 143.325"
"3592",0.64,143.325,-11.775,2002,"-11.775 143.325"
"3593",0.66,143.325,-11.475,2002,"-11.475 143.325"
"3594",0.66,143.325,-11.425,2002,"-11.425 143.325"
"3595",0.68,143.325,-11.325,2002,"-11.325 143.325"
"3596",0.68,143.325,-11.275,2002,"-11.275 143.325"
"3597",0.69,143.325,-11.225,2002,"-11.225 143.325"
"3598",0.69,143.325,-11.075,2002,"-11.075 143.325"
"3599",0.69,143.325,-11.025,2002,"-11.025 143.325"
"3600",0.77,143.375,-12.325,2002,"-12.325 143.375"
"3601",0.75,143.375,-12.275,2002,"-12.275 143.375"
"3602",0,143.375,-12.125,2002,"-12.125 143.375"
"3603",0,143.375,-12.075,2002,"-12.075 143.375"
"3604",0,143.375,-12.025,2002,"-12.025 143.375"
"3605",0.3,143.375,-11.925,2002,"-11.925 143.375"
"3606",0.31,143.375,-11.875,2002,"-11.875 143.375"
"3607",0.61,143.375,-11.825,2002,"-11.825 143.375"
"3608",0.63,143.375,-11.775,2002,"-11.775 143.375"
"3609",0.64,143.375,-11.725,2002,"-11.725 143.375"
"3610",0.65,143.375,-11.675,2002,"-11.675 143.375"
"3611",0.65,143.375,-11.575,2002,"-11.575 143.375"
"3612",0.66,143.375,-11.525,2002,"-11.525 143.375"
"3613",0.67,143.375,-11.475,2002,"-11.475 143.375"
"3614",0.69,143.375,-11.325,2002,"-11.325 143.375"
"3615",0.69,143.375,-11.275,2002,"-11.275 143.375"
"3616",0.69,143.375,-11.225,2002,"-11.225 143.375"
"3617",0.69,143.375,-11.125,2002,"-11.125 143.375"
"3618",0.8,143.375,-10.625,2002,"-10.625 143.375"
"3619",0.65,143.425,-12.475,2002,"-12.475 143.425"
"3620",0.65,143.425,-12.425,2002,"-12.425 143.425"
"3621",0.78,143.425,-12.375,2002,"-12.375 143.425"
"3622",0.76,143.425,-12.325,2002,"-12.325 143.425"
"3623",0.45,143.425,-12.275,2002,"-12.275 143.425"
"3624",0,143.425,-12.225,2002,"-12.225 143.425"
"3625",0,143.425,-12.175,2002,"-12.175 143.425"
"3626",0,143.425,-12.125,2002,"-12.125 143.425"
"3627",0,143.425,-12.075,2002,"-12.075 143.425"
"3628",0,143.425,-12.025,2002,"-12.025 143.425"
"3629",0.15,143.425,-11.925,2002,"-11.925 143.425"
"3630",0.31,143.425,-11.825,2002,"-11.825 143.425"
"3631",0.63,143.425,-11.725,2002,"-11.725 143.425"
"3632",0.64,143.425,-11.675,2002,"-11.675 143.425"
"3633",0.66,143.425,-11.575,2002,"-11.575 143.425"
"3634",0.67,143.425,-11.525,2002,"-11.525 143.425"
"3635",0.68,143.425,-11.425,2002,"-11.425 143.425"
"3636",0.69,143.425,-11.325,2002,"-11.325 143.425"
"3637",0.69,143.425,-11.275,2002,"-11.275 143.425"
"3638",0.63,143.475,-12.475,2002,"-12.475 143.475"
"3639",0.62,143.475,-12.425,2002,"-12.425 143.475"
"3640",0.75,143.475,-12.375,2002,"-12.375 143.475"
"3641",0.44,143.475,-12.325,2002,"-12.325 143.475"
"3642",0.14,143.475,-12.275,2002,"-12.275 143.475"
"3643",0,143.475,-12.225,2002,"-12.225 143.475"
"3644",0,143.475,-12.175,2002,"-12.175 143.475"
"3645",0,143.475,-12.125,2002,"-12.125 143.475"
"3646",0,143.475,-12.075,2002,"-12.075 143.475"
"3647",0,143.475,-11.975,2002,"-11.975 143.475"
"3648",0,143.475,-11.925,2002,"-11.925 143.475"
"3649",0.14,143.475,-11.875,2002,"-11.875 143.475"
"3650",0.29,143.475,-11.825,2002,"-11.825 143.475"
"3651",0.31,143.475,-11.775,2002,"-11.775 143.475"
"3652",0.61,143.475,-11.725,2002,"-11.725 143.475"
"3653",0.63,143.475,-11.625,2002,"-11.625 143.475"
"3654",0.65,143.475,-11.575,2002,"-11.575 143.475"
"3655",0.66,143.475,-11.525,2002,"-11.525 143.475"
"3656",0.69,143.475,-11.325,2002,"-11.325 143.475"
"3657",0.68,143.475,-11.225,2002,"-11.225 143.475"
"3658",0.49,143.475,-10.875,2002,"-10.875 143.475"
"3659",0.8,143.475,-10.625,2002,"-10.625 143.475"
"3660",1.58,143.525,-13.275,2002,"-13.275 143.525"
"3661",1.54,143.525,-13.175,2002,"-13.175 143.525"
"3662",1.7,143.525,-13.075,2002,"-13.075 143.525"
"3663",0.6,143.525,-12.475,2002,"-12.475 143.525"
"3664",0.29,143.525,-12.375,2002,"-12.375 143.525"
"3665",0,143.525,-12.325,2002,"-12.325 143.525"
"3666",0,143.525,-12.225,2002,"-12.225 143.525"
"3667",0,143.525,-12.125,2002,"-12.125 143.525"
"3668",0,143.525,-12.025,2002,"-12.025 143.525"
"3669",0,143.525,-11.975,2002,"-11.975 143.525"
"3670",0,143.525,-11.925,2002,"-11.925 143.525"
"3671",0,143.525,-11.875,2002,"-11.875 143.525"
"3672",0,143.525,-11.825,2002,"-11.825 143.525"
"3673",0.15,143.525,-11.775,2002,"-11.775 143.525"
"3674",0.46,143.525,-11.675,2002,"-11.675 143.525"
"3675",0.67,143.525,-11.425,2002,"-11.425 143.525"
"3676",0.51,143.525,-11.025,2002,"-11.025 143.525"
"3677",1.7,143.575,-13.175,2002,"-13.175 143.575"
"3678",0.44,143.575,-12.575,2002,"-12.575 143.575"
"3679",0,143.575,-12.225,2002,"-12.225 143.575"
"3680",0,143.575,-12.175,2002,"-12.175 143.575"
"3681",0,143.575,-12.125,2002,"-12.125 143.575"
"3682",0,143.575,-12.025,2002,"-12.025 143.575"
"3683",0,143.575,-11.975,2002,"-11.975 143.575"
"3684",0,143.575,-11.925,2002,"-11.925 143.575"
"3685",0,143.575,-11.775,2002,"-11.775 143.575"
"3686",0.3,143.575,-11.675,2002,"-11.675 143.575"
"3687",0.45,143.575,-11.625,2002,"-11.625 143.575"
"3688",0.81,143.575,-11.425,2002,"-11.425 143.575"
"3689",1.12,143.575,-11.375,2002,"-11.375 143.575"
"3690",1.14,143.575,-11.325,2002,"-11.325 143.575"
"3691",1.13,143.575,-11.275,2002,"-11.275 143.575"
"3692",0.52,143.575,-11.175,2002,"-11.175 143.575"
"3693",0.51,143.575,-11.125,2002,"-11.125 143.575"
"3694",0.51,143.575,-11.075,2002,"-11.075 143.575"
"3695",0.31,143.575,-10.725,2002,"-10.725 143.575"
"3696",0.69,143.575,-10.375,2002,"-10.375 143.575"
"3697",0,143.625,-12.425,2002,"-12.425 143.625"
"3698",0,143.625,-12.375,2002,"-12.375 143.625"
"3699",0,143.625,-12.325,2002,"-12.325 143.625"
"3700",0,143.625,-12.175,2002,"-12.175 143.625"
"3701",0,143.625,-12.125,2002,"-12.125 143.625"
"3702",0,143.625,-12.025,2002,"-12.025 143.625"
"3703",0,143.625,-11.975,2002,"-11.975 143.625"
"3704",0,143.625,-11.925,2002,"-11.925 143.625"
"3705",0,143.625,-11.875,2002,"-11.875 143.625"
"3706",0,143.625,-11.825,2002,"-11.825 143.625"
"3707",0,143.625,-11.775,2002,"-11.775 143.625"
"3708",0,143.625,-11.675,2002,"-11.675 143.625"
"3709",0.45,143.625,-11.575,2002,"-11.575 143.625"
"3710",1.46,143.625,-11.375,2002,"-11.375 143.625"
"3711",1.34,143.625,-11.275,2002,"-11.275 143.625"
"3712",0.46,143.625,-10.875,2002,"-10.875 143.625"
"3713",0.16,143.625,-10.775,2002,"-10.775 143.625"
"3714",0.16,143.625,-10.725,2002,"-10.725 143.625"
"3715",1.88,143.675,-13.225,2002,"-13.225 143.675"
"3716",1.66,143.675,-13.125,2002,"-13.125 143.675"
"3717",1.22,143.675,-13.075,2002,"-13.075 143.675"
"3718",0.73,143.675,-12.675,2002,"-12.675 143.675"
"3719",0.15,143.675,-12.625,2002,"-12.625 143.675"
"3720",0.14,143.675,-12.575,2002,"-12.575 143.675"
"3721",0,143.675,-12.525,2002,"-12.525 143.675"
"3722",0,143.675,-12.475,2002,"-12.475 143.675"
"3723",0,143.675,-12.375,2002,"-12.375 143.675"
"3724",0,143.675,-12.325,2002,"-12.325 143.675"
"3725",0,143.675,-12.275,2002,"-12.275 143.675"
"3726",0,143.675,-12.225,2002,"-12.225 143.675"
"3727",0,143.675,-12.175,2002,"-12.175 143.675"
"3728",0,143.675,-12.125,2002,"-12.125 143.675"
"3729",0,143.675,-12.075,2002,"-12.075 143.675"
"3730",0,143.675,-12.025,2002,"-12.025 143.675"
"3731",0,143.675,-11.975,2002,"-11.975 143.675"
"3732",0,143.675,-11.925,2002,"-11.925 143.675"
"3733",0,143.675,-11.875,2002,"-11.875 143.675"
"3734",0,143.675,-11.825,2002,"-11.825 143.675"
"3735",0,143.675,-11.625,2002,"-11.625 143.675"
"3736",1.24,143.675,-11.475,2002,"-11.475 143.675"
"3737",1.6,143.725,-13.425,2002,"-13.425 143.725"
"3738",1.36,143.725,-13.175,2002,"-13.175 143.725"
"3739",1.19,143.725,-12.925,2002,"-12.925 143.725"
"3740",1.33,143.725,-12.825,2002,"-12.825 143.725"
"3741",0.9,143.725,-12.775,2002,"-12.775 143.725"
"3742",0.59,143.725,-12.725,2002,"-12.725 143.725"
"3743",0.3,143.725,-12.675,2002,"-12.675 143.725"
"3744",0.29,143.725,-12.625,2002,"-12.625 143.725"
"3745",0.15,143.725,-12.575,2002,"-12.575 143.725"
"3746",0,143.725,-12.325,2002,"-12.325 143.725"
"3747",0,143.725,-12.275,2002,"-12.275 143.725"
"3748",0,143.725,-12.225,2002,"-12.225 143.725"
"3749",0,143.725,-12.175,2002,"-12.175 143.725"
"3750",0,143.725,-12.075,2002,"-12.075 143.725"
"3751",0,143.725,-12.025,2002,"-12.025 143.725"
"3752",0,143.725,-11.975,2002,"-11.975 143.725"
"3753",1.25,143.725,-11.475,2002,"-11.475 143.725"
"3754",1.31,143.725,-11.375,2002,"-11.375 143.725"
"3755",1.32,143.725,-11.275,2002,"-11.275 143.725"
"3756",0.48,143.725,-11.175,2002,"-11.175 143.725"
"3757",0.15,143.725,-10.775,2002,"-10.775 143.725"
"3758",0,143.775,-14.225,2002,"-14.225 143.775"
"3759",0.59,143.775,-13.825,2002,"-13.825 143.775"
"3760",0.9,143.775,-13.725,2002,"-13.725 143.775"
"3761",0.92,143.775,-13.675,2002,"-13.675 143.775"
"3762",1.83,143.775,-13.325,2002,"-13.325 143.775"
"3763",0.92,143.775,-13.225,2002,"-13.225 143.775"
"3764",0.3,143.775,-13.025,2002,"-13.025 143.775"
"3765",0.44,143.775,-12.875,2002,"-12.875 143.775"
"3766",0.15,143.775,-12.475,2002,"-12.475 143.775"
"3767",1.05,143.775,-11.425,2002,"-11.425 143.775"
"3768",1.06,143.775,-11.275,2002,"-11.275 143.775"
"3769",0.46,143.775,-11.225,2002,"-11.225 143.775"
"3770",0.6,143.825,-13.775,2002,"-13.775 143.825"
"3771",0.61,143.825,-13.625,2002,"-13.625 143.825"
"3772",0.76,143.825,-13.575,2002,"-13.575 143.825"
"3773",0.91,143.825,-13.425,2002,"-13.425 143.825"
"3774",0.44,143.825,-13.125,2002,"-13.125 143.825"
"3775",0.29,143.825,-12.975,2002,"-12.975 143.825"
"3776",0.29,143.825,-12.925,2002,"-12.925 143.825"
"3777",0.29,143.825,-12.875,2002,"-12.875 143.825"
"3778",0.31,143.825,-12.625,2002,"-12.625 143.825"
"3779",0,143.825,-11.875,2002,"-11.875 143.825"
"3780",0.43,143.825,-11.275,2002,"-11.275 143.825"
"3781",0.15,143.825,-10.825,2002,"-10.825 143.825"
"3782",0.58,143.875,-13.725,2002,"-13.725 143.875"
"3783",0.31,143.875,-13.525,2002,"-13.525 143.875"
"3784",0.61,143.875,-13.225,2002,"-13.225 143.875"
"3785",0.6,143.875,-13.175,2002,"-13.175 143.875"
"3786",0.45,143.875,-13.125,2002,"-13.125 143.875"
"3787",0.15,143.875,-12.325,2002,"-12.325 143.875"
"3788",0.29,143.875,-11.525,2002,"-11.525 143.875"
"3789",0.78,143.925,-13.925,2002,"-13.925 143.925"
"3790",0.61,143.925,-13.825,2002,"-13.825 143.925"
"3791",0.29,143.925,-13.725,2002,"-13.725 143.925"
"3792",0.77,143.925,-13.175,2002,"-13.175 143.925"
"3793",0.61,143.925,-13.125,2002,"-13.125 143.925"
"3794",0.3,143.925,-12.275,2002,"-12.275 143.925"
"3795",0.15,143.925,-12.225,2002,"-12.225 143.925"
"3796",0.48,143.925,-10.575,2002,"-10.575 143.925"
"3797",0.64,143.925,-10.525,2002,"-10.525 143.925"
"3798",0.8,143.925,-10.425,2002,"-10.425 143.925"
"3799",0.93,143.975,-13.925,2002,"-13.925 143.975"
"3800",0.63,143.975,-13.875,2002,"-13.875 143.975"
"3801",0.32,143.975,-13.825,2002,"-13.825 143.975"
"3802",0.76,143.975,-13.425,2002,"-13.425 143.975"
"3803",0.8,143.975,-13.325,2002,"-13.325 143.975"
"3804",0.8,143.975,-13.225,2002,"-13.225 143.975"
"3805",0.46,143.975,-12.075,2002,"-12.075 143.975"
"3806",0,143.975,-11.425,2002,"-11.425 143.975"
"3807",0.15,143.975,-10.775,2002,"-10.775 143.975"
"3808",0.3,143.975,-10.725,2002,"-10.725 143.975"
"3809",0.46,143.975,-10.675,2002,"-10.675 143.975"
"3810",1.63,144.025,-14.025,2002,"-14.025 144.025"
"3811",0.63,144.025,-13.875,2002,"-13.875 144.025"
"3812",0.68,144.025,-11.825,2002,"-11.825 144.025"
"3813",0.65,144.025,-11.775,2002,"-11.775 144.025"
"3814",0.62,144.025,-11.725,2002,"-11.725 144.025"
"3815",0.45,144.025,-11.675,2002,"-11.675 144.025"
"3816",0,144.025,-11.525,2002,"-11.525 144.025"
"3817",0,144.025,-11.275,2002,"-11.275 144.025"
"3818",0.15,144.025,-11.025,2002,"-11.025 144.025"
"3819",0.15,144.025,-10.925,2002,"-10.925 144.025"
"3820",0.15,144.025,-10.875,2002,"-10.875 144.025"
"3821",1.55,144.075,-14.025,2002,"-14.025 144.075"
"3822",1.34,144.075,-13.975,2002,"-13.975 144.075"
"3823",1.13,144.075,-13.925,2002,"-13.925 144.075"
"3824",0.78,144.075,-13.875,2002,"-13.875 144.075"
"3825",0.59,144.075,-13.525,2002,"-13.525 144.075"
"3826",0.86,144.075,-11.825,2002,"-11.825 144.075"
"3827",0.65,144.075,-11.725,2002,"-11.725 144.075"
"3828",1.65,144.125,-13.975,2002,"-13.975 144.125"
"3829",1.91,144.175,-13.975,2002,"-13.975 144.175"
"3830",1.04,144.175,-13.675,2002,"-13.675 144.175"
"3831",2.49,144.225,-14.075,2002,"-14.075 144.225"
"3832",1.65,144.225,-13.925,2002,"-13.925 144.225"
"3833",0.89,144.225,-13.725,2002,"-13.725 144.225"
"3834",0.74,144.325,-13.875,2002,"-13.875 144.325"
"3835",1.06,144.375,-10.375,2002,"-10.375 144.375"
"3836",1.21,144.425,-10.425,2002,"-10.425 144.425"
"3837",1.05,144.425,-10.375,2002,"-10.375 144.425"
"3838",1.2,144.475,-10.375,2002,"-10.375 144.475"
"3839",1.92,144.525,-14.125,2002,"-14.125 144.525"
"3840",1.87,144.525,-13.975,2002,"-13.975 144.525"
"3841",1,144.625,-14.475,2002,"-14.475 144.625"
"3842",1,144.625,-14.425,2002,"-14.425 144.625"
"3843",2.52,144.625,-13.925,2002,"-13.925 144.625"
"3844",2.36,144.675,-14.225,2002,"-14.225 144.675"
"3845",2.74,144.675,-13.975,2002,"-13.975 144.675"
"3846",2.81,144.725,-14.275,2002,"-14.275 144.725"
"3847",3.14,144.725,-14.225,2002,"-14.225 144.725"
"3848",3.45,144.725,-14.175,2002,"-14.175 144.725"
"3849",3.46,144.775,-14.275,2002,"-14.275 144.775"
"3850",3.97,144.775,-14.225,2002,"-14.225 144.775"
"3851",3.87,144.775,-14.175,2002,"-14.175 144.775"
"3852",3.89,144.775,-14.125,2002,"-14.125 144.775"
"3853",4.06,144.775,-14.075,2002,"-14.075 144.775"
"3854",3.49,144.775,-14.025,2002,"-14.025 144.775"
"3855",3.36,144.925,-14.425,2002,"-14.425 144.925"
"3856",4.77,144.925,-14.225,2002,"-14.225 144.925"
"3857",3.54,144.975,-14.525,2002,"-14.525 144.975"
"3858",3.57,144.975,-14.425,2002,"-14.425 144.975"
"3859",3.64,145.025,-14.475,2002,"-14.475 145.025"
"3860",4.04,145.025,-14.375,2002,"-14.375 145.025"
"3861",3.21,145.075,-14.775,2002,"-14.775 145.075"
"3862",4.22,145.075,-14.275,2002,"-14.275 145.075"
"3863",3.71,145.125,-14.275,2002,"-14.275 145.125"
"3864",3.02,145.175,-14.475,2002,"-14.475 145.175"
"3865",2.33,145.225,-14.475,2002,"-14.475 145.225"
"3866",2.25,145.225,-14.425,2002,"-14.425 145.225"
"3867",1.93,145.275,-14.475,2002,"-14.475 145.275"
"3868",1.61,145.275,-14.425,2002,"-14.425 145.275"
"3869",1.41,145.325,-14.425,2002,"-14.425 145.325"
"3870",1.98,145.325,-14.375,2002,"-14.375 145.325"
"3871",0.86,145.375,-15.925,2002,"-15.925 145.375"
"3872",2.7,145.375,-14.725,2002,"-14.725 145.375"
"3873",1.81,145.375,-14.375,2002,"-14.375 145.375"
"3874",1.34,145.425,-15.475,2002,"-15.475 145.425"
"3875",1.53,145.425,-15.425,2002,"-15.425 145.425"
"3876",0.96,145.425,-14.425,2002,"-14.425 145.425"
"3877",0.78,145.475,-15.675,2002,"-15.675 145.475"
"3878",1.52,145.475,-15.525,2002,"-15.525 145.475"
"3879",3.06,145.475,-14.925,2002,"-14.925 145.475"
"3880",1.62,145.475,-14.675,2002,"-14.675 145.475"
"3881",1.05,145.525,-16.525,2002,"-16.525 145.525"
"3882",1.7,145.525,-15.675,2002,"-15.675 145.525"
"3883",2.43,145.525,-15.425,2002,"-15.425 145.525"
"3884",3.28,145.525,-15.275,2002,"-15.275 145.525"
"3885",3.02,145.525,-14.875,2002,"-14.875 145.525"
"3886",2.81,145.525,-14.825,2002,"-14.825 145.525"
"3887",2.74,145.525,-14.775,2002,"-14.775 145.525"
"3888",1,145.525,-14.475,2002,"-14.475 145.525"
"3889",1.18,145.575,-15.875,2002,"-15.875 145.575"
"3890",1.74,145.575,-15.775,2002,"-15.775 145.575"
"3891",2.55,145.575,-15.575,2002,"-15.575 145.575"
"3892",3.02,145.575,-15.375,2002,"-15.375 145.575"
"3893",3.31,145.575,-15.275,2002,"-15.275 145.575"
"3894",1.03,145.575,-14.525,2002,"-14.525 145.575"
"3895",2.22,145.625,-15.775,2002,"-15.775 145.625"
"3896",2.91,145.625,-15.625,2002,"-15.625 145.625"
"3897",3.02,145.625,-15.425,2002,"-15.425 145.625"
"3898",3.2,145.625,-15.275,2002,"-15.275 145.625"
"3899",2.91,145.625,-14.875,2002,"-14.875 145.625"
"3900",1.22,145.625,-14.625,2002,"-14.625 145.625"
"3901",1.75,145.675,-16.175,2002,"-16.175 145.675"
"3902",1.73,145.675,-16.125,2002,"-16.125 145.675"
"3903",2.33,145.675,-15.975,2002,"-15.975 145.675"
"3904",3.26,145.675,-15.025,2002,"-15.025 145.675"
"3905",3.31,145.675,-14.875,2002,"-14.875 145.675"
"3906",2.61,145.725,-16.425,2002,"-16.425 145.725"
"3907",2.62,145.725,-16.375,2002,"-16.375 145.725"
"3908",2.45,145.725,-16.325,2002,"-16.325 145.725"
"3909",2.28,145.725,-16.175,2002,"-16.175 145.725"
"3910",2.39,145.725,-16.125,2002,"-16.125 145.725"
"3911",2.35,145.725,-16.075,2002,"-16.075 145.725"
"3912",3.12,145.725,-15.075,2002,"-15.075 145.725"
"3913",3.74,145.725,-14.875,2002,"-14.875 145.725"
"3914",3.25,145.725,-14.825,2002,"-14.825 145.725"
"3915",2.71,145.775,-16.425,2002,"-16.425 145.775"
"3916",2.72,145.775,-16.375,2002,"-16.375 145.775"
"3917",2.7,145.775,-16.325,2002,"-16.325 145.775"
"3918",2.67,145.775,-16.275,2002,"-16.275 145.775"
"3919",2.45,145.775,-16.125,2002,"-16.125 145.775"
"3920",3.01,145.775,-15.875,2002,"-15.875 145.775"
"3921",4.02,145.775,-15.575,2002,"-15.575 145.775"
"3922",3.08,145.775,-15.375,2002,"-15.375 145.775"
"3923",2.92,145.825,-16.425,2002,"-16.425 145.825"
"3924",2.77,145.825,-16.375,2002,"-16.375 145.825"
"3925",2.73,145.825,-16.325,2002,"-16.325 145.825"
"3926",2.7,145.825,-16.275,2002,"-16.275 145.825"
"3927",2.77,145.825,-16.125,2002,"-16.125 145.825"
"3928",3.07,145.825,-15.975,2002,"-15.975 145.825"
"3929",3.64,145.825,-15.825,2002,"-15.825 145.825"
"3930",2.92,145.875,-16.375,2002,"-16.375 145.875"
"3931",2.88,145.875,-16.325,2002,"-16.325 145.875"
"3932",2.82,145.875,-16.225,2002,"-16.225 145.875"
"3933",2.55,145.925,-16.675,2002,"-16.675 145.925"
"3934",2.91,145.925,-16.625,2002,"-16.625 145.925"
"3935",2.58,145.975,-16.675,2002,"-16.675 145.975"
"3936",2.26,146.025,-16.725,2002,"-16.725 146.025"
"3937",3.31,146.025,-16.575,2002,"-16.575 146.025"
"3938",3.33,146.025,-16.525,2002,"-16.525 146.025"
"3939",2.44,146.075,-16.725,2002,"-16.725 146.075"
"3940",0.51,146.125,-17.775,2002,"-17.775 146.125"
"3941",0.48,146.175,-17.675,2002,"-17.675 146.175"
"3942",1.21,146.175,-17.075,2002,"-17.075 146.175"
"3943",1.36,146.175,-17.025,2002,"-17.025 146.175"
"3944",1.5,146.175,-16.975,2002,"-16.975 146.175"
"3945",1.85,146.175,-16.875,2002,"-16.875 146.175"
"3946",1.54,146.225,-17.025,2002,"-17.025 146.225"
"3947",1.54,146.225,-16.975,2002,"-16.975 146.225"
"3948",1.56,146.225,-16.925,2002,"-16.925 146.225"
"3949",1.87,146.225,-16.875,2002,"-16.875 146.225"
"3950",1.71,146.275,-16.925,2002,"-16.925 146.275"
"3951",1.89,146.325,-17.125,2002,"-17.125 146.325"
"3952",0.69,146.375,-17.725,2002,"-17.725 146.375"
"3953",1.07,146.375,-17.525,2002,"-17.525 146.375"
"3954",1.27,146.375,-17.475,2002,"-17.475 146.375"
"3955",1.32,146.375,-17.425,2002,"-17.425 146.375"
"3956",1.49,146.375,-17.375,2002,"-17.375 146.375"
"3957",1.51,146.375,-17.325,2002,"-17.325 146.375"
"3958",1.69,146.375,-17.275,2002,"-17.275 146.375"
"3959",0.71,146.425,-17.775,2002,"-17.775 146.425"
"3960",1.19,146.425,-17.675,2002,"-17.675 146.425"
"3961",1.21,146.425,-17.625,2002,"-17.625 146.425"
"3962",1.64,146.425,-17.375,2002,"-17.375 146.425"
"3963",1.99,146.425,-17.275,2002,"-17.275 146.425"
"3964",1.22,146.475,-17.675,2002,"-17.675 146.475"
"3965",1.24,146.475,-17.625,2002,"-17.625 146.475"
"3966",1.99,146.475,-17.225,2002,"-17.225 146.475"
"3967",2.63,146.475,-17.125,2002,"-17.125 146.475"
"3968",0.52,146.525,-18.075,2002,"-18.075 146.525"
"3969",0.51,146.525,-18.025,2002,"-18.025 146.525"
"3970",1.04,146.525,-17.775,2002,"-17.775 146.525"
"3971",1.08,146.525,-17.725,2002,"-17.725 146.525"
"3972",1.87,146.525,-17.525,2002,"-17.525 146.525"
"3973",2.71,146.575,-18.725,2002,"-18.725 146.575"
"3974",0.86,146.575,-18.075,2002,"-18.075 146.575"
"3975",0.83,146.575,-18.025,2002,"-18.025 146.575"
"3976",1,146.575,-17.875,2002,"-17.875 146.575"
"3977",0.88,146.575,-17.825,2002,"-17.825 146.575"
"3978",1.56,146.575,-17.575,2002,"-17.575 146.575"
"3979",1.34,146.625,-18.025,2002,"-18.025 146.625"
"3980",1.2,146.625,-17.875,2002,"-17.875 146.625"
"3981",1.23,146.625,-17.775,2002,"-17.775 146.625"
"3982",2.76,146.675,-18.375,2002,"-18.375 146.675"
"3983",1.55,146.675,-18.225,2002,"-18.225 146.675"
"3984",1.28,146.675,-17.775,2002,"-17.775 146.675"
"3985",3.13,146.725,-18.425,2002,"-18.425 146.725"
"3986",2.36,146.725,-18.325,2002,"-18.325 146.725"
"3987",2.06,146.725,-18.225,2002,"-18.225 146.725"
"3988",1.93,146.725,-17.875,2002,"-17.875 146.725"
"3989",2.53,146.775,-18.375,2002,"-18.375 146.775"
"3990",2.55,146.775,-18.225,2002,"-18.225 146.775"
"3991",2.4,146.775,-18.125,2002,"-18.125 146.775"
"3992",1.47,146.825,-19.175,2002,"-19.175 146.825"
"3993",2.58,146.825,-18.375,2002,"-18.375 146.825"
"3994",2.34,146.825,-18.325,2002,"-18.325 146.825"
"3995",2.48,146.825,-18.225,2002,"-18.225 146.825"
"3996",2.69,146.825,-18.075,2002,"-18.075 146.825"
"3997",2.6,146.875,-18.475,2002,"-18.475 146.875"
"3998",2.32,146.875,-18.325,2002,"-18.325 146.875"
"3999",2.95,146.875,-18.025,2002,"-18.025 146.875"
"4000",2.13,147.025,-18.525,2002,"-18.525 147.025"
"4001",2.22,147.025,-18.225,2002,"-18.225 147.025"
"4002",1.88,147.075,-18.625,2002,"-18.625 147.075"
"4003",2.01,147.075,-18.425,2002,"-18.425 147.075"
"4004",2.02,147.125,-18.525,2002,"-18.525 147.125"
"4005",3.08,147.425,-18.625,2002,"-18.625 147.425"
"4006",3.02,147.475,-18.575,2002,"-18.575 147.475"
"4007",2.92,147.525,-18.725,2002,"-18.725 147.525"
"4008",2.72,147.525,-18.525,2002,"-18.525 147.525"
"4009",2.67,147.575,-18.575,2002,"-18.575 147.575"
"4010",2.43,147.725,-18.925,2002,"-18.925 147.725"
"4011",1.8,147.725,-18.875,2002,"-18.875 147.725"
"4012",1.76,147.725,-18.775,2002,"-18.775 147.725"
"4013",2.37,147.775,-18.925,2002,"-18.925 147.775"
"4014",1.11,147.875,-18.775,2002,"-18.775 147.875"
"4015",2.24,147.975,-18.925,2002,"-18.925 147.975"
"4016",2.75,148.075,-19.375,2002,"-19.375 148.075"
"4017",2.65,148.075,-19.325,2002,"-19.325 148.075"
"4018",2.22,148.075,-19.275,2002,"-19.275 148.075"
"4019",1.65,148.075,-19.075,2002,"-19.075 148.075"
"4020",2.48,148.125,-19.425,2002,"-19.425 148.125"
"4021",1.43,148.125,-19.225,2002,"-19.225 148.125"
"4022",1.25,148.125,-19.175,2002,"-19.175 148.125"
"4023",1.82,148.125,-19.025,2002,"-19.025 148.125"
"4024",0.79,148.175,-19.225,2002,"-19.225 148.175"
"4025",0.61,148.225,-19.225,2002,"-19.225 148.225"
"4026",0.29,148.325,-19.225,2002,"-19.225 148.325"
"4027",0.44,148.325,-19.125,2002,"-19.125 148.325"
"4028",1.26,148.325,-19.025,2002,"-19.025 148.325"
"4029",0.15,148.375,-19.175,2002,"-19.175 148.375"
"4030",0.29,148.375,-19.125,2002,"-19.125 148.375"
"4031",0.14,148.425,-19.175,2002,"-19.175 148.425"
"4032",0.29,148.425,-19.125,2002,"-19.125 148.425"
"4033",1.8,148.425,-18.975,2002,"-18.975 148.425"
"4034",0.15,148.475,-19.175,2002,"-19.175 148.475"
"4035",0.44,148.475,-19.125,2002,"-19.125 148.475"
"4036",0.44,148.525,-19.225,2002,"-19.225 148.525"
"4037",1.07,148.575,-19.275,2002,"-19.275 148.575"
"4038",1.3,148.625,-19.325,2002,"-19.325 148.625"
"4039",0.63,148.625,-19.225,2002,"-19.225 148.625"
"4040",2.29,148.675,-19.425,2002,"-19.425 148.675"
"4041",1.64,148.675,-19.375,2002,"-19.375 148.675"
"4042",1.11,148.675,-19.275,2002,"-19.275 148.675"
"4043",3.11,148.725,-19.475,2002,"-19.475 148.725"
"4044",2.43,148.725,-19.425,2002,"-19.425 148.725"
"4045",3.88,148.775,-19.525,2002,"-19.525 148.775"
"4046",3.1,148.775,-19.475,2002,"-19.475 148.775"
"4047",2.71,148.775,-19.425,2002,"-19.425 148.775"
"4048",2.94,148.825,-19.475,2002,"-19.475 148.825"
"4049",2.26,148.825,-19.425,2002,"-19.425 148.825"
"4050",1.91,148.825,-19.375,2002,"-19.375 148.825"
"4051",2.58,148.825,-19.125,2002,"-19.125 148.825"
"4052",2.52,148.875,-19.425,2002,"-19.425 148.875"
"4053",1.93,148.875,-19.375,2002,"-19.375 148.875"
"4054",1.66,148.925,-20.275,2002,"-20.275 148.925"
"4055",1.63,148.925,-20.075,2002,"-20.075 148.925"
"4056",1.1,148.975,-20.175,2002,"-20.175 148.975"
"4057",2.64,148.975,-19.525,2002,"-19.525 148.975"
"4058",2.61,148.975,-19.275,2002,"-19.275 148.975"
"4059",1.95,149.025,-19.475,2002,"-19.475 149.025"
"4060",3.68,149.075,-20.475,2002,"-20.475 149.075"
"4061",2.14,149.075,-19.525,2002,"-19.525 149.075"
"4062",2.09,149.075,-19.475,2002,"-19.475 149.075"
"4063",2.52,149.075,-19.375,2002,"-19.375 149.075"
"4064",2.12,149.125,-19.525,2002,"-19.525 149.125"
"4065",4.28,149.175,-19.825,2002,"-19.825 149.175"
"4066",3.03,149.175,-19.725,2002,"-19.725 149.175"
"4067",2.24,149.175,-19.475,2002,"-19.475 149.175"
"4068",2.41,149.175,-19.425,2002,"-19.425 149.175"
"4069",4.05,149.225,-19.825,2002,"-19.825 149.225"
"4070",3.23,149.225,-19.775,2002,"-19.775 149.225"
"4071",2.22,149.225,-19.475,2002,"-19.475 149.225"
"4072",3.03,149.275,-19.775,2002,"-19.775 149.275"
"4073",2.12,149.275,-19.575,2002,"-19.575 149.275"
"4074",1.92,149.275,-19.525,2002,"-19.525 149.275"
"4075",2.07,149.275,-19.475,2002,"-19.475 149.275"
"4076",3.33,149.325,-21.325,2002,"-21.325 149.325"
"4077",2.76,149.325,-19.725,2002,"-19.725 149.325"
"4078",2.53,149.325,-19.675,2002,"-19.675 149.325"
"4079",2.44,149.375,-19.725,2002,"-19.725 149.375"
"4080",2.06,149.375,-19.675,2002,"-19.675 149.375"
"4081",2.24,149.375,-19.625,2002,"-19.625 149.375"
"4082",2.41,149.425,-19.725,2002,"-19.725 149.425"
"4083",1.94,149.425,-19.625,2002,"-19.625 149.425"
"4084",4.56,149.475,-21.525,2002,"-21.525 149.475"
"4085",2.81,149.475,-19.825,2002,"-19.825 149.475"
"4086",2.45,149.475,-19.775,2002,"-19.775 149.475"
"4087",2.37,149.475,-19.725,2002,"-19.725 149.475"
"4088",1.99,149.475,-19.675,2002,"-19.675 149.475"
"4089",2.42,149.525,-19.775,2002,"-19.775 149.525"
"4090",2.33,149.525,-19.725,2002,"-19.725 149.525"
"4091",3.81,149.575,-21.975,2002,"-21.975 149.575"
"4092",5.7,149.575,-21.475,2002,"-21.475 149.575"
"4093",2.78,149.575,-19.875,2002,"-19.875 149.575"
"4094",2.78,149.625,-20.775,2002,"-20.775 149.625"
"4095",2.26,149.625,-19.775,2002,"-19.775 149.625"
"4096",5.12,149.675,-21.975,2002,"-21.975 149.675"
"4097",2.27,149.675,-19.825,2002,"-19.825 149.675"
"4098",0.94,149.675,-19.625,2002,"-19.625 149.675"
"4099",2.89,149.725,-20.025,2002,"-20.025 149.725"
"4100",2.53,149.725,-19.975,2002,"-19.975 149.725"
"4101",2.41,149.725,-19.875,2002,"-19.875 149.725"
"4102",1.8,149.725,-19.675,2002,"-19.675 149.725"
"4103",7.21,149.775,-21.625,2002,"-21.625 149.775"
"4104",2.24,149.775,-19.725,2002,"-19.725 149.775"
"4105",1.81,149.775,-19.675,2002,"-19.675 149.775"
"4106",4.29,149.825,-22.025,2002,"-22.025 149.825"
"4107",7.14,149.825,-21.375,2002,"-21.375 149.825"
"4108",3.08,149.825,-20.075,2002,"-20.075 149.825"
"4109",4.41,149.875,-21.975,2002,"-21.975 149.875"
"4110",1.99,149.875,-19.625,2002,"-19.625 149.875"
"4111",6.73,149.925,-21.475,2002,"-21.475 149.925"
"4112",6.62,150.025,-20.575,2002,"-20.575 150.025"
"4113",2.82,150.025,-20.125,2002,"-20.125 150.025"
"4114",4.5,150.075,-20.975,2002,"-20.975 150.075"
"4115",7.36,150.075,-20.525,2002,"-20.525 150.075"
"4116",5.05,150.075,-20.275,2002,"-20.275 150.075"
"4117",4.29,150.075,-20.225,2002,"-20.225 150.075"
"4118",3.41,150.075,-20.175,2002,"-20.175 150.075"
"4119",2.33,150.075,-20.125,2002,"-20.125 150.075"
"4120",1.57,150.075,-19.825,2002,"-19.825 150.075"
"4121",7.36,150.125,-20.575,2002,"-20.575 150.125"
"4122",4.57,150.125,-20.275,2002,"-20.275 150.125"
"4123",1.73,150.125,-19.775,2002,"-19.775 150.125"
"4124",5.05,150.175,-20.325,2002,"-20.325 150.175"
"4125",6.66,150.225,-20.675,2002,"-20.675 150.225"
"4126",1.22,150.225,-20.025,2002,"-20.025 150.225"
"4127",1.24,150.225,-19.875,2002,"-19.875 150.225"
"4128",4.38,150.275,-22.225,2002,"-22.225 150.275"
"4129",1.08,150.275,-19.925,2002,"-19.925 150.275"
"4130",1.32,150.325,-20.125,2002,"-20.125 150.325"
"4131",6.94,150.375,-21.025,2002,"-21.025 150.375"
"4132",6.61,150.425,-21.075,2002,"-21.075 150.425"
"4133",7.93,150.425,-20.825,2002,"-20.825 150.425"
"4134",1.05,150.425,-20.125,2002,"-20.125 150.425"
"4135",1.41,150.425,-20.075,2002,"-20.075 150.425"
"4136",6.31,150.475,-21.125,2002,"-21.125 150.475"
"4137",6.64,150.475,-21.075,2002,"-21.075 150.475"
"4138",7.32,150.475,-20.775,2002,"-20.775 150.475"
"4139",7.03,150.475,-20.725,2002,"-20.725 150.475"
"4140",6.7,150.475,-20.675,2002,"-20.675 150.475"
"4141",1.18,150.475,-20.175,2002,"-20.175 150.475"
"4142",6.44,150.525,-20.975,2002,"-20.975 150.525"
"4143",1.86,150.525,-20.275,2002,"-20.275 150.525"
"4144",4.88,150.575,-20.525,2002,"-20.525 150.575"
"4145",4.13,150.575,-20.475,2002,"-20.475 150.575"
"4146",2.49,150.575,-20.325,2002,"-20.325 150.575"
"4147",2.37,150.575,-20.275,2002,"-20.275 150.575"
"4148",6.79,150.625,-21.175,2002,"-21.175 150.625"
"4149",4.54,150.625,-20.525,2002,"-20.525 150.625"
"4150",3.83,150.625,-20.475,2002,"-20.475 150.625"
"4151",2.41,150.625,-20.325,2002,"-20.325 150.625"
"4152",6.44,150.675,-21.175,2002,"-21.175 150.675"
"4153",5.48,150.675,-21.075,2002,"-21.075 150.675"
"4154",4.03,150.675,-20.525,2002,"-20.525 150.675"
"4155",3.54,150.675,-20.475,2002,"-20.475 150.675"
"4156",3.04,150.675,-20.425,2002,"-20.425 150.675"
"4157",5.53,150.725,-22.425,2002,"-22.425 150.725"
"4158",7.15,150.725,-21.325,2002,"-21.325 150.725"
"4159",2.93,150.725,-20.425,2002,"-20.425 150.725"
"4160",4.21,150.775,-20.625,2002,"-20.625 150.775"
"4161",2.62,150.775,-20.375,2002,"-20.375 150.775"
"4162",5.12,150.825,-21.075,2002,"-21.075 150.825"
"4163",4.16,150.825,-20.625,2002,"-20.625 150.825"
"4164",6.88,150.875,-21.375,2002,"-21.375 150.875"
"4165",5.55,150.875,-21.225,2002,"-21.225 150.875"
"4166",5.15,150.875,-21.175,2002,"-21.175 150.875"
"4167",4.27,150.875,-20.725,2002,"-20.725 150.875"
"4168",4.16,150.875,-20.675,2002,"-20.675 150.875"
"4169",6.96,150.925,-21.375,2002,"-21.375 150.925"
"4170",4.9,150.925,-21.025,2002,"-21.025 150.925"
"4171",4.2,150.925,-20.725,2002,"-20.725 150.925"
"4172",6.78,150.975,-21.375,2002,"-21.375 150.975"
"4173",4.06,150.975,-20.775,2002,"-20.775 150.975"
"4174",4.01,150.975,-20.725,2002,"-20.725 150.975"
"4175",4.56,151.025,-20.925,2002,"-20.925 151.025"
"4176",3.95,151.025,-20.725,2002,"-20.725 151.025"
"4177",3.86,151.075,-20.825,2002,"-20.825 151.075"
"4178",3.81,151.075,-20.775,2002,"-20.775 151.075"
"4179",3.47,151.075,-20.725,2002,"-20.725 151.075"
"4180",6.74,151.125,-21.375,2002,"-21.375 151.125"
"4181",3.05,151.125,-20.775,2002,"-20.775 151.125"
"4182",5.97,151.175,-21.325,2002,"-21.325 151.175"
"4183",3.02,151.175,-20.825,2002,"-20.825 151.175"
"4184",2.84,151.225,-20.875,2002,"-20.875 151.225"
"4185",2.8,151.225,-20.825,2002,"-20.825 151.225"
"4186",5.04,151.275,-23.525,2002,"-23.525 151.275"
"4187",5.72,151.275,-21.325,2002,"-21.325 151.275"
"4188",2.48,151.275,-20.875,2002,"-20.875 151.275"
"4189",5.64,151.325,-21.375,2002,"-21.375 151.325"
"4190",3.64,151.325,-21.025,2002,"-21.025 151.325"
"4191",2.51,151.325,-20.925,2002,"-20.925 151.325"
"4192",4.32,151.375,-21.625,2002,"-21.625 151.375"
"4193",5.35,151.375,-21.375,2002,"-21.375 151.375"
"4194",4.16,151.375,-21.175,2002,"-21.175 151.375"
"4195",3.31,151.375,-21.025,2002,"-21.025 151.375"
"4196",2.73,151.375,-20.975,2002,"-20.975 151.375"
"4197",2.45,151.375,-20.925,2002,"-20.925 151.375"
"4198",4.24,151.425,-21.525,2002,"-21.525 151.425"
"4199",2.83,151.425,-20.975,2002,"-20.975 151.425"
"4200",2.42,151.425,-20.925,2002,"-20.925 151.425"
"4201",4.18,151.475,-21.475,2002,"-21.475 151.475"
"4202",4.66,151.475,-21.375,2002,"-21.375 151.475"
"4203",4.27,151.475,-21.325,2002,"-21.325 151.475"
"4204",2.97,151.475,-20.975,2002,"-20.975 151.475"
"4205",3.78,151.525,-21.625,2002,"-21.625 151.525"
"4206",3.8,151.525,-21.275,2002,"-21.275 151.525"
"4207",3.27,151.525,-21.025,2002,"-21.025 151.525"
"4208",4.2,151.575,-21.725,2002,"-21.725 151.575"
"4209",3.6,151.575,-21.675,2002,"-21.675 151.575"
"4210",3.65,151.575,-21.625,2002,"-21.625 151.575"
"4211",3.69,151.575,-21.325,2002,"-21.325 151.575"
"4212",3.89,151.575,-21.275,2002,"-21.275 151.575"
"4213",3.51,151.575,-21.175,2002,"-21.175 151.575"
"4214",6.03,151.625,-23.675,2002,"-23.675 151.625"
"4215",3.85,151.625,-21.675,2002,"-21.675 151.625"
"4216",3.33,151.625,-21.625,2002,"-21.625 151.625"
"4217",3.42,151.625,-21.575,2002,"-21.575 151.625"
"4218",3.7,151.625,-21.425,2002,"-21.425 151.625"
"4219",3.35,151.675,-21.425,2002,"-21.425 151.675"
"4220",3.36,151.675,-21.375,2002,"-21.375 151.675"
"4221",3.13,151.675,-21.075,2002,"-21.075 151.675"
"4222",6.23,151.725,-23.525,2002,"-23.525 151.725"
"4223",4.85,151.725,-23.025,2002,"-23.025 151.725"
"4224",3.96,151.775,-21.775,2002,"-21.775 151.775"
"4225",3.11,151.775,-21.625,2002,"-21.625 151.775"
"4226",3.19,151.775,-21.575,2002,"-21.575 151.775"
"4227",2.82,151.775,-21.525,2002,"-21.525 151.775"
"4228",2.58,151.775,-21.125,2002,"-21.125 151.775"
"4229",3.52,151.825,-23.275,2002,"-23.275 151.825"
"4230",2.43,151.825,-21.175,2002,"-21.175 151.825"
"4231",5.28,151.875,-23.475,2002,"-23.475 151.875"
"4232",3.36,151.875,-23.275,2002,"-23.275 151.875"
"4233",3.22,151.925,-23.275,2002,"-23.275 151.925"
"4234",2.95,151.925,-21.525,2002,"-21.525 151.925"
"4235",3.47,151.975,-23.325,2002,"-23.325 151.975"
"4236",4.56,152.025,-23.425,2002,"-23.425 152.025"
"4237",2.42,152.025,-21.375,2002,"-21.375 152.025"
"4238",3.13,152.075,-21.925,2002,"-21.925 152.075"
"4239",3.36,152.125,-22.025,2002,"-22.025 152.125"
"4240",3.12,152.125,-21.925,2002,"-21.925 152.125"
"4241",2.99,152.125,-21.875,2002,"-21.875 152.125"
"4242",5.46,152.175,-23.625,2002,"-23.625 152.175"
"4243",3.66,152.175,-22.025,2002,"-22.025 152.175"
"4244",3.72,152.275,-22.025,2002,"-22.025 152.275"
"4245",3.56,152.325,-21.825,2002,"-21.825 152.325"
"4246",2.01,152.325,-21.675,2002,"-21.675 152.325"
"4247",4.45,152.375,-21.975,2002,"-21.975 152.375"
"4248",4.08,152.425,-21.825,2002,"-21.825 152.425"
"4249",3.89,152.425,-21.775,2002,"-21.775 152.425"
"4250",4.08,152.425,-21.225,2002,"-21.225 152.425"
"4251",4.06,152.475,-22.075,2002,"-22.075 152.475"
"4252",5,152.475,-21.125,2002,"-21.125 152.475"
"4253",4.83,152.525,-21.925,2002,"-21.925 152.525"
"4254",4.63,152.525,-21.875,2002,"-21.875 152.525"
"4255",4.1,152.525,-21.775,2002,"-21.775 152.525"
"4256",3.82,152.525,-21.725,2002,"-21.725 152.525"
"4257",2.69,152.525,-21.575,2002,"-21.575 152.525"
"4258",4.61,152.525,-21.225,2002,"-21.225 152.525"
"4259",5.03,152.525,-21.175,2002,"-21.175 152.525"
"4260",4.37,152.575,-21.325,2002,"-21.325 152.575"
"4261",5.28,152.575,-21.025,2002,"-21.025 152.575"
"4262",4.32,152.625,-22.125,2002,"-22.125 152.625"
"4263",4.97,152.625,-21.825,2002,"-21.825 152.625"
"4264",5.49,152.625,-21.175,2002,"-21.175 152.625"
"4265",5.33,152.625,-21.125,2002,"-21.125 152.625"
"4266",4.5,152.675,-22.375,2002,"-22.375 152.675"
"4267",4.07,152.675,-22.175,2002,"-22.175 152.675"
"4268",4.15,152.675,-22.075,2002,"-22.075 152.675"
"4269",3.99,152.725,-22.325,2002,"-22.325 152.725"
"4270",3.93,152.725,-22.275,2002,"-22.275 152.725"
"4271",5.82,152.775,-21.125,2002,"-21.125 152.775"
"4272",4.98,153.125,-24.375,2002,"-24.375 153.125"
"4273",0.92,142.125,-10.375,1998,"-10.375 142.125"
"4274",0.93,142.175,-10.575,1998,"-10.575 142.175"
"4275",0.94,142.175,-10.425,1998,"-10.425 142.175"
"4276",0.95,142.225,-10.475,1998,"-10.475 142.225"
"4277",0.96,142.225,-10.425,1998,"-10.425 142.225"
"4278",0.93,142.575,-10.825,1998,"-10.825 142.575"
"4279",0.91,142.625,-10.925,1998,"-10.925 142.625"
"4280",0.95,142.625,-10.725,1998,"-10.725 142.625"
"4281",0.94,142.775,-10.825,1998,"-10.825 142.775"
"4282",0.96,142.775,-10.725,1998,"-10.725 142.775"
"4283",0.96,142.825,-10.675,1998,"-10.675 142.825"
"4284",0.99,142.925,-10.625,1998,"-10.625 142.925"
"4285",0.98,142.925,-10.575,1998,"-10.575 142.925"
"4286",1.63,143.025,-11.175,1998,"-11.175 143.025"
"4287",1.81,143.175,-11.375,1998,"-11.375 143.175"
"4288",0.67,143.225,-12.375,1998,"-12.375 143.225"
"4289",1.44,143.225,-11.575,1998,"-11.575 143.225"
"4290",1.59,143.225,-11.425,1998,"-11.425 143.225"
"4291",0.67,143.275,-12.225,1998,"-12.225 143.275"
"4292",0.71,143.275,-11.975,1998,"-11.975 143.275"
"4293",1.07,143.275,-11.775,1998,"-11.775 143.275"
"4294",1.37,143.275,-11.675,1998,"-11.675 143.275"
"4295",1.53,143.275,-11.475,1998,"-11.475 143.275"
"4296",1.59,143.275,-11.425,1998,"-11.425 143.275"
"4297",1.79,143.275,-11.375,1998,"-11.375 143.275"
"4298",1.01,143.275,-10.475,1998,"-10.475 143.275"
"4299",0.67,143.325,-12.275,1998,"-12.275 143.325"
"4300",0.68,143.325,-12.125,1998,"-12.125 143.325"
"4301",0.68,143.325,-12.075,1998,"-12.075 143.325"
"4302",0.88,143.325,-11.875,1998,"-11.875 143.325"
"4303",0.9,143.325,-11.825,1998,"-11.825 143.325"
"4304",0.92,143.325,-11.775,1998,"-11.775 143.325"
"4305",1.52,143.325,-11.475,1998,"-11.475 143.325"
"4306",1.58,143.325,-11.425,1998,"-11.425 143.325"
"4307",1.98,143.325,-11.325,1998,"-11.325 143.325"
"4308",2.01,143.325,-11.275,1998,"-11.275 143.325"
"4309",1.86,143.325,-11.225,1998,"-11.225 143.325"
"4310",1.57,143.325,-11.075,1998,"-11.075 143.325"
"4311",1.53,143.325,-11.025,1998,"-11.025 143.325"
"4312",0.68,143.375,-12.325,1998,"-12.325 143.375"
"4313",0.67,143.375,-12.275,1998,"-12.275 143.375"
"4314",0.68,143.375,-12.125,1998,"-12.125 143.375"
"4315",0.68,143.375,-12.075,1998,"-12.075 143.375"
"4316",0.69,143.375,-12.025,1998,"-12.025 143.375"
"4317",0.72,143.375,-11.925,1998,"-11.925 143.375"
"4318",0.89,143.375,-11.875,1998,"-11.875 143.375"
"4319",0.9,143.375,-11.825,1998,"-11.825 143.375"
"4320",1.22,143.375,-11.775,1998,"-11.775 143.375"
"4321",1.23,143.375,-11.725,1998,"-11.725 143.375"
"4322",1.41,143.375,-11.675,1998,"-11.675 143.375"
"4323",1.45,143.375,-11.575,1998,"-11.575 143.375"
"4324",1.49,143.375,-11.525,1998,"-11.525 143.375"
"4325",1.54,143.375,-11.475,1998,"-11.475 143.375"
"4326",1.98,143.375,-11.325,1998,"-11.325 143.375"
"4327",1.99,143.375,-11.275,1998,"-11.275 143.375"
"4328",1.84,143.375,-11.225,1998,"-11.225 143.375"
"4329",1.61,143.375,-11.125,1998,"-11.125 143.375"
"4330",1.06,143.375,-10.625,1998,"-10.625 143.375"
"4331",0.89,143.425,-12.475,1998,"-12.475 143.425"
"4332",0.73,143.425,-12.425,1998,"-12.425 143.425"
"4333",0.71,143.425,-12.375,1998,"-12.375 143.425"
"4334",0.69,143.425,-12.325,1998,"-12.325 143.425"
"4335",0.68,143.425,-12.275,1998,"-12.275 143.425"
"4336",0.67,143.425,-12.225,1998,"-12.225 143.425"
"4337",0.68,143.425,-12.175,1998,"-12.175 143.425"
"4338",0.68,143.425,-12.125,1998,"-12.125 143.425"
"4339",0.69,143.425,-12.075,1998,"-12.075 143.425"
"4340",0.7,143.425,-12.025,1998,"-12.025 143.425"
"4341",0.73,143.425,-11.925,1998,"-11.925 143.425"
"4342",1.06,143.425,-11.825,1998,"-11.825 143.425"
"4343",1.41,143.425,-11.725,1998,"-11.725 143.425"
"4344",1.44,143.425,-11.675,1998,"-11.675 143.425"
"4345",1.49,143.425,-11.575,1998,"-11.575 143.425"
"4346",1.53,143.425,-11.525,1998,"-11.525 143.425"
"4347",1.9,143.425,-11.425,1998,"-11.425 143.425"
"4348",1.98,143.425,-11.325,1998,"-11.325 143.425"
"4349",2,143.425,-11.275,1998,"-11.275 143.425"
"4350",1.06,143.475,-12.475,1998,"-12.475 143.475"
"4351",0.74,143.475,-12.425,1998,"-12.425 143.475"
"4352",0.72,143.475,-12.375,1998,"-12.375 143.475"
"4353",0.7,143.475,-12.325,1998,"-12.325 143.475"
"4354",0.68,143.475,-12.275,1998,"-12.275 143.475"
"4355",0.67,143.475,-12.225,1998,"-12.225 143.475"
"4356",0.67,143.475,-12.175,1998,"-12.175 143.475"
"4357",0.68,143.475,-12.125,1998,"-12.125 143.475"
"4358",0.69,143.475,-12.075,1998,"-12.075 143.475"
"4359",0.72,143.475,-11.975,1998,"-11.975 143.475"
"4360",0.73,143.475,-11.925,1998,"-11.925 143.475"
"4361",1.05,143.475,-11.875,1998,"-11.875 143.475"
"4362",1.08,143.475,-11.825,1998,"-11.825 143.475"
"4363",1.26,143.475,-11.775,1998,"-11.775 143.475"
"4364",1.59,143.475,-11.725,1998,"-11.725 143.475"
"4365",1.63,143.475,-11.625,1998,"-11.625 143.475"
"4366",1.81,143.475,-11.575,1998,"-11.575 143.475"
"4367",1.85,143.475,-11.525,1998,"-11.525 143.475"
"4368",1.98,143.475,-11.325,1998,"-11.325 143.475"
"4369",1.8,143.475,-11.225,1998,"-11.225 143.475"
"4370",1.05,143.475,-10.875,1998,"-10.875 143.475"
"4371",1,143.475,-10.625,1998,"-10.625 143.475"
"4372",2.03,143.525,-13.275,1998,"-13.275 143.525"
"4373",2.22,143.525,-13.175,1998,"-13.175 143.525"
"4374",2.27,143.525,-13.075,1998,"-13.075 143.525"
"4375",1.22,143.525,-12.475,1998,"-12.475 143.525"
"4376",0.73,143.525,-12.375,1998,"-12.375 143.525"
"4377",0.71,143.525,-12.325,1998,"-12.325 143.525"
"4378",0.68,143.525,-12.225,1998,"-12.225 143.525"
"4379",0.68,143.525,-12.125,1998,"-12.125 143.525"
"4380",0.7,143.525,-12.025,1998,"-12.025 143.525"
"4381",0.71,143.525,-11.975,1998,"-11.975 143.525"
"4382",0.88,143.525,-11.925,1998,"-11.925 143.525"
"4383",1.05,143.525,-11.875,1998,"-11.875 143.525"
"4384",1.09,143.525,-11.825,1998,"-11.825 143.525"
"4385",1.57,143.525,-11.775,1998,"-11.775 143.525"
"4386",1.8,143.525,-11.675,1998,"-11.675 143.525"
"4387",1.93,143.525,-11.425,1998,"-11.425 143.525"
"4388",1.02,143.525,-11.025,1998,"-11.025 143.525"
"4389",2.21,143.575,-13.175,1998,"-13.175 143.575"
"4390",1.79,143.575,-12.575,1998,"-12.575 143.575"
"4391",0.68,143.575,-12.225,1998,"-12.225 143.575"
"4392",0.67,143.575,-12.175,1998,"-12.175 143.575"
"4393",0.67,143.575,-12.125,1998,"-12.125 143.575"
"4394",0.69,143.575,-12.025,1998,"-12.025 143.575"
"4395",0.7,143.575,-11.975,1998,"-11.975 143.575"
"4396",0.87,143.575,-11.925,1998,"-11.925 143.575"
"4397",1.57,143.575,-11.775,1998,"-11.775 143.575"
"4398",1.81,143.575,-11.675,1998,"-11.675 143.575"
"4399",1.85,143.575,-11.625,1998,"-11.625 143.575"
"4400",2.09,143.575,-11.425,1998,"-11.425 143.575"
"4401",2.09,143.575,-11.375,1998,"-11.375 143.575"
"4402",1.78,143.575,-11.325,1998,"-11.325 143.575"
"4403",1.78,143.575,-11.275,1998,"-11.275 143.575"
"4404",1.52,143.575,-11.175,1998,"-11.175 143.575"
"4405",1.18,143.575,-11.125,1998,"-11.125 143.575"
"4406",1,143.575,-11.075,1998,"-11.075 143.575"
"4407",0.99,143.575,-10.725,1998,"-10.725 143.575"
"4408",0.64,143.575,-10.375,1998,"-10.375 143.575"
"4409",0.9,143.625,-12.425,1998,"-12.425 143.625"
"4410",0.73,143.625,-12.375,1998,"-12.375 143.625"
"4411",0.71,143.625,-12.325,1998,"-12.325 143.625"
"4412",0.66,143.625,-12.175,1998,"-12.175 143.625"
"4413",0.67,143.625,-12.125,1998,"-12.125 143.625"
"4414",0.68,143.625,-12.025,1998,"-12.025 143.625"
"4415",0.7,143.625,-11.975,1998,"-11.975 143.625"
"4416",0.86,143.625,-11.925,1998,"-11.925 143.625"
"4417",0.89,143.625,-11.875,1998,"-11.875 143.625"
"4418",1.07,143.625,-11.825,1998,"-11.825 143.625"
"4419",1.71,143.625,-11.775,1998,"-11.775 143.625"
"4420",1.81,143.625,-11.675,1998,"-11.675 143.625"
"4421",2.03,143.625,-11.575,1998,"-11.575 143.625"
"4422",1.92,143.625,-11.375,1998,"-11.375 143.625"
"4423",1.73,143.625,-11.275,1998,"-11.275 143.625"
"4424",0.95,143.625,-10.875,1998,"-10.875 143.625"
"4425",0.95,143.625,-10.775,1998,"-10.775 143.625"
"4426",0.94,143.625,-10.725,1998,"-10.725 143.625"
"4427",1.82,143.675,-13.225,1998,"-13.225 143.675"
"4428",1.98,143.675,-13.125,1998,"-13.125 143.675"
"4429",1.98,143.675,-13.075,1998,"-13.075 143.675"
"4430",2.03,143.675,-12.675,1998,"-12.675 143.675"
"4431",1.84,143.675,-12.625,1998,"-12.625 143.675"
"4432",1.79,143.675,-12.575,1998,"-12.575 143.675"
"4433",1.58,143.675,-12.525,1998,"-12.525 143.675"
"4434",1.24,143.675,-12.475,1998,"-12.475 143.675"
"4435",0.88,143.675,-12.375,1998,"-12.375 143.675"
"4436",0.71,143.675,-12.325,1998,"-12.325 143.675"
"4437",0.69,143.675,-12.275,1998,"-12.275 143.675"
"4438",0.67,143.675,-12.225,1998,"-12.225 143.675"
"4439",0.66,143.675,-12.175,1998,"-12.175 143.675"
"4440",0.66,143.675,-12.125,1998,"-12.125 143.675"
"4441",0.66,143.675,-12.075,1998,"-12.075 143.675"
"4442",0.67,143.675,-12.025,1998,"-12.025 143.675"
"4443",0.82,143.675,-11.975,1998,"-11.975 143.675"
"4444",0.84,143.675,-11.925,1998,"-11.925 143.675"
"4445",0.88,143.675,-11.875,1998,"-11.875 143.675"
"4446",0.91,143.675,-11.825,1998,"-11.825 143.675"
"4447",1.84,143.675,-11.625,1998,"-11.625 143.675"
"4448",2.04,143.675,-11.475,1998,"-11.475 143.675"
"4449",1.63,143.725,-13.425,1998,"-13.425 143.725"
"4450",1.77,143.725,-13.175,1998,"-13.175 143.725"
"4451",1.84,143.725,-12.925,1998,"-12.925 143.725"
"4452",1.85,143.725,-12.825,1998,"-12.825 143.725"
"4453",1.86,143.725,-12.775,1998,"-12.775 143.725"
"4454",1.86,143.725,-12.725,1998,"-12.725 143.725"
"4455",1.85,143.725,-12.675,1998,"-12.675 143.725"
"4456",1.84,143.725,-12.625,1998,"-12.625 143.725"
"4457",1.79,143.725,-12.575,1998,"-12.575 143.725"
"4458",0.86,143.725,-12.325,1998,"-12.325 143.725"
"4459",0.69,143.725,-12.275,1998,"-12.275 143.725"
"4460",0.68,143.725,-12.225,1998,"-12.225 143.725"
"4461",0.67,143.725,-12.175,1998,"-12.175 143.725"
"4462",0.66,143.725,-12.075,1998,"-12.075 143.725"
"4463",0.81,143.725,-12.025,1998,"-12.025 143.725"
"4464",0.82,143.725,-11.975,1998,"-11.975 143.725"
"4465",2,143.725,-11.475,1998,"-11.475 143.725"
"4466",1.84,143.725,-11.375,1998,"-11.375 143.725"
"4467",1.33,143.725,-11.275,1998,"-11.275 143.725"
"4468",0.97,143.725,-11.175,1998,"-11.175 143.725"
"4469",0.86,143.725,-10.775,1998,"-10.775 143.725"
"4470",0.6,143.775,-14.225,1998,"-14.225 143.775"
"4471",1.52,143.775,-13.825,1998,"-13.825 143.775"
"4472",1.58,143.775,-13.725,1998,"-13.725 143.775"
"4473",1.6,143.775,-13.675,1998,"-13.675 143.775"
"4474",1.6,143.775,-13.325,1998,"-13.325 143.775"
"4475",1.58,143.775,-13.225,1998,"-13.225 143.775"
"4476",1.6,143.775,-13.025,1998,"-13.025 143.775"
"4477",1.64,143.775,-12.875,1998,"-12.875 143.775"
"4478",1.55,143.775,-12.475,1998,"-12.475 143.775"
"4479",1.8,143.775,-11.425,1998,"-11.425 143.775"
"4480",1.29,143.775,-11.275,1998,"-11.275 143.775"
"4481",1.12,143.775,-11.225,1998,"-11.225 143.775"
"4482",1.58,143.825,-13.775,1998,"-13.775 143.825"
"4483",1.76,143.825,-13.625,1998,"-13.625 143.825"
"4484",1.78,143.825,-13.575,1998,"-13.575 143.825"
"4485",1.62,143.825,-13.425,1998,"-13.425 143.825"
"4486",1.56,143.825,-13.125,1998,"-13.125 143.825"
"4487",1.58,143.825,-12.975,1998,"-12.975 143.825"
"4488",1.6,143.825,-12.925,1998,"-12.925 143.825"
"4489",1.62,143.825,-12.875,1998,"-12.875 143.825"
"4490",1.67,143.825,-12.625,1998,"-12.625 143.825"
"4491",1.19,143.825,-11.875,1998,"-11.875 143.825"
"4492",1.11,143.825,-11.275,1998,"-11.275 143.825"
"4493",0.67,143.825,-10.825,1998,"-10.825 143.825"
"4494",1.77,143.875,-13.725,1998,"-13.725 143.875"
"4495",1.79,143.875,-13.525,1998,"-13.525 143.875"
"4496",1.55,143.875,-13.225,1998,"-13.225 143.875"
"4497",1.53,143.875,-13.175,1998,"-13.175 143.875"
"4498",1.54,143.875,-13.125,1998,"-13.125 143.875"
"4499",1.38,143.875,-12.325,1998,"-12.325 143.875"
"4500",1.76,143.875,-11.525,1998,"-11.525 143.875"
"4501",1.5,143.925,-13.925,1998,"-13.925 143.925"
"4502",1.77,143.925,-13.825,1998,"-13.825 143.925"
"4503",1.81,143.925,-13.725,1998,"-13.725 143.925"
"4504",1.71,143.925,-13.175,1998,"-13.175 143.925"
"4505",1.69,143.925,-13.125,1998,"-13.125 143.925"
"4506",1.57,143.925,-12.275,1998,"-12.275 143.925"
"4507",1.39,143.925,-12.225,1998,"-12.225 143.925"
"4508",0.63,143.925,-10.575,1998,"-10.575 143.925"
"4509",0.61,143.925,-10.525,1998,"-10.525 143.925"
"4510",0.46,143.925,-10.425,1998,"-10.425 143.925"
"4511",1.55,143.975,-13.925,1998,"-13.925 143.975"
"4512",1.77,143.975,-13.875,1998,"-13.875 143.975"
"4513",1.82,143.975,-13.825,1998,"-13.825 143.975"
"4514",2.04,143.975,-13.425,1998,"-13.425 143.975"
"4515",1.96,143.975,-13.325,1998,"-13.325 143.975"
"4516",1.75,143.975,-13.225,1998,"-13.225 143.975"
"4517",2.08,143.975,-12.075,1998,"-12.075 143.975"
"4518",1.75,143.975,-11.425,1998,"-11.425 143.975"
"4519",0.7,143.975,-10.775,1998,"-10.775 143.975"
"4520",0.7,143.975,-10.725,1998,"-10.725 143.975"
"4521",0.69,143.975,-10.675,1998,"-10.675 143.975"
"4522",1.25,144.025,-14.025,1998,"-14.025 144.025"
"4523",1.84,144.025,-13.875,1998,"-13.875 144.025"
"4524",2.4,144.025,-11.825,1998,"-11.825 144.025"
"4525",2.39,144.025,-11.775,1998,"-11.775 144.025"
"4526",2.54,144.025,-11.725,1998,"-11.725 144.025"
"4527",2.51,144.025,-11.675,1998,"-11.675 144.025"
"4528",2.45,144.025,-11.525,1998,"-11.525 144.025"
"4529",1.67,144.025,-11.275,1998,"-11.275 144.025"
"4530",0.68,144.025,-11.025,1998,"-11.025 144.025"
"4531",0.69,144.025,-10.925,1998,"-10.925 144.025"
"4532",0.86,144.025,-10.875,1998,"-10.875 144.025"
"4533",1.43,144.075,-14.025,1998,"-14.025 144.075"
"4534",1.7,144.075,-13.975,1998,"-13.975 144.075"
"4535",1.83,144.075,-13.925,1998,"-13.925 144.075"
"4536",2.05,144.075,-13.875,1998,"-13.875 144.075"
"4537",2.37,144.075,-13.525,1998,"-13.525 144.075"
"4538",2.82,144.075,-11.825,1998,"-11.825 144.075"
"4539",2.79,144.075,-11.725,1998,"-11.725 144.075"
"4540",1.77,144.125,-13.975,1998,"-13.975 144.125"
"4541",1.82,144.175,-13.975,1998,"-13.975 144.175"
"4542",2.42,144.175,-13.675,1998,"-13.675 144.175"
"4543",1.45,144.225,-14.075,1998,"-14.075 144.225"
"4544",2.27,144.225,-13.925,1998,"-13.925 144.225"
"4545",2.4,144.225,-13.725,1998,"-13.725 144.225"
"4546",2.49,144.325,-13.875,1998,"-13.875 144.325"
"4547",1.73,144.375,-10.375,1998,"-10.375 144.375"
"4548",1.85,144.425,-10.425,1998,"-10.425 144.425"
"4549",1.71,144.425,-10.375,1998,"-10.375 144.425"
"4550",1.73,144.475,-10.375,1998,"-10.375 144.475"
"4551",2.4,144.525,-14.125,1998,"-14.125 144.525"
"4552",2.5,144.525,-13.975,1998,"-13.975 144.525"
"4553",2.09,144.625,-14.475,1998,"-14.475 144.625"
"4554",2.13,144.625,-14.425,1998,"-14.425 144.625"
"4555",2.56,144.625,-13.925,1998,"-13.925 144.625"
"4556",2.41,144.675,-14.225,1998,"-14.225 144.675"
"4557",2.53,144.675,-13.975,1998,"-13.975 144.675"
"4558",2.22,144.725,-14.275,1998,"-14.275 144.725"
"4559",2.39,144.725,-14.225,1998,"-14.225 144.725"
"4560",2.41,144.725,-14.175,1998,"-14.175 144.725"
"4561",2.17,144.775,-14.275,1998,"-14.275 144.775"
"4562",2.35,144.775,-14.225,1998,"-14.225 144.775"
"4563",2.38,144.775,-14.175,1998,"-14.175 144.775"
"4564",2.27,144.775,-14.125,1998,"-14.125 144.775"
"4565",2.3,144.775,-14.075,1998,"-14.075 144.775"
"4566",2.46,144.775,-14.025,1998,"-14.025 144.775"
"4567",1.97,144.925,-14.425,1998,"-14.425 144.925"
"4568",2.05,144.925,-14.225,1998,"-14.225 144.925"
"4569",1.63,144.975,-14.525,1998,"-14.525 144.975"
"4570",1.79,144.975,-14.425,1998,"-14.425 144.975"
"4571",1.76,145.025,-14.475,1998,"-14.475 145.025"
"4572",1.75,145.025,-14.375,1998,"-14.375 145.025"
"4573",1.7,145.075,-14.775,1998,"-14.775 145.075"
"4574",1.33,145.075,-14.275,1998,"-14.275 145.075"
"4575",1.33,145.125,-14.275,1998,"-14.275 145.125"
"4576",0.97,145.175,-14.475,1998,"-14.475 145.175"
"4577",0.97,145.225,-14.475,1998,"-14.475 145.225"
"4578",0.98,145.225,-14.425,1998,"-14.425 145.225"
"4579",0.82,145.275,-14.475,1998,"-14.475 145.275"
"4580",0.98,145.275,-14.425,1998,"-14.425 145.275"
"4581",0.97,145.325,-14.425,1998,"-14.425 145.325"
"4582",0.98,145.325,-14.375,1998,"-14.375 145.325"
"4583",0,145.375,-15.925,1998,"-15.925 145.375"
"4584",1.36,145.375,-14.725,1998,"-14.725 145.375"
"4585",0.97,145.375,-14.375,1998,"-14.375 145.375"
"4586",0.15,145.425,-15.475,1998,"-15.475 145.425"
"4587",0.46,145.425,-15.425,1998,"-15.425 145.425"
"4588",0.95,145.425,-14.425,1998,"-14.425 145.425"
"4589",0,145.475,-15.675,1998,"-15.675 145.475"
"4590",0,145.475,-15.525,1998,"-15.525 145.475"
"4591",1.3,145.475,-14.925,1998,"-14.925 145.475"
"4592",1.14,145.475,-14.675,1998,"-14.675 145.475"
"4593",0.77,145.525,-16.525,1998,"-16.525 145.525"
"4594",0,145.525,-15.675,1998,"-15.675 145.525"
"4595",0.3,145.525,-15.425,1998,"-15.425 145.525"
"4596",0.61,145.525,-15.275,1998,"-15.275 145.525"
"4597",1.27,145.525,-14.875,1998,"-14.875 145.525"
"4598",1.24,145.525,-14.825,1998,"-14.825 145.525"
"4599",1.35,145.525,-14.775,1998,"-14.775 145.525"
"4600",0.77,145.525,-14.475,1998,"-14.475 145.525"
"4601",0,145.575,-15.875,1998,"-15.875 145.575"
"4602",0,145.575,-15.775,1998,"-15.775 145.575"
"4603",0,145.575,-15.575,1998,"-15.575 145.575"
"4604",0.3,145.575,-15.375,1998,"-15.375 145.575"
"4605",0.3,145.575,-15.275,1998,"-15.275 145.575"
"4606",0.62,145.575,-14.525,1998,"-14.525 145.575"
"4607",0,145.625,-15.775,1998,"-15.775 145.625"
"4608",0,145.625,-15.625,1998,"-15.625 145.625"
"4609",0,145.625,-15.425,1998,"-15.425 145.625"
"4610",0,145.625,-15.275,1998,"-15.275 145.625"
"4611",1.04,145.625,-14.875,1998,"-14.875 145.625"
"4612",0.76,145.625,-14.625,1998,"-14.625 145.625"
"4613",0,145.675,-16.175,1998,"-16.175 145.675"
"4614",0,145.675,-16.125,1998,"-16.125 145.675"
"4615",0,145.675,-15.975,1998,"-15.975 145.675"
"4616",0.79,145.675,-15.025,1998,"-15.025 145.675"
"4617",1,145.675,-14.875,1998,"-14.875 145.675"
"4618",0.32,145.725,-16.425,1998,"-16.425 145.725"
"4619",0.31,145.725,-16.375,1998,"-16.375 145.725"
"4620",0.16,145.725,-16.325,1998,"-16.325 145.725"
"4621",0,145.725,-16.175,1998,"-16.175 145.725"
"4622",0,145.725,-16.125,1998,"-16.125 145.725"
"4623",0,145.725,-16.075,1998,"-16.075 145.725"
"4624",0.44,145.725,-15.075,1998,"-15.075 145.725"
"4625",0.96,145.725,-14.875,1998,"-14.875 145.725"
"4626",0.94,145.725,-14.825,1998,"-14.825 145.725"
"4627",0.32,145.775,-16.425,1998,"-16.425 145.775"
"4628",0.31,145.775,-16.375,1998,"-16.375 145.775"
"4629",0.16,145.775,-16.325,1998,"-16.325 145.775"
"4630",0.15,145.775,-16.275,1998,"-16.275 145.775"
"4631",0,145.775,-16.125,1998,"-16.125 145.775"
"4632",0,145.775,-15.875,1998,"-15.875 145.775"
"4633",0,145.775,-15.575,1998,"-15.575 145.775"
"4634",0,145.775,-15.375,1998,"-15.375 145.775"
"4635",0.31,145.825,-16.425,1998,"-16.425 145.825"
"4636",0.31,145.825,-16.375,1998,"-16.375 145.825"
"4637",0.16,145.825,-16.325,1998,"-16.325 145.825"
"4638",0.15,145.825,-16.275,1998,"-16.275 145.825"
"4639",0,145.825,-16.125,1998,"-16.125 145.825"
"4640",0,145.825,-15.975,1998,"-15.975 145.825"
"4641",0,145.825,-15.825,1998,"-15.825 145.825"
"4642",0.16,145.875,-16.375,1998,"-16.375 145.875"
"4643",0.15,145.875,-16.325,1998,"-16.325 145.875"
"4644",0,145.875,-16.225,1998,"-16.225 145.875"
"4645",0.46,145.925,-16.675,1998,"-16.675 145.925"
"4646",0.3,145.925,-16.625,1998,"-16.625 145.925"
"4647",0.45,145.975,-16.675,1998,"-16.675 145.975"
"4648",0.76,146.025,-16.725,1998,"-16.725 146.025"
"4649",0.14,146.025,-16.575,1998,"-16.575 146.025"
"4650",0,146.025,-16.525,1998,"-16.525 146.025"
"4651",0.6,146.075,-16.725,1998,"-16.725 146.075"
"4652",2.62,146.125,-17.775,1998,"-17.775 146.125"
"4653",2.37,146.175,-17.675,1998,"-17.675 146.175"
"4654",1.93,146.175,-17.075,1998,"-17.075 146.175"
"4655",1.74,146.175,-17.025,1998,"-17.025 146.175"
"4656",1.1,146.175,-16.975,1998,"-16.975 146.175"
"4657",0.74,146.175,-16.875,1998,"-16.875 146.175"
"4658",1.54,146.225,-17.025,1998,"-17.025 146.225"
"4659",0.91,146.225,-16.975,1998,"-16.975 146.225"
"4660",0.46,146.225,-16.925,1998,"-16.925 146.225"
"4661",0.29,146.225,-16.875,1998,"-16.875 146.225"
"4662",0.3,146.275,-16.925,1998,"-16.925 146.275"
"4663",1.24,146.325,-17.125,1998,"-17.125 146.325"
"4664",2.33,146.375,-17.725,1998,"-17.725 146.375"
"4665",2.56,146.375,-17.525,1998,"-17.525 146.375"
"4666",2.58,146.375,-17.475,1998,"-17.475 146.375"
"4667",2.42,146.375,-17.425,1998,"-17.425 146.375"
"4668",2.07,146.375,-17.375,1998,"-17.375 146.375"
"4669",2,146.375,-17.325,1998,"-17.325 146.375"
"4670",1.92,146.375,-17.275,1998,"-17.275 146.375"
"4671",2.35,146.425,-17.775,1998,"-17.775 146.425"
"4672",1.86,146.425,-17.675,1998,"-17.675 146.425"
"4673",1.73,146.425,-17.625,1998,"-17.625 146.425"
"4674",2.02,146.425,-17.375,1998,"-17.375 146.425"
"4675",1.91,146.425,-17.275,1998,"-17.275 146.425"
"4676",1.82,146.475,-17.675,1998,"-17.675 146.475"
"4677",1.54,146.475,-17.625,1998,"-17.625 146.475"
"4678",1.14,146.475,-17.225,1998,"-17.225 146.475"
"4679",0.82,146.475,-17.125,1998,"-17.125 146.475"
"4680",2.57,146.525,-18.075,1998,"-18.075 146.525"
"4681",2.93,146.525,-18.025,1998,"-18.025 146.525"
"4682",1.98,146.525,-17.775,1998,"-17.775 146.525"
"4683",1.81,146.525,-17.725,1998,"-17.725 146.525"
"4684",1.68,146.525,-17.525,1998,"-17.525 146.525"
"4685",5.48,146.575,-18.725,1998,"-18.725 146.575"
"4686",2.44,146.575,-18.075,1998,"-18.075 146.575"
"4687",2.51,146.575,-18.025,1998,"-18.025 146.575"
"4688",2.29,146.575,-17.875,1998,"-17.875 146.575"
"4689",1.95,146.575,-17.825,1998,"-17.825 146.575"
"4690",1.47,146.575,-17.575,1998,"-17.575 146.575"
"4691",2.11,146.625,-18.025,1998,"-18.025 146.625"
"4692",1.77,146.625,-17.875,1998,"-17.875 146.625"
"4693",1.3,146.625,-17.775,1998,"-17.775 146.625"
"4694",4.47,146.675,-18.375,1998,"-18.375 146.675"
"4695",3.21,146.675,-18.225,1998,"-18.225 146.675"
"4696",0.84,146.675,-17.775,1998,"-17.775 146.675"
"4697",4.69,146.725,-18.425,1998,"-18.425 146.725"
"4698",4.02,146.725,-18.325,1998,"-18.325 146.725"
"4699",3.01,146.725,-18.225,1998,"-18.225 146.725"
"4700",0.83,146.725,-17.875,1998,"-17.875 146.725"
"4701",4.15,146.775,-18.375,1998,"-18.375 146.775"
"4702",2.79,146.775,-18.225,1998,"-18.225 146.775"
"4703",2.06,146.775,-18.125,1998,"-18.125 146.775"
"4704",4.61,146.825,-19.175,1998,"-19.175 146.825"
"4705",4.08,146.825,-18.375,1998,"-18.375 146.825"
"4706",3.74,146.825,-18.325,1998,"-18.325 146.825"
"4707",3.05,146.825,-18.225,1998,"-18.225 146.825"
"4708",1.78,146.825,-18.075,1998,"-18.075 146.825"
"4709",4.21,146.875,-18.475,1998,"-18.475 146.875"
"4710",3.62,146.875,-18.325,1998,"-18.325 146.875"
"4711",1.55,146.875,-18.025,1998,"-18.025 146.875"
"4712",3.65,147.025,-18.525,1998,"-18.525 147.025"
"4713",1.84,147.025,-18.225,1998,"-18.225 147.025"
"4714",3,147.075,-18.625,1998,"-18.625 147.075"
"4715",3.26,147.075,-18.425,1998,"-18.425 147.075"
"4716",2.88,147.125,-18.525,1998,"-18.525 147.125"
"4717",2.76,147.425,-18.625,1998,"-18.625 147.425"
"4718",1.99,147.475,-18.575,1998,"-18.575 147.475"
"4719",2.36,147.525,-18.725,1998,"-18.725 147.525"
"4720",0.91,147.525,-18.525,1998,"-18.525 147.525"
"4721",0.47,147.575,-18.575,1998,"-18.575 147.575"
"4722",0.31,147.725,-18.925,1998,"-18.925 147.725"
"4723",0.3,147.725,-18.875,1998,"-18.875 147.725"
"4724",0.15,147.725,-18.775,1998,"-18.775 147.725"
"4725",0.3,147.775,-18.925,1998,"-18.925 147.775"
"4726",0,147.875,-18.775,1998,"-18.775 147.875"
"4727",0.93,147.975,-18.925,1998,"-18.925 147.975"
"4728",2.65,148.075,-19.375,1998,"-19.375 148.075"
"4729",2.3,148.075,-19.325,1998,"-19.325 148.075"
"4730",2.2,148.075,-19.275,1998,"-19.275 148.075"
"4731",1.29,148.075,-19.075,1998,"-19.075 148.075"
"4732",2.54,148.125,-19.425,1998,"-19.425 148.125"
"4733",1.91,148.125,-19.225,1998,"-19.225 148.125"
"4734",1.8,148.125,-19.175,1998,"-19.175 148.125"
"4735",0.94,148.125,-19.025,1998,"-19.025 148.125"
"4736",1.86,148.175,-19.225,1998,"-19.225 148.175"
"4737",1.38,148.225,-19.225,1998,"-19.225 148.225"
"4738",1.11,148.325,-19.225,1998,"-19.225 148.325"
"4739",0,148.325,-19.125,1998,"-19.125 148.325"
"4740",0,148.325,-19.025,1998,"-19.025 148.325"
"4741",0,148.375,-19.175,1998,"-19.175 148.375"
"4742",0,148.375,-19.125,1998,"-19.125 148.375"
"4743",0,148.425,-19.175,1998,"-19.175 148.425"
"4744",0,148.425,-19.125,1998,"-19.125 148.425"
"4745",0.73,148.425,-18.975,1998,"-18.975 148.425"
"4746",0,148.475,-19.175,1998,"-19.175 148.475"
"4747",0,148.475,-19.125,1998,"-19.125 148.475"
"4748",0,148.525,-19.225,1998,"-19.225 148.525"
"4749",0,148.575,-19.275,1998,"-19.275 148.575"
"4750",0,148.625,-19.325,1998,"-19.325 148.625"
"4751",0,148.625,-19.225,1998,"-19.225 148.625"
"4752",0.14,148.675,-19.425,1998,"-19.425 148.675"
"4753",0,148.675,-19.375,1998,"-19.375 148.675"
"4754",0,148.675,-19.275,1998,"-19.275 148.675"
"4755",0.31,148.725,-19.475,1998,"-19.475 148.725"
"4756",0.15,148.725,-19.425,1998,"-19.425 148.725"
"4757",0.47,148.775,-19.525,1998,"-19.525 148.775"
"4758",0.45,148.775,-19.475,1998,"-19.475 148.775"
"4759",0.29,148.775,-19.425,1998,"-19.425 148.775"
"4760",0.31,148.825,-19.475,1998,"-19.475 148.825"
"4761",0.29,148.825,-19.425,1998,"-19.425 148.825"
"4762",0.15,148.825,-19.375,1998,"-19.375 148.825"
"4763",0.3,148.825,-19.125,1998,"-19.125 148.825"
"4764",0.15,148.875,-19.425,1998,"-19.425 148.875"
"4765",0.15,148.875,-19.375,1998,"-19.375 148.875"
"4766",0,148.925,-20.275,1998,"-20.275 148.925"
"4767",0.47,148.925,-20.075,1998,"-20.075 148.925"
"4768",0.14,148.975,-20.175,1998,"-20.175 148.975"
"4769",0,148.975,-19.525,1998,"-19.525 148.975"
"4770",0.3,148.975,-19.275,1998,"-19.275 148.975"
"4771",0,149.025,-19.475,1998,"-19.475 149.025"
"4772",1.12,149.075,-20.475,1998,"-20.475 149.075"
"4773",0,149.075,-19.525,1998,"-19.525 149.075"
"4774",0,149.075,-19.475,1998,"-19.475 149.075"
"4775",0,149.075,-19.375,1998,"-19.375 149.075"
"4776",0,149.125,-19.525,1998,"-19.525 149.125"
"4777",0.93,149.175,-19.825,1998,"-19.825 149.175"
"4778",0.16,149.175,-19.725,1998,"-19.725 149.175"
"4779",0,149.175,-19.475,1998,"-19.475 149.175"
"4780",0,149.175,-19.425,1998,"-19.425 149.175"
"4781",0.82,149.225,-19.825,1998,"-19.825 149.225"
"4782",0.64,149.225,-19.775,1998,"-19.775 149.225"
"4783",0,149.225,-19.475,1998,"-19.475 149.225"
"4784",0.66,149.275,-19.775,1998,"-19.775 149.275"
"4785",0,149.275,-19.575,1998,"-19.575 149.275"
"4786",0,149.275,-19.525,1998,"-19.525 149.275"
"4787",0,149.275,-19.475,1998,"-19.475 149.275"
"4788",4.16,149.325,-21.325,1998,"-21.325 149.325"
"4789",0.49,149.325,-19.725,1998,"-19.725 149.325"
"4790",0.16,149.325,-19.675,1998,"-19.675 149.325"
"4791",0.49,149.375,-19.725,1998,"-19.725 149.375"
"4792",0.17,149.375,-19.675,1998,"-19.675 149.375"
"4793",0.15,149.375,-19.625,1998,"-19.625 149.375"
"4794",0.63,149.425,-19.725,1998,"-19.725 149.425"
"4795",0.15,149.425,-19.625,1998,"-19.625 149.425"
"4796",5,149.475,-21.525,1998,"-21.525 149.475"
"4797",1.31,149.475,-19.825,1998,"-19.825 149.475"
"4798",0.97,149.475,-19.775,1998,"-19.775 149.475"
"4799",0.64,149.475,-19.725,1998,"-19.725 149.475"
"4800",0.32,149.475,-19.675,1998,"-19.675 149.475"
"4801",1.11,149.525,-19.775,1998,"-19.775 149.525"
"4802",0.78,149.525,-19.725,1998,"-19.725 149.525"
"4803",3.62,149.575,-21.975,1998,"-21.975 149.575"
"4804",5.2,149.575,-21.475,1998,"-21.475 149.575"
"4805",1.47,149.575,-19.875,1998,"-19.875 149.575"
"4806",1.92,149.625,-20.775,1998,"-20.775 149.625"
"4807",0.95,149.625,-19.775,1998,"-19.775 149.625"
"4808",3.05,149.675,-21.975,1998,"-21.975 149.675"
"4809",0.98,149.675,-19.825,1998,"-19.825 149.675"
"4810",0.92,149.675,-19.625,1998,"-19.625 149.675"
"4811",1.53,149.725,-20.025,1998,"-20.025 149.725"
"4812",1.52,149.725,-19.975,1998,"-19.975 149.725"
"4813",1.45,149.725,-19.875,1998,"-19.875 149.725"
"4814",1.08,149.725,-19.675,1998,"-19.675 149.725"
"4815",3.84,149.775,-21.625,1998,"-21.625 149.775"
"4816",1.1,149.775,-19.725,1998,"-19.725 149.775"
"4817",1.1,149.775,-19.675,1998,"-19.675 149.775"
"4818",3.3,149.825,-22.025,1998,"-22.025 149.825"
"4819",3.08,149.825,-21.375,1998,"-21.375 149.825"
"4820",1.35,149.825,-20.075,1998,"-20.075 149.825"
"4821",3.44,149.875,-21.975,1998,"-21.975 149.875"
"4822",1.79,149.875,-19.625,1998,"-19.625 149.875"
"4823",2.69,149.925,-21.475,1998,"-21.475 149.925"
"4824",2.07,150.025,-20.575,1998,"-20.575 150.025"
"4825",0.64,150.025,-20.125,1998,"-20.125 150.025"
"4826",0.64,150.075,-20.975,1998,"-20.975 150.075"
"4827",1.63,150.075,-20.525,1998,"-20.525 150.075"
"4828",0.82,150.075,-20.275,1998,"-20.275 150.075"
"4829",0.8,150.075,-20.225,1998,"-20.225 150.075"
"4830",0.64,150.075,-20.175,1998,"-20.175 150.075"
"4831",0.62,150.075,-20.125,1998,"-20.125 150.075"
"4832",1.09,150.075,-19.825,1998,"-19.825 150.075"
"4833",1.93,150.125,-20.575,1998,"-20.575 150.125"
"4834",0.81,150.125,-20.275,1998,"-20.275 150.125"
"4835",1.1,150.125,-19.775,1998,"-19.775 150.125"
"4836",0.83,150.175,-20.325,1998,"-20.325 150.175"
"4837",1.54,150.225,-20.675,1998,"-20.675 150.225"
"4838",0.62,150.225,-20.025,1998,"-20.025 150.225"
"4839",1.12,150.225,-19.875,1998,"-19.875 150.225"
"4840",2.38,150.275,-22.225,1998,"-22.225 150.275"
"4841",0.96,150.275,-19.925,1998,"-19.925 150.275"
"4842",0.77,150.325,-20.125,1998,"-20.125 150.325"
"4843",1.83,150.375,-21.025,1998,"-21.025 150.375"
"4844",1.39,150.425,-21.075,1998,"-21.075 150.425"
"4845",1.97,150.425,-20.825,1998,"-20.825 150.425"
"4846",0.95,150.425,-20.125,1998,"-20.125 150.425"
"4847",1.4,150.425,-20.075,1998,"-20.075 150.425"
"4848",1.38,150.475,-21.125,1998,"-21.125 150.475"
"4849",1.54,150.475,-21.075,1998,"-21.075 150.475"
"4850",1.76,150.475,-20.775,1998,"-20.775 150.475"
"4851",1.75,150.475,-20.725,1998,"-20.725 150.475"
"4852",1.6,150.475,-20.675,1998,"-20.675 150.475"
"4853",1.44,150.475,-20.175,1998,"-20.175 150.475"
"4854",2.02,150.525,-20.975,1998,"-20.975 150.525"
"4855",1.61,150.525,-20.275,1998,"-20.275 150.525"
"4856",2.2,150.575,-20.525,1998,"-20.525 150.575"
"4857",1.9,150.575,-20.475,1998,"-20.475 150.575"
"4858",1.77,150.575,-20.325,1998,"-20.325 150.575"
"4859",1.92,150.575,-20.275,1998,"-20.275 150.575"
"4860",1.97,150.625,-21.175,1998,"-21.175 150.625"
"4861",2.08,150.625,-20.525,1998,"-20.525 150.625"
"4862",2.06,150.625,-20.475,1998,"-20.475 150.625"
"4863",1.77,150.625,-20.325,1998,"-20.325 150.625"
"4864",2.16,150.675,-21.175,1998,"-21.175 150.675"
"4865",1.98,150.675,-21.075,1998,"-21.075 150.675"
"4866",1.95,150.675,-20.525,1998,"-20.525 150.675"
"4867",1.79,150.675,-20.475,1998,"-20.475 150.675"
"4868",1.77,150.675,-20.425,1998,"-20.425 150.675"
"4869",3.95,150.725,-22.425,1998,"-22.425 150.725"
"4870",2.47,150.725,-21.325,1998,"-21.325 150.725"
"4871",1.79,150.725,-20.425,1998,"-20.425 150.725"
"4872",2.32,150.775,-20.625,1998,"-20.625 150.775"
"4873",1.82,150.775,-20.375,1998,"-20.375 150.775"
"4874",2.74,150.825,-21.075,1998,"-21.075 150.825"
"4875",2.36,150.825,-20.625,1998,"-20.625 150.825"
"4876",2.89,150.875,-21.375,1998,"-21.375 150.875"
"4877",2.82,150.875,-21.225,1998,"-21.225 150.875"
"4878",2.78,150.875,-21.175,1998,"-21.175 150.875"
"4879",2.39,150.875,-20.725,1998,"-20.725 150.875"
"4880",2.37,150.875,-20.675,1998,"-20.675 150.875"
"4881",2.94,150.925,-21.375,1998,"-21.375 150.925"
"4882",2.94,150.925,-21.025,1998,"-21.025 150.925"
"4883",2.39,150.925,-20.725,1998,"-20.725 150.925"
"4884",3.12,150.975,-21.375,1998,"-21.375 150.975"
"4885",2.34,150.975,-20.775,1998,"-20.775 150.975"
"4886",2.36,150.975,-20.725,1998,"-20.725 150.975"
"4887",2.96,151.025,-20.925,1998,"-20.925 151.025"
"4888",2.15,151.025,-20.725,1998,"-20.725 151.025"
"4889",1.9,151.075,-20.825,1998,"-20.825 151.075"
"4890",1.77,151.075,-20.775,1998,"-20.775 151.075"
"4891",1.8,151.075,-20.725,1998,"-20.725 151.075"
"4892",4.01,151.125,-21.375,1998,"-21.375 151.125"
"4893",1.72,151.125,-20.775,1998,"-20.775 151.125"
"4894",4.15,151.175,-21.325,1998,"-21.325 151.175"
"4895",1.23,151.175,-20.825,1998,"-20.825 151.175"
"4896",0.93,151.225,-20.875,1998,"-20.875 151.225"
"4897",1.06,151.225,-20.825,1998,"-20.825 151.225"
"4898",6.04,151.275,-23.525,1998,"-23.525 151.275"
"4899",4.05,151.275,-21.325,1998,"-21.325 151.275"
"4900",0.91,151.275,-20.875,1998,"-20.875 151.275"
"4901",4.03,151.325,-21.375,1998,"-21.375 151.325"
"4902",1.6,151.325,-21.025,1998,"-21.025 151.325"
"4903",0.94,151.325,-20.925,1998,"-20.925 151.325"
"4904",2.54,151.375,-21.625,1998,"-21.625 151.375"
"4905",3.18,151.375,-21.375,1998,"-21.375 151.375"
"4906",2.67,151.375,-21.175,1998,"-21.175 151.375"
"4907",1.7,151.375,-21.025,1998,"-21.025 151.375"
"4908",1.68,151.375,-20.975,1998,"-20.975 151.375"
"4909",1.51,151.375,-20.925,1998,"-20.925 151.375"
"4910",2.46,151.425,-21.525,1998,"-21.525 151.425"
"4911",1.54,151.425,-20.975,1998,"-20.975 151.425"
"4912",2.43,151.425,-20.925,1998,"-20.925 151.425"
"4913",2.47,151.475,-21.475,1998,"-21.475 151.475"
"4914",2.91,151.475,-21.375,1998,"-21.375 151.475"
"4915",2.7,151.475,-21.325,1998,"-21.325 151.475"
"4916",2.28,151.475,-20.975,1998,"-20.975 151.475"
"4917",1.72,151.525,-21.625,1998,"-21.625 151.525"
"4918",2.51,151.525,-21.275,1998,"-21.275 151.525"
"4919",1.71,151.525,-21.025,1998,"-21.025 151.525"
"4920",1.4,151.575,-21.725,1998,"-21.725 151.575"
"4921",1.4,151.575,-21.675,1998,"-21.675 151.575"
"4922",1.71,151.575,-21.625,1998,"-21.625 151.575"
"4923",2.24,151.575,-21.325,1998,"-21.325 151.575"
"4924",2.02,151.575,-21.275,1998,"-21.275 151.575"
"4925",1.22,151.575,-21.175,1998,"-21.175 151.575"
"4926",5.74,151.625,-23.675,1998,"-23.675 151.625"
"4927",1.24,151.625,-21.675,1998,"-21.675 151.625"
"4928",1.53,151.625,-21.625,1998,"-21.625 151.625"
"4929",1.85,151.625,-21.575,1998,"-21.575 151.625"
"4930",2.15,151.625,-21.425,1998,"-21.425 151.625"
"4931",1.8,151.675,-21.425,1998,"-21.425 151.675"
"4932",1.73,151.675,-21.375,1998,"-21.375 151.675"
"4933",1.52,151.675,-21.075,1998,"-21.075 151.675"
"4934",5.36,151.725,-23.525,1998,"-23.525 151.725"
"4935",2.58,151.725,-23.025,1998,"-23.025 151.725"
"4936",0.94,151.775,-21.775,1998,"-21.775 151.775"
"4937",1.2,151.775,-21.625,1998,"-21.625 151.775"
"4938",1.34,151.775,-21.575,1998,"-21.575 151.775"
"4939",1.46,151.775,-21.525,1998,"-21.525 151.775"
"4940",1.2,151.775,-21.125,1998,"-21.125 151.775"
"4941",3.78,151.825,-23.275,1998,"-23.275 151.825"
"4942",0.29,151.825,-21.175,1998,"-21.175 151.825"
"4943",5.44,151.875,-23.475,1998,"-23.475 151.875"
"4944",3.87,151.875,-23.275,1998,"-23.275 151.875"
"4945",3.58,151.925,-23.275,1998,"-23.275 151.925"
"4946",1.39,151.925,-21.525,1998,"-21.525 151.925"
"4947",3.96,151.975,-23.325,1998,"-23.325 151.975"
"4948",4.52,152.025,-23.425,1998,"-23.425 152.025"
"4949",1.02,152.025,-21.375,1998,"-21.375 152.025"
"4950",0.92,152.075,-21.925,1998,"-21.925 152.075"
"4951",2.05,152.125,-22.025,1998,"-22.025 152.125"
"4952",1.07,152.125,-21.925,1998,"-21.925 152.125"
"4953",0.9,152.125,-21.875,1998,"-21.875 152.125"
"4954",4.89,152.175,-23.625,1998,"-23.625 152.175"
"4955",2.24,152.175,-22.025,1998,"-22.025 152.175"
"4956",2.32,152.275,-22.025,1998,"-22.025 152.275"
"4957",1.08,152.325,-21.825,1998,"-21.825 152.325"
"4958",1.05,152.325,-21.675,1998,"-21.675 152.325"
"4959",2.67,152.375,-21.975,1998,"-21.975 152.375"
"4960",1.39,152.425,-21.825,1998,"-21.825 152.425"
"4961",1.23,152.425,-21.775,1998,"-21.775 152.425"
"4962",1.78,152.425,-21.225,1998,"-21.225 152.425"
"4963",2.51,152.475,-22.075,1998,"-22.075 152.475"
"4964",1.74,152.475,-21.125,1998,"-21.125 152.475"
"4965",2.09,152.525,-21.925,1998,"-21.925 152.525"
"4966",1.62,152.525,-21.875,1998,"-21.875 152.525"
"4967",1.58,152.525,-21.775,1998,"-21.775 152.525"
"4968",1.54,152.525,-21.725,1998,"-21.725 152.525"
"4969",1.31,152.525,-21.575,1998,"-21.575 152.525"
"4970",1.73,152.525,-21.225,1998,"-21.225 152.525"
"4971",1.33,152.525,-21.175,1998,"-21.175 152.525"
"4972",1.73,152.575,-21.325,1998,"-21.325 152.575"
"4973",1.92,152.575,-21.025,1998,"-21.025 152.575"
"4974",2.8,152.625,-22.125,1998,"-22.125 152.625"
"4975",1.69,152.625,-21.825,1998,"-21.825 152.625"
"4976",1.72,152.625,-21.175,1998,"-21.175 152.625"
"4977",1.6,152.625,-21.125,1998,"-21.125 152.625"
"4978",3.48,152.675,-22.375,1998,"-22.375 152.675"
"4979",2.92,152.675,-22.175,1998,"-22.175 152.675"
"4980",2.81,152.675,-22.075,1998,"-22.075 152.675"
"4981",3.33,152.725,-22.325,1998,"-22.325 152.725"
"4982",3.03,152.725,-22.275,1998,"-22.275 152.725"
"4983",1.82,152.775,-21.125,1998,"-21.125 152.775"
"4984",4.45,153.125,-24.375,1998,"-24.375 153.125"
