"","time","latitude","longitude","CRW_DHW","CRW_DHW_mask","CRW_SST","CRW_SSTANOMALY","CRW_SSTANOMALY_mask","time2","month","year","dhw","sst","gridID"
"10787","2015-05-07T12:00:00Z",-16.825,146.125,"1.21",0,"27.13","1.1300000000000001",0,2015-05-07,"05","2015",1.21,27.13,"-16.825 146.125"
"10789","2015-05-07T12:00:00Z",-16.825,146.225,"1.34",0,"27.12","1.02",0,2015-05-07,"05","2015",1.34,27.12,"-16.825 146.225"
"10829","2015-05-07T12:00:00Z",-16.875,146.175,"1.19",0,"27.14","1.11",0,2015-05-07,"05","2015",1.19,27.14,"-16.875 146.175"
"10830","2015-05-07T12:00:00Z",-16.875,146.225,"1.18",0,"27.150000000000002","1.07",0,2015-05-07,"05","2015",1.18,27.15,"-16.875 146.225"
"10871","2015-05-07T12:00:00Z",-16.925,146.225,"1.18",0,"27.17","1.1300000000000001",0,2015-05-07,"05","2015",1.18,27.17,"-16.925 146.225"
"10872","2015-05-07T12:00:00Z",-16.925,146.275,"1.18",0,"27.16","1.07",0,2015-05-07,"05","2015",1.18,27.16,"-16.925 146.275"
"10912","2015-05-07T12:00:00Z",-16.975,146.225,"1.17",0,"27.19","1.17",0,2015-05-07,"05","2015",1.17,27.19,"-16.975 146.225"
"22554","2015-05-14T12:00:00Z",-16.825,146.125,"1.21",0,"26.490000000000002","0.8",0,2015-05-14,"05","2015",1.21,26.49,"-16.825 146.125"
"22556","2015-05-14T12:00:00Z",-16.825,146.225,"1.34",0,"26.560000000000002","0.76",0,2015-05-14,"05","2015",1.34,26.56,"-16.825 146.225"
"22596","2015-05-14T12:00:00Z",-16.875,146.175,"1.19",0,"26.52","0.81",0,2015-05-14,"05","2015",1.19,26.52,"-16.875 146.175"
"22597","2015-05-14T12:00:00Z",-16.875,146.225,"1.18",0,"26.560000000000002","0.79",0,2015-05-14,"05","2015",1.18,26.56,"-16.875 146.225"
"22638","2015-05-14T12:00:00Z",-16.925,146.225,"1.18",0,"26.57","0.84",0,2015-05-14,"05","2015",1.18,26.57,"-16.925 146.225"
"22639","2015-05-14T12:00:00Z",-16.925,146.275,"1.18",0,"26.6","0.81",0,2015-05-14,"05","2015",1.18,26.6,"-16.925 146.275"
"22679","2015-05-14T12:00:00Z",-16.975,146.225,"1.17",0,"26.59","0.89",0,2015-05-14,"05","2015",1.17,26.59,"-16.975 146.225"
"34321","2015-05-21T12:00:00Z",-16.825,146.125,"0.67",0,"26.23","0.88",0,2015-05-21,"05","2015",0.67,26.23,"-16.825 146.125"
"34323","2015-05-21T12:00:00Z",-16.825,146.225,"0.84",0,"26.28","0.79",0,2015-05-21,"05","2015",0.84,26.28,"-16.825 146.225"
"34363","2015-05-21T12:00:00Z",-16.875,146.175,"0.66",0,"26.240000000000002","0.85",0,2015-05-21,"05","2015",0.66,26.24,"-16.875 146.175"
"34364","2015-05-21T12:00:00Z",-16.875,146.225,"0.68",0,"26.28","0.8300000000000001",0,2015-05-21,"05","2015",0.68,26.28,"-16.875 146.225"
"34405","2015-05-21T12:00:00Z",-16.925,146.225,"0.66",0,"26.27","0.86",0,2015-05-21,"05","2015",0.66,26.27,"-16.925 146.225"
"34406","2015-05-21T12:00:00Z",-16.925,146.275,"0.68",0,"26.32","0.84",0,2015-05-21,"05","2015",0.68,26.32,"-16.925 146.275"
"34446","2015-05-21T12:00:00Z",-16.975,146.225,"0.65",0,"26.27","0.89",0,2015-05-21,"05","2015",0.65,26.27,"-16.975 146.225"
"46088","2015-05-28T12:00:00Z",-16.825,146.125,"0.21",0,"25.09","0.07",0,2015-05-28,"05","2015",0.21,25.09,"-16.825 146.125"
"46090","2015-05-28T12:00:00Z",-16.825,146.225,"0.36",0,"25.25","0.08",0,2015-05-28,"05","2015",0.36,25.25,"-16.825 146.225"
"46130","2015-05-28T12:00:00Z",-16.875,146.175,"0.21",0,"25.16","0.1",0,2015-05-28,"05","2015",0.21,25.16,"-16.875 146.175"
"46131","2015-05-28T12:00:00Z",-16.875,146.225,"0.21",0,"25.240000000000002","0.11",0,2015-05-28,"05","2015",0.21,25.24,"-16.875 146.225"
"46172","2015-05-28T12:00:00Z",-16.925,146.225,"0.21",0,"25.23","0.15",0,2015-05-28,"05","2015",0.21,25.23,"-16.925 146.225"
"46173","2015-05-28T12:00:00Z",-16.925,146.275,"0.21",0,"25.3","0.14",0,2015-05-28,"05","2015",0.21,25.3,"-16.925 146.275"
"46213","2015-05-28T12:00:00Z",-16.975,146.225,"0.2",0,"25.21","0.17",0,2015-05-28,"05","2015",0.2,25.21,"-16.975 146.225"
"57855","2015-06-04T12:00:00Z",-16.825,146.125,"0.0",0,"25.52","0.8300000000000001",0,2015-06-04,"06","2015",0,25.52,"-16.825 146.125"
"57857","2015-06-04T12:00:00Z",-16.825,146.225,"0.0",0,"25.6","0.74",0,2015-06-04,"06","2015",0,25.6,"-16.825 146.225"
"57897","2015-06-04T12:00:00Z",-16.875,146.175,"0.0",0,"25.53","0.8",0,2015-06-04,"06","2015",0,25.53,"-16.875 146.175"
"57898","2015-06-04T12:00:00Z",-16.875,146.225,"0.0",0,"25.57","0.76",0,2015-06-04,"06","2015",0,25.57,"-16.875 146.225"
"57939","2015-06-04T12:00:00Z",-16.925,146.225,"0.0",0,"25.54","0.79",0,2015-06-04,"06","2015",0,25.54,"-16.925 146.225"
"57940","2015-06-04T12:00:00Z",-16.925,146.275,"0.0",0,"25.57","0.73",0,2015-06-04,"06","2015",0,25.57,"-16.925 146.275"
"57980","2015-06-04T12:00:00Z",-16.975,146.225,"0.0",0,"25.51","0.8",0,2015-06-04,"06","2015",0,25.51,"-16.975 146.225"
"69622","2015-06-11T12:00:00Z",-16.825,146.125,"0.0",0,"24.84","0.49",0,2015-06-11,"06","2015",0,24.84,"-16.825 146.125"
"69624","2015-06-11T12:00:00Z",-16.825,146.225,"0.0",0,"25.0","0.46",0,2015-06-11,"06","2015",0,25,"-16.825 146.225"
"69664","2015-06-11T12:00:00Z",-16.875,146.175,"0.0",0,"24.87","0.47000000000000003",0,2015-06-11,"06","2015",0,24.87,"-16.875 146.175"
"69665","2015-06-11T12:00:00Z",-16.875,146.225,"0.0",0,"24.95","0.47000000000000003",0,2015-06-11,"06","2015",0,24.95,"-16.875 146.225"
"69706","2015-06-11T12:00:00Z",-16.925,146.225,"0.0",0,"24.91","0.48",0,2015-06-11,"06","2015",0,24.91,"-16.925 146.225"
"69707","2015-06-11T12:00:00Z",-16.925,146.275,"0.0",0,"24.990000000000002","0.47000000000000003",0,2015-06-11,"06","2015",0,24.99,"-16.925 146.275"
"69747","2015-06-11T12:00:00Z",-16.975,146.225,"0.0",0,"24.86","0.48",0,2015-06-11,"06","2015",0,24.86,"-16.975 146.225"
"81389","2015-06-18T12:00:00Z",-16.825,146.125,"0.0",0,"25.09","0.99",0,2015-06-18,"06","2015",0,25.09,"-16.825 146.125"
"81391","2015-06-18T12:00:00Z",-16.825,146.225,"0.0",0,"25.16","0.86",0,2015-06-18,"06","2015",0,25.16,"-16.825 146.225"
"81431","2015-06-18T12:00:00Z",-16.875,146.175,"0.0",0,"25.11","0.96",0,2015-06-18,"06","2015",0,25.11,"-16.875 146.175"
"81432","2015-06-18T12:00:00Z",-16.875,146.225,"0.0",0,"25.13","0.89",0,2015-06-18,"06","2015",0,25.13,"-16.875 146.225"
"81473","2015-06-18T12:00:00Z",-16.925,146.225,"0.0",0,"25.1","0.92",0,2015-06-18,"06","2015",0,25.1,"-16.925 146.225"
"81474","2015-06-18T12:00:00Z",-16.925,146.275,"0.0",0,"25.11","0.8300000000000001",0,2015-06-18,"06","2015",0,25.11,"-16.925 146.275"
"81514","2015-06-18T12:00:00Z",-16.975,146.225,"0.0",0,"25.07","0.9400000000000001",0,2015-06-18,"06","2015",0,25.07,"-16.975 146.225"
"93156","2015-06-25T12:00:00Z",-16.825,146.125,"0.0",0,"24.59","0.63",0,2015-06-25,"06","2015",0,24.59,"-16.825 146.125"
"93158","2015-06-25T12:00:00Z",-16.825,146.225,"0.0",0,"24.78","0.61",0,2015-06-25,"06","2015",0,24.78,"-16.825 146.225"
"93198","2015-06-25T12:00:00Z",-16.875,146.175,"0.0",0,"24.57","0.56",0,2015-06-25,"06","2015",0,24.57,"-16.875 146.175"
"93199","2015-06-25T12:00:00Z",-16.875,146.225,"0.0",0,"24.66","0.55",0,2015-06-25,"06","2015",0,24.66,"-16.875 146.225"
"93240","2015-06-25T12:00:00Z",-16.925,146.225,"0.0",0,"24.54","0.5",0,2015-06-25,"06","2015",0,24.54,"-16.925 146.225"
"93241","2015-06-25T12:00:00Z",-16.925,146.275,"0.0",0,"24.62","0.48",0,2015-06-25,"06","2015",0,24.62,"-16.925 146.275"
"93281","2015-06-25T12:00:00Z",-16.975,146.225,"0.0",0,"24.43","0.45",0,2015-06-25,"06","2015",0,24.43,"-16.975 146.225"
"104923","2015-07-02T12:00:00Z",-16.825,146.125,"0.0",0,"24.32","0.5",0,2015-07-02,"07","2015",0,24.32,"-16.825 146.125"
"104925","2015-07-02T12:00:00Z",-16.825,146.225,"0.0",0,"24.69","0.65",0,2015-07-02,"07","2015",0,24.69,"-16.825 146.225"
"104965","2015-07-02T12:00:00Z",-16.875,146.175,"0.0",0,"24.490000000000002","0.63",0,2015-07-02,"07","2015",0,24.49,"-16.875 146.175"
"104966","2015-07-02T12:00:00Z",-16.875,146.225,"0.0",0,"24.68","0.71",0,2015-07-02,"07","2015",0,24.68,"-16.875 146.225"
"105007","2015-07-02T12:00:00Z",-16.925,146.225,"0.0",0,"24.66","0.77",0,2015-07-02,"07","2015",0,24.66,"-16.925 146.225"
"105008","2015-07-02T12:00:00Z",-16.925,146.275,"0.0",0,"24.84","0.84",0,2015-07-02,"07","2015",0,24.84,"-16.925 146.275"
"105048","2015-07-02T12:00:00Z",-16.975,146.225,"0.0",0,"24.64","0.81",0,2015-07-02,"07","2015",0,24.64,"-16.975 146.225"
"116690","2015-07-09T12:00:00Z",-16.825,146.125,"0.0",0,"24.46","0.78",0,2015-07-09,"07","2015",0,24.46,"-16.825 146.125"
"116692","2015-07-09T12:00:00Z",-16.825,146.225,"0.0",0,"24.64","0.73",0,2015-07-09,"07","2015",0,24.64,"-16.825 146.225"
"116732","2015-07-09T12:00:00Z",-16.875,146.175,"0.0",0,"24.5","0.78",0,2015-07-09,"07","2015",0,24.5,"-16.875 146.175"
"116733","2015-07-09T12:00:00Z",-16.875,146.225,"0.0",0,"24.580000000000002","0.74",0,2015-07-09,"07","2015",0,24.58,"-16.875 146.225"
"116774","2015-07-09T12:00:00Z",-16.925,146.225,"0.0",0,"24.52","0.77",0,2015-07-09,"07","2015",0,24.52,"-16.925 146.225"
"116775","2015-07-09T12:00:00Z",-16.925,146.275,"0.0",0,"24.59","0.73",0,2015-07-09,"07","2015",0,24.59,"-16.925 146.275"
"116815","2015-07-09T12:00:00Z",-16.975,146.225,"0.0",0,"24.47","0.78",0,2015-07-09,"07","2015",0,24.47,"-16.975 146.225"
"128457","2015-07-16T12:00:00Z",-16.825,146.125,"0.0",0,"24.17","0.61",0,2015-07-16,"07","2015",0,24.17,"-16.825 146.125"
"128459","2015-07-16T12:00:00Z",-16.825,146.225,"0.0",0,"24.32","0.52",0,2015-07-16,"07","2015",0,24.32,"-16.825 146.225"
"128499","2015-07-16T12:00:00Z",-16.875,146.175,"0.0",0,"24.11","0.51",0,2015-07-16,"07","2015",0,24.11,"-16.875 146.175"
"128500","2015-07-16T12:00:00Z",-16.875,146.225,"0.0",0,"24.19","0.47000000000000003",0,2015-07-16,"07","2015",0,24.19,"-16.875 146.225"
"128541","2015-07-16T12:00:00Z",-16.925,146.225,"0.0",0,"24.05","0.42",0,2015-07-16,"07","2015",0,24.05,"-16.925 146.225"
"128542","2015-07-16T12:00:00Z",-16.925,146.275,"0.0",0,"24.14","0.4",0,2015-07-16,"07","2015",0,24.14,"-16.925 146.275"
"128582","2015-07-16T12:00:00Z",-16.975,146.225,"0.0",0,"23.94","0.38",0,2015-07-16,"07","2015",0,23.94,"-16.975 146.225"
"140224","2015-07-23T12:00:00Z",-16.825,146.125,"0.0",0,"24.0","0.41000000000000003",0,2015-07-23,"07","2015",0,24,"-16.825 146.125"
"140226","2015-07-23T12:00:00Z",-16.825,146.225,"0.0",0,"24.2","0.39",0,2015-07-23,"07","2015",0,24.2,"-16.825 146.225"
"140266","2015-07-23T12:00:00Z",-16.875,146.175,"0.0",0,"24.02","0.39",0,2015-07-23,"07","2015",0,24.02,"-16.875 146.175"
"140267","2015-07-23T12:00:00Z",-16.875,146.225,"0.0",0,"24.12","0.38",0,2015-07-23,"07","2015",0,24.12,"-16.875 146.225"
"140308","2015-07-23T12:00:00Z",-16.925,146.225,"0.0",0,"24.05","0.4",0,2015-07-23,"07","2015",0,24.05,"-16.925 146.225"
"140309","2015-07-23T12:00:00Z",-16.925,146.275,"0.0",0,"24.150000000000002","0.39",0,2015-07-23,"07","2015",0,24.15,"-16.925 146.275"
"140349","2015-07-23T12:00:00Z",-16.975,146.225,"0.0",0,"23.96","0.38",0,2015-07-23,"07","2015",0,23.96,"-16.975 146.225"
"151991","2015-07-30T12:00:00Z",-16.825,146.125,"0.0",0,"24.11","0.5",0,2015-07-30,"07","2015",0,24.11,"-16.825 146.125"
"151993","2015-07-30T12:00:00Z",-16.825,146.225,"0.0",0,"24.310000000000002","0.49",0,2015-07-30,"07","2015",0,24.31,"-16.825 146.225"
"152033","2015-07-30T12:00:00Z",-16.875,146.175,"0.0",0,"24.150000000000002","0.5",0,2015-07-30,"07","2015",0,24.15,"-16.875 146.175"
"152034","2015-07-30T12:00:00Z",-16.875,146.225,"0.0",0,"24.240000000000002","0.49",0,2015-07-30,"07","2015",0,24.24,"-16.875 146.225"
"152075","2015-07-30T12:00:00Z",-16.925,146.225,"0.0",0,"24.17","0.5",0,2015-07-30,"07","2015",0,24.17,"-16.925 146.225"
"152076","2015-07-30T12:00:00Z",-16.925,146.275,"0.0",0,"24.26","0.49",0,2015-07-30,"07","2015",0,24.26,"-16.925 146.275"
"152116","2015-07-30T12:00:00Z",-16.975,146.225,"0.0",0,"24.11","0.51",0,2015-07-30,"07","2015",0,24.11,"-16.975 146.225"
"163758","2015-08-06T12:00:00Z",-16.825,146.125,"0.0",0,"24.02","0.38",0,2015-08-06,"08","2015",0,24.02,"-16.825 146.125"
"163760","2015-08-06T12:00:00Z",-16.825,146.225,"0.0",0,"24.19","0.35000000000000003",0,2015-08-06,"08","2015",0,24.19,"-16.825 146.225"
"163800","2015-08-06T12:00:00Z",-16.875,146.175,"0.0",0,"23.990000000000002","0.32",0,2015-08-06,"08","2015",0,23.99,"-16.875 146.175"
"163801","2015-08-06T12:00:00Z",-16.875,146.225,"0.0",0,"24.09","0.32",0,2015-08-06,"08","2015",0,24.09,"-16.875 146.225"
"163842","2015-08-06T12:00:00Z",-16.925,146.225,"0.0",0,"23.98","0.29",0,2015-08-06,"08","2015",0,23.98,"-16.925 146.225"
"163843","2015-08-06T12:00:00Z",-16.925,146.275,"0.0",0,"24.1","0.32",0,2015-08-06,"08","2015",0,24.1,"-16.925 146.275"
"163883","2015-08-06T12:00:00Z",-16.975,146.225,"0.0",0,"23.900000000000002","0.28",0,2015-08-06,"08","2015",0,23.9,"-16.975 146.225"
"175525","2015-08-13T12:00:00Z",-16.825,146.125,"0.0",0,"24.21","0.55",0,2015-08-13,"08","2015",0,24.21,"-16.825 146.125"
"175527","2015-08-13T12:00:00Z",-16.825,146.225,"0.0",0,"24.46","0.61",0,2015-08-13,"08","2015",0,24.46,"-16.825 146.225"
"175567","2015-08-13T12:00:00Z",-16.875,146.175,"0.0",0,"24.25","0.56",0,2015-08-13,"08","2015",0,24.25,"-16.875 146.175"
"175568","2015-08-13T12:00:00Z",-16.875,146.225,"0.0",0,"24.35","0.56",0,2015-08-13,"08","2015",0,24.35,"-16.875 146.225"
"175609","2015-08-13T12:00:00Z",-16.925,146.225,"0.0",0,"24.22","0.51",0,2015-08-13,"08","2015",0,24.22,"-16.925 146.225"
"175610","2015-08-13T12:00:00Z",-16.925,146.275,"0.0",0,"24.3","0.5",0,2015-08-13,"08","2015",0,24.3,"-16.925 146.275"
"175650","2015-08-13T12:00:00Z",-16.975,146.225,"0.0",0,"24.09","0.45",0,2015-08-13,"08","2015",0,24.09,"-16.975 146.225"
"187292","2015-08-20T12:00:00Z",-16.825,146.125,"0.0",0,"23.650000000000002","-0.14",0,2015-08-20,"08","2015",0,23.65,"-16.825 146.125"
"187294","2015-08-20T12:00:00Z",-16.825,146.225,"0.0",0,"23.82","-0.13",0,2015-08-20,"08","2015",0,23.82,"-16.825 146.225"
"187334","2015-08-20T12:00:00Z",-16.875,146.175,"0.0",0,"23.67","-0.15",0,2015-08-20,"08","2015",0,23.67,"-16.875 146.175"
"187335","2015-08-20T12:00:00Z",-16.875,146.225,"0.0",0,"23.76","-0.14",0,2015-08-20,"08","2015",0,23.76,"-16.875 146.225"
"187376","2015-08-20T12:00:00Z",-16.925,146.225,"0.0",0,"23.68","-0.15",0,2015-08-20,"08","2015",0,23.68,"-16.925 146.225"
"187377","2015-08-20T12:00:00Z",-16.925,146.275,"0.0",0,"23.740000000000002","-0.17",0,2015-08-20,"08","2015",0,23.74,"-16.925 146.275"
"187417","2015-08-20T12:00:00Z",-16.975,146.225,"0.0",0,"23.59","-0.18",0,2015-08-20,"08","2015",0,23.59,"-16.975 146.225"
"199059","2015-08-27T12:00:00Z",-16.825,146.125,"0.0",0,"24.72","0.76",0,2015-08-27,"08","2015",0,24.72,"-16.825 146.125"
"199061","2015-08-27T12:00:00Z",-16.825,146.225,"0.0",0,"24.87","0.78",0,2015-08-27,"08","2015",0,24.87,"-16.825 146.225"
"199101","2015-08-27T12:00:00Z",-16.875,146.175,"0.0",0,"24.76","0.78",0,2015-08-27,"08","2015",0,24.76,"-16.875 146.175"
"199102","2015-08-27T12:00:00Z",-16.875,146.225,"0.0",0,"24.830000000000002","0.78",0,2015-08-27,"08","2015",0,24.83,"-16.875 146.225"
"199143","2015-08-27T12:00:00Z",-16.925,146.225,"0.0",0,"24.79","0.8",0,2015-08-27,"08","2015",0,24.79,"-16.925 146.225"
"199144","2015-08-27T12:00:00Z",-16.925,146.275,"0.0",0,"24.84","0.78",0,2015-08-27,"08","2015",0,24.84,"-16.925 146.275"
"199184","2015-08-27T12:00:00Z",-16.975,146.225,"0.0",0,"24.76","0.8200000000000001",0,2015-08-27,"08","2015",0,24.76,"-16.975 146.225"
"210826","2015-09-03T12:00:00Z",-16.825,146.125,"0.0",0,"25.17","1.04",0,2015-09-03,"09","2015",0,25.17,"-16.825 146.125"
"210828","2015-09-03T12:00:00Z",-16.825,146.225,"0.0",0,"25.17","0.93",0,2015-09-03,"09","2015",0,25.17,"-16.825 146.225"
"210868","2015-09-03T12:00:00Z",-16.875,146.175,"0.0",0,"25.150000000000002","1.0",0,2015-09-03,"09","2015",0,25.15,"-16.875 146.175"
"210869","2015-09-03T12:00:00Z",-16.875,146.225,"0.0",0,"25.16","0.96",0,2015-09-03,"09","2015",0,25.16,"-16.875 146.225"
"210910","2015-09-03T12:00:00Z",-16.925,146.225,"0.0",0,"25.150000000000002","0.99",0,2015-09-03,"09","2015",0,25.15,"-16.925 146.225"
"210911","2015-09-03T12:00:00Z",-16.925,146.275,"0.0",0,"25.14","0.9400000000000001",0,2015-09-03,"09","2015",0,25.14,"-16.925 146.275"
"210951","2015-09-03T12:00:00Z",-16.975,146.225,"0.0",0,"25.150000000000002","1.03",0,2015-09-03,"09","2015",0,25.15,"-16.975 146.225"
"222593","2015-09-10T12:00:00Z",-16.825,146.125,"0.0",0,"24.84","0.54",0,2015-09-10,"09","2015",0,24.84,"-16.825 146.125"
"222595","2015-09-10T12:00:00Z",-16.825,146.225,"0.0",0,"24.87","0.49",0,2015-09-10,"09","2015",0,24.87,"-16.825 146.225"
"222635","2015-09-10T12:00:00Z",-16.875,146.175,"0.0",0,"24.830000000000002","0.52",0,2015-09-10,"09","2015",0,24.83,"-16.875 146.175"
"222636","2015-09-10T12:00:00Z",-16.875,146.225,"0.0",0,"24.85","0.5",0,2015-09-10,"09","2015",0,24.85,"-16.875 146.225"
"222677","2015-09-10T12:00:00Z",-16.925,146.225,"0.0",0,"24.82","0.5",0,2015-09-10,"09","2015",0,24.82,"-16.925 146.225"
"222678","2015-09-10T12:00:00Z",-16.925,146.275,"0.0",0,"24.84","0.49",0,2015-09-10,"09","2015",0,24.84,"-16.925 146.275"
"222718","2015-09-10T12:00:00Z",-16.975,146.225,"0.0",0,"24.8","0.51",0,2015-09-10,"09","2015",0,24.8,"-16.975 146.225"
"234360","2015-09-17T12:00:00Z",-16.825,146.125,"0.0",0,"25.05","0.54",0,2015-09-17,"09","2015",0,25.05,"-16.825 146.125"
"234362","2015-09-17T12:00:00Z",-16.825,146.225,"0.0",0,"25.16","0.6",0,2015-09-17,"09","2015",0,25.16,"-16.825 146.225"
"234402","2015-09-17T12:00:00Z",-16.875,146.175,"0.0",0,"25.07","0.56",0,2015-09-17,"09","2015",0,25.07,"-16.875 146.175"
"234403","2015-09-17T12:00:00Z",-16.875,146.225,"0.0",0,"25.12","0.58",0,2015-09-17,"09","2015",0,25.12,"-16.875 146.225"
"234444","2015-09-17T12:00:00Z",-16.925,146.225,"0.0",0,"25.060000000000002","0.55",0,2015-09-17,"09","2015",0,25.06,"-16.925 146.225"
"234445","2015-09-17T12:00:00Z",-16.925,146.275,"0.0",0,"25.1","0.56",0,2015-09-17,"09","2015",0,25.1,"-16.925 146.275"
"234485","2015-09-17T12:00:00Z",-16.975,146.225,"0.0",0,"24.98","0.49",0,2015-09-17,"09","2015",0,24.98,"-16.975 146.225"
"246127","2015-09-24T12:00:00Z",-16.825,146.125,"0.0",0,"25.16","0.35000000000000003",0,2015-09-24,"09","2015",0,25.16,"-16.825 146.125"
"246129","2015-09-24T12:00:00Z",-16.825,146.225,"0.0",0,"25.150000000000002","0.31",0,2015-09-24,"09","2015",0,25.15,"-16.825 146.225"
"246169","2015-09-24T12:00:00Z",-16.875,146.175,"0.0",0,"25.16","0.35000000000000003",0,2015-09-24,"09","2015",0,25.16,"-16.875 146.175"
"246170","2015-09-24T12:00:00Z",-16.875,146.225,"0.0",0,"25.150000000000002","0.33",0,2015-09-24,"09","2015",0,25.15,"-16.875 146.225"
"246211","2015-09-24T12:00:00Z",-16.925,146.225,"0.0",0,"25.14","0.34",0,2015-09-24,"09","2015",0,25.14,"-16.925 146.225"
"246212","2015-09-24T12:00:00Z",-16.925,146.275,"0.0",0,"25.13","0.31",0,2015-09-24,"09","2015",0,25.13,"-16.925 146.275"
"246252","2015-09-24T12:00:00Z",-16.975,146.225,"0.0",0,"25.13","0.34",0,2015-09-24,"09","2015",0,25.13,"-16.975 146.225"
"257894","2015-10-01T12:00:00Z",-16.825,146.125,"0.0",0,"24.97","-0.14",0,2015-10-01,"10","2015",0,24.97,"-16.825 146.125"
"257896","2015-10-01T12:00:00Z",-16.825,146.225,"0.0",0,"25.0","-0.11",0,2015-10-01,"10","2015",0,25,"-16.825 146.225"
"257936","2015-10-01T12:00:00Z",-16.875,146.175,"0.0",0,"25.0","-0.1",0,2015-10-01,"10","2015",0,25,"-16.875 146.175"
"257937","2015-10-01T12:00:00Z",-16.875,146.225,"0.0",0,"25.0","-0.11",0,2015-10-01,"10","2015",0,25,"-16.875 146.225"
"257978","2015-10-01T12:00:00Z",-16.925,146.225,"0.0",0,"25.01","-0.08",0,2015-10-01,"10","2015",0,25.01,"-16.925 146.225"
"257979","2015-10-01T12:00:00Z",-16.925,146.275,"0.0",0,"25.0","-0.1",0,2015-10-01,"10","2015",0,25,"-16.925 146.275"
"258019","2015-10-01T12:00:00Z",-16.975,146.225,"0.0",0,"25.02","-0.06",0,2015-10-01,"10","2015",0,25.02,"-16.975 146.225"
"269661","2015-10-08T12:00:00Z",-16.825,146.125,"0.0",0,"24.78","-0.63",0,2015-10-08,"10","2015",0,24.78,"-16.825 146.125"
"269663","2015-10-08T12:00:00Z",-16.825,146.225,"0.0",0,"24.650000000000002","-0.74",0,2015-10-08,"10","2015",0,24.65,"-16.825 146.225"
"269703","2015-10-08T12:00:00Z",-16.875,146.175,"0.0",0,"24.71","-0.6900000000000001",0,2015-10-08,"10","2015",0,24.71,"-16.875 146.175"
"269704","2015-10-08T12:00:00Z",-16.875,146.225,"0.0",0,"24.67","-0.72",0,2015-10-08,"10","2015",0,24.67,"-16.875 146.225"
"269745","2015-10-08T12:00:00Z",-16.925,146.225,"0.0",0,"24.7","-0.68",0,2015-10-08,"10","2015",0,24.7,"-16.925 146.225"
"269746","2015-10-08T12:00:00Z",-16.925,146.275,"0.0",0,"24.68","-0.7000000000000001",0,2015-10-08,"10","2015",0,24.68,"-16.925 146.275"
"269786","2015-10-08T12:00:00Z",-16.975,146.225,"0.0",0,"24.76","-0.62",0,2015-10-08,"10","2015",0,24.76,"-16.975 146.225"
"281428","2015-10-15T12:00:00Z",-16.825,146.125,"0.0",0,"24.92","-0.79",0,2015-10-15,"10","2015",0,24.92,"-16.825 146.125"
"281430","2015-10-15T12:00:00Z",-16.825,146.225,"0.0",0,"24.91","-0.76",0,2015-10-15,"10","2015",0,24.91,"-16.825 146.225"
"281470","2015-10-15T12:00:00Z",-16.875,146.175,"0.0",0,"24.95","-0.74",0,2015-10-15,"10","2015",0,24.95,"-16.875 146.175"
"281471","2015-10-15T12:00:00Z",-16.875,146.225,"0.0",0,"24.94","-0.73",0,2015-10-15,"10","2015",0,24.94,"-16.875 146.225"
"281512","2015-10-15T12:00:00Z",-16.925,146.225,"0.0",0,"24.97","-0.7000000000000001",0,2015-10-15,"10","2015",0,24.97,"-16.925 146.225"
"281513","2015-10-15T12:00:00Z",-16.925,146.275,"0.0",0,"24.95","-0.71",0,2015-10-15,"10","2015",0,24.95,"-16.925 146.275"
"281553","2015-10-15T12:00:00Z",-16.975,146.225,"0.0",0,"25.0","-0.67",0,2015-10-15,"10","2015",0,25,"-16.975 146.225"
"293195","2015-10-22T12:00:00Z",-16.825,146.125,"0.0",0,"25.54","-0.49",0,2015-10-22,"10","2015",0,25.54,"-16.825 146.125"
"293197","2015-10-22T12:00:00Z",-16.825,146.225,"0.0",0,"25.490000000000002","-0.49",0,2015-10-22,"10","2015",0,25.49,"-16.825 146.225"
"293237","2015-10-22T12:00:00Z",-16.875,146.175,"0.0",0,"25.53","-0.47000000000000003",0,2015-10-22,"10","2015",0,25.53,"-16.875 146.175"
"293238","2015-10-22T12:00:00Z",-16.875,146.225,"0.0",0,"25.51","-0.47000000000000003",0,2015-10-22,"10","2015",0,25.51,"-16.875 146.225"
"293279","2015-10-22T12:00:00Z",-16.925,146.225,"0.0",0,"25.53","-0.46",0,2015-10-22,"10","2015",0,25.53,"-16.925 146.225"
"293280","2015-10-22T12:00:00Z",-16.925,146.275,"0.0",0,"25.51","-0.46",0,2015-10-22,"10","2015",0,25.51,"-16.925 146.275"
"293320","2015-10-22T12:00:00Z",-16.975,146.225,"0.0",0,"25.560000000000002","-0.43",0,2015-10-22,"10","2015",0,25.56,"-16.975 146.225"
"304962","2015-10-29T12:00:00Z",-16.825,146.125,"0.0",0,"26.14","-0.2",0,2015-10-29,"10","2015",0,26.14,"-16.825 146.125"
"304964","2015-10-29T12:00:00Z",-16.825,146.225,"0.0",0,"26.11","-0.17",0,2015-10-29,"10","2015",0,26.11,"-16.825 146.225"
"305004","2015-10-29T12:00:00Z",-16.875,146.175,"0.0",0,"26.13","-0.19",0,2015-10-29,"10","2015",0,26.13,"-16.875 146.175"
"305005","2015-10-29T12:00:00Z",-16.875,146.225,"0.0",0,"26.11","-0.18",0,2015-10-29,"10","2015",0,26.11,"-16.875 146.225"
"305046","2015-10-29T12:00:00Z",-16.925,146.225,"0.0",0,"26.12","-0.18",0,2015-10-29,"10","2015",0,26.12,"-16.925 146.225"
"305047","2015-10-29T12:00:00Z",-16.925,146.275,"0.0",0,"26.1","-0.18",0,2015-10-29,"10","2015",0,26.1,"-16.925 146.275"
"305087","2015-10-29T12:00:00Z",-16.975,146.225,"0.0",0,"26.13","-0.18",0,2015-10-29,"10","2015",0,26.13,"-16.975 146.225"
"316729","2015-11-05T12:00:00Z",-16.825,146.125,"0.0",0,"26.240000000000002","-0.42",0,2015-11-05,"11","2015",0,26.24,"-16.825 146.125"
"316731","2015-11-05T12:00:00Z",-16.825,146.225,"0.0",0,"26.240000000000002","-0.35000000000000003",0,2015-11-05,"11","2015",0,26.24,"-16.825 146.225"
"316771","2015-11-05T12:00:00Z",-16.875,146.175,"0.0",0,"26.23","-0.4",0,2015-11-05,"11","2015",0,26.23,"-16.875 146.175"
"316772","2015-11-05T12:00:00Z",-16.875,146.225,"0.0",0,"26.23","-0.37",0,2015-11-05,"11","2015",0,26.23,"-16.875 146.225"
"316813","2015-11-05T12:00:00Z",-16.925,146.225,"0.0",0,"26.22","-0.4",0,2015-11-05,"11","2015",0,26.22,"-16.925 146.225"
"316814","2015-11-05T12:00:00Z",-16.925,146.275,"0.0",0,"26.22","-0.37",0,2015-11-05,"11","2015",0,26.22,"-16.925 146.275"
"316854","2015-11-05T12:00:00Z",-16.975,146.225,"0.0",0,"26.22","-0.41000000000000003",0,2015-11-05,"11","2015",0,26.22,"-16.975 146.225"
"328496","2015-11-12T12:00:00Z",-16.825,146.125,"0.0",0,"27.02","0.05",0,2015-11-12,"11","2015",0,27.02,"-16.825 146.125"
"328498","2015-11-12T12:00:00Z",-16.825,146.225,"0.0",0,"27.03","0.13",0,2015-11-12,"11","2015",0,27.03,"-16.825 146.225"
"328538","2015-11-12T12:00:00Z",-16.875,146.175,"0.0",0,"27.02","0.07",0,2015-11-12,"11","2015",0,27.02,"-16.875 146.175"
"328539","2015-11-12T12:00:00Z",-16.875,146.225,"0.0",0,"27.02","0.1",0,2015-11-12,"11","2015",0,27.02,"-16.875 146.225"
"328580","2015-11-12T12:00:00Z",-16.925,146.225,"0.0",0,"27.01","0.08",0,2015-11-12,"11","2015",0,27.01,"-16.925 146.225"
"328581","2015-11-12T12:00:00Z",-16.925,146.275,"0.0",0,"27.01","0.1",0,2015-11-12,"11","2015",0,27.01,"-16.925 146.275"
"328621","2015-11-12T12:00:00Z",-16.975,146.225,"0.0",0,"27.01","0.06",0,2015-11-12,"11","2015",0,27.01,"-16.975 146.225"
"340263","2015-11-19T12:00:00Z",-16.825,146.125,"0.0",0,"27.35","0.14",0,2015-11-19,"11","2015",0,27.35,"-16.825 146.125"
"340265","2015-11-19T12:00:00Z",-16.825,146.225,"0.0",0,"27.32","0.18",0,2015-11-19,"11","2015",0,27.32,"-16.825 146.225"
"340305","2015-11-19T12:00:00Z",-16.875,146.175,"0.0",0,"27.36","0.18",0,2015-11-19,"11","2015",0,27.36,"-16.875 146.175"
"340306","2015-11-19T12:00:00Z",-16.875,146.225,"0.0",0,"27.34","0.19",0,2015-11-19,"11","2015",0,27.34,"-16.875 146.225"
"340347","2015-11-19T12:00:00Z",-16.925,146.225,"0.0",0,"27.36","0.19",0,2015-11-19,"11","2015",0,27.36,"-16.925 146.225"
"340348","2015-11-19T12:00:00Z",-16.925,146.275,"0.0",0,"27.330000000000002","0.19",0,2015-11-19,"11","2015",0,27.33,"-16.925 146.275"
"340388","2015-11-19T12:00:00Z",-16.975,146.225,"0.0",0,"27.38","0.19",0,2015-11-19,"11","2015",0,27.38,"-16.975 146.225"
"352030","2015-11-26T12:00:00Z",-16.825,146.125,"0.0",0,"27.44","0.06",0,2015-11-26,"11","2015",0,27.44,"-16.825 146.125"
"352032","2015-11-26T12:00:00Z",-16.825,146.225,"0.0",0,"27.43","0.11",0,2015-11-26,"11","2015",0,27.43,"-16.825 146.225"
"352072","2015-11-26T12:00:00Z",-16.875,146.175,"0.0",0,"27.46","0.1",0,2015-11-26,"11","2015",0,27.46,"-16.875 146.175"
"352073","2015-11-26T12:00:00Z",-16.875,146.225,"0.0",0,"27.47","0.13",0,2015-11-26,"11","2015",0,27.47,"-16.875 146.225"
"352114","2015-11-26T12:00:00Z",-16.925,146.225,"0.0",0,"27.52","0.17",0,2015-11-26,"11","2015",0,27.52,"-16.925 146.225"
"352115","2015-11-26T12:00:00Z",-16.925,146.275,"0.0",0,"27.55","0.22",0,2015-11-26,"11","2015",0,27.55,"-16.925 146.275"
"352155","2015-11-26T12:00:00Z",-16.975,146.225,"0.0",0,"27.6","0.24",0,2015-11-26,"11","2015",0,27.6,"-16.975 146.225"
"363797","2015-12-03T12:00:00Z",-16.825,146.125,"0.0",0,"27.7","0.14",0,2015-12-03,"12","2015",0,27.7,"-16.825 146.125"
"363799","2015-12-03T12:00:00Z",-16.825,146.225,"0.0",0,"27.66","0.15",0,2015-12-03,"12","2015",0,27.66,"-16.825 146.225"
"363839","2015-12-03T12:00:00Z",-16.875,146.175,"0.0",0,"27.67","0.13",0,2015-12-03,"12","2015",0,27.67,"-16.875 146.175"
"363840","2015-12-03T12:00:00Z",-16.875,146.225,"0.0",0,"27.66","0.14",0,2015-12-03,"12","2015",0,27.66,"-16.875 146.225"
"363881","2015-12-03T12:00:00Z",-16.925,146.225,"0.0",0,"27.66","0.13",0,2015-12-03,"12","2015",0,27.66,"-16.925 146.225"
"363882","2015-12-03T12:00:00Z",-16.925,146.275,"0.0",0,"27.66","0.15",0,2015-12-03,"12","2015",0,27.66,"-16.925 146.275"
"363922","2015-12-03T12:00:00Z",-16.975,146.225,"0.0",0,"27.67","0.14",0,2015-12-03,"12","2015",0,27.67,"-16.975 146.225"
"375564","2015-12-10T12:00:00Z",-16.825,146.125,"0.0",0,"27.650000000000002","-0.08",0,2015-12-10,"12","2015",0,27.65,"-16.825 146.125"
"375566","2015-12-10T12:00:00Z",-16.825,146.225,"0.0",0,"27.6","-0.1",0,2015-12-10,"12","2015",0,27.6,"-16.825 146.225"
"375606","2015-12-10T12:00:00Z",-16.875,146.175,"0.0",0,"27.59","-0.12",0,2015-12-10,"12","2015",0,27.59,"-16.875 146.175"
"375607","2015-12-10T12:00:00Z",-16.875,146.225,"0.0",0,"27.59","-0.11",0,2015-12-10,"12","2015",0,27.59,"-16.875 146.225"
"375648","2015-12-10T12:00:00Z",-16.925,146.225,"0.0",0,"27.6","-0.1",0,2015-12-10,"12","2015",0,27.6,"-16.925 146.225"
"375649","2015-12-10T12:00:00Z",-16.925,146.275,"0.0",0,"27.6","-0.09",0,2015-12-10,"12","2015",0,27.6,"-16.925 146.275"
"375689","2015-12-10T12:00:00Z",-16.975,146.225,"0.0",0,"27.650000000000002","-0.06",0,2015-12-10,"12","2015",0,27.65,"-16.975 146.225"
"387331","2015-12-17T12:00:00Z",-16.825,146.125,"0.0",0,"28.3","0.4",0,2015-12-17,"12","2015",0,28.3,"-16.825 146.125"
"387333","2015-12-17T12:00:00Z",-16.825,146.225,"0.0",0,"28.240000000000002","0.37",0,2015-12-17,"12","2015",0,28.24,"-16.825 146.225"
"387373","2015-12-17T12:00:00Z",-16.875,146.175,"0.0",0,"28.26","0.38",0,2015-12-17,"12","2015",0,28.26,"-16.875 146.175"
"387374","2015-12-17T12:00:00Z",-16.875,146.225,"0.0",0,"28.23","0.36",0,2015-12-17,"12","2015",0,28.23,"-16.875 146.225"
"387415","2015-12-17T12:00:00Z",-16.925,146.225,"0.0",0,"28.23","0.35000000000000003",0,2015-12-17,"12","2015",0,28.23,"-16.925 146.225"
"387416","2015-12-17T12:00:00Z",-16.925,146.275,"0.0",0,"28.21","0.35000000000000003",0,2015-12-17,"12","2015",0,28.21,"-16.925 146.275"
"387456","2015-12-17T12:00:00Z",-16.975,146.225,"0.0",0,"28.23","0.35000000000000003",0,2015-12-17,"12","2015",0,28.23,"-16.975 146.225"
"399098","2015-12-24T12:00:00Z",-16.825,146.125,"0.0",0,"28.05","-0.01",0,2015-12-24,"12","2015",0,28.05,"-16.825 146.125"
"399100","2015-12-24T12:00:00Z",-16.825,146.225,"0.0",0,"28.07","0.05",0,2015-12-24,"12","2015",0,28.07,"-16.825 146.225"
"399140","2015-12-24T12:00:00Z",-16.875,146.175,"0.0",0,"28.04","0.0",0,2015-12-24,"12","2015",0,28.04,"-16.875 146.175"
"399141","2015-12-24T12:00:00Z",-16.875,146.225,"0.0",0,"28.05","0.02",0,2015-12-24,"12","2015",0,28.05,"-16.875 146.225"
"399182","2015-12-24T12:00:00Z",-16.925,146.225,"0.0",0,"28.03","0.0",0,2015-12-24,"12","2015",0,28.03,"-16.925 146.225"
"399183","2015-12-24T12:00:00Z",-16.925,146.275,"0.0",0,"28.04","0.02",0,2015-12-24,"12","2015",0,28.04,"-16.925 146.275"
"399223","2015-12-24T12:00:00Z",-16.975,146.225,"0.0",0,"28.01","-0.03",0,2015-12-24,"12","2015",0,28.01,"-16.975 146.225"
"410865","2015-12-31T12:00:00Z",-16.825,146.125,"0.0",0,"27.97","-0.24",0,2015-12-31,"12","2015",0,27.97,"-16.825 146.125"
"410867","2015-12-31T12:00:00Z",-16.825,146.225,"0.0",0,"28.0","-0.18",0,2015-12-31,"12","2015",0,28,"-16.825 146.225"
"410907","2015-12-31T12:00:00Z",-16.875,146.175,"0.0",0,"27.990000000000002","-0.21",0,2015-12-31,"12","2015",0,27.99,"-16.875 146.175"
"410908","2015-12-31T12:00:00Z",-16.875,146.225,"0.0",0,"28.0","-0.18",0,2015-12-31,"12","2015",0,28,"-16.875 146.225"
"410949","2015-12-31T12:00:00Z",-16.925,146.225,"0.0",0,"27.990000000000002","-0.2",0,2015-12-31,"12","2015",0,27.99,"-16.925 146.225"
"410950","2015-12-31T12:00:00Z",-16.925,146.275,"0.0",0,"28.0","-0.18",0,2015-12-31,"12","2015",0,28,"-16.925 146.275"
"410990","2015-12-31T12:00:00Z",-16.975,146.225,"0.0",0,"27.990000000000002","-0.21",0,2015-12-31,"12","2015",0,27.99,"-16.975 146.225"
"422632","2016-01-07T12:00:00Z",-16.825,146.125,"0.0",0,"29.400000000000002","1.04",0,2016-01-07,"01","2016",0,29.4,"-16.825 146.125"
"422634","2016-01-07T12:00:00Z",-16.825,146.225,"0.0",0,"29.2","0.87",0,2016-01-07,"01","2016",0,29.2,"-16.825 146.225"
"422674","2016-01-07T12:00:00Z",-16.875,146.175,"0.0",0,"29.36","1.01",0,2016-01-07,"01","2016",0,29.36,"-16.875 146.175"
"422675","2016-01-07T12:00:00Z",-16.875,146.225,"0.0",0,"29.29","0.96",0,2016-01-07,"01","2016",0,29.29,"-16.875 146.225"
"422716","2016-01-07T12:00:00Z",-16.925,146.225,"0.0",0,"29.36","1.01",0,2016-01-07,"01","2016",0,29.36,"-16.925 146.225"
"422717","2016-01-07T12:00:00Z",-16.925,146.275,"0.0",0,"29.29","0.96",0,2016-01-07,"01","2016",0,29.29,"-16.925 146.275"
"422757","2016-01-07T12:00:00Z",-16.975,146.225,"0.0",0,"29.400000000000002","1.04",0,2016-01-07,"01","2016",0,29.4,"-16.975 146.225"
"434399","2016-01-14T12:00:00Z",-16.825,146.125,"0.0",0,"28.91","0.39",0,2016-01-14,"01","2016",0,28.91,"-16.825 146.125"
"434401","2016-01-14T12:00:00Z",-16.825,146.225,"0.0",0,"28.93","0.45",0,2016-01-14,"01","2016",0,28.93,"-16.825 146.225"
"434441","2016-01-14T12:00:00Z",-16.875,146.175,"0.0",0,"28.88","0.37",0,2016-01-14,"01","2016",0,28.88,"-16.875 146.175"
"434442","2016-01-14T12:00:00Z",-16.875,146.225,"0.0",0,"28.89","0.4",0,2016-01-14,"01","2016",0,28.89,"-16.875 146.225"
"434483","2016-01-14T12:00:00Z",-16.925,146.225,"0.0",0,"28.85","0.34",0,2016-01-14,"01","2016",0,28.85,"-16.925 146.225"
"434484","2016-01-14T12:00:00Z",-16.925,146.275,"0.0",0,"28.86","0.37",0,2016-01-14,"01","2016",0,28.86,"-16.925 146.275"
"434524","2016-01-14T12:00:00Z",-16.975,146.225,"0.0",0,"28.830000000000002","0.31",0,2016-01-14,"01","2016",0,28.83,"-16.975 146.225"
"446166","2016-01-21T12:00:00Z",-16.825,146.125,"0.0",0,"28.98","0.41000000000000003",0,2016-01-21,"01","2016",0,28.98,"-16.825 146.125"
"446168","2016-01-21T12:00:00Z",-16.825,146.225,"0.0",0,"28.97","0.44",0,2016-01-21,"01","2016",0,28.97,"-16.825 146.225"
"446208","2016-01-21T12:00:00Z",-16.875,146.175,"0.0",0,"28.96","0.4",0,2016-01-21,"01","2016",0,28.96,"-16.875 146.175"
"446209","2016-01-21T12:00:00Z",-16.875,146.225,"0.0",0,"28.96","0.42",0,2016-01-21,"01","2016",0,28.96,"-16.875 146.225"
"446250","2016-01-21T12:00:00Z",-16.925,146.225,"0.0",0,"28.95","0.39",0,2016-01-21,"01","2016",0,28.95,"-16.925 146.225"
"446251","2016-01-21T12:00:00Z",-16.925,146.275,"0.0",0,"28.95","0.41000000000000003",0,2016-01-21,"01","2016",0,28.95,"-16.925 146.275"
"446291","2016-01-21T12:00:00Z",-16.975,146.225,"0.0",0,"28.95","0.38",0,2016-01-21,"01","2016",0,28.95,"-16.975 146.225"
"457933","2016-01-28T12:00:00Z",-16.825,146.125,"0.0",0,"29.48","0.88",0,2016-01-28,"01","2016",0,29.48,"-16.825 146.125"
"457935","2016-01-28T12:00:00Z",-16.825,146.225,"0.0",0,"29.44","0.88",0,2016-01-28,"01","2016",0,29.44,"-16.825 146.225"
"457975","2016-01-28T12:00:00Z",-16.875,146.175,"0.0",0,"29.44","0.84",0,2016-01-28,"01","2016",0,29.44,"-16.875 146.175"
"457976","2016-01-28T12:00:00Z",-16.875,146.225,"0.0",0,"29.41","0.8300000000000001",0,2016-01-28,"01","2016",0,29.41,"-16.875 146.225"
"458017","2016-01-28T12:00:00Z",-16.925,146.225,"0.0",0,"29.39","0.79",0,2016-01-28,"01","2016",0,29.39,"-16.925 146.225"
"458018","2016-01-28T12:00:00Z",-16.925,146.275,"0.0",0,"29.36","0.78",0,2016-01-28,"01","2016",0,29.36,"-16.925 146.275"
"458058","2016-01-28T12:00:00Z",-16.975,146.225,"0.0",0,"29.37","0.76",0,2016-01-28,"01","2016",0,29.37,"-16.975 146.225"
"469700","2016-02-04T12:00:00Z",-16.825,146.125,"0.3",0,"29.53","0.89",0,2016-02-04,"02","2016",0.3,29.53,"-16.825 146.125"
"469702","2016-02-04T12:00:00Z",-16.825,146.225,"0.31",0,"29.55","0.9500000000000001",0,2016-02-04,"02","2016",0.31,29.55,"-16.825 146.225"
"469742","2016-02-04T12:00:00Z",-16.875,146.175,"0.3",0,"29.54","0.91",0,2016-02-04,"02","2016",0.3,29.54,"-16.875 146.175"
"469743","2016-02-04T12:00:00Z",-16.875,146.225,"0.31",0,"29.560000000000002","0.9500000000000001",0,2016-02-04,"02","2016",0.31,29.56,"-16.875 146.225"
"469784","2016-02-04T12:00:00Z",-16.925,146.225,"0.3",0,"29.580000000000002","0.9500000000000001",0,2016-02-04,"02","2016",0.3,29.58,"-16.925 146.225"
"469785","2016-02-04T12:00:00Z",-16.925,146.275,"0.31",0,"29.6","0.99",0,2016-02-04,"02","2016",0.31,29.6,"-16.925 146.275"
"469825","2016-02-04T12:00:00Z",-16.975,146.225,"0.3",0,"29.59","0.9400000000000001",0,2016-02-04,"02","2016",0.3,29.59,"-16.975 146.225"
"481467","2016-02-11T12:00:00Z",-16.825,146.125,"0.6",0,"29.43","0.76",0,2016-02-11,"02","2016",0.6,29.43,"-16.825 146.125"
"481469","2016-02-11T12:00:00Z",-16.825,146.225,"0.47000000000000003",0,"29.47","0.84",0,2016-02-11,"02","2016",0.47,29.47,"-16.825 146.225"
"481509","2016-02-11T12:00:00Z",-16.875,146.175,"0.45",0,"29.39","0.72",0,2016-02-11,"02","2016",0.45,29.39,"-16.875 146.175"
"481510","2016-02-11T12:00:00Z",-16.875,146.225,"0.46",0,"29.41","0.76",0,2016-02-11,"02","2016",0.46,29.41,"-16.875 146.225"
"481551","2016-02-11T12:00:00Z",-16.925,146.225,"0.45",0,"29.35","0.68",0,2016-02-11,"02","2016",0.45,29.35,"-16.925 146.225"
"481552","2016-02-11T12:00:00Z",-16.925,146.275,"0.46",0,"29.37","0.72",0,2016-02-11,"02","2016",0.46,29.37,"-16.925 146.275"
"481592","2016-02-11T12:00:00Z",-16.975,146.225,"0.3",0,"29.29","0.6",0,2016-02-11,"02","2016",0.3,29.29,"-16.975 146.225"
"493234","2016-02-18T12:00:00Z",-16.825,146.125,"1.24",0,"30.53","1.9100000000000001",0,2016-02-18,"02","2016",1.24,30.53,"-16.825 146.125"
"493236","2016-02-18T12:00:00Z",-16.825,146.225,"0.9",0,"30.37","1.78",0,2016-02-18,"02","2016",0.9,30.37,"-16.825 146.225"
"493276","2016-02-18T12:00:00Z",-16.875,146.175,"1.02",0,"30.41","1.78",0,2016-02-18,"02","2016",1.02,30.41,"-16.875 146.175"
"493277","2016-02-18T12:00:00Z",-16.875,146.225,"0.87",0,"30.330000000000002","1.72",0,2016-02-18,"02","2016",0.87,30.33,"-16.875 146.225"
"493318","2016-02-18T12:00:00Z",-16.925,146.225,"0.85",0,"30.330000000000002","1.7",0,2016-02-18,"02","2016",0.85,30.33,"-16.925 146.225"
"493319","2016-02-18T12:00:00Z",-16.925,146.275,"0.87",0,"30.310000000000002","1.7",0,2016-02-18,"02","2016",0.87,30.31,"-16.925 146.275"
"493359","2016-02-18T12:00:00Z",-16.975,146.225,"0.85",0,"30.36","1.72",0,2016-02-18,"02","2016",0.85,30.36,"-16.975 146.225"
"505001","2016-02-25T12:00:00Z",-16.825,146.125,"2.16",0,"29.650000000000002","1.18",0,2016-02-25,"02","2016",2.16,29.65,"-16.825 146.125"
"505003","2016-02-25T12:00:00Z",-16.825,146.225,"2.2600000000000002",0,"29.66","1.21",0,2016-02-25,"02","2016",2.26,29.66,"-16.825 146.225"
"505043","2016-02-25T12:00:00Z",-16.875,146.175,"1.9100000000000001",0,"29.59","1.11",0,2016-02-25,"02","2016",1.91,29.59,"-16.875 146.175"
"505044","2016-02-25T12:00:00Z",-16.875,146.225,"1.76",0,"29.62","1.16",0,2016-02-25,"02","2016",1.76,29.62,"-16.875 146.225"
"505085","2016-02-25T12:00:00Z",-16.925,146.225,"1.71",0,"29.560000000000002","1.08",0,2016-02-25,"02","2016",1.71,29.56,"-16.925 146.225"
"505086","2016-02-25T12:00:00Z",-16.925,146.275,"1.74",0,"29.580000000000002","1.12",0,2016-02-25,"02","2016",1.74,29.58,"-16.925 146.275"
"505126","2016-02-25T12:00:00Z",-16.975,146.225,"1.68",0,"29.53","1.04",0,2016-02-25,"02","2016",1.68,29.53,"-16.975 146.225"
"516768","2016-03-03T12:00:00Z",-16.825,146.125,"3.4",0,"29.73","1.41",0,2016-03-03,"03","2016",3.4,29.73,"-16.825 146.125"
"516770","2016-03-03T12:00:00Z",-16.825,146.225,"3.58",0,"29.78","1.47",0,2016-03-03,"03","2016",3.58,29.78,"-16.825 146.225"
"516810","2016-03-03T12:00:00Z",-16.875,146.175,"3.12",0,"29.72","1.3900000000000001",0,2016-03-03,"03","2016",3.12,29.72,"-16.875 146.175"
"516811","2016-03-03T12:00:00Z",-16.875,146.225,"3.0100000000000002",0,"29.740000000000002","1.42",0,2016-03-03,"03","2016",3.01,29.74,"-16.875 146.225"
"516852","2016-03-03T12:00:00Z",-16.925,146.225,"2.91",0,"29.71","1.3800000000000001",0,2016-03-03,"03","2016",2.91,29.71,"-16.925 146.225"
"516853","2016-03-03T12:00:00Z",-16.925,146.275,"2.99",0,"29.72","1.4000000000000001",0,2016-03-03,"03","2016",2.99,29.72,"-16.925 146.275"
"516893","2016-03-03T12:00:00Z",-16.975,146.225,"2.57",0,"29.69","1.36",0,2016-03-03,"03","2016",2.57,29.69,"-16.975 146.225"
"528535","2016-03-10T12:00:00Z",-16.825,146.125,"3.4",0,"29.53","1.36",0,2016-03-10,"03","2016",3.4,29.53,"-16.825 146.125"
"528537","2016-03-10T12:00:00Z",-16.825,146.225,"3.58",0,"29.54","1.37",0,2016-03-10,"03","2016",3.58,29.54,"-16.825 146.225"
"528577","2016-03-10T12:00:00Z",-16.875,146.175,"3.12",0,"29.5","1.32",0,2016-03-10,"03","2016",3.12,29.5,"-16.875 146.175"
"528578","2016-03-10T12:00:00Z",-16.875,146.225,"3.0100000000000002",0,"29.5","1.33",0,2016-03-10,"03","2016",3.01,29.5,"-16.875 146.225"
"528619","2016-03-10T12:00:00Z",-16.925,146.225,"2.91",0,"29.46","1.28",0,2016-03-10,"03","2016",2.91,29.46,"-16.925 146.225"
"528620","2016-03-10T12:00:00Z",-16.925,146.275,"2.99",0,"29.46","1.29",0,2016-03-10,"03","2016",2.99,29.46,"-16.925 146.275"
"528660","2016-03-10T12:00:00Z",-16.975,146.225,"2.57",0,"29.41","1.23",0,2016-03-10,"03","2016",2.57,29.41,"-16.975 146.225"
"540302","2016-03-17T12:00:00Z",-16.825,146.125,"3.4",0,"29.34","1.35",0,2016-03-17,"03","2016",3.4,29.34,"-16.825 146.125"
"540304","2016-03-17T12:00:00Z",-16.825,146.225,"3.58",0,"29.400000000000002","1.4000000000000001",0,2016-03-17,"03","2016",3.58,29.4,"-16.825 146.225"
"540344","2016-03-17T12:00:00Z",-16.875,146.175,"3.12",0,"29.32","1.32",0,2016-03-17,"03","2016",3.12,29.32,"-16.875 146.175"
"540345","2016-03-17T12:00:00Z",-16.875,146.225,"3.0100000000000002",0,"29.36","1.36",0,2016-03-17,"03","2016",3.01,29.36,"-16.875 146.225"
"540386","2016-03-17T12:00:00Z",-16.925,146.225,"2.91",0,"29.3","1.3",0,2016-03-17,"03","2016",2.91,29.3,"-16.925 146.225"
"540387","2016-03-17T12:00:00Z",-16.925,146.275,"2.99",0,"29.34","1.34",0,2016-03-17,"03","2016",2.99,29.34,"-16.925 146.275"
"540427","2016-03-17T12:00:00Z",-16.975,146.225,"2.57",0,"29.25","1.25",0,2016-03-17,"03","2016",2.57,29.25,"-16.975 146.225"
"552069","2016-03-24T12:00:00Z",-16.825,146.125,"3.4",0,"29.490000000000002","1.74",0,2016-03-24,"03","2016",3.4,29.49,"-16.825 146.125"
"552071","2016-03-24T12:00:00Z",-16.825,146.225,"3.72",0,"29.54","1.77",0,2016-03-24,"03","2016",3.72,29.54,"-16.825 146.225"
"552111","2016-03-24T12:00:00Z",-16.875,146.175,"3.12",0,"29.47","1.71",0,2016-03-24,"03","2016",3.12,29.47,"-16.875 146.175"
"552112","2016-03-24T12:00:00Z",-16.875,146.225,"3.0100000000000002",0,"29.5","1.73",0,2016-03-24,"03","2016",3.01,29.5,"-16.875 146.225"
"552153","2016-03-24T12:00:00Z",-16.925,146.225,"2.91",0,"29.48","1.71",0,2016-03-24,"03","2016",2.91,29.48,"-16.925 146.225"
"552154","2016-03-24T12:00:00Z",-16.925,146.275,"2.99",0,"29.51","1.74",0,2016-03-24,"03","2016",2.99,29.51,"-16.925 146.275"
"552194","2016-03-24T12:00:00Z",-16.975,146.225,"2.57",0,"29.48","1.72",0,2016-03-24,"03","2016",2.57,29.48,"-16.975 146.225"
"563836","2016-03-31T12:00:00Z",-16.825,146.125,"3.4",0,"29.2","1.69",0,2016-03-31,"03","2016",3.4,29.2,"-16.825 146.125"
"563838","2016-03-31T12:00:00Z",-16.825,146.225,"3.72",0,"29.26","1.72",0,2016-03-31,"03","2016",3.72,29.26,"-16.825 146.225"
"563878","2016-03-31T12:00:00Z",-16.875,146.175,"3.12",0,"29.19","1.67",0,2016-03-31,"03","2016",3.12,29.19,"-16.875 146.175"
"563879","2016-03-31T12:00:00Z",-16.875,146.225,"3.0100000000000002",0,"29.23","1.69",0,2016-03-31,"03","2016",3.01,29.23,"-16.875 146.225"
"563920","2016-03-31T12:00:00Z",-16.925,146.225,"2.91",0,"29.2","1.67",0,2016-03-31,"03","2016",2.91,29.2,"-16.925 146.225"
"563921","2016-03-31T12:00:00Z",-16.925,146.275,"2.99",0,"29.240000000000002","1.7",0,2016-03-31,"03","2016",2.99,29.24,"-16.925 146.275"
"563961","2016-03-31T12:00:00Z",-16.975,146.225,"2.57",0,"29.2","1.68",0,2016-03-31,"03","2016",2.57,29.2,"-16.975 146.225"
"575603","2016-04-07T12:00:00Z",-16.825,146.125,"3.4",0,"28.59","1.32",0,2016-04-07,"04","2016",3.4,28.59,"-16.825 146.125"
"575605","2016-04-07T12:00:00Z",-16.825,146.225,"3.72",0,"28.66","1.35",0,2016-04-07,"04","2016",3.72,28.66,"-16.825 146.225"
"575645","2016-04-07T12:00:00Z",-16.875,146.175,"3.12",0,"28.61","1.33",0,2016-04-07,"04","2016",3.12,28.61,"-16.875 146.175"
"575646","2016-04-07T12:00:00Z",-16.875,146.225,"3.0100000000000002",0,"28.650000000000002","1.34",0,2016-04-07,"04","2016",3.01,28.65,"-16.875 146.225"
"575687","2016-04-07T12:00:00Z",-16.925,146.225,"2.91",0,"28.62","1.33",0,2016-04-07,"04","2016",2.91,28.62,"-16.925 146.225"
"575688","2016-04-07T12:00:00Z",-16.925,146.275,"2.99",0,"28.66","1.35",0,2016-04-07,"04","2016",2.99,28.66,"-16.925 146.275"
"575728","2016-04-07T12:00:00Z",-16.975,146.225,"2.57",0,"28.580000000000002","1.3",0,2016-04-07,"04","2016",2.57,28.58,"-16.975 146.225"
"587370","2016-04-14T12:00:00Z",-16.825,146.125,"3.4",0,"28.26","1.23",0,2016-04-14,"04","2016",3.4,28.26,"-16.825 146.125"
"587372","2016-04-14T12:00:00Z",-16.825,146.225,"3.72",0,"28.38","1.3",0,2016-04-14,"04","2016",3.72,28.38,"-16.825 146.225"
"587412","2016-04-14T12:00:00Z",-16.875,146.175,"3.12",0,"28.29","1.25",0,2016-04-14,"04","2016",3.12,28.29,"-16.875 146.175"
"587413","2016-04-14T12:00:00Z",-16.875,146.225,"3.0100000000000002",0,"28.36","1.29",0,2016-04-14,"04","2016",3.01,28.36,"-16.875 146.225"
"587454","2016-04-14T12:00:00Z",-16.925,146.225,"2.91",0,"28.35","1.3",0,2016-04-14,"04","2016",2.91,28.35,"-16.925 146.225"
"587455","2016-04-14T12:00:00Z",-16.925,146.275,"2.99",0,"28.42","1.35",0,2016-04-14,"04","2016",2.99,28.42,"-16.925 146.275"
"587495","2016-04-14T12:00:00Z",-16.975,146.225,"2.57",0,"28.32","1.29",0,2016-04-14,"04","2016",2.57,28.32,"-16.975 146.225"
"599137","2016-04-21T12:00:00Z",-16.825,146.125,"3.4",0,"28.03","1.3",0,2016-04-21,"04","2016",3.4,28.03,"-16.825 146.125"
"599139","2016-04-21T12:00:00Z",-16.825,146.225,"3.72",0,"28.17","1.3800000000000001",0,2016-04-21,"04","2016",3.72,28.17,"-16.825 146.225"
"599179","2016-04-21T12:00:00Z",-16.875,146.175,"3.12",0,"28.05","1.31",0,2016-04-21,"04","2016",3.12,28.05,"-16.875 146.175"
"599180","2016-04-21T12:00:00Z",-16.875,146.225,"3.0100000000000002",0,"28.11","1.33",0,2016-04-21,"04","2016",3.01,28.11,"-16.875 146.225"
"599221","2016-04-21T12:00:00Z",-16.925,146.225,"2.91",0,"28.05","1.3",0,2016-04-21,"04","2016",2.91,28.05,"-16.925 146.225"
"599222","2016-04-21T12:00:00Z",-16.925,146.275,"2.99",0,"28.13","1.35",0,2016-04-21,"04","2016",2.99,28.13,"-16.925 146.275"
"599262","2016-04-21T12:00:00Z",-16.975,146.225,"2.57",0,"28.04","1.31",0,2016-04-21,"04","2016",2.57,28.04,"-16.975 146.225"
"610904","2016-04-28T12:00:00Z",-16.825,146.125,"3.09",0,"27.6","1.19",0,2016-04-28,"04","2016",3.09,27.6,"-16.825 146.125"
"610906","2016-04-28T12:00:00Z",-16.825,146.225,"3.41",0,"27.67","1.18",0,2016-04-28,"04","2016",3.41,27.67,"-16.825 146.225"
"610946","2016-04-28T12:00:00Z",-16.875,146.175,"2.81",0,"27.580000000000002","1.1500000000000001",0,2016-04-28,"04","2016",2.81,27.58,"-16.875 146.175"
"610947","2016-04-28T12:00:00Z",-16.875,146.225,"2.71",0,"27.61","1.1400000000000001",0,2016-04-28,"04","2016",2.71,27.61,"-16.875 146.225"
"610988","2016-04-28T12:00:00Z",-16.925,146.225,"2.61",0,"27.560000000000002","1.12",0,2016-04-28,"04","2016",2.61,27.56,"-16.925 146.225"
"610989","2016-04-28T12:00:00Z",-16.925,146.275,"2.68",0,"27.59","1.11",0,2016-04-28,"04","2016",2.68,27.59,"-16.925 146.275"
"611029","2016-04-28T12:00:00Z",-16.975,146.225,"2.2800000000000002",0,"27.5","1.08",0,2016-04-28,"04","2016",2.28,27.5,"-16.975 146.225"
"622671","2016-05-05T12:00:00Z",-16.825,146.125,"2.79",0,"27.66","1.57",0,2016-05-05,"05","2016",2.79,27.66,"-16.825 146.125"
"622673","2016-05-05T12:00:00Z",-16.825,146.225,"3.25",0,"27.76","1.57",0,2016-05-05,"05","2016",3.25,27.76,"-16.825 146.225"
"622713","2016-05-05T12:00:00Z",-16.875,146.175,"2.66",0,"27.67","1.55",0,2016-05-05,"05","2016",2.66,27.67,"-16.875 146.175"
"622714","2016-05-05T12:00:00Z",-16.875,146.225,"2.56",0,"27.71","1.54",0,2016-05-05,"05","2016",2.56,27.71,"-16.875 146.225"
"622755","2016-05-05T12:00:00Z",-16.925,146.225,"2.47",0,"27.66","1.53",0,2016-05-05,"05","2016",2.47,27.66,"-16.925 146.225"
"622756","2016-05-05T12:00:00Z",-16.925,146.275,"2.5300000000000002",0,"27.71","1.53",0,2016-05-05,"05","2016",2.53,27.71,"-16.925 146.275"
"622796","2016-05-05T12:00:00Z",-16.975,146.225,"2.2800000000000002",0,"27.62","1.51",0,2016-05-05,"05","2016",2.28,27.62,"-16.975 146.225"
"634438","2016-05-12T12:00:00Z",-16.825,146.125,"2.16",0,"27.6","1.82",0,2016-05-12,"05","2016",2.16,27.6,"-16.825 146.125"
"634440","2016-05-12T12:00:00Z",-16.825,146.225,"2.82",0,"27.79","1.9000000000000001",0,2016-05-12,"05","2016",2.82,27.79,"-16.825 146.225"
"634480","2016-05-12T12:00:00Z",-16.875,146.175,"2.09",0,"27.63","1.83",0,2016-05-12,"05","2016",2.09,27.63,"-16.875 146.175"
"634481","2016-05-12T12:00:00Z",-16.875,146.225,"2.14",0,"27.73","1.87",0,2016-05-12,"05","2016",2.14,27.73,"-16.875 146.225"
"634522","2016-05-12T12:00:00Z",-16.925,146.225,"2.06",0,"27.67","1.85",0,2016-05-12,"05","2016",2.06,27.67,"-16.925 146.225"
"634523","2016-05-12T12:00:00Z",-16.925,146.275,"2.12",0,"27.77","1.8900000000000001",0,2016-05-12,"05","2016",2.12,27.77,"-16.925 146.275"
"634563","2016-05-12T12:00:00Z",-16.975,146.225,"1.72",0,"27.62","1.83",0,2016-05-12,"05","2016",1.72,27.62,"-16.975 146.225"
"646205","2016-05-19T12:00:00Z",-16.825,146.125,"1.23",0,"27.240000000000002","1.79",0,2016-05-19,"05","2016",1.23,27.24,"-16.825 146.125"
"646207","2016-05-19T12:00:00Z",-16.825,146.225,"1.45",0,"27.37","1.79",0,2016-05-19,"05","2016",1.45,27.37,"-16.825 146.225"
"646247","2016-05-19T12:00:00Z",-16.875,146.175,"1.21",0,"27.27","1.79",0,2016-05-19,"05","2016",1.21,27.27,"-16.875 146.175"
"646248","2016-05-19T12:00:00Z",-16.875,146.225,"1.26",0,"27.34","1.79",0,2016-05-19,"05","2016",1.26,27.34,"-16.875 146.225"
"646289","2016-05-19T12:00:00Z",-16.925,146.225,"1.2",0,"27.3","1.8",0,2016-05-19,"05","2016",1.2,27.3,"-16.925 146.225"
"646290","2016-05-19T12:00:00Z",-16.925,146.275,"1.25",0,"27.37","1.8",0,2016-05-19,"05","2016",1.25,27.37,"-16.925 146.275"
"646330","2016-05-19T12:00:00Z",-16.975,146.225,"0.89",0,"27.27","1.8",0,2016-05-19,"05","2016",0.89,27.27,"-16.975 146.225"
"657972","2016-05-26T12:00:00Z",-16.825,146.125,"0.0",0,"26.88","1.77",0,2016-05-26,"05","2016",0,26.88,"-16.825 146.125"
"657974","2016-05-26T12:00:00Z",-16.825,146.225,"0.14",0,"27.080000000000002","1.82",0,2016-05-26,"05","2016",0.14,27.08,"-16.825 146.225"
"658014","2016-05-26T12:00:00Z",-16.875,146.175,"0.0",0,"26.94","1.79",0,2016-05-26,"05","2016",0,26.94,"-16.875 146.175"
"658015","2016-05-26T12:00:00Z",-16.875,146.225,"0.0",0,"27.03","1.81",0,2016-05-26,"05","2016",0,27.03,"-16.875 146.225"
"658056","2016-05-26T12:00:00Z",-16.925,146.225,"0.0",0,"26.990000000000002","1.81",0,2016-05-26,"05","2016",0,26.99,"-16.925 146.225"
"658057","2016-05-26T12:00:00Z",-16.925,146.275,"0.0",0,"27.080000000000002","1.83",0,2016-05-26,"05","2016",0,27.08,"-16.925 146.275"
"658097","2016-05-26T12:00:00Z",-16.975,146.225,"0.0",0,"26.93","1.79",0,2016-05-26,"05","2016",0,26.93,"-16.975 146.225"
"669739","2016-06-02T12:00:00Z",-16.825,146.125,"0.0",0,"26.87","2.09",0,2016-06-02,"06","2016",0,26.87,"-16.825 146.125"
"669741","2016-06-02T12:00:00Z",-16.825,146.225,"0.14",0,"26.97","2.02",0,2016-06-02,"06","2016",0.14,26.97,"-16.825 146.225"
"669781","2016-06-02T12:00:00Z",-16.875,146.175,"0.0",0,"26.900000000000002","2.08",0,2016-06-02,"06","2016",0,26.9,"-16.875 146.175"
"669782","2016-06-02T12:00:00Z",-16.875,146.225,"0.0",0,"26.95","2.05",0,2016-06-02,"06","2016",0,26.95,"-16.875 146.225"
"669823","2016-06-02T12:00:00Z",-16.925,146.225,"0.0",0,"26.92","2.07",0,2016-06-02,"06","2016",0,26.92,"-16.925 146.225"
"669824","2016-06-02T12:00:00Z",-16.925,146.275,"0.0",0,"26.97","2.04",0,2016-06-02,"06","2016",0,26.97,"-16.925 146.275"
"669864","2016-06-02T12:00:00Z",-16.975,146.225,"0.0",0,"26.89","2.08",0,2016-06-02,"06","2016",0,26.89,"-16.975 146.225"
"681506","2016-06-09T12:00:00Z",-16.825,146.125,"0.0",0,"26.830000000000002","2.38",0,2016-06-09,"06","2016",0,26.83,"-16.825 146.125"
"681508","2016-06-09T12:00:00Z",-16.825,146.225,"0.14",0,"27.02","2.39",0,2016-06-09,"06","2016",0.14,27.02,"-16.825 146.225"
"681548","2016-06-09T12:00:00Z",-16.875,146.175,"0.0",0,"26.88","2.39",0,2016-06-09,"06","2016",0,26.88,"-16.875 146.175"
"681549","2016-06-09T12:00:00Z",-16.875,146.225,"0.0",0,"26.97","2.39",0,2016-06-09,"06","2016",0,26.97,"-16.875 146.225"
"681590","2016-06-09T12:00:00Z",-16.925,146.225,"0.0",0,"26.900000000000002","2.38",0,2016-06-09,"06","2016",0,26.9,"-16.925 146.225"
"681591","2016-06-09T12:00:00Z",-16.925,146.275,"0.0",0,"26.97","2.36",0,2016-06-09,"06","2016",0,26.97,"-16.925 146.275"
"681631","2016-06-09T12:00:00Z",-16.975,146.225,"0.0",0,"26.830000000000002","2.36",0,2016-06-09,"06","2016",0,26.83,"-16.975 146.225"
"693273","2016-06-16T12:00:00Z",-16.825,146.125,"0.0",0,"26.150000000000002","2.0100000000000002",0,2016-06-16,"06","2016",0,26.15,"-16.825 146.125"
"693275","2016-06-16T12:00:00Z",-16.825,146.225,"0.0",0,"26.330000000000002","1.99",0,2016-06-16,"06","2016",0,26.33,"-16.825 146.225"
"693315","2016-06-16T12:00:00Z",-16.875,146.175,"0.0",0,"26.18","1.99",0,2016-06-16,"06","2016",0,26.18,"-16.875 146.175"
"693316","2016-06-16T12:00:00Z",-16.875,146.225,"0.0",0,"26.26","1.98",0,2016-06-16,"06","2016",0,26.26,"-16.875 146.225"
"693357","2016-06-16T12:00:00Z",-16.925,146.225,"0.0",0,"26.19","1.97",0,2016-06-16,"06","2016",0,26.19,"-16.925 146.225"
"693358","2016-06-16T12:00:00Z",-16.925,146.275,"0.0",0,"26.27","1.95",0,2016-06-16,"06","2016",0,26.27,"-16.925 146.275"
"693398","2016-06-16T12:00:00Z",-16.975,146.225,"0.0",0,"26.11","1.94",0,2016-06-16,"06","2016",0,26.11,"-16.975 146.225"
"705040","2016-06-23T12:00:00Z",-16.825,146.125,"0.0",0,"26.240000000000002","2.24",0,2016-06-23,"06","2016",0,26.24,"-16.825 146.125"
"705042","2016-06-23T12:00:00Z",-16.825,146.225,"0.0",0,"26.45","2.24",0,2016-06-23,"06","2016",0,26.45,"-16.825 146.225"
"705082","2016-06-23T12:00:00Z",-16.875,146.175,"0.0",0,"26.32","2.27",0,2016-06-23,"06","2016",0,26.32,"-16.875 146.175"
"705083","2016-06-23T12:00:00Z",-16.875,146.225,"0.0",0,"26.39","2.24",0,2016-06-23,"06","2016",0,26.39,"-16.875 146.225"
"705124","2016-06-23T12:00:00Z",-16.925,146.225,"0.0",0,"26.310000000000002","2.23",0,2016-06-23,"06","2016",0,26.31,"-16.925 146.225"
"705125","2016-06-23T12:00:00Z",-16.925,146.275,"0.0",0,"26.37","2.19",0,2016-06-23,"06","2016",0,26.37,"-16.925 146.275"
"705165","2016-06-23T12:00:00Z",-16.975,146.225,"0.0",0,"26.240000000000002","2.22",0,2016-06-23,"06","2016",0,26.24,"-16.975 146.225"
"716807","2016-06-30T12:00:00Z",-16.825,146.125,"0.0",0,"26.16","2.3000000000000003",0,2016-06-30,"06","2016",0,26.16,"-16.825 146.125"
"716809","2016-06-30T12:00:00Z",-16.825,146.225,"0.0",0,"26.39","2.31",0,2016-06-30,"06","2016",0,26.39,"-16.825 146.225"
"716849","2016-06-30T12:00:00Z",-16.875,146.175,"0.0",0,"26.21","2.31",0,2016-06-30,"06","2016",0,26.21,"-16.875 146.175"
"716850","2016-06-30T12:00:00Z",-16.875,146.225,"0.0",0,"26.330000000000002","2.32",0,2016-06-30,"06","2016",0,26.33,"-16.875 146.225"
"716891","2016-06-30T12:00:00Z",-16.925,146.225,"0.0",0,"26.26","2.33",0,2016-06-30,"06","2016",0,26.26,"-16.925 146.225"
"716892","2016-06-30T12:00:00Z",-16.925,146.275,"0.0",0,"26.37","2.33",0,2016-06-30,"06","2016",0,26.37,"-16.925 146.275"
"716932","2016-06-30T12:00:00Z",-16.975,146.225,"0.0",0,"26.21","2.34",0,2016-06-30,"06","2016",0,26.21,"-16.975 146.225"
"728574","2016-07-07T12:00:00Z",-16.825,146.125,"0.0",0,"25.68","1.96",0,2016-07-07,"07","2016",0,25.68,"-16.825 146.125"
"728576","2016-07-07T12:00:00Z",-16.825,146.225,"0.0",0,"25.89","1.94",0,2016-07-07,"07","2016",0,25.89,"-16.825 146.225"
"728616","2016-07-07T12:00:00Z",-16.875,146.175,"0.0",0,"25.71","1.95",0,2016-07-07,"07","2016",0,25.71,"-16.875 146.175"
"728617","2016-07-07T12:00:00Z",-16.875,146.225,"0.0",0,"25.77","1.9000000000000001",0,2016-07-07,"07","2016",0,25.77,"-16.875 146.225"
"728658","2016-07-07T12:00:00Z",-16.925,146.225,"0.0",0,"25.63","1.84",0,2016-07-07,"07","2016",0,25.63,"-16.925 146.225"
"728659","2016-07-07T12:00:00Z",-16.925,146.275,"0.0",0,"25.71","1.81",0,2016-07-07,"07","2016",0,25.71,"-16.925 146.275"
"728699","2016-07-07T12:00:00Z",-16.975,146.225,"0.0",0,"25.5","1.77",0,2016-07-07,"07","2016",0,25.5,"-16.975 146.225"
"740341","2016-07-14T12:00:00Z",-16.825,146.125,"0.0",0,"25.39","1.81",0,2016-07-14,"07","2016",0,25.39,"-16.825 146.125"
"740343","2016-07-14T12:00:00Z",-16.825,146.225,"0.0",0,"25.580000000000002","1.76",0,2016-07-14,"07","2016",0,25.58,"-16.825 146.225"
"740383","2016-07-14T12:00:00Z",-16.875,146.175,"0.0",0,"25.39","1.77",0,2016-07-14,"07","2016",0,25.39,"-16.875 146.175"
"740384","2016-07-14T12:00:00Z",-16.875,146.225,"0.0",0,"25.490000000000002","1.75",0,2016-07-14,"07","2016",0,25.49,"-16.875 146.225"
"740425","2016-07-14T12:00:00Z",-16.925,146.225,"0.0",0,"25.38","1.73",0,2016-07-14,"07","2016",0,25.38,"-16.925 146.225"
"740426","2016-07-14T12:00:00Z",-16.925,146.275,"0.0",0,"25.47","1.71",0,2016-07-14,"07","2016",0,25.47,"-16.925 146.275"
"740466","2016-07-14T12:00:00Z",-16.975,146.225,"0.0",0,"25.27","1.69",0,2016-07-14,"07","2016",0,25.27,"-16.975 146.225"
"752108","2016-07-21T12:00:00Z",-16.825,146.125,"0.0",0,"25.66","2.08",0,2016-07-21,"07","2016",0,25.66,"-16.825 146.125"
"752110","2016-07-21T12:00:00Z",-16.825,146.225,"0.0",0,"25.89","2.08",0,2016-07-21,"07","2016",0,25.89,"-16.825 146.225"
"752150","2016-07-21T12:00:00Z",-16.875,146.175,"0.0",0,"25.71","2.09",0,2016-07-21,"07","2016",0,25.71,"-16.875 146.175"
"752151","2016-07-21T12:00:00Z",-16.875,146.225,"0.0",0,"25.8","2.07",0,2016-07-21,"07","2016",0,25.8,"-16.875 146.225"
"752192","2016-07-21T12:00:00Z",-16.925,146.225,"0.0",0,"25.68","2.0300000000000002",0,2016-07-21,"07","2016",0,25.68,"-16.925 146.225"
"752193","2016-07-21T12:00:00Z",-16.925,146.275,"0.0",0,"25.75","2.0",0,2016-07-21,"07","2016",0,25.75,"-16.925 146.275"
"752233","2016-07-21T12:00:00Z",-16.975,146.225,"0.0",0,"25.53","1.95",0,2016-07-21,"07","2016",0,25.53,"-16.975 146.225"
"763875","2016-07-28T12:00:00Z",-16.825,146.125,"0.0",0,"25.52","1.9100000000000001",0,2016-07-28,"07","2016",0,25.52,"-16.825 146.125"
"763877","2016-07-28T12:00:00Z",-16.825,146.225,"0.0",0,"25.740000000000002","1.92",0,2016-07-28,"07","2016",0,25.74,"-16.825 146.225"
"763917","2016-07-28T12:00:00Z",-16.875,146.175,"0.0",0,"25.560000000000002","1.92",0,2016-07-28,"07","2016",0,25.56,"-16.875 146.175"
"763918","2016-07-28T12:00:00Z",-16.875,146.225,"0.0",0,"25.66","1.9100000000000001",0,2016-07-28,"07","2016",0,25.66,"-16.875 146.225"
"763959","2016-07-28T12:00:00Z",-16.925,146.225,"0.0",0,"25.59","1.92",0,2016-07-28,"07","2016",0,25.59,"-16.925 146.225"
"763960","2016-07-28T12:00:00Z",-16.925,146.275,"0.0",0,"25.68","1.9100000000000001",0,2016-07-28,"07","2016",0,25.68,"-16.925 146.275"
"764000","2016-07-28T12:00:00Z",-16.975,146.225,"0.0",0,"25.51","1.9100000000000001",0,2016-07-28,"07","2016",0,25.51,"-16.975 146.225"
"775642","2016-08-04T12:00:00Z",-16.825,146.125,"0.0",0,"25.23","1.6",0,2016-08-04,"08","2016",0,25.23,"-16.825 146.125"
"775644","2016-08-04T12:00:00Z",-16.825,146.225,"0.0",0,"25.51","1.68",0,2016-08-04,"08","2016",0,25.51,"-16.825 146.225"
"775684","2016-08-04T12:00:00Z",-16.875,146.175,"0.0",0,"25.28","1.62",0,2016-08-04,"08","2016",0,25.28,"-16.875 146.175"
"775685","2016-08-04T12:00:00Z",-16.875,146.225,"0.0",0,"25.400000000000002","1.6300000000000001",0,2016-08-04,"08","2016",0,25.4,"-16.875 146.225"
"775726","2016-08-04T12:00:00Z",-16.925,146.225,"0.0",0,"25.28","1.59",0,2016-08-04,"08","2016",0,25.28,"-16.925 146.225"
"775727","2016-08-04T12:00:00Z",-16.925,146.275,"0.0",0,"25.41","1.6300000000000001",0,2016-08-04,"08","2016",0,25.41,"-16.925 146.275"
"775767","2016-08-04T12:00:00Z",-16.975,146.225,"0.0",0,"25.18","1.56",0,2016-08-04,"08","2016",0,25.18,"-16.975 146.225"
"787409","2016-08-11T12:00:00Z",-16.825,146.125,"0.0",0,"24.59","0.93",0,2016-08-11,"08","2016",0,24.59,"-16.825 146.125"
"787411","2016-08-11T12:00:00Z",-16.825,146.225,"0.0",0,"24.78","0.9400000000000001",0,2016-08-11,"08","2016",0,24.78,"-16.825 146.225"
"787451","2016-08-11T12:00:00Z",-16.875,146.175,"0.0",0,"24.61","0.92",0,2016-08-11,"08","2016",0,24.61,"-16.875 146.175"
"787452","2016-08-11T12:00:00Z",-16.875,146.225,"0.0",0,"24.69","0.91",0,2016-08-11,"08","2016",0,24.69,"-16.875 146.225"
"787493","2016-08-11T12:00:00Z",-16.925,146.225,"0.0",0,"24.59","0.88",0,2016-08-11,"08","2016",0,24.59,"-16.925 146.225"
"787494","2016-08-11T12:00:00Z",-16.925,146.275,"0.0",0,"24.67","0.88",0,2016-08-11,"08","2016",0,24.67,"-16.925 146.275"
"787534","2016-08-11T12:00:00Z",-16.975,146.225,"0.0",0,"24.48","0.84",0,2016-08-11,"08","2016",0,24.48,"-16.975 146.225"
"799176","2016-08-18T12:00:00Z",-16.825,146.125,"0.0",0,"24.48","0.74",0,2016-08-18,"08","2016",0,24.48,"-16.825 146.125"
"799178","2016-08-18T12:00:00Z",-16.825,146.225,"0.0",0,"24.67","0.76",0,2016-08-18,"08","2016",0,24.67,"-16.825 146.225"
"799218","2016-08-18T12:00:00Z",-16.875,146.175,"0.0",0,"24.5","0.73",0,2016-08-18,"08","2016",0,24.5,"-16.875 146.175"
"799219","2016-08-18T12:00:00Z",-16.875,146.225,"0.0",0,"24.6","0.75",0,2016-08-18,"08","2016",0,24.6,"-16.875 146.225"
"799260","2016-08-18T12:00:00Z",-16.925,146.225,"0.0",0,"24.53","0.74",0,2016-08-18,"08","2016",0,24.53,"-16.925 146.225"
"799261","2016-08-18T12:00:00Z",-16.925,146.275,"0.0",0,"24.62","0.76",0,2016-08-18,"08","2016",0,24.62,"-16.925 146.275"
"799301","2016-08-18T12:00:00Z",-16.975,146.225,"0.0",0,"24.45","0.73",0,2016-08-18,"08","2016",0,24.45,"-16.975 146.225"
"810943","2016-08-25T12:00:00Z",-16.825,146.125,"0.0",0,"25.09","1.18",0,2016-08-25,"08","2016",0,25.09,"-16.825 146.125"
"810945","2016-08-25T12:00:00Z",-16.825,146.225,"0.0",0,"25.28","1.23",0,2016-08-25,"08","2016",0,25.28,"-16.825 146.225"
"810985","2016-08-25T12:00:00Z",-16.875,146.175,"0.0",0,"25.14","1.2",0,2016-08-25,"08","2016",0,25.14,"-16.875 146.175"
"810986","2016-08-25T12:00:00Z",-16.875,146.225,"0.0",0,"25.240000000000002","1.23",0,2016-08-25,"08","2016",0,25.24,"-16.875 146.225"
"811027","2016-08-25T12:00:00Z",-16.925,146.225,"0.0",0,"25.17","1.22",0,2016-08-25,"08","2016",0,25.17,"-16.925 146.225"
"811028","2016-08-25T12:00:00Z",-16.925,146.275,"0.0",0,"25.26","1.25",0,2016-08-25,"08","2016",0,25.26,"-16.925 146.275"
"811068","2016-08-25T12:00:00Z",-16.975,146.225,"0.0",0,"25.09","1.19",0,2016-08-25,"08","2016",0,25.09,"-16.975 146.225"
"822710","2016-09-01T12:00:00Z",-16.825,146.125,"0.0",0,"25.03","0.9500000000000001",0,2016-09-01,"09","2016",0,25.03,"-16.825 146.125"
"822712","2016-09-01T12:00:00Z",-16.825,146.225,"0.0",0,"25.17","0.97",0,2016-09-01,"09","2016",0,25.17,"-16.825 146.225"
"822752","2016-09-01T12:00:00Z",-16.875,146.175,"0.0",0,"25.02","0.92",0,2016-09-01,"09","2016",0,25.02,"-16.875 146.175"
"822753","2016-09-01T12:00:00Z",-16.875,146.225,"0.0",0,"25.1","0.9400000000000001",0,2016-09-01,"09","2016",0,25.1,"-16.875 146.225"
"822794","2016-09-01T12:00:00Z",-16.925,146.225,"0.0",0,"25.02","0.91",0,2016-09-01,"09","2016",0,25.02,"-16.925 146.225"
"822795","2016-09-01T12:00:00Z",-16.925,146.275,"0.0",0,"25.09","0.93",0,2016-09-01,"09","2016",0,25.09,"-16.925 146.275"
"822835","2016-09-01T12:00:00Z",-16.975,146.225,"0.0",0,"24.93","0.86",0,2016-09-01,"09","2016",0,24.93,"-16.975 146.225"
"834477","2016-09-08T12:00:00Z",-16.825,146.125,"0.0",0,"24.8","0.55",0,2016-09-08,"09","2016",0,24.8,"-16.825 146.125"
"834479","2016-09-08T12:00:00Z",-16.825,146.225,"0.0",0,"24.96","0.62",0,2016-09-08,"09","2016",0,24.96,"-16.825 146.225"
"834519","2016-09-08T12:00:00Z",-16.875,146.175,"0.0",0,"24.82","0.55",0,2016-09-08,"09","2016",0,24.82,"-16.875 146.175"
"834520","2016-09-08T12:00:00Z",-16.875,146.225,"0.0",0,"24.91","0.6",0,2016-09-08,"09","2016",0,24.91,"-16.875 146.225"
"834561","2016-09-08T12:00:00Z",-16.925,146.225,"0.0",0,"24.84","0.5700000000000001",0,2016-09-08,"09","2016",0,24.84,"-16.925 146.225"
"834562","2016-09-08T12:00:00Z",-16.925,146.275,"0.0",0,"24.92","0.61",0,2016-09-08,"09","2016",0,24.92,"-16.925 146.275"
"834602","2016-09-08T12:00:00Z",-16.975,146.225,"0.0",0,"24.77","0.53",0,2016-09-08,"09","2016",0,24.77,"-16.975 146.225"
"846244","2016-09-15T12:00:00Z",-16.825,146.125,"0.0",0,"25.76","1.34",0,2016-09-15,"09","2016",0,25.76,"-16.825 146.125"
"846246","2016-09-15T12:00:00Z",-16.825,146.225,"0.0",0,"25.89","1.41",0,2016-09-15,"09","2016",0,25.89,"-16.825 146.225"
"846286","2016-09-15T12:00:00Z",-16.875,146.175,"0.0",0,"25.77","1.34",0,2016-09-15,"09","2016",0,25.77,"-16.875 146.175"
"846287","2016-09-15T12:00:00Z",-16.875,146.225,"0.0",0,"25.830000000000002","1.37",0,2016-09-15,"09","2016",0,25.83,"-16.875 146.225"
"846328","2016-09-15T12:00:00Z",-16.925,146.225,"0.0",0,"25.76","1.33",0,2016-09-15,"09","2016",0,25.76,"-16.925 146.225"
"846329","2016-09-15T12:00:00Z",-16.925,146.275,"0.0",0,"25.810000000000002","1.35",0,2016-09-15,"09","2016",0,25.81,"-16.925 146.275"
"846369","2016-09-15T12:00:00Z",-16.975,146.225,"0.0",0,"25.68","1.27",0,2016-09-15,"09","2016",0,25.68,"-16.975 146.225"
"858011","2016-09-22T12:00:00Z",-16.825,146.125,"0.0",0,"26.25","1.53",0,2016-09-22,"09","2016",0,26.25,"-16.825 146.125"
"858013","2016-09-22T12:00:00Z",-16.825,146.225,"0.0",0,"26.34","1.58",0,2016-09-22,"09","2016",0,26.34,"-16.825 146.225"
"858053","2016-09-22T12:00:00Z",-16.875,146.175,"0.0",0,"26.27","1.55",0,2016-09-22,"09","2016",0,26.27,"-16.875 146.175"
"858054","2016-09-22T12:00:00Z",-16.875,146.225,"0.0",0,"26.310000000000002","1.57",0,2016-09-22,"09","2016",0,26.31,"-16.875 146.225"
"858095","2016-09-22T12:00:00Z",-16.925,146.225,"0.0",0,"26.28","1.56",0,2016-09-22,"09","2016",0,26.28,"-16.925 146.225"
"858096","2016-09-22T12:00:00Z",-16.925,146.275,"0.0",0,"26.310000000000002","1.57",0,2016-09-22,"09","2016",0,26.31,"-16.925 146.275"
"858136","2016-09-22T12:00:00Z",-16.975,146.225,"0.0",0,"26.240000000000002","1.54",0,2016-09-22,"09","2016",0,26.24,"-16.975 146.225"
"869778","2016-09-29T12:00:00Z",-16.825,146.125,"0.0",0,"26.54","1.52",0,2016-09-29,"09","2016",0,26.54,"-16.825 146.125"
"869780","2016-09-29T12:00:00Z",-16.825,146.225,"0.0",0,"26.42","1.3800000000000001",0,2016-09-29,"09","2016",0,26.42,"-16.825 146.225"
"869820","2016-09-29T12:00:00Z",-16.875,146.175,"0.0",0,"26.490000000000002","1.47",0,2016-09-29,"09","2016",0,26.49,"-16.875 146.175"
"869821","2016-09-29T12:00:00Z",-16.875,146.225,"0.0",0,"26.44","1.42",0,2016-09-29,"09","2016",0,26.44,"-16.875 146.225"
"869862","2016-09-29T12:00:00Z",-16.925,146.225,"0.0",0,"26.48","1.47",0,2016-09-29,"09","2016",0,26.48,"-16.925 146.225"
"869863","2016-09-29T12:00:00Z",-16.925,146.275,"0.0",0,"26.44","1.42",0,2016-09-29,"09","2016",0,26.44,"-16.925 146.275"
"869903","2016-09-29T12:00:00Z",-16.975,146.225,"0.0",0,"26.54","1.54",0,2016-09-29,"09","2016",0,26.54,"-16.975 146.225"
"881545","2016-10-06T12:00:00Z",-16.825,146.125,"0.0",0,"26.66","1.34",0,2016-10-06,"10","2016",0,26.66,"-16.825 146.125"
"881547","2016-10-06T12:00:00Z",-16.825,146.225,"0.0",0,"26.68","1.37",0,2016-10-06,"10","2016",0,26.68,"-16.825 146.225"
"881587","2016-10-06T12:00:00Z",-16.875,146.175,"0.0",0,"26.62","1.31",0,2016-10-06,"10","2016",0,26.62,"-16.875 146.175"
"881588","2016-10-06T12:00:00Z",-16.875,146.225,"0.0",0,"26.63","1.32",0,2016-10-06,"10","2016",0,26.63,"-16.875 146.225"
"881629","2016-10-06T12:00:00Z",-16.925,146.225,"0.0",0,"26.59","1.29",0,2016-10-06,"10","2016",0,26.59,"-16.925 146.225"
"881630","2016-10-06T12:00:00Z",-16.925,146.275,"0.0",0,"26.6","1.3",0,2016-10-06,"10","2016",0,26.6,"-16.925 146.275"
"881670","2016-10-06T12:00:00Z",-16.975,146.225,"0.0",0,"26.54","1.25",0,2016-10-06,"10","2016",0,26.54,"-16.975 146.225"
"893312","2016-10-13T12:00:00Z",-16.825,146.125,"0.0",0,"26.54","0.92",0,2016-10-13,"10","2016",0,26.54,"-16.825 146.125"
"893314","2016-10-13T12:00:00Z",-16.825,146.225,"0.0",0,"26.580000000000002","0.99",0,2016-10-13,"10","2016",0,26.58,"-16.825 146.225"
"893354","2016-10-13T12:00:00Z",-16.875,146.175,"0.0",0,"26.55","0.9400000000000001",0,2016-10-13,"10","2016",0,26.55,"-16.875 146.175"
"893355","2016-10-13T12:00:00Z",-16.875,146.225,"0.0",0,"26.580000000000002","0.99",0,2016-10-13,"10","2016",0,26.58,"-16.875 146.225"
"893396","2016-10-13T12:00:00Z",-16.925,146.225,"0.0",0,"26.580000000000002","0.99",0,2016-10-13,"10","2016",0,26.58,"-16.925 146.225"
"893397","2016-10-13T12:00:00Z",-16.925,146.275,"0.0",0,"26.62","1.04",0,2016-10-13,"10","2016",0,26.62,"-16.925 146.275"
"893437","2016-10-13T12:00:00Z",-16.975,146.225,"0.0",0,"26.6","1.01",0,2016-10-13,"10","2016",0,26.6,"-16.975 146.225"
"905079","2016-10-20T12:00:00Z",-16.825,146.125,"0.0",0,"27.01","1.07",0,2016-10-20,"10","2016",0,27.01,"-16.825 146.125"
"905081","2016-10-20T12:00:00Z",-16.825,146.225,"0.0",0,"27.03","1.1400000000000001",0,2016-10-20,"10","2016",0,27.03,"-16.825 146.225"
"905121","2016-10-20T12:00:00Z",-16.875,146.175,"0.0",0,"27.02","1.11",0,2016-10-20,"10","2016",0,27.02,"-16.875 146.175"
"905122","2016-10-20T12:00:00Z",-16.875,146.225,"0.0",0,"27.03","1.1400000000000001",0,2016-10-20,"10","2016",0,27.03,"-16.875 146.225"
"905163","2016-10-20T12:00:00Z",-16.925,146.225,"0.0",0,"27.02","1.12",0,2016-10-20,"10","2016",0,27.02,"-16.925 146.225"
"905164","2016-10-20T12:00:00Z",-16.925,146.275,"0.0",0,"27.01","1.1300000000000001",0,2016-10-20,"10","2016",0,27.01,"-16.925 146.275"
"905204","2016-10-20T12:00:00Z",-16.975,146.225,"0.0",0,"27.01","1.11",0,2016-10-20,"10","2016",0,27.01,"-16.975 146.225"
"916846","2016-10-27T12:00:00Z",-16.825,146.125,"0.0",0,"26.78","0.53",0,2016-10-27,"10","2016",0,26.78,"-16.825 146.125"
"916848","2016-10-27T12:00:00Z",-16.825,146.225,"0.0",0,"26.75","0.55",0,2016-10-27,"10","2016",0,26.75,"-16.825 146.225"
"916888","2016-10-27T12:00:00Z",-16.875,146.175,"0.0",0,"26.79","0.56",0,2016-10-27,"10","2016",0,26.79,"-16.875 146.175"
"916889","2016-10-27T12:00:00Z",-16.875,146.225,"0.0",0,"26.77","0.5700000000000001",0,2016-10-27,"10","2016",0,26.77,"-16.875 146.225"
"916930","2016-10-27T12:00:00Z",-16.925,146.225,"0.0",0,"26.8","0.59",0,2016-10-27,"10","2016",0,26.8,"-16.925 146.225"
"916931","2016-10-27T12:00:00Z",-16.925,146.275,"0.0",0,"26.76","0.5700000000000001",0,2016-10-27,"10","2016",0,26.76,"-16.925 146.275"
"916971","2016-10-27T12:00:00Z",-16.975,146.225,"0.0",0,"26.84","0.62",0,2016-10-27,"10","2016",0,26.84,"-16.975 146.225"
"928613","2016-11-03T12:00:00Z",-16.825,146.125,"0.0",0,"27.29","0.72",0,2016-11-03,"11","2016",0,27.29,"-16.825 146.125"
"928615","2016-11-03T12:00:00Z",-16.825,146.225,"0.0",0,"27.22","0.72",0,2016-11-03,"11","2016",0,27.22,"-16.825 146.225"
"928655","2016-11-03T12:00:00Z",-16.875,146.175,"0.0",0,"27.28","0.74",0,2016-11-03,"11","2016",0,27.28,"-16.875 146.175"
"928656","2016-11-03T12:00:00Z",-16.875,146.225,"0.0",0,"27.240000000000002","0.72",0,2016-11-03,"11","2016",0,27.24,"-16.875 146.225"
"928697","2016-11-03T12:00:00Z",-16.925,146.225,"0.0",0,"27.28","0.75",0,2016-11-03,"11","2016",0,27.28,"-16.925 146.225"
"928698","2016-11-03T12:00:00Z",-16.925,146.275,"0.0",0,"27.23","0.72",0,2016-11-03,"11","2016",0,27.23,"-16.925 146.275"
"928738","2016-11-03T12:00:00Z",-16.975,146.225,"0.0",0,"27.310000000000002","0.77",0,2016-11-03,"11","2016",0,27.31,"-16.975 146.225"
"940380","2016-11-10T12:00:00Z",-16.825,146.125,"0.0",0,"28.02","1.1400000000000001",0,2016-11-10,"11","2016",0,28.02,"-16.825 146.125"
"940382","2016-11-10T12:00:00Z",-16.825,146.225,"0.0",0,"27.87","1.06",0,2016-11-10,"11","2016",0,27.87,"-16.825 146.225"
"940422","2016-11-10T12:00:00Z",-16.875,146.175,"0.0",0,"27.94","1.08",0,2016-11-10,"11","2016",0,27.94,"-16.875 146.175"
"940423","2016-11-10T12:00:00Z",-16.875,146.225,"0.0",0,"27.88","1.05",0,2016-11-10,"11","2016",0,27.88,"-16.875 146.225"
"940464","2016-11-10T12:00:00Z",-16.925,146.225,"0.0",0,"27.92","1.08",0,2016-11-10,"11","2016",0,27.92,"-16.925 146.225"
"940465","2016-11-10T12:00:00Z",-16.925,146.275,"0.0",0,"27.89","1.07",0,2016-11-10,"11","2016",0,27.89,"-16.925 146.275"
"940505","2016-11-10T12:00:00Z",-16.975,146.225,"0.0",0,"28.02","1.16",0,2016-11-10,"11","2016",0,28.02,"-16.975 146.225"
"952147","2016-11-17T12:00:00Z",-16.825,146.125,"0.0",0,"27.650000000000002","0.49",0,2016-11-17,"11","2016",0,27.65,"-16.825 146.125"
"952149","2016-11-17T12:00:00Z",-16.825,146.225,"0.0",0,"27.61","0.53",0,2016-11-17,"11","2016",0,27.61,"-16.825 146.225"
"952189","2016-11-17T12:00:00Z",-16.875,146.175,"0.0",0,"27.63","0.5",0,2016-11-17,"11","2016",0,27.63,"-16.875 146.175"
"952190","2016-11-17T12:00:00Z",-16.875,146.225,"0.0",0,"27.61","0.51",0,2016-11-17,"11","2016",0,27.61,"-16.875 146.225"
"952231","2016-11-17T12:00:00Z",-16.925,146.225,"0.0",0,"27.6","0.48",0,2016-11-17,"11","2016",0,27.6,"-16.925 146.225"
"952232","2016-11-17T12:00:00Z",-16.925,146.275,"0.0",0,"27.59","0.5",0,2016-11-17,"11","2016",0,27.59,"-16.925 146.275"
"952272","2016-11-17T12:00:00Z",-16.975,146.225,"0.0",0,"27.61","0.47000000000000003",0,2016-11-17,"11","2016",0,27.61,"-16.975 146.225"
"963914","2016-11-24T12:00:00Z",-16.825,146.125,"0.0",0,"27.900000000000002","0.5700000000000001",0,2016-11-24,"11","2016",0,27.9,"-16.825 146.125"
"963916","2016-11-24T12:00:00Z",-16.825,146.225,"0.0",0,"27.86","0.59",0,2016-11-24,"11","2016",0,27.86,"-16.825 146.225"
"963956","2016-11-24T12:00:00Z",-16.875,146.175,"0.0",0,"27.88","0.5700000000000001",0,2016-11-24,"11","2016",0,27.88,"-16.875 146.175"
"963957","2016-11-24T12:00:00Z",-16.875,146.225,"0.0",0,"27.87","0.59",0,2016-11-24,"11","2016",0,27.87,"-16.875 146.225"
"963998","2016-11-24T12:00:00Z",-16.925,146.225,"0.0",0,"27.88","0.58",0,2016-11-24,"11","2016",0,27.88,"-16.925 146.225"
"963999","2016-11-24T12:00:00Z",-16.925,146.275,"0.0",0,"27.89","0.62",0,2016-11-24,"11","2016",0,27.89,"-16.925 146.275"
"964039","2016-11-24T12:00:00Z",-16.975,146.225,"0.0",0,"27.91","0.6",0,2016-11-24,"11","2016",0,27.91,"-16.975 146.225"
"975681","2016-12-01T12:00:00Z",-16.825,146.125,"0.0",0,"28.22","0.71",0,2016-12-01,"12","2016",0,28.22,"-16.825 146.125"
"975683","2016-12-01T12:00:00Z",-16.825,146.225,"0.0",0,"28.11","0.65",0,2016-12-01,"12","2016",0,28.11,"-16.825 146.225"
"975723","2016-12-01T12:00:00Z",-16.875,146.175,"0.0",0,"28.2","0.71",0,2016-12-01,"12","2016",0,28.2,"-16.875 146.175"
"975724","2016-12-01T12:00:00Z",-16.875,146.225,"0.0",0,"28.12","0.65",0,2016-12-01,"12","2016",0,28.12,"-16.875 146.225"
"975765","2016-12-01T12:00:00Z",-16.925,146.225,"0.0",0,"28.17","0.6900000000000001",0,2016-12-01,"12","2016",0,28.17,"-16.925 146.225"
"975766","2016-12-01T12:00:00Z",-16.925,146.275,"0.0",0,"28.14","0.68",0,2016-12-01,"12","2016",0,28.14,"-16.925 146.275"
"975806","2016-12-01T12:00:00Z",-16.975,146.225,"0.0",0,"28.240000000000002","0.76",0,2016-12-01,"12","2016",0,28.24,"-16.975 146.225"
"987448","2016-12-08T12:00:00Z",-16.825,146.125,"0.0",0,"28.17","0.49",0,2016-12-08,"12","2016",0,28.17,"-16.825 146.125"
"987450","2016-12-08T12:00:00Z",-16.825,146.225,"0.0",0,"28.080000000000002","0.44",0,2016-12-08,"12","2016",0,28.08,"-16.825 146.225"
"987490","2016-12-08T12:00:00Z",-16.875,146.175,"0.0",0,"28.14","0.48",0,2016-12-08,"12","2016",0,28.14,"-16.875 146.175"
"987491","2016-12-08T12:00:00Z",-16.875,146.225,"0.0",0,"28.1","0.45",0,2016-12-08,"12","2016",0,28.1,"-16.875 146.225"
"987532","2016-12-08T12:00:00Z",-16.925,146.225,"0.0",0,"28.14","0.49",0,2016-12-08,"12","2016",0,28.14,"-16.925 146.225"
"987533","2016-12-08T12:00:00Z",-16.925,146.275,"0.0",0,"28.12","0.48",0,2016-12-08,"12","2016",0,28.12,"-16.925 146.275"
"987573","2016-12-08T12:00:00Z",-16.975,146.225,"0.0",0,"28.2","0.54",0,2016-12-08,"12","2016",0,28.2,"-16.975 146.225"
"999215","2016-12-15T12:00:00Z",-16.825,146.125,"0.0",0,"28.28","0.42",0,2016-12-15,"12","2016",0,28.28,"-16.825 146.125"
"999217","2016-12-15T12:00:00Z",-16.825,146.225,"0.0",0,"28.17","0.34",0,2016-12-15,"12","2016",0,28.17,"-16.825 146.225"
"999257","2016-12-15T12:00:00Z",-16.875,146.175,"0.0",0,"28.2","0.36",0,2016-12-15,"12","2016",0,28.2,"-16.875 146.175"
"999258","2016-12-15T12:00:00Z",-16.875,146.225,"0.0",0,"28.19","0.36",0,2016-12-15,"12","2016",0,28.19,"-16.875 146.225"
"999299","2016-12-15T12:00:00Z",-16.925,146.225,"0.0",0,"28.23","0.4",0,2016-12-15,"12","2016",0,28.23,"-16.925 146.225"
"999300","2016-12-15T12:00:00Z",-16.925,146.275,"0.0",0,"28.23","0.41000000000000003",0,2016-12-15,"12","2016",0,28.23,"-16.925 146.275"
"999340","2016-12-15T12:00:00Z",-16.975,146.225,"0.0",0,"28.29","0.46",0,2016-12-15,"12","2016",0,28.29,"-16.975 146.225"
"1010982","2016-12-22T12:00:00Z",-16.825,146.125,"0.0",0,"28.55","0.54",0,2016-12-22,"12","2016",0,28.55,"-16.825 146.125"
"1010984","2016-12-22T12:00:00Z",-16.825,146.225,"0.0",0,"28.45","0.47000000000000003",0,2016-12-22,"12","2016",0,28.45,"-16.825 146.225"
"1011024","2016-12-22T12:00:00Z",-16.875,146.175,"0.0",0,"28.55","0.55",0,2016-12-22,"12","2016",0,28.55,"-16.875 146.175"
"1011025","2016-12-22T12:00:00Z",-16.875,146.225,"0.0",0,"28.5","0.52",0,2016-12-22,"12","2016",0,28.5,"-16.875 146.225"
"1011066","2016-12-22T12:00:00Z",-16.925,146.225,"0.0",0,"28.560000000000002","0.5700000000000001",0,2016-12-22,"12","2016",0,28.56,"-16.925 146.225"
"1011067","2016-12-22T12:00:00Z",-16.925,146.275,"0.0",0,"28.51","0.53",0,2016-12-22,"12","2016",0,28.51,"-16.925 146.275"
"1011107","2016-12-22T12:00:00Z",-16.975,146.225,"0.0",0,"28.650000000000002","0.66",0,2016-12-22,"12","2016",0,28.65,"-16.975 146.225"
"1022749","2016-12-29T12:00:00Z",-16.825,146.125,"0.0",0,"28.66","0.49",0,2016-12-29,"12","2016",0,28.66,"-16.825 146.125"
"1022751","2016-12-29T12:00:00Z",-16.825,146.225,"0.0",0,"28.55","0.42",0,2016-12-29,"12","2016",0,28.55,"-16.825 146.225"
"1022791","2016-12-29T12:00:00Z",-16.875,146.175,"0.0",0,"28.66","0.51",0,2016-12-29,"12","2016",0,28.66,"-16.875 146.175"
"1022792","2016-12-29T12:00:00Z",-16.875,146.225,"0.0",0,"28.62","0.48",0,2016-12-29,"12","2016",0,28.62,"-16.875 146.225"
"1022833","2016-12-29T12:00:00Z",-16.925,146.225,"0.0",0,"28.71","0.56",0,2016-12-29,"12","2016",0,28.71,"-16.925 146.225"
"1022834","2016-12-29T12:00:00Z",-16.925,146.275,"0.0",0,"28.68","0.55",0,2016-12-29,"12","2016",0,28.68,"-16.925 146.275"
"1022874","2016-12-29T12:00:00Z",-16.975,146.225,"0.0",0,"28.78","0.63",0,2016-12-29,"12","2016",0,28.78,"-16.975 146.225"
"1034516","2017-01-05T12:00:00Z",-16.825,146.125,"0.0",0,"29.41","1.09",0,2017-01-05,"01","2017",0,29.41,"-16.825 146.125"
"1034518","2017-01-05T12:00:00Z",-16.825,146.225,"0.0",0,"29.38","1.1",0,2017-01-05,"01","2017",0,29.38,"-16.825 146.225"
"1034558","2017-01-05T12:00:00Z",-16.875,146.175,"0.0",0,"29.43","1.12",0,2017-01-05,"01","2017",0,29.43,"-16.875 146.175"
"1034559","2017-01-05T12:00:00Z",-16.875,146.225,"0.0",0,"29.42","1.1300000000000001",0,2017-01-05,"01","2017",0,29.42,"-16.875 146.225"
"1034600","2017-01-05T12:00:00Z",-16.925,146.225,"0.0",0,"29.44","1.1400000000000001",0,2017-01-05,"01","2017",0,29.44,"-16.925 146.225"
"1034601","2017-01-05T12:00:00Z",-16.925,146.275,"0.0",0,"29.42","1.1300000000000001",0,2017-01-05,"01","2017",0,29.42,"-16.925 146.275"
"1034641","2017-01-05T12:00:00Z",-16.975,146.225,"0.0",0,"29.47","1.16",0,2017-01-05,"01","2017",0,29.47,"-16.975 146.225"
"1046283","2017-01-12T12:00:00Z",-16.825,146.125,"0.0",0,"29.5","1.03",0,2017-01-12,"01","2017",0,29.5,"-16.825 146.125"
"1046285","2017-01-12T12:00:00Z",-16.825,146.225,"0.0",0,"29.5","1.06",0,2017-01-12,"01","2017",0,29.5,"-16.825 146.225"
"1046325","2017-01-12T12:00:00Z",-16.875,146.175,"0.0",0,"29.48","1.02",0,2017-01-12,"01","2017",0,29.48,"-16.875 146.175"
"1046326","2017-01-12T12:00:00Z",-16.875,146.225,"0.0",0,"29.5","1.06",0,2017-01-12,"01","2017",0,29.5,"-16.875 146.225"
"1046367","2017-01-12T12:00:00Z",-16.925,146.225,"0.0",0,"29.5","1.04",0,2017-01-12,"01","2017",0,29.5,"-16.925 146.225"
"1046368","2017-01-12T12:00:00Z",-16.925,146.275,"0.0",0,"29.490000000000002","1.05",0,2017-01-12,"01","2017",0,29.49,"-16.925 146.275"
"1046408","2017-01-12T12:00:00Z",-16.975,146.225,"0.0",0,"29.53","1.06",0,2017-01-12,"01","2017",0,29.53,"-16.975 146.225"
"1058050","2017-01-19T12:00:00Z",-16.825,146.125,"0.33",0,"29.66","1.1",0,2017-01-19,"01","2017",0.33,29.66,"-16.825 146.125"
"1058052","2017-01-19T12:00:00Z",-16.825,146.225,"0.45",0,"29.650000000000002","1.1300000000000001",0,2017-01-19,"01","2017",0.45,29.65,"-16.825 146.225"
"1058092","2017-01-19T12:00:00Z",-16.875,146.175,"0.32",0,"29.67","1.12",0,2017-01-19,"01","2017",0.32,29.67,"-16.875 146.175"
"1058093","2017-01-19T12:00:00Z",-16.875,146.225,"0.46",0,"29.67","1.1400000000000001",0,2017-01-19,"01","2017",0.46,29.67,"-16.875 146.225"
"1058134","2017-01-19T12:00:00Z",-16.925,146.225,"0.47000000000000003",0,"29.7","1.1500000000000001",0,2017-01-19,"01","2017",0.47,29.7,"-16.925 146.225"
"1058135","2017-01-19T12:00:00Z",-16.925,146.275,"0.46",0,"29.67","1.1400000000000001",0,2017-01-19,"01","2017",0.46,29.67,"-16.925 146.275"
"1058175","2017-01-19T12:00:00Z",-16.975,146.225,"0.47000000000000003",0,"29.72","1.16",0,2017-01-19,"01","2017",0.47,29.72,"-16.975 146.225"
"1069817","2017-01-26T12:00:00Z",-16.825,146.125,"1.8800000000000001",0,"30.080000000000002","1.49",0,2017-01-26,"01","2017",1.88,30.08,"-16.825 146.125"
"1069819","2017-01-26T12:00:00Z",-16.825,146.225,"1.92",0,"30.01","1.46",0,2017-01-26,"01","2017",1.92,30.01,"-16.825 146.225"
"1069859","2017-01-26T12:00:00Z",-16.875,146.175,"1.83",0,"30.07","1.48",0,2017-01-26,"01","2017",1.83,30.07,"-16.875 146.175"
"1069860","2017-01-26T12:00:00Z",-16.875,146.225,"1.93",0,"30.04","1.47",0,2017-01-26,"01","2017",1.93,30.04,"-16.875 146.225"
"1069901","2017-01-26T12:00:00Z",-16.925,146.225,"1.95",0,"30.060000000000002","1.47",0,2017-01-26,"01","2017",1.95,30.06,"-16.925 146.225"
"1069902","2017-01-26T12:00:00Z",-16.925,146.275,"1.92",0,"30.03","1.46",0,2017-01-26,"01","2017",1.92,30.03,"-16.925 146.275"
"1069942","2017-01-26T12:00:00Z",-16.975,146.225,"1.96",0,"30.080000000000002","1.48",0,2017-01-26,"01","2017",1.96,30.08,"-16.975 146.225"
"1081584","2017-02-02T12:00:00Z",-16.825,146.125,"3.13",0,"29.84","1.21",0,2017-02-02,"02","2017",3.13,29.84,"-16.825 146.125"
"1081586","2017-02-02T12:00:00Z",-16.825,146.225,"3.16",0,"29.78","1.19",0,2017-02-02,"02","2017",3.16,29.78,"-16.825 146.225"
"1081626","2017-02-02T12:00:00Z",-16.875,146.175,"3.08",0,"29.84","1.22",0,2017-02-02,"02","2017",3.08,29.84,"-16.875 146.175"
"1081627","2017-02-02T12:00:00Z",-16.875,146.225,"3.19",0,"29.82","1.22",0,2017-02-02,"02","2017",3.19,29.82,"-16.875 146.225"
"1081668","2017-02-02T12:00:00Z",-16.925,146.225,"3.21",0,"29.85","1.23",0,2017-02-02,"02","2017",3.21,29.85,"-16.925 146.225"
"1081669","2017-02-02T12:00:00Z",-16.925,146.275,"3.17",0,"29.84","1.24",0,2017-02-02,"02","2017",3.17,29.84,"-16.925 146.275"
"1081709","2017-02-02T12:00:00Z",-16.975,146.225,"3.23",0,"29.85","1.21",0,2017-02-02,"02","2017",3.23,29.85,"-16.975 146.225"
"1093351","2017-02-09T12:00:00Z",-16.825,146.125,"3.43",0,"29.62","0.96",0,2017-02-09,"02","2017",3.43,29.62,"-16.825 146.125"
"1093353","2017-02-09T12:00:00Z",-16.825,146.225,"3.6",0,"29.650000000000002","1.03",0,2017-02-09,"02","2017",3.6,29.65,"-16.825 146.225"
"1093393","2017-02-09T12:00:00Z",-16.875,146.175,"3.38",0,"29.64","0.98",0,2017-02-09,"02","2017",3.38,29.64,"-16.875 146.175"
"1093394","2017-02-09T12:00:00Z",-16.875,146.225,"3.34",0,"29.63","0.99",0,2017-02-09,"02","2017",3.34,29.63,"-16.875 146.225"
"1093435","2017-02-09T12:00:00Z",-16.925,146.225,"3.5",0,"29.59","0.93",0,2017-02-09,"02","2017",3.5,29.59,"-16.925 146.225"
"1093436","2017-02-09T12:00:00Z",-16.925,146.275,"3.3200000000000003",0,"29.580000000000002","0.9400000000000001",0,2017-02-09,"02","2017",3.32,29.58,"-16.925 146.275"
"1093476","2017-02-09T12:00:00Z",-16.975,146.225,"3.52",0,"29.580000000000002","0.9",0,2017-02-09,"02","2017",3.52,29.58,"-16.975 146.225"
"1105118","2017-02-16T12:00:00Z",-16.825,146.125,"4.47",0,"29.71","1.04",0,2017-02-16,"02","2017",4.47,29.71,"-16.825 146.125"
"1105120","2017-02-16T12:00:00Z",-16.825,146.225,"4.36",0,"29.66","1.03",0,2017-02-16,"02","2017",4.36,29.66,"-16.825 146.225"
"1105160","2017-02-16T12:00:00Z",-16.875,146.175,"4.34",0,"29.77","1.1",0,2017-02-16,"02","2017",4.34,29.77,"-16.875 146.175"
"1105161","2017-02-16T12:00:00Z",-16.875,146.225,"4.14",0,"29.72","1.07",0,2017-02-16,"02","2017",4.14,29.72,"-16.875 146.225"
"1105202","2017-02-16T12:00:00Z",-16.925,146.225,"4.34",0,"29.78","1.11",0,2017-02-16,"02","2017",4.34,29.78,"-16.925 146.225"
"1105203","2017-02-16T12:00:00Z",-16.925,146.275,"4.13",0,"29.7","1.05",0,2017-02-16,"02","2017",4.13,29.7,"-16.925 146.275"
"1105243","2017-02-16T12:00:00Z",-16.975,146.225,"4.37",0,"29.82","1.1300000000000001",0,2017-02-16,"02","2017",4.37,29.82,"-16.975 146.225"
"1116885","2017-02-23T12:00:00Z",-16.825,146.125,"5.73",0,"29.93","1.42",0,2017-02-23,"02","2017",5.73,29.93,"-16.825 146.125"
"1116887","2017-02-23T12:00:00Z",-16.825,146.225,"5.58",0,"29.92","1.44",0,2017-02-23,"02","2017",5.58,29.92,"-16.825 146.225"
"1116927","2017-02-23T12:00:00Z",-16.875,146.175,"5.6000000000000005",0,"29.96","1.45",0,2017-02-23,"02","2017",5.6,29.96,"-16.875 146.175"
"1116928","2017-02-23T12:00:00Z",-16.875,146.225,"5.39",0,"29.95","1.45",0,2017-02-23,"02","2017",5.39,29.95,"-16.875 146.225"
"1116969","2017-02-23T12:00:00Z",-16.925,146.225,"5.61",0,"29.98","1.47",0,2017-02-23,"02","2017",5.61,29.98,"-16.925 146.225"
"1116970","2017-02-23T12:00:00Z",-16.925,146.275,"5.38",0,"29.97","1.47",0,2017-02-23,"02","2017",5.38,29.97,"-16.925 146.275"
"1117010","2017-02-23T12:00:00Z",-16.975,146.225,"5.66",0,"29.990000000000002","1.46",0,2017-02-23,"02","2017",5.66,29.99,"-16.975 146.225"
"1128652","2017-03-02T12:00:00Z",-16.825,146.125,"5.89",0,"29.29","0.9400000000000001",0,2017-03-02,"03","2017",5.89,29.29,"-16.825 146.125"
"1128654","2017-03-02T12:00:00Z",-16.825,146.225,"5.88",0,"29.28","0.9400000000000001",0,2017-03-02,"03","2017",5.88,29.28,"-16.825 146.225"
"1128694","2017-03-02T12:00:00Z",-16.875,146.175,"5.76",0,"29.26","0.9",0,2017-03-02,"03","2017",5.76,29.26,"-16.875 146.175"
"1128695","2017-03-02T12:00:00Z",-16.875,146.225,"5.69",0,"29.25","0.9",0,2017-03-02,"03","2017",5.69,29.25,"-16.875 146.225"
"1128736","2017-03-02T12:00:00Z",-16.925,146.225,"5.7700000000000005",0,"29.23","0.87",0,2017-03-02,"03","2017",5.77,29.23,"-16.925 146.225"
"1128737","2017-03-02T12:00:00Z",-16.925,146.275,"5.68",0,"29.21","0.86",0,2017-03-02,"03","2017",5.68,29.21,"-16.925 146.275"
"1128777","2017-03-02T12:00:00Z",-16.975,146.225,"5.82",0,"29.22","0.85",0,2017-03-02,"03","2017",5.82,29.22,"-16.975 146.225"
"1140419","2017-03-09T12:00:00Z",-16.825,146.125,"6.63",0,"30.2","2.0100000000000002",0,2017-03-09,"03","2017",6.63,30.2,"-16.825 146.125"
"1140421","2017-03-09T12:00:00Z",-16.825,146.225,"6.69",0,"30.240000000000002","2.05",0,2017-03-09,"03","2017",6.69,30.24,"-16.825 146.225"
"1140461","2017-03-09T12:00:00Z",-16.875,146.175,"6.49",0,"30.16","1.96",0,2017-03-09,"03","2017",6.49,30.16,"-16.875 146.175"
"1140462","2017-03-09T12:00:00Z",-16.875,146.225,"6.45",0,"30.19","1.99",0,2017-03-09,"03","2017",6.45,30.19,"-16.875 146.225"
"1140503","2017-03-09T12:00:00Z",-16.925,146.225,"6.49",0,"30.13","1.93",0,2017-03-09,"03","2017",6.49,30.13,"-16.925 146.225"
"1140504","2017-03-09T12:00:00Z",-16.925,146.275,"6.43",0,"30.16","1.96",0,2017-03-09,"03","2017",6.43,30.16,"-16.925 146.275"
"1140544","2017-03-09T12:00:00Z",-16.975,146.225,"6.5",0,"30.07","1.86",0,2017-03-09,"03","2017",6.5,30.07,"-16.975 146.225"
"1152186","2017-03-16T12:00:00Z",-16.825,146.125,"7.83",0,"29.990000000000002","1.96",0,2017-03-16,"03","2017",7.83,29.99,"-16.825 146.125"
"1152188","2017-03-16T12:00:00Z",-16.825,146.225,"7.930000000000001",0,"29.87","1.83",0,2017-03-16,"03","2017",7.93,29.87,"-16.825 146.225"
"1152228","2017-03-16T12:00:00Z",-16.875,146.175,"7.69",0,"29.96","1.92",0,2017-03-16,"03","2017",7.69,29.96,"-16.875 146.175"
"1152229","2017-03-16T12:00:00Z",-16.875,146.225,"7.69",0,"29.91","1.87",0,2017-03-16,"03","2017",7.69,29.91,"-16.875 146.225"
"1152270","2017-03-16T12:00:00Z",-16.925,146.225,"7.71",0,"29.97","1.93",0,2017-03-16,"03","2017",7.71,29.97,"-16.925 146.225"
"1152271","2017-03-16T12:00:00Z",-16.925,146.275,"7.67",0,"29.92","1.8800000000000001",0,2017-03-16,"03","2017",7.67,29.92,"-16.925 146.275"
"1152311","2017-03-16T12:00:00Z",-16.975,146.225,"7.68",0,"30.03","1.99",0,2017-03-16,"03","2017",7.68,30.03,"-16.975 146.225"
"1163953","2017-03-23T12:00:00Z",-16.825,146.125,"9.3",0,"30.34","2.5500000000000003",0,2017-03-23,"03","2017",9.3,30.34,"-16.825 146.125"
"1163955","2017-03-23T12:00:00Z",-16.825,146.225,"9.370000000000001",0,"30.28","2.47",0,2017-03-23,"03","2017",9.37,30.28,"-16.825 146.225"
"1163995","2017-03-23T12:00:00Z",-16.875,146.175,"9.11",0,"30.29","2.49",0,2017-03-23,"03","2017",9.11,30.29,"-16.875 146.175"
"1163996","2017-03-23T12:00:00Z",-16.875,146.225,"9.1",0,"30.27","2.47",0,2017-03-23,"03","2017",9.1,30.27,"-16.875 146.225"
"1164037","2017-03-23T12:00:00Z",-16.925,146.225,"9.1",0,"30.28","2.48",0,2017-03-23,"03","2017",9.1,30.28,"-16.925 146.225"
"1164038","2017-03-23T12:00:00Z",-16.925,146.275,"9.08",0,"30.3","2.5",0,2017-03-23,"03","2017",9.08,30.3,"-16.925 146.275"
"1164078","2017-03-23T12:00:00Z",-16.975,146.225,"9.07",0,"30.28","2.49",0,2017-03-23,"03","2017",9.07,30.28,"-16.975 146.225"
"1175720","2017-03-30T12:00:00Z",-16.825,146.125,"10.65",0,"29.84","2.29",0,2017-03-30,"03","2017",10.65,29.84,"-16.825 146.125"
"1175722","2017-03-30T12:00:00Z",-16.825,146.225,"10.69",0,"29.72","2.14",0,2017-03-30,"03","2017",10.69,29.72,"-16.825 146.225"
"1175762","2017-03-30T12:00:00Z",-16.875,146.175,"10.41",0,"29.75","2.19",0,2017-03-30,"03","2017",10.41,29.75,"-16.875 146.175"
"1175763","2017-03-30T12:00:00Z",-16.875,146.225,"10.41",0,"29.71","2.14",0,2017-03-30,"03","2017",10.41,29.71,"-16.875 146.225"
"1175804","2017-03-30T12:00:00Z",-16.925,146.225,"10.41",0,"29.71","2.15",0,2017-03-30,"03","2017",10.41,29.71,"-16.925 146.225"
"1175805","2017-03-30T12:00:00Z",-16.925,146.275,"10.4",0,"29.69","2.12",0,2017-03-30,"03","2017",10.4,29.69,"-16.925 146.275"
"1175845","2017-03-30T12:00:00Z",-16.975,146.225,"10.370000000000001",0,"29.72","2.17",0,2017-03-30,"03","2017",10.37,29.72,"-16.975 146.225"
"1187487","2017-04-06T12:00:00Z",-16.825,146.125,"10.8",0,"28.95","1.6400000000000001",0,2017-04-06,"04","2017",10.8,28.95,"-16.825 146.125"
"1187489","2017-04-06T12:00:00Z",-16.825,146.225,"10.99",0,"28.98","1.6300000000000001",0,2017-04-06,"04","2017",10.99,28.98,"-16.825 146.225"
"1187529","2017-04-06T12:00:00Z",-16.875,146.175,"10.56",0,"28.94","1.62",0,2017-04-06,"04","2017",10.56,28.94,"-16.875 146.175"
"1187530","2017-04-06T12:00:00Z",-16.875,146.225,"10.700000000000001",0,"28.96","1.62",0,2017-04-06,"04","2017",10.7,28.96,"-16.875 146.225"
"1187571","2017-04-06T12:00:00Z",-16.925,146.225,"10.56",0,"28.93","1.61",0,2017-04-06,"04","2017",10.56,28.93,"-16.925 146.225"
"1187572","2017-04-06T12:00:00Z",-16.925,146.275,"10.700000000000001",0,"28.93","1.59",0,2017-04-06,"04","2017",10.7,28.93,"-16.925 146.275"
"1187612","2017-04-06T12:00:00Z",-16.975,146.225,"10.370000000000001",0,"28.900000000000002","1.59",0,2017-04-06,"04","2017",10.37,28.9,"-16.975 146.225"
"1199254","2017-04-13T12:00:00Z",-16.825,146.125,"10.47",0,"28.19","1.12",0,2017-04-13,"04","2017",10.47,28.19,"-16.825 146.125"
"1199256","2017-04-13T12:00:00Z",-16.825,146.225,"10.540000000000001",0,"28.240000000000002","1.12",0,2017-04-13,"04","2017",10.54,28.24,"-16.825 146.225"
"1199296","2017-04-13T12:00:00Z",-16.875,146.175,"10.24",0,"28.19","1.11",0,2017-04-13,"04","2017",10.24,28.19,"-16.875 146.175"
"1199297","2017-04-13T12:00:00Z",-16.875,146.225,"10.24",0,"28.21","1.1",0,2017-04-13,"04","2017",10.24,28.21,"-16.875 146.225"
"1199338","2017-04-13T12:00:00Z",-16.925,146.225,"10.09",0,"28.19","1.1",0,2017-04-13,"04","2017",10.09,28.19,"-16.925 146.225"
"1199339","2017-04-13T12:00:00Z",-16.925,146.275,"10.23",0,"28.21","1.1",0,2017-04-13,"04","2017",10.23,28.21,"-16.925 146.275"
"1199379","2017-04-13T12:00:00Z",-16.975,146.225,"9.9",0,"28.19","1.12",0,2017-04-13,"04","2017",9.9,28.19,"-16.975 146.225"
"1211021","2017-04-20T12:00:00Z",-16.825,146.125,"8.92",0,"27.5","0.73",0,2017-04-20,"04","2017",8.92,27.5,"-16.825 146.125"
"1211023","2017-04-20T12:00:00Z",-16.825,146.225,"9.07",0,"27.68","0.85",0,2017-04-20,"04","2017",9.07,27.68,"-16.825 146.225"
"1211063","2017-04-20T12:00:00Z",-16.875,146.175,"8.73",0,"27.52","0.73",0,2017-04-20,"04","2017",8.73,27.52,"-16.875 146.175"
"1211064","2017-04-20T12:00:00Z",-16.875,146.225,"8.77",0,"27.62","0.8",0,2017-04-20,"04","2017",8.77,27.62,"-16.875 146.225"
"1211105","2017-04-20T12:00:00Z",-16.925,146.225,"8.61",0,"27.54","0.74",0,2017-04-20,"04","2017",8.61,27.54,"-16.925 146.225"
"1211106","2017-04-20T12:00:00Z",-16.925,146.275,"8.78",0,"27.650000000000002","0.8300000000000001",0,2017-04-20,"04","2017",8.78,27.65,"-16.925 146.275"
"1211146","2017-04-20T12:00:00Z",-16.975,146.225,"8.41",0,"27.47","0.6900000000000001",0,2017-04-20,"04","2017",8.41,27.47,"-16.975 146.225"
"1222788","2017-04-27T12:00:00Z",-16.825,146.125,"7.67",0,"27.42","0.96",0,2017-04-27,"04","2017",7.67,27.42,"-16.825 146.125"
"1222790","2017-04-27T12:00:00Z",-16.825,146.225,"7.83",0,"27.63","1.1",0,2017-04-27,"04","2017",7.83,27.63,"-16.825 146.225"
"1222830","2017-04-27T12:00:00Z",-16.875,146.175,"7.48",0,"27.53","1.06",0,2017-04-27,"04","2017",7.48,27.53,"-16.875 146.175"
"1222831","2017-04-27T12:00:00Z",-16.875,146.225,"7.5200000000000005",0,"27.6","1.08",0,2017-04-27,"04","2017",7.52,27.6,"-16.875 146.225"
"1222872","2017-04-27T12:00:00Z",-16.925,146.225,"7.3500000000000005",0,"27.560000000000002","1.07",0,2017-04-27,"04","2017",7.35,27.56,"-16.925 146.225"
"1222873","2017-04-27T12:00:00Z",-16.925,146.275,"7.53",0,"27.59","1.07",0,2017-04-27,"04","2017",7.53,27.59,"-16.925 146.275"
"1222913","2017-04-27T12:00:00Z",-16.975,146.225,"7.140000000000001",0,"27.53","1.07",0,2017-04-27,"04","2017",7.14,27.53,"-16.975 146.225"
"1234555","2017-05-04T12:00:00Z",-16.825,146.125,"7.37",0,"26.75","0.61",0,2017-05-04,"05","2017",7.37,26.75,"-16.825 146.125"
"1234557","2017-05-04T12:00:00Z",-16.825,146.225,"7.390000000000001",0,"26.93","0.7000000000000001",0,2017-05-04,"05","2017",7.39,26.93,"-16.825 146.225"
"1234597","2017-05-04T12:00:00Z",-16.875,146.175,"7.18",0,"26.810000000000002","0.65",0,2017-05-04,"05","2017",7.18,26.81,"-16.875 146.175"
"1234598","2017-05-04T12:00:00Z",-16.875,146.225,"7.37",0,"26.900000000000002","0.6900000000000001",0,2017-05-04,"05","2017",7.37,26.9,"-16.875 146.225"
"1234639","2017-05-04T12:00:00Z",-16.925,146.225,"7.05",0,"26.85","0.67",0,2017-05-04,"05","2017",7.05,26.85,"-16.925 146.225"
"1234640","2017-05-04T12:00:00Z",-16.925,146.275,"7.38",0,"26.96","0.74",0,2017-05-04,"05","2017",7.38,26.96,"-16.925 146.275"
"1234680","2017-05-04T12:00:00Z",-16.975,146.225,"6.8500000000000005",0,"26.78","0.63",0,2017-05-04,"05","2017",6.85,26.78,"-16.975 146.225"
"1246322","2017-05-11T12:00:00Z",-16.825,146.125,"6.33",0,"26.1","0.28",0,2017-05-11,"05","2017",6.33,26.1,"-16.825 146.125"
"1246324","2017-05-11T12:00:00Z",-16.825,146.225,"6.63",0,"26.310000000000002","0.38",0,2017-05-11,"05","2017",6.63,26.31,"-16.825 146.225"
"1246364","2017-05-11T12:00:00Z",-16.875,146.175,"6.22",0,"26.18","0.33",0,2017-05-11,"05","2017",6.22,26.18,"-16.875 146.175"
"1246365","2017-05-11T12:00:00Z",-16.875,146.225,"6.5600000000000005",0,"26.26","0.36",0,2017-05-11,"05","2017",6.56,26.26,"-16.875 146.225"
"1246406","2017-05-11T12:00:00Z",-16.925,146.225,"6.22",0,"26.2","0.33",0,2017-05-11,"05","2017",6.22,26.2,"-16.925 146.225"
"1246407","2017-05-11T12:00:00Z",-16.925,146.275,"6.57",0,"26.27","0.35000000000000003",0,2017-05-11,"05","2017",6.57,26.27,"-16.925 146.275"
"1246447","2017-05-11T12:00:00Z",-16.975,146.225,"6.0",0,"26.14","0.3",0,2017-05-11,"05","2017",6,26.14,"-16.975 146.225"
"1258089","2017-05-18T12:00:00Z",-16.825,146.125,"5.07",0,"25.61","0.11",0,2017-05-18,"05","2017",5.07,25.61,"-16.825 146.125"
"1258091","2017-05-18T12:00:00Z",-16.825,146.225,"5.41",0,"25.77","0.15",0,2017-05-18,"05","2017",5.41,25.77,"-16.825 146.225"
"1258131","2017-05-18T12:00:00Z",-16.875,146.175,"4.96",0,"25.69","0.16",0,2017-05-18,"05","2017",4.96,25.69,"-16.875 146.175"
"1258132","2017-05-18T12:00:00Z",-16.875,146.225,"5.32",0,"25.77","0.18",0,2017-05-18,"05","2017",5.32,25.77,"-16.875 146.225"
"1258173","2017-05-18T12:00:00Z",-16.925,146.225,"4.94",0,"25.75","0.2",0,2017-05-18,"05","2017",4.94,25.75,"-16.925 146.225"
"1258174","2017-05-18T12:00:00Z",-16.925,146.275,"5.3100000000000005",0,"25.82","0.21",0,2017-05-18,"05","2017",5.31,25.82,"-16.925 146.275"
"1258214","2017-05-18T12:00:00Z",-16.975,146.225,"4.71",0,"25.73","0.21",0,2017-05-18,"05","2017",4.71,25.73,"-16.975 146.225"
"1269856","2017-05-25T12:00:00Z",-16.825,146.125,"4.91",0,"25.79","0.63",0,2017-05-25,"05","2017",4.91,25.79,"-16.825 146.125"
"1269858","2017-05-25T12:00:00Z",-16.825,146.225,"5.11",0,"26.0","0.6900000000000001",0,2017-05-25,"05","2017",5.11,26,"-16.825 146.225"
"1269898","2017-05-25T12:00:00Z",-16.875,146.175,"4.8",0,"25.84","0.64",0,2017-05-25,"05","2017",4.8,25.84,"-16.875 146.175"
"1269899","2017-05-25T12:00:00Z",-16.875,146.225,"5.01",0,"25.91","0.64",0,2017-05-25,"05","2017",5.01,25.91,"-16.875 146.225"
"1269940","2017-05-25T12:00:00Z",-16.925,146.225,"4.79",0,"25.82","0.6",0,2017-05-25,"05","2017",4.79,25.82,"-16.925 146.225"
"1269941","2017-05-25T12:00:00Z",-16.925,146.275,"5.0200000000000005",0,"25.900000000000002","0.6",0,2017-05-25,"05","2017",5.02,25.9,"-16.925 146.275"
"1269981","2017-05-25T12:00:00Z",-16.975,146.225,"4.5600000000000005",0,"25.73","0.54",0,2017-05-25,"05","2017",4.56,25.73,"-16.975 146.225"
"1281623","2017-06-01T12:00:00Z",-16.825,146.125,"4.17",0,"25.36","0.53",0,2017-06-01,"06","2017",4.17,25.36,"-16.825 146.125"
"1281625","2017-06-01T12:00:00Z",-16.825,146.225,"4.3",0,"25.52","0.53",0,2017-06-01,"06","2017",4.3,25.52,"-16.825 146.225"
"1281665","2017-06-01T12:00:00Z",-16.875,146.175,"4.07",0,"25.36","0.49",0,2017-06-01,"06","2017",4.07,25.36,"-16.875 146.175"
"1281666","2017-06-01T12:00:00Z",-16.875,146.225,"4.25",0,"25.45","0.5",0,2017-06-01,"06","2017",4.25,25.45,"-16.875 146.225"
"1281707","2017-06-01T12:00:00Z",-16.925,146.225,"4.0600000000000005",0,"25.38","0.49",0,2017-06-01,"06","2017",4.06,25.38,"-16.925 146.225"
"1281708","2017-06-01T12:00:00Z",-16.925,146.275,"4.26",0,"25.48","0.5",0,2017-06-01,"06","2017",4.26,25.48,"-16.925 146.275"
"1281748","2017-06-01T12:00:00Z",-16.975,146.225,"3.87",0,"25.310000000000002","0.46",0,2017-06-01,"06","2017",3.87,25.31,"-16.975 146.225"
"1293390","2017-06-08T12:00:00Z",-16.825,146.125,"2.97",0,"24.400000000000002","-0.09",0,2017-06-08,"06","2017",2.97,24.4,"-16.825 146.125"
"1293392","2017-06-08T12:00:00Z",-16.825,146.225,"3.06",0,"24.72","0.04",0,2017-06-08,"06","2017",3.06,24.72,"-16.825 146.225"
"1293432","2017-06-08T12:00:00Z",-16.875,146.175,"2.86",0,"24.45","-0.09",0,2017-06-08,"06","2017",2.86,24.45,"-16.875 146.175"
"1293433","2017-06-08T12:00:00Z",-16.875,146.225,"3.0100000000000002",0,"24.6","-0.02",0,2017-06-08,"06","2017",3.01,24.6,"-16.875 146.225"
"1293474","2017-06-08T12:00:00Z",-16.925,146.225,"2.85",0,"24.51","-0.06",0,2017-06-08,"06","2017",2.85,24.51,"-16.925 146.225"
"1293475","2017-06-08T12:00:00Z",-16.925,146.275,"3.0300000000000002",0,"24.67","0.01",0,2017-06-08,"06","2017",3.03,24.67,"-16.925 146.275"
"1293515","2017-06-08T12:00:00Z",-16.975,146.225,"2.69",0,"24.43","-0.09",0,2017-06-08,"06","2017",2.69,24.43,"-16.975 146.225"
"1305157","2017-06-15T12:00:00Z",-16.825,146.125,"1.5",0,"24.16","0.0",0,2017-06-15,"06","2017",1.5,24.16,"-16.825 146.125"
"1305159","2017-06-15T12:00:00Z",-16.825,146.225,"1.62",0,"24.45","0.09",0,2017-06-15,"06","2017",1.62,24.45,"-16.825 146.225"
"1305199","2017-06-15T12:00:00Z",-16.875,146.175,"1.45",0,"24.23","0.02",0,2017-06-15,"06","2017",1.45,24.23,"-16.875 146.175"
"1305200","2017-06-15T12:00:00Z",-16.875,146.225,"1.6",0,"24.38","0.08",0,2017-06-15,"06","2017",1.6,24.38,"-16.875 146.225"
"1305241","2017-06-15T12:00:00Z",-16.925,146.225,"1.45",0,"24.32","0.08",0,2017-06-15,"06","2017",1.45,24.32,"-16.925 146.225"
"1305242","2017-06-15T12:00:00Z",-16.925,146.275,"1.62",0,"24.47","0.13",0,2017-06-15,"06","2017",1.62,24.47,"-16.925 146.275"
"1305282","2017-06-15T12:00:00Z",-16.975,146.225,"1.3",0,"24.26","0.07",0,2017-06-15,"06","2017",1.3,24.26,"-16.975 146.225"
"1316924","2017-06-22T12:00:00Z",-16.825,146.125,"0.15",0,"24.18","0.16",0,2017-06-22,"06","2017",0.15,24.18,"-16.825 146.125"
"1316926","2017-06-22T12:00:00Z",-16.825,146.225,"0.3",0,"24.36","0.13",0,2017-06-22,"06","2017",0.3,24.36,"-16.825 146.225"
"1316966","2017-06-22T12:00:00Z",-16.875,146.175,"0.15",0,"24.2","0.13",0,2017-06-22,"06","2017",0.15,24.2,"-16.875 146.175"
"1316967","2017-06-22T12:00:00Z",-16.875,146.225,"0.3",0,"24.29","0.13",0,2017-06-22,"06","2017",0.3,24.29,"-16.875 146.225"
"1317008","2017-06-22T12:00:00Z",-16.925,146.225,"0.15",0,"24.23","0.13",0,2017-06-22,"06","2017",0.15,24.23,"-16.925 146.225"
"1317009","2017-06-22T12:00:00Z",-16.925,146.275,"0.3",0,"24.34","0.14",0,2017-06-22,"06","2017",0.3,24.34,"-16.925 146.275"
"1317049","2017-06-22T12:00:00Z",-16.975,146.225,"0.0",0,"24.16","0.12",0,2017-06-22,"06","2017",0,24.16,"-16.975 146.225"
"1328691","2017-06-29T12:00:00Z",-16.825,146.125,"0.0",0,"24.21","0.33",0,2017-06-29,"06","2017",0,24.21,"-16.825 146.125"
"1328693","2017-06-29T12:00:00Z",-16.825,146.225,"0.0",0,"24.43","0.33",0,2017-06-29,"06","2017",0,24.43,"-16.825 146.225"
"1328733","2017-06-29T12:00:00Z",-16.875,146.175,"0.0",0,"24.27","0.34",0,2017-06-29,"06","2017",0,24.27,"-16.875 146.175"
"1328734","2017-06-29T12:00:00Z",-16.875,146.225,"0.0",0,"24.37","0.34",0,2017-06-29,"06","2017",0,24.37,"-16.875 146.225"
"1328775","2017-06-29T12:00:00Z",-16.925,146.225,"0.0",0,"24.310000000000002","0.35000000000000003",0,2017-06-29,"06","2017",0,24.31,"-16.925 146.225"
"1328776","2017-06-29T12:00:00Z",-16.925,146.275,"0.0",0,"24.38","0.32",0,2017-06-29,"06","2017",0,24.38,"-16.925 146.275"
"1328816","2017-06-29T12:00:00Z",-16.975,146.225,"0.0",0,"24.23","0.33",0,2017-06-29,"06","2017",0,24.23,"-16.975 146.225"
"1340458","2017-07-06T12:00:00Z",-16.825,146.125,"0.0",0,"24.400000000000002","0.66",0,2017-07-06,"07","2017",0,24.4,"-16.825 146.125"
"1340460","2017-07-06T12:00:00Z",-16.825,146.225,"0.0",0,"24.54","0.5700000000000001",0,2017-07-06,"07","2017",0,24.54,"-16.825 146.225"
"1340500","2017-07-06T12:00:00Z",-16.875,146.175,"0.0",0,"24.44","0.66",0,2017-07-06,"07","2017",0,24.44,"-16.875 146.175"
"1340501","2017-07-06T12:00:00Z",-16.875,146.225,"0.0",0,"24.5","0.61",0,2017-07-06,"07","2017",0,24.5,"-16.875 146.225"
"1340542","2017-07-06T12:00:00Z",-16.925,146.225,"0.0",0,"24.44","0.63",0,2017-07-06,"07","2017",0,24.44,"-16.925 146.225"
"1340543","2017-07-06T12:00:00Z",-16.925,146.275,"0.0",0,"24.490000000000002","0.5700000000000001",0,2017-07-06,"07","2017",0,24.49,"-16.925 146.275"
"1340583","2017-07-06T12:00:00Z",-16.975,146.225,"0.0",0,"24.38","0.63",0,2017-07-06,"07","2017",0,24.38,"-16.975 146.225"
"1352225","2017-07-13T12:00:00Z",-16.825,146.125,"0.0",0,"24.6","1.0",0,2017-07-13,"07","2017",0,24.6,"-16.825 146.125"
"1352227","2017-07-13T12:00:00Z",-16.825,146.225,"0.0",0,"24.7","0.86",0,2017-07-13,"07","2017",0,24.7,"-16.825 146.225"
"1352267","2017-07-13T12:00:00Z",-16.875,146.175,"0.0",0,"24.580000000000002","0.9400000000000001",0,2017-07-13,"07","2017",0,24.58,"-16.875 146.175"
"1352268","2017-07-13T12:00:00Z",-16.875,146.225,"0.0",0,"24.64","0.88",0,2017-07-13,"07","2017",0,24.64,"-16.875 146.225"
"1352309","2017-07-13T12:00:00Z",-16.925,146.225,"0.0",0,"24.57","0.9",0,2017-07-13,"07","2017",0,24.57,"-16.925 146.225"
"1352310","2017-07-13T12:00:00Z",-16.925,146.275,"0.0",0,"24.64","0.86",0,2017-07-13,"07","2017",0,24.64,"-16.925 146.275"
"1352350","2017-07-13T12:00:00Z",-16.975,146.225,"0.0",0,"24.52","0.92",0,2017-07-13,"07","2017",0,24.52,"-16.975 146.225"
"1363992","2017-07-20T12:00:00Z",-16.825,146.125,"0.0",0,"24.35","0.77",0,2017-07-20,"07","2017",0,24.35,"-16.825 146.125"
"1363994","2017-07-20T12:00:00Z",-16.825,146.225,"0.0",0,"24.61","0.8",0,2017-07-20,"07","2017",0,24.61,"-16.825 146.225"
"1364034","2017-07-20T12:00:00Z",-16.875,146.175,"0.0",0,"24.34","0.72",0,2017-07-20,"07","2017",0,24.34,"-16.875 146.175"
"1364035","2017-07-20T12:00:00Z",-16.875,146.225,"0.0",0,"24.45","0.72",0,2017-07-20,"07","2017",0,24.45,"-16.875 146.225"
"1364076","2017-07-20T12:00:00Z",-16.925,146.225,"0.0",0,"24.29","0.65",0,2017-07-20,"07","2017",0,24.29,"-16.925 146.225"
"1364077","2017-07-20T12:00:00Z",-16.925,146.275,"0.0",0,"24.400000000000002","0.65",0,2017-07-20,"07","2017",0,24.4,"-16.925 146.275"
"1364117","2017-07-20T12:00:00Z",-16.975,146.225,"0.0",0,"24.150000000000002","0.58",0,2017-07-20,"07","2017",0,24.15,"-16.975 146.225"
"1375759","2017-07-27T12:00:00Z",-16.825,146.125,"0.0",0,"24.35","0.75",0,2017-07-27,"07","2017",0,24.35,"-16.825 146.125"
"1375761","2017-07-27T12:00:00Z",-16.825,146.225,"0.0",0,"24.68","0.86",0,2017-07-27,"07","2017",0,24.68,"-16.825 146.225"
"1375801","2017-07-27T12:00:00Z",-16.875,146.175,"0.0",0,"24.39","0.75",0,2017-07-27,"07","2017",0,24.39,"-16.875 146.175"
"1375802","2017-07-27T12:00:00Z",-16.875,146.225,"0.0",0,"24.54","0.79",0,2017-07-27,"07","2017",0,24.54,"-16.875 146.225"
"1375843","2017-07-27T12:00:00Z",-16.925,146.225,"0.0",0,"24.38","0.72",0,2017-07-27,"07","2017",0,24.38,"-16.925 146.225"
"1375844","2017-07-27T12:00:00Z",-16.925,146.275,"0.0",0,"24.52","0.76",0,2017-07-27,"07","2017",0,24.52,"-16.925 146.275"
"1375884","2017-07-27T12:00:00Z",-16.975,146.225,"0.0",0,"24.240000000000002","0.65",0,2017-07-27,"07","2017",0,24.24,"-16.975 146.225"
"1387526","2017-08-03T12:00:00Z",-16.825,146.125,"0.0",0,"24.48","0.85",0,2017-08-03,"08","2017",0,24.48,"-16.825 146.125"
"1387528","2017-08-03T12:00:00Z",-16.825,146.225,"0.0",0,"24.76","0.93",0,2017-08-03,"08","2017",0,24.76,"-16.825 146.225"
"1387568","2017-08-03T12:00:00Z",-16.875,146.175,"0.0",0,"24.580000000000002","0.92",0,2017-08-03,"08","2017",0,24.58,"-16.875 146.175"
"1387569","2017-08-03T12:00:00Z",-16.875,146.225,"0.0",0,"24.67","0.91",0,2017-08-03,"08","2017",0,24.67,"-16.875 146.225"
"1387610","2017-08-03T12:00:00Z",-16.925,146.225,"0.0",0,"24.560000000000002","0.87",0,2017-08-03,"08","2017",0,24.56,"-16.925 146.225"
"1387611","2017-08-03T12:00:00Z",-16.925,146.275,"0.0",0,"24.62","0.84",0,2017-08-03,"08","2017",0,24.62,"-16.925 146.275"
"1387651","2017-08-03T12:00:00Z",-16.975,146.225,"0.0",0,"24.46","0.84",0,2017-08-03,"08","2017",0,24.46,"-16.975 146.225"
"1399293","2017-08-10T12:00:00Z",-16.825,146.125,"0.0",0,"25.05","1.4000000000000001",0,2017-08-10,"08","2017",0,25.05,"-16.825 146.125"
"1399295","2017-08-10T12:00:00Z",-16.825,146.225,"0.0",0,"25.21","1.37",0,2017-08-10,"08","2017",0,25.21,"-16.825 146.225"
"1399335","2017-08-10T12:00:00Z",-16.875,146.175,"0.0",0,"25.04","1.36",0,2017-08-10,"08","2017",0,25.04,"-16.875 146.175"
"1399336","2017-08-10T12:00:00Z",-16.875,146.225,"0.0",0,"25.09","1.31",0,2017-08-10,"08","2017",0,25.09,"-16.875 146.225"
"1399377","2017-08-10T12:00:00Z",-16.925,146.225,"0.0",0,"24.94","1.23",0,2017-08-10,"08","2017",0,24.94,"-16.925 146.225"
"1399378","2017-08-10T12:00:00Z",-16.925,146.275,"0.0",0,"25.01","1.22",0,2017-08-10,"08","2017",0,25.01,"-16.925 146.275"
"1399418","2017-08-10T12:00:00Z",-16.975,146.225,"0.0",0,"24.77","1.1300000000000001",0,2017-08-10,"08","2017",0,24.77,"-16.975 146.225"
"1411060","2017-08-17T12:00:00Z",-16.825,146.125,"0.0",0,"25.03","1.31",0,2017-08-17,"08","2017",0,25.03,"-16.825 146.125"
"1411062","2017-08-17T12:00:00Z",-16.825,146.225,"0.0",0,"25.17","1.28",0,2017-08-17,"08","2017",0,25.17,"-16.825 146.225"
"1411102","2017-08-17T12:00:00Z",-16.875,146.175,"0.0",0,"25.1","1.35",0,2017-08-17,"08","2017",0,25.1,"-16.875 146.175"
"1411103","2017-08-17T12:00:00Z",-16.875,146.225,"0.0",0,"25.14","1.31",0,2017-08-17,"08","2017",0,25.14,"-16.875 146.225"
"1411144","2017-08-17T12:00:00Z",-16.925,146.225,"0.0",0,"25.07","1.3",0,2017-08-17,"08","2017",0,25.07,"-16.925 146.225"
"1411145","2017-08-17T12:00:00Z",-16.925,146.275,"0.0",0,"25.1","1.26",0,2017-08-17,"08","2017",0,25.1,"-16.925 146.275"
"1411185","2017-08-17T12:00:00Z",-16.975,146.225,"0.0",0,"24.990000000000002","1.29",0,2017-08-17,"08","2017",0,24.99,"-16.975 146.225"
"1422827","2017-08-24T12:00:00Z",-16.825,146.125,"0.0",0,"24.95","1.06",0,2017-08-24,"08","2017",0,24.95,"-16.825 146.125"
"1422829","2017-08-24T12:00:00Z",-16.825,146.225,"0.0",0,"24.990000000000002","0.96",0,2017-08-24,"08","2017",0,24.99,"-16.825 146.225"
"1422869","2017-08-24T12:00:00Z",-16.875,146.175,"0.0",0,"24.95","1.04",0,2017-08-24,"08","2017",0,24.95,"-16.875 146.175"
"1422870","2017-08-24T12:00:00Z",-16.875,146.225,"0.0",0,"24.98","1.0",0,2017-08-24,"08","2017",0,24.98,"-16.875 146.225"
"1422911","2017-08-24T12:00:00Z",-16.925,146.225,"0.0",0,"24.95","1.02",0,2017-08-24,"08","2017",0,24.95,"-16.925 146.225"
"1422912","2017-08-24T12:00:00Z",-16.925,146.275,"0.0",0,"24.98","0.99",0,2017-08-24,"08","2017",0,24.98,"-16.925 146.275"
"1422952","2017-08-24T12:00:00Z",-16.975,146.225,"0.0",0,"24.92","1.05",0,2017-08-24,"08","2017",0,24.92,"-16.975 146.225"
"1434594","2017-08-31T12:00:00Z",-16.825,146.125,"0.0",0,"25.18","1.12",0,2017-08-31,"08","2017",0,25.18,"-16.825 146.125"
"1434596","2017-08-31T12:00:00Z",-16.825,146.225,"0.0",0,"25.26","1.08",0,2017-08-31,"08","2017",0,25.26,"-16.825 146.225"
"1434636","2017-08-31T12:00:00Z",-16.875,146.175,"0.0",0,"25.22","1.1400000000000001",0,2017-08-31,"08","2017",0,25.22,"-16.875 146.175"
"1434637","2017-08-31T12:00:00Z",-16.875,146.225,"0.0",0,"25.240000000000002","1.1",0,2017-08-31,"08","2017",0,25.24,"-16.875 146.225"
"1434678","2017-08-31T12:00:00Z",-16.925,146.225,"0.0",0,"25.21","1.12",0,2017-08-31,"08","2017",0,25.21,"-16.925 146.225"
"1434679","2017-08-31T12:00:00Z",-16.925,146.275,"0.0",0,"25.23","1.09",0,2017-08-31,"08","2017",0,25.23,"-16.925 146.275"
"1434719","2017-08-31T12:00:00Z",-16.975,146.225,"0.0",0,"25.14","1.1",0,2017-08-31,"08","2017",0,25.14,"-16.975 146.225"
"1446361","2017-09-07T12:00:00Z",-16.825,146.125,"0.0",0,"24.93","0.7000000000000001",0,2017-09-07,"09","2017",0,24.93,"-16.825 146.125"
"1446363","2017-09-07T12:00:00Z",-16.825,146.225,"0.0",0,"25.0","0.68",0,2017-09-07,"09","2017",0,25,"-16.825 146.225"
"1446403","2017-09-07T12:00:00Z",-16.875,146.175,"0.0",0,"24.95","0.71",0,2017-09-07,"09","2017",0,24.95,"-16.875 146.175"
"1446404","2017-09-07T12:00:00Z",-16.875,146.225,"0.0",0,"24.98","0.6900000000000001",0,2017-09-07,"09","2017",0,24.98,"-16.875 146.225"
"1446445","2017-09-07T12:00:00Z",-16.925,146.225,"0.0",0,"24.97","0.72",0,2017-09-07,"09","2017",0,24.97,"-16.925 146.225"
"1446446","2017-09-07T12:00:00Z",-16.925,146.275,"0.0",0,"25.01","0.72",0,2017-09-07,"09","2017",0,25.01,"-16.925 146.275"
"1446486","2017-09-07T12:00:00Z",-16.975,146.225,"0.0",0,"24.98","0.77",0,2017-09-07,"09","2017",0,24.98,"-16.975 146.225"
"1458128","2017-09-14T12:00:00Z",-16.825,146.125,"0.0",0,"24.41","0.01",0,2017-09-14,"09","2017",0,24.41,"-16.825 146.125"
"1458130","2017-09-14T12:00:00Z",-16.825,146.225,"0.0",0,"24.41","-0.05",0,2017-09-14,"09","2017",0,24.41,"-16.825 146.225"
"1458170","2017-09-14T12:00:00Z",-16.875,146.175,"0.0",0,"24.41","0.0",0,2017-09-14,"09","2017",0,24.41,"-16.875 146.175"
"1458171","2017-09-14T12:00:00Z",-16.875,146.225,"0.0",0,"24.41","-0.03",0,2017-09-14,"09","2017",0,24.41,"-16.875 146.225"
"1458212","2017-09-14T12:00:00Z",-16.925,146.225,"0.0",0,"24.41","0.0",0,2017-09-14,"09","2017",0,24.41,"-16.925 146.225"
"1458213","2017-09-14T12:00:00Z",-16.925,146.275,"0.0",0,"24.400000000000002","-0.04",0,2017-09-14,"09","2017",0,24.4,"-16.925 146.275"
"1458253","2017-09-14T12:00:00Z",-16.975,146.225,"0.0",0,"24.400000000000002","0.01",0,2017-09-14,"09","2017",0,24.4,"-16.975 146.225"
"1469895","2017-09-21T12:00:00Z",-16.825,146.125,"0.0",0,"24.75","0.07",0,2017-09-21,"09","2017",0,24.75,"-16.825 146.125"
"1469897","2017-09-21T12:00:00Z",-16.825,146.225,"0.0",0,"24.76","0.04",0,2017-09-21,"09","2017",0,24.76,"-16.825 146.225"
"1469937","2017-09-21T12:00:00Z",-16.875,146.175,"0.0",0,"24.75","0.07",0,2017-09-21,"09","2017",0,24.75,"-16.875 146.175"
"1469938","2017-09-21T12:00:00Z",-16.875,146.225,"0.0",0,"24.76","0.06",0,2017-09-21,"09","2017",0,24.76,"-16.875 146.225"
"1469979","2017-09-21T12:00:00Z",-16.925,146.225,"0.0",0,"24.77","0.09",0,2017-09-21,"09","2017",0,24.77,"-16.925 146.225"
"1469980","2017-09-21T12:00:00Z",-16.925,146.275,"0.0",0,"24.77","0.07",0,2017-09-21,"09","2017",0,24.77,"-16.925 146.275"
"1470020","2017-09-21T12:00:00Z",-16.975,146.225,"0.0",0,"24.78","0.12",0,2017-09-21,"09","2017",0,24.78,"-16.975 146.225"
"1481662","2017-09-28T12:00:00Z",-16.825,146.125,"0.0",0,"25.400000000000002","0.42",0,2017-09-28,"09","2017",0,25.4,"-16.825 146.125"
"1481664","2017-09-28T12:00:00Z",-16.825,146.225,"0.0",0,"25.330000000000002","0.33",0,2017-09-28,"09","2017",0,25.33,"-16.825 146.225"
"1481704","2017-09-28T12:00:00Z",-16.875,146.175,"0.0",0,"25.330000000000002","0.35000000000000003",0,2017-09-28,"09","2017",0,25.33,"-16.875 146.175"
"1481705","2017-09-28T12:00:00Z",-16.875,146.225,"0.0",0,"25.3","0.32",0,2017-09-28,"09","2017",0,25.3,"-16.875 146.225"
"1481746","2017-09-28T12:00:00Z",-16.925,146.225,"0.0",0,"25.28","0.31",0,2017-09-28,"09","2017",0,25.28,"-16.925 146.225"
"1481747","2017-09-28T12:00:00Z",-16.925,146.275,"0.0",0,"25.25","0.27",0,2017-09-28,"09","2017",0,25.25,"-16.925 146.275"
"1481787","2017-09-28T12:00:00Z",-16.975,146.225,"0.0",0,"25.29","0.33",0,2017-09-28,"09","2017",0,25.29,"-16.975 146.225"
"1493429","2017-10-05T12:00:00Z",-16.825,146.125,"0.0",0,"25.71","0.43",0,2017-10-05,"10","2017",0,25.71,"-16.825 146.125"
"1493431","2017-10-05T12:00:00Z",-16.825,146.225,"0.0",0,"25.68","0.41000000000000003",0,2017-10-05,"10","2017",0,25.68,"-16.825 146.225"
"1493471","2017-10-05T12:00:00Z",-16.875,146.175,"0.0",0,"25.68","0.41000000000000003",0,2017-10-05,"10","2017",0,25.68,"-16.875 146.175"
"1493472","2017-10-05T12:00:00Z",-16.875,146.225,"0.0",0,"25.67","0.4",0,2017-10-05,"10","2017",0,25.67,"-16.875 146.225"
"1493513","2017-10-05T12:00:00Z",-16.925,146.225,"0.0",0,"25.66","0.4",0,2017-10-05,"10","2017",0,25.66,"-16.925 146.225"
"1493514","2017-10-05T12:00:00Z",-16.925,146.275,"0.0",0,"25.67","0.41000000000000003",0,2017-10-05,"10","2017",0,25.67,"-16.925 146.275"
"1493554","2017-10-05T12:00:00Z",-16.975,146.225,"0.0",0,"25.67","0.42",0,2017-10-05,"10","2017",0,25.67,"-16.975 146.225"
"1505196","2017-10-12T12:00:00Z",-16.825,146.125,"0.0",0,"26.18","0.6",0,2017-10-12,"10","2017",0,26.18,"-16.825 146.125"
"1505198","2017-10-12T12:00:00Z",-16.825,146.225,"0.0",0,"26.16","0.61",0,2017-10-12,"10","2017",0,26.16,"-16.825 146.225"
"1505238","2017-10-12T12:00:00Z",-16.875,146.175,"0.0",0,"26.16","0.6",0,2017-10-12,"10","2017",0,26.16,"-16.875 146.175"
"1505239","2017-10-12T12:00:00Z",-16.875,146.225,"0.0",0,"26.16","0.61",0,2017-10-12,"10","2017",0,26.16,"-16.875 146.225"
"1505280","2017-10-12T12:00:00Z",-16.925,146.225,"0.0",0,"26.18","0.63",0,2017-10-12,"10","2017",0,26.18,"-16.925 146.225"
"1505281","2017-10-12T12:00:00Z",-16.925,146.275,"0.0",0,"26.17","0.63",0,2017-10-12,"10","2017",0,26.17,"-16.925 146.275"
"1505321","2017-10-12T12:00:00Z",-16.975,146.225,"0.0",0,"26.22","0.68",0,2017-10-12,"10","2017",0,26.22,"-16.975 146.225"
"1516963","2017-10-19T12:00:00Z",-16.825,146.125,"0.0",0,"25.86","-0.03",0,2017-10-19,"10","2017",0,25.86,"-16.825 146.125"
"1516965","2017-10-19T12:00:00Z",-16.825,146.225,"0.0",0,"25.830000000000002","-0.02",0,2017-10-19,"10","2017",0,25.83,"-16.825 146.225"
"1517005","2017-10-19T12:00:00Z",-16.875,146.175,"0.0",0,"25.85","-0.02",0,2017-10-19,"10","2017",0,25.85,"-16.875 146.175"
"1517006","2017-10-19T12:00:00Z",-16.875,146.225,"0.0",0,"25.84","-0.01",0,2017-10-19,"10","2017",0,25.84,"-16.875 146.225"
"1517047","2017-10-19T12:00:00Z",-16.925,146.225,"0.0",0,"25.84","-0.01",0,2017-10-19,"10","2017",0,25.84,"-16.925 146.225"
"1517048","2017-10-19T12:00:00Z",-16.925,146.275,"0.0",0,"25.830000000000002","-0.01",0,2017-10-19,"10","2017",0,25.83,"-16.925 146.275"
"1517088","2017-10-19T12:00:00Z",-16.975,146.225,"0.0",0,"25.85","0.0",0,2017-10-19,"10","2017",0,25.85,"-16.975 146.225"
"1528730","2017-10-26T12:00:00Z",-16.825,146.125,"0.0",0,"26.42","0.21",0,2017-10-26,"10","2017",0,26.42,"-16.825 146.125"
"1528732","2017-10-26T12:00:00Z",-16.825,146.225,"0.0",0,"26.39","0.24",0,2017-10-26,"10","2017",0,26.39,"-16.825 146.225"
"1528772","2017-10-26T12:00:00Z",-16.875,146.175,"0.0",0,"26.41","0.23",0,2017-10-26,"10","2017",0,26.41,"-16.875 146.175"
"1528773","2017-10-26T12:00:00Z",-16.875,146.225,"0.0",0,"26.400000000000002","0.24",0,2017-10-26,"10","2017",0,26.4,"-16.875 146.225"
"1528814","2017-10-26T12:00:00Z",-16.925,146.225,"0.0",0,"26.44","0.27",0,2017-10-26,"10","2017",0,26.44,"-16.925 146.225"
"1528815","2017-10-26T12:00:00Z",-16.925,146.275,"0.0",0,"26.43","0.28",0,2017-10-26,"10","2017",0,26.43,"-16.925 146.275"
"1528855","2017-10-26T12:00:00Z",-16.975,146.225,"0.0",0,"26.48","0.31",0,2017-10-26,"10","2017",0,26.48,"-16.975 146.225"
"1540497","2017-11-02T12:00:00Z",-16.825,146.125,"0.0",0,"27.52","1.0",0,2017-11-02,"11","2017",0,27.52,"-16.825 146.125"
"1540499","2017-11-02T12:00:00Z",-16.825,146.225,"0.0",0,"27.42","0.96",0,2017-11-02,"11","2017",0,27.42,"-16.825 146.225"
"1540539","2017-11-02T12:00:00Z",-16.875,146.175,"0.0",0,"27.45","0.9500000000000001",0,2017-11-02,"11","2017",0,27.45,"-16.875 146.175"
"1540540","2017-11-02T12:00:00Z",-16.875,146.225,"0.0",0,"27.41","0.9400000000000001",0,2017-11-02,"11","2017",0,27.41,"-16.875 146.225"
"1540581","2017-11-02T12:00:00Z",-16.925,146.225,"0.0",0,"27.45","0.97",0,2017-11-02,"11","2017",0,27.45,"-16.925 146.225"
"1540582","2017-11-02T12:00:00Z",-16.925,146.275,"0.0",0,"27.42","0.96",0,2017-11-02,"11","2017",0,27.42,"-16.925 146.275"
"1540622","2017-11-02T12:00:00Z",-16.975,146.225,"0.0",0,"27.490000000000002","1.0",0,2017-11-02,"11","2017",0,27.49,"-16.975 146.225"
"1552264","2017-11-09T12:00:00Z",-16.825,146.125,"0.0",0,"27.2","0.36",0,2017-11-09,"11","2017",0,27.2,"-16.825 146.125"
"1552266","2017-11-09T12:00:00Z",-16.825,146.225,"0.0",0,"27.16","0.39",0,2017-11-09,"11","2017",0,27.16,"-16.825 146.225"
"1552306","2017-11-09T12:00:00Z",-16.875,146.175,"0.0",0,"27.18","0.37",0,2017-11-09,"11","2017",0,27.18,"-16.875 146.175"
"1552307","2017-11-09T12:00:00Z",-16.875,146.225,"0.0",0,"27.16","0.38",0,2017-11-09,"11","2017",0,27.16,"-16.875 146.225"
"1552348","2017-11-09T12:00:00Z",-16.925,146.225,"0.0",0,"27.150000000000002","0.35000000000000003",0,2017-11-09,"11","2017",0,27.15,"-16.925 146.225"
"1552349","2017-11-09T12:00:00Z",-16.925,146.275,"0.0",0,"27.12","0.35000000000000003",0,2017-11-09,"11","2017",0,27.12,"-16.925 146.275"
"1552389","2017-11-09T12:00:00Z",-16.975,146.225,"0.0",0,"27.16","0.34",0,2017-11-09,"11","2017",0,27.16,"-16.975 146.225"
"1564031","2017-11-16T12:00:00Z",-16.825,146.125,"0.0",0,"26.93","-0.2",0,2017-11-16,"11","2017",0,26.93,"-16.825 146.125"
"1564033","2017-11-16T12:00:00Z",-16.825,146.225,"0.0",0,"26.900000000000002","-0.16",0,2017-11-16,"11","2017",0,26.9,"-16.825 146.225"
"1564073","2017-11-16T12:00:00Z",-16.875,146.175,"0.0",0,"26.91","-0.2",0,2017-11-16,"11","2017",0,26.91,"-16.875 146.175"
"1564074","2017-11-16T12:00:00Z",-16.875,146.225,"0.0",0,"26.89","-0.19",0,2017-11-16,"11","2017",0,26.89,"-16.875 146.225"
"1564115","2017-11-16T12:00:00Z",-16.925,146.225,"0.0",0,"26.900000000000002","-0.2",0,2017-11-16,"11","2017",0,26.9,"-16.925 146.225"
"1564116","2017-11-16T12:00:00Z",-16.925,146.275,"0.0",0,"26.88","-0.19",0,2017-11-16,"11","2017",0,26.88,"-16.925 146.275"
"1564156","2017-11-16T12:00:00Z",-16.975,146.225,"0.0",0,"26.91","-0.2",0,2017-11-16,"11","2017",0,26.91,"-16.975 146.225"
"1575798","2017-11-23T12:00:00Z",-16.825,146.125,"0.0",0,"27.01","-0.3",0,2017-11-23,"11","2017",0,27.01,"-16.825 146.125"
"1575800","2017-11-23T12:00:00Z",-16.825,146.225,"0.0",0,"27.0","-0.24",0,2017-11-23,"11","2017",0,27,"-16.825 146.225"
"1575840","2017-11-23T12:00:00Z",-16.875,146.175,"0.0",0,"26.98","-0.3",0,2017-11-23,"11","2017",0,26.98,"-16.875 146.175"
"1575841","2017-11-23T12:00:00Z",-16.875,146.225,"0.0",0,"26.990000000000002","-0.27",0,2017-11-23,"11","2017",0,26.99,"-16.875 146.225"
"1575882","2017-11-23T12:00:00Z",-16.925,146.225,"0.0",0,"27.0","-0.27",0,2017-11-23,"11","2017",0,27,"-16.925 146.225"
"1575883","2017-11-23T12:00:00Z",-16.925,146.275,"0.0",0,"27.01","-0.24",0,2017-11-23,"11","2017",0,27.01,"-16.925 146.275"
"1575923","2017-11-23T12:00:00Z",-16.975,146.225,"0.0",0,"27.02","-0.27",0,2017-11-23,"11","2017",0,27.02,"-16.975 146.225"
"1587565","2017-11-30T12:00:00Z",-16.825,146.125,"0.0",0,"27.75","0.27",0,2017-11-30,"11","2017",0,27.75,"-16.825 146.125"
"1587567","2017-11-30T12:00:00Z",-16.825,146.225,"0.0",0,"27.73","0.3",0,2017-11-30,"11","2017",0,27.73,"-16.825 146.225"
"1587607","2017-11-30T12:00:00Z",-16.875,146.175,"0.0",0,"27.72","0.26",0,2017-11-30,"11","2017",0,27.72,"-16.875 146.175"
"1587608","2017-11-30T12:00:00Z",-16.875,146.225,"0.0",0,"27.73","0.29",0,2017-11-30,"11","2017",0,27.73,"-16.875 146.225"
"1587649","2017-11-30T12:00:00Z",-16.925,146.225,"0.0",0,"27.73","0.28",0,2017-11-30,"11","2017",0,27.73,"-16.925 146.225"
"1587650","2017-11-30T12:00:00Z",-16.925,146.275,"0.0",0,"27.73","0.3",0,2017-11-30,"11","2017",0,27.73,"-16.925 146.275"
"1587690","2017-11-30T12:00:00Z",-16.975,146.225,"0.0",0,"27.73","0.27",0,2017-11-30,"11","2017",0,27.73,"-16.975 146.225"
"1599332","2017-12-07T12:00:00Z",-16.825,146.125,"0.0",0,"28.64","0.98",0,2017-12-07,"12","2017",0,28.64,"-16.825 146.125"
"1599334","2017-12-07T12:00:00Z",-16.825,146.225,"0.0",0,"28.52","0.9",0,2017-12-07,"12","2017",0,28.52,"-16.825 146.225"
"1599374","2017-12-07T12:00:00Z",-16.875,146.175,"0.0",0,"28.650000000000002","1.01",0,2017-12-07,"12","2017",0,28.65,"-16.875 146.175"
"1599375","2017-12-07T12:00:00Z",-16.875,146.225,"0.0",0,"28.580000000000002","0.96",0,2017-12-07,"12","2017",0,28.58,"-16.875 146.225"
"1599416","2017-12-07T12:00:00Z",-16.925,146.225,"0.0",0,"28.68","1.05",0,2017-12-07,"12","2017",0,28.68,"-16.925 146.225"
"1599417","2017-12-07T12:00:00Z",-16.925,146.275,"0.0",0,"28.62","1.01",0,2017-12-07,"12","2017",0,28.62,"-16.925 146.275"
"1599457","2017-12-07T12:00:00Z",-16.975,146.225,"0.0",0,"28.77","1.1400000000000001",0,2017-12-07,"12","2017",0,28.77,"-16.975 146.225"
"1611099","2017-12-14T12:00:00Z",-16.825,146.125,"0.0",0,"28.400000000000002","0.5700000000000001",0,2017-12-14,"12","2017",0,28.4,"-16.825 146.125"
"1611101","2017-12-14T12:00:00Z",-16.825,146.225,"0.0",0,"28.45","0.65",0,2017-12-14,"12","2017",0,28.45,"-16.825 146.225"
"1611141","2017-12-14T12:00:00Z",-16.875,146.175,"0.0",0,"28.400000000000002","0.59",0,2017-12-14,"12","2017",0,28.4,"-16.875 146.175"
"1611142","2017-12-14T12:00:00Z",-16.875,146.225,"0.0",0,"28.43","0.63",0,2017-12-14,"12","2017",0,28.43,"-16.875 146.225"
"1611183","2017-12-14T12:00:00Z",-16.925,146.225,"0.0",0,"28.43","0.63",0,2017-12-14,"12","2017",0,28.43,"-16.925 146.225"
"1611184","2017-12-14T12:00:00Z",-16.925,146.275,"0.0",0,"28.43","0.64",0,2017-12-14,"12","2017",0,28.43,"-16.925 146.275"
"1611224","2017-12-14T12:00:00Z",-16.975,146.225,"0.0",0,"28.400000000000002","0.59",0,2017-12-14,"12","2017",0,28.4,"-16.975 146.225"
"1622866","2017-12-21T12:00:00Z",-16.825,146.125,"0.0",0,"28.5","0.51",0,2017-12-21,"12","2017",0,28.5,"-16.825 146.125"
"1622868","2017-12-21T12:00:00Z",-16.825,146.225,"0.0",0,"28.44","0.48",0,2017-12-21,"12","2017",0,28.44,"-16.825 146.225"
"1622908","2017-12-21T12:00:00Z",-16.875,146.175,"0.0",0,"28.490000000000002","0.52",0,2017-12-21,"12","2017",0,28.49,"-16.875 146.175"
"1622909","2017-12-21T12:00:00Z",-16.875,146.225,"0.0",0,"28.490000000000002","0.53",0,2017-12-21,"12","2017",0,28.49,"-16.875 146.225"
"1622950","2017-12-21T12:00:00Z",-16.925,146.225,"0.0",0,"28.54","0.5700000000000001",0,2017-12-21,"12","2017",0,28.54,"-16.925 146.225"
"1622951","2017-12-21T12:00:00Z",-16.925,146.275,"0.0",0,"28.55","0.6",0,2017-12-21,"12","2017",0,28.55,"-16.925 146.275"
"1622991","2017-12-21T12:00:00Z",-16.975,146.225,"0.0",0,"28.580000000000002","0.61",0,2017-12-21,"12","2017",0,28.58,"-16.975 146.225"
"1634633","2017-12-28T12:00:00Z",-16.825,146.125,"0.0",0,"28.69","0.54",0,2017-12-28,"12","2017",0,28.69,"-16.825 146.125"
"1634635","2017-12-28T12:00:00Z",-16.825,146.225,"0.0",0,"28.67","0.56",0,2017-12-28,"12","2017",0,28.67,"-16.825 146.225"
"1634675","2017-12-28T12:00:00Z",-16.875,146.175,"0.0",0,"28.69","0.56",0,2017-12-28,"12","2017",0,28.69,"-16.875 146.175"
"1634676","2017-12-28T12:00:00Z",-16.875,146.225,"0.0",0,"28.68","0.56",0,2017-12-28,"12","2017",0,28.68,"-16.875 146.225"
"1634717","2017-12-28T12:00:00Z",-16.925,146.225,"0.0",0,"28.740000000000002","0.62",0,2017-12-28,"12","2017",0,28.74,"-16.925 146.225"
"1634718","2017-12-28T12:00:00Z",-16.925,146.275,"0.0",0,"28.72","0.61",0,2017-12-28,"12","2017",0,28.72,"-16.925 146.275"
"1634758","2017-12-28T12:00:00Z",-16.975,146.225,"0.0",0,"28.82","0.6900000000000001",0,2017-12-28,"12","2017",0,28.82,"-16.975 146.225"
"1646400","2018-01-04T12:00:00Z",-16.825,146.125,"0.0",0,"29.19","0.89",0,2018-01-04,"01","2018",0,29.19,"-16.825 146.125"
"1646402","2018-01-04T12:00:00Z",-16.825,146.225,"0.0",0,"29.23","0.97",0,2018-01-04,"01","2018",0,29.23,"-16.825 146.225"
"1646442","2018-01-04T12:00:00Z",-16.875,146.175,"0.0",0,"29.2","0.91",0,2018-01-04,"01","2018",0,29.2,"-16.875 146.175"
"1646443","2018-01-04T12:00:00Z",-16.875,146.225,"0.0",0,"29.21","0.9400000000000001",0,2018-01-04,"01","2018",0,29.21,"-16.875 146.225"
"1646484","2018-01-04T12:00:00Z",-16.925,146.225,"0.0",0,"29.18","0.9",0,2018-01-04,"01","2018",0,29.18,"-16.925 146.225"
"1646485","2018-01-04T12:00:00Z",-16.925,146.275,"0.0",0,"29.18","0.91",0,2018-01-04,"01","2018",0,29.18,"-16.925 146.275"
"1646525","2018-01-04T12:00:00Z",-16.975,146.225,"0.0",0,"29.150000000000002","0.86",0,2018-01-04,"01","2018",0,29.15,"-16.975 146.225"
"1658167","2018-01-11T12:00:00Z",-16.825,146.125,"0.0",0,"29.0","0.55",0,2018-01-11,"01","2018",0,29,"-16.825 146.125"
"1658169","2018-01-11T12:00:00Z",-16.825,146.225,"0.0",0,"28.97","0.56",0,2018-01-11,"01","2018",0,28.97,"-16.825 146.225"
"1658209","2018-01-11T12:00:00Z",-16.875,146.175,"0.0",0,"28.97","0.53",0,2018-01-11,"01","2018",0,28.97,"-16.875 146.175"
"1658210","2018-01-11T12:00:00Z",-16.875,146.225,"0.0",0,"28.96","0.54",0,2018-01-11,"01","2018",0,28.96,"-16.875 146.225"
"1658251","2018-01-11T12:00:00Z",-16.925,146.225,"0.0",0,"28.97","0.53",0,2018-01-11,"01","2018",0,28.97,"-16.925 146.225"
"1658252","2018-01-11T12:00:00Z",-16.925,146.275,"0.0",0,"28.95","0.53",0,2018-01-11,"01","2018",0,28.95,"-16.925 146.275"
"1658292","2018-01-11T12:00:00Z",-16.975,146.225,"0.0",0,"29.01","0.56",0,2018-01-11,"01","2018",0,29.01,"-16.975 146.225"
"1669934","2018-01-18T12:00:00Z",-16.825,146.125,"0.0",0,"28.79","0.24",0,2018-01-18,"01","2018",0,28.79,"-16.825 146.125"
"1669936","2018-01-18T12:00:00Z",-16.825,146.225,"0.0",0,"28.8","0.29",0,2018-01-18,"01","2018",0,28.8,"-16.825 146.225"
"1669976","2018-01-18T12:00:00Z",-16.875,146.175,"0.0",0,"28.76","0.21",0,2018-01-18,"01","2018",0,28.76,"-16.875 146.175"
"1669977","2018-01-18T12:00:00Z",-16.875,146.225,"0.0",0,"28.77","0.24",0,2018-01-18,"01","2018",0,28.77,"-16.875 146.225"
"1670018","2018-01-18T12:00:00Z",-16.925,146.225,"0.0",0,"28.75","0.2",0,2018-01-18,"01","2018",0,28.75,"-16.925 146.225"
"1670019","2018-01-18T12:00:00Z",-16.925,146.275,"0.0",0,"28.76","0.23",0,2018-01-18,"01","2018",0,28.76,"-16.925 146.275"
"1670059","2018-01-18T12:00:00Z",-16.975,146.225,"0.0",0,"28.72","0.16",0,2018-01-18,"01","2018",0,28.72,"-16.975 146.225"
"1681701","2018-01-25T12:00:00Z",-16.825,146.125,"0.0",0,"28.98","0.39",0,2018-01-25,"01","2018",0,28.98,"-16.825 146.125"
"1681703","2018-01-25T12:00:00Z",-16.825,146.225,"0.0",0,"28.91","0.36",0,2018-01-25,"01","2018",0,28.91,"-16.825 146.225"
"1681743","2018-01-25T12:00:00Z",-16.875,146.175,"0.0",0,"28.95","0.37",0,2018-01-25,"01","2018",0,28.95,"-16.875 146.175"
"1681744","2018-01-25T12:00:00Z",-16.875,146.225,"0.0",0,"28.92","0.36",0,2018-01-25,"01","2018",0,28.92,"-16.875 146.225"
"1681785","2018-01-25T12:00:00Z",-16.925,146.225,"0.0",0,"28.92","0.34",0,2018-01-25,"01","2018",0,28.92,"-16.925 146.225"
"1681786","2018-01-25T12:00:00Z",-16.925,146.275,"0.0",0,"28.88","0.32",0,2018-01-25,"01","2018",0,28.88,"-16.925 146.275"
"1681826","2018-01-25T12:00:00Z",-16.975,146.225,"0.0",0,"28.91","0.32",0,2018-01-25,"01","2018",0,28.91,"-16.975 146.225"
"1693468","2018-02-01T12:00:00Z",-16.825,146.125,"0.0",0,"29.28","0.66",0,2018-02-01,"02","2018",0,29.28,"-16.825 146.125"
"1693470","2018-02-01T12:00:00Z",-16.825,146.225,"0.0",0,"29.23","0.65",0,2018-02-01,"02","2018",0,29.23,"-16.825 146.225"
"1693510","2018-02-01T12:00:00Z",-16.875,146.175,"0.0",0,"29.29","0.67",0,2018-02-01,"02","2018",0,29.29,"-16.875 146.175"
"1693511","2018-02-01T12:00:00Z",-16.875,146.225,"0.0",0,"29.27","0.67",0,2018-02-01,"02","2018",0,29.27,"-16.875 146.225"
"1693552","2018-02-01T12:00:00Z",-16.925,146.225,"0.0",0,"29.3","0.68",0,2018-02-01,"02","2018",0,29.3,"-16.925 146.225"
"1693553","2018-02-01T12:00:00Z",-16.925,146.275,"0.0",0,"29.25","0.65",0,2018-02-01,"02","2018",0,29.25,"-16.925 146.275"
"1693593","2018-02-01T12:00:00Z",-16.975,146.225,"0.0",0,"29.35","0.72",0,2018-02-01,"02","2018",0,29.35,"-16.975 146.225"
"1705235","2018-02-08T12:00:00Z",-16.825,146.125,"0.15",0,"28.71","0.05",0,2018-02-08,"02","2018",0.15,28.71,"-16.825 146.125"
"1705237","2018-02-08T12:00:00Z",-16.825,146.225,"0.15",0,"28.67","0.05",0,2018-02-08,"02","2018",0.15,28.67,"-16.825 146.225"
"1705277","2018-02-08T12:00:00Z",-16.875,146.175,"0.15",0,"28.7","0.05",0,2018-02-08,"02","2018",0.15,28.7,"-16.875 146.175"
"1705278","2018-02-08T12:00:00Z",-16.875,146.225,"0.15",0,"28.68","0.05",0,2018-02-08,"02","2018",0.15,28.68,"-16.875 146.225"
"1705319","2018-02-08T12:00:00Z",-16.925,146.225,"0.15",0,"28.69","0.04",0,2018-02-08,"02","2018",0.15,28.69,"-16.925 146.225"
"1705320","2018-02-08T12:00:00Z",-16.925,146.275,"0.15",0,"28.67","0.04",0,2018-02-08,"02","2018",0.15,28.67,"-16.925 146.275"
"1705360","2018-02-08T12:00:00Z",-16.975,146.225,"0.15",0,"28.7","0.03",0,2018-02-08,"02","2018",0.15,28.7,"-16.975 146.225"
"1717002","2018-02-15T12:00:00Z",-16.825,146.125,"0.15",0,"29.17","0.48",0,2018-02-15,"02","2018",0.15,29.17,"-16.825 146.125"
"1717004","2018-02-15T12:00:00Z",-16.825,146.225,"0.15",0,"29.04","0.39",0,2018-02-15,"02","2018",0.15,29.04,"-16.825 146.225"
"1717044","2018-02-15T12:00:00Z",-16.875,146.175,"0.15",0,"29.1","0.41000000000000003",0,2018-02-15,"02","2018",0.15,29.1,"-16.875 146.175"
"1717045","2018-02-15T12:00:00Z",-16.875,146.225,"0.15",0,"29.03","0.36",0,2018-02-15,"02","2018",0.15,29.03,"-16.875 146.225"
"1717086","2018-02-15T12:00:00Z",-16.925,146.225,"0.15",0,"29.02","0.33",0,2018-02-15,"02","2018",0.15,29.02,"-16.925 146.225"
"1717087","2018-02-15T12:00:00Z",-16.925,146.275,"0.15",0,"28.97","0.3",0,2018-02-15,"02","2018",0.15,28.97,"-16.925 146.275"
"1717127","2018-02-15T12:00:00Z",-16.975,146.225,"0.15",0,"28.98","0.27",0,2018-02-15,"02","2018",0.15,28.98,"-16.975 146.225"
"1728769","2018-02-22T12:00:00Z",-16.825,146.125,"0.15",0,"29.28","0.75",0,2018-02-22,"02","2018",0.15,29.28,"-16.825 146.125"
"1728771","2018-02-22T12:00:00Z",-16.825,146.225,"0.15",0,"29.19","0.6900000000000001",0,2018-02-22,"02","2018",0.15,29.19,"-16.825 146.225"
"1728811","2018-02-22T12:00:00Z",-16.875,146.175,"0.15",0,"29.23","0.7000000000000001",0,2018-02-22,"02","2018",0.15,29.23,"-16.875 146.175"
"1728812","2018-02-22T12:00:00Z",-16.875,146.225,"0.15",0,"29.18","0.66",0,2018-02-22,"02","2018",0.15,29.18,"-16.875 146.225"
"1728853","2018-02-22T12:00:00Z",-16.925,146.225,"0.15",0,"29.17","0.64",0,2018-02-22,"02","2018",0.15,29.17,"-16.925 146.225"
"1728854","2018-02-22T12:00:00Z",-16.925,146.275,"0.15",0,"29.13","0.61",0,2018-02-22,"02","2018",0.15,29.13,"-16.925 146.275"
"1728894","2018-02-22T12:00:00Z",-16.975,146.225,"0.15",0,"29.17","0.62",0,2018-02-22,"02","2018",0.15,29.17,"-16.975 146.225"
"1740536","2018-03-01T12:00:00Z",-16.825,146.125,"0.15",0,"28.96","0.59",0,2018-03-01,"03","2018",0.15,28.96,"-16.825 146.125"
"1740538","2018-03-01T12:00:00Z",-16.825,146.225,"0.15",0,"28.98","0.62",0,2018-03-01,"03","2018",0.15,28.98,"-16.825 146.225"
"1740578","2018-03-01T12:00:00Z",-16.875,146.175,"0.15",0,"28.96","0.58",0,2018-03-01,"03","2018",0.15,28.96,"-16.875 146.175"
"1740579","2018-03-01T12:00:00Z",-16.875,146.225,"0.15",0,"28.98","0.61",0,2018-03-01,"03","2018",0.15,28.98,"-16.875 146.225"
"1740620","2018-03-01T12:00:00Z",-16.925,146.225,"0.15",0,"28.98","0.6",0,2018-03-01,"03","2018",0.15,28.98,"-16.925 146.225"
"1740621","2018-03-01T12:00:00Z",-16.925,146.275,"0.15",0,"28.990000000000002","0.62",0,2018-03-01,"03","2018",0.15,28.99,"-16.925 146.275"
"1740661","2018-03-01T12:00:00Z",-16.975,146.225,"0.15",0,"28.97","0.58",0,2018-03-01,"03","2018",0.15,28.97,"-16.975 146.225"
"1752303","2018-03-08T12:00:00Z",-16.825,146.125,"0.15",0,"28.73","0.51",0,2018-03-08,"03","2018",0.15,28.73,"-16.825 146.125"
"1752305","2018-03-08T12:00:00Z",-16.825,146.225,"0.15",0,"28.71","0.49",0,2018-03-08,"03","2018",0.15,28.71,"-16.825 146.225"
"1752345","2018-03-08T12:00:00Z",-16.875,146.175,"0.15",0,"28.67","0.45",0,2018-03-08,"03","2018",0.15,28.67,"-16.875 146.175"
"1752346","2018-03-08T12:00:00Z",-16.875,146.225,"0.15",0,"28.66","0.44",0,2018-03-08,"03","2018",0.15,28.66,"-16.875 146.225"
"1752387","2018-03-08T12:00:00Z",-16.925,146.225,"0.15",0,"28.62","0.4",0,2018-03-08,"03","2018",0.15,28.62,"-16.925 146.225"
"1752388","2018-03-08T12:00:00Z",-16.925,146.275,"0.15",0,"28.62","0.4",0,2018-03-08,"03","2018",0.15,28.62,"-16.925 146.275"
"1752428","2018-03-08T12:00:00Z",-16.975,146.225,"0.15",0,"28.6","0.37",0,2018-03-08,"03","2018",0.15,28.6,"-16.975 146.225"
"1764070","2018-03-15T12:00:00Z",-16.825,146.125,"0.15",0,"28.060000000000002","0.0",0,2018-03-15,"03","2018",0.15,28.06,"-16.825 146.125"
"1764072","2018-03-15T12:00:00Z",-16.825,146.225,"0.15",0,"28.21","0.14",0,2018-03-15,"03","2018",0.15,28.21,"-16.825 146.225"
"1764112","2018-03-15T12:00:00Z",-16.875,146.175,"0.15",0,"28.12","0.05",0,2018-03-15,"03","2018",0.15,28.12,"-16.875 146.175"
"1764113","2018-03-15T12:00:00Z",-16.875,146.225,"0.15",0,"28.21","0.14",0,2018-03-15,"03","2018",0.15,28.21,"-16.875 146.225"
"1764154","2018-03-15T12:00:00Z",-16.925,146.225,"0.15",0,"28.2","0.13",0,2018-03-15,"03","2018",0.15,28.2,"-16.925 146.225"
"1764155","2018-03-15T12:00:00Z",-16.925,146.275,"0.15",0,"28.28","0.21",0,2018-03-15,"03","2018",0.15,28.28,"-16.925 146.275"
"1764195","2018-03-15T12:00:00Z",-16.975,146.225,"0.15",0,"28.21","0.14",0,2018-03-15,"03","2018",0.15,28.21,"-16.975 146.225"
"1775837","2018-03-22T12:00:00Z",-16.825,146.125,"0.15",0,"28.150000000000002","0.33",0,2018-03-22,"03","2018",0.15,28.15,"-16.825 146.125"
"1775839","2018-03-22T12:00:00Z",-16.825,146.225,"0.15",0,"28.21","0.37",0,2018-03-22,"03","2018",0.15,28.21,"-16.825 146.225"
"1775879","2018-03-22T12:00:00Z",-16.875,146.175,"0.15",0,"28.18","0.35000000000000003",0,2018-03-22,"03","2018",0.15,28.18,"-16.875 146.175"
"1775880","2018-03-22T12:00:00Z",-16.875,146.225,"0.15",0,"28.2","0.36",0,2018-03-22,"03","2018",0.15,28.2,"-16.875 146.225"
"1775921","2018-03-22T12:00:00Z",-16.925,146.225,"0.15",0,"28.19","0.36",0,2018-03-22,"03","2018",0.15,28.19,"-16.925 146.225"
"1775922","2018-03-22T12:00:00Z",-16.925,146.275,"0.15",0,"28.22","0.38",0,2018-03-22,"03","2018",0.15,28.22,"-16.925 146.275"
"1775962","2018-03-22T12:00:00Z",-16.975,146.225,"0.15",0,"28.19","0.36",0,2018-03-22,"03","2018",0.15,28.19,"-16.975 146.225"
"1787604","2018-03-29T12:00:00Z",-16.825,146.125,"0.15",0,"28.37","0.79",0,2018-03-29,"03","2018",0.15,28.37,"-16.825 146.125"
"1787606","2018-03-29T12:00:00Z",-16.825,146.225,"0.15",0,"28.44","0.8300000000000001",0,2018-03-29,"03","2018",0.15,28.44,"-16.825 146.225"
"1787646","2018-03-29T12:00:00Z",-16.875,146.175,"0.15",0,"28.43","0.84",0,2018-03-29,"03","2018",0.15,28.43,"-16.875 146.175"
"1787647","2018-03-29T12:00:00Z",-16.875,146.225,"0.15",0,"28.46","0.86",0,2018-03-29,"03","2018",0.15,28.46,"-16.875 146.225"
"1787688","2018-03-29T12:00:00Z",-16.925,146.225,"0.15",0,"28.47","0.87",0,2018-03-29,"03","2018",0.15,28.47,"-16.925 146.225"
"1787689","2018-03-29T12:00:00Z",-16.925,146.275,"0.15",0,"28.48","0.88",0,2018-03-29,"03","2018",0.15,28.48,"-16.925 146.275"
"1787729","2018-03-29T12:00:00Z",-16.975,146.225,"0.15",0,"28.44","0.85",0,2018-03-29,"03","2018",0.15,28.44,"-16.975 146.225"
"1799371","2018-04-05T12:00:00Z",-16.825,146.125,"0.15",0,"28.14","0.8",0,2018-04-05,"04","2018",0.15,28.14,"-16.825 146.125"
"1799373","2018-04-05T12:00:00Z",-16.825,146.225,"0.15",0,"28.18","0.8",0,2018-04-05,"04","2018",0.15,28.18,"-16.825 146.225"
"1799413","2018-04-05T12:00:00Z",-16.875,146.175,"0.15",0,"28.13","0.78",0,2018-04-05,"04","2018",0.15,28.13,"-16.875 146.175"
"1799414","2018-04-05T12:00:00Z",-16.875,146.225,"0.15",0,"28.17","0.8",0,2018-04-05,"04","2018",0.15,28.17,"-16.875 146.225"
"1799455","2018-04-05T12:00:00Z",-16.925,146.225,"0.15",0,"28.150000000000002","0.79",0,2018-04-05,"04","2018",0.15,28.15,"-16.925 146.225"
"1799456","2018-04-05T12:00:00Z",-16.925,146.275,"0.15",0,"28.2","0.8300000000000001",0,2018-04-05,"04","2018",0.15,28.2,"-16.925 146.275"
"1799496","2018-04-05T12:00:00Z",-16.975,146.225,"0.15",0,"28.13","0.78",0,2018-04-05,"04","2018",0.15,28.13,"-16.975 146.225"
"1811138","2018-04-12T12:00:00Z",-16.825,146.125,"0.15",0,"27.44","0.34",0,2018-04-12,"04","2018",0.15,27.44,"-16.825 146.125"
"1811140","2018-04-12T12:00:00Z",-16.825,146.225,"0.15",0,"27.41","0.26",0,2018-04-12,"04","2018",0.15,27.41,"-16.825 146.225"
"1811180","2018-04-12T12:00:00Z",-16.875,146.175,"0.15",0,"27.44","0.33",0,2018-04-12,"04","2018",0.15,27.44,"-16.875 146.175"
"1811181","2018-04-12T12:00:00Z",-16.875,146.225,"0.15",0,"27.41","0.27",0,2018-04-12,"04","2018",0.15,27.41,"-16.875 146.225"
"1811222","2018-04-12T12:00:00Z",-16.925,146.225,"0.15",0,"27.41","0.29",0,2018-04-12,"04","2018",0.15,27.41,"-16.925 146.225"
"1811223","2018-04-12T12:00:00Z",-16.925,146.275,"0.15",0,"27.38","0.24",0,2018-04-12,"04","2018",0.15,27.38,"-16.925 146.275"
"1811263","2018-04-12T12:00:00Z",-16.975,146.225,"0.15",0,"27.400000000000002","0.3",0,2018-04-12,"04","2018",0.15,27.4,"-16.975 146.225"
"1822905","2018-04-19T12:00:00Z",-16.825,146.125,"0.15",0,"27.39","0.5700000000000001",0,2018-04-19,"04","2018",0.15,27.39,"-16.825 146.125"
"1822907","2018-04-19T12:00:00Z",-16.825,146.225,"0.15",0,"27.32","0.44",0,2018-04-19,"04","2018",0.15,27.32,"-16.825 146.225"
"1822947","2018-04-19T12:00:00Z",-16.875,146.175,"0.15",0,"27.36","0.53",0,2018-04-19,"04","2018",0.15,27.36,"-16.875 146.175"
"1822948","2018-04-19T12:00:00Z",-16.875,146.225,"0.15",0,"27.32","0.45",0,2018-04-19,"04","2018",0.15,27.32,"-16.875 146.225"
"1822989","2018-04-19T12:00:00Z",-16.925,146.225,"0.15",0,"27.330000000000002","0.49",0,2018-04-19,"04","2018",0.15,27.33,"-16.925 146.225"
"1822990","2018-04-19T12:00:00Z",-16.925,146.275,"0.15",0,"27.28","0.41000000000000003",0,2018-04-19,"04","2018",0.15,27.28,"-16.925 146.275"
"1823030","2018-04-19T12:00:00Z",-16.975,146.225,"0.15",0,"27.34","0.52",0,2018-04-19,"04","2018",0.15,27.34,"-16.975 146.225"
"1834672","2018-04-26T12:00:00Z",-16.825,146.125,"0.15",0,"27.14","0.64",0,2018-04-26,"04","2018",0.15,27.14,"-16.825 146.125"
"1834674","2018-04-26T12:00:00Z",-16.825,146.225,"0.15",0,"27.11","0.53",0,2018-04-26,"04","2018",0.15,27.11,"-16.825 146.225"
"1834714","2018-04-26T12:00:00Z",-16.875,146.175,"0.15",0,"27.1","0.58",0,2018-04-26,"04","2018",0.15,27.1,"-16.875 146.175"
"1834715","2018-04-26T12:00:00Z",-16.875,146.225,"0.15",0,"27.09","0.53",0,2018-04-26,"04","2018",0.15,27.09,"-16.875 146.225"
"1834756","2018-04-26T12:00:00Z",-16.925,146.225,"0.15",0,"27.09","0.56",0,2018-04-26,"04","2018",0.15,27.09,"-16.925 146.225"
"1834757","2018-04-26T12:00:00Z",-16.925,146.275,"0.15",0,"27.080000000000002","0.51",0,2018-04-26,"04","2018",0.15,27.08,"-16.925 146.275"
"1834797","2018-04-26T12:00:00Z",-16.975,146.225,"0.15",0,"27.1","0.59",0,2018-04-26,"04","2018",0.15,27.1,"-16.975 146.225"
"1846439","2018-05-03T12:00:00Z",-16.825,146.125,"0.0",0,"26.560000000000002","0.38",0,2018-05-03,"05","2018",0,26.56,"-16.825 146.125"
"1846441","2018-05-03T12:00:00Z",-16.825,146.225,"0.0",0,"26.61","0.33",0,2018-05-03,"05","2018",0,26.61,"-16.825 146.225"
"1846481","2018-05-03T12:00:00Z",-16.875,146.175,"0.0",0,"26.560000000000002","0.35000000000000003",0,2018-05-03,"05","2018",0,26.56,"-16.875 146.175"
"1846482","2018-05-03T12:00:00Z",-16.875,146.225,"0.0",0,"26.580000000000002","0.33",0,2018-05-03,"05","2018",0,26.58,"-16.875 146.225"
"1846523","2018-05-03T12:00:00Z",-16.925,146.225,"0.0",0,"26.560000000000002","0.34",0,2018-05-03,"05","2018",0,26.56,"-16.925 146.225"
"1846524","2018-05-03T12:00:00Z",-16.925,146.275,"0.0",0,"26.580000000000002","0.31",0,2018-05-03,"05","2018",0,26.58,"-16.925 146.275"
"1846564","2018-05-03T12:00:00Z",-16.975,146.225,"0.0",0,"26.54","0.34",0,2018-05-03,"05","2018",0,26.54,"-16.975 146.225"
"1858206","2018-05-10T12:00:00Z",-16.825,146.125,"0.0",0,"26.22","0.35000000000000003",0,2018-05-10,"05","2018",0,26.22,"-16.825 146.125"
"1858208","2018-05-10T12:00:00Z",-16.825,146.225,"0.0",0,"26.21","0.23",0,2018-05-10,"05","2018",0,26.21,"-16.825 146.225"
"1858248","2018-05-10T12:00:00Z",-16.875,146.175,"0.0",0,"26.21","0.32",0,2018-05-10,"05","2018",0,26.21,"-16.875 146.175"
"1858249","2018-05-10T12:00:00Z",-16.875,146.225,"0.0",0,"26.2","0.25",0,2018-05-10,"05","2018",0,26.2,"-16.875 146.225"
"1858290","2018-05-10T12:00:00Z",-16.925,146.225,"0.0",0,"26.2","0.29",0,2018-05-10,"05","2018",0,26.2,"-16.925 146.225"
"1858291","2018-05-10T12:00:00Z",-16.925,146.275,"0.0",0,"26.19","0.22",0,2018-05-10,"05","2018",0,26.19,"-16.925 146.275"
"1858331","2018-05-10T12:00:00Z",-16.975,146.225,"0.0",0,"26.21","0.33",0,2018-05-10,"05","2018",0,26.21,"-16.975 146.225"
"1869973","2018-05-17T12:00:00Z",-16.825,146.125,"0.0",0,"25.68","0.14",0,2018-05-17,"05","2018",0,25.68,"-16.825 146.125"
"1869975","2018-05-17T12:00:00Z",-16.825,146.225,"0.0",0,"25.8","0.13",0,2018-05-17,"05","2018",0,25.8,"-16.825 146.225"
"1870015","2018-05-17T12:00:00Z",-16.875,146.175,"0.0",0,"25.7","0.12",0,2018-05-17,"05","2018",0,25.7,"-16.875 146.175"
"1870016","2018-05-17T12:00:00Z",-16.875,146.225,"0.0",0,"25.76","0.12",0,2018-05-17,"05","2018",0,25.76,"-16.875 146.225"
"1870057","2018-05-17T12:00:00Z",-16.925,146.225,"0.0",0,"25.73","0.13",0,2018-05-17,"05","2018",0,25.73,"-16.925 146.225"
"1870058","2018-05-17T12:00:00Z",-16.925,146.275,"0.0",0,"25.78","0.12",0,2018-05-17,"05","2018",0,25.78,"-16.925 146.275"
"1870098","2018-05-17T12:00:00Z",-16.975,146.225,"0.0",0,"25.7","0.13",0,2018-05-17,"05","2018",0,25.7,"-16.975 146.225"
"1881740","2018-05-24T12:00:00Z",-16.825,146.125,"0.0",0,"25.29","0.08",0,2018-05-24,"05","2018",0,25.29,"-16.825 146.125"
"1881742","2018-05-24T12:00:00Z",-16.825,146.225,"0.0",0,"25.45","0.1",0,2018-05-24,"05","2018",0,25.45,"-16.825 146.225"
"1881782","2018-05-24T12:00:00Z",-16.875,146.175,"0.0",0,"25.34","0.09",0,2018-05-24,"05","2018",0,25.34,"-16.875 146.175"
"1881783","2018-05-24T12:00:00Z",-16.875,146.225,"0.0",0,"25.42","0.11",0,2018-05-24,"05","2018",0,25.42,"-16.875 146.225"
"1881824","2018-05-24T12:00:00Z",-16.925,146.225,"0.0",0,"25.39","0.12",0,2018-05-24,"05","2018",0,25.39,"-16.925 146.225"
"1881825","2018-05-24T12:00:00Z",-16.925,146.275,"0.0",0,"25.47","0.13",0,2018-05-24,"05","2018",0,25.47,"-16.925 146.275"
"1881865","2018-05-24T12:00:00Z",-16.975,146.225,"0.0",0,"25.37","0.14",0,2018-05-24,"05","2018",0,25.37,"-16.975 146.225"
"1893507","2018-05-31T12:00:00Z",-16.825,146.125,"0.0",0,"24.75","-0.13",0,2018-05-31,"05","2018",0,24.75,"-16.825 146.125"
"1893509","2018-05-31T12:00:00Z",-16.825,146.225,"0.0",0,"24.92","-0.12",0,2018-05-31,"05","2018",0,24.92,"-16.825 146.225"
"1893549","2018-05-31T12:00:00Z",-16.875,146.175,"0.0",0,"24.8","-0.12",0,2018-05-31,"05","2018",0,24.8,"-16.875 146.175"
"1893550","2018-05-31T12:00:00Z",-16.875,146.225,"0.0",0,"24.87","-0.12",0,2018-05-31,"05","2018",0,24.87,"-16.875 146.225"
"1893591","2018-05-31T12:00:00Z",-16.925,146.225,"0.0",0,"24.82","-0.12",0,2018-05-31,"05","2018",0,24.82,"-16.925 146.225"
"1893592","2018-05-31T12:00:00Z",-16.925,146.275,"0.0",0,"24.92","-0.1",0,2018-05-31,"05","2018",0,24.92,"-16.925 146.275"
"1893632","2018-05-31T12:00:00Z",-16.975,146.225,"0.0",0,"24.77","-0.13",0,2018-05-31,"05","2018",0,24.77,"-16.975 146.225"
"1905274","2018-06-07T12:00:00Z",-16.825,146.125,"0.0",0,"24.39","-0.15",0,2018-06-07,"06","2018",0,24.39,"-16.825 146.125"
"1905276","2018-06-07T12:00:00Z",-16.825,146.225,"0.0",0,"24.580000000000002","-0.14",0,2018-06-07,"06","2018",0,24.58,"-16.825 146.225"
"1905316","2018-06-07T12:00:00Z",-16.875,146.175,"0.0",0,"24.41","-0.18",0,2018-06-07,"06","2018",0,24.41,"-16.875 146.175"
"1905317","2018-06-07T12:00:00Z",-16.875,146.225,"0.0",0,"24.490000000000002","-0.18",0,2018-06-07,"06","2018",0,24.49,"-16.875 146.225"
"1905358","2018-06-07T12:00:00Z",-16.925,146.225,"0.0",0,"24.41","-0.2",0,2018-06-07,"06","2018",0,24.41,"-16.925 146.225"
"1905359","2018-06-07T12:00:00Z",-16.925,146.275,"0.0",0,"24.5","-0.2",0,2018-06-07,"06","2018",0,24.5,"-16.925 146.275"
"1905399","2018-06-07T12:00:00Z",-16.975,146.225,"0.0",0,"24.34","-0.23",0,2018-06-07,"06","2018",0,24.34,"-16.975 146.225"
"1917041","2018-06-14T12:00:00Z",-16.825,146.125,"0.0",0,"24.34","0.13",0,2018-06-14,"06","2018",0,24.34,"-16.825 146.125"
"1917043","2018-06-14T12:00:00Z",-16.825,146.225,"0.0",0,"24.51","0.1",0,2018-06-14,"06","2018",0,24.51,"-16.825 146.225"
"1917083","2018-06-14T12:00:00Z",-16.875,146.175,"0.0",0,"24.39","0.13",0,2018-06-14,"06","2018",0,24.39,"-16.875 146.175"
"1917084","2018-06-14T12:00:00Z",-16.875,146.225,"0.0",0,"24.46","0.11",0,2018-06-14,"06","2018",0,24.46,"-16.875 146.225"
"1917125","2018-06-14T12:00:00Z",-16.925,146.225,"0.0",0,"24.400000000000002","0.11",0,2018-06-14,"06","2018",0,24.4,"-16.925 146.225"
"1917126","2018-06-14T12:00:00Z",-16.925,146.275,"0.0",0,"24.44","0.05",0,2018-06-14,"06","2018",0,24.44,"-16.925 146.275"
"1917166","2018-06-14T12:00:00Z",-16.975,146.225,"0.0",0,"24.36","0.12",0,2018-06-14,"06","2018",0,24.36,"-16.975 146.225"
"1928808","2018-06-21T12:00:00Z",-16.825,146.125,"0.0",0,"24.080000000000002","0.04",0,2018-06-21,"06","2018",0,24.08,"-16.825 146.125"
"1928810","2018-06-21T12:00:00Z",-16.825,146.225,"0.0",0,"24.34","0.09",0,2018-06-21,"06","2018",0,24.34,"-16.825 146.225"
"1928850","2018-06-21T12:00:00Z",-16.875,146.175,"0.0",0,"24.16","0.07",0,2018-06-21,"06","2018",0,24.16,"-16.875 146.175"
"1928851","2018-06-21T12:00:00Z",-16.875,146.225,"0.0",0,"24.28","0.1",0,2018-06-21,"06","2018",0,24.28,"-16.875 146.225"
"1928892","2018-06-21T12:00:00Z",-16.925,146.225,"0.0",0,"24.21","0.09",0,2018-06-21,"06","2018",0,24.21,"-16.925 146.225"
"1928893","2018-06-21T12:00:00Z",-16.925,146.275,"0.0",0,"24.34","0.12",0,2018-06-21,"06","2018",0,24.34,"-16.925 146.275"
"1928933","2018-06-21T12:00:00Z",-16.975,146.225,"0.0",0,"24.12","0.06",0,2018-06-21,"06","2018",0,24.12,"-16.975 146.225"
"1940575","2018-06-28T12:00:00Z",-16.825,146.125,"0.0",0,"24.080000000000002","0.18",0,2018-06-28,"06","2018",0,24.08,"-16.825 146.125"
"1940577","2018-06-28T12:00:00Z",-16.825,146.225,"0.0",0,"24.310000000000002","0.19",0,2018-06-28,"06","2018",0,24.31,"-16.825 146.225"
"1940617","2018-06-28T12:00:00Z",-16.875,146.175,"0.0",0,"24.1","0.15",0,2018-06-28,"06","2018",0,24.1,"-16.875 146.175"
"1940618","2018-06-28T12:00:00Z",-16.875,146.225,"0.0",0,"24.21","0.16",0,2018-06-28,"06","2018",0,24.21,"-16.875 146.225"
"1940659","2018-06-28T12:00:00Z",-16.925,146.225,"0.0",0,"24.12","0.14",0,2018-06-28,"06","2018",0,24.12,"-16.925 146.225"
"1940660","2018-06-28T12:00:00Z",-16.925,146.275,"0.0",0,"24.240000000000002","0.16",0,2018-06-28,"06","2018",0,24.24,"-16.925 146.275"
"1940700","2018-06-28T12:00:00Z",-16.975,146.225,"0.0",0,"24.05","0.13",0,2018-06-28,"06","2018",0,24.05,"-16.975 146.225"
"1952342","2018-07-05T12:00:00Z",-16.825,146.125,"0.0",0,"24.22","0.46",0,2018-07-05,"07","2018",0,24.22,"-16.825 146.125"
"1952344","2018-07-05T12:00:00Z",-16.825,146.225,"0.0",0,"24.52","0.53",0,2018-07-05,"07","2018",0,24.52,"-16.825 146.225"
"1952384","2018-07-05T12:00:00Z",-16.875,146.175,"0.0",0,"24.3","0.5",0,2018-07-05,"07","2018",0,24.3,"-16.875 146.175"
"1952385","2018-07-05T12:00:00Z",-16.875,146.225,"0.0",0,"24.43","0.52",0,2018-07-05,"07","2018",0,24.43,"-16.875 146.225"
"1952426","2018-07-05T12:00:00Z",-16.925,146.225,"0.0",0,"24.34","0.51",0,2018-07-05,"07","2018",0,24.34,"-16.925 146.225"
"1952427","2018-07-05T12:00:00Z",-16.925,146.275,"0.0",0,"24.47","0.53",0,2018-07-05,"07","2018",0,24.47,"-16.925 146.275"
"1952467","2018-07-05T12:00:00Z",-16.975,146.225,"0.0",0,"24.26","0.49",0,2018-07-05,"07","2018",0,24.26,"-16.975 146.225"
"1964109","2018-07-12T12:00:00Z",-16.825,146.125,"0.0",0,"24.02","0.4",0,2018-07-12,"07","2018",0,24.02,"-16.825 146.125"
"1964111","2018-07-12T12:00:00Z",-16.825,146.225,"0.0",0,"24.240000000000002","0.38",0,2018-07-12,"07","2018",0,24.24,"-16.825 146.225"
"1964151","2018-07-12T12:00:00Z",-16.875,146.175,"0.0",0,"24.060000000000002","0.4",0,2018-07-12,"07","2018",0,24.06,"-16.875 146.175"
"1964152","2018-07-12T12:00:00Z",-16.875,146.225,"0.0",0,"24.17","0.39",0,2018-07-12,"07","2018",0,24.17,"-16.875 146.225"
"1964193","2018-07-12T12:00:00Z",-16.925,146.225,"0.0",0,"24.1","0.41000000000000003",0,2018-07-12,"07","2018",0,24.1,"-16.925 146.225"
"1964194","2018-07-12T12:00:00Z",-16.925,146.275,"0.0",0,"24.22","0.42",0,2018-07-12,"07","2018",0,24.22,"-16.925 146.275"
"1964234","2018-07-12T12:00:00Z",-16.975,146.225,"0.0",0,"24.01","0.39",0,2018-07-12,"07","2018",0,24.01,"-16.975 146.225"
"1975876","2018-07-19T12:00:00Z",-16.825,146.125,"0.0",0,"24.07","0.5",0,2018-07-19,"07","2018",0,24.07,"-16.825 146.125"
"1975878","2018-07-19T12:00:00Z",-16.825,146.225,"0.0",0,"24.29","0.48",0,2018-07-19,"07","2018",0,24.29,"-16.825 146.225"
"1975918","2018-07-19T12:00:00Z",-16.875,146.175,"0.0",0,"24.080000000000002","0.47000000000000003",0,2018-07-19,"07","2018",0,24.08,"-16.875 146.175"
"1975919","2018-07-19T12:00:00Z",-16.875,146.225,"0.0",0,"24.18","0.45",0,2018-07-19,"07","2018",0,24.18,"-16.875 146.225"
"1975960","2018-07-19T12:00:00Z",-16.925,146.225,"0.0",0,"24.05","0.41000000000000003",0,2018-07-19,"07","2018",0,24.05,"-16.925 146.225"
"1975961","2018-07-19T12:00:00Z",-16.925,146.275,"0.0",0,"24.16","0.41000000000000003",0,2018-07-19,"07","2018",0,24.16,"-16.925 146.275"
"1976001","2018-07-19T12:00:00Z",-16.975,146.225,"0.0",0,"23.95","0.38",0,2018-07-19,"07","2018",0,23.95,"-16.975 146.225"
"1987643","2018-07-26T12:00:00Z",-16.825,146.125,"0.0",0,"24.17","0.5700000000000001",0,2018-07-26,"07","2018",0,24.17,"-16.825 146.125"
"1987645","2018-07-26T12:00:00Z",-16.825,146.225,"0.0",0,"24.240000000000002","0.42",0,2018-07-26,"07","2018",0,24.24,"-16.825 146.225"
"1987685","2018-07-26T12:00:00Z",-16.875,146.175,"0.0",0,"24.150000000000002","0.51",0,2018-07-26,"07","2018",0,24.15,"-16.875 146.175"
"1987686","2018-07-26T12:00:00Z",-16.875,146.225,"0.0",0,"24.19","0.45",0,2018-07-26,"07","2018",0,24.19,"-16.875 146.225"
"1987727","2018-07-26T12:00:00Z",-16.925,146.225,"0.0",0,"24.150000000000002","0.49",0,2018-07-26,"07","2018",0,24.15,"-16.925 146.225"
"1987728","2018-07-26T12:00:00Z",-16.925,146.275,"0.0",0,"24.19","0.43",0,2018-07-26,"07","2018",0,24.19,"-16.925 146.275"
"1987768","2018-07-26T12:00:00Z",-16.975,146.225,"0.0",0,"24.1","0.51",0,2018-07-26,"07","2018",0,24.1,"-16.975 146.225"
"1999410","2018-08-02T12:00:00Z",-16.825,146.125,"0.0",0,"24.39","0.77",0,2018-08-02,"08","2018",0,24.39,"-16.825 146.125"
"1999412","2018-08-02T12:00:00Z",-16.825,146.225,"0.0",0,"24.47","0.64",0,2018-08-02,"08","2018",0,24.47,"-16.825 146.225"
"1999452","2018-08-02T12:00:00Z",-16.875,146.175,"0.0",0,"24.400000000000002","0.74",0,2018-08-02,"08","2018",0,24.4,"-16.875 146.175"
"1999453","2018-08-02T12:00:00Z",-16.875,146.225,"0.0",0,"24.44","0.68",0,2018-08-02,"08","2018",0,24.44,"-16.875 146.225"
"1999494","2018-08-02T12:00:00Z",-16.925,146.225,"0.0",0,"24.36","0.68",0,2018-08-02,"08","2018",0,24.36,"-16.925 146.225"
"1999495","2018-08-02T12:00:00Z",-16.925,146.275,"0.0",0,"24.41","0.64",0,2018-08-02,"08","2018",0,24.41,"-16.925 146.275"
"1999535","2018-08-02T12:00:00Z",-16.975,146.225,"0.0",0,"24.26","0.65",0,2018-08-02,"08","2018",0,24.26,"-16.975 146.225"
"2011177","2018-08-09T12:00:00Z",-16.825,146.125,"0.0",0,"24.38","0.73",0,2018-08-09,"08","2018",0,24.38,"-16.825 146.125"
"2011179","2018-08-09T12:00:00Z",-16.825,146.225,"0.0",0,"24.54","0.7000000000000001",0,2018-08-09,"08","2018",0,24.54,"-16.825 146.225"
"2011219","2018-08-09T12:00:00Z",-16.875,146.175,"0.0",0,"24.37","0.6900000000000001",0,2018-08-09,"08","2018",0,24.37,"-16.875 146.175"
"2011220","2018-08-09T12:00:00Z",-16.875,146.225,"0.0",0,"24.44","0.66",0,2018-08-09,"08","2018",0,24.44,"-16.875 146.225"
"2011261","2018-08-09T12:00:00Z",-16.925,146.225,"0.0",0,"24.330000000000002","0.63",0,2018-08-09,"08","2018",0,24.33,"-16.925 146.225"
"2011262","2018-08-09T12:00:00Z",-16.925,146.275,"0.0",0,"24.41","0.62",0,2018-08-09,"08","2018",0,24.41,"-16.925 146.275"
"2011302","2018-08-09T12:00:00Z",-16.975,146.225,"0.0",0,"24.240000000000002","0.61",0,2018-08-09,"08","2018",0,24.24,"-16.975 146.225"
"2022944","2018-08-16T12:00:00Z",-16.825,146.125,"0.0",0,"24.22","0.53",0,2018-08-16,"08","2018",0,24.22,"-16.825 146.125"
"2022946","2018-08-16T12:00:00Z",-16.825,146.225,"0.0",0,"24.400000000000002","0.53",0,2018-08-16,"08","2018",0,24.4,"-16.825 146.225"
"2022986","2018-08-16T12:00:00Z",-16.875,146.175,"0.0",0,"24.18","0.46",0,2018-08-16,"08","2018",0,24.18,"-16.875 146.175"
"2022987","2018-08-16T12:00:00Z",-16.875,146.225,"0.0",0,"24.28","0.47000000000000003",0,2018-08-16,"08","2018",0,24.28,"-16.875 146.225"
"2023028","2018-08-16T12:00:00Z",-16.925,146.225,"0.0",0,"24.17","0.43",0,2018-08-16,"08","2018",0,24.17,"-16.925 146.225"
"2023029","2018-08-16T12:00:00Z",-16.925,146.275,"0.0",0,"24.27","0.45",0,2018-08-16,"08","2018",0,24.27,"-16.925 146.275"
"2023069","2018-08-16T12:00:00Z",-16.975,146.225,"0.0",0,"24.1","0.43",0,2018-08-16,"08","2018",0,24.1,"-16.975 146.225"
"2034711","2018-08-23T12:00:00Z",-16.825,146.125,"0.0",0,"24.23","0.37",0,2018-08-23,"08","2018",0,24.23,"-16.825 146.125"
"2034713","2018-08-23T12:00:00Z",-16.825,146.225,"0.0",0,"24.43","0.42",0,2018-08-23,"08","2018",0,24.43,"-16.825 146.225"
"2034753","2018-08-23T12:00:00Z",-16.875,146.175,"0.0",0,"24.28","0.39",0,2018-08-23,"08","2018",0,24.28,"-16.875 146.175"
"2034754","2018-08-23T12:00:00Z",-16.875,146.225,"0.0",0,"24.37","0.41000000000000003",0,2018-08-23,"08","2018",0,24.37,"-16.875 146.225"
"2034795","2018-08-23T12:00:00Z",-16.925,146.225,"0.0",0,"24.27","0.37",0,2018-08-23,"08","2018",0,24.27,"-16.925 146.225"
"2034796","2018-08-23T12:00:00Z",-16.925,146.275,"0.0",0,"24.35","0.38",0,2018-08-23,"08","2018",0,24.35,"-16.925 146.275"
"2034836","2018-08-23T12:00:00Z",-16.975,146.225,"0.0",0,"24.19","0.34",0,2018-08-23,"08","2018",0,24.19,"-16.975 146.225"
"2046478","2018-08-30T12:00:00Z",-16.825,146.125,"0.0",0,"24.62","0.59",0,2018-08-30,"08","2018",0,24.62,"-16.825 146.125"
"2046480","2018-08-30T12:00:00Z",-16.825,146.225,"0.0",0,"24.740000000000002","0.59",0,2018-08-30,"08","2018",0,24.74,"-16.825 146.225"
"2046520","2018-08-30T12:00:00Z",-16.875,146.175,"0.0",0,"24.69","0.64",0,2018-08-30,"08","2018",0,24.69,"-16.875 146.175"
"2046521","2018-08-30T12:00:00Z",-16.875,146.225,"0.0",0,"24.73","0.62",0,2018-08-30,"08","2018",0,24.73,"-16.875 146.225"
"2046562","2018-08-30T12:00:00Z",-16.925,146.225,"0.0",0,"24.71","0.65",0,2018-08-30,"08","2018",0,24.71,"-16.925 146.225"
"2046563","2018-08-30T12:00:00Z",-16.925,146.275,"0.0",0,"24.73","0.61",0,2018-08-30,"08","2018",0,24.73,"-16.925 146.275"
"2046603","2018-08-30T12:00:00Z",-16.975,146.225,"0.0",0,"24.67","0.65",0,2018-08-30,"08","2018",0,24.67,"-16.975 146.225"
"2058245","2018-09-06T12:00:00Z",-16.825,146.125,"0.0",0,"24.82","0.62",0,2018-09-06,"09","2018",0,24.82,"-16.825 146.125"
"2058247","2018-09-06T12:00:00Z",-16.825,146.225,"0.0",0,"24.91","0.61",0,2018-09-06,"09","2018",0,24.91,"-16.825 146.225"
"2058287","2018-09-06T12:00:00Z",-16.875,146.175,"0.0",0,"24.86","0.64",0,2018-09-06,"09","2018",0,24.86,"-16.875 146.175"
"2058288","2018-09-06T12:00:00Z",-16.875,146.225,"0.0",0,"24.900000000000002","0.63",0,2018-09-06,"09","2018",0,24.9,"-16.875 146.225"
"2058329","2018-09-06T12:00:00Z",-16.925,146.225,"0.0",0,"24.91","0.6900000000000001",0,2018-09-06,"09","2018",0,24.91,"-16.925 146.225"
"2058330","2018-09-06T12:00:00Z",-16.925,146.275,"0.0",0,"24.93","0.66",0,2018-09-06,"09","2018",0,24.93,"-16.925 146.275"
"2058370","2018-09-06T12:00:00Z",-16.975,146.225,"0.0",0,"24.92","0.73",0,2018-09-06,"09","2018",0,24.92,"-16.975 146.225"
"2070012","2018-09-13T12:00:00Z",-16.825,146.125,"0.0",0,"24.86","0.49",0,2018-09-13,"09","2018",0,24.86,"-16.825 146.125"
"2070014","2018-09-13T12:00:00Z",-16.825,146.225,"0.0",0,"24.91","0.47000000000000003",0,2018-09-13,"09","2018",0,24.91,"-16.825 146.225"
"2070054","2018-09-13T12:00:00Z",-16.875,146.175,"0.0",0,"24.86","0.48",0,2018-09-13,"09","2018",0,24.86,"-16.875 146.175"
"2070055","2018-09-13T12:00:00Z",-16.875,146.225,"0.0",0,"24.88","0.46",0,2018-09-13,"09","2018",0,24.88,"-16.875 146.225"
"2070096","2018-09-13T12:00:00Z",-16.925,146.225,"0.0",0,"24.85","0.47000000000000003",0,2018-09-13,"09","2018",0,24.85,"-16.925 146.225"
"2070097","2018-09-13T12:00:00Z",-16.925,146.275,"0.0",0,"24.88","0.46",0,2018-09-13,"09","2018",0,24.88,"-16.925 146.275"
"2070137","2018-09-13T12:00:00Z",-16.975,146.225,"0.0",0,"24.830000000000002","0.47000000000000003",0,2018-09-13,"09","2018",0,24.83,"-16.975 146.225"
"2081779","2018-09-20T12:00:00Z",-16.825,146.125,"0.0",0,"25.05","0.41000000000000003",0,2018-09-20,"09","2018",0,25.05,"-16.825 146.125"
"2081781","2018-09-20T12:00:00Z",-16.825,146.225,"0.0",0,"25.11","0.43",0,2018-09-20,"09","2018",0,25.11,"-16.825 146.225"
"2081821","2018-09-20T12:00:00Z",-16.875,146.175,"0.0",0,"25.060000000000002","0.42",0,2018-09-20,"09","2018",0,25.06,"-16.875 146.175"
"2081822","2018-09-20T12:00:00Z",-16.875,146.225,"0.0",0,"25.09","0.43",0,2018-09-20,"09","2018",0,25.09,"-16.875 146.225"
"2081863","2018-09-20T12:00:00Z",-16.925,146.225,"0.0",0,"25.07","0.43",0,2018-09-20,"09","2018",0,25.07,"-16.925 146.225"
"2081864","2018-09-20T12:00:00Z",-16.925,146.275,"0.0",0,"25.080000000000002","0.42",0,2018-09-20,"09","2018",0,25.08,"-16.925 146.275"
"2081904","2018-09-20T12:00:00Z",-16.975,146.225,"0.0",0,"25.04","0.42",0,2018-09-20,"09","2018",0,25.04,"-16.975 146.225"
"2093546","2018-09-27T12:00:00Z",-16.825,146.125,"0.0",0,"24.86","-0.08",0,2018-09-27,"09","2018",0,24.86,"-16.825 146.125"
"2093548","2018-09-27T12:00:00Z",-16.825,146.225,"0.0",0,"24.92","-0.04",0,2018-09-27,"09","2018",0,24.92,"-16.825 146.225"
"2093588","2018-09-27T12:00:00Z",-16.875,146.175,"0.0",0,"24.87","-0.06",0,2018-09-27,"09","2018",0,24.87,"-16.875 146.175"
"2093589","2018-09-27T12:00:00Z",-16.875,146.225,"0.0",0,"24.91","-0.03",0,2018-09-27,"09","2018",0,24.91,"-16.875 146.225"
"2093630","2018-09-27T12:00:00Z",-16.925,146.225,"0.0",0,"24.89","-0.04",0,2018-09-27,"09","2018",0,24.89,"-16.925 146.225"
"2093631","2018-09-27T12:00:00Z",-16.925,146.275,"0.0",0,"24.93","-0.01",0,2018-09-27,"09","2018",0,24.93,"-16.925 146.275"
"2093671","2018-09-27T12:00:00Z",-16.975,146.225,"0.0",0,"24.86","-0.05",0,2018-09-27,"09","2018",0,24.86,"-16.975 146.225"
"2105313","2018-10-04T12:00:00Z",-16.825,146.125,"0.0",0,"24.72","-0.52",0,2018-10-04,"10","2018",0,24.72,"-16.825 146.125"
"2105315","2018-10-04T12:00:00Z",-16.825,146.225,"0.0",0,"24.78","-0.45",0,2018-10-04,"10","2018",0,24.78,"-16.825 146.225"
"2105355","2018-10-04T12:00:00Z",-16.875,146.175,"0.0",0,"24.73","-0.5",0,2018-10-04,"10","2018",0,24.73,"-16.875 146.175"
"2105356","2018-10-04T12:00:00Z",-16.875,146.225,"0.0",0,"24.76","-0.47000000000000003",0,2018-10-04,"10","2018",0,24.76,"-16.875 146.225"
"2105397","2018-10-04T12:00:00Z",-16.925,146.225,"0.0",0,"24.75","-0.47000000000000003",0,2018-10-04,"10","2018",0,24.75,"-16.925 146.225"
"2105398","2018-10-04T12:00:00Z",-16.925,146.275,"0.0",0,"24.78","-0.44",0,2018-10-04,"10","2018",0,24.78,"-16.925 146.275"
"2105438","2018-10-04T12:00:00Z",-16.975,146.225,"0.0",0,"24.75","-0.46",0,2018-10-04,"10","2018",0,24.75,"-16.975 146.225"
"2117080","2018-10-11T12:00:00Z",-16.825,146.125,"0.0",0,"25.63","0.09",0,2018-10-11,"10","2018",0,25.63,"-16.825 146.125"
"2117082","2018-10-11T12:00:00Z",-16.825,146.225,"0.0",0,"25.560000000000002","0.05",0,2018-10-11,"10","2018",0,25.56,"-16.825 146.225"
"2117122","2018-10-11T12:00:00Z",-16.875,146.175,"0.0",0,"25.6","0.08",0,2018-10-11,"10","2018",0,25.6,"-16.875 146.175"
"2117123","2018-10-11T12:00:00Z",-16.875,146.225,"0.0",0,"25.560000000000002","0.05",0,2018-10-11,"10","2018",0,25.56,"-16.875 146.225"
"2117164","2018-10-11T12:00:00Z",-16.925,146.225,"0.0",0,"25.580000000000002","0.08",0,2018-10-11,"10","2018",0,25.58,"-16.925 146.225"
"2117165","2018-10-11T12:00:00Z",-16.925,146.275,"0.0",0,"25.560000000000002","0.06",0,2018-10-11,"10","2018",0,25.56,"-16.925 146.275"
"2117205","2018-10-11T12:00:00Z",-16.975,146.225,"0.0",0,"25.62","0.12",0,2018-10-11,"10","2018",0,25.62,"-16.975 146.225"
"2128847","2018-10-18T12:00:00Z",-16.825,146.125,"0.0",0,"26.62","0.77",0,2018-10-18,"10","2018",0,26.62,"-16.825 146.125"
"2128849","2018-10-18T12:00:00Z",-16.825,146.225,"0.0",0,"26.5","0.7000000000000001",0,2018-10-18,"10","2018",0,26.5,"-16.825 146.225"
"2128889","2018-10-18T12:00:00Z",-16.875,146.175,"0.0",0,"26.59","0.77",0,2018-10-18,"10","2018",0,26.59,"-16.875 146.175"
"2128890","2018-10-18T12:00:00Z",-16.875,146.225,"0.0",0,"26.52","0.72",0,2018-10-18,"10","2018",0,26.52,"-16.875 146.225"
"2128931","2018-10-18T12:00:00Z",-16.925,146.225,"0.0",0,"26.560000000000002","0.75",0,2018-10-18,"10","2018",0,26.56,"-16.925 146.225"
"2128932","2018-10-18T12:00:00Z",-16.925,146.275,"0.0",0,"26.5","0.71",0,2018-10-18,"10","2018",0,26.5,"-16.925 146.275"
"2128972","2018-10-18T12:00:00Z",-16.975,146.225,"0.0",0,"26.580000000000002","0.77",0,2018-10-18,"10","2018",0,26.58,"-16.975 146.225"
"2140614","2018-10-25T12:00:00Z",-16.825,146.125,"0.0",0,"26.52","0.36",0,2018-10-25,"10","2018",0,26.52,"-16.825 146.125"
"2140616","2018-10-25T12:00:00Z",-16.825,146.225,"0.0",0,"26.41","0.3",0,2018-10-25,"10","2018",0,26.41,"-16.825 146.225"
"2140656","2018-10-25T12:00:00Z",-16.875,146.175,"0.0",0,"26.48","0.34",0,2018-10-25,"10","2018",0,26.48,"-16.875 146.175"
"2140657","2018-10-25T12:00:00Z",-16.875,146.225,"0.0",0,"26.44","0.32",0,2018-10-25,"10","2018",0,26.44,"-16.875 146.225"
"2140698","2018-10-25T12:00:00Z",-16.925,146.225,"0.0",0,"26.48","0.36",0,2018-10-25,"10","2018",0,26.48,"-16.925 146.225"
"2140699","2018-10-25T12:00:00Z",-16.925,146.275,"0.0",0,"26.44","0.33",0,2018-10-25,"10","2018",0,26.44,"-16.925 146.275"
"2140739","2018-10-25T12:00:00Z",-16.975,146.225,"0.0",0,"26.52","0.39",0,2018-10-25,"10","2018",0,26.52,"-16.975 146.225"
"2152381","2018-11-01T12:00:00Z",-16.825,146.125,"0.0",0,"26.94","0.46",0,2018-11-01,"11","2018",0,26.94,"-16.825 146.125"
"2152383","2018-11-01T12:00:00Z",-16.825,146.225,"0.0",0,"26.86","0.44",0,2018-11-01,"11","2018",0,26.86,"-16.825 146.225"
"2152423","2018-11-01T12:00:00Z",-16.875,146.175,"0.0",0,"26.92","0.47000000000000003",0,2018-11-01,"11","2018",0,26.92,"-16.875 146.175"
"2152424","2018-11-01T12:00:00Z",-16.875,146.225,"0.0",0,"26.88","0.45",0,2018-11-01,"11","2018",0,26.88,"-16.875 146.225"
"2152465","2018-11-01T12:00:00Z",-16.925,146.225,"0.0",0,"26.91","0.47000000000000003",0,2018-11-01,"11","2018",0,26.91,"-16.925 146.225"
"2152466","2018-11-01T12:00:00Z",-16.925,146.275,"0.0",0,"26.87","0.45",0,2018-11-01,"11","2018",0,26.87,"-16.925 146.275"
"2152506","2018-11-01T12:00:00Z",-16.975,146.225,"0.0",0,"26.94","0.49",0,2018-11-01,"11","2018",0,26.94,"-16.975 146.225"
"2164148","2018-11-08T12:00:00Z",-16.825,146.125,"0.0",0,"27.22","0.43",0,2018-11-08,"11","2018",0,27.22,"-16.825 146.125"
"2164150","2018-11-08T12:00:00Z",-16.825,146.225,"0.0",0,"27.09","0.37",0,2018-11-08,"11","2018",0,27.09,"-16.825 146.225"
"2164190","2018-11-08T12:00:00Z",-16.875,146.175,"0.0",0,"27.11","0.34",0,2018-11-08,"11","2018",0,27.11,"-16.875 146.175"
"2164191","2018-11-08T12:00:00Z",-16.875,146.225,"0.0",0,"27.09","0.35000000000000003",0,2018-11-08,"11","2018",0,27.09,"-16.875 146.225"
"2164232","2018-11-08T12:00:00Z",-16.925,146.225,"0.0",0,"27.1","0.35000000000000003",0,2018-11-08,"11","2018",0,27.1,"-16.925 146.225"
"2164233","2018-11-08T12:00:00Z",-16.925,146.275,"0.0",0,"27.080000000000002","0.35000000000000003",0,2018-11-08,"11","2018",0,27.08,"-16.925 146.275"
"2164273","2018-11-08T12:00:00Z",-16.975,146.225,"0.0",0,"27.14","0.37",0,2018-11-08,"11","2018",0,27.14,"-16.975 146.225"
"2175915","2018-11-15T12:00:00Z",-16.825,146.125,"0.0",0,"27.2","0.09",0,2018-11-15,"11","2018",0,27.2,"-16.825 146.125"
"2175917","2018-11-15T12:00:00Z",-16.825,146.225,"0.0",0,"27.16","0.13",0,2018-11-15,"11","2018",0,27.16,"-16.825 146.225"
"2175957","2018-11-15T12:00:00Z",-16.875,146.175,"0.0",0,"27.19","0.11",0,2018-11-15,"11","2018",0,27.19,"-16.875 146.175"
"2175958","2018-11-15T12:00:00Z",-16.875,146.225,"0.0",0,"27.18","0.13",0,2018-11-15,"11","2018",0,27.18,"-16.875 146.225"
"2175999","2018-11-15T12:00:00Z",-16.925,146.225,"0.0",0,"27.22","0.15",0,2018-11-15,"11","2018",0,27.22,"-16.925 146.225"
"2176000","2018-11-15T12:00:00Z",-16.925,146.275,"0.0",0,"27.2","0.16",0,2018-11-15,"11","2018",0,27.2,"-16.925 146.275"
"2176040","2018-11-15T12:00:00Z",-16.975,146.225,"0.0",0,"27.25","0.16",0,2018-11-15,"11","2018",0,27.25,"-16.975 146.225"
"2187682","2018-11-22T12:00:00Z",-16.825,146.125,"0.0",0,"27.67","0.39",0,2018-11-22,"11","2018",0,27.67,"-16.825 146.125"
"2187684","2018-11-22T12:00:00Z",-16.825,146.225,"0.0",0,"27.61","0.39",0,2018-11-22,"11","2018",0,27.61,"-16.825 146.225"
"2187724","2018-11-22T12:00:00Z",-16.875,146.175,"0.0",0,"27.66","0.4",0,2018-11-22,"11","2018",0,27.66,"-16.875 146.175"
"2187725","2018-11-22T12:00:00Z",-16.875,146.225,"0.0",0,"27.62","0.39",0,2018-11-22,"11","2018",0,27.62,"-16.875 146.225"
"2187766","2018-11-22T12:00:00Z",-16.925,146.225,"0.0",0,"27.650000000000002","0.4",0,2018-11-22,"11","2018",0,27.65,"-16.925 146.225"
"2187767","2018-11-22T12:00:00Z",-16.925,146.275,"0.0",0,"27.63","0.41000000000000003",0,2018-11-22,"11","2018",0,27.63,"-16.925 146.275"
"2187807","2018-11-22T12:00:00Z",-16.975,146.225,"0.0",0,"27.68","0.42",0,2018-11-22,"11","2018",0,27.68,"-16.975 146.225"
"2199449","2018-11-29T12:00:00Z",-16.825,146.125,"0.0",0,"28.64","1.18",0,2018-11-29,"11","2018",0,28.64,"-16.825 146.125"
"2199451","2018-11-29T12:00:00Z",-16.825,146.225,"0.0",0,"28.580000000000002","1.18",0,2018-11-29,"11","2018",0,28.58,"-16.825 146.225"
"2199491","2018-11-29T12:00:00Z",-16.875,146.175,"0.0",0,"28.63","1.2",0,2018-11-29,"11","2018",0,28.63,"-16.875 146.175"
"2199492","2018-11-29T12:00:00Z",-16.875,146.225,"0.0",0,"28.6","1.19",0,2018-11-29,"11","2018",0,28.6,"-16.875 146.225"
"2199533","2018-11-29T12:00:00Z",-16.925,146.225,"0.0",0,"28.63","1.21",0,2018-11-29,"11","2018",0,28.63,"-16.925 146.225"
"2199534","2018-11-29T12:00:00Z",-16.925,146.275,"0.0",0,"28.6","1.2",0,2018-11-29,"11","2018",0,28.6,"-16.925 146.275"
"2199574","2018-11-29T12:00:00Z",-16.975,146.225,"0.0",0,"28.64","1.2",0,2018-11-29,"11","2018",0,28.64,"-16.975 146.225"
"2211216","2018-12-06T12:00:00Z",-16.825,146.125,"0.0",0,"28.72","1.09",0,2018-12-06,"12","2018",0,28.72,"-16.825 146.125"
"2211218","2018-12-06T12:00:00Z",-16.825,146.225,"0.0",0,"28.79","1.2",0,2018-12-06,"12","2018",0,28.79,"-16.825 146.225"
"2211258","2018-12-06T12:00:00Z",-16.875,146.175,"0.0",0,"28.73","1.12",0,2018-12-06,"12","2018",0,28.73,"-16.875 146.175"
"2211259","2018-12-06T12:00:00Z",-16.875,146.225,"0.0",0,"28.77","1.17",0,2018-12-06,"12","2018",0,28.77,"-16.875 146.225"
"2211300","2018-12-06T12:00:00Z",-16.925,146.225,"0.0",0,"28.75","1.1500000000000001",0,2018-12-06,"12","2018",0,28.75,"-16.925 146.225"
"2211301","2018-12-06T12:00:00Z",-16.925,146.275,"0.0",0,"28.79","1.2",0,2018-12-06,"12","2018",0,28.79,"-16.925 146.275"
"2211341","2018-12-06T12:00:00Z",-16.975,146.225,"0.0",0,"28.73","1.12",0,2018-12-06,"12","2018",0,28.73,"-16.975 146.225"
"2222983","2018-12-13T12:00:00Z",-16.825,146.125,"0.0",0,"28.38","0.5700000000000001",0,2018-12-13,"12","2018",0,28.38,"-16.825 146.125"
"2222985","2018-12-13T12:00:00Z",-16.825,146.225,"0.0",0,"28.36","0.58",0,2018-12-13,"12","2018",0,28.36,"-16.825 146.225"
"2223025","2018-12-13T12:00:00Z",-16.875,146.175,"0.0",0,"28.330000000000002","0.54",0,2018-12-13,"12","2018",0,28.33,"-16.875 146.175"
"2223026","2018-12-13T12:00:00Z",-16.875,146.225,"0.0",0,"28.32","0.54",0,2018-12-13,"12","2018",0,28.32,"-16.875 146.225"
"2223067","2018-12-13T12:00:00Z",-16.925,146.225,"0.0",0,"28.28","0.5",0,2018-12-13,"12","2018",0,28.28,"-16.925 146.225"
"2223068","2018-12-13T12:00:00Z",-16.925,146.275,"0.0",0,"28.27","0.5",0,2018-12-13,"12","2018",0,28.27,"-16.925 146.275"
"2223108","2018-12-13T12:00:00Z",-16.975,146.225,"0.0",0,"28.240000000000002","0.46",0,2018-12-13,"12","2018",0,28.24,"-16.975 146.225"
"2234750","2018-12-20T12:00:00Z",-16.825,146.125,"0.0",0,"29.36","1.3900000000000001",0,2018-12-20,"12","2018",0,29.36,"-16.825 146.125"
"2234752","2018-12-20T12:00:00Z",-16.825,146.225,"0.0",0,"29.34","1.4000000000000001",0,2018-12-20,"12","2018",0,29.34,"-16.825 146.225"
"2234792","2018-12-20T12:00:00Z",-16.875,146.175,"0.0",0,"29.27","1.32",0,2018-12-20,"12","2018",0,29.27,"-16.875 146.175"
"2234793","2018-12-20T12:00:00Z",-16.875,146.225,"0.0",0,"29.310000000000002","1.37",0,2018-12-20,"12","2018",0,29.31,"-16.875 146.225"
"2234834","2018-12-20T12:00:00Z",-16.925,146.225,"0.0",0,"29.29","1.35",0,2018-12-20,"12","2018",0,29.29,"-16.925 146.225"
"2234835","2018-12-20T12:00:00Z",-16.925,146.275,"0.0",0,"29.330000000000002","1.4000000000000001",0,2018-12-20,"12","2018",0,29.33,"-16.925 146.275"
"2234875","2018-12-20T12:00:00Z",-16.975,146.225,"0.0",0,"29.25","1.31",0,2018-12-20,"12","2018",0,29.25,"-16.975 146.225"
"2246517","2018-12-27T12:00:00Z",-16.825,146.125,"0.0",0,"28.62","0.5",0,2018-12-27,"12","2018",0,28.62,"-16.825 146.125"
"2246519","2018-12-27T12:00:00Z",-16.825,146.225,"0.0",0,"28.580000000000002","0.49",0,2018-12-27,"12","2018",0,28.58,"-16.825 146.225"
"2246559","2018-12-27T12:00:00Z",-16.875,146.175,"0.0",0,"28.560000000000002","0.45",0,2018-12-27,"12","2018",0,28.56,"-16.875 146.175"
"2246560","2018-12-27T12:00:00Z",-16.875,146.225,"0.0",0,"28.54","0.45",0,2018-12-27,"12","2018",0,28.54,"-16.875 146.225"
"2246601","2018-12-27T12:00:00Z",-16.925,146.225,"0.0",0,"28.51","0.41000000000000003",0,2018-12-27,"12","2018",0,28.51,"-16.925 146.225"
"2246602","2018-12-27T12:00:00Z",-16.925,146.275,"0.0",0,"28.51","0.42",0,2018-12-27,"12","2018",0,28.51,"-16.925 146.275"
"2246642","2018-12-27T12:00:00Z",-16.975,146.225,"0.0",0,"28.48","0.38",0,2018-12-27,"12","2018",0,28.48,"-16.975 146.225"
"2258284","2019-01-03T12:00:00Z",-16.825,146.125,"0.0",0,"27.91","-0.37",0,2019-01-03,"01","2019",0,27.91,"-16.825 146.125"
"2258286","2019-01-03T12:00:00Z",-16.825,146.225,"0.0",0,"27.900000000000002","-0.34",0,2019-01-03,"01","2019",0,27.9,"-16.825 146.225"
"2258326","2019-01-03T12:00:00Z",-16.875,146.175,"0.0",0,"27.87","-0.39",0,2019-01-03,"01","2019",0,27.87,"-16.875 146.175"
"2258327","2019-01-03T12:00:00Z",-16.875,146.225,"0.0",0,"27.88","-0.37",0,2019-01-03,"01","2019",0,27.88,"-16.875 146.225"
"2258368","2019-01-03T12:00:00Z",-16.925,146.225,"0.0",0,"27.86","-0.4",0,2019-01-03,"01","2019",0,27.86,"-16.925 146.225"
"2258369","2019-01-03T12:00:00Z",-16.925,146.275,"0.0",0,"27.88","-0.36",0,2019-01-03,"01","2019",0,27.88,"-16.925 146.275"
"2258409","2019-01-03T12:00:00Z",-16.975,146.225,"0.0",0,"27.87","-0.4",0,2019-01-03,"01","2019",0,27.87,"-16.975 146.225"
"2270051","2019-01-10T12:00:00Z",-16.825,146.125,"0.0",0,"29.02","0.59",0,2019-01-10,"01","2019",0,29.02,"-16.825 146.125"
"2270053","2019-01-10T12:00:00Z",-16.825,146.225,"0.0",0,"28.95","0.56",0,2019-01-10,"01","2019",0,28.95,"-16.825 146.225"
"2270093","2019-01-10T12:00:00Z",-16.875,146.175,"0.0",0,"29.01","0.59",0,2019-01-10,"01","2019",0,29.01,"-16.875 146.175"
"2270094","2019-01-10T12:00:00Z",-16.875,146.225,"0.0",0,"28.98","0.58",0,2019-01-10,"01","2019",0,28.98,"-16.875 146.225"
"2270135","2019-01-10T12:00:00Z",-16.925,146.225,"0.0",0,"29.01","0.59",0,2019-01-10,"01","2019",0,29.01,"-16.925 146.225"
"2270136","2019-01-10T12:00:00Z",-16.925,146.275,"0.0",0,"28.96","0.56",0,2019-01-10,"01","2019",0,28.96,"-16.925 146.275"
"2270176","2019-01-10T12:00:00Z",-16.975,146.225,"0.0",0,"29.03","0.6",0,2019-01-10,"01","2019",0,29.03,"-16.975 146.225"
"2281818","2019-01-17T12:00:00Z",-16.825,146.125,"0.0",0,"28.59","0.04",0,2019-01-17,"01","2019",0,28.59,"-16.825 146.125"
"2281820","2019-01-17T12:00:00Z",-16.825,146.225,"0.0",0,"28.6","0.09",0,2019-01-17,"01","2019",0,28.6,"-16.825 146.225"
"2281860","2019-01-17T12:00:00Z",-16.875,146.175,"0.0",0,"28.560000000000002","0.02",0,2019-01-17,"01","2019",0,28.56,"-16.875 146.175"
"2281861","2019-01-17T12:00:00Z",-16.875,146.225,"0.0",0,"28.580000000000002","0.06",0,2019-01-17,"01","2019",0,28.58,"-16.875 146.225"
"2281902","2019-01-17T12:00:00Z",-16.925,146.225,"0.0",0,"28.560000000000002","0.02",0,2019-01-17,"01","2019",0,28.56,"-16.925 146.225"
"2281903","2019-01-17T12:00:00Z",-16.925,146.275,"0.0",0,"28.57","0.05",0,2019-01-17,"01","2019",0,28.57,"-16.925 146.275"
"2281943","2019-01-17T12:00:00Z",-16.975,146.225,"0.0",0,"28.57","0.02",0,2019-01-17,"01","2019",0,28.57,"-16.975 146.225"
"2293585","2019-01-24T12:00:00Z",-16.825,146.125,"0.0",0,"28.73","0.15",0,2019-01-24,"01","2019",0,28.73,"-16.825 146.125"
"2293587","2019-01-24T12:00:00Z",-16.825,146.225,"0.0",0,"28.7","0.16",0,2019-01-24,"01","2019",0,28.7,"-16.825 146.225"
"2293627","2019-01-24T12:00:00Z",-16.875,146.175,"0.0",0,"28.72","0.14",0,2019-01-24,"01","2019",0,28.72,"-16.875 146.175"
"2293628","2019-01-24T12:00:00Z",-16.875,146.225,"0.0",0,"28.7","0.14",0,2019-01-24,"01","2019",0,28.7,"-16.875 146.225"
"2293669","2019-01-24T12:00:00Z",-16.925,146.225,"0.0",0,"28.7","0.12",0,2019-01-24,"01","2019",0,28.7,"-16.925 146.225"
"2293670","2019-01-24T12:00:00Z",-16.925,146.275,"0.0",0,"28.68","0.12",0,2019-01-24,"01","2019",0,28.68,"-16.925 146.275"
"2293710","2019-01-24T12:00:00Z",-16.975,146.225,"0.0",0,"28.69","0.1",0,2019-01-24,"01","2019",0,28.69,"-16.975 146.225"
"2305352","2019-01-31T12:00:00Z",-16.825,146.125,"0.0",0,"28.8","0.18",0,2019-01-31,"01","2019",0,28.8,"-16.825 146.125"
"2305354","2019-01-31T12:00:00Z",-16.825,146.225,"0.0",0,"28.7","0.12",0,2019-01-31,"01","2019",0,28.7,"-16.825 146.225"
"2305394","2019-01-31T12:00:00Z",-16.875,146.175,"0.0",0,"28.73","0.12",0,2019-01-31,"01","2019",0,28.73,"-16.875 146.175"
"2305395","2019-01-31T12:00:00Z",-16.875,146.225,"0.0",0,"28.68","0.09",0,2019-01-31,"01","2019",0,28.68,"-16.875 146.225"
"2305436","2019-01-31T12:00:00Z",-16.925,146.225,"0.0",0,"28.650000000000002","0.04",0,2019-01-31,"01","2019",0,28.65,"-16.925 146.225"
"2305437","2019-01-31T12:00:00Z",-16.925,146.275,"0.0",0,"28.61","0.02",0,2019-01-31,"01","2019",0,28.61,"-16.925 146.275"
"2305477","2019-01-31T12:00:00Z",-16.975,146.225,"0.0",0,"28.63","0.0",0,2019-01-31,"01","2019",0,28.63,"-16.975 146.225"
"2317119","2019-02-07T12:00:00Z",-16.825,146.125,"0.0",0,"28.79","0.14",0,2019-02-07,"02","2019",0,28.79,"-16.825 146.125"
"2317121","2019-02-07T12:00:00Z",-16.825,146.225,"0.0",0,"28.79","0.18",0,2019-02-07,"02","2019",0,28.79,"-16.825 146.225"
"2317161","2019-02-07T12:00:00Z",-16.875,146.175,"0.0",0,"28.76","0.11",0,2019-02-07,"02","2019",0,28.76,"-16.875 146.175"
"2317162","2019-02-07T12:00:00Z",-16.875,146.225,"0.0",0,"28.77","0.14",0,2019-02-07,"02","2019",0,28.77,"-16.875 146.225"
"2317203","2019-02-07T12:00:00Z",-16.925,146.225,"0.0",0,"28.75","0.1",0,2019-02-07,"02","2019",0,28.75,"-16.925 146.225"
"2317204","2019-02-07T12:00:00Z",-16.925,146.275,"0.0",0,"28.76","0.13",0,2019-02-07,"02","2019",0,28.76,"-16.925 146.275"
"2317244","2019-02-07T12:00:00Z",-16.975,146.225,"0.0",0,"28.72","0.05",0,2019-02-07,"02","2019",0,28.72,"-16.975 146.225"
"2328886","2019-02-14T12:00:00Z",-16.825,146.125,"0.0",0,"29.13","0.44",0,2019-02-14,"02","2019",0,29.13,"-16.825 146.125"
"2328888","2019-02-14T12:00:00Z",-16.825,146.225,"0.0",0,"29.18","0.53",0,2019-02-14,"02","2019",0,29.18,"-16.825 146.225"
"2328928","2019-02-14T12:00:00Z",-16.875,146.175,"0.0",0,"29.14","0.46",0,2019-02-14,"02","2019",0,29.14,"-16.875 146.175"
"2328929","2019-02-14T12:00:00Z",-16.875,146.225,"0.0",0,"29.19","0.53",0,2019-02-14,"02","2019",0,29.19,"-16.875 146.225"
"2328970","2019-02-14T12:00:00Z",-16.925,146.225,"0.0",0,"29.240000000000002","0.56",0,2019-02-14,"02","2019",0,29.24,"-16.925 146.225"
"2328971","2019-02-14T12:00:00Z",-16.925,146.275,"0.0",0,"29.310000000000002","0.65",0,2019-02-14,"02","2019",0,29.31,"-16.925 146.275"
"2329011","2019-02-14T12:00:00Z",-16.975,146.225,"0.0",0,"29.3","0.6",0,2019-02-14,"02","2019",0,29.3,"-16.975 146.225"
"2340653","2019-02-21T12:00:00Z",-16.825,146.125,"0.36",0,"29.900000000000002","1.35",0,2019-02-21,"02","2019",0.36,29.9,"-16.825 146.125"
"2340655","2019-02-21T12:00:00Z",-16.825,146.225,"0.36",0,"29.98","1.45",0,2019-02-21,"02","2019",0.36,29.98,"-16.825 146.225"
"2340695","2019-02-21T12:00:00Z",-16.875,146.175,"0.37",0,"29.990000000000002","1.43",0,2019-02-21,"02","2019",0.37,29.99,"-16.875 146.175"
"2340696","2019-02-21T12:00:00Z",-16.875,146.225,"0.37",0,"30.04","1.5",0,2019-02-21,"02","2019",0.37,30.04,"-16.875 146.225"
"2340737","2019-02-21T12:00:00Z",-16.925,146.225,"0.39",0,"30.1","1.54",0,2019-02-21,"02","2019",0.39,30.1,"-16.925 146.225"
"2340738","2019-02-21T12:00:00Z",-16.925,146.275,"0.4",0,"30.13","1.59",0,2019-02-21,"02","2019",0.4,30.13,"-16.925 146.275"
"2340778","2019-02-21T12:00:00Z",-16.975,146.225,"0.4",0,"30.150000000000002","1.58",0,2019-02-21,"02","2019",0.4,30.15,"-16.975 146.225"
"2352420","2019-02-28T12:00:00Z",-16.825,146.125,"0.6900000000000001",0,"28.75","0.35000000000000003",0,2019-02-28,"02","2019",0.69,28.75,"-16.825 146.125"
"2352422","2019-02-28T12:00:00Z",-16.825,146.225,"0.71",0,"28.72","0.34",0,2019-02-28,"02","2019",0.71,28.72,"-16.825 146.225"
"2352462","2019-02-28T12:00:00Z",-16.875,146.175,"0.71",0,"28.75","0.35000000000000003",0,2019-02-28,"02","2019",0.71,28.75,"-16.875 146.175"
"2352463","2019-02-28T12:00:00Z",-16.875,146.225,"0.72",0,"28.73","0.34",0,2019-02-28,"02","2019",0.72,28.73,"-16.875 146.225"
"2352504","2019-02-28T12:00:00Z",-16.925,146.225,"0.74",0,"28.740000000000002","0.34",0,2019-02-28,"02","2019",0.74,28.74,"-16.925 146.225"
"2352505","2019-02-28T12:00:00Z",-16.925,146.275,"0.75",0,"28.71","0.32",0,2019-02-28,"02","2019",0.75,28.71,"-16.925 146.275"
"2352545","2019-02-28T12:00:00Z",-16.975,146.225,"0.76",0,"28.73","0.32",0,2019-02-28,"02","2019",0.76,28.73,"-16.975 146.225"
"2364187","2019-03-07T12:00:00Z",-16.825,146.125,"0.6900000000000001",0,"28.310000000000002","0.07",0,2019-03-07,"03","2019",0.69,28.31,"-16.825 146.125"
"2364189","2019-03-07T12:00:00Z",-16.825,146.225,"0.71",0,"28.330000000000002","0.09",0,2019-03-07,"03","2019",0.71,28.33,"-16.825 146.225"
"2364229","2019-03-07T12:00:00Z",-16.875,146.175,"0.71",0,"28.330000000000002","0.08",0,2019-03-07,"03","2019",0.71,28.33,"-16.875 146.175"
"2364230","2019-03-07T12:00:00Z",-16.875,146.225,"0.72",0,"28.34","0.1",0,2019-03-07,"03","2019",0.72,28.34,"-16.875 146.225"
"2364271","2019-03-07T12:00:00Z",-16.925,146.225,"0.74",0,"28.35","0.1",0,2019-03-07,"03","2019",0.74,28.35,"-16.925 146.225"
"2364272","2019-03-07T12:00:00Z",-16.925,146.275,"0.75",0,"28.36","0.12",0,2019-03-07,"03","2019",0.75,28.36,"-16.925 146.275"
"2364312","2019-03-07T12:00:00Z",-16.975,146.225,"0.76",0,"28.36","0.11",0,2019-03-07,"03","2019",0.76,28.36,"-16.975 146.225"
"2375954","2019-03-14T12:00:00Z",-16.825,146.125,"0.6900000000000001",0,"28.490000000000002","0.41000000000000003",0,2019-03-14,"03","2019",0.69,28.49,"-16.825 146.125"
"2375956","2019-03-14T12:00:00Z",-16.825,146.225,"0.71",0,"28.46","0.37",0,2019-03-14,"03","2019",0.71,28.46,"-16.825 146.225"
"2375996","2019-03-14T12:00:00Z",-16.875,146.175,"0.71",0,"28.490000000000002","0.4",0,2019-03-14,"03","2019",0.71,28.49,"-16.875 146.175"
"2375997","2019-03-14T12:00:00Z",-16.875,146.225,"0.72",0,"28.490000000000002","0.4",0,2019-03-14,"03","2019",0.72,28.49,"-16.875 146.225"
"2376038","2019-03-14T12:00:00Z",-16.925,146.225,"0.74",0,"28.52","0.43",0,2019-03-14,"03","2019",0.74,28.52,"-16.925 146.225"
"2376039","2019-03-14T12:00:00Z",-16.925,146.275,"0.75",0,"28.490000000000002","0.4",0,2019-03-14,"03","2019",0.75,28.49,"-16.925 146.275"
"2376079","2019-03-14T12:00:00Z",-16.975,146.225,"0.76",0,"28.53","0.44",0,2019-03-14,"03","2019",0.76,28.53,"-16.975 146.225"
"2387721","2019-03-21T12:00:00Z",-16.825,146.125,"0.6900000000000001",0,"28.25","0.4",0,2019-03-21,"03","2019",0.69,28.25,"-16.825 146.125"
"2387723","2019-03-21T12:00:00Z",-16.825,146.225,"0.71",0,"28.2","0.33",0,2019-03-21,"03","2019",0.71,28.2,"-16.825 146.225"
"2387763","2019-03-21T12:00:00Z",-16.875,146.175,"0.71",0,"28.25","0.39",0,2019-03-21,"03","2019",0.71,28.25,"-16.875 146.175"
"2387764","2019-03-21T12:00:00Z",-16.875,146.225,"0.72",0,"28.22","0.35000000000000003",0,2019-03-21,"03","2019",0.72,28.22,"-16.875 146.225"
"2387805","2019-03-21T12:00:00Z",-16.925,146.225,"0.74",0,"28.240000000000002","0.37",0,2019-03-21,"03","2019",0.74,28.24,"-16.925 146.225"
"2387806","2019-03-21T12:00:00Z",-16.925,146.275,"0.75",0,"28.23","0.36",0,2019-03-21,"03","2019",0.75,28.23,"-16.925 146.275"
"2387846","2019-03-21T12:00:00Z",-16.975,146.225,"0.76",0,"28.27","0.41000000000000003",0,2019-03-21,"03","2019",0.76,28.27,"-16.975 146.225"
"2399488","2019-03-28T12:00:00Z",-16.825,146.125,"0.6900000000000001",0,"28.63","1.01",0,2019-03-28,"03","2019",0.69,28.63,"-16.825 146.125"
"2399490","2019-03-28T12:00:00Z",-16.825,146.225,"0.71",0,"28.63","0.99",0,2019-03-28,"03","2019",0.71,28.63,"-16.825 146.225"
"2399530","2019-03-28T12:00:00Z",-16.875,146.175,"0.71",0,"28.67","1.04",0,2019-03-28,"03","2019",0.71,28.67,"-16.875 146.175"
"2399531","2019-03-28T12:00:00Z",-16.875,146.225,"0.72",0,"28.68","1.04",0,2019-03-28,"03","2019",0.72,28.68,"-16.875 146.225"
"2399572","2019-03-28T12:00:00Z",-16.925,146.225,"0.74",0,"28.73","1.1",0,2019-03-28,"03","2019",0.74,28.73,"-16.925 146.225"
"2399573","2019-03-28T12:00:00Z",-16.925,146.275,"0.75",0,"28.740000000000002","1.1",0,2019-03-28,"03","2019",0.75,28.74,"-16.925 146.275"
"2399613","2019-03-28T12:00:00Z",-16.975,146.225,"0.76",0,"28.77","1.1500000000000001",0,2019-03-28,"03","2019",0.76,28.77,"-16.975 146.225"
"2411255","2019-04-04T12:00:00Z",-16.825,146.125,"0.6900000000000001",0,"28.27","0.89",0,2019-04-04,"04","2019",0.69,28.27,"-16.825 146.125"
"2411257","2019-04-04T12:00:00Z",-16.825,146.225,"0.71",0,"28.150000000000002","0.74",0,2019-04-04,"04","2019",0.71,28.15,"-16.825 146.225"
"2411297","2019-04-04T12:00:00Z",-16.875,146.175,"0.71",0,"28.21","0.8200000000000001",0,2019-04-04,"04","2019",0.71,28.21,"-16.875 146.175"
"2411298","2019-04-04T12:00:00Z",-16.875,146.225,"0.72",0,"28.14","0.73",0,2019-04-04,"04","2019",0.72,28.14,"-16.875 146.225"
"2411339","2019-04-04T12:00:00Z",-16.925,146.225,"0.74",0,"28.12","0.73",0,2019-04-04,"04","2019",0.74,28.12,"-16.925 146.225"
"2411340","2019-04-04T12:00:00Z",-16.925,146.275,"0.75",0,"28.09","0.68",0,2019-04-04,"04","2019",0.75,28.09,"-16.925 146.275"
"2411380","2019-04-04T12:00:00Z",-16.975,146.225,"0.76",0,"28.13","0.75",0,2019-04-04,"04","2019",0.76,28.13,"-16.975 146.225"
"2423022","2019-04-11T12:00:00Z",-16.825,146.125,"0.6900000000000001",0,"27.38","0.24",0,2019-04-11,"04","2019",0.69,27.38,"-16.825 146.125"
"2423024","2019-04-11T12:00:00Z",-16.825,146.225,"0.71",0,"27.44","0.26",0,2019-04-11,"04","2019",0.71,27.44,"-16.825 146.225"
"2423064","2019-04-11T12:00:00Z",-16.875,146.175,"0.71",0,"27.37","0.22",0,2019-04-11,"04","2019",0.71,27.37,"-16.875 146.175"
"2423065","2019-04-11T12:00:00Z",-16.875,146.225,"0.72",0,"27.39","0.22",0,2019-04-11,"04","2019",0.72,27.39,"-16.875 146.225"
"2423106","2019-04-11T12:00:00Z",-16.925,146.225,"0.74",0,"27.36","0.2",0,2019-04-11,"04","2019",0.74,27.36,"-16.925 146.225"
"2423107","2019-04-11T12:00:00Z",-16.925,146.275,"0.75",0,"27.39","0.22",0,2019-04-11,"04","2019",0.75,27.39,"-16.925 146.275"
"2423147","2019-04-11T12:00:00Z",-16.975,146.225,"0.76",0,"27.35","0.21",0,2019-04-11,"04","2019",0.76,27.35,"-16.975 146.225"
"2434789","2019-04-18T12:00:00Z",-16.825,146.125,"0.6900000000000001",0,"27.29","0.43",0,2019-04-18,"04","2019",0.69,27.29,"-16.825 146.125"
"2434791","2019-04-18T12:00:00Z",-16.825,146.225,"0.71",0,"27.41","0.49",0,2019-04-18,"04","2019",0.71,27.41,"-16.825 146.225"
"2434831","2019-04-18T12:00:00Z",-16.875,146.175,"0.71",0,"27.310000000000002","0.43",0,2019-04-18,"04","2019",0.71,27.31,"-16.875 146.175"
"2434832","2019-04-18T12:00:00Z",-16.875,146.225,"0.72",0,"27.37","0.46",0,2019-04-18,"04","2019",0.72,27.37,"-16.875 146.225"
"2434873","2019-04-18T12:00:00Z",-16.925,146.225,"0.74",0,"27.34","0.45",0,2019-04-18,"04","2019",0.74,27.34,"-16.925 146.225"
"2434874","2019-04-18T12:00:00Z",-16.925,146.275,"0.75",0,"27.39","0.48",0,2019-04-18,"04","2019",0.75,27.39,"-16.925 146.275"
"2434914","2019-04-18T12:00:00Z",-16.975,146.225,"0.76",0,"27.29","0.42",0,2019-04-18,"04","2019",0.76,27.29,"-16.975 146.225"
"2446556","2019-04-25T12:00:00Z",-16.825,146.125,"0.6900000000000001",0,"27.14","0.59",0,2019-04-25,"04","2019",0.69,27.14,"-16.825 146.125"
"2446558","2019-04-25T12:00:00Z",-16.825,146.225,"0.71",0,"27.310000000000002","0.6900000000000001",0,2019-04-25,"04","2019",0.71,27.31,"-16.825 146.225"
"2446598","2019-04-25T12:00:00Z",-16.875,146.175,"0.71",0,"27.2","0.64",0,2019-04-25,"04","2019",0.71,27.2,"-16.875 146.175"
"2446599","2019-04-25T12:00:00Z",-16.875,146.225,"0.72",0,"27.29","0.6900000000000001",0,2019-04-25,"04","2019",0.72,27.29,"-16.875 146.225"
"2446640","2019-04-25T12:00:00Z",-16.925,146.225,"0.74",0,"27.26","0.68",0,2019-04-25,"04","2019",0.74,27.26,"-16.925 146.225"
"2446641","2019-04-25T12:00:00Z",-16.925,146.275,"0.75",0,"27.330000000000002","0.72",0,2019-04-25,"04","2019",0.75,27.33,"-16.925 146.275"
"2446681","2019-04-25T12:00:00Z",-16.975,146.225,"0.76",0,"27.240000000000002","0.6900000000000001",0,2019-04-25,"04","2019",0.76,27.24,"-16.975 146.225"
"2458323","2019-05-02T12:00:00Z",-16.825,146.125,"0.6900000000000001",0,"27.09","0.86",0,2019-05-02,"05","2019",0.69,27.09,"-16.825 146.125"
"2458325","2019-05-02T12:00:00Z",-16.825,146.225,"0.71",0,"27.22","0.9",0,2019-05-02,"05","2019",0.71,27.22,"-16.825 146.225"
"2458365","2019-05-02T12:00:00Z",-16.875,146.175,"0.71",0,"27.1","0.85",0,2019-05-02,"05","2019",0.71,27.1,"-16.875 146.175"
"2458366","2019-05-02T12:00:00Z",-16.875,146.225,"0.72",0,"27.16","0.86",0,2019-05-02,"05","2019",0.72,27.16,"-16.875 146.225"
"2458407","2019-05-02T12:00:00Z",-16.925,146.225,"0.74",0,"27.1","0.8300000000000001",0,2019-05-02,"05","2019",0.74,27.1,"-16.925 146.225"
"2458408","2019-05-02T12:00:00Z",-16.925,146.275,"0.75",0,"27.16","0.85",0,2019-05-02,"05","2019",0.75,27.16,"-16.925 146.275"
"2458448","2019-05-02T12:00:00Z",-16.975,146.225,"0.76",0,"27.07","0.8300000000000001",0,2019-05-02,"05","2019",0.76,27.07,"-16.975 146.225"
"2470090","2019-05-09T12:00:00Z",-16.825,146.125,"0.6900000000000001",0,"26.62","0.71",0,2019-05-09,"05","2019",0.69,26.62,"-16.825 146.125"
"2470092","2019-05-09T12:00:00Z",-16.825,146.225,"0.71",0,"26.82","0.8",0,2019-05-09,"05","2019",0.71,26.82,"-16.825 146.225"
"2470132","2019-05-09T12:00:00Z",-16.875,146.175,"0.71",0,"26.650000000000002","0.71",0,2019-05-09,"05","2019",0.71,26.65,"-16.875 146.175"
"2470133","2019-05-09T12:00:00Z",-16.875,146.225,"0.72",0,"26.75","0.76",0,2019-05-09,"05","2019",0.72,26.75,"-16.875 146.225"
"2470174","2019-05-09T12:00:00Z",-16.925,146.225,"0.74",0,"26.68","0.72",0,2019-05-09,"05","2019",0.74,26.68,"-16.925 146.225"
"2470175","2019-05-09T12:00:00Z",-16.925,146.275,"0.75",0,"26.79","0.78",0,2019-05-09,"05","2019",0.75,26.79,"-16.925 146.275"
"2470215","2019-05-09T12:00:00Z",-16.975,146.225,"0.76",0,"26.63","0.7000000000000001",0,2019-05-09,"05","2019",0.76,26.63,"-16.975 146.225"
"2481857","2019-05-16T12:00:00Z",-16.825,146.125,"0.33",0,"26.2","0.61",0,2019-05-16,"05","2019",0.33,26.2,"-16.825 146.125"
"2481859","2019-05-16T12:00:00Z",-16.825,146.225,"0.34",0,"26.39","0.68",0,2019-05-16,"05","2019",0.34,26.39,"-16.825 146.225"
"2481899","2019-05-16T12:00:00Z",-16.875,146.175,"0.34",0,"26.22","0.6",0,2019-05-16,"05","2019",0.34,26.22,"-16.875 146.175"
"2481900","2019-05-16T12:00:00Z",-16.875,146.225,"0.35000000000000003",0,"26.310000000000002","0.63",0,2019-05-16,"05","2019",0.35,26.31,"-16.875 146.225"
"2481941","2019-05-16T12:00:00Z",-16.925,146.225,"0.35000000000000003",0,"26.23","0.59",0,2019-05-16,"05","2019",0.35,26.23,"-16.925 146.225"
"2481942","2019-05-16T12:00:00Z",-16.925,146.275,"0.35000000000000003",0,"26.310000000000002","0.61",0,2019-05-16,"05","2019",0.35,26.31,"-16.925 146.275"
"2481982","2019-05-16T12:00:00Z",-16.975,146.225,"0.36",0,"26.16","0.55",0,2019-05-16,"05","2019",0.36,26.16,"-16.975 146.225"
"2493624","2019-05-23T12:00:00Z",-16.825,146.125,"0.0",0,"25.63","0.37",0,2019-05-23,"05","2019",0,25.63,"-16.825 146.125"
"2493626","2019-05-23T12:00:00Z",-16.825,146.225,"0.0",0,"25.82","0.42",0,2019-05-23,"05","2019",0,25.82,"-16.825 146.225"
"2493666","2019-05-23T12:00:00Z",-16.875,146.175,"0.0",0,"25.68","0.39",0,2019-05-23,"05","2019",0,25.68,"-16.875 146.175"
"2493667","2019-05-23T12:00:00Z",-16.875,146.225,"0.0",0,"25.76","0.4",0,2019-05-23,"05","2019",0,25.76,"-16.875 146.225"
"2493708","2019-05-23T12:00:00Z",-16.925,146.225,"0.0",0,"25.7","0.38",0,2019-05-23,"05","2019",0,25.7,"-16.925 146.225"
"2493709","2019-05-23T12:00:00Z",-16.925,146.275,"0.0",0,"25.79","0.4",0,2019-05-23,"05","2019",0,25.79,"-16.925 146.275"
"2493749","2019-05-23T12:00:00Z",-16.975,146.225,"0.0",0,"25.62","0.34",0,2019-05-23,"05","2019",0,25.62,"-16.975 146.225"
"2505391","2019-05-30T12:00:00Z",-16.825,146.125,"0.0",0,"25.7","0.78",0,2019-05-30,"05","2019",0,25.7,"-16.825 146.125"
"2505393","2019-05-30T12:00:00Z",-16.825,146.225,"0.0",0,"25.900000000000002","0.8200000000000001",0,2019-05-30,"05","2019",0,25.9,"-16.825 146.225"
"2505433","2019-05-30T12:00:00Z",-16.875,146.175,"0.0",0,"25.73","0.77",0,2019-05-30,"05","2019",0,25.73,"-16.875 146.175"
"2505434","2019-05-30T12:00:00Z",-16.875,146.225,"0.0",0,"25.830000000000002","0.79",0,2019-05-30,"05","2019",0,25.83,"-16.875 146.225"
"2505475","2019-05-30T12:00:00Z",-16.925,146.225,"0.0",0,"25.75","0.76",0,2019-05-30,"05","2019",0,25.75,"-16.925 146.225"
"2505476","2019-05-30T12:00:00Z",-16.925,146.275,"0.0",0,"25.85","0.78",0,2019-05-30,"05","2019",0,25.85,"-16.925 146.275"
"2505516","2019-05-30T12:00:00Z",-16.975,146.225,"0.0",0,"25.66","0.71",0,2019-05-30,"05","2019",0,25.66,"-16.975 146.225"
"2517158","2019-06-06T12:00:00Z",-16.825,146.125,"0.0",0,"25.150000000000002","0.56",0,2019-06-06,"06","2019",0,25.15,"-16.825 146.125"
"2517160","2019-06-06T12:00:00Z",-16.825,146.225,"0.0",0,"25.37","0.6",0,2019-06-06,"06","2019",0,25.37,"-16.825 146.225"
"2517200","2019-06-06T12:00:00Z",-16.875,146.175,"0.0",0,"25.18","0.55",0,2019-06-06,"06","2019",0,25.18,"-16.875 146.175"
"2517201","2019-06-06T12:00:00Z",-16.875,146.225,"0.0",0,"25.28","0.56",0,2019-06-06,"06","2019",0,25.28,"-16.875 146.225"
"2517242","2019-06-06T12:00:00Z",-16.925,146.225,"0.0",0,"25.19","0.53",0,2019-06-06,"06","2019",0,25.19,"-16.925 146.225"
"2517243","2019-06-06T12:00:00Z",-16.925,146.275,"0.0",0,"25.29","0.54",0,2019-06-06,"06","2019",0,25.29,"-16.925 146.275"
"2517283","2019-06-06T12:00:00Z",-16.975,146.225,"0.0",0,"25.09","0.47000000000000003",0,2019-06-06,"06","2019",0,25.09,"-16.975 146.225"
"2528925","2019-06-13T12:00:00Z",-16.825,146.125,"0.0",0,"24.86","0.6",0,2019-06-13,"06","2019",0,24.86,"-16.825 146.125"
"2528927","2019-06-13T12:00:00Z",-16.825,146.225,"0.0",0,"25.1","0.65",0,2019-06-13,"06","2019",0,25.1,"-16.825 146.225"
"2528967","2019-06-13T12:00:00Z",-16.875,146.175,"0.0",0,"24.900000000000002","0.6",0,2019-06-13,"06","2019",0,24.9,"-16.875 146.175"
"2528968","2019-06-13T12:00:00Z",-16.875,146.225,"0.0",0,"25.0","0.61",0,2019-06-13,"06","2019",0,25,"-16.875 146.225"
"2529009","2019-06-13T12:00:00Z",-16.925,146.225,"0.0",0,"24.92","0.59",0,2019-06-13,"06","2019",0,24.92,"-16.925 146.225"
"2529010","2019-06-13T12:00:00Z",-16.925,146.275,"0.0",0,"25.0","0.5700000000000001",0,2019-06-13,"06","2019",0,25,"-16.925 146.275"
"2529050","2019-06-13T12:00:00Z",-16.975,146.225,"0.0",0,"24.86","0.58",0,2019-06-13,"06","2019",0,24.86,"-16.975 146.225"
"2540692","2019-06-20T12:00:00Z",-16.825,146.125,"0.0",0,"24.46","0.4",0,2019-06-20,"06","2019",0,24.46,"-16.825 146.125"
"2540694","2019-06-20T12:00:00Z",-16.825,146.225,"0.0",0,"24.66","0.39",0,2019-06-20,"06","2019",0,24.66,"-16.825 146.225"
"2540734","2019-06-20T12:00:00Z",-16.875,146.175,"0.0",0,"24.51","0.4",0,2019-06-20,"06","2019",0,24.51,"-16.875 146.175"
"2540735","2019-06-20T12:00:00Z",-16.875,146.225,"0.0",0,"24.57","0.37",0,2019-06-20,"06","2019",0,24.57,"-16.875 146.225"
"2540776","2019-06-20T12:00:00Z",-16.925,146.225,"0.0",0,"24.45","0.31",0,2019-06-20,"06","2019",0,24.45,"-16.925 146.225"
"2540777","2019-06-20T12:00:00Z",-16.925,146.275,"0.0",0,"24.53","0.29",0,2019-06-20,"06","2019",0,24.53,"-16.925 146.275"
"2540817","2019-06-20T12:00:00Z",-16.975,146.225,"0.0",0,"24.34","0.26",0,2019-06-20,"06","2019",0,24.34,"-16.975 146.225"
"2552459","2019-06-27T12:00:00Z",-16.825,146.125,"0.0",0,"23.77","-0.15",0,2019-06-27,"06","2019",0,23.77,"-16.825 146.125"
"2552461","2019-06-27T12:00:00Z",-16.825,146.225,"0.0",0,"24.09","-0.05",0,2019-06-27,"06","2019",0,24.09,"-16.825 146.225"
"2552501","2019-06-27T12:00:00Z",-16.875,146.175,"0.0",0,"23.84","-0.13",0,2019-06-27,"06","2019",0,23.84,"-16.875 146.175"
"2552502","2019-06-27T12:00:00Z",-16.875,146.225,"0.0",0,"23.990000000000002","-0.08",0,2019-06-27,"06","2019",0,23.99,"-16.875 146.225"
"2552543","2019-06-27T12:00:00Z",-16.925,146.225,"0.0",0,"23.900000000000002","-0.1",0,2019-06-27,"06","2019",0,23.9,"-16.925 146.225"
"2552544","2019-06-27T12:00:00Z",-16.925,146.275,"0.0",0,"24.05","-0.05",0,2019-06-27,"06","2019",0,24.05,"-16.925 146.275"
"2552584","2019-06-27T12:00:00Z",-16.975,146.225,"0.0",0,"23.81","-0.13",0,2019-06-27,"06","2019",0,23.81,"-16.975 146.225"
"2564226","2019-07-04T12:00:00Z",-16.825,146.125,"0.0",0,"23.32","-0.46",0,2019-07-04,"07","2019",0,23.32,"-16.825 146.125"
"2564228","2019-07-04T12:00:00Z",-16.825,146.225,"0.0",0,"23.59","-0.42",0,2019-07-04,"07","2019",0,23.59,"-16.825 146.225"
"2564268","2019-07-04T12:00:00Z",-16.875,146.175,"0.0",0,"23.39","-0.43",0,2019-07-04,"07","2019",0,23.39,"-16.875 146.175"
"2564269","2019-07-04T12:00:00Z",-16.875,146.225,"0.0",0,"23.52","-0.41000000000000003",0,2019-07-04,"07","2019",0,23.52,"-16.875 146.225"
"2564310","2019-07-04T12:00:00Z",-16.925,146.225,"0.0",0,"23.45","-0.4",0,2019-07-04,"07","2019",0,23.45,"-16.925 146.225"
"2564311","2019-07-04T12:00:00Z",-16.925,146.275,"0.0",0,"23.59","-0.37",0,2019-07-04,"07","2019",0,23.59,"-16.925 146.275"
"2564351","2019-07-04T12:00:00Z",-16.975,146.225,"0.0",0,"23.39","-0.4",0,2019-07-04,"07","2019",0,23.39,"-16.975 146.225"
"2575993","2019-07-11T12:00:00Z",-16.825,146.125,"0.0",0,"23.75","0.11",0,2019-07-11,"07","2019",0,23.75,"-16.825 146.125"
"2575995","2019-07-11T12:00:00Z",-16.825,146.225,"0.0",0,"24.0","0.13",0,2019-07-11,"07","2019",0,24,"-16.825 146.225"
"2576035","2019-07-11T12:00:00Z",-16.875,146.175,"0.0",0,"23.78","0.1",0,2019-07-11,"07","2019",0,23.78,"-16.875 146.175"
"2576036","2019-07-11T12:00:00Z",-16.875,146.225,"0.0",0,"23.93","0.13",0,2019-07-11,"07","2019",0,23.93,"-16.875 146.225"
"2576077","2019-07-11T12:00:00Z",-16.925,146.225,"0.0",0,"23.86","0.15",0,2019-07-11,"07","2019",0,23.86,"-16.925 146.225"
"2576078","2019-07-11T12:00:00Z",-16.925,146.275,"0.0",0,"24.02","0.2",0,2019-07-11,"07","2019",0,24.02,"-16.925 146.275"
"2576118","2019-07-11T12:00:00Z",-16.975,146.225,"0.0",0,"23.77","0.13",0,2019-07-11,"07","2019",0,23.77,"-16.975 146.225"
"2587760","2019-07-18T12:00:00Z",-16.825,146.125,"0.0",0,"23.32","-0.25",0,2019-07-18,"07","2019",0,23.32,"-16.825 146.125"
"2587762","2019-07-18T12:00:00Z",-16.825,146.225,"0.0",0,"23.63","-0.17",0,2019-07-18,"07","2019",0,23.63,"-16.825 146.225"
"2587802","2019-07-18T12:00:00Z",-16.875,146.175,"0.0",0,"23.37","-0.24",0,2019-07-18,"07","2019",0,23.37,"-16.875 146.175"
"2587803","2019-07-18T12:00:00Z",-16.875,146.225,"0.0",0,"23.52","-0.21",0,2019-07-18,"07","2019",0,23.52,"-16.875 146.225"
"2587844","2019-07-18T12:00:00Z",-16.925,146.225,"0.0",0,"23.41","-0.23",0,2019-07-18,"07","2019",0,23.41,"-16.925 146.225"
"2587845","2019-07-18T12:00:00Z",-16.925,146.275,"0.0",0,"23.580000000000002","-0.17",0,2019-07-18,"07","2019",0,23.58,"-16.925 146.275"
"2587885","2019-07-18T12:00:00Z",-16.975,146.225,"0.0",0,"23.31","-0.26",0,2019-07-18,"07","2019",0,23.31,"-16.975 146.225"
"2599527","2019-07-25T12:00:00Z",-16.825,146.125,"0.0",0,"23.09","-0.51",0,2019-07-25,"07","2019",0,23.09,"-16.825 146.125"
"2599529","2019-07-25T12:00:00Z",-16.825,146.225,"0.0",0,"23.34","-0.48",0,2019-07-25,"07","2019",0,23.34,"-16.825 146.225"
"2599569","2019-07-25T12:00:00Z",-16.875,146.175,"0.0",0,"23.150000000000002","-0.48",0,2019-07-25,"07","2019",0,23.15,"-16.875 146.175"
"2599570","2019-07-25T12:00:00Z",-16.875,146.225,"0.0",0,"23.27","-0.47000000000000003",0,2019-07-25,"07","2019",0,23.27,"-16.875 146.225"
"2599611","2019-07-25T12:00:00Z",-16.925,146.225,"0.0",0,"23.21","-0.45",0,2019-07-25,"07","2019",0,23.21,"-16.925 146.225"
"2599612","2019-07-25T12:00:00Z",-16.925,146.275,"0.0",0,"23.34","-0.42",0,2019-07-25,"07","2019",0,23.34,"-16.925 146.275"
"2599652","2019-07-25T12:00:00Z",-16.975,146.225,"0.0",0,"23.14","-0.45",0,2019-07-25,"07","2019",0,23.14,"-16.975 146.225"
"2611294","2019-08-01T12:00:00Z",-16.825,146.125,"0.0",0,"22.89","-0.73",0,2019-08-01,"08","2019",0,22.89,"-16.825 146.125"
"2611296","2019-08-01T12:00:00Z",-16.825,146.225,"0.0",0,"23.09","-0.74",0,2019-08-01,"08","2019",0,23.09,"-16.825 146.225"
"2611336","2019-08-01T12:00:00Z",-16.875,146.175,"0.0",0,"22.96","-0.6900000000000001",0,2019-08-01,"08","2019",0,22.96,"-16.875 146.175"
"2611337","2019-08-01T12:00:00Z",-16.875,146.225,"0.0",0,"23.04","-0.72",0,2019-08-01,"08","2019",0,23.04,"-16.875 146.225"
"2611378","2019-08-01T12:00:00Z",-16.925,146.225,"0.0",0,"23.0","-0.68",0,2019-08-01,"08","2019",0,23,"-16.925 146.225"
"2611379","2019-08-01T12:00:00Z",-16.925,146.275,"0.0",0,"23.080000000000002","-0.6900000000000001",0,2019-08-01,"08","2019",0,23.08,"-16.925 146.275"
"2611419","2019-08-01T12:00:00Z",-16.975,146.225,"0.0",0,"22.97","-0.64",0,2019-08-01,"08","2019",0,22.97,"-16.975 146.225"
"2623061","2019-08-08T12:00:00Z",-16.825,146.125,"0.0",0,"23.05","-0.6",0,2019-08-08,"08","2019",0,23.05,"-16.825 146.125"
"2623063","2019-08-08T12:00:00Z",-16.825,146.225,"0.0",0,"23.19","-0.65",0,2019-08-08,"08","2019",0,23.19,"-16.825 146.225"
"2623103","2019-08-08T12:00:00Z",-16.875,146.175,"0.0",0,"23.080000000000002","-0.6",0,2019-08-08,"08","2019",0,23.08,"-16.875 146.175"
"2623104","2019-08-08T12:00:00Z",-16.875,146.225,"0.0",0,"23.16","-0.61",0,2019-08-08,"08","2019",0,23.16,"-16.875 146.225"
"2623145","2019-08-08T12:00:00Z",-16.925,146.225,"0.0",0,"23.150000000000002","-0.55",0,2019-08-08,"08","2019",0,23.15,"-16.925 146.225"
"2623146","2019-08-08T12:00:00Z",-16.925,146.275,"0.0",0,"23.23","-0.56",0,2019-08-08,"08","2019",0,23.23,"-16.925 146.275"
"2623186","2019-08-08T12:00:00Z",-16.975,146.225,"0.0",0,"23.150000000000002","-0.48",0,2019-08-08,"08","2019",0,23.15,"-16.975 146.225"
"2634828","2019-08-15T12:00:00Z",-16.825,146.125,"0.0",0,"23.55","-0.12",0,2019-08-15,"08","2019",0,23.55,"-16.825 146.125"
"2634830","2019-08-15T12:00:00Z",-16.825,146.225,"0.0",0,"23.85","0.0",0,2019-08-15,"08","2019",0,23.85,"-16.825 146.225"
"2634870","2019-08-15T12:00:00Z",-16.875,146.175,"0.0",0,"23.61","-0.09",0,2019-08-15,"08","2019",0,23.61,"-16.875 146.175"
"2634871","2019-08-15T12:00:00Z",-16.875,146.225,"0.0",0,"23.76","-0.03",0,2019-08-15,"08","2019",0,23.76,"-16.875 146.225"
"2634912","2019-08-15T12:00:00Z",-16.925,146.225,"0.0",0,"23.66","-0.06",0,2019-08-15,"08","2019",0,23.66,"-16.925 146.225"
"2634913","2019-08-15T12:00:00Z",-16.925,146.275,"0.0",0,"23.81","0.01",0,2019-08-15,"08","2019",0,23.81,"-16.925 146.275"
"2634953","2019-08-15T12:00:00Z",-16.975,146.225,"0.0",0,"23.56","-0.09",0,2019-08-15,"08","2019",0,23.56,"-16.975 146.225"
"2646595","2019-08-22T12:00:00Z",-16.825,146.125,"0.0",0,"23.89","0.05",0,2019-08-22,"08","2019",0,23.89,"-16.825 146.125"
"2646597","2019-08-22T12:00:00Z",-16.825,146.225,"0.0",0,"24.11","0.12",0,2019-08-22,"08","2019",0,24.11,"-16.825 146.225"
"2646637","2019-08-22T12:00:00Z",-16.875,146.175,"0.0",0,"23.93","0.07",0,2019-08-22,"08","2019",0,23.93,"-16.875 146.175"
"2646638","2019-08-22T12:00:00Z",-16.875,146.225,"0.0",0,"24.02","0.08",0,2019-08-22,"08","2019",0,24.02,"-16.875 146.225"
"2646679","2019-08-22T12:00:00Z",-16.925,146.225,"0.0",0,"23.900000000000002","0.02",0,2019-08-22,"08","2019",0,23.9,"-16.925 146.225"
"2646680","2019-08-22T12:00:00Z",-16.925,146.275,"0.0",0,"24.02","0.07",0,2019-08-22,"08","2019",0,24.02,"-16.925 146.275"
"2646720","2019-08-22T12:00:00Z",-16.975,146.225,"0.0",0,"23.77","-0.05",0,2019-08-22,"08","2019",0,23.77,"-16.975 146.225"
"2658362","2019-08-29T12:00:00Z",-16.825,146.125,"0.0",0,"23.98","-0.03",0,2019-08-29,"08","2019",0,23.98,"-16.825 146.125"
"2658364","2019-08-29T12:00:00Z",-16.825,146.225,"0.0",0,"24.150000000000002","0.02",0,2019-08-29,"08","2019",0,24.15,"-16.825 146.225"
"2658404","2019-08-29T12:00:00Z",-16.875,146.175,"0.0",0,"23.990000000000002","-0.04",0,2019-08-29,"08","2019",0,23.99,"-16.875 146.175"
"2658405","2019-08-29T12:00:00Z",-16.875,146.225,"0.0",0,"24.060000000000002","-0.03",0,2019-08-29,"08","2019",0,24.06,"-16.875 146.225"
"2658446","2019-08-29T12:00:00Z",-16.925,146.225,"0.0",0,"23.98","-0.06",0,2019-08-29,"08","2019",0,23.98,"-16.925 146.225"
"2658447","2019-08-29T12:00:00Z",-16.925,146.275,"0.0",0,"24.05","-0.05",0,2019-08-29,"08","2019",0,24.05,"-16.925 146.275"
"2658487","2019-08-29T12:00:00Z",-16.975,146.225,"0.0",0,"23.91","-0.08",0,2019-08-29,"08","2019",0,23.91,"-16.975 146.225"
"2670129","2019-09-05T12:00:00Z",-16.825,146.125,"0.0",0,"24.150000000000002","-0.03",0,2019-09-05,"09","2019",0,24.15,"-16.825 146.125"
"2670131","2019-09-05T12:00:00Z",-16.825,146.225,"0.0",0,"24.27","-0.01",0,2019-09-05,"09","2019",0,24.27,"-16.825 146.225"
"2670171","2019-09-05T12:00:00Z",-16.875,146.175,"0.0",0,"24.17","-0.02",0,2019-09-05,"09","2019",0,24.17,"-16.875 146.175"
"2670172","2019-09-05T12:00:00Z",-16.875,146.225,"0.0",0,"24.22","-0.02",0,2019-09-05,"09","2019",0,24.22,"-16.875 146.225"
"2670213","2019-09-05T12:00:00Z",-16.925,146.225,"0.0",0,"24.16","-0.04",0,2019-09-05,"09","2019",0,24.16,"-16.925 146.225"
"2670214","2019-09-05T12:00:00Z",-16.925,146.275,"0.0",0,"24.21","-0.04",0,2019-09-05,"09","2019",0,24.21,"-16.925 146.275"
"2670254","2019-09-05T12:00:00Z",-16.975,146.225,"0.0",0,"24.11","-0.05",0,2019-09-05,"09","2019",0,24.11,"-16.975 146.225"
"2681896","2019-09-12T12:00:00Z",-16.825,146.125,"0.0",0,"23.71","-0.64",0,2019-09-12,"09","2019",0,23.71,"-16.825 146.125"
"2681898","2019-09-12T12:00:00Z",-16.825,146.225,"0.0",0,"23.85","-0.5700000000000001",0,2019-09-12,"09","2019",0,23.85,"-16.825 146.225"
"2681938","2019-09-12T12:00:00Z",-16.875,146.175,"0.0",0,"23.72","-0.64",0,2019-09-12,"09","2019",0,23.72,"-16.875 146.175"
"2681939","2019-09-12T12:00:00Z",-16.875,146.225,"0.0",0,"23.78","-0.62",0,2019-09-12,"09","2019",0,23.78,"-16.875 146.225"
"2681980","2019-09-12T12:00:00Z",-16.925,146.225,"0.0",0,"23.71","-0.65",0,2019-09-12,"09","2019",0,23.71,"-16.925 146.225"
"2681981","2019-09-12T12:00:00Z",-16.925,146.275,"0.0",0,"23.79","-0.61",0,2019-09-12,"09","2019",0,23.79,"-16.925 146.275"
"2682021","2019-09-12T12:00:00Z",-16.975,146.225,"0.0",0,"23.64","-0.7000000000000001",0,2019-09-12,"09","2019",0,23.64,"-16.975 146.225"
"2693663","2019-09-19T12:00:00Z",-16.825,146.125,"0.0",0,"23.97","-0.62",0,2019-09-19,"09","2019",0,23.97,"-16.825 146.125"
"2693665","2019-09-19T12:00:00Z",-16.825,146.225,"0.0",0,"24.080000000000002","-0.56",0,2019-09-19,"09","2019",0,24.08,"-16.825 146.225"
"2693705","2019-09-19T12:00:00Z",-16.875,146.175,"0.0",0,"24.0","-0.6",0,2019-09-19,"09","2019",0,24,"-16.875 146.175"
"2693706","2019-09-19T12:00:00Z",-16.875,146.225,"0.0",0,"24.05","-0.5700000000000001",0,2019-09-19,"09","2019",0,24.05,"-16.875 146.225"
"2693747","2019-09-19T12:00:00Z",-16.925,146.225,"0.0",0,"24.03","-0.5700000000000001",0,2019-09-19,"09","2019",0,24.03,"-16.925 146.225"
"2693748","2019-09-19T12:00:00Z",-16.925,146.275,"0.0",0,"24.060000000000002","-0.56",0,2019-09-19,"09","2019",0,24.06,"-16.925 146.275"
"2693788","2019-09-19T12:00:00Z",-16.975,146.225,"0.0",0,"24.0","-0.58",0,2019-09-19,"09","2019",0,24,"-16.975 146.225"
"2705430","2019-09-26T12:00:00Z",-16.825,146.125,"0.0",0,"24.55","-0.34",0,2019-09-26,"09","2019",0,24.55,"-16.825 146.125"
"2705432","2019-09-26T12:00:00Z",-16.825,146.225,"0.0",0,"24.7","-0.22",0,2019-09-26,"09","2019",0,24.7,"-16.825 146.225"
"2705472","2019-09-26T12:00:00Z",-16.875,146.175,"0.0",0,"24.57","-0.32",0,2019-09-26,"09","2019",0,24.57,"-16.875 146.175"
"2705473","2019-09-26T12:00:00Z",-16.875,146.225,"0.0",0,"24.63","-0.27",0,2019-09-26,"09","2019",0,24.63,"-16.875 146.225"
"2705514","2019-09-26T12:00:00Z",-16.925,146.225,"0.0",0,"24.560000000000002","-0.32",0,2019-09-26,"09","2019",0,24.56,"-16.925 146.225"
"2705515","2019-09-26T12:00:00Z",-16.925,146.275,"0.0",0,"24.63","-0.27",0,2019-09-26,"09","2019",0,24.63,"-16.925 146.275"
"2705555","2019-09-26T12:00:00Z",-16.975,146.225,"0.0",0,"24.490000000000002","-0.38",0,2019-09-26,"09","2019",0,24.49,"-16.975 146.225"
"2717197","2019-10-03T12:00:00Z",-16.825,146.125,"0.0",0,"25.09","-0.1",0,2019-10-03,"10","2019",0,25.09,"-16.825 146.125"
"2717199","2019-10-03T12:00:00Z",-16.825,146.225,"0.0",0,"25.14","-0.05",0,2019-10-03,"10","2019",0,25.14,"-16.825 146.225"
"2717239","2019-10-03T12:00:00Z",-16.875,146.175,"0.0",0,"25.14","-0.05",0,2019-10-03,"10","2019",0,25.14,"-16.875 146.175"
"2717240","2019-10-03T12:00:00Z",-16.875,146.225,"0.0",0,"25.14","-0.05",0,2019-10-03,"10","2019",0,25.14,"-16.875 146.225"
"2717281","2019-10-03T12:00:00Z",-16.925,146.225,"0.0",0,"25.150000000000002","-0.02",0,2019-10-03,"10","2019",0,25.15,"-16.925 146.225"
"2717282","2019-10-03T12:00:00Z",-16.925,146.275,"0.0",0,"25.150000000000002","-0.03",0,2019-10-03,"10","2019",0,25.15,"-16.925 146.275"
"2717322","2019-10-03T12:00:00Z",-16.975,146.225,"0.0",0,"25.14","-0.03",0,2019-10-03,"10","2019",0,25.14,"-16.975 146.225"
"2728964","2019-10-10T12:00:00Z",-16.825,146.125,"0.0",0,"25.02","-0.47000000000000003",0,2019-10-10,"10","2019",0,25.02,"-16.825 146.125"
"2728966","2019-10-10T12:00:00Z",-16.825,146.225,"0.0",0,"25.0","-0.47000000000000003",0,2019-10-10,"10","2019",0,25,"-16.825 146.225"
"2729006","2019-10-10T12:00:00Z",-16.875,146.175,"0.0",0,"25.01","-0.47000000000000003",0,2019-10-10,"10","2019",0,25.01,"-16.875 146.175"
"2729007","2019-10-10T12:00:00Z",-16.875,146.225,"0.0",0,"25.01","-0.46",0,2019-10-10,"10","2019",0,25.01,"-16.875 146.225"
"2729048","2019-10-10T12:00:00Z",-16.925,146.225,"0.0",0,"25.03","-0.43",0,2019-10-10,"10","2019",0,25.03,"-16.925 146.225"
"2729049","2019-10-10T12:00:00Z",-16.925,146.275,"0.0",0,"25.03","-0.43",0,2019-10-10,"10","2019",0,25.03,"-16.925 146.275"
"2729089","2019-10-10T12:00:00Z",-16.975,146.225,"0.0",0,"25.04","-0.42",0,2019-10-10,"10","2019",0,25.04,"-16.975 146.225"
"2740731","2019-10-17T12:00:00Z",-16.825,146.125,"0.0",0,"25.78","-0.02",0,2019-10-17,"10","2019",0,25.78,"-16.825 146.125"
"2740733","2019-10-17T12:00:00Z",-16.825,146.225,"0.0",0,"25.580000000000002","-0.18",0,2019-10-17,"10","2019",0,25.58,"-16.825 146.225"
"2740773","2019-10-17T12:00:00Z",-16.875,146.175,"0.0",0,"25.72","-0.06",0,2019-10-17,"10","2019",0,25.72,"-16.875 146.175"
"2740774","2019-10-17T12:00:00Z",-16.875,146.225,"0.0",0,"25.63","-0.13",0,2019-10-17,"10","2019",0,25.63,"-16.875 146.225"
"2740815","2019-10-17T12:00:00Z",-16.925,146.225,"0.0",0,"25.67","-0.09",0,2019-10-17,"10","2019",0,25.67,"-16.925 146.225"
"2740816","2019-10-17T12:00:00Z",-16.925,146.275,"0.0",0,"25.6","-0.15",0,2019-10-17,"10","2019",0,25.6,"-16.925 146.275"
"2740856","2019-10-17T12:00:00Z",-16.975,146.225,"0.0",0,"25.73","-0.03",0,2019-10-17,"10","2019",0,25.73,"-16.975 146.225"
"2752498","2019-10-24T12:00:00Z",-16.825,146.125,"0.0",0,"25.92","-0.2",0,2019-10-24,"10","2019",0,25.92,"-16.825 146.125"
"2752500","2019-10-24T12:00:00Z",-16.825,146.225,"0.0",0,"25.87","-0.19",0,2019-10-24,"10","2019",0,25.87,"-16.825 146.225"
"2752540","2019-10-24T12:00:00Z",-16.875,146.175,"0.0",0,"25.91","-0.18",0,2019-10-24,"10","2019",0,25.91,"-16.875 146.175"
"2752541","2019-10-24T12:00:00Z",-16.875,146.225,"0.0",0,"25.88","-0.19",0,2019-10-24,"10","2019",0,25.88,"-16.875 146.225"
"2752582","2019-10-24T12:00:00Z",-16.925,146.225,"0.0",0,"25.900000000000002","-0.18",0,2019-10-24,"10","2019",0,25.9,"-16.925 146.225"
"2752583","2019-10-24T12:00:00Z",-16.925,146.275,"0.0",0,"25.88","-0.18",0,2019-10-24,"10","2019",0,25.88,"-16.925 146.275"
"2752623","2019-10-24T12:00:00Z",-16.975,146.225,"0.0",0,"25.91","-0.17",0,2019-10-24,"10","2019",0,25.91,"-16.975 146.225"
"2764265","2019-10-31T12:00:00Z",-16.825,146.125,"0.0",0,"25.82","-0.61",0,2019-10-31,"10","2019",0,25.82,"-16.825 146.125"
"2764267","2019-10-31T12:00:00Z",-16.825,146.225,"0.0",0,"25.740000000000002","-0.63",0,2019-10-31,"10","2019",0,25.74,"-16.825 146.225"
"2764307","2019-10-31T12:00:00Z",-16.875,146.175,"0.0",0,"25.810000000000002","-0.6",0,2019-10-31,"10","2019",0,25.81,"-16.875 146.175"
"2764308","2019-10-31T12:00:00Z",-16.875,146.225,"0.0",0,"25.78","-0.6",0,2019-10-31,"10","2019",0,25.78,"-16.875 146.225"
"2764349","2019-10-31T12:00:00Z",-16.925,146.225,"0.0",0,"25.830000000000002","-0.56",0,2019-10-31,"10","2019",0,25.83,"-16.925 146.225"
"2764350","2019-10-31T12:00:00Z",-16.925,146.275,"0.0",0,"25.810000000000002","-0.56",0,2019-10-31,"10","2019",0,25.81,"-16.925 146.275"
"2764390","2019-10-31T12:00:00Z",-16.975,146.225,"0.0",0,"25.88","-0.52",0,2019-10-31,"10","2019",0,25.88,"-16.975 146.225"
"2776032","2019-11-07T12:00:00Z",-16.825,146.125,"0.0",0,"26.41","-0.34",0,2019-11-07,"11","2019",0,26.41,"-16.825 146.125"
"2776034","2019-11-07T12:00:00Z",-16.825,146.225,"0.0",0,"26.29","-0.39",0,2019-11-07,"11","2019",0,26.29,"-16.825 146.225"
"2776074","2019-11-07T12:00:00Z",-16.875,146.175,"0.0",0,"26.38","-0.34",0,2019-11-07,"11","2019",0,26.38,"-16.875 146.175"
"2776075","2019-11-07T12:00:00Z",-16.875,146.225,"0.0",0,"26.34","-0.35000000000000003",0,2019-11-07,"11","2019",0,26.34,"-16.875 146.225"
"2776116","2019-11-07T12:00:00Z",-16.925,146.225,"0.0",0,"26.42","-0.29",0,2019-11-07,"11","2019",0,26.42,"-16.925 146.225"
"2776117","2019-11-07T12:00:00Z",-16.925,146.275,"0.0",0,"26.37","-0.31",0,2019-11-07,"11","2019",0,26.37,"-16.925 146.275"
"2776157","2019-11-07T12:00:00Z",-16.975,146.225,"0.0",0,"26.52","-0.2",0,2019-11-07,"11","2019",0,26.52,"-16.975 146.225"
"2787799","2019-11-14T12:00:00Z",-16.825,146.125,"0.0",0,"26.7","-0.36",0,2019-11-14,"11","2019",0,26.7,"-16.825 146.125"
"2787801","2019-11-14T12:00:00Z",-16.825,146.225,"0.0",0,"26.57","-0.42",0,2019-11-14,"11","2019",0,26.57,"-16.825 146.225"
"2787841","2019-11-14T12:00:00Z",-16.875,146.175,"0.0",0,"26.66","-0.38",0,2019-11-14,"11","2019",0,26.66,"-16.875 146.175"
"2787842","2019-11-14T12:00:00Z",-16.875,146.225,"0.0",0,"26.59","-0.42",0,2019-11-14,"11","2019",0,26.59,"-16.875 146.225"
"2787883","2019-11-14T12:00:00Z",-16.925,146.225,"0.0",0,"26.650000000000002","-0.37",0,2019-11-14,"11","2019",0,26.65,"-16.925 146.225"
"2787884","2019-11-14T12:00:00Z",-16.925,146.275,"0.0",0,"26.6","-0.4",0,2019-11-14,"11","2019",0,26.6,"-16.925 146.275"
"2787924","2019-11-14T12:00:00Z",-16.975,146.225,"0.0",0,"26.740000000000002","-0.3",0,2019-11-14,"11","2019",0,26.74,"-16.975 146.225"
"2799566","2019-11-21T12:00:00Z",-16.825,146.125,"0.0",0,"26.810000000000002","-0.45",0,2019-11-21,"11","2019",0,26.81,"-16.825 146.125"
"2799568","2019-11-21T12:00:00Z",-16.825,146.225,"0.0",0,"26.740000000000002","-0.45",0,2019-11-21,"11","2019",0,26.74,"-16.825 146.225"
"2799608","2019-11-21T12:00:00Z",-16.875,146.175,"0.0",0,"26.8","-0.43",0,2019-11-21,"11","2019",0,26.8,"-16.875 146.175"
"2799609","2019-11-21T12:00:00Z",-16.875,146.225,"0.0",0,"26.77","-0.44",0,2019-11-21,"11","2019",0,26.77,"-16.875 146.225"
"2799650","2019-11-21T12:00:00Z",-16.925,146.225,"0.0",0,"26.82","-0.4",0,2019-11-21,"11","2019",0,26.82,"-16.925 146.225"
"2799651","2019-11-21T12:00:00Z",-16.925,146.275,"0.0",0,"26.79","-0.41000000000000003",0,2019-11-21,"11","2019",0,26.79,"-16.925 146.275"
"2799691","2019-11-21T12:00:00Z",-16.975,146.225,"0.0",0,"26.88","-0.36",0,2019-11-21,"11","2019",0,26.88,"-16.975 146.225"
"2811333","2019-11-28T12:00:00Z",-16.825,146.125,"0.0",0,"27.11","-0.32",0,2019-11-28,"11","2019",0,27.11,"-16.825 146.125"
"2811335","2019-11-28T12:00:00Z",-16.825,146.225,"0.0",0,"27.0","-0.38",0,2019-11-28,"11","2019",0,27,"-16.825 146.225"
"2811375","2019-11-28T12:00:00Z",-16.875,146.175,"0.0",0,"27.07","-0.34",0,2019-11-28,"11","2019",0,27.07,"-16.875 146.175"
"2811376","2019-11-28T12:00:00Z",-16.875,146.225,"0.0",0,"27.03","-0.36",0,2019-11-28,"11","2019",0,27.03,"-16.875 146.225"
"2811417","2019-11-28T12:00:00Z",-16.925,146.225,"0.0",0,"27.080000000000002","-0.32",0,2019-11-28,"11","2019",0,27.08,"-16.925 146.225"
"2811418","2019-11-28T12:00:00Z",-16.925,146.275,"0.0",0,"27.05","-0.33",0,2019-11-28,"11","2019",0,27.05,"-16.925 146.275"
"2811458","2019-11-28T12:00:00Z",-16.975,146.225,"0.0",0,"27.13","-0.28",0,2019-11-28,"11","2019",0,27.13,"-16.975 146.225"
"2823100","2019-12-05T12:00:00Z",-16.825,146.125,"0.0",0,"28.080000000000002","0.47000000000000003",0,2019-12-05,"12","2019",0,28.08,"-16.825 146.125"
"2823102","2019-12-05T12:00:00Z",-16.825,146.225,"0.0",0,"27.88","0.32",0,2019-12-05,"12","2019",0,27.88,"-16.825 146.225"
"2823142","2019-12-05T12:00:00Z",-16.875,146.175,"0.0",0,"28.02","0.43",0,2019-12-05,"12","2019",0,28.02,"-16.875 146.175"
"2823143","2019-12-05T12:00:00Z",-16.875,146.225,"0.0",0,"27.900000000000002","0.33",0,2019-12-05,"12","2019",0,27.9,"-16.875 146.225"
"2823184","2019-12-05T12:00:00Z",-16.925,146.225,"0.0",0,"27.95","0.37",0,2019-12-05,"12","2019",0,27.95,"-16.925 146.225"
"2823185","2019-12-05T12:00:00Z",-16.925,146.275,"0.0",0,"27.85","0.29",0,2019-12-05,"12","2019",0,27.85,"-16.925 146.275"
"2823225","2019-12-05T12:00:00Z",-16.975,146.225,"0.0",0,"27.990000000000002","0.41000000000000003",0,2019-12-05,"12","2019",0,27.99,"-16.975 146.225"
"2834867","2019-12-12T12:00:00Z",-16.825,146.125,"0.0",0,"27.650000000000002","-0.13",0,2019-12-12,"12","2019",0,27.65,"-16.825 146.125"
"2834869","2019-12-12T12:00:00Z",-16.825,146.225,"0.0",0,"27.650000000000002","-0.1",0,2019-12-12,"12","2019",0,27.65,"-16.825 146.225"
"2834909","2019-12-12T12:00:00Z",-16.875,146.175,"0.0",0,"27.61","-0.15",0,2019-12-12,"12","2019",0,27.61,"-16.875 146.175"
"2834910","2019-12-12T12:00:00Z",-16.875,146.225,"0.0",0,"27.63","-0.12",0,2019-12-12,"12","2019",0,27.63,"-16.875 146.225"
"2834951","2019-12-12T12:00:00Z",-16.925,146.225,"0.0",0,"27.62","-0.13",0,2019-12-12,"12","2019",0,27.62,"-16.925 146.225"
"2834952","2019-12-12T12:00:00Z",-16.925,146.275,"0.0",0,"27.63","-0.11",0,2019-12-12,"12","2019",0,27.63,"-16.925 146.275"
"2834992","2019-12-12T12:00:00Z",-16.975,146.225,"0.0",0,"27.63","-0.13",0,2019-12-12,"12","2019",0,27.63,"-16.975 146.225"
"2846634","2019-12-19T12:00:00Z",-16.825,146.125,"0.0",0,"28.150000000000002","0.2",0,2019-12-19,"12","2019",0,28.15,"-16.825 146.125"
"2846636","2019-12-19T12:00:00Z",-16.825,146.225,"0.0",0,"28.11","0.19",0,2019-12-19,"12","2019",0,28.11,"-16.825 146.225"
"2846676","2019-12-19T12:00:00Z",-16.875,146.175,"0.0",0,"28.11","0.18",0,2019-12-19,"12","2019",0,28.11,"-16.875 146.175"
"2846677","2019-12-19T12:00:00Z",-16.875,146.225,"0.0",0,"28.09","0.17",0,2019-12-19,"12","2019",0,28.09,"-16.875 146.225"
"2846718","2019-12-19T12:00:00Z",-16.925,146.225,"0.0",0,"28.07","0.15",0,2019-12-19,"12","2019",0,28.07,"-16.925 146.225"
"2846719","2019-12-19T12:00:00Z",-16.925,146.275,"0.0",0,"28.060000000000002","0.15",0,2019-12-19,"12","2019",0,28.06,"-16.925 146.275"
"2846759","2019-12-19T12:00:00Z",-16.975,146.225,"0.0",0,"28.07","0.15",0,2019-12-19,"12","2019",0,28.07,"-16.975 146.225"
"2858401","2019-12-26T12:00:00Z",-16.825,146.125,"0.0",0,"28.2","0.1",0,2019-12-26,"12","2019",0,28.2,"-16.825 146.125"
"2858403","2019-12-26T12:00:00Z",-16.825,146.225,"0.0",0,"28.19","0.12",0,2019-12-26,"12","2019",0,28.19,"-16.825 146.225"
"2858443","2019-12-26T12:00:00Z",-16.875,146.175,"0.0",0,"28.17","0.09",0,2019-12-26,"12","2019",0,28.17,"-16.875 146.175"
"2858444","2019-12-26T12:00:00Z",-16.875,146.225,"0.0",0,"28.16","0.09",0,2019-12-26,"12","2019",0,28.16,"-16.875 146.225"
"2858485","2019-12-26T12:00:00Z",-16.925,146.225,"0.0",0,"28.14","0.06",0,2019-12-26,"12","2019",0,28.14,"-16.925 146.225"
"2858486","2019-12-26T12:00:00Z",-16.925,146.275,"0.0",0,"28.13","0.07",0,2019-12-26,"12","2019",0,28.13,"-16.925 146.275"
"2858526","2019-12-26T12:00:00Z",-16.975,146.225,"0.0",0,"28.12","0.04",0,2019-12-26,"12","2019",0,28.12,"-16.975 146.225"
"2870168","2020-01-02T12:00:00Z",-16.825,146.125,"0.0",0,"28.990000000000002","0.74",0,2020-01-02,"01","2020",0,28.99,"-16.825 146.125"
"2870170","2020-01-02T12:00:00Z",-16.825,146.225,"0.0",0,"28.96","0.74",0,2020-01-02,"01","2020",0,28.96,"-16.825 146.225"
"2870210","2020-01-02T12:00:00Z",-16.875,146.175,"0.0",0,"28.95","0.71",0,2020-01-02,"01","2020",0,28.95,"-16.875 146.175"
"2870211","2020-01-02T12:00:00Z",-16.875,146.225,"0.0",0,"28.94","0.72",0,2020-01-02,"01","2020",0,28.94,"-16.875 146.225"
"2870252","2020-01-02T12:00:00Z",-16.925,146.225,"0.0",0,"28.93","0.6900000000000001",0,2020-01-02,"01","2020",0,28.93,"-16.925 146.225"
"2870253","2020-01-02T12:00:00Z",-16.925,146.275,"0.0",0,"28.89","0.67",0,2020-01-02,"01","2020",0,28.89,"-16.925 146.275"
"2870293","2020-01-02T12:00:00Z",-16.975,146.225,"0.0",0,"28.91","0.67",0,2020-01-02,"01","2020",0,28.91,"-16.975 146.225"
"2881935","2020-01-09T12:00:00Z",-16.825,146.125,"0.0",0,"28.79","0.38",0,2020-01-09,"01","2020",0,28.79,"-16.825 146.125"
"2881937","2020-01-09T12:00:00Z",-16.825,146.225,"0.0",0,"28.73","0.36",0,2020-01-09,"01","2020",0,28.73,"-16.825 146.225"
"2881977","2020-01-09T12:00:00Z",-16.875,146.175,"0.0",0,"28.75","0.35000000000000003",0,2020-01-09,"01","2020",0,28.75,"-16.875 146.175"
"2881978","2020-01-09T12:00:00Z",-16.875,146.225,"0.0",0,"28.72","0.34",0,2020-01-09,"01","2020",0,28.72,"-16.875 146.225"
"2882019","2020-01-09T12:00:00Z",-16.925,146.225,"0.0",0,"28.71","0.32",0,2020-01-09,"01","2020",0,28.71,"-16.925 146.225"
"2882020","2020-01-09T12:00:00Z",-16.925,146.275,"0.0",0,"28.67","0.29",0,2020-01-09,"01","2020",0,28.67,"-16.925 146.275"
"2882060","2020-01-09T12:00:00Z",-16.975,146.225,"0.0",0,"28.7","0.3",0,2020-01-09,"01","2020",0,28.7,"-16.975 146.225"
"2893702","2020-01-16T12:00:00Z",-16.825,146.125,"0.0",0,"29.12","0.58",0,2020-01-16,"01","2020",0,29.12,"-16.825 146.125"
"2893704","2020-01-16T12:00:00Z",-16.825,146.225,"0.0",0,"29.03","0.53",0,2020-01-16,"01","2020",0,29.03,"-16.825 146.225"
"2893744","2020-01-16T12:00:00Z",-16.875,146.175,"0.0",0,"29.11","0.5700000000000001",0,2020-01-16,"01","2020",0,29.11,"-16.875 146.175"
"2893745","2020-01-16T12:00:00Z",-16.875,146.225,"0.0",0,"29.07","0.55",0,2020-01-16,"01","2020",0,29.07,"-16.875 146.225"
"2893786","2020-01-16T12:00:00Z",-16.925,146.225,"0.0",0,"29.1","0.56",0,2020-01-16,"01","2020",0,29.1,"-16.925 146.225"
"2893787","2020-01-16T12:00:00Z",-16.925,146.275,"0.0",0,"29.060000000000002","0.54",0,2020-01-16,"01","2020",0,29.06,"-16.925 146.275"
"2893827","2020-01-16T12:00:00Z",-16.975,146.225,"0.0",0,"29.14","0.59",0,2020-01-16,"01","2020",0,29.14,"-16.975 146.225"
"2905469","2020-01-23T12:00:00Z",-16.825,146.125,"0.6",0,"29.7","1.12",0,2020-01-23,"01","2020",0.6,29.7,"-16.825 146.125"
"2905471","2020-01-23T12:00:00Z",-16.825,146.225,"0.29",0,"29.67","1.1300000000000001",0,2020-01-23,"01","2020",0.29,29.67,"-16.825 146.225"
"2905511","2020-01-23T12:00:00Z",-16.875,146.175,"0.15",0,"29.66","1.09",0,2020-01-23,"01","2020",0.15,29.66,"-16.875 146.175"
"2905512","2020-01-23T12:00:00Z",-16.875,146.225,"0.0",0,"29.650000000000002","1.1",0,2020-01-23,"01","2020",0,29.65,"-16.875 146.225"
"2905553","2020-01-23T12:00:00Z",-16.925,146.225,"0.0",0,"29.63","1.06",0,2020-01-23,"01","2020",0,29.63,"-16.925 146.225"
"2905554","2020-01-23T12:00:00Z",-16.925,146.275,"0.0",0,"29.63","1.08",0,2020-01-23,"01","2020",0,29.63,"-16.925 146.275"
"2905594","2020-01-23T12:00:00Z",-16.975,146.225,"0.0",0,"29.61","1.03",0,2020-01-23,"01","2020",0,29.61,"-16.975 146.225"
"2917236","2020-01-30T12:00:00Z",-16.825,146.125,"0.75",0,"29.75","1.1400000000000001",0,2020-01-30,"01","2020",0.75,29.75,"-16.825 146.125"
"2917238","2020-01-30T12:00:00Z",-16.825,146.225,"0.59",0,"29.72","1.1500000000000001",0,2020-01-30,"01","2020",0.59,29.72,"-16.825 146.225"
"2917278","2020-01-30T12:00:00Z",-16.875,146.175,"0.29",0,"29.72","1.11",0,2020-01-30,"01","2020",0.29,29.72,"-16.875 146.175"
"2917279","2020-01-30T12:00:00Z",-16.875,146.225,"0.15",0,"29.72","1.1300000000000001",0,2020-01-30,"01","2020",0.15,29.72,"-16.875 146.225"
"2917320","2020-01-30T12:00:00Z",-16.925,146.225,"0.15",0,"29.71","1.1",0,2020-01-30,"01","2020",0.15,29.71,"-16.925 146.225"
"2917321","2020-01-30T12:00:00Z",-16.925,146.275,"0.15",0,"29.7","1.11",0,2020-01-30,"01","2020",0.15,29.7,"-16.925 146.275"
"2917361","2020-01-30T12:00:00Z",-16.975,146.225,"0.0",0,"29.7","1.08",0,2020-01-30,"01","2020",0,29.7,"-16.975 146.225"
"2929003","2020-02-06T12:00:00Z",-16.825,146.125,"0.75",0,"29.66","1.01",0,2020-02-06,"02","2020",0.75,29.66,"-16.825 146.125"
"2929005","2020-02-06T12:00:00Z",-16.825,146.225,"0.59",0,"29.64","1.03",0,2020-02-06,"02","2020",0.59,29.64,"-16.825 146.225"
"2929045","2020-02-06T12:00:00Z",-16.875,146.175,"0.29",0,"29.63","0.99",0,2020-02-06,"02","2020",0.29,29.63,"-16.875 146.175"
"2929046","2020-02-06T12:00:00Z",-16.875,146.225,"0.15",0,"29.62","1.0",0,2020-02-06,"02","2020",0.15,29.62,"-16.875 146.225"
"2929087","2020-02-06T12:00:00Z",-16.925,146.225,"0.15",0,"29.64","1.0",0,2020-02-06,"02","2020",0.15,29.64,"-16.925 146.225"
"2929088","2020-02-06T12:00:00Z",-16.925,146.275,"0.15",0,"29.64","1.02",0,2020-02-06,"02","2020",0.15,29.64,"-16.925 146.275"
"2929128","2020-02-06T12:00:00Z",-16.975,146.225,"0.0",0,"29.67","1.01",0,2020-02-06,"02","2020",0,29.67,"-16.975 146.225"
"2940770","2020-02-13T12:00:00Z",-16.825,146.125,"2.14",0,"30.310000000000002","1.6300000000000001",0,2020-02-13,"02","2020",2.14,30.31,"-16.825 146.125"
"2940772","2020-02-13T12:00:00Z",-16.825,146.225,"1.95",0,"30.240000000000002","1.6",0,2020-02-13,"02","2020",1.95,30.24,"-16.825 146.225"
"2940812","2020-02-13T12:00:00Z",-16.875,146.175,"1.6400000000000001",0,"30.26","1.58",0,2020-02-13,"02","2020",1.64,30.26,"-16.875 146.175"
"2940813","2020-02-13T12:00:00Z",-16.875,146.225,"1.49",0,"30.240000000000002","1.58",0,2020-02-13,"02","2020",1.49,30.24,"-16.875 146.225"
"2940854","2020-02-13T12:00:00Z",-16.925,146.225,"1.47",0,"30.23","1.55",0,2020-02-13,"02","2020",1.47,30.23,"-16.925 146.225"
"2940855","2020-02-13T12:00:00Z",-16.925,146.275,"1.47",0,"30.21","1.55",0,2020-02-13,"02","2020",1.47,30.21,"-16.925 146.275"
"2940895","2020-02-13T12:00:00Z",-16.975,146.225,"1.33",0,"30.26","1.56",0,2020-02-13,"02","2020",1.33,30.26,"-16.975 146.225"
"2952537","2020-02-20T12:00:00Z",-16.825,146.125,"3.52",0,"30.02","1.44",0,2020-02-20,"02","2020",3.52,30.02,"-16.825 146.125"
"2952539","2020-02-20T12:00:00Z",-16.825,146.225,"3.34",0,"30.05","1.5",0,2020-02-20,"02","2020",3.34,30.05,"-16.825 146.225"
"2952579","2020-02-20T12:00:00Z",-16.875,146.175,"3.0100000000000002",0,"30.02","1.44",0,2020-02-20,"02","2020",3.01,30.02,"-16.875 146.175"
"2952580","2020-02-20T12:00:00Z",-16.875,146.225,"2.88",0,"30.04","1.47",0,2020-02-20,"02","2020",2.88,30.04,"-16.875 146.225"
"2952621","2020-02-20T12:00:00Z",-16.925,146.225,"2.86",0,"30.03","1.45",0,2020-02-20,"02","2020",2.86,30.03,"-16.925 146.225"
"2952622","2020-02-20T12:00:00Z",-16.925,146.275,"2.87",0,"30.05","1.48",0,2020-02-20,"02","2020",2.87,30.05,"-16.925 146.275"
"2952662","2020-02-20T12:00:00Z",-16.975,146.225,"2.74",0,"30.04","1.44",0,2020-02-20,"02","2020",2.74,30.04,"-16.975 146.225"
"2964304","2020-02-27T12:00:00Z",-16.825,146.125,"4.17",0,"29.76","1.33",0,2020-02-27,"02","2020",4.17,29.76,"-16.825 146.125"
"2964306","2020-02-27T12:00:00Z",-16.825,146.225,"4.16",0,"29.810000000000002","1.4000000000000001",0,2020-02-27,"02","2020",4.16,29.81,"-16.825 146.225"
"2964346","2020-02-27T12:00:00Z",-16.875,146.175,"3.67",0,"29.78","1.35",0,2020-02-27,"02","2020",3.67,29.78,"-16.875 146.175"
"2964347","2020-02-27T12:00:00Z",-16.875,146.225,"3.5500000000000003",0,"29.8","1.3800000000000001",0,2020-02-27,"02","2020",3.55,29.8,"-16.875 146.225"
"2964388","2020-02-27T12:00:00Z",-16.925,146.225,"3.52",0,"29.79","1.36",0,2020-02-27,"02","2020",3.52,29.79,"-16.925 146.225"
"2964389","2020-02-27T12:00:00Z",-16.925,146.275,"3.68",0,"29.810000000000002","1.3900000000000001",0,2020-02-27,"02","2020",3.68,29.81,"-16.925 146.275"
"2964429","2020-02-27T12:00:00Z",-16.975,146.225,"3.39",0,"29.76","1.31",0,2020-02-27,"02","2020",3.39,29.76,"-16.975 146.225"
"2976071","2020-03-05T12:00:00Z",-16.825,146.125,"5.0",0,"29.98","1.7",0,2020-03-05,"03","2020",5,29.98,"-16.825 146.125"
"2976073","2020-03-05T12:00:00Z",-16.825,146.225,"5.18",0,"29.95","1.68",0,2020-03-05,"03","2020",5.18,29.95,"-16.825 146.225"
"2976113","2020-03-05T12:00:00Z",-16.875,146.175,"4.63",0,"29.94","1.6600000000000001",0,2020-03-05,"03","2020",4.63,29.94,"-16.875 146.175"
"2976114","2020-03-05T12:00:00Z",-16.875,146.225,"4.5200000000000005",0,"29.92","1.6400000000000001",0,2020-03-05,"03","2020",4.52,29.92,"-16.875 146.225"
"2976155","2020-03-05T12:00:00Z",-16.925,146.225,"4.48",0,"29.900000000000002","1.62",0,2020-03-05,"03","2020",4.48,29.9,"-16.925 146.225"
"2976156","2020-03-05T12:00:00Z",-16.925,146.275,"4.66",0,"29.88","1.6",0,2020-03-05,"03","2020",4.66,29.88,"-16.925 146.275"
"2976196","2020-03-05T12:00:00Z",-16.975,146.225,"4.34",0,"29.900000000000002","1.61",0,2020-03-05,"03","2020",4.34,29.9,"-16.975 146.225"
"2987838","2020-03-12T12:00:00Z",-16.825,146.125,"6.04",0,"29.6","1.47",0,2020-03-12,"03","2020",6.04,29.6,"-16.825 146.125"
"2987840","2020-03-12T12:00:00Z",-16.825,146.225,"6.43",0,"29.650000000000002","1.52",0,2020-03-12,"03","2020",6.43,29.65,"-16.825 146.225"
"2987880","2020-03-12T12:00:00Z",-16.875,146.175,"5.66",0,"29.59","1.46",0,2020-03-12,"03","2020",5.66,29.59,"-16.875 146.175"
"2987881","2020-03-12T12:00:00Z",-16.875,146.225,"5.6000000000000005",0,"29.62","1.49",0,2020-03-12,"03","2020",5.6,29.62,"-16.875 146.225"
"2987922","2020-03-12T12:00:00Z",-16.925,146.225,"5.51",0,"29.580000000000002","1.45",0,2020-03-12,"03","2020",5.51,29.58,"-16.925 146.225"
"2987923","2020-03-12T12:00:00Z",-16.925,146.275,"5.73",0,"29.61","1.48",0,2020-03-12,"03","2020",5.73,29.61,"-16.925 146.275"
"2987963","2020-03-12T12:00:00Z",-16.975,146.225,"5.21",0,"29.55","1.41",0,2020-03-12,"03","2020",5.21,29.55,"-16.975 146.225"
"2999605","2020-03-19T12:00:00Z",-16.825,146.125,"6.04",0,"28.560000000000002","0.64",0,2020-03-19,"03","2020",6.04,28.56,"-16.825 146.125"
"2999607","2020-03-19T12:00:00Z",-16.825,146.225,"6.43",0,"28.66","0.72",0,2020-03-19,"03","2020",6.43,28.66,"-16.825 146.225"
"2999647","2020-03-19T12:00:00Z",-16.875,146.175,"5.66",0,"28.57","0.64",0,2020-03-19,"03","2020",5.66,28.57,"-16.875 146.175"
"2999648","2020-03-19T12:00:00Z",-16.875,146.225,"5.6000000000000005",0,"28.62","0.68",0,2020-03-19,"03","2020",5.6,28.62,"-16.875 146.225"
"2999689","2020-03-19T12:00:00Z",-16.925,146.225,"5.51",0,"28.57","0.64",0,2020-03-19,"03","2020",5.51,28.57,"-16.925 146.225"
"2999690","2020-03-19T12:00:00Z",-16.925,146.275,"5.73",0,"28.63","0.6900000000000001",0,2020-03-19,"03","2020",5.73,28.63,"-16.925 146.275"
"2999730","2020-03-19T12:00:00Z",-16.975,146.225,"5.21",0,"28.53","0.6",0,2020-03-19,"03","2020",5.21,28.53,"-16.975 146.225"
"3011372","2020-03-26T12:00:00Z",-16.825,146.125,"6.04",0,"28.32","0.64",0,2020-03-26,"03","2020",6.04,28.32,"-16.825 146.125"
"3011374","2020-03-26T12:00:00Z",-16.825,146.225,"6.43",0,"28.39","0.68",0,2020-03-26,"03","2020",6.43,28.39,"-16.825 146.225"
"3011414","2020-03-26T12:00:00Z",-16.875,146.175,"5.66",0,"28.36","0.67",0,2020-03-26,"03","2020",5.66,28.36,"-16.875 146.175"
"3011415","2020-03-26T12:00:00Z",-16.875,146.225,"5.6000000000000005",0,"28.39","0.6900000000000001",0,2020-03-26,"03","2020",5.6,28.39,"-16.875 146.225"
"3011456","2020-03-26T12:00:00Z",-16.925,146.225,"5.51",0,"28.39","0.6900000000000001",0,2020-03-26,"03","2020",5.51,28.39,"-16.925 146.225"
"3011457","2020-03-26T12:00:00Z",-16.925,146.275,"5.73",0,"28.42","0.72",0,2020-03-26,"03","2020",5.73,28.42,"-16.925 146.275"
"3011497","2020-03-26T12:00:00Z",-16.975,146.225,"5.21",0,"28.38","0.6900000000000001",0,2020-03-26,"03","2020",5.21,28.38,"-16.975 146.225"
"3023139","2020-04-02T12:00:00Z",-16.825,146.125,"6.04",0,"28.13","0.6900000000000001",0,2020-04-02,"04","2020",6.04,28.13,"-16.825 146.125"
"3023141","2020-04-02T12:00:00Z",-16.825,146.225,"6.43",0,"28.16","0.68",0,2020-04-02,"04","2020",6.43,28.16,"-16.825 146.225"
"3023181","2020-04-02T12:00:00Z",-16.875,146.175,"5.66",0,"28.13","0.68",0,2020-04-02,"04","2020",5.66,28.13,"-16.875 146.175"
"3023182","2020-04-02T12:00:00Z",-16.875,146.225,"5.6000000000000005",0,"28.14","0.67",0,2020-04-02,"04","2020",5.6,28.14,"-16.875 146.225"
"3023223","2020-04-02T12:00:00Z",-16.925,146.225,"5.51",0,"28.1","0.64",0,2020-04-02,"04","2020",5.51,28.1,"-16.925 146.225"
"3023224","2020-04-02T12:00:00Z",-16.925,146.275,"5.73",0,"28.11","0.64",0,2020-04-02,"04","2020",5.73,28.11,"-16.925 146.275"
"3023264","2020-04-02T12:00:00Z",-16.975,146.225,"5.21",0,"28.060000000000002","0.61",0,2020-04-02,"04","2020",5.21,28.06,"-16.975 146.225"
"3034906","2020-04-09T12:00:00Z",-16.825,146.125,"6.04",0,"28.16","0.9500000000000001",0,2020-04-09,"04","2020",6.04,28.16,"-16.825 146.125"
"3034908","2020-04-09T12:00:00Z",-16.825,146.225,"6.43",0,"28.17","0.92",0,2020-04-09,"04","2020",6.43,28.17,"-16.825 146.225"
"3034948","2020-04-09T12:00:00Z",-16.875,146.175,"5.66",0,"28.16","0.9400000000000001",0,2020-04-09,"04","2020",5.66,28.16,"-16.875 146.175"
"3034949","2020-04-09T12:00:00Z",-16.875,146.225,"5.6000000000000005",0,"28.16","0.92",0,2020-04-09,"04","2020",5.6,28.16,"-16.875 146.225"
"3034990","2020-04-09T12:00:00Z",-16.925,146.225,"5.51",0,"28.14","0.92",0,2020-04-09,"04","2020",5.51,28.14,"-16.925 146.225"
"3034991","2020-04-09T12:00:00Z",-16.925,146.275,"5.73",0,"28.150000000000002","0.91",0,2020-04-09,"04","2020",5.73,28.15,"-16.925 146.275"
"3035031","2020-04-09T12:00:00Z",-16.975,146.225,"5.21",0,"28.12","0.91",0,2020-04-09,"04","2020",5.21,28.12,"-16.975 146.225"
"3046673","2020-04-16T12:00:00Z",-16.825,146.125,"5.44",0,"28.2","1.25",0,2020-04-16,"04","2020",5.44,28.2,"-16.825 146.125"
"3046675","2020-04-16T12:00:00Z",-16.825,146.225,"6.140000000000001",0,"28.19","1.18",0,2020-04-16,"04","2020",6.14,28.19,"-16.825 146.225"
"3046715","2020-04-16T12:00:00Z",-16.875,146.175,"5.51",0,"28.19","1.22",0,2020-04-16,"04","2020",5.51,28.19,"-16.875 146.175"
"3046716","2020-04-16T12:00:00Z",-16.875,146.225,"5.6000000000000005",0,"28.18","1.18",0,2020-04-16,"04","2020",5.6,28.18,"-16.875 146.225"
"3046757","2020-04-16T12:00:00Z",-16.925,146.225,"5.51",0,"28.17","1.19",0,2020-04-16,"04","2020",5.51,28.17,"-16.925 146.225"
"3046758","2020-04-16T12:00:00Z",-16.925,146.275,"5.73",0,"28.16","1.16",0,2020-04-16,"04","2020",5.73,28.16,"-16.925 146.275"
"3046798","2020-04-16T12:00:00Z",-16.975,146.225,"5.21",0,"28.17","1.21",0,2020-04-16,"04","2020",5.21,28.17,"-16.975 146.225"
"3058440","2020-04-23T12:00:00Z",-16.825,146.125,"5.29",0,"28.22","1.58",0,2020-04-23,"04","2020",5.29,28.22,"-16.825 146.125"
"3058442","2020-04-23T12:00:00Z",-16.825,146.225,"5.84",0,"28.23","1.52",0,2020-04-23,"04","2020",5.84,28.23,"-16.825 146.225"
"3058482","2020-04-23T12:00:00Z",-16.875,146.175,"5.37",0,"28.21","1.56",0,2020-04-23,"04","2020",5.37,28.21,"-16.875 146.175"
"3058483","2020-04-23T12:00:00Z",-16.875,146.225,"5.45",0,"28.22","1.53",0,2020-04-23,"04","2020",5.45,28.22,"-16.875 146.225"
"3058524","2020-04-23T12:00:00Z",-16.925,146.225,"5.37",0,"28.21","1.54",0,2020-04-23,"04","2020",5.37,28.21,"-16.925 146.225"
"3058525","2020-04-23T12:00:00Z",-16.925,146.275,"5.58",0,"28.21","1.51",0,2020-04-23,"04","2020",5.58,28.21,"-16.925 146.275"
"3058565","2020-04-23T12:00:00Z",-16.975,146.225,"5.21",0,"28.19","1.55",0,2020-04-23,"04","2020",5.21,28.19,"-16.975 146.225"
"3070207","2020-04-30T12:00:00Z",-16.825,146.125,"5.29",0,"27.68","1.36",0,2020-04-30,"04","2020",5.29,27.68,"-16.825 146.125"
"3070209","2020-04-30T12:00:00Z",-16.825,146.225,"5.84",0,"27.73","1.33",0,2020-04-30,"04","2020",5.84,27.73,"-16.825 146.225"
"3070249","2020-04-30T12:00:00Z",-16.875,146.175,"5.37",0,"27.71","1.37",0,2020-04-30,"04","2020",5.37,27.71,"-16.875 146.175"
"3070250","2020-04-30T12:00:00Z",-16.875,146.225,"5.45",0,"27.73","1.35",0,2020-04-30,"04","2020",5.45,27.73,"-16.875 146.225"
"3070291","2020-04-30T12:00:00Z",-16.925,146.225,"5.37",0,"27.72","1.37",0,2020-04-30,"04","2020",5.37,27.72,"-16.925 146.225"
"3070292","2020-04-30T12:00:00Z",-16.925,146.275,"5.58",0,"27.75","1.35",0,2020-04-30,"04","2020",5.58,27.75,"-16.925 146.275"
"3070332","2020-04-30T12:00:00Z",-16.975,146.225,"5.21",0,"27.73","1.4000000000000001",0,2020-04-30,"04","2020",5.21,27.73,"-16.975 146.225"
"3081974","2020-05-07T12:00:00Z",-16.825,146.125,"3.91",0,"27.03","1.03",0,2020-05-07,"05","2020",3.91,27.03,"-16.825 146.125"
"3081976","2020-05-07T12:00:00Z",-16.825,146.225,"4.48",0,"27.16","1.06",0,2020-05-07,"05","2020",4.48,27.16,"-16.825 146.225"
"3082016","2020-05-07T12:00:00Z",-16.875,146.175,"4.0200000000000005",0,"27.04","1.01",0,2020-05-07,"05","2020",4.02,27.04,"-16.875 146.175"
"3082017","2020-05-07T12:00:00Z",-16.875,146.225,"4.11",0,"27.11","1.03",0,2020-05-07,"05","2020",4.11,27.11,"-16.875 146.225"
"3082058","2020-05-07T12:00:00Z",-16.925,146.225,"4.04",0,"27.04","1.0",0,2020-05-07,"05","2020",4.04,27.04,"-16.925 146.225"
"3082059","2020-05-07T12:00:00Z",-16.925,146.275,"4.26",0,"27.13","1.04",0,2020-05-07,"05","2020",4.26,27.13,"-16.925 146.275"
"3082099","2020-05-07T12:00:00Z",-16.975,146.225,"3.88",0,"26.990000000000002","0.97",0,2020-05-07,"05","2020",3.88,26.99,"-16.975 146.225"
"3093741","2020-05-14T12:00:00Z",-16.825,146.125,"2.5300000000000002",0,"26.580000000000002","0.89",0,2020-05-14,"05","2020",2.53,26.58,"-16.825 146.125"
"3093743","2020-05-14T12:00:00Z",-16.825,146.225,"3.09",0,"26.72","0.92",0,2020-05-14,"05","2020",3.09,26.72,"-16.825 146.225"
"3093783","2020-05-14T12:00:00Z",-16.875,146.175,"2.66",0,"26.63","0.92",0,2020-05-14,"05","2020",2.66,26.63,"-16.875 146.175"
"3093784","2020-05-14T12:00:00Z",-16.875,146.225,"2.72",0,"26.7","0.93",0,2020-05-14,"05","2020",2.72,26.7,"-16.875 146.225"
"3093825","2020-05-14T12:00:00Z",-16.925,146.225,"2.65",0,"26.67","0.9400000000000001",0,2020-05-14,"05","2020",2.65,26.67,"-16.925 146.225"
"3093826","2020-05-14T12:00:00Z",-16.925,146.275,"2.86",0,"26.740000000000002","0.9500000000000001",0,2020-05-14,"05","2020",2.86,26.74,"-16.925 146.275"
"3093866","2020-05-14T12:00:00Z",-16.975,146.225,"2.47",0,"26.64","0.9400000000000001",0,2020-05-14,"05","2020",2.47,26.64,"-16.975 146.225"
"3105508","2020-05-21T12:00:00Z",-16.825,146.125,"1.87",0,"26.12","0.77",0,2020-05-21,"05","2020",1.87,26.12,"-16.825 146.125"
"3105510","2020-05-21T12:00:00Z",-16.825,146.225,"2.27",0,"26.23","0.74",0,2020-05-21,"05","2020",2.27,26.23,"-16.825 146.225"
"3105550","2020-05-21T12:00:00Z",-16.875,146.175,"2.0",0,"26.14","0.75",0,2020-05-21,"05","2020",2,26.14,"-16.875 146.175"
"3105551","2020-05-21T12:00:00Z",-16.875,146.225,"2.05",0,"26.2","0.75",0,2020-05-21,"05","2020",2.05,26.2,"-16.875 146.225"
"3105592","2020-05-21T12:00:00Z",-16.925,146.225,"1.99",0,"26.16","0.75",0,2020-05-21,"05","2020",1.99,26.16,"-16.925 146.225"
"3105593","2020-05-21T12:00:00Z",-16.925,146.275,"2.05",0,"26.21","0.73",0,2020-05-21,"05","2020",2.05,26.21,"-16.925 146.275"
"3105633","2020-05-21T12:00:00Z",-16.975,146.225,"1.82",0,"26.13","0.75",0,2020-05-21,"05","2020",1.82,26.13,"-16.975 146.225"
"3117275","2020-05-28T12:00:00Z",-16.825,146.125,"1.04",0,"25.52","0.5",0,2020-05-28,"05","2020",1.04,25.52,"-16.825 146.125"
"3117277","2020-05-28T12:00:00Z",-16.825,146.225,"1.25",0,"25.71","0.54",0,2020-05-28,"05","2020",1.25,25.71,"-16.825 146.225"
"3117317","2020-05-28T12:00:00Z",-16.875,146.175,"1.04",0,"25.55","0.49",0,2020-05-28,"05","2020",1.04,25.55,"-16.875 146.175"
"3117318","2020-05-28T12:00:00Z",-16.875,146.225,"1.07",0,"25.61","0.48",0,2020-05-28,"05","2020",1.07,25.61,"-16.875 146.225"
"3117359","2020-05-28T12:00:00Z",-16.925,146.225,"1.04",0,"25.490000000000002","0.41000000000000003",0,2020-05-28,"05","2020",1.04,25.49,"-16.925 146.225"
"3117360","2020-05-28T12:00:00Z",-16.925,146.275,"1.07",0,"25.580000000000002","0.42",0,2020-05-28,"05","2020",1.07,25.58,"-16.925 146.275"
"3117400","2020-05-28T12:00:00Z",-16.975,146.225,"0.87",0,"25.39","0.35000000000000003",0,2020-05-28,"05","2020",0.87,25.39,"-16.975 146.225"
"3129042","2020-06-04T12:00:00Z",-16.825,146.125,"0.0",0,"25.1","0.41000000000000003",0,2020-06-04,"06","2020",0,25.1,"-16.825 146.125"
"3129044","2020-06-04T12:00:00Z",-16.825,146.225,"0.0",0,"25.34","0.48",0,2020-06-04,"06","2020",0,25.34,"-16.825 146.225"
"3129084","2020-06-04T12:00:00Z",-16.875,146.175,"0.0",0,"25.19","0.46",0,2020-06-04,"06","2020",0,25.19,"-16.875 146.175"
"3129085","2020-06-04T12:00:00Z",-16.875,146.225,"0.0",0,"25.3","0.49",0,2020-06-04,"06","2020",0,25.3,"-16.875 146.225"
"3129126","2020-06-04T12:00:00Z",-16.925,146.225,"0.0",0,"25.25","0.5",0,2020-06-04,"06","2020",0,25.25,"-16.925 146.225"
"3129127","2020-06-04T12:00:00Z",-16.925,146.275,"0.0",0,"25.36","0.52",0,2020-06-04,"06","2020",0,25.36,"-16.925 146.275"
"3129167","2020-06-04T12:00:00Z",-16.975,146.225,"0.0",0,"25.2","0.49",0,2020-06-04,"06","2020",0,25.2,"-16.975 146.225"
"3140809","2020-06-11T12:00:00Z",-16.825,146.125,"0.0",0,"24.7","0.35000000000000003",0,2020-06-11,"06","2020",0,24.7,"-16.825 146.125"
"3140811","2020-06-11T12:00:00Z",-16.825,146.225,"0.0",0,"24.94","0.4",0,2020-06-11,"06","2020",0,24.94,"-16.825 146.225"
"3140851","2020-06-11T12:00:00Z",-16.875,146.175,"0.0",0,"24.71","0.31",0,2020-06-11,"06","2020",0,24.71,"-16.875 146.175"
"3140852","2020-06-11T12:00:00Z",-16.875,146.225,"0.0",0,"24.830000000000002","0.35000000000000003",0,2020-06-11,"06","2020",0,24.83,"-16.875 146.225"
"3140893","2020-06-11T12:00:00Z",-16.925,146.225,"0.0",0,"24.71","0.28",0,2020-06-11,"06","2020",0,24.71,"-16.925 146.225"
"3140894","2020-06-11T12:00:00Z",-16.925,146.275,"0.0",0,"24.82","0.3",0,2020-06-11,"06","2020",0,24.82,"-16.925 146.275"
"3140934","2020-06-11T12:00:00Z",-16.975,146.225,"0.0",0,"24.6","0.22",0,2020-06-11,"06","2020",0,24.6,"-16.975 146.225"
"3152576","2020-06-18T12:00:00Z",-16.825,146.125,"0.0",0,"24.7","0.6",0,2020-06-18,"06","2020",0,24.7,"-16.825 146.125"
"3152578","2020-06-18T12:00:00Z",-16.825,146.225,"0.0",0,"24.93","0.63",0,2020-06-18,"06","2020",0,24.93,"-16.825 146.225"
"3152618","2020-06-18T12:00:00Z",-16.875,146.175,"0.0",0,"24.75","0.6",0,2020-06-18,"06","2020",0,24.75,"-16.875 146.175"
"3152619","2020-06-18T12:00:00Z",-16.875,146.225,"0.0",0,"24.85","0.61",0,2020-06-18,"06","2020",0,24.85,"-16.875 146.225"
"3152660","2020-06-18T12:00:00Z",-16.925,146.225,"0.0",0,"24.77","0.59",0,2020-06-18,"06","2020",0,24.77,"-16.925 146.225"
"3152661","2020-06-18T12:00:00Z",-16.925,146.275,"0.0",0,"24.89","0.61",0,2020-06-18,"06","2020",0,24.89,"-16.925 146.275"
"3152701","2020-06-18T12:00:00Z",-16.975,146.225,"0.0",0,"24.68","0.55",0,2020-06-18,"06","2020",0,24.68,"-16.975 146.225"
"3164343","2020-06-25T12:00:00Z",-16.825,146.125,"0.0",0,"25.13","1.17",0,2020-06-25,"06","2020",0,25.13,"-16.825 146.125"
"3164345","2020-06-25T12:00:00Z",-16.825,146.225,"0.0",0,"25.42","1.25",0,2020-06-25,"06","2020",0,25.42,"-16.825 146.225"
"3164385","2020-06-25T12:00:00Z",-16.875,146.175,"0.0",0,"25.150000000000002","1.1400000000000001",0,2020-06-25,"06","2020",0,25.15,"-16.875 146.175"
"3164386","2020-06-25T12:00:00Z",-16.875,146.225,"0.0",0,"25.32","1.21",0,2020-06-25,"06","2020",0,25.32,"-16.875 146.225"
"3164427","2020-06-25T12:00:00Z",-16.925,146.225,"0.0",0,"25.17","1.1300000000000001",0,2020-06-25,"06","2020",0,25.17,"-16.925 146.225"
"3164428","2020-06-25T12:00:00Z",-16.925,146.275,"0.0",0,"25.37","1.23",0,2020-06-25,"06","2020",0,25.37,"-16.925 146.275"
"3164468","2020-06-25T12:00:00Z",-16.975,146.225,"0.0",0,"24.990000000000002","1.01",0,2020-06-25,"06","2020",0,24.99,"-16.975 146.225"
"3176110","2020-07-02T12:00:00Z",-16.825,146.125,"0.0",0,"24.990000000000002","1.17",0,2020-07-02,"07","2020",0,24.99,"-16.825 146.125"
"3176112","2020-07-02T12:00:00Z",-16.825,146.225,"0.0",0,"25.240000000000002","1.2",0,2020-07-02,"07","2020",0,25.24,"-16.825 146.225"
"3176152","2020-07-02T12:00:00Z",-16.875,146.175,"0.0",0,"25.01","1.1500000000000001",0,2020-07-02,"07","2020",0,25.01,"-16.875 146.175"
"3176153","2020-07-02T12:00:00Z",-16.875,146.225,"0.0",0,"25.12","1.1500000000000001",0,2020-07-02,"07","2020",0,25.12,"-16.875 146.225"
"3176194","2020-07-02T12:00:00Z",-16.925,146.225,"0.0",0,"24.990000000000002","1.1",0,2020-07-02,"07","2020",0,24.99,"-16.925 146.225"
"3176195","2020-07-02T12:00:00Z",-16.925,146.275,"0.0",0,"25.11","1.11",0,2020-07-02,"07","2020",0,25.11,"-16.925 146.275"
"3176235","2020-07-02T12:00:00Z",-16.975,146.225,"0.0",0,"24.86","1.03",0,2020-07-02,"07","2020",0,24.86,"-16.975 146.225"
"3187877","2020-07-09T12:00:00Z",-16.825,146.125,"0.0",0,"24.75","1.07",0,2020-07-09,"07","2020",0,24.75,"-16.825 146.125"
"3187879","2020-07-09T12:00:00Z",-16.825,146.225,"0.0",0,"25.03","1.12",0,2020-07-09,"07","2020",0,25.03,"-16.825 146.225"
"3187919","2020-07-09T12:00:00Z",-16.875,146.175,"0.0",0,"24.73","1.01",0,2020-07-09,"07","2020",0,24.73,"-16.875 146.175"
"3187920","2020-07-09T12:00:00Z",-16.875,146.225,"0.0",0,"24.86","1.02",0,2020-07-09,"07","2020",0,24.86,"-16.875 146.225"
"3187961","2020-07-09T12:00:00Z",-16.925,146.225,"0.0",0,"24.68","0.93",0,2020-07-09,"07","2020",0,24.68,"-16.925 146.225"
"3187962","2020-07-09T12:00:00Z",-16.925,146.275,"0.0",0,"24.86","1.0",0,2020-07-09,"07","2020",0,24.86,"-16.925 146.275"
"3188002","2020-07-09T12:00:00Z",-16.975,146.225,"0.0",0,"24.53","0.84",0,2020-07-09,"07","2020",0,24.53,"-16.975 146.225"
"3199644","2020-07-16T12:00:00Z",-16.825,146.125,"0.0",0,"24.67","1.11",0,2020-07-16,"07","2020",0,24.67,"-16.825 146.125"
"3199646","2020-07-16T12:00:00Z",-16.825,146.225,"0.0",0,"24.93","1.1300000000000001",0,2020-07-16,"07","2020",0,24.93,"-16.825 146.225"
"3199686","2020-07-16T12:00:00Z",-16.875,146.175,"0.0",0,"24.650000000000002","1.05",0,2020-07-16,"07","2020",0,24.65,"-16.875 146.175"
"3199687","2020-07-16T12:00:00Z",-16.875,146.225,"0.0",0,"24.78","1.06",0,2020-07-16,"07","2020",0,24.78,"-16.875 146.225"
"3199728","2020-07-16T12:00:00Z",-16.925,146.225,"0.0",0,"24.61","0.98",0,2020-07-16,"07","2020",0,24.61,"-16.925 146.225"
"3199729","2020-07-16T12:00:00Z",-16.925,146.275,"0.0",0,"24.8","1.06",0,2020-07-16,"07","2020",0,24.8,"-16.925 146.275"
"3199769","2020-07-16T12:00:00Z",-16.975,146.225,"0.0",0,"24.47","0.91",0,2020-07-16,"07","2020",0,24.47,"-16.975 146.225"
"3211411","2020-07-23T12:00:00Z",-16.825,146.125,"0.0",0,"24.29","0.7000000000000001",0,2020-07-23,"07","2020",0,24.29,"-16.825 146.125"
"3211413","2020-07-23T12:00:00Z",-16.825,146.225,"0.0",0,"24.580000000000002","0.77",0,2020-07-23,"07","2020",0,24.58,"-16.825 146.225"
"3211453","2020-07-23T12:00:00Z",-16.875,146.175,"0.0",0,"24.32","0.6900000000000001",0,2020-07-23,"07","2020",0,24.32,"-16.875 146.175"
"3211454","2020-07-23T12:00:00Z",-16.875,146.225,"0.0",0,"24.47","0.73",0,2020-07-23,"07","2020",0,24.47,"-16.875 146.225"
"3211495","2020-07-23T12:00:00Z",-16.925,146.225,"0.0",0,"24.37","0.72",0,2020-07-23,"07","2020",0,24.37,"-16.925 146.225"
"3211496","2020-07-23T12:00:00Z",-16.925,146.275,"0.0",0,"24.52","0.76",0,2020-07-23,"07","2020",0,24.52,"-16.925 146.275"
"3211536","2020-07-23T12:00:00Z",-16.975,146.225,"0.0",0,"24.27","0.6900000000000001",0,2020-07-23,"07","2020",0,24.27,"-16.975 146.225"
"3223178","2020-07-30T12:00:00Z",-16.825,146.125,"0.0",0,"24.23","0.62",0,2020-07-30,"07","2020",0,24.23,"-16.825 146.125"
"3223180","2020-07-30T12:00:00Z",-16.825,146.225,"0.0",0,"24.490000000000002","0.67",0,2020-07-30,"07","2020",0,24.49,"-16.825 146.225"
"3223220","2020-07-30T12:00:00Z",-16.875,146.175,"0.0",0,"24.240000000000002","0.59",0,2020-07-30,"07","2020",0,24.24,"-16.875 146.175"
"3223221","2020-07-30T12:00:00Z",-16.875,146.225,"0.0",0,"24.37","0.62",0,2020-07-30,"07","2020",0,24.37,"-16.875 146.225"
"3223262","2020-07-30T12:00:00Z",-16.925,146.225,"0.0",0,"24.25","0.58",0,2020-07-30,"07","2020",0,24.25,"-16.925 146.225"
"3223263","2020-07-30T12:00:00Z",-16.925,146.275,"0.0",0,"24.400000000000002","0.63",0,2020-07-30,"07","2020",0,24.4,"-16.925 146.275"
"3223303","2020-07-30T12:00:00Z",-16.975,146.225,"0.0",0,"24.17","0.5700000000000001",0,2020-07-30,"07","2020",0,24.17,"-16.975 146.225"
"3234945","2020-08-06T12:00:00Z",-16.825,146.125,"0.0",0,"24.0","0.36",0,2020-08-06,"08","2020",0,24,"-16.825 146.125"
"3234947","2020-08-06T12:00:00Z",-16.825,146.225,"0.0",0,"24.18","0.34",0,2020-08-06,"08","2020",0,24.18,"-16.825 146.225"
"3234987","2020-08-06T12:00:00Z",-16.875,146.175,"0.0",0,"24.0","0.33",0,2020-08-06,"08","2020",0,24,"-16.875 146.175"
"3234988","2020-08-06T12:00:00Z",-16.875,146.225,"0.0",0,"24.09","0.32",0,2020-08-06,"08","2020",0,24.09,"-16.875 146.225"
"3235029","2020-08-06T12:00:00Z",-16.925,146.225,"0.0",0,"24.0","0.31",0,2020-08-06,"08","2020",0,24,"-16.925 146.225"
"3235030","2020-08-06T12:00:00Z",-16.925,146.275,"0.0",0,"24.09","0.31",0,2020-08-06,"08","2020",0,24.09,"-16.925 146.275"
"3235070","2020-08-06T12:00:00Z",-16.975,146.225,"0.0",0,"23.91","0.29",0,2020-08-06,"08","2020",0,23.91,"-16.975 146.225"
"3246712","2020-08-13T12:00:00Z",-16.825,146.125,"0.0",0,"24.53","0.87",0,2020-08-13,"08","2020",0,24.53,"-16.825 146.125"
"3246714","2020-08-13T12:00:00Z",-16.825,146.225,"0.0",0,"24.68","0.8300000000000001",0,2020-08-13,"08","2020",0,24.68,"-16.825 146.225"
"3246754","2020-08-13T12:00:00Z",-16.875,146.175,"0.0",0,"24.61","0.92",0,2020-08-13,"08","2020",0,24.61,"-16.875 146.175"
"3246755","2020-08-13T12:00:00Z",-16.875,146.225,"0.0",0,"24.650000000000002","0.86",0,2020-08-13,"08","2020",0,24.65,"-16.875 146.225"
"3246796","2020-08-13T12:00:00Z",-16.925,146.225,"0.0",0,"24.64","0.93",0,2020-08-13,"08","2020",0,24.64,"-16.925 146.225"
"3246797","2020-08-13T12:00:00Z",-16.925,146.275,"0.0",0,"24.68","0.88",0,2020-08-13,"08","2020",0,24.68,"-16.925 146.275"
"3246837","2020-08-13T12:00:00Z",-16.975,146.225,"0.0",0,"24.62","0.98",0,2020-08-13,"08","2020",0,24.62,"-16.975 146.225"
"3258479","2020-08-20T12:00:00Z",-16.825,146.125,"0.0",0,"25.01","1.22",0,2020-08-20,"08","2020",0,25.01,"-16.825 146.125"
"3258481","2020-08-20T12:00:00Z",-16.825,146.225,"0.0",0,"25.19","1.24",0,2020-08-20,"08","2020",0,25.19,"-16.825 146.225"
"3258521","2020-08-20T12:00:00Z",-16.875,146.175,"0.0",0,"25.02","1.2",0,2020-08-20,"08","2020",0,25.02,"-16.875 146.175"
"3258522","2020-08-20T12:00:00Z",-16.875,146.225,"0.0",0,"25.1","1.2",0,2020-08-20,"08","2020",0,25.1,"-16.875 146.225"
"3258563","2020-08-20T12:00:00Z",-16.925,146.225,"0.0",0,"25.0","1.17",0,2020-08-20,"08","2020",0,25,"-16.925 146.225"
"3258564","2020-08-20T12:00:00Z",-16.925,146.275,"0.0",0,"25.07","1.16",0,2020-08-20,"08","2020",0,25.07,"-16.925 146.275"
"3258604","2020-08-20T12:00:00Z",-16.975,146.225,"0.0",0,"24.900000000000002","1.1300000000000001",0,2020-08-20,"08","2020",0,24.9,"-16.975 146.225"
"3270246","2020-08-27T12:00:00Z",-16.825,146.125,"0.0",0,"24.96","1.0",0,2020-08-27,"08","2020",0,24.96,"-16.825 146.125"
"3270248","2020-08-27T12:00:00Z",-16.825,146.225,"0.0",0,"25.17","1.08",0,2020-08-27,"08","2020",0,25.17,"-16.825 146.225"
"3270288","2020-08-27T12:00:00Z",-16.875,146.175,"0.0",0,"24.94","0.96",0,2020-08-27,"08","2020",0,24.94,"-16.875 146.175"
"3270289","2020-08-27T12:00:00Z",-16.875,146.225,"0.0",0,"25.05","1.0",0,2020-08-27,"08","2020",0,25.05,"-16.875 146.225"
"3270330","2020-08-27T12:00:00Z",-16.925,146.225,"0.0",0,"24.91","0.92",0,2020-08-27,"08","2020",0,24.91,"-16.925 146.225"
"3270331","2020-08-27T12:00:00Z",-16.925,146.275,"0.0",0,"25.01","0.9500000000000001",0,2020-08-27,"08","2020",0,25.01,"-16.925 146.275"
"3270371","2020-08-27T12:00:00Z",-16.975,146.225,"0.0",0,"24.78","0.84",0,2020-08-27,"08","2020",0,24.78,"-16.975 146.225"
"3282013","2020-09-03T12:00:00Z",-16.825,146.125,"0.0",0,"24.77","0.64",0,2020-09-03,"09","2020",0,24.77,"-16.825 146.125"
"3282015","2020-09-03T12:00:00Z",-16.825,146.225,"0.0",0,"25.04","0.8",0,2020-09-03,"09","2020",0,25.04,"-16.825 146.225"
"3282055","2020-09-03T12:00:00Z",-16.875,146.175,"0.0",0,"24.79","0.64",0,2020-09-03,"09","2020",0,24.79,"-16.875 146.175"
"3282056","2020-09-03T12:00:00Z",-16.875,146.225,"0.0",0,"24.92","0.72",0,2020-09-03,"09","2020",0,24.92,"-16.875 146.225"
"3282097","2020-09-03T12:00:00Z",-16.925,146.225,"0.0",0,"24.79","0.63",0,2020-09-03,"09","2020",0,24.79,"-16.925 146.225"
"3282098","2020-09-03T12:00:00Z",-16.925,146.275,"0.0",0,"24.92","0.72",0,2020-09-03,"09","2020",0,24.92,"-16.925 146.275"
"3282138","2020-09-03T12:00:00Z",-16.975,146.225,"0.0",0,"24.69","0.5700000000000001",0,2020-09-03,"09","2020",0,24.69,"-16.975 146.225"
"3293780","2020-09-10T12:00:00Z",-16.825,146.125,"0.0",0,"24.830000000000002","0.53",0,2020-09-10,"09","2020",0,24.83,"-16.825 146.125"
"3293782","2020-09-10T12:00:00Z",-16.825,146.225,"0.0",0,"25.01","0.63",0,2020-09-10,"09","2020",0,25.01,"-16.825 146.225"
"3293822","2020-09-10T12:00:00Z",-16.875,146.175,"0.0",0,"24.8","0.49",0,2020-09-10,"09","2020",0,24.8,"-16.875 146.175"
"3293823","2020-09-10T12:00:00Z",-16.875,146.225,"0.0",0,"24.88","0.53",0,2020-09-10,"09","2020",0,24.88,"-16.875 146.225"
"3293864","2020-09-10T12:00:00Z",-16.925,146.225,"0.0",0,"24.75","0.43",0,2020-09-10,"09","2020",0,24.75,"-16.925 146.225"
"3293865","2020-09-10T12:00:00Z",-16.925,146.275,"0.0",0,"24.84","0.49",0,2020-09-10,"09","2020",0,24.84,"-16.925 146.275"
"3293905","2020-09-10T12:00:00Z",-16.975,146.225,"0.0",0,"24.64","0.35000000000000003",0,2020-09-10,"09","2020",0,24.64,"-16.975 146.225"
"3305547","2020-09-17T12:00:00Z",-16.825,146.125,"0.0",0,"24.8","0.29",0,2020-09-17,"09","2020",0,24.8,"-16.825 146.125"
"3305549","2020-09-17T12:00:00Z",-16.825,146.225,"0.0",0,"24.990000000000002","0.43",0,2020-09-17,"09","2020",0,24.99,"-16.825 146.225"
"3305589","2020-09-17T12:00:00Z",-16.875,146.175,"0.0",0,"24.810000000000002","0.3",0,2020-09-17,"09","2020",0,24.81,"-16.875 146.175"
"3305590","2020-09-17T12:00:00Z",-16.875,146.225,"0.0",0,"24.91","0.37",0,2020-09-17,"09","2020",0,24.91,"-16.875 146.225"
"3305631","2020-09-17T12:00:00Z",-16.925,146.225,"0.0",0,"24.82","0.31",0,2020-09-17,"09","2020",0,24.82,"-16.925 146.225"
"3305632","2020-09-17T12:00:00Z",-16.925,146.275,"0.0",0,"24.91","0.37",0,2020-09-17,"09","2020",0,24.91,"-16.925 146.275"
"3305672","2020-09-17T12:00:00Z",-16.975,146.225,"0.0",0,"24.740000000000002","0.25",0,2020-09-17,"09","2020",0,24.74,"-16.975 146.225"
"3317314","2020-09-24T12:00:00Z",-16.825,146.125,"0.0",0,"25.400000000000002","0.59",0,2020-09-24,"09","2020",0,25.4,"-16.825 146.125"
"3317316","2020-09-24T12:00:00Z",-16.825,146.225,"0.0",0,"25.52","0.68",0,2020-09-24,"09","2020",0,25.52,"-16.825 146.225"
"3317356","2020-09-24T12:00:00Z",-16.875,146.175,"0.0",0,"25.44","0.63",0,2020-09-24,"09","2020",0,25.44,"-16.875 146.175"
"3317357","2020-09-24T12:00:00Z",-16.875,146.225,"0.0",0,"25.490000000000002","0.67",0,2020-09-24,"09","2020",0,25.49,"-16.875 146.225"
"3317398","2020-09-24T12:00:00Z",-16.925,146.225,"0.0",0,"25.45","0.65",0,2020-09-24,"09","2020",0,25.45,"-16.925 146.225"
"3317399","2020-09-24T12:00:00Z",-16.925,146.275,"0.0",0,"25.490000000000002","0.67",0,2020-09-24,"09","2020",0,25.49,"-16.925 146.275"
"3317439","2020-09-24T12:00:00Z",-16.975,146.225,"0.0",0,"25.42","0.63",0,2020-09-24,"09","2020",0,25.42,"-16.975 146.225"
"3329081","2020-10-01T12:00:00Z",-16.825,146.125,"0.0",0,"25.51","0.4",0,2020-10-01,"10","2020",0,25.51,"-16.825 146.125"
"3329083","2020-10-01T12:00:00Z",-16.825,146.225,"0.0",0,"25.57","0.46",0,2020-10-01,"10","2020",0,25.57,"-16.825 146.225"
"3329123","2020-10-01T12:00:00Z",-16.875,146.175,"0.0",0,"25.5","0.4",0,2020-10-01,"10","2020",0,25.5,"-16.875 146.175"
"3329124","2020-10-01T12:00:00Z",-16.875,146.225,"0.0",0,"25.53","0.42",0,2020-10-01,"10","2020",0,25.53,"-16.875 146.225"
"3329165","2020-10-01T12:00:00Z",-16.925,146.225,"0.0",0,"25.48","0.39",0,2020-10-01,"10","2020",0,25.48,"-16.925 146.225"
"3329166","2020-10-01T12:00:00Z",-16.925,146.275,"0.0",0,"25.53","0.43",0,2020-10-01,"10","2020",0,25.53,"-16.925 146.275"
"3329206","2020-10-01T12:00:00Z",-16.975,146.225,"0.0",0,"25.43","0.35000000000000003",0,2020-10-01,"10","2020",0,25.43,"-16.975 146.225"
"3340848","2020-10-08T12:00:00Z",-16.825,146.125,"0.0",0,"25.42","0.01",0,2020-10-08,"10","2020",0,25.42,"-16.825 146.125"
"3340850","2020-10-08T12:00:00Z",-16.825,146.225,"0.0",0,"25.47","0.08",0,2020-10-08,"10","2020",0,25.47,"-16.825 146.225"
"3340890","2020-10-08T12:00:00Z",-16.875,146.175,"0.0",0,"25.43","0.03",0,2020-10-08,"10","2020",0,25.43,"-16.875 146.175"
"3340891","2020-10-08T12:00:00Z",-16.875,146.225,"0.0",0,"25.44","0.05",0,2020-10-08,"10","2020",0,25.44,"-16.875 146.225"
"3340932","2020-10-08T12:00:00Z",-16.925,146.225,"0.0",0,"25.42","0.04",0,2020-10-08,"10","2020",0,25.42,"-16.925 146.225"
"3340933","2020-10-08T12:00:00Z",-16.925,146.275,"0.0",0,"25.42","0.04",0,2020-10-08,"10","2020",0,25.42,"-16.925 146.275"
"3340973","2020-10-08T12:00:00Z",-16.975,146.225,"0.0",0,"25.41","0.03",0,2020-10-08,"10","2020",0,25.41,"-16.975 146.225"
"3352615","2020-10-15T12:00:00Z",-16.825,146.125,"0.0",0,"25.740000000000002","0.03",0,2020-10-15,"10","2020",0,25.74,"-16.825 146.125"
"3352617","2020-10-15T12:00:00Z",-16.825,146.225,"0.0",0,"25.77","0.1",0,2020-10-15,"10","2020",0,25.77,"-16.825 146.225"
"3352657","2020-10-15T12:00:00Z",-16.875,146.175,"0.0",0,"25.72","0.03",0,2020-10-15,"10","2020",0,25.72,"-16.875 146.175"
"3352658","2020-10-15T12:00:00Z",-16.875,146.225,"0.0",0,"25.73","0.06",0,2020-10-15,"10","2020",0,25.73,"-16.875 146.225"
"3352699","2020-10-15T12:00:00Z",-16.925,146.225,"0.0",0,"25.68","0.01",0,2020-10-15,"10","2020",0,25.68,"-16.925 146.225"
"3352700","2020-10-15T12:00:00Z",-16.925,146.275,"0.0",0,"25.69","0.03",0,2020-10-15,"10","2020",0,25.69,"-16.925 146.275"
"3352740","2020-10-15T12:00:00Z",-16.975,146.225,"0.0",0,"25.650000000000002","-0.02",0,2020-10-15,"10","2020",0,25.65,"-16.975 146.225"
"3364382","2020-10-22T12:00:00Z",-16.825,146.125,"0.0",0,"26.09","0.06",0,2020-10-22,"10","2020",0,26.09,"-16.825 146.125"
"3364384","2020-10-22T12:00:00Z",-16.825,146.225,"0.0",0,"26.11","0.13",0,2020-10-22,"10","2020",0,26.11,"-16.825 146.225"
"3364424","2020-10-22T12:00:00Z",-16.875,146.175,"0.0",0,"26.1","0.1",0,2020-10-22,"10","2020",0,26.1,"-16.875 146.175"
"3364425","2020-10-22T12:00:00Z",-16.875,146.225,"0.0",0,"26.12","0.14",0,2020-10-22,"10","2020",0,26.12,"-16.875 146.225"
"3364466","2020-10-22T12:00:00Z",-16.925,146.225,"0.0",0,"26.13","0.14",0,2020-10-22,"10","2020",0,26.13,"-16.925 146.225"
"3364467","2020-10-22T12:00:00Z",-16.925,146.275,"0.0",0,"26.150000000000002","0.18",0,2020-10-22,"10","2020",0,26.15,"-16.925 146.275"
"3364507","2020-10-22T12:00:00Z",-16.975,146.225,"0.0",0,"26.18","0.19",0,2020-10-22,"10","2020",0,26.18,"-16.975 146.225"
"3376149","2020-10-29T12:00:00Z",-16.825,146.125,"0.0",0,"27.13","0.79",0,2020-10-29,"10","2020",0,27.13,"-16.825 146.125"
"3376151","2020-10-29T12:00:00Z",-16.825,146.225,"0.0",0,"27.01","0.73",0,2020-10-29,"10","2020",0,27.01,"-16.825 146.225"
"3376191","2020-10-29T12:00:00Z",-16.875,146.175,"0.0",0,"27.060000000000002","0.74",0,2020-10-29,"10","2020",0,27.06,"-16.875 146.175"
"3376192","2020-10-29T12:00:00Z",-16.875,146.225,"0.0",0,"27.0","0.71",0,2020-10-29,"10","2020",0,27,"-16.875 146.225"
"3376233","2020-10-29T12:00:00Z",-16.925,146.225,"0.0",0,"27.02","0.72",0,2020-10-29,"10","2020",0,27.02,"-16.925 146.225"
"3376234","2020-10-29T12:00:00Z",-16.925,146.275,"0.0",0,"26.96","0.68",0,2020-10-29,"10","2020",0,26.96,"-16.925 146.275"
"3376274","2020-10-29T12:00:00Z",-16.975,146.225,"0.0",0,"27.07","0.76",0,2020-10-29,"10","2020",0,27.07,"-16.975 146.225"
"3387916","2020-11-05T12:00:00Z",-16.825,146.125,"0.0",0,"27.11","0.45",0,2020-11-05,"11","2020",0,27.11,"-16.825 146.125"
"3387918","2020-11-05T12:00:00Z",-16.825,146.225,"0.0",0,"27.080000000000002","0.49",0,2020-11-05,"11","2020",0,27.08,"-16.825 146.225"
"3387958","2020-11-05T12:00:00Z",-16.875,146.175,"0.0",0,"27.1","0.47000000000000003",0,2020-11-05,"11","2020",0,27.1,"-16.875 146.175"
"3387959","2020-11-05T12:00:00Z",-16.875,146.225,"0.0",0,"27.09","0.49",0,2020-11-05,"11","2020",0,27.09,"-16.875 146.225"
"3388000","2020-11-05T12:00:00Z",-16.925,146.225,"0.0",0,"27.13","0.51",0,2020-11-05,"11","2020",0,27.13,"-16.925 146.225"
"3388001","2020-11-05T12:00:00Z",-16.925,146.275,"0.0",0,"27.12","0.53",0,2020-11-05,"11","2020",0,27.12,"-16.925 146.275"
"3388041","2020-11-05T12:00:00Z",-16.975,146.225,"0.0",0,"27.16","0.53",0,2020-11-05,"11","2020",0,27.16,"-16.975 146.225"
"3399683","2020-11-12T12:00:00Z",-16.825,146.125,"0.0",0,"27.14","0.17",0,2020-11-12,"11","2020",0,27.14,"-16.825 146.125"
"3399685","2020-11-12T12:00:00Z",-16.825,146.225,"0.0",0,"27.11","0.21",0,2020-11-12,"11","2020",0,27.11,"-16.825 146.225"
"3399725","2020-11-12T12:00:00Z",-16.875,146.175,"0.0",0,"27.1","0.15",0,2020-11-12,"11","2020",0,27.1,"-16.875 146.175"
"3399726","2020-11-12T12:00:00Z",-16.875,146.225,"0.0",0,"27.09","0.17",0,2020-11-12,"11","2020",0,27.09,"-16.875 146.225"
"3399767","2020-11-12T12:00:00Z",-16.925,146.225,"0.0",0,"27.080000000000002","0.15",0,2020-11-12,"11","2020",0,27.08,"-16.925 146.225"
"3399768","2020-11-12T12:00:00Z",-16.925,146.275,"0.0",0,"27.080000000000002","0.17",0,2020-11-12,"11","2020",0,27.08,"-16.925 146.275"
"3399808","2020-11-12T12:00:00Z",-16.975,146.225,"0.0",0,"27.080000000000002","0.13",0,2020-11-12,"11","2020",0,27.08,"-16.975 146.225"
"3411450","2020-11-19T12:00:00Z",-16.825,146.125,"0.0",0,"27.41","0.2",0,2020-11-19,"11","2020",0,27.41,"-16.825 146.125"
"3411452","2020-11-19T12:00:00Z",-16.825,146.225,"0.0",0,"27.330000000000002","0.19",0,2020-11-19,"11","2020",0,27.33,"-16.825 146.225"
"3411492","2020-11-19T12:00:00Z",-16.875,146.175,"0.0",0,"27.38","0.2",0,2020-11-19,"11","2020",0,27.38,"-16.875 146.175"
"3411493","2020-11-19T12:00:00Z",-16.875,146.225,"0.0",0,"27.35","0.2",0,2020-11-19,"11","2020",0,27.35,"-16.875 146.225"
"3411534","2020-11-19T12:00:00Z",-16.925,146.225,"0.0",0,"27.38","0.21",0,2020-11-19,"11","2020",0,27.38,"-16.925 146.225"
"3411535","2020-11-19T12:00:00Z",-16.925,146.275,"0.0",0,"27.36","0.22",0,2020-11-19,"11","2020",0,27.36,"-16.925 146.275"
"3411575","2020-11-19T12:00:00Z",-16.975,146.225,"0.0",0,"27.41","0.22",0,2020-11-19,"11","2020",0,27.41,"-16.975 146.225"
"3423217","2020-11-26T12:00:00Z",-16.825,146.125,"0.0",0,"27.73","0.35000000000000003",0,2020-11-26,"11","2020",0,27.73,"-16.825 146.125"
"3423219","2020-11-26T12:00:00Z",-16.825,146.225,"0.0",0,"27.69","0.37",0,2020-11-26,"11","2020",0,27.69,"-16.825 146.225"
"3423259","2020-11-26T12:00:00Z",-16.875,146.175,"0.0",0,"27.73","0.37",0,2020-11-26,"11","2020",0,27.73,"-16.875 146.175"
"3423260","2020-11-26T12:00:00Z",-16.875,146.225,"0.0",0,"27.71","0.37",0,2020-11-26,"11","2020",0,27.71,"-16.875 146.225"
"3423301","2020-11-26T12:00:00Z",-16.925,146.225,"0.0",0,"27.740000000000002","0.39",0,2020-11-26,"11","2020",0,27.74,"-16.925 146.225"
"3423302","2020-11-26T12:00:00Z",-16.925,146.275,"0.0",0,"27.73","0.4",0,2020-11-26,"11","2020",0,27.73,"-16.925 146.275"
"3423342","2020-11-26T12:00:00Z",-16.975,146.225,"0.0",0,"27.78","0.42",0,2020-11-26,"11","2020",0,27.78,"-16.975 146.225"
"3434984","2020-12-03T12:00:00Z",-16.825,146.125,"0.0",0,"27.93","0.37",0,2020-12-03,"12","2020",0,27.93,"-16.825 146.125"
"3434986","2020-12-03T12:00:00Z",-16.825,146.225,"0.0",0,"27.900000000000002","0.39",0,2020-12-03,"12","2020",0,27.9,"-16.825 146.225"
"3435026","2020-12-03T12:00:00Z",-16.875,146.175,"0.0",0,"27.94","0.4",0,2020-12-03,"12","2020",0,27.94,"-16.875 146.175"
"3435027","2020-12-03T12:00:00Z",-16.875,146.225,"0.0",0,"27.92","0.4",0,2020-12-03,"12","2020",0,27.92,"-16.875 146.225"
"3435068","2020-12-03T12:00:00Z",-16.925,146.225,"0.0",0,"27.94","0.41000000000000003",0,2020-12-03,"12","2020",0,27.94,"-16.925 146.225"
"3435069","2020-12-03T12:00:00Z",-16.925,146.275,"0.0",0,"27.91","0.4",0,2020-12-03,"12","2020",0,27.91,"-16.925 146.275"
"3435109","2020-12-03T12:00:00Z",-16.975,146.225,"0.0",0,"27.96","0.43",0,2020-12-03,"12","2020",0,27.96,"-16.975 146.225"
"3446751","2020-12-10T12:00:00Z",-16.825,146.125,"0.0",0,"28.580000000000002","0.85",0,2020-12-10,"12","2020",0,28.58,"-16.825 146.125"
"3446753","2020-12-10T12:00:00Z",-16.825,146.225,"0.0",0,"28.55","0.85",0,2020-12-10,"12","2020",0,28.55,"-16.825 146.225"
"3446793","2020-12-10T12:00:00Z",-16.875,146.175,"0.0",0,"28.6","0.89",0,2020-12-10,"12","2020",0,28.6,"-16.875 146.175"
"3446794","2020-12-10T12:00:00Z",-16.875,146.225,"0.0",0,"28.55","0.85",0,2020-12-10,"12","2020",0,28.55,"-16.875 146.225"
"3446835","2020-12-10T12:00:00Z",-16.925,146.225,"0.0",0,"28.560000000000002","0.86",0,2020-12-10,"12","2020",0,28.56,"-16.925 146.225"
"3446836","2020-12-10T12:00:00Z",-16.925,146.275,"0.0",0,"28.51","0.8200000000000001",0,2020-12-10,"12","2020",0,28.51,"-16.925 146.275"
"3446876","2020-12-10T12:00:00Z",-16.975,146.225,"0.0",0,"28.57","0.86",0,2020-12-10,"12","2020",0,28.57,"-16.975 146.225"
"3458518","2020-12-17T12:00:00Z",-16.825,146.125,"0.0",0,"29.16","1.26",0,2020-12-17,"12","2020",0,29.16,"-16.825 146.125"
"3458520","2020-12-17T12:00:00Z",-16.825,146.225,"0.0",0,"29.14","1.27",0,2020-12-17,"12","2020",0,29.14,"-16.825 146.225"
"3458560","2020-12-17T12:00:00Z",-16.875,146.175,"0.0",0,"29.16","1.28",0,2020-12-17,"12","2020",0,29.16,"-16.875 146.175"
"3458561","2020-12-17T12:00:00Z",-16.875,146.225,"0.0",0,"29.14","1.27",0,2020-12-17,"12","2020",0,29.14,"-16.875 146.225"
"3458602","2020-12-17T12:00:00Z",-16.925,146.225,"0.0",0,"29.14","1.26",0,2020-12-17,"12","2020",0,29.14,"-16.925 146.225"
"3458603","2020-12-17T12:00:00Z",-16.925,146.275,"0.0",0,"29.13","1.27",0,2020-12-17,"12","2020",0,29.13,"-16.925 146.275"
"3458643","2020-12-17T12:00:00Z",-16.975,146.225,"0.0",0,"29.150000000000002","1.27",0,2020-12-17,"12","2020",0,29.15,"-16.975 146.225"
"3470285","2020-12-24T12:00:00Z",-16.825,146.125,"0.15",0,"29.72","1.6600000000000001",0,2020-12-24,"12","2020",0.15,29.72,"-16.825 146.125"
"3470287","2020-12-24T12:00:00Z",-16.825,146.225,"0.0",0,"29.63","1.61",0,2020-12-24,"12","2020",0,29.63,"-16.825 146.225"
"3470327","2020-12-24T12:00:00Z",-16.875,146.175,"0.14",0,"29.69","1.6500000000000001",0,2020-12-24,"12","2020",0.14,29.69,"-16.875 146.175"
"3470328","2020-12-24T12:00:00Z",-16.875,146.225,"0.0",0,"29.64","1.61",0,2020-12-24,"12","2020",0,29.64,"-16.875 146.225"
"3470369","2020-12-24T12:00:00Z",-16.925,146.225,"0.0",0,"29.67","1.6400000000000001",0,2020-12-24,"12","2020",0,29.67,"-16.925 146.225"
"3470370","2020-12-24T12:00:00Z",-16.925,146.275,"0.0",0,"29.62","1.6",0,2020-12-24,"12","2020",0,29.62,"-16.925 146.275"
"3470410","2020-12-24T12:00:00Z",-16.975,146.225,"0.0",0,"29.69","1.6500000000000001",0,2020-12-24,"12","2020",0,29.69,"-16.975 146.225"
"3482052","2020-12-31T12:00:00Z",-16.825,146.125,"0.15",0,"29.32","1.11",0,2020-12-31,"12","2020",0.15,29.32,"-16.825 146.125"
"3482054","2020-12-31T12:00:00Z",-16.825,146.225,"0.0",0,"29.330000000000002","1.1500000000000001",0,2020-12-31,"12","2020",0,29.33,"-16.825 146.225"
"3482094","2020-12-31T12:00:00Z",-16.875,146.175,"0.14",0,"29.29","1.09",0,2020-12-31,"12","2020",0.14,29.29,"-16.875 146.175"
"3482095","2020-12-31T12:00:00Z",-16.875,146.225,"0.0",0,"29.3","1.12",0,2020-12-31,"12","2020",0,29.3,"-16.875 146.225"
"3482136","2020-12-31T12:00:00Z",-16.925,146.225,"0.0",0,"29.26","1.07",0,2020-12-31,"12","2020",0,29.26,"-16.925 146.225"
"3482137","2020-12-31T12:00:00Z",-16.925,146.275,"0.0",0,"29.27","1.09",0,2020-12-31,"12","2020",0,29.27,"-16.925 146.275"
"3482177","2020-12-31T12:00:00Z",-16.975,146.225,"0.0",0,"29.23","1.03",0,2020-12-31,"12","2020",0,29.23,"-16.975 146.225"
"3493819","2021-01-07T12:00:00Z",-16.825,146.125,"0.15",0,"29.490000000000002","1.1300000000000001",0,2021-01-07,"01","2021",0.15,29.49,"-16.825 146.125"
"3493821","2021-01-07T12:00:00Z",-16.825,146.225,"0.0",0,"29.560000000000002","1.23",0,2021-01-07,"01","2021",0,29.56,"-16.825 146.225"
"3493861","2021-01-07T12:00:00Z",-16.875,146.175,"0.14",0,"29.5","1.1500000000000001",0,2021-01-07,"01","2021",0.14,29.5,"-16.875 146.175"
"3493862","2021-01-07T12:00:00Z",-16.875,146.225,"0.0",0,"29.54","1.21",0,2021-01-07,"01","2021",0,29.54,"-16.875 146.225"
"3493903","2021-01-07T12:00:00Z",-16.925,146.225,"0.0",0,"29.51","1.16",0,2021-01-07,"01","2021",0,29.51,"-16.925 146.225"
"3493904","2021-01-07T12:00:00Z",-16.925,146.275,"0.0",0,"29.55","1.22",0,2021-01-07,"01","2021",0,29.55,"-16.925 146.275"
"3493944","2021-01-07T12:00:00Z",-16.975,146.225,"0.0",0,"29.490000000000002","1.1300000000000001",0,2021-01-07,"01","2021",0,29.49,"-16.975 146.225"
"3505586","2021-01-14T12:00:00Z",-16.825,146.125,"0.3",0,"29.32","0.8",0,2021-01-14,"01","2021",0.3,29.32,"-16.825 146.125"
"3505588","2021-01-14T12:00:00Z",-16.825,146.225,"0.63",0,"29.330000000000002","0.85",0,2021-01-14,"01","2021",0.63,29.33,"-16.825 146.225"
"3505628","2021-01-14T12:00:00Z",-16.875,146.175,"0.44",0,"29.32","0.81",0,2021-01-14,"01","2021",0.44,29.32,"-16.875 146.175"
"3505629","2021-01-14T12:00:00Z",-16.875,146.225,"0.46",0,"29.330000000000002","0.84",0,2021-01-14,"01","2021",0.46,29.33,"-16.875 146.225"
"3505670","2021-01-14T12:00:00Z",-16.925,146.225,"0.3",0,"29.32","0.81",0,2021-01-14,"01","2021",0.3,29.32,"-16.925 146.225"
"3505671","2021-01-14T12:00:00Z",-16.925,146.275,"0.61",0,"29.330000000000002","0.84",0,2021-01-14,"01","2021",0.61,29.33,"-16.925 146.275"
"3505711","2021-01-14T12:00:00Z",-16.975,146.225,"0.29",0,"29.310000000000002","0.79",0,2021-01-14,"01","2021",0.29,29.31,"-16.975 146.225"
"3517353","2021-01-21T12:00:00Z",-16.825,146.125,"0.3",0,"28.98","0.41000000000000003",0,2021-01-21,"01","2021",0.3,28.98,"-16.825 146.125"
"3517355","2021-01-21T12:00:00Z",-16.825,146.225,"0.63",0,"28.93","0.4",0,2021-01-21,"01","2021",0.63,28.93,"-16.825 146.225"
"3517395","2021-01-21T12:00:00Z",-16.875,146.175,"0.44",0,"28.95","0.39",0,2021-01-21,"01","2021",0.44,28.95,"-16.875 146.175"
"3517396","2021-01-21T12:00:00Z",-16.875,146.225,"0.46",0,"28.92","0.38",0,2021-01-21,"01","2021",0.46,28.92,"-16.875 146.225"
"3517437","2021-01-21T12:00:00Z",-16.925,146.225,"0.3",0,"28.91","0.35000000000000003",0,2021-01-21,"01","2021",0.3,28.91,"-16.925 146.225"
"3517438","2021-01-21T12:00:00Z",-16.925,146.275,"0.61",0,"28.89","0.35000000000000003",0,2021-01-21,"01","2021",0.61,28.89,"-16.925 146.275"
"3517478","2021-01-21T12:00:00Z",-16.975,146.225,"0.29",0,"28.89","0.32",0,2021-01-21,"01","2021",0.29,28.89,"-16.975 146.225"
"3529120","2021-01-28T12:00:00Z",-16.825,146.125,"0.3",0,"28.7","0.1",0,2021-01-28,"01","2021",0.3,28.7,"-16.825 146.125"
"3529122","2021-01-28T12:00:00Z",-16.825,146.225,"0.63",0,"28.650000000000002","0.09",0,2021-01-28,"01","2021",0.63,28.65,"-16.825 146.225"
"3529162","2021-01-28T12:00:00Z",-16.875,146.175,"0.44",0,"28.7","0.1",0,2021-01-28,"01","2021",0.44,28.7,"-16.875 146.175"
"3529163","2021-01-28T12:00:00Z",-16.875,146.225,"0.46",0,"28.68","0.1",0,2021-01-28,"01","2021",0.46,28.68,"-16.875 146.225"
"3529204","2021-01-28T12:00:00Z",-16.925,146.225,"0.3",0,"28.71","0.11",0,2021-01-28,"01","2021",0.3,28.71,"-16.925 146.225"
"3529205","2021-01-28T12:00:00Z",-16.925,146.275,"0.61",0,"28.69","0.11",0,2021-01-28,"01","2021",0.61,28.69,"-16.925 146.275"
"3529245","2021-01-28T12:00:00Z",-16.975,146.225,"0.29",0,"28.740000000000002","0.13",0,2021-01-28,"01","2021",0.29,28.74,"-16.975 146.225"
"3540887","2021-02-04T12:00:00Z",-16.825,146.125,"0.3",0,"29.18","0.54",0,2021-02-04,"02","2021",0.3,29.18,"-16.825 146.125"
"3540889","2021-02-04T12:00:00Z",-16.825,146.225,"0.63",0,"29.1","0.5",0,2021-02-04,"02","2021",0.63,29.1,"-16.825 146.225"
"3540929","2021-02-04T12:00:00Z",-16.875,146.175,"0.44",0,"29.12","0.49",0,2021-02-04,"02","2021",0.44,29.12,"-16.875 146.175"
"3540930","2021-02-04T12:00:00Z",-16.875,146.225,"0.46",0,"29.09","0.48",0,2021-02-04,"02","2021",0.46,29.09,"-16.875 146.225"
"3540971","2021-02-04T12:00:00Z",-16.925,146.225,"0.3",0,"29.080000000000002","0.45",0,2021-02-04,"02","2021",0.3,29.08,"-16.925 146.225"
"3540972","2021-02-04T12:00:00Z",-16.925,146.275,"0.61",0,"29.05","0.44",0,2021-02-04,"02","2021",0.61,29.05,"-16.925 146.275"
"3541012","2021-02-04T12:00:00Z",-16.975,146.225,"0.29",0,"29.080000000000002","0.43",0,2021-02-04,"02","2021",0.29,29.08,"-16.975 146.225"
"3552654","2021-02-11T12:00:00Z",-16.825,146.125,"0.3",0,"29.5","0.8300000000000001",0,2021-02-11,"02","2021",0.3,29.5,"-16.825 146.125"
"3552656","2021-02-11T12:00:00Z",-16.825,146.225,"0.63",0,"29.44","0.81",0,2021-02-11,"02","2021",0.63,29.44,"-16.825 146.225"
"3552696","2021-02-11T12:00:00Z",-16.875,146.175,"0.44",0,"29.48","0.81",0,2021-02-11,"02","2021",0.44,29.48,"-16.875 146.175"
"3552697","2021-02-11T12:00:00Z",-16.875,146.225,"0.46",0,"29.46","0.81",0,2021-02-11,"02","2021",0.46,29.46,"-16.875 146.225"
"3552738","2021-02-11T12:00:00Z",-16.925,146.225,"0.3",0,"29.48","0.81",0,2021-02-11,"02","2021",0.3,29.48,"-16.925 146.225"
"3552739","2021-02-11T12:00:00Z",-16.925,146.275,"0.61",0,"29.46","0.81",0,2021-02-11,"02","2021",0.61,29.46,"-16.925 146.275"
"3552779","2021-02-11T12:00:00Z",-16.975,146.225,"0.29",0,"29.490000000000002","0.8",0,2021-02-11,"02","2021",0.29,29.49,"-16.975 146.225"
"3564421","2021-02-18T12:00:00Z",-16.825,146.125,"0.44",0,"29.3","0.68",0,2021-02-18,"02","2021",0.44,29.3,"-16.825 146.125"
"3564423","2021-02-18T12:00:00Z",-16.825,146.225,"0.78",0,"29.34","0.75",0,2021-02-18,"02","2021",0.78,29.34,"-16.825 146.225"
"3564463","2021-02-18T12:00:00Z",-16.875,146.175,"0.58",0,"29.3","0.68",0,2021-02-18,"02","2021",0.58,29.3,"-16.875 146.175"
"3564464","2021-02-18T12:00:00Z",-16.875,146.225,"0.61",0,"29.32","0.71",0,2021-02-18,"02","2021",0.61,29.32,"-16.875 146.225"
"3564505","2021-02-18T12:00:00Z",-16.925,146.225,"0.45",0,"29.3","0.68",0,2021-02-18,"02","2021",0.45,29.3,"-16.925 146.225"
"3564506","2021-02-18T12:00:00Z",-16.925,146.275,"0.76",0,"29.310000000000002","0.7000000000000001",0,2021-02-18,"02","2021",0.76,29.31,"-16.925 146.275"
"3564546","2021-02-18T12:00:00Z",-16.975,146.225,"0.43",0,"29.28","0.64",0,2021-02-18,"02","2021",0.43,29.28,"-16.975 146.225"
"3576188","2021-02-25T12:00:00Z",-16.825,146.125,"0.44",0,"29.21","0.75",0,2021-02-25,"02","2021",0.44,29.21,"-16.825 146.125"
"3576190","2021-02-25T12:00:00Z",-16.825,146.225,"0.78",0,"29.2","0.76",0,2021-02-25,"02","2021",0.78,29.2,"-16.825 146.225"
"3576230","2021-02-25T12:00:00Z",-16.875,146.175,"0.58",0,"29.2","0.73",0,2021-02-25,"02","2021",0.58,29.2,"-16.875 146.175"
"3576231","2021-02-25T12:00:00Z",-16.875,146.225,"0.61",0,"29.2","0.74",0,2021-02-25,"02","2021",0.61,29.2,"-16.875 146.225"
"3576272","2021-02-25T12:00:00Z",-16.925,146.225,"0.45",0,"29.19","0.72",0,2021-02-25,"02","2021",0.45,29.19,"-16.925 146.225"
"3576273","2021-02-25T12:00:00Z",-16.925,146.275,"0.76",0,"29.2","0.74",0,2021-02-25,"02","2021",0.76,29.2,"-16.925 146.275"
"3576313","2021-02-25T12:00:00Z",-16.975,146.225,"0.43",0,"29.18","0.7000000000000001",0,2021-02-25,"02","2021",0.43,29.18,"-16.975 146.225"
"3587955","2021-03-04T12:00:00Z",-16.825,146.125,"0.44",0,"28.79","0.48",0,2021-03-04,"03","2021",0.44,28.79,"-16.825 146.125"
"3587957","2021-03-04T12:00:00Z",-16.825,146.225,"0.78",0,"28.82","0.52",0,2021-03-04,"03","2021",0.78,28.82,"-16.825 146.225"
"3587997","2021-03-04T12:00:00Z",-16.875,146.175,"0.58",0,"28.79","0.48",0,2021-03-04,"03","2021",0.58,28.79,"-16.875 146.175"
"3587998","2021-03-04T12:00:00Z",-16.875,146.225,"0.61",0,"28.810000000000002","0.5",0,2021-03-04,"03","2021",0.61,28.81,"-16.875 146.225"
"3588039","2021-03-04T12:00:00Z",-16.925,146.225,"0.45",0,"28.79","0.48",0,2021-03-04,"03","2021",0.45,28.79,"-16.925 146.225"
"3588040","2021-03-04T12:00:00Z",-16.925,146.275,"0.76",0,"28.810000000000002","0.5",0,2021-03-04,"03","2021",0.76,28.81,"-16.925 146.275"
"3588080","2021-03-04T12:00:00Z",-16.975,146.225,"0.43",0,"28.78","0.46",0,2021-03-04,"03","2021",0.43,28.78,"-16.975 146.225"
"3599722","2021-03-11T12:00:00Z",-16.825,146.125,"0.44",0,"28.18","0.03",0,2021-03-11,"03","2021",0.44,28.18,"-16.825 146.125"
"3599724","2021-03-11T12:00:00Z",-16.825,146.225,"0.78",0,"28.18","0.03",0,2021-03-11,"03","2021",0.78,28.18,"-16.825 146.225"
"3599764","2021-03-11T12:00:00Z",-16.875,146.175,"0.58",0,"28.19","0.03",0,2021-03-11,"03","2021",0.58,28.19,"-16.875 146.175"
"3599765","2021-03-11T12:00:00Z",-16.875,146.225,"0.61",0,"28.19","0.03",0,2021-03-11,"03","2021",0.61,28.19,"-16.875 146.225"
"3599806","2021-03-11T12:00:00Z",-16.925,146.225,"0.45",0,"28.21","0.05",0,2021-03-11,"03","2021",0.45,28.21,"-16.925 146.225"
"3599807","2021-03-11T12:00:00Z",-16.925,146.275,"0.76",0,"28.22","0.06",0,2021-03-11,"03","2021",0.76,28.22,"-16.925 146.275"
"3599847","2021-03-11T12:00:00Z",-16.975,146.225,"0.43",0,"28.240000000000002","0.08",0,2021-03-11,"03","2021",0.43,28.24,"-16.975 146.225"
"3611489","2021-03-18T12:00:00Z",-16.825,146.125,"0.3",0,"28.68","0.72",0,2021-03-18,"03","2021",0.3,28.68,"-16.825 146.125"
"3611491","2021-03-18T12:00:00Z",-16.825,146.225,"0.78",0,"28.64","0.67",0,2021-03-18,"03","2021",0.78,28.64,"-16.825 146.225"
"3611531","2021-03-18T12:00:00Z",-16.875,146.175,"0.44",0,"28.68","0.71",0,2021-03-18,"03","2021",0.44,28.68,"-16.875 146.175"
"3611532","2021-03-18T12:00:00Z",-16.875,146.225,"0.61",0,"28.650000000000002","0.68",0,2021-03-18,"03","2021",0.61,28.65,"-16.875 146.225"
"3611573","2021-03-18T12:00:00Z",-16.925,146.225,"0.45",0,"28.67","0.7000000000000001",0,2021-03-18,"03","2021",0.45,28.67,"-16.925 146.225"
"3611574","2021-03-18T12:00:00Z",-16.925,146.275,"0.76",0,"28.61","0.64",0,2021-03-18,"03","2021",0.76,28.61,"-16.925 146.275"
"3611614","2021-03-18T12:00:00Z",-16.975,146.225,"0.43",0,"28.71","0.74",0,2021-03-18,"03","2021",0.43,28.71,"-16.975 146.225"
"3623256","2021-03-25T12:00:00Z",-16.825,146.125,"0.3",0,"29.23","1.51",0,2021-03-25,"03","2021",0.3,29.23,"-16.825 146.125"
"3623258","2021-03-25T12:00:00Z",-16.825,146.225,"0.78",0,"29.16","1.42",0,2021-03-25,"03","2021",0.78,29.16,"-16.825 146.225"
"3623298","2021-03-25T12:00:00Z",-16.875,146.175,"0.44",0,"29.19","1.46",0,2021-03-25,"03","2021",0.44,29.19,"-16.875 146.175"
"3623299","2021-03-25T12:00:00Z",-16.875,146.225,"0.61",0,"29.150000000000002","1.41",0,2021-03-25,"03","2021",0.61,29.15,"-16.875 146.225"
"3623340","2021-03-25T12:00:00Z",-16.925,146.225,"0.45",0,"29.16","1.43",0,2021-03-25,"03","2021",0.45,29.16,"-16.925 146.225"
"3623341","2021-03-25T12:00:00Z",-16.925,146.275,"0.76",0,"29.12","1.3800000000000001",0,2021-03-25,"03","2021",0.76,29.12,"-16.925 146.275"
"3623381","2021-03-25T12:00:00Z",-16.975,146.225,"0.43",0,"29.16","1.44",0,2021-03-25,"03","2021",0.43,29.16,"-16.975 146.225"
"3635023","2021-04-01T12:00:00Z",-16.825,146.125,"0.3",0,"28.5","1.02",0,2021-04-01,"04","2021",0.3,28.5,"-16.825 146.125"
"3635025","2021-04-01T12:00:00Z",-16.825,146.225,"0.78",0,"28.46","0.9500000000000001",0,2021-04-01,"04","2021",0.78,28.46,"-16.825 146.225"
"3635065","2021-04-01T12:00:00Z",-16.875,146.175,"0.44",0,"28.490000000000002","1.0",0,2021-04-01,"04","2021",0.44,28.49,"-16.875 146.175"
"3635066","2021-04-01T12:00:00Z",-16.875,146.225,"0.61",0,"28.48","0.97",0,2021-04-01,"04","2021",0.61,28.48,"-16.875 146.225"
"3635107","2021-04-01T12:00:00Z",-16.925,146.225,"0.45",0,"28.490000000000002","1.0",0,2021-04-01,"04","2021",0.45,28.49,"-16.925 146.225"
"3635108","2021-04-01T12:00:00Z",-16.925,146.275,"0.76",0,"28.47","0.96",0,2021-04-01,"04","2021",0.76,28.47,"-16.925 146.275"
"3635148","2021-04-01T12:00:00Z",-16.975,146.225,"0.43",0,"28.490000000000002","1.01",0,2021-04-01,"04","2021",0.43,28.49,"-16.975 146.225"
"3646790","2021-04-08T12:00:00Z",-16.825,146.125,"0.15",0,"28.0","0.76",0,2021-04-08,"04","2021",0.15,28,"-16.825 146.125"
"3646792","2021-04-08T12:00:00Z",-16.825,146.225,"0.15",0,"27.990000000000002","0.71",0,2021-04-08,"04","2021",0.15,27.99,"-16.825 146.225"
"3646832","2021-04-08T12:00:00Z",-16.875,146.175,"0.14",0,"28.01","0.76",0,2021-04-08,"04","2021",0.14,28.01,"-16.875 146.175"
"3646833","2021-04-08T12:00:00Z",-16.875,146.225,"0.15",0,"28.01","0.74",0,2021-04-08,"04","2021",0.15,28.01,"-16.875 146.225"
"3646874","2021-04-08T12:00:00Z",-16.925,146.225,"0.15",0,"28.03","0.77",0,2021-04-08,"04","2021",0.15,28.03,"-16.925 146.225"
"3646875","2021-04-08T12:00:00Z",-16.925,146.275,"0.15",0,"28.02","0.75",0,2021-04-08,"04","2021",0.15,28.02,"-16.925 146.275"
"3646915","2021-04-08T12:00:00Z",-16.975,146.225,"0.14",0,"28.03","0.79",0,2021-04-08,"04","2021",0.14,28.03,"-16.975 146.225"
"3658557","2021-04-15T12:00:00Z",-16.825,146.125,"0.15",0,"27.86","0.86",0,2021-04-15,"04","2021",0.15,27.86,"-16.825 146.125"
"3658559","2021-04-15T12:00:00Z",-16.825,146.225,"0.15",0,"27.810000000000002","0.76",0,2021-04-15,"04","2021",0.15,27.81,"-16.825 146.225"
"3658599","2021-04-15T12:00:00Z",-16.875,146.175,"0.14",0,"27.85","0.84",0,2021-04-15,"04","2021",0.14,27.85,"-16.875 146.175"
"3658600","2021-04-15T12:00:00Z",-16.875,146.225,"0.15",0,"27.82","0.78",0,2021-04-15,"04","2021",0.15,27.82,"-16.875 146.225"
"3658641","2021-04-15T12:00:00Z",-16.925,146.225,"0.15",0,"27.830000000000002","0.81",0,2021-04-15,"04","2021",0.15,27.83,"-16.925 146.225"
"3658642","2021-04-15T12:00:00Z",-16.925,146.275,"0.15",0,"27.79","0.75",0,2021-04-15,"04","2021",0.15,27.79,"-16.925 146.275"
"3658682","2021-04-15T12:00:00Z",-16.975,146.225,"0.14",0,"27.830000000000002","0.8300000000000001",0,2021-04-15,"04","2021",0.14,27.83,"-16.975 146.225"
"3670324","2021-04-22T12:00:00Z",-16.825,146.125,"0.15",0,"27.54","0.86",0,2021-04-22,"04","2021",0.15,27.54,"-16.825 146.125"
"3670326","2021-04-22T12:00:00Z",-16.825,146.225,"0.15",0,"27.53","0.78",0,2021-04-22,"04","2021",0.15,27.53,"-16.825 146.225"
"3670366","2021-04-22T12:00:00Z",-16.875,146.175,"0.14",0,"27.5","0.8",0,2021-04-22,"04","2021",0.14,27.5,"-16.875 146.175"
"3670367","2021-04-22T12:00:00Z",-16.875,146.225,"0.15",0,"27.490000000000002","0.76",0,2021-04-22,"04","2021",0.15,27.49,"-16.875 146.225"
"3670408","2021-04-22T12:00:00Z",-16.925,146.225,"0.15",0,"27.46","0.75",0,2021-04-22,"04","2021",0.15,27.46,"-16.925 146.225"
"3670409","2021-04-22T12:00:00Z",-16.925,146.275,"0.15",0,"27.46","0.72",0,2021-04-22,"04","2021",0.15,27.46,"-16.925 146.275"
"3670449","2021-04-22T12:00:00Z",-16.975,146.225,"0.14",0,"27.43","0.74",0,2021-04-22,"04","2021",0.14,27.43,"-16.975 146.225"
"3682091","2021-04-29T12:00:00Z",-16.825,146.125,"0.15",0,"26.75","0.38",0,2021-04-29,"04","2021",0.15,26.75,"-16.825 146.125"
"3682093","2021-04-29T12:00:00Z",-16.825,146.225,"0.15",0,"26.78","0.33",0,2021-04-29,"04","2021",0.15,26.78,"-16.825 146.225"
"3682133","2021-04-29T12:00:00Z",-16.875,146.175,"0.14",0,"26.76","0.38",0,2021-04-29,"04","2021",0.14,26.76,"-16.875 146.175"
"3682134","2021-04-29T12:00:00Z",-16.875,146.225,"0.15",0,"26.77","0.34",0,2021-04-29,"04","2021",0.15,26.77,"-16.875 146.225"
"3682175","2021-04-29T12:00:00Z",-16.925,146.225,"0.15",0,"26.76","0.36",0,2021-04-29,"04","2021",0.15,26.76,"-16.925 146.225"
"3682176","2021-04-29T12:00:00Z",-16.925,146.275,"0.15",0,"26.78","0.34",0,2021-04-29,"04","2021",0.15,26.78,"-16.925 146.275"
"3682216","2021-04-29T12:00:00Z",-16.975,146.225,"0.14",0,"26.75","0.38",0,2021-04-29,"04","2021",0.14,26.75,"-16.975 146.225"
"3693858","2021-05-06T12:00:00Z",-16.825,146.125,"0.15",0,"26.45","0.4",0,2021-05-06,"05","2021",0.15,26.45,"-16.825 146.125"
"3693860","2021-05-06T12:00:00Z",-16.825,146.225,"0.15",0,"26.59","0.44",0,2021-05-06,"05","2021",0.15,26.59,"-16.825 146.225"
"3693900","2021-05-06T12:00:00Z",-16.875,146.175,"0.14",0,"26.51","0.44",0,2021-05-06,"05","2021",0.14,26.51,"-16.875 146.175"
"3693901","2021-05-06T12:00:00Z",-16.875,146.225,"0.15",0,"26.55","0.43",0,2021-05-06,"05","2021",0.15,26.55,"-16.875 146.225"
"3693942","2021-05-06T12:00:00Z",-16.925,146.225,"0.15",0,"26.51","0.42",0,2021-05-06,"05","2021",0.15,26.51,"-16.925 146.225"
"3693943","2021-05-06T12:00:00Z",-16.925,146.275,"0.15",0,"26.55","0.41000000000000003",0,2021-05-06,"05","2021",0.15,26.55,"-16.925 146.275"
"3693983","2021-05-06T12:00:00Z",-16.975,146.225,"0.14",0,"26.48","0.42",0,2021-05-06,"05","2021",0.14,26.48,"-16.975 146.225"
"3705625","2021-05-13T12:00:00Z",-16.825,146.125,"0.0",0,"26.63","0.9",0,2021-05-13,"05","2021",0,26.63,"-16.825 146.125"
"3705627","2021-05-13T12:00:00Z",-16.825,146.225,"0.0",0,"26.89","1.04",0,2021-05-13,"05","2021",0,26.89,"-16.825 146.225"
"3705667","2021-05-13T12:00:00Z",-16.875,146.175,"0.0",0,"26.67","0.91",0,2021-05-13,"05","2021",0,26.67,"-16.875 146.175"
"3705668","2021-05-13T12:00:00Z",-16.875,146.225,"0.0",0,"26.810000000000002","0.99",0,2021-05-13,"05","2021",0,26.81,"-16.875 146.225"
"3705709","2021-05-13T12:00:00Z",-16.925,146.225,"0.0",0,"26.75","0.97",0,2021-05-13,"05","2021",0,26.75,"-16.925 146.225"
"3705710","2021-05-13T12:00:00Z",-16.925,146.275,"0.0",0,"26.88","1.04",0,2021-05-13,"05","2021",0,26.88,"-16.925 146.275"
"3705750","2021-05-13T12:00:00Z",-16.975,146.225,"0.0",0,"26.69","0.9400000000000001",0,2021-05-13,"05","2021",0,26.69,"-16.975 146.225"
"3717392","2021-05-20T12:00:00Z",-16.825,146.125,"0.0",0,"25.95","0.55",0,2021-05-20,"05","2021",0,25.95,"-16.825 146.125"
"3717394","2021-05-20T12:00:00Z",-16.825,146.225,"0.0",0,"26.080000000000002","0.55",0,2021-05-20,"05","2021",0,26.08,"-16.825 146.225"
"3717434","2021-05-20T12:00:00Z",-16.875,146.175,"0.0",0,"25.94","0.51",0,2021-05-20,"05","2021",0,25.94,"-16.875 146.175"
"3717435","2021-05-20T12:00:00Z",-16.875,146.225,"0.0",0,"25.990000000000002","0.49",0,2021-05-20,"05","2021",0,25.99,"-16.875 146.225"
"3717476","2021-05-20T12:00:00Z",-16.925,146.225,"0.0",0,"25.900000000000002","0.44",0,2021-05-20,"05","2021",0,25.9,"-16.925 146.225"
"3717477","2021-05-20T12:00:00Z",-16.925,146.275,"0.0",0,"25.96","0.44",0,2021-05-20,"05","2021",0,25.96,"-16.925 146.275"
"3717517","2021-05-20T12:00:00Z",-16.975,146.225,"0.0",0,"25.810000000000002","0.39",0,2021-05-20,"05","2021",0,25.81,"-16.975 146.225"
"3729159","2021-05-27T12:00:00Z",-16.825,146.125,"0.0",0,"25.17","0.1",0,2021-05-27,"05","2021",0,25.17,"-16.825 146.125"
"3729161","2021-05-27T12:00:00Z",-16.825,146.225,"0.0",0,"25.35","0.13",0,2021-05-27,"05","2021",0,25.35,"-16.825 146.225"
"3729201","2021-05-27T12:00:00Z",-16.875,146.175,"0.0",0,"25.21","0.11",0,2021-05-27,"05","2021",0,25.21,"-16.875 146.175"
"3729202","2021-05-27T12:00:00Z",-16.875,146.225,"0.0",0,"25.3","0.12",0,2021-05-27,"05","2021",0,25.3,"-16.875 146.225"
"3729243","2021-05-27T12:00:00Z",-16.925,146.225,"0.0",0,"25.240000000000002","0.11",0,2021-05-27,"05","2021",0,25.24,"-16.925 146.225"
"3729244","2021-05-27T12:00:00Z",-16.925,146.275,"0.0",0,"25.330000000000002","0.13",0,2021-05-27,"05","2021",0,25.33,"-16.925 146.275"
"3729284","2021-05-27T12:00:00Z",-16.975,146.225,"0.0",0,"25.19","0.1",0,2021-05-27,"05","2021",0,25.19,"-16.975 146.225"
"3740926","2021-06-03T12:00:00Z",-16.825,146.125,"0.0",0,"24.88","0.15",0,2021-06-03,"06","2021",0,24.88,"-16.825 146.125"
"3740928","2021-06-03T12:00:00Z",-16.825,146.225,"0.0",0,"25.05","0.15",0,2021-06-03,"06","2021",0,25.05,"-16.825 146.225"
"3740968","2021-06-03T12:00:00Z",-16.875,146.175,"0.0",0,"24.92","0.14",0,2021-06-03,"06","2021",0,24.92,"-16.875 146.175"
"3740969","2021-06-03T12:00:00Z",-16.875,146.225,"0.0",0,"25.0","0.15",0,2021-06-03,"06","2021",0,25,"-16.875 146.225"
"3741010","2021-06-03T12:00:00Z",-16.925,146.225,"0.0",0,"24.94","0.14",0,2021-06-03,"06","2021",0,24.94,"-16.925 146.225"
"3741011","2021-06-03T12:00:00Z",-16.925,146.275,"0.0",0,"25.05","0.16",0,2021-06-03,"06","2021",0,25.05,"-16.925 146.275"
"3741051","2021-06-03T12:00:00Z",-16.975,146.225,"0.0",0,"24.88","0.12",0,2021-06-03,"06","2021",0,24.88,"-16.975 146.225"
"3752693","2021-06-10T12:00:00Z",-16.825,146.125,"0.0",0,"24.740000000000002","0.34",0,2021-06-10,"06","2021",0,24.74,"-16.825 146.125"
"3752695","2021-06-10T12:00:00Z",-16.825,146.225,"0.0",0,"25.0","0.41000000000000003",0,2021-06-10,"06","2021",0,25,"-16.825 146.225"
"3752735","2021-06-10T12:00:00Z",-16.875,146.175,"0.0",0,"24.79","0.34",0,2021-06-10,"06","2021",0,24.79,"-16.875 146.175"
"3752736","2021-06-10T12:00:00Z",-16.875,146.225,"0.0",0,"24.92","0.39",0,2021-06-10,"06","2021",0,24.92,"-16.875 146.225"
"3752777","2021-06-10T12:00:00Z",-16.925,146.225,"0.0",0,"24.84","0.37",0,2021-06-10,"06","2021",0,24.84,"-16.925 146.225"
"3752778","2021-06-10T12:00:00Z",-16.925,146.275,"0.0",0,"24.990000000000002","0.42",0,2021-06-10,"06","2021",0,24.99,"-16.925 146.275"
"3752818","2021-06-10T12:00:00Z",-16.975,146.225,"0.0",0,"24.76","0.33",0,2021-06-10,"06","2021",0,24.76,"-16.975 146.225"
"3764460","2021-06-17T12:00:00Z",-16.825,146.125,"0.0",0,"25.78","1.6600000000000001",0,2021-06-17,"06","2021",0,25.78,"-16.825 146.125"
"3764462","2021-06-17T12:00:00Z",-16.825,146.225,"0.0",0,"25.85","1.53",0,2021-06-17,"06","2021",0,25.85,"-16.825 146.225"
"3764502","2021-06-17T12:00:00Z",-16.875,146.175,"0.0",0,"25.810000000000002","1.6400000000000001",0,2021-06-17,"06","2021",0,25.81,"-16.875 146.175"
"3764503","2021-06-17T12:00:00Z",-16.875,146.225,"0.0",0,"25.85","1.59",0,2021-06-17,"06","2021",0,25.85,"-16.875 146.225"
"3764544","2021-06-17T12:00:00Z",-16.925,146.225,"0.0",0,"25.85","1.6500000000000001",0,2021-06-17,"06","2021",0,25.85,"-16.925 146.225"
"3764545","2021-06-17T12:00:00Z",-16.925,146.275,"0.0",0,"25.88","1.58",0,2021-06-17,"06","2021",0,25.88,"-16.925 146.275"
"3764585","2021-06-17T12:00:00Z",-16.975,146.225,"0.0",0,"25.86","1.71",0,2021-06-17,"06","2021",0,25.86,"-16.975 146.225"
"3776227","2021-06-24T12:00:00Z",-16.825,146.125,"0.0",0,"25.35","1.37",0,2021-06-24,"06","2021",0,25.35,"-16.825 146.125"
"3776229","2021-06-24T12:00:00Z",-16.825,146.225,"0.0",0,"25.580000000000002","1.3900000000000001",0,2021-06-24,"06","2021",0,25.58,"-16.825 146.225"
"3776269","2021-06-24T12:00:00Z",-16.875,146.175,"0.0",0,"25.35","1.32",0,2021-06-24,"06","2021",0,25.35,"-16.875 146.175"
"3776270","2021-06-24T12:00:00Z",-16.875,146.225,"0.0",0,"25.46","1.33",0,2021-06-24,"06","2021",0,25.46,"-16.875 146.225"
"3776311","2021-06-24T12:00:00Z",-16.925,146.225,"0.0",0,"25.29","1.23",0,2021-06-24,"06","2021",0,25.29,"-16.925 146.225"
"3776312","2021-06-24T12:00:00Z",-16.925,146.275,"0.0",0,"25.400000000000002","1.24",0,2021-06-24,"06","2021",0,25.4,"-16.925 146.275"
"3776352","2021-06-24T12:00:00Z",-16.975,146.225,"0.0",0,"25.13","1.1300000000000001",0,2021-06-24,"06","2021",0,25.13,"-16.975 146.225"
"3787994","2021-07-01T12:00:00Z",-16.825,146.125,"0.0",0,"24.98","1.1400000000000001",0,2021-07-01,"07","2021",0,24.98,"-16.825 146.125"
"3787996","2021-07-01T12:00:00Z",-16.825,146.225,"0.0",0,"25.080000000000002","1.02",0,2021-07-01,"07","2021",0,25.08,"-16.825 146.225"
"3788036","2021-07-01T12:00:00Z",-16.875,146.175,"0.0",0,"24.96","1.08",0,2021-07-01,"07","2021",0,24.96,"-16.875 146.175"
"3788037","2021-07-01T12:00:00Z",-16.875,146.225,"0.0",0,"24.990000000000002","1.0",0,2021-07-01,"07","2021",0,24.99,"-16.875 146.225"
"3788078","2021-07-01T12:00:00Z",-16.925,146.225,"0.0",0,"24.89","0.98",0,2021-07-01,"07","2021",0,24.89,"-16.925 146.225"
"3788079","2021-07-01T12:00:00Z",-16.925,146.275,"0.0",0,"24.91","0.89",0,2021-07-01,"07","2021",0,24.91,"-16.925 146.275"
"3788119","2021-07-01T12:00:00Z",-16.975,146.225,"0.0",0,"24.78","0.93",0,2021-07-01,"07","2021",0,24.78,"-16.975 146.225"
"3799761","2021-07-08T12:00:00Z",-16.825,146.125,"0.0",0,"24.72","1.02",0,2021-07-08,"07","2021",0,24.72,"-16.825 146.125"
"3799763","2021-07-08T12:00:00Z",-16.825,146.225,"0.0",0,"24.990000000000002","1.06",0,2021-07-08,"07","2021",0,24.99,"-16.825 146.225"
"3799803","2021-07-08T12:00:00Z",-16.875,146.175,"0.0",0,"24.82","1.08",0,2021-07-08,"07","2021",0,24.82,"-16.875 146.175"
"3799804","2021-07-08T12:00:00Z",-16.875,146.225,"0.0",0,"24.94","1.08",0,2021-07-08,"07","2021",0,24.94,"-16.875 146.225"
"3799845","2021-07-08T12:00:00Z",-16.925,146.225,"0.0",0,"24.900000000000002","1.1300000000000001",0,2021-07-08,"07","2021",0,24.9,"-16.925 146.225"
"3799846","2021-07-08T12:00:00Z",-16.925,146.275,"0.0",0,"25.0","1.12",0,2021-07-08,"07","2021",0,25,"-16.925 146.275"
"3799886","2021-07-08T12:00:00Z",-16.975,146.225,"0.0",0,"24.86","1.1500000000000001",0,2021-07-08,"07","2021",0,24.86,"-16.975 146.225"
"3811528","2021-07-15T12:00:00Z",-16.825,146.125,"0.0",0,"25.1","1.54",0,2021-07-15,"07","2021",0,25.1,"-16.825 146.125"
"3811530","2021-07-15T12:00:00Z",-16.825,146.225,"0.0",0,"25.22","1.42",0,2021-07-15,"07","2021",0,25.22,"-16.825 146.225"
"3811570","2021-07-15T12:00:00Z",-16.875,146.175,"0.0",0,"25.11","1.51",0,2021-07-15,"07","2021",0,25.11,"-16.875 146.175"
"3811571","2021-07-15T12:00:00Z",-16.875,146.225,"0.0",0,"25.14","1.42",0,2021-07-15,"07","2021",0,25.14,"-16.875 146.225"
"3811612","2021-07-15T12:00:00Z",-16.925,146.225,"0.0",0,"25.05","1.42",0,2021-07-15,"07","2021",0,25.05,"-16.925 146.225"
"3811613","2021-07-15T12:00:00Z",-16.925,146.275,"0.0",0,"25.09","1.35",0,2021-07-15,"07","2021",0,25.09,"-16.925 146.275"
"3811653","2021-07-15T12:00:00Z",-16.975,146.225,"0.0",0,"24.98","1.42",0,2021-07-15,"07","2021",0,24.98,"-16.975 146.225"
"3823295","2021-07-22T12:00:00Z",-16.825,146.125,"0.0",0,"24.900000000000002","1.32",0,2021-07-22,"07","2021",0,24.9,"-16.825 146.125"
"3823297","2021-07-22T12:00:00Z",-16.825,146.225,"0.0",0,"25.02","1.21",0,2021-07-22,"07","2021",0,25.02,"-16.825 146.225"
"3823337","2021-07-22T12:00:00Z",-16.875,146.175,"0.0",0,"24.94","1.32",0,2021-07-22,"07","2021",0,24.94,"-16.875 146.175"
"3823338","2021-07-22T12:00:00Z",-16.875,146.225,"0.0",0,"24.98","1.24",0,2021-07-22,"07","2021",0,24.98,"-16.875 146.225"
"3823379","2021-07-22T12:00:00Z",-16.925,146.225,"0.0",0,"24.92","1.27",0,2021-07-22,"07","2021",0,24.92,"-16.925 146.225"
"3823380","2021-07-22T12:00:00Z",-16.925,146.275,"0.0",0,"24.96","1.21",0,2021-07-22,"07","2021",0,24.96,"-16.925 146.275"
"3823420","2021-07-22T12:00:00Z",-16.975,146.225,"0.0",0,"24.85","1.27",0,2021-07-22,"07","2021",0,24.85,"-16.975 146.225"
"3835062","2021-07-29T12:00:00Z",-16.825,146.125,"0.0",0,"25.02","1.41",0,2021-07-29,"07","2021",0,25.02,"-16.825 146.125"
"3835064","2021-07-29T12:00:00Z",-16.825,146.225,"0.0",0,"25.12","1.3",0,2021-07-29,"07","2021",0,25.12,"-16.825 146.225"
"3835104","2021-07-29T12:00:00Z",-16.875,146.175,"0.0",0,"25.04","1.3900000000000001",0,2021-07-29,"07","2021",0,25.04,"-16.875 146.175"
"3835105","2021-07-29T12:00:00Z",-16.875,146.225,"0.0",0,"25.080000000000002","1.33",0,2021-07-29,"07","2021",0,25.08,"-16.875 146.225"
"3835146","2021-07-29T12:00:00Z",-16.925,146.225,"0.0",0,"25.03","1.36",0,2021-07-29,"07","2021",0,25.03,"-16.925 146.225"
"3835147","2021-07-29T12:00:00Z",-16.925,146.275,"0.0",0,"25.080000000000002","1.31",0,2021-07-29,"07","2021",0,25.08,"-16.925 146.275"
"3835187","2021-07-29T12:00:00Z",-16.975,146.225,"0.0",0,"24.98","1.3800000000000001",0,2021-07-29,"07","2021",0,24.98,"-16.975 146.225"
"3846829","2021-08-05T12:00:00Z",-16.825,146.125,"0.0",0,"24.93","1.3",0,2021-08-05,"08","2021",0,24.93,"-16.825 146.125"
"3846831","2021-08-05T12:00:00Z",-16.825,146.225,"0.0",0,"25.1","1.27",0,2021-08-05,"08","2021",0,25.1,"-16.825 146.225"
"3846871","2021-08-05T12:00:00Z",-16.875,146.175,"0.0",0,"24.96","1.29",0,2021-08-05,"08","2021",0,24.96,"-16.875 146.175"
"3846872","2021-08-05T12:00:00Z",-16.875,146.225,"0.0",0,"25.04","1.27",0,2021-08-05,"08","2021",0,25.04,"-16.875 146.225"
"3846913","2021-08-05T12:00:00Z",-16.925,146.225,"0.0",0,"24.98","1.29",0,2021-08-05,"08","2021",0,24.98,"-16.925 146.225"
"3846914","2021-08-05T12:00:00Z",-16.925,146.275,"0.0",0,"25.07","1.29",0,2021-08-05,"08","2021",0,25.07,"-16.925 146.275"
"3846954","2021-08-05T12:00:00Z",-16.975,146.225,"0.0",0,"24.94","1.32",0,2021-08-05,"08","2021",0,24.94,"-16.975 146.225"
"3858596","2021-08-12T12:00:00Z",-16.825,146.125,"0.0",0,"24.47","0.81",0,2021-08-12,"08","2021",0,24.47,"-16.825 146.125"
"3858598","2021-08-12T12:00:00Z",-16.825,146.225,"0.0",0,"24.650000000000002","0.8",0,2021-08-12,"08","2021",0,24.65,"-16.825 146.225"
"3858638","2021-08-12T12:00:00Z",-16.875,146.175,"0.0",0,"24.490000000000002","0.8",0,2021-08-12,"08","2021",0,24.49,"-16.875 146.175"
"3858639","2021-08-12T12:00:00Z",-16.875,146.225,"0.0",0,"24.580000000000002","0.8",0,2021-08-12,"08","2021",0,24.58,"-16.875 146.225"
"3858680","2021-08-12T12:00:00Z",-16.925,146.225,"0.0",0,"24.52","0.81",0,2021-08-12,"08","2021",0,24.52,"-16.925 146.225"
"3858681","2021-08-12T12:00:00Z",-16.925,146.275,"0.0",0,"24.61","0.8200000000000001",0,2021-08-12,"08","2021",0,24.61,"-16.925 146.275"
"3858721","2021-08-12T12:00:00Z",-16.975,146.225,"0.0",0,"24.44","0.8",0,2021-08-12,"08","2021",0,24.44,"-16.975 146.225"
"3870363","2021-08-19T12:00:00Z",-16.825,146.125,"0.0",0,"24.52","0.75",0,2021-08-19,"08","2021",0,24.52,"-16.825 146.125"
"3870365","2021-08-19T12:00:00Z",-16.825,146.225,"0.0",0,"24.72","0.79",0,2021-08-19,"08","2021",0,24.72,"-16.825 146.225"
"3870405","2021-08-19T12:00:00Z",-16.875,146.175,"0.0",0,"24.55","0.76",0,2021-08-19,"08","2021",0,24.55,"-16.875 146.175"
"3870406","2021-08-19T12:00:00Z",-16.875,146.225,"0.0",0,"24.64","0.76",0,2021-08-19,"08","2021",0,24.64,"-16.875 146.225"
"3870447","2021-08-19T12:00:00Z",-16.925,146.225,"0.0",0,"24.580000000000002","0.77",0,2021-08-19,"08","2021",0,24.58,"-16.925 146.225"
"3870448","2021-08-19T12:00:00Z",-16.925,146.275,"0.0",0,"24.69","0.8",0,2021-08-19,"08","2021",0,24.69,"-16.925 146.275"
"3870488","2021-08-19T12:00:00Z",-16.975,146.225,"0.0",0,"24.53","0.78",0,2021-08-19,"08","2021",0,24.53,"-16.975 146.225"
"3882130","2021-08-26T12:00:00Z",-16.825,146.125,"0.0",0,"25.0","1.06",0,2021-08-26,"08","2021",0,25,"-16.825 146.125"
"3882132","2021-08-26T12:00:00Z",-16.825,146.225,"0.0",0,"25.17","1.1",0,2021-08-26,"08","2021",0,25.17,"-16.825 146.225"
"3882172","2021-08-26T12:00:00Z",-16.875,146.175,"0.0",0,"25.03","1.07",0,2021-08-26,"08","2021",0,25.03,"-16.875 146.175"
"3882173","2021-08-26T12:00:00Z",-16.875,146.225,"0.0",0,"25.11","1.08",0,2021-08-26,"08","2021",0,25.11,"-16.875 146.225"
"3882214","2021-08-26T12:00:00Z",-16.925,146.225,"0.0",0,"25.01","1.04",0,2021-08-26,"08","2021",0,25.01,"-16.925 146.225"
"3882215","2021-08-26T12:00:00Z",-16.925,146.275,"0.0",0,"25.09","1.06",0,2021-08-26,"08","2021",0,25.09,"-16.925 146.275"
"3882255","2021-08-26T12:00:00Z",-16.975,146.225,"0.0",0,"24.900000000000002","0.98",0,2021-08-26,"08","2021",0,24.9,"-16.975 146.225"
"3893897","2021-09-02T12:00:00Z",-16.825,146.125,"0.0",0,"25.21","1.1",0,2021-09-02,"09","2021",0,25.21,"-16.825 146.125"
"3893899","2021-09-02T12:00:00Z",-16.825,146.225,"0.0",0,"25.32","1.1",0,2021-09-02,"09","2021",0,25.32,"-16.825 146.225"
"3893939","2021-09-02T12:00:00Z",-16.875,146.175,"0.0",0,"25.22","1.1",0,2021-09-02,"09","2021",0,25.22,"-16.875 146.175"
"3893940","2021-09-02T12:00:00Z",-16.875,146.225,"0.0",0,"25.26","1.08",0,2021-09-02,"09","2021",0,25.26,"-16.875 146.225"
"3893981","2021-09-02T12:00:00Z",-16.925,146.225,"0.0",0,"25.2","1.07",0,2021-09-02,"09","2021",0,25.2,"-16.925 146.225"
"3893982","2021-09-02T12:00:00Z",-16.925,146.275,"0.0",0,"25.23","1.05",0,2021-09-02,"09","2021",0,25.23,"-16.925 146.275"
"3894022","2021-09-02T12:00:00Z",-16.975,146.225,"0.0",0,"25.12","1.03",0,2021-09-02,"09","2021",0,25.12,"-16.975 146.225"
"3905664","2021-09-09T12:00:00Z",-16.825,146.125,"0.0",0,"24.93","0.66",0,2021-09-09,"09","2021",0,24.93,"-16.825 146.125"
"3905666","2021-09-09T12:00:00Z",-16.825,146.225,"0.0",0,"25.05","0.6900000000000001",0,2021-09-09,"09","2021",0,25.05,"-16.825 146.225"
"3905706","2021-09-09T12:00:00Z",-16.875,146.175,"0.0",0,"24.92","0.63",0,2021-09-09,"09","2021",0,24.92,"-16.875 146.175"
"3905707","2021-09-09T12:00:00Z",-16.875,146.225,"0.0",0,"24.98","0.65",0,2021-09-09,"09","2021",0,24.98,"-16.875 146.225"
"3905748","2021-09-09T12:00:00Z",-16.925,146.225,"0.0",0,"24.91","0.62",0,2021-09-09,"09","2021",0,24.91,"-16.925 146.225"
"3905749","2021-09-09T12:00:00Z",-16.925,146.275,"0.0",0,"24.97","0.64",0,2021-09-09,"09","2021",0,24.97,"-16.925 146.275"
"3905789","2021-09-09T12:00:00Z",-16.975,146.225,"0.0",0,"24.830000000000002","0.5700000000000001",0,2021-09-09,"09","2021",0,24.83,"-16.975 146.225"
"3917431","2021-09-16T12:00:00Z",-16.825,146.125,"0.0",0,"25.1","0.64",0,2021-09-16,"09","2021",0,25.1,"-16.825 146.125"
"3917433","2021-09-16T12:00:00Z",-16.825,146.225,"0.0",0,"25.23","0.71",0,2021-09-16,"09","2021",0,25.23,"-16.825 146.225"
"3917473","2021-09-16T12:00:00Z",-16.875,146.175,"0.0",0,"25.11","0.64",0,2021-09-16,"09","2021",0,25.11,"-16.875 146.175"
"3917474","2021-09-16T12:00:00Z",-16.875,146.225,"0.0",0,"25.16","0.66",0,2021-09-16,"09","2021",0,25.16,"-16.875 146.225"
"3917515","2021-09-16T12:00:00Z",-16.925,146.225,"0.0",0,"25.09","0.62",0,2021-09-16,"09","2021",0,25.09,"-16.925 146.225"
"3917516","2021-09-16T12:00:00Z",-16.925,146.275,"0.0",0,"25.13","0.63",0,2021-09-16,"09","2021",0,25.13,"-16.925 146.275"
"3917556","2021-09-16T12:00:00Z",-16.975,146.225,"0.0",0,"24.990000000000002","0.54",0,2021-09-16,"09","2021",0,24.99,"-16.975 146.225"
"3929198","2021-09-23T12:00:00Z",-16.825,146.125,"0.0",0,"24.78","0.02",0,2021-09-23,"09","2021",0,24.78,"-16.825 146.125"
"3929200","2021-09-23T12:00:00Z",-16.825,146.225,"0.0",0,"24.900000000000002","0.1",0,2021-09-23,"09","2021",0,24.9,"-16.825 146.225"
"3929240","2021-09-23T12:00:00Z",-16.875,146.175,"0.0",0,"24.76","-0.01",0,2021-09-23,"09","2021",0,24.76,"-16.875 146.175"
"3929241","2021-09-23T12:00:00Z",-16.875,146.225,"0.0",0,"24.830000000000002","0.05",0,2021-09-23,"09","2021",0,24.83,"-16.875 146.225"
"3929282","2021-09-23T12:00:00Z",-16.925,146.225,"0.0",0,"24.73","-0.03",0,2021-09-23,"09","2021",0,24.73,"-16.925 146.225"
"3929283","2021-09-23T12:00:00Z",-16.925,146.275,"0.0",0,"24.8","0.02",0,2021-09-23,"09","2021",0,24.8,"-16.925 146.275"
"3929323","2021-09-23T12:00:00Z",-16.975,146.225,"0.0",0,"24.62","-0.13",0,2021-09-23,"09","2021",0,24.62,"-16.975 146.225"
"3940965","2021-09-30T12:00:00Z",-16.825,146.125,"0.0",0,"25.46","0.4",0,2021-09-30,"09","2021",0,25.46,"-16.825 146.125"
"3940967","2021-09-30T12:00:00Z",-16.825,146.225,"0.0",0,"25.64","0.56",0,2021-09-30,"09","2021",0,25.64,"-16.825 146.225"
"3941007","2021-09-30T12:00:00Z",-16.875,146.175,"0.0",0,"25.48","0.42",0,2021-09-30,"09","2021",0,25.48,"-16.875 146.175"
"3941008","2021-09-30T12:00:00Z",-16.875,146.225,"0.0",0,"25.560000000000002","0.5",0,2021-09-30,"09","2021",0,25.56,"-16.875 146.225"
"3941049","2021-09-30T12:00:00Z",-16.925,146.225,"0.0",0,"25.46","0.41000000000000003",0,2021-09-30,"09","2021",0,25.46,"-16.925 146.225"
"3941050","2021-09-30T12:00:00Z",-16.925,146.275,"0.0",0,"25.55","0.49",0,2021-09-30,"09","2021",0,25.55,"-16.925 146.275"
"3941090","2021-09-30T12:00:00Z",-16.975,146.225,"0.0",0,"25.37","0.33",0,2021-09-30,"09","2021",0,25.37,"-16.975 146.225"
"3952732","2021-10-07T12:00:00Z",-16.825,146.125,"0.0",0,"26.41","1.04",0,2021-10-07,"10","2021",0,26.41,"-16.825 146.125"
"3952734","2021-10-07T12:00:00Z",-16.825,146.225,"0.0",0,"26.46","1.11",0,2021-10-07,"10","2021",0,26.46,"-16.825 146.225"
"3952774","2021-10-07T12:00:00Z",-16.875,146.175,"0.0",0,"26.38","1.03",0,2021-10-07,"10","2021",0,26.38,"-16.875 146.175"
"3952775","2021-10-07T12:00:00Z",-16.875,146.225,"0.0",0,"26.400000000000002","1.05",0,2021-10-07,"10","2021",0,26.4,"-16.875 146.225"
"3952816","2021-10-07T12:00:00Z",-16.925,146.225,"0.0",0,"26.37","1.03",0,2021-10-07,"10","2021",0,26.37,"-16.925 146.225"
"3952817","2021-10-07T12:00:00Z",-16.925,146.275,"0.0",0,"26.37","1.03",0,2021-10-07,"10","2021",0,26.37,"-16.925 146.275"
"3952857","2021-10-07T12:00:00Z",-16.975,146.225,"0.0",0,"26.36","1.03",0,2021-10-07,"10","2021",0,26.36,"-16.975 146.225"
"3964499","2021-10-14T12:00:00Z",-16.825,146.125,"0.0",0,"26.64","0.97",0,2021-10-14,"10","2021",0,26.64,"-16.825 146.125"
"3964501","2021-10-14T12:00:00Z",-16.825,146.225,"0.0",0,"26.560000000000002","0.93",0,2021-10-14,"10","2021",0,26.56,"-16.825 146.225"
"3964541","2021-10-14T12:00:00Z",-16.875,146.175,"0.0",0,"26.560000000000002","0.91",0,2021-10-14,"10","2021",0,26.56,"-16.875 146.175"
"3964542","2021-10-14T12:00:00Z",-16.875,146.225,"0.0",0,"26.52","0.89",0,2021-10-14,"10","2021",0,26.52,"-16.875 146.225"
"3964583","2021-10-14T12:00:00Z",-16.925,146.225,"0.0",0,"26.490000000000002","0.86",0,2021-10-14,"10","2021",0,26.49,"-16.925 146.225"
"3964584","2021-10-14T12:00:00Z",-16.925,146.275,"0.0",0,"26.46","0.84",0,2021-10-14,"10","2021",0,26.46,"-16.925 146.275"
"3964624","2021-10-14T12:00:00Z",-16.975,146.225,"0.0",0,"26.490000000000002","0.86",0,2021-10-14,"10","2021",0,26.49,"-16.975 146.225"
"3976266","2021-10-21T12:00:00Z",-16.825,146.125,"0.0",0,"27.61","1.6300000000000001",0,2021-10-21,"10","2021",0,27.61,"-16.825 146.125"
"3976268","2021-10-21T12:00:00Z",-16.825,146.225,"0.0",0,"27.580000000000002","1.6500000000000001",0,2021-10-21,"10","2021",0,27.58,"-16.825 146.225"
"3976308","2021-10-21T12:00:00Z",-16.875,146.175,"0.0",0,"27.57","1.61",0,2021-10-21,"10","2021",0,27.57,"-16.875 146.175"
"3976309","2021-10-21T12:00:00Z",-16.875,146.225,"0.0",0,"27.55","1.61",0,2021-10-21,"10","2021",0,27.55,"-16.875 146.225"
"3976350","2021-10-21T12:00:00Z",-16.925,146.225,"0.0",0,"27.54","1.6",0,2021-10-21,"10","2021",0,27.54,"-16.925 146.225"
"3976351","2021-10-21T12:00:00Z",-16.925,146.275,"0.0",0,"27.53","1.6",0,2021-10-21,"10","2021",0,27.53,"-16.925 146.275"
"3976391","2021-10-21T12:00:00Z",-16.975,146.225,"0.0",0,"27.54","1.6",0,2021-10-21,"10","2021",0,27.54,"-16.975 146.225"
"3988033","2021-10-28T12:00:00Z",-16.825,146.125,"0.0",0,"27.66","1.36",0,2021-10-28,"10","2021",0,27.66,"-16.825 146.125"
"3988035","2021-10-28T12:00:00Z",-16.825,146.225,"0.0",0,"27.66","1.42",0,2021-10-28,"10","2021",0,27.66,"-16.825 146.225"
"3988075","2021-10-28T12:00:00Z",-16.875,146.175,"0.0",0,"27.650000000000002","1.3800000000000001",0,2021-10-28,"10","2021",0,27.65,"-16.875 146.175"
"3988076","2021-10-28T12:00:00Z",-16.875,146.225,"0.0",0,"27.650000000000002","1.4000000000000001",0,2021-10-28,"10","2021",0,27.65,"-16.875 146.225"
"3988117","2021-10-28T12:00:00Z",-16.925,146.225,"0.0",0,"27.67","1.41",0,2021-10-28,"10","2021",0,27.67,"-16.925 146.225"
"3988118","2021-10-28T12:00:00Z",-16.925,146.275,"0.0",0,"27.66","1.42",0,2021-10-28,"10","2021",0,27.66,"-16.925 146.275"
"3988158","2021-10-28T12:00:00Z",-16.975,146.225,"0.0",0,"27.69","1.42",0,2021-10-28,"10","2021",0,27.69,"-16.975 146.225"
"3999800","2021-11-04T12:00:00Z",-16.825,146.125,"0.0",0,"27.560000000000002","0.9500000000000001",0,2021-11-04,"11","2021",0,27.56,"-16.825 146.125"
"3999802","2021-11-04T12:00:00Z",-16.825,146.225,"0.0",0,"27.560000000000002","1.01",0,2021-11-04,"11","2021",0,27.56,"-16.825 146.225"
"3999842","2021-11-04T12:00:00Z",-16.875,146.175,"0.0",0,"27.55","0.96",0,2021-11-04,"11","2021",0,27.55,"-16.875 146.175"
"3999843","2021-11-04T12:00:00Z",-16.875,146.225,"0.0",0,"27.55","0.99",0,2021-11-04,"11","2021",0,27.55,"-16.875 146.225"
"3999884","2021-11-04T12:00:00Z",-16.925,146.225,"0.0",0,"27.54","0.97",0,2021-11-04,"11","2021",0,27.54,"-16.925 146.225"
"3999885","2021-11-04T12:00:00Z",-16.925,146.275,"0.0",0,"27.54","0.99",0,2021-11-04,"11","2021",0,27.54,"-16.925 146.275"
"3999925","2021-11-04T12:00:00Z",-16.975,146.225,"0.0",0,"27.54","0.9500000000000001",0,2021-11-04,"11","2021",0,27.54,"-16.975 146.225"
"4011567","2021-11-11T12:00:00Z",-16.825,146.125,"0.0",0,"28.400000000000002","1.47",0,2021-11-11,"11","2021",0,28.4,"-16.825 146.125"
"4011569","2021-11-11T12:00:00Z",-16.825,146.225,"0.0",0,"28.27","1.42",0,2021-11-11,"11","2021",0,28.27,"-16.825 146.225"
"4011609","2021-11-11T12:00:00Z",-16.875,146.175,"0.0",0,"28.3","1.4000000000000001",0,2021-11-11,"11","2021",0,28.3,"-16.875 146.175"
"4011610","2021-11-11T12:00:00Z",-16.875,146.225,"0.0",0,"28.25","1.3800000000000001",0,2021-11-11,"11","2021",0,28.25,"-16.875 146.225"
"4011651","2021-11-11T12:00:00Z",-16.925,146.225,"0.0",0,"28.27","1.3800000000000001",0,2021-11-11,"11","2021",0,28.27,"-16.925 146.225"
"4011652","2021-11-11T12:00:00Z",-16.925,146.275,"0.0",0,"28.240000000000002","1.3800000000000001",0,2021-11-11,"11","2021",0,28.24,"-16.925 146.275"
"4011692","2021-11-11T12:00:00Z",-16.975,146.225,"0.0",0,"28.310000000000002","1.4000000000000001",0,2021-11-11,"11","2021",0,28.31,"-16.975 146.225"
"4023334","2021-11-18T12:00:00Z",-16.825,146.125,"0.0",0,"28.2","1.02",0,2021-11-18,"11","2021",0,28.2,"-16.825 146.125"
"4023336","2021-11-18T12:00:00Z",-16.825,146.225,"0.0",0,"28.23","1.12",0,2021-11-18,"11","2021",0,28.23,"-16.825 146.225"
"4023376","2021-11-18T12:00:00Z",-16.875,146.175,"0.0",0,"28.17","1.01",0,2021-11-18,"11","2021",0,28.17,"-16.875 146.175"
"4023377","2021-11-18T12:00:00Z",-16.875,146.225,"0.0",0,"28.19","1.06",0,2021-11-18,"11","2021",0,28.19,"-16.875 146.225"
"4023418","2021-11-18T12:00:00Z",-16.925,146.225,"0.0",0,"28.150000000000002","1.0",0,2021-11-18,"11","2021",0,28.15,"-16.925 146.225"
"4023419","2021-11-18T12:00:00Z",-16.925,146.275,"0.0",0,"28.16","1.04",0,2021-11-18,"11","2021",0,28.16,"-16.925 146.275"
"4023459","2021-11-18T12:00:00Z",-16.975,146.225,"0.0",0,"28.13","0.97",0,2021-11-18,"11","2021",0,28.13,"-16.975 146.225"
"4035101","2021-11-25T12:00:00Z",-16.825,146.125,"0.0",0,"28.32","0.96",0,2021-11-25,"11","2021",0,28.32,"-16.825 146.125"
"4035103","2021-11-25T12:00:00Z",-16.825,146.225,"0.0",0,"28.29","0.99",0,2021-11-25,"11","2021",0,28.29,"-16.825 146.225"
"4035143","2021-11-25T12:00:00Z",-16.875,146.175,"0.0",0,"28.3","0.97",0,2021-11-25,"11","2021",0,28.3,"-16.875 146.175"
"4035144","2021-11-25T12:00:00Z",-16.875,146.225,"0.0",0,"28.28","0.97",0,2021-11-25,"11","2021",0,28.28,"-16.875 146.225"
"4035185","2021-11-25T12:00:00Z",-16.925,146.225,"0.0",0,"28.28","0.96",0,2021-11-25,"11","2021",0,28.28,"-16.925 146.225"
"4035186","2021-11-25T12:00:00Z",-16.925,146.275,"0.0",0,"28.26","0.96",0,2021-11-25,"11","2021",0,28.26,"-16.925 146.275"
"4035226","2021-11-25T12:00:00Z",-16.975,146.225,"0.0",0,"28.27","0.93",0,2021-11-25,"11","2021",0,28.27,"-16.975 146.225"
"4046868","2021-12-02T12:00:00Z",-16.825,146.125,"0.0",0,"29.16","1.6300000000000001",0,2021-12-02,"12","2021",0,29.16,"-16.825 146.125"
"4046870","2021-12-02T12:00:00Z",-16.825,146.225,"0.0",0,"29.13","1.6500000000000001",0,2021-12-02,"12","2021",0,29.13,"-16.825 146.225"
"4046910","2021-12-02T12:00:00Z",-16.875,146.175,"0.0",0,"29.12","1.61",0,2021-12-02,"12","2021",0,29.12,"-16.875 146.175"
"4046911","2021-12-02T12:00:00Z",-16.875,146.225,"0.0",0,"29.11","1.62",0,2021-12-02,"12","2021",0,29.11,"-16.875 146.225"
"4046952","2021-12-02T12:00:00Z",-16.925,146.225,"0.0",0,"29.11","1.61",0,2021-12-02,"12","2021",0,29.11,"-16.925 146.225"
"4046953","2021-12-02T12:00:00Z",-16.925,146.275,"0.0",0,"29.11","1.6300000000000001",0,2021-12-02,"12","2021",0,29.11,"-16.925 146.275"
"4046993","2021-12-02T12:00:00Z",-16.975,146.225,"0.0",0,"29.11","1.6",0,2021-12-02,"12","2021",0,29.11,"-16.975 146.225"
"4058635","2021-12-09T12:00:00Z",-16.825,146.125,"0.0",0,"29.2","1.49",0,2021-12-09,"12","2021",0,29.2,"-16.825 146.125"
"4058637","2021-12-09T12:00:00Z",-16.825,146.225,"0.0",0,"29.17","1.5",0,2021-12-09,"12","2021",0,29.17,"-16.825 146.225"
"4058677","2021-12-09T12:00:00Z",-16.875,146.175,"0.0",0,"29.19","1.5",0,2021-12-09,"12","2021",0,29.19,"-16.875 146.175"
"4058678","2021-12-09T12:00:00Z",-16.875,146.225,"0.0",0,"29.18","1.51",0,2021-12-09,"12","2021",0,29.18,"-16.875 146.225"
"4058719","2021-12-09T12:00:00Z",-16.925,146.225,"0.0",0,"29.18","1.5",0,2021-12-09,"12","2021",0,29.18,"-16.925 146.225"
"4058720","2021-12-09T12:00:00Z",-16.925,146.275,"0.0",0,"29.17","1.51",0,2021-12-09,"12","2021",0,29.17,"-16.925 146.275"
"4058760","2021-12-09T12:00:00Z",-16.975,146.225,"0.0",0,"29.18","1.5",0,2021-12-09,"12","2021",0,29.18,"-16.975 146.225"
"4070402","2021-12-16T12:00:00Z",-16.825,146.125,"0.0",0,"29.34","1.46",0,2021-12-16,"12","2021",0,29.34,"-16.825 146.125"
"4070404","2021-12-16T12:00:00Z",-16.825,146.225,"0.0",0,"29.35","1.5",0,2021-12-16,"12","2021",0,29.35,"-16.825 146.225"
"4070444","2021-12-16T12:00:00Z",-16.875,146.175,"0.0",0,"29.35","1.49",0,2021-12-16,"12","2021",0,29.35,"-16.875 146.175"
"4070445","2021-12-16T12:00:00Z",-16.875,146.225,"0.0",0,"29.36","1.51",0,2021-12-16,"12","2021",0,29.36,"-16.875 146.225"
"4070486","2021-12-16T12:00:00Z",-16.925,146.225,"0.0",0,"29.36","1.51",0,2021-12-16,"12","2021",0,29.36,"-16.925 146.225"
"4070487","2021-12-16T12:00:00Z",-16.925,146.275,"0.0",0,"29.36","1.52",0,2021-12-16,"12","2021",0,29.36,"-16.925 146.275"
"4070527","2021-12-16T12:00:00Z",-16.975,146.225,"0.0",0,"29.36","1.51",0,2021-12-16,"12","2021",0,29.36,"-16.975 146.225"
"4082169","2021-12-23T12:00:00Z",-16.825,146.125,"0.0",0,"29.42","1.3800000000000001",0,2021-12-23,"12","2021",0,29.42,"-16.825 146.125"
"4082171","2021-12-23T12:00:00Z",-16.825,146.225,"0.0",0,"29.400000000000002","1.4000000000000001",0,2021-12-23,"12","2021",0,29.4,"-16.825 146.225"
"4082211","2021-12-23T12:00:00Z",-16.875,146.175,"0.0",0,"29.47","1.45",0,2021-12-23,"12","2021",0,29.47,"-16.875 146.175"
"4082212","2021-12-23T12:00:00Z",-16.875,146.225,"0.0",0,"29.44","1.43",0,2021-12-23,"12","2021",0,29.44,"-16.875 146.225"
"4082253","2021-12-23T12:00:00Z",-16.925,146.225,"0.0",0,"29.51","1.5",0,2021-12-23,"12","2021",0,29.51,"-16.925 146.225"
"4082254","2021-12-23T12:00:00Z",-16.925,146.275,"0.0",0,"29.48","1.48",0,2021-12-23,"12","2021",0,29.48,"-16.925 146.275"
"4082294","2021-12-23T12:00:00Z",-16.975,146.225,"0.0",0,"29.580000000000002","1.57",0,2021-12-23,"12","2021",0,29.58,"-16.975 146.225"
"4093936","2021-12-30T12:00:00Z",-16.825,146.125,"0.0",0,"29.11","0.92",0,2021-12-30,"12","2021",0,29.11,"-16.825 146.125"
"4093938","2021-12-30T12:00:00Z",-16.825,146.225,"0.0",0,"29.18","1.03",0,2021-12-30,"12","2021",0,29.18,"-16.825 146.225"
"4093978","2021-12-30T12:00:00Z",-16.875,146.175,"0.0",0,"29.11","0.9400000000000001",0,2021-12-30,"12","2021",0,29.11,"-16.875 146.175"
"4093979","2021-12-30T12:00:00Z",-16.875,146.225,"0.0",0,"29.150000000000002","0.99",0,2021-12-30,"12","2021",0,29.15,"-16.875 146.225"
"4094020","2021-12-30T12:00:00Z",-16.925,146.225,"0.0",0,"29.13","0.96",0,2021-12-30,"12","2021",0,29.13,"-16.925 146.225"
"4094021","2021-12-30T12:00:00Z",-16.925,146.275,"0.0",0,"29.16","1.01",0,2021-12-30,"12","2021",0,29.16,"-16.925 146.275"
"4094061","2021-12-30T12:00:00Z",-16.975,146.225,"0.0",0,"29.11","0.9400000000000001",0,2021-12-30,"12","2021",0,29.11,"-16.975 146.225"
"4105703","2022-01-06T12:00:00Z",-16.825,146.125,"0.5",0,"29.82","1.48",0,2022-01-06,"01","2022",0.5,29.82,"-16.825 146.125"
"4105705","2022-01-06T12:00:00Z",-16.825,146.225,"0.5",0,"29.71","1.4000000000000001",0,2022-01-06,"01","2022",0.5,29.71,"-16.825 146.225"
"4105745","2022-01-06T12:00:00Z",-16.875,146.175,"0.49",0,"29.75","1.42",0,2022-01-06,"01","2022",0.49,29.75,"-16.875 146.175"
"4105746","2022-01-06T12:00:00Z",-16.875,146.225,"0.49",0,"29.72","1.41",0,2022-01-06,"01","2022",0.49,29.72,"-16.875 146.225"
"4105787","2022-01-06T12:00:00Z",-16.925,146.225,"0.49",0,"29.71","1.3800000000000001",0,2022-01-06,"01","2022",0.49,29.71,"-16.925 146.225"
"4105788","2022-01-06T12:00:00Z",-16.925,146.275,"0.5",0,"29.71","1.4000000000000001",0,2022-01-06,"01","2022",0.5,29.71,"-16.925 146.275"
"4105828","2022-01-06T12:00:00Z",-16.975,146.225,"0.35000000000000003",0,"29.68","1.35",0,2022-01-06,"01","2022",0.35,29.68,"-16.975 146.225"
"4117470","2022-01-13T12:00:00Z",-16.825,146.125,"0.97",0,"29.16","0.66",0,2022-01-13,"01","2022",0.97,29.16,"-16.825 146.125"
"4117472","2022-01-13T12:00:00Z",-16.825,146.225,"0.81",0,"29.11","0.65",0,2022-01-13,"01","2022",0.81,29.11,"-16.825 146.225"
"4117512","2022-01-13T12:00:00Z",-16.875,146.175,"0.81",0,"29.17","0.68",0,2022-01-13,"01","2022",0.81,29.17,"-16.875 146.175"
"4117513","2022-01-13T12:00:00Z",-16.875,146.225,"0.81",0,"29.150000000000002","0.68",0,2022-01-13,"01","2022",0.81,29.15,"-16.875 146.225"
"4117554","2022-01-13T12:00:00Z",-16.925,146.225,"0.81",0,"29.2","0.72",0,2022-01-13,"01","2022",0.81,29.2,"-16.925 146.225"
"4117555","2022-01-13T12:00:00Z",-16.925,146.275,"0.81",0,"29.2","0.73",0,2022-01-13,"01","2022",0.81,29.2,"-16.925 146.275"
"4117595","2022-01-13T12:00:00Z",-16.975,146.225,"0.66",0,"29.25","0.76",0,2022-01-13,"01","2022",0.66,29.25,"-16.975 146.225"
"4129237","2022-01-20T12:00:00Z",-16.825,146.125,"0.97",0,"29.44","0.88",0,2022-01-20,"01","2022",0.97,29.44,"-16.825 146.125"
"4129239","2022-01-20T12:00:00Z",-16.825,146.225,"0.81",0,"29.45","0.93",0,2022-01-20,"01","2022",0.81,29.45,"-16.825 146.225"
"4129279","2022-01-20T12:00:00Z",-16.875,146.175,"0.81",0,"29.45","0.89",0,2022-01-20,"01","2022",0.81,29.45,"-16.875 146.175"
"4129280","2022-01-20T12:00:00Z",-16.875,146.225,"0.81",0,"29.45","0.91",0,2022-01-20,"01","2022",0.81,29.45,"-16.875 146.225"
"4129321","2022-01-20T12:00:00Z",-16.925,146.225,"0.81",0,"29.44","0.88",0,2022-01-20,"01","2022",0.81,29.44,"-16.925 146.225"
"4129322","2022-01-20T12:00:00Z",-16.925,146.275,"0.81",0,"29.43","0.89",0,2022-01-20,"01","2022",0.81,29.43,"-16.925 146.275"
"4129362","2022-01-20T12:00:00Z",-16.975,146.225,"0.66",0,"29.47","0.9",0,2022-01-20,"01","2022",0.66,29.47,"-16.975 146.225"
"4141004","2022-01-27T12:00:00Z",-16.825,146.125,"0.97",0,"29.09","0.49",0,2022-01-27,"01","2022",0.97,29.09,"-16.825 146.125"
"4141006","2022-01-27T12:00:00Z",-16.825,146.225,"0.81",0,"29.07","0.51",0,2022-01-27,"01","2022",0.81,29.07,"-16.825 146.225"
"4141046","2022-01-27T12:00:00Z",-16.875,146.175,"0.81",0,"29.09","0.5",0,2022-01-27,"01","2022",0.81,29.09,"-16.875 146.175"
"4141047","2022-01-27T12:00:00Z",-16.875,146.225,"0.81",0,"29.080000000000002","0.51",0,2022-01-27,"01","2022",0.81,29.08,"-16.875 146.225"
"4141088","2022-01-27T12:00:00Z",-16.925,146.225,"0.81",0,"29.09","0.5",0,2022-01-27,"01","2022",0.81,29.09,"-16.925 146.225"
"4141089","2022-01-27T12:00:00Z",-16.925,146.275,"0.81",0,"29.080000000000002","0.51",0,2022-01-27,"01","2022",0.81,29.08,"-16.925 146.275"
"4141129","2022-01-27T12:00:00Z",-16.975,146.225,"0.66",0,"29.1","0.49",0,2022-01-27,"01","2022",0.66,29.1,"-16.975 146.225"
"4152771","2022-02-03T12:00:00Z",-16.825,146.125,"1.33",0,"29.68","1.05",0,2022-02-03,"02","2022",1.33,29.68,"-16.825 146.125"
"4152773","2022-02-03T12:00:00Z",-16.825,146.225,"1.48",0,"29.8","1.21",0,2022-02-03,"02","2022",1.48,29.8,"-16.825 146.225"
"4152813","2022-02-03T12:00:00Z",-16.875,146.175,"1.31",0,"29.73","1.1",0,2022-02-03,"02","2022",1.31,29.73,"-16.875 146.175"
"4152814","2022-02-03T12:00:00Z",-16.875,146.225,"1.33",0,"29.79","1.18",0,2022-02-03,"02","2022",1.33,29.79,"-16.875 146.225"
"4152855","2022-02-03T12:00:00Z",-16.925,146.225,"1.31",0,"29.78","1.1500000000000001",0,2022-02-03,"02","2022",1.31,29.78,"-16.925 146.225"
"4152856","2022-02-03T12:00:00Z",-16.925,146.275,"1.33",0,"29.830000000000002","1.22",0,2022-02-03,"02","2022",1.33,29.83,"-16.925 146.275"
"4152896","2022-02-03T12:00:00Z",-16.975,146.225,"1.16",0,"29.79","1.1500000000000001",0,2022-02-03,"02","2022",1.16,29.79,"-16.975 146.225"
"4164538","2022-02-10T12:00:00Z",-16.825,146.125,"1.33",0,"29.400000000000002","0.73",0,2022-02-10,"02","2022",1.33,29.4,"-16.825 146.125"
"4164540","2022-02-10T12:00:00Z",-16.825,146.225,"1.6300000000000001",0,"29.310000000000002","0.68",0,2022-02-10,"02","2022",1.63,29.31,"-16.825 146.225"
"4164580","2022-02-10T12:00:00Z",-16.875,146.175,"1.31",0,"29.36","0.7000000000000001",0,2022-02-10,"02","2022",1.31,29.36,"-16.875 146.175"
"4164581","2022-02-10T12:00:00Z",-16.875,146.225,"1.47",0,"29.32","0.68",0,2022-02-10,"02","2022",1.47,29.32,"-16.875 146.225"
"4164622","2022-02-10T12:00:00Z",-16.925,146.225,"1.31",0,"29.330000000000002","0.67",0,2022-02-10,"02","2022",1.31,29.33,"-16.925 146.225"
"4164623","2022-02-10T12:00:00Z",-16.925,146.275,"1.48",0,"29.32","0.68",0,2022-02-10,"02","2022",1.48,29.32,"-16.925 146.275"
"4164663","2022-02-10T12:00:00Z",-16.975,146.225,"1.16",0,"29.35","0.67",0,2022-02-10,"02","2022",1.16,29.35,"-16.975 146.225"
"4176305","2022-02-17T12:00:00Z",-16.825,146.125,"1.33",0,"29.04","0.4",0,2022-02-17,"02","2022",1.33,29.04,"-16.825 146.125"
"4176307","2022-02-17T12:00:00Z",-16.825,146.225,"1.6300000000000001",0,"29.02","0.41000000000000003",0,2022-02-17,"02","2022",1.63,29.02,"-16.825 146.225"
"4176347","2022-02-17T12:00:00Z",-16.875,146.175,"1.31",0,"29.05","0.4",0,2022-02-17,"02","2022",1.31,29.05,"-16.875 146.175"
"4176348","2022-02-17T12:00:00Z",-16.875,146.225,"1.47",0,"29.04","0.41000000000000003",0,2022-02-17,"02","2022",1.47,29.04,"-16.875 146.225"
"4176389","2022-02-17T12:00:00Z",-16.925,146.225,"1.31",0,"29.080000000000002","0.43",0,2022-02-17,"02","2022",1.31,29.08,"-16.925 146.225"
"4176390","2022-02-17T12:00:00Z",-16.925,146.275,"1.48",0,"29.060000000000002","0.43",0,2022-02-17,"02","2022",1.48,29.06,"-16.925 146.275"
"4176430","2022-02-17T12:00:00Z",-16.975,146.225,"1.16",0,"29.1","0.44",0,2022-02-17,"02","2022",1.16,29.1,"-16.975 146.225"
"4188072","2022-02-24T12:00:00Z",-16.825,146.125,"1.33",0,"29.330000000000002","0.84",0,2022-02-24,"02","2022",1.33,29.33,"-16.825 146.125"
"4188074","2022-02-24T12:00:00Z",-16.825,146.225,"1.6300000000000001",0,"29.32","0.86",0,2022-02-24,"02","2022",1.63,29.32,"-16.825 146.225"
"4188114","2022-02-24T12:00:00Z",-16.875,146.175,"1.31",0,"29.27","0.78",0,2022-02-24,"02","2022",1.31,29.27,"-16.875 146.175"
"4188115","2022-02-24T12:00:00Z",-16.875,146.225,"1.47",0,"29.27","0.79",0,2022-02-24,"02","2022",1.47,29.27,"-16.875 146.225"
"4188156","2022-02-24T12:00:00Z",-16.925,146.225,"1.31",0,"29.23","0.74",0,2022-02-24,"02","2022",1.31,29.23,"-16.925 146.225"
"4188157","2022-02-24T12:00:00Z",-16.925,146.275,"1.48",0,"29.22","0.74",0,2022-02-24,"02","2022",1.48,29.22,"-16.925 146.275"
"4188197","2022-02-24T12:00:00Z",-16.975,146.225,"1.16",0,"29.22","0.72",0,2022-02-24,"02","2022",1.16,29.22,"-16.975 146.225"
"4199839","2022-03-03T12:00:00Z",-16.825,146.125,"2.46",0,"30.26","1.93",0,2022-03-03,"03","2022",2.46,30.26,"-16.825 146.125"
"4199841","2022-03-03T12:00:00Z",-16.825,146.225,"2.7",0,"30.11","1.79",0,2022-03-03,"03","2022",2.7,30.11,"-16.825 146.225"
"4199881","2022-03-03T12:00:00Z",-16.875,146.175,"2.39",0,"30.2","1.86",0,2022-03-03,"03","2022",2.39,30.2,"-16.875 146.175"
"4199882","2022-03-03T12:00:00Z",-16.875,146.225,"2.5300000000000002",0,"30.13","1.8",0,2022-03-03,"03","2022",2.53,30.13,"-16.875 146.225"
"4199923","2022-03-03T12:00:00Z",-16.925,146.225,"2.37",0,"30.150000000000002","1.81",0,2022-03-03,"03","2022",2.37,30.15,"-16.925 146.225"
"4199924","2022-03-03T12:00:00Z",-16.925,146.275,"2.52",0,"30.09","1.76",0,2022-03-03,"03","2022",2.52,30.09,"-16.925 146.275"
"4199964","2022-03-03T12:00:00Z",-16.975,146.225,"2.21",0,"30.17","1.83",0,2022-03-03,"03","2022",2.21,30.17,"-16.975 146.225"
"4211606","2022-03-10T12:00:00Z",-16.825,146.125,"3.8000000000000003",0,"30.04","1.87",0,2022-03-10,"03","2022",3.8,30.04,"-16.825 146.125"
"4211608","2022-03-10T12:00:00Z",-16.825,146.225,"4.01",0,"30.03","1.86",0,2022-03-10,"03","2022",4.01,30.03,"-16.825 146.225"
"4211648","2022-03-10T12:00:00Z",-16.875,146.175,"3.7",0,"30.0","1.82",0,2022-03-10,"03","2022",3.7,30,"-16.875 146.175"
"4211649","2022-03-10T12:00:00Z",-16.875,146.225,"3.8200000000000003",0,"30.0","1.82",0,2022-03-10,"03","2022",3.82,30,"-16.875 146.225"
"4211690","2022-03-10T12:00:00Z",-16.925,146.225,"3.65",0,"29.97","1.79",0,2022-03-10,"03","2022",3.65,29.97,"-16.925 146.225"
"4211691","2022-03-10T12:00:00Z",-16.925,146.275,"3.79",0,"29.97","1.79",0,2022-03-10,"03","2022",3.79,29.97,"-16.925 146.275"
"4211731","2022-03-10T12:00:00Z",-16.975,146.225,"3.5",0,"29.95","1.77",0,2022-03-10,"03","2022",3.5,29.95,"-16.975 146.225"
"4223373","2022-03-17T12:00:00Z",-16.825,146.125,"4.49",0,"29.36","1.37",0,2022-03-17,"03","2022",4.49,29.36,"-16.825 146.125"
"4223375","2022-03-17T12:00:00Z",-16.825,146.225,"4.72",0,"29.330000000000002","1.33",0,2022-03-17,"03","2022",4.72,29.33,"-16.825 146.225"
"4223415","2022-03-17T12:00:00Z",-16.875,146.175,"4.36",0,"29.34","1.34",0,2022-03-17,"03","2022",4.36,29.34,"-16.875 146.175"
"4223416","2022-03-17T12:00:00Z",-16.875,146.225,"4.5",0,"29.330000000000002","1.33",0,2022-03-17,"03","2022",4.5,29.33,"-16.875 146.225"
"4223457","2022-03-17T12:00:00Z",-16.925,146.225,"4.3",0,"29.32","1.32",0,2022-03-17,"03","2022",4.3,29.32,"-16.925 146.225"
"4223458","2022-03-17T12:00:00Z",-16.925,146.275,"4.45",0,"29.3","1.3",0,2022-03-17,"03","2022",4.45,29.3,"-16.925 146.275"
"4223498","2022-03-17T12:00:00Z",-16.975,146.225,"3.99",0,"29.310000000000002","1.31",0,2022-03-17,"03","2022",3.99,29.31,"-16.975 146.225"
"4235140","2022-03-24T12:00:00Z",-16.825,146.125,"4.49",0,"28.87","1.12",0,2022-03-24,"03","2022",4.49,28.87,"-16.825 146.125"
"4235142","2022-03-24T12:00:00Z",-16.825,146.225,"4.72",0,"28.93","1.16",0,2022-03-24,"03","2022",4.72,28.93,"-16.825 146.225"
"4235182","2022-03-24T12:00:00Z",-16.875,146.175,"4.36",0,"28.87","1.11",0,2022-03-24,"03","2022",4.36,28.87,"-16.875 146.175"
"4235183","2022-03-24T12:00:00Z",-16.875,146.225,"4.5",0,"28.900000000000002","1.1300000000000001",0,2022-03-24,"03","2022",4.5,28.9,"-16.875 146.225"
"4235224","2022-03-24T12:00:00Z",-16.925,146.225,"4.3",0,"28.87","1.1",0,2022-03-24,"03","2022",4.3,28.87,"-16.925 146.225"
"4235225","2022-03-24T12:00:00Z",-16.925,146.275,"4.45",0,"28.91","1.1400000000000001",0,2022-03-24,"03","2022",4.45,28.91,"-16.925 146.275"
"4235265","2022-03-24T12:00:00Z",-16.975,146.225,"3.99",0,"28.84","1.08",0,2022-03-24,"03","2022",3.99,28.84,"-16.975 146.225"
"4246907","2022-03-31T12:00:00Z",-16.825,146.125,"3.99",0,"28.830000000000002","1.32",0,2022-03-31,"03","2022",3.99,28.83,"-16.825 146.125"
"4246909","2022-03-31T12:00:00Z",-16.825,146.225,"4.22",0,"28.89","1.35",0,2022-03-31,"03","2022",4.22,28.89,"-16.825 146.225"
"4246949","2022-03-31T12:00:00Z",-16.875,146.175,"3.87",0,"28.830000000000002","1.31",0,2022-03-31,"03","2022",3.87,28.83,"-16.875 146.175"
"4246950","2022-03-31T12:00:00Z",-16.875,146.225,"4.01",0,"28.86","1.32",0,2022-03-31,"03","2022",4.01,28.86,"-16.875 146.225"
"4246991","2022-03-31T12:00:00Z",-16.925,146.225,"3.81",0,"28.85","1.32",0,2022-03-31,"03","2022",3.81,28.85,"-16.925 146.225"
"4246992","2022-03-31T12:00:00Z",-16.925,146.275,"3.95",0,"28.87","1.33",0,2022-03-31,"03","2022",3.95,28.87,"-16.925 146.275"
"4247032","2022-03-31T12:00:00Z",-16.975,146.225,"3.64",0,"28.84","1.32",0,2022-03-31,"03","2022",3.64,28.84,"-16.975 146.225"
"4258674","2022-04-07T12:00:00Z",-16.825,146.125,"3.52",0,"28.88","1.61",0,2022-04-07,"04","2022",3.52,28.88,"-16.825 146.125"
"4258676","2022-04-07T12:00:00Z",-16.825,146.225,"3.91",0,"28.92","1.61",0,2022-04-07,"04","2022",3.91,28.92,"-16.825 146.225"
"4258716","2022-04-07T12:00:00Z",-16.875,146.175,"3.5500000000000003",0,"28.89","1.61",0,2022-04-07,"04","2022",3.55,28.89,"-16.875 146.175"
"4258717","2022-04-07T12:00:00Z",-16.875,146.225,"3.69",0,"28.900000000000002","1.59",0,2022-04-07,"04","2022",3.69,28.9,"-16.875 146.225"
"4258758","2022-04-07T12:00:00Z",-16.925,146.225,"3.5",0,"28.89","1.6",0,2022-04-07,"04","2022",3.5,28.89,"-16.925 146.225"
"4258759","2022-04-07T12:00:00Z",-16.925,146.275,"3.65",0,"28.89","1.58",0,2022-04-07,"04","2022",3.65,28.89,"-16.925 146.275"
"4258799","2022-04-07T12:00:00Z",-16.975,146.225,"3.33",0,"28.88","1.6",0,2022-04-07,"04","2022",3.33,28.88,"-16.975 146.225"
"4270441","2022-04-14T12:00:00Z",-16.825,146.125,"3.52",0,"28.64","1.61",0,2022-04-14,"04","2022",3.52,28.64,"-16.825 146.125"
"4270443","2022-04-14T12:00:00Z",-16.825,146.225,"3.91",0,"28.7","1.62",0,2022-04-14,"04","2022",3.91,28.7,"-16.825 146.225"
"4270483","2022-04-14T12:00:00Z",-16.875,146.175,"3.5500000000000003",0,"28.63","1.59",0,2022-04-14,"04","2022",3.55,28.63,"-16.875 146.175"
"4270484","2022-04-14T12:00:00Z",-16.875,146.225,"3.69",0,"28.67","1.6",0,2022-04-14,"04","2022",3.69,28.67,"-16.875 146.225"
"4270525","2022-04-14T12:00:00Z",-16.925,146.225,"3.5",0,"28.63","1.58",0,2022-04-14,"04","2022",3.5,28.63,"-16.925 146.225"
"4270526","2022-04-14T12:00:00Z",-16.925,146.275,"3.65",0,"28.67","1.6",0,2022-04-14,"04","2022",3.65,28.67,"-16.925 146.275"
"4270566","2022-04-14T12:00:00Z",-16.975,146.225,"3.33",0,"28.61","1.58",0,2022-04-14,"04","2022",3.33,28.61,"-16.975 146.225"
"4282208","2022-04-21T12:00:00Z",-16.825,146.125,"3.52",0,"27.97","1.24",0,2022-04-21,"04","2022",3.52,27.97,"-16.825 146.125"
"4282210","2022-04-21T12:00:00Z",-16.825,146.225,"3.91",0,"28.07","1.28",0,2022-04-21,"04","2022",3.91,28.07,"-16.825 146.225"
"4282250","2022-04-21T12:00:00Z",-16.875,146.175,"3.5500000000000003",0,"28.0","1.26",0,2022-04-21,"04","2022",3.55,28,"-16.875 146.175"
"4282251","2022-04-21T12:00:00Z",-16.875,146.225,"3.69",0,"28.05","1.27",0,2022-04-21,"04","2022",3.69,28.05,"-16.875 146.225"
"4282292","2022-04-21T12:00:00Z",-16.925,146.225,"3.5",0,"28.02","1.27",0,2022-04-21,"04","2022",3.5,28.02,"-16.925 146.225"
"4282293","2022-04-21T12:00:00Z",-16.925,146.275,"3.65",0,"28.07","1.29",0,2022-04-21,"04","2022",3.65,28.07,"-16.925 146.275"
"4282333","2022-04-21T12:00:00Z",-16.975,146.225,"3.33",0,"28.0","1.27",0,2022-04-21,"04","2022",3.33,28,"-16.975 146.225"
"4293975","2022-04-28T12:00:00Z",-16.825,146.125,"3.16",0,"27.53","1.12",0,2022-04-28,"04","2022",3.16,27.53,"-16.825 146.125"
"4293977","2022-04-28T12:00:00Z",-16.825,146.225,"3.23",0,"27.650000000000002","1.16",0,2022-04-28,"04","2022",3.23,27.65,"-16.825 146.225"
"4294017","2022-04-28T12:00:00Z",-16.875,146.175,"3.06",0,"27.55","1.12",0,2022-04-28,"04","2022",3.06,27.55,"-16.875 146.175"
"4294018","2022-04-28T12:00:00Z",-16.875,146.225,"3.18",0,"27.61","1.1400000000000001",0,2022-04-28,"04","2022",3.18,27.61,"-16.875 146.225"
"4294059","2022-04-28T12:00:00Z",-16.925,146.225,"2.99",0,"27.560000000000002","1.12",0,2022-04-28,"04","2022",2.99,27.56,"-16.925 146.225"
"4294060","2022-04-28T12:00:00Z",-16.925,146.275,"3.12",0,"27.6","1.12",0,2022-04-28,"04","2022",3.12,27.6,"-16.925 146.275"
"4294100","2022-04-28T12:00:00Z",-16.975,146.225,"2.83",0,"27.51","1.09",0,2022-04-28,"04","2022",2.83,27.51,"-16.975 146.225"
"4305742","2022-05-05T12:00:00Z",-16.825,146.125,"3.16",0,"27.11","1.02",0,2022-05-05,"05","2022",3.16,27.11,"-16.825 146.125"
"4305744","2022-05-05T12:00:00Z",-16.825,146.225,"3.09",0,"27.35","1.16",0,2022-05-05,"05","2022",3.09,27.35,"-16.825 146.225"
"4305784","2022-05-05T12:00:00Z",-16.875,146.175,"3.06",0,"27.2","1.08",0,2022-05-05,"05","2022",3.06,27.2,"-16.875 146.175"
"4305785","2022-05-05T12:00:00Z",-16.875,146.225,"3.0300000000000002",0,"27.28","1.11",0,2022-05-05,"05","2022",3.03,27.28,"-16.875 146.225"
"4305826","2022-05-05T12:00:00Z",-16.925,146.225,"2.99",0,"27.21","1.08",0,2022-05-05,"05","2022",2.99,27.21,"-16.925 146.225"
"4305827","2022-05-05T12:00:00Z",-16.925,146.275,"2.97",0,"27.28","1.1",0,2022-05-05,"05","2022",2.97,27.28,"-16.925 146.275"
"4305867","2022-05-05T12:00:00Z",-16.975,146.225,"2.83",0,"27.14","1.03",0,2022-05-05,"05","2022",2.83,27.14,"-16.975 146.225"
"4317509","2022-05-12T12:00:00Z",-16.825,146.125,"3.16",0,"27.18","1.4000000000000001",0,2022-05-12,"05","2022",3.16,27.18,"-16.825 146.125"
"4317511","2022-05-12T12:00:00Z",-16.825,146.225,"3.09",0,"27.27","1.3800000000000001",0,2022-05-12,"05","2022",3.09,27.27,"-16.825 146.225"
"4317551","2022-05-12T12:00:00Z",-16.875,146.175,"3.06",0,"27.150000000000002","1.35",0,2022-05-12,"05","2022",3.06,27.15,"-16.875 146.175"
"4317552","2022-05-12T12:00:00Z",-16.875,146.225,"3.0300000000000002",0,"27.21","1.35",0,2022-05-12,"05","2022",3.03,27.21,"-16.875 146.225"
"4317593","2022-05-12T12:00:00Z",-16.925,146.225,"2.99",0,"27.14","1.32",0,2022-05-12,"05","2022",2.99,27.14,"-16.925 146.225"
"4317594","2022-05-12T12:00:00Z",-16.925,146.275,"2.97",0,"27.18","1.3",0,2022-05-12,"05","2022",2.97,27.18,"-16.925 146.275"
"4317634","2022-05-12T12:00:00Z",-16.975,146.225,"2.83",0,"27.07","1.28",0,2022-05-12,"05","2022",2.83,27.07,"-16.975 146.225"
"4329276","2022-05-19T12:00:00Z",-16.825,146.125,"3.16",0,"27.080000000000002","1.6300000000000001",0,2022-05-19,"05","2022",3.16,27.08,"-16.825 146.125"
"4329278","2022-05-19T12:00:00Z",-16.825,146.225,"3.09",0,"27.2","1.62",0,2022-05-19,"05","2022",3.09,27.2,"-16.825 146.225"
"4329318","2022-05-19T12:00:00Z",-16.875,146.175,"3.06",0,"27.09","1.61",0,2022-05-19,"05","2022",3.06,27.09,"-16.875 146.175"
"4329319","2022-05-19T12:00:00Z",-16.875,146.225,"3.0300000000000002",0,"27.16","1.61",0,2022-05-19,"05","2022",3.03,27.16,"-16.875 146.225"
"4329360","2022-05-19T12:00:00Z",-16.925,146.225,"2.99",0,"27.12","1.62",0,2022-05-19,"05","2022",2.99,27.12,"-16.925 146.225"
"4329361","2022-05-19T12:00:00Z",-16.925,146.275,"2.97",0,"27.18","1.61",0,2022-05-19,"05","2022",2.97,27.18,"-16.925 146.275"
"4329401","2022-05-19T12:00:00Z",-16.975,146.225,"2.83",0,"27.080000000000002","1.61",0,2022-05-19,"05","2022",2.83,27.08,"-16.975 146.225"
"4341043","2022-05-26T12:00:00Z",-16.825,146.125,"2.0300000000000002",0,"26.5","1.3900000000000001",0,2022-05-26,"05","2022",2.03,26.5,"-16.825 146.125"
"4341045","2022-05-26T12:00:00Z",-16.825,146.225,"2.02",0,"26.650000000000002","1.3900000000000001",0,2022-05-26,"05","2022",2.02,26.65,"-16.825 146.225"
"4341085","2022-05-26T12:00:00Z",-16.875,146.175,"1.97",0,"26.54","1.3900000000000001",0,2022-05-26,"05","2022",1.97,26.54,"-16.875 146.175"
"4341086","2022-05-26T12:00:00Z",-16.875,146.225,"1.97",0,"26.59","1.37",0,2022-05-26,"05","2022",1.97,26.59,"-16.875 146.225"
"4341127","2022-05-26T12:00:00Z",-16.925,146.225,"1.94",0,"26.53","1.35",0,2022-05-26,"05","2022",1.94,26.53,"-16.925 146.225"
"4341128","2022-05-26T12:00:00Z",-16.925,146.275,"1.93",0,"26.59","1.34",0,2022-05-26,"05","2022",1.93,26.59,"-16.925 146.275"
"4341168","2022-05-26T12:00:00Z",-16.975,146.225,"1.77",0,"26.51","1.37",0,2022-05-26,"05","2022",1.77,26.51,"-16.975 146.225"
"4352810","2022-06-02T12:00:00Z",-16.825,146.125,"0.6900000000000001",0,"26.400000000000002","1.62",0,2022-06-02,"06","2022",0.69,26.4,"-16.825 146.125"
"4352812","2022-06-02T12:00:00Z",-16.825,146.225,"0.71",0,"26.53","1.58",0,2022-06-02,"06","2022",0.71,26.53,"-16.825 146.225"
"4352852","2022-06-02T12:00:00Z",-16.875,146.175,"0.67",0,"26.400000000000002","1.58",0,2022-06-02,"06","2022",0.67,26.4,"-16.875 146.175"
"4352853","2022-06-02T12:00:00Z",-16.875,146.225,"0.68",0,"26.46","1.56",0,2022-06-02,"06","2022",0.68,26.46,"-16.875 146.225"
"4352894","2022-06-02T12:00:00Z",-16.925,146.225,"0.65",0,"26.400000000000002","1.55",0,2022-06-02,"06","2022",0.65,26.4,"-16.925 146.225"
"4352895","2022-06-02T12:00:00Z",-16.925,146.275,"0.66",0,"26.46","1.53",0,2022-06-02,"06","2022",0.66,26.46,"-16.925 146.275"
"4352935","2022-06-02T12:00:00Z",-16.975,146.225,"0.49",0,"26.35","1.54",0,2022-06-02,"06","2022",0.49,26.35,"-16.975 146.225"
"4364577","2022-06-09T12:00:00Z",-16.825,146.125,"0.0",0,"26.25","1.8",0,2022-06-09,"06","2022",0,26.25,"-16.825 146.125"
"4364579","2022-06-09T12:00:00Z",-16.825,146.225,"0.0",0,"26.400000000000002","1.77",0,2022-06-09,"06","2022",0,26.4,"-16.825 146.225"
"4364619","2022-06-09T12:00:00Z",-16.875,146.175,"0.0",0,"26.28","1.79",0,2022-06-09,"06","2022",0,26.28,"-16.875 146.175"
"4364620","2022-06-09T12:00:00Z",-16.875,146.225,"0.0",0,"26.35","1.77",0,2022-06-09,"06","2022",0,26.35,"-16.875 146.225"
"4364661","2022-06-09T12:00:00Z",-16.925,146.225,"0.0",0,"26.3","1.78",0,2022-06-09,"06","2022",0,26.3,"-16.925 146.225"
"4364662","2022-06-09T12:00:00Z",-16.925,146.275,"0.0",0,"26.38","1.77",0,2022-06-09,"06","2022",0,26.38,"-16.925 146.275"
"4364702","2022-06-09T12:00:00Z",-16.975,146.225,"0.0",0,"26.25","1.78",0,2022-06-09,"06","2022",0,26.25,"-16.975 146.225"
"4376344","2022-06-16T12:00:00Z",-16.825,146.125,"0.0",0,"25.45","1.31",0,2022-06-16,"06","2022",0,25.45,"-16.825 146.125"
"4376346","2022-06-16T12:00:00Z",-16.825,146.225,"0.0",0,"25.72","1.3800000000000001",0,2022-06-16,"06","2022",0,25.72,"-16.825 146.225"
"4376386","2022-06-16T12:00:00Z",-16.875,146.175,"0.0",0,"25.52","1.33",0,2022-06-16,"06","2022",0,25.52,"-16.875 146.175"
"4376387","2022-06-16T12:00:00Z",-16.875,146.225,"0.0",0,"25.64","1.36",0,2022-06-16,"06","2022",0,25.64,"-16.875 146.225"
"4376428","2022-06-16T12:00:00Z",-16.925,146.225,"0.0",0,"25.55","1.33",0,2022-06-16,"06","2022",0,25.55,"-16.925 146.225"
"4376429","2022-06-16T12:00:00Z",-16.925,146.275,"0.0",0,"25.69","1.37",0,2022-06-16,"06","2022",0,25.69,"-16.925 146.275"
"4376469","2022-06-16T12:00:00Z",-16.975,146.225,"0.0",0,"25.48","1.31",0,2022-06-16,"06","2022",0,25.48,"-16.975 146.225"
"4388111","2022-06-23T12:00:00Z",-16.825,146.125,"0.0",0,"24.93","0.93",0,2022-06-23,"06","2022",0,24.93,"-16.825 146.125"
"4388113","2022-06-23T12:00:00Z",-16.825,146.225,"0.0",0,"25.3","1.09",0,2022-06-23,"06","2022",0,25.3,"-16.825 146.225"
"4388153","2022-06-23T12:00:00Z",-16.875,146.175,"0.0",0,"24.98","0.93",0,2022-06-23,"06","2022",0,24.98,"-16.875 146.175"
"4388154","2022-06-23T12:00:00Z",-16.875,146.225,"0.0",0,"25.16","1.01",0,2022-06-23,"06","2022",0,25.16,"-16.875 146.225"
"4388195","2022-06-23T12:00:00Z",-16.925,146.225,"0.0",0,"25.04","0.96",0,2022-06-23,"06","2022",0,25.04,"-16.925 146.225"
"4388196","2022-06-23T12:00:00Z",-16.925,146.275,"0.0",0,"25.22","1.04",0,2022-06-23,"06","2022",0,25.22,"-16.925 146.275"
"4388236","2022-06-23T12:00:00Z",-16.975,146.225,"0.0",0,"24.91","0.89",0,2022-06-23,"06","2022",0,24.91,"-16.975 146.225"
"4399878","2022-06-30T12:00:00Z",-16.825,146.125,"0.0",0,"24.47","0.61",0,2022-06-30,"06","2022",0,24.47,"-16.825 146.125"
"4399880","2022-06-30T12:00:00Z",-16.825,146.225,"0.0",0,"24.79","0.71",0,2022-06-30,"06","2022",0,24.79,"-16.825 146.225"
"4399920","2022-06-30T12:00:00Z",-16.875,146.175,"0.0",0,"24.5","0.6",0,2022-06-30,"06","2022",0,24.5,"-16.875 146.175"
"4399921","2022-06-30T12:00:00Z",-16.875,146.225,"0.0",0,"24.66","0.65",0,2022-06-30,"06","2022",0,24.66,"-16.875 146.225"
"4399962","2022-06-30T12:00:00Z",-16.925,146.225,"0.0",0,"24.53","0.6",0,2022-06-30,"06","2022",0,24.53,"-16.925 146.225"
"4399963","2022-06-30T12:00:00Z",-16.925,146.275,"0.0",0,"24.69","0.65",0,2022-06-30,"06","2022",0,24.69,"-16.925 146.275"
"4400003","2022-06-30T12:00:00Z",-16.975,146.225,"0.0",0,"24.42","0.55",0,2022-06-30,"06","2022",0,24.42,"-16.975 146.225"
"4411645","2022-07-07T12:00:00Z",-16.825,146.125,"0.0",0,"24.38","0.66",0,2022-07-07,"07","2022",0,24.38,"-16.825 146.125"
"4411647","2022-07-07T12:00:00Z",-16.825,146.225,"0.0",0,"24.72","0.77",0,2022-07-07,"07","2022",0,24.72,"-16.825 146.225"
"4411687","2022-07-07T12:00:00Z",-16.875,146.175,"0.0",0,"24.44","0.68",0,2022-07-07,"07","2022",0,24.44,"-16.875 146.175"
"4411688","2022-07-07T12:00:00Z",-16.875,146.225,"0.0",0,"24.580000000000002","0.71",0,2022-07-07,"07","2022",0,24.58,"-16.875 146.225"
"4411729","2022-07-07T12:00:00Z",-16.925,146.225,"0.0",0,"24.400000000000002","0.61",0,2022-07-07,"07","2022",0,24.4,"-16.925 146.225"
"4411730","2022-07-07T12:00:00Z",-16.925,146.275,"0.0",0,"24.59","0.6900000000000001",0,2022-07-07,"07","2022",0,24.59,"-16.925 146.275"
"4411770","2022-07-07T12:00:00Z",-16.975,146.225,"0.0",0,"24.23","0.5",0,2022-07-07,"07","2022",0,24.23,"-16.975 146.225"
"4423412","2022-07-14T12:00:00Z",-16.825,146.125,"0.0",0,"24.14","0.56",0,2022-07-14,"07","2022",0,24.14,"-16.825 146.125"
"4423414","2022-07-14T12:00:00Z",-16.825,146.225,"0.0",0,"24.77","0.9500000000000001",0,2022-07-14,"07","2022",0,24.77,"-16.825 146.225"
"4423454","2022-07-14T12:00:00Z",-16.875,146.175,"0.0",0,"24.23","0.61",0,2022-07-14,"07","2022",0,24.23,"-16.875 146.175"
"4423455","2022-07-14T12:00:00Z",-16.875,146.225,"0.0",0,"24.5","0.76",0,2022-07-14,"07","2022",0,24.5,"-16.875 146.225"
"4423496","2022-07-14T12:00:00Z",-16.925,146.225,"0.0",0,"24.240000000000002","0.59",0,2022-07-14,"07","2022",0,24.24,"-16.925 146.225"
"4423497","2022-07-14T12:00:00Z",-16.925,146.275,"0.0",0,"24.51","0.75",0,2022-07-14,"07","2022",0,24.51,"-16.925 146.275"
"4423537","2022-07-14T12:00:00Z",-16.975,146.225,"0.0",0,"24.04","0.46",0,2022-07-14,"07","2022",0,24.04,"-16.975 146.225"
"4435179","2022-07-21T12:00:00Z",-16.825,146.125,"0.0",0,"24.240000000000002","0.66",0,2022-07-21,"07","2022",0,24.24,"-16.825 146.125"
"4435181","2022-07-21T12:00:00Z",-16.825,146.225,"0.0",0,"24.59","0.78",0,2022-07-21,"07","2022",0,24.59,"-16.825 146.225"
"4435221","2022-07-21T12:00:00Z",-16.875,146.175,"0.0",0,"24.28","0.66",0,2022-07-21,"07","2022",0,24.28,"-16.875 146.175"
"4435222","2022-07-21T12:00:00Z",-16.875,146.225,"0.0",0,"24.45","0.72",0,2022-07-21,"07","2022",0,24.45,"-16.875 146.225"
"4435263","2022-07-21T12:00:00Z",-16.925,146.225,"0.0",0,"24.35","0.7000000000000001",0,2022-07-21,"07","2022",0,24.35,"-16.925 146.225"
"4435264","2022-07-21T12:00:00Z",-16.925,146.275,"0.0",0,"24.54","0.79",0,2022-07-21,"07","2022",0,24.54,"-16.925 146.275"
"4435304","2022-07-21T12:00:00Z",-16.975,146.225,"0.0",0,"24.310000000000002","0.73",0,2022-07-21,"07","2022",0,24.31,"-16.975 146.225"
"4446946","2022-07-28T12:00:00Z",-16.825,146.125,"0.0",0,"24.52","0.91",0,2022-07-28,"07","2022",0,24.52,"-16.825 146.125"
"4446948","2022-07-28T12:00:00Z",-16.825,146.225,"0.0",0,"24.89","1.07",0,2022-07-28,"07","2022",0,24.89,"-16.825 146.225"
"4446988","2022-07-28T12:00:00Z",-16.875,146.175,"0.0",0,"24.59","0.9500000000000001",0,2022-07-28,"07","2022",0,24.59,"-16.875 146.175"
"4446989","2022-07-28T12:00:00Z",-16.875,146.225,"0.0",0,"24.76","1.01",0,2022-07-28,"07","2022",0,24.76,"-16.875 146.225"
"4447030","2022-07-28T12:00:00Z",-16.925,146.225,"0.0",0,"24.66","0.99",0,2022-07-28,"07","2022",0,24.66,"-16.925 146.225"
"4447031","2022-07-28T12:00:00Z",-16.925,146.275,"0.0",0,"24.830000000000002","1.06",0,2022-07-28,"07","2022",0,24.83,"-16.925 146.275"
"4447071","2022-07-28T12:00:00Z",-16.975,146.225,"0.0",0,"24.580000000000002","0.98",0,2022-07-28,"07","2022",0,24.58,"-16.975 146.225"
"4458713","2022-08-04T12:00:00Z",-16.825,146.125,"0.0",0,"24.88","1.25",0,2022-08-04,"08","2022",0,24.88,"-16.825 146.125"
"4458715","2022-08-04T12:00:00Z",-16.825,146.225,"0.0",0,"25.16","1.33",0,2022-08-04,"08","2022",0,25.16,"-16.825 146.225"
"4458755","2022-08-04T12:00:00Z",-16.875,146.175,"0.0",0,"24.93","1.27",0,2022-08-04,"08","2022",0,24.93,"-16.875 146.175"
"4458756","2022-08-04T12:00:00Z",-16.875,146.225,"0.0",0,"25.080000000000002","1.31",0,2022-08-04,"08","2022",0,25.08,"-16.875 146.225"
"4458797","2022-08-04T12:00:00Z",-16.925,146.225,"0.0",0,"24.96","1.27",0,2022-08-04,"08","2022",0,24.96,"-16.925 146.225"
"4458798","2022-08-04T12:00:00Z",-16.925,146.275,"0.0",0,"25.12","1.34",0,2022-08-04,"08","2022",0,25.12,"-16.925 146.275"
"4458838","2022-08-04T12:00:00Z",-16.975,146.225,"0.0",0,"24.84","1.22",0,2022-08-04,"08","2022",0,24.84,"-16.975 146.225"
"4470480","2022-08-11T12:00:00Z",-16.825,146.125,"0.0",0,"24.72","1.06",0,2022-08-11,"08","2022",0,24.72,"-16.825 146.125"
"4470482","2022-08-11T12:00:00Z",-16.825,146.225,"0.0",0,"24.96","1.12",0,2022-08-11,"08","2022",0,24.96,"-16.825 146.225"
"4470522","2022-08-11T12:00:00Z",-16.875,146.175,"0.0",0,"24.72","1.03",0,2022-08-11,"08","2022",0,24.72,"-16.875 146.175"
"4470523","2022-08-11T12:00:00Z",-16.875,146.225,"0.0",0,"24.84","1.06",0,2022-08-11,"08","2022",0,24.84,"-16.875 146.225"
"4470564","2022-08-11T12:00:00Z",-16.925,146.225,"0.0",0,"24.71","1.0",0,2022-08-11,"08","2022",0,24.71,"-16.925 146.225"
"4470565","2022-08-11T12:00:00Z",-16.925,146.275,"0.0",0,"24.830000000000002","1.04",0,2022-08-11,"08","2022",0,24.83,"-16.925 146.275"
"4470605","2022-08-11T12:00:00Z",-16.975,146.225,"0.0",0,"24.57","0.93",0,2022-08-11,"08","2022",0,24.57,"-16.975 146.225"
"4482247","2022-08-18T12:00:00Z",-16.825,146.125,"0.0",0,"24.62","0.88",0,2022-08-18,"08","2022",0,24.62,"-16.825 146.125"
"4482249","2022-08-18T12:00:00Z",-16.825,146.225,"0.0",0,"24.82","0.91",0,2022-08-18,"08","2022",0,24.82,"-16.825 146.225"
"4482289","2022-08-18T12:00:00Z",-16.875,146.175,"0.0",0,"24.650000000000002","0.88",0,2022-08-18,"08","2022",0,24.65,"-16.875 146.175"
"4482290","2022-08-18T12:00:00Z",-16.875,146.225,"0.0",0,"24.71","0.86",0,2022-08-18,"08","2022",0,24.71,"-16.875 146.225"
"4482331","2022-08-18T12:00:00Z",-16.925,146.225,"0.0",0,"24.57","0.78",0,2022-08-18,"08","2022",0,24.57,"-16.925 146.225"
"4482332","2022-08-18T12:00:00Z",-16.925,146.275,"0.0",0,"24.650000000000002","0.79",0,2022-08-18,"08","2022",0,24.65,"-16.925 146.275"
"4482372","2022-08-18T12:00:00Z",-16.975,146.225,"0.0",0,"24.400000000000002","0.68",0,2022-08-18,"08","2022",0,24.4,"-16.975 146.225"
"4494014","2022-08-25T12:00:00Z",-16.825,146.125,"0.0",0,"24.38","0.47000000000000003",0,2022-08-25,"08","2022",0,24.38,"-16.825 146.125"
"4494016","2022-08-25T12:00:00Z",-16.825,146.225,"0.0",0,"24.62","0.5700000000000001",0,2022-08-25,"08","2022",0,24.62,"-16.825 146.225"
"4494056","2022-08-25T12:00:00Z",-16.875,146.175,"0.0",0,"24.400000000000002","0.46",0,2022-08-25,"08","2022",0,24.4,"-16.875 146.175"
"4494057","2022-08-25T12:00:00Z",-16.875,146.225,"0.0",0,"24.52","0.51",0,2022-08-25,"08","2022",0,24.52,"-16.875 146.225"
"4494098","2022-08-25T12:00:00Z",-16.925,146.225,"0.0",0,"24.41","0.46",0,2022-08-25,"08","2022",0,24.41,"-16.925 146.225"
"4494099","2022-08-25T12:00:00Z",-16.925,146.275,"0.0",0,"24.54","0.53",0,2022-08-25,"08","2022",0,24.54,"-16.925 146.275"
"4494139","2022-08-25T12:00:00Z",-16.975,146.225,"0.0",0,"24.29","0.39",0,2022-08-25,"08","2022",0,24.29,"-16.975 146.225"
"4505781","2022-09-01T12:00:00Z",-16.825,146.125,"0.0",0,"24.54","0.46",0,2022-09-01,"09","2022",0,24.54,"-16.825 146.125"
"4505783","2022-09-01T12:00:00Z",-16.825,146.225,"0.0",0,"24.85","0.65",0,2022-09-01,"09","2022",0,24.85,"-16.825 146.225"
"4505823","2022-09-01T12:00:00Z",-16.875,146.175,"0.0",0,"24.59","0.49",0,2022-09-01,"09","2022",0,24.59,"-16.875 146.175"
"4505824","2022-09-01T12:00:00Z",-16.875,146.225,"0.0",0,"24.76","0.6",0,2022-09-01,"09","2022",0,24.76,"-16.875 146.225"
"4505865","2022-09-01T12:00:00Z",-16.925,146.225,"0.0",0,"24.650000000000002","0.54",0,2022-09-01,"09","2022",0,24.65,"-16.925 146.225"
"4505866","2022-09-01T12:00:00Z",-16.925,146.275,"0.0",0,"24.810000000000002","0.65",0,2022-09-01,"09","2022",0,24.81,"-16.925 146.275"
"4505906","2022-09-01T12:00:00Z",-16.975,146.225,"0.0",0,"24.55","0.48",0,2022-09-01,"09","2022",0,24.55,"-16.975 146.225"
"4517548","2022-09-08T12:00:00Z",-16.825,146.125,"0.0",0,"24.93","0.68",0,2022-09-08,"09","2022",0,24.93,"-16.825 146.125"
"4517550","2022-09-08T12:00:00Z",-16.825,146.225,"0.0",0,"25.12","0.78",0,2022-09-08,"09","2022",0,25.12,"-16.825 146.225"
"4517590","2022-09-08T12:00:00Z",-16.875,146.175,"0.0",0,"24.95","0.68",0,2022-09-08,"09","2022",0,24.95,"-16.875 146.175"
"4517591","2022-09-08T12:00:00Z",-16.875,146.225,"0.0",0,"25.03","0.72",0,2022-09-08,"09","2022",0,25.03,"-16.875 146.225"
"4517632","2022-09-08T12:00:00Z",-16.925,146.225,"0.0",0,"24.91","0.64",0,2022-09-08,"09","2022",0,24.91,"-16.925 146.225"
"4517633","2022-09-08T12:00:00Z",-16.925,146.275,"0.0",0,"24.98","0.67",0,2022-09-08,"09","2022",0,24.98,"-16.925 146.275"
"4517673","2022-09-08T12:00:00Z",-16.975,146.225,"0.0",0,"24.8","0.56",0,2022-09-08,"09","2022",0,24.8,"-16.975 146.225"
"4529315","2022-09-15T12:00:00Z",-16.825,146.125,"0.0",0,"25.96","1.54",0,2022-09-15,"09","2022",0,25.96,"-16.825 146.125"
"4529317","2022-09-15T12:00:00Z",-16.825,146.225,"0.0",0,"26.27","1.79",0,2022-09-15,"09","2022",0,26.27,"-16.825 146.225"
"4529357","2022-09-15T12:00:00Z",-16.875,146.175,"0.0",0,"26.03","1.6",0,2022-09-15,"09","2022",0,26.03,"-16.875 146.175"
"4529358","2022-09-15T12:00:00Z",-16.875,146.225,"0.0",0,"26.16","1.7",0,2022-09-15,"09","2022",0,26.16,"-16.875 146.225"
"4529399","2022-09-15T12:00:00Z",-16.925,146.225,"0.0",0,"26.0","1.57",0,2022-09-15,"09","2022",0,26,"-16.925 146.225"
"4529400","2022-09-15T12:00:00Z",-16.925,146.275,"0.0",0,"26.1","1.6400000000000001",0,2022-09-15,"09","2022",0,26.1,"-16.925 146.275"
"4529440","2022-09-15T12:00:00Z",-16.975,146.225,"0.0",0,"25.830000000000002","1.42",0,2022-09-15,"09","2022",0,25.83,"-16.975 146.225"
"4541082","2022-09-22T12:00:00Z",-16.825,146.125,"0.0",0,"26.78","2.06",0,2022-09-22,"09","2022",0,26.78,"-16.825 146.125"
"4541084","2022-09-22T12:00:00Z",-16.825,146.225,"0.0",0,"26.87","2.11",0,2022-09-22,"09","2022",0,26.87,"-16.825 146.225"
"4541124","2022-09-22T12:00:00Z",-16.875,146.175,"0.0",0,"26.77","2.05",0,2022-09-22,"09","2022",0,26.77,"-16.875 146.175"
"4541125","2022-09-22T12:00:00Z",-16.875,146.225,"0.0",0,"26.84","2.1",0,2022-09-22,"09","2022",0,26.84,"-16.875 146.225"
"4541166","2022-09-22T12:00:00Z",-16.925,146.225,"0.0",0,"26.810000000000002","2.09",0,2022-09-22,"09","2022",0,26.81,"-16.925 146.225"
"4541167","2022-09-22T12:00:00Z",-16.925,146.275,"0.0",0,"26.87","2.13",0,2022-09-22,"09","2022",0,26.87,"-16.925 146.275"
"4541207","2022-09-22T12:00:00Z",-16.975,146.225,"0.0",0,"26.8","2.1",0,2022-09-22,"09","2022",0,26.8,"-16.975 146.225"
"4552849","2022-09-29T12:00:00Z",-16.825,146.125,"0.0",0,"26.88","1.86",0,2022-09-29,"09","2022",0,26.88,"-16.825 146.125"
"4552851","2022-09-29T12:00:00Z",-16.825,146.225,"0.0",0,"26.990000000000002","1.95",0,2022-09-29,"09","2022",0,26.99,"-16.825 146.225"
"4552891","2022-09-29T12:00:00Z",-16.875,146.175,"0.0",0,"26.88","1.86",0,2022-09-29,"09","2022",0,26.88,"-16.875 146.175"
"4552892","2022-09-29T12:00:00Z",-16.875,146.225,"0.0",0,"26.93","1.9100000000000001",0,2022-09-29,"09","2022",0,26.93,"-16.875 146.225"
"4552933","2022-09-29T12:00:00Z",-16.925,146.225,"0.0",0,"26.89","1.8800000000000001",0,2022-09-29,"09","2022",0,26.89,"-16.925 146.225"
"4552934","2022-09-29T12:00:00Z",-16.925,146.275,"0.0",0,"26.94","1.92",0,2022-09-29,"09","2022",0,26.94,"-16.925 146.275"
"4552974","2022-09-29T12:00:00Z",-16.975,146.225,"0.0",0,"26.86","1.86",0,2022-09-29,"09","2022",0,26.86,"-16.975 146.225"
"4564616","2022-10-06T12:00:00Z",-16.825,146.125,"0.0",0,"27.05","1.73",0,2022-10-06,"10","2022",0,27.05,"-16.825 146.125"
"4564618","2022-10-06T12:00:00Z",-16.825,146.225,"0.0",0,"27.11","1.8",0,2022-10-06,"10","2022",0,27.11,"-16.825 146.225"
"4564658","2022-10-06T12:00:00Z",-16.875,146.175,"0.0",0,"27.07","1.76",0,2022-10-06,"10","2022",0,27.07,"-16.875 146.175"
"4564659","2022-10-06T12:00:00Z",-16.875,146.225,"0.0",0,"27.09","1.78",0,2022-10-06,"10","2022",0,27.09,"-16.875 146.225"
"4564700","2022-10-06T12:00:00Z",-16.925,146.225,"0.0",0,"27.080000000000002","1.78",0,2022-10-06,"10","2022",0,27.08,"-16.925 146.225"
"4564701","2022-10-06T12:00:00Z",-16.925,146.275,"0.0",0,"27.09","1.79",0,2022-10-06,"10","2022",0,27.09,"-16.925 146.275"
"4564741","2022-10-06T12:00:00Z",-16.975,146.225,"0.0",0,"27.04","1.75",0,2022-10-06,"10","2022",0,27.04,"-16.975 146.225"
"4576383","2022-10-13T12:00:00Z",-16.825,146.125,"0.0",0,"27.240000000000002","1.62",0,2022-10-13,"10","2022",0,27.24,"-16.825 146.125"
"4576385","2022-10-13T12:00:00Z",-16.825,146.225,"0.0",0,"27.28","1.69",0,2022-10-13,"10","2022",0,27.28,"-16.825 146.225"
"4576425","2022-10-13T12:00:00Z",-16.875,146.175,"0.0",0,"27.23","1.62",0,2022-10-13,"10","2022",0,27.23,"-16.875 146.175"
"4576426","2022-10-13T12:00:00Z",-16.875,146.225,"0.0",0,"27.25","1.6600000000000001",0,2022-10-13,"10","2022",0,27.25,"-16.875 146.225"
"4576467","2022-10-13T12:00:00Z",-16.925,146.225,"0.0",0,"27.22","1.6300000000000001",0,2022-10-13,"10","2022",0,27.22,"-16.925 146.225"
"4576468","2022-10-13T12:00:00Z",-16.925,146.275,"0.0",0,"27.240000000000002","1.6600000000000001",0,2022-10-13,"10","2022",0,27.24,"-16.925 146.275"
"4576508","2022-10-13T12:00:00Z",-16.975,146.225,"0.0",0,"27.19","1.6",0,2022-10-13,"10","2022",0,27.19,"-16.975 146.225"
"4588150","2022-10-20T12:00:00Z",-16.825,146.125,"0.0",0,"27.87","1.93",0,2022-10-20,"10","2022",0,27.87,"-16.825 146.125"
"4588152","2022-10-20T12:00:00Z",-16.825,146.225,"0.0",0,"27.810000000000002","1.92",0,2022-10-20,"10","2022",0,27.81,"-16.825 146.225"
"4588192","2022-10-20T12:00:00Z",-16.875,146.175,"0.0",0,"27.85","1.94",0,2022-10-20,"10","2022",0,27.85,"-16.875 146.175"
"4588193","2022-10-20T12:00:00Z",-16.875,146.225,"0.0",0,"27.82","1.93",0,2022-10-20,"10","2022",0,27.82,"-16.875 146.225"
"4588234","2022-10-20T12:00:00Z",-16.925,146.225,"0.0",0,"27.830000000000002","1.93",0,2022-10-20,"10","2022",0,27.83,"-16.925 146.225"
"4588235","2022-10-20T12:00:00Z",-16.925,146.275,"0.0",0,"27.8","1.92",0,2022-10-20,"10","2022",0,27.8,"-16.925 146.275"
"4588275","2022-10-20T12:00:00Z",-16.975,146.225,"0.0",0,"27.830000000000002","1.93",0,2022-10-20,"10","2022",0,27.83,"-16.975 146.225"
"4599917","2022-10-27T12:00:00Z",-16.825,146.125,"0.0",0,"28.27","2.02",0,2022-10-27,"10","2022",0,28.27,"-16.825 146.125"
"4599919","2022-10-27T12:00:00Z",-16.825,146.225,"0.0",0,"28.19","1.99",0,2022-10-27,"10","2022",0,28.19,"-16.825 146.225"
"4599959","2022-10-27T12:00:00Z",-16.875,146.175,"0.0",0,"28.21","1.98",0,2022-10-27,"10","2022",0,28.21,"-16.875 146.175"
"4599960","2022-10-27T12:00:00Z",-16.875,146.225,"0.0",0,"28.18","1.98",0,2022-10-27,"10","2022",0,28.18,"-16.875 146.225"
"4600001","2022-10-27T12:00:00Z",-16.925,146.225,"0.0",0,"28.17","1.96",0,2022-10-27,"10","2022",0,28.17,"-16.925 146.225"
"4600002","2022-10-27T12:00:00Z",-16.925,146.275,"0.0",0,"28.17","1.98",0,2022-10-27,"10","2022",0,28.17,"-16.925 146.275"
"4600042","2022-10-27T12:00:00Z",-16.975,146.225,"0.0",0,"28.21","1.99",0,2022-10-27,"10","2022",0,28.21,"-16.975 146.225"
"4611684","2022-11-03T12:00:00Z",-16.825,146.125,"0.0",0,"28.28","1.71",0,2022-11-03,"11","2022",0,28.28,"-16.825 146.125"
"4611686","2022-11-03T12:00:00Z",-16.825,146.225,"0.0",0,"28.39","1.8900000000000001",0,2022-11-03,"11","2022",0,28.39,"-16.825 146.225"
"4611726","2022-11-03T12:00:00Z",-16.875,146.175,"0.0",0,"28.25","1.71",0,2022-11-03,"11","2022",0,28.25,"-16.875 146.175"
"4611727","2022-11-03T12:00:00Z",-16.875,146.225,"0.0",0,"28.3","1.78",0,2022-11-03,"11","2022",0,28.3,"-16.875 146.225"
"4611768","2022-11-03T12:00:00Z",-16.925,146.225,"0.0",0,"28.21","1.68",0,2022-11-03,"11","2022",0,28.21,"-16.925 146.225"
"4611769","2022-11-03T12:00:00Z",-16.925,146.275,"0.0",0,"28.27","1.76",0,2022-11-03,"11","2022",0,28.27,"-16.925 146.275"
"4611809","2022-11-03T12:00:00Z",-16.975,146.225,"0.0",0,"28.150000000000002","1.61",0,2022-11-03,"11","2022",0,28.15,"-16.975 146.225"
"4623451","2022-11-10T12:00:00Z",-16.825,146.125,"0.0",0,"27.77","0.89",0,2022-11-10,"11","2022",0,27.77,"-16.825 146.125"
"4623453","2022-11-10T12:00:00Z",-16.825,146.225,"0.0",0,"27.900000000000002","1.09",0,2022-11-10,"11","2022",0,27.9,"-16.825 146.225"
"4623493","2022-11-10T12:00:00Z",-16.875,146.175,"0.0",0,"27.77","0.91",0,2022-11-10,"11","2022",0,27.77,"-16.875 146.175"
"4623494","2022-11-10T12:00:00Z",-16.875,146.225,"0.0",0,"27.830000000000002","1.0",0,2022-11-10,"11","2022",0,27.83,"-16.875 146.225"
"4623535","2022-11-10T12:00:00Z",-16.925,146.225,"0.0",0,"27.75","0.91",0,2022-11-10,"11","2022",0,27.75,"-16.925 146.225"
"4623536","2022-11-10T12:00:00Z",-16.925,146.275,"0.0",0,"27.8","0.98",0,2022-11-10,"11","2022",0,27.8,"-16.925 146.275"
"4623576","2022-11-10T12:00:00Z",-16.975,146.225,"0.0",0,"27.67","0.81",0,2022-11-10,"11","2022",0,27.67,"-16.975 146.225"
"4635218","2022-11-17T12:00:00Z",-16.825,146.125,"0.0",0,"28.580000000000002","1.42",0,2022-11-17,"11","2022",0,28.58,"-16.825 146.125"
"4635220","2022-11-17T12:00:00Z",-16.825,146.225,"0.0",0,"28.5","1.42",0,2022-11-17,"11","2022",0,28.5,"-16.825 146.225"
"4635260","2022-11-17T12:00:00Z",-16.875,146.175,"0.0",0,"28.52","1.3900000000000001",0,2022-11-17,"11","2022",0,28.52,"-16.875 146.175"
"4635261","2022-11-17T12:00:00Z",-16.875,146.225,"0.0",0,"28.48","1.3800000000000001",0,2022-11-17,"11","2022",0,28.48,"-16.875 146.225"
"4635302","2022-11-17T12:00:00Z",-16.925,146.225,"0.0",0,"28.47","1.35",0,2022-11-17,"11","2022",0,28.47,"-16.925 146.225"
"4635303","2022-11-17T12:00:00Z",-16.925,146.275,"0.0",0,"28.46","1.37",0,2022-11-17,"11","2022",0,28.46,"-16.925 146.275"
"4635343","2022-11-17T12:00:00Z",-16.975,146.225,"0.0",0,"28.5","1.36",0,2022-11-17,"11","2022",0,28.5,"-16.975 146.225"
"4646985","2022-11-24T12:00:00Z",-16.825,146.125,"0.0",0,"29.29","1.96",0,2022-11-24,"11","2022",0,29.29,"-16.825 146.125"
"4646987","2022-11-24T12:00:00Z",-16.825,146.225,"0.0",0,"29.27","2.0",0,2022-11-24,"11","2022",0,29.27,"-16.825 146.225"
"4647027","2022-11-24T12:00:00Z",-16.875,146.175,"0.0",0,"29.23","1.92",0,2022-11-24,"11","2022",0,29.23,"-16.875 146.175"
"4647028","2022-11-24T12:00:00Z",-16.875,146.225,"0.0",0,"29.22","1.94",0,2022-11-24,"11","2022",0,29.22,"-16.875 146.225"
"4647069","2022-11-24T12:00:00Z",-16.925,146.225,"0.0",0,"29.2","1.9000000000000001",0,2022-11-24,"11","2022",0,29.2,"-16.925 146.225"
"4647070","2022-11-24T12:00:00Z",-16.925,146.275,"0.0",0,"29.2","1.93",0,2022-11-24,"11","2022",0,29.2,"-16.925 146.275"
"4647110","2022-11-24T12:00:00Z",-16.975,146.225,"0.0",0,"29.16","1.85",0,2022-11-24,"11","2022",0,29.16,"-16.975 146.225"
"4658752","2022-12-01T12:00:00Z",-16.825,146.125,"0.0",0,"29.150000000000002","1.6400000000000001",0,2022-12-01,"12","2022",0,29.15,"-16.825 146.125"
"4658754","2022-12-01T12:00:00Z",-16.825,146.225,"0.0",0,"29.1","1.6400000000000001",0,2022-12-01,"12","2022",0,29.1,"-16.825 146.225"
"4658794","2022-12-01T12:00:00Z",-16.875,146.175,"0.0",0,"29.09","1.6",0,2022-12-01,"12","2022",0,29.09,"-16.875 146.175"
"4658795","2022-12-01T12:00:00Z",-16.875,146.225,"0.0",0,"29.07","1.6",0,2022-12-01,"12","2022",0,29.07,"-16.875 146.225"
"4658836","2022-12-01T12:00:00Z",-16.925,146.225,"0.0",0,"29.04","1.56",0,2022-12-01,"12","2022",0,29.04,"-16.925 146.225"
"4658837","2022-12-01T12:00:00Z",-16.925,146.275,"0.0",0,"29.02","1.56",0,2022-12-01,"12","2022",0,29.02,"-16.925 146.275"
"4658877","2022-12-01T12:00:00Z",-16.975,146.225,"0.0",0,"29.01","1.53",0,2022-12-01,"12","2022",0,29.01,"-16.975 146.225"
"4670519","2022-12-08T12:00:00Z",-16.825,146.125,"0.0",0,"29.060000000000002","1.3800000000000001",0,2022-12-08,"12","2022",0,29.06,"-16.825 146.125"
"4670521","2022-12-08T12:00:00Z",-16.825,146.225,"0.0",0,"29.13","1.49",0,2022-12-08,"12","2022",0,29.13,"-16.825 146.225"
"4670561","2022-12-08T12:00:00Z",-16.875,146.175,"0.0",0,"29.060000000000002","1.4000000000000001",0,2022-12-08,"12","2022",0,29.06,"-16.875 146.175"
"4670562","2022-12-08T12:00:00Z",-16.875,146.225,"0.0",0,"29.080000000000002","1.43",0,2022-12-08,"12","2022",0,29.08,"-16.875 146.225"
"4670603","2022-12-08T12:00:00Z",-16.925,146.225,"0.0",0,"29.04","1.3900000000000001",0,2022-12-08,"12","2022",0,29.04,"-16.925 146.225"
"4670604","2022-12-08T12:00:00Z",-16.925,146.275,"0.0",0,"29.060000000000002","1.42",0,2022-12-08,"12","2022",0,29.06,"-16.925 146.275"
"4670644","2022-12-08T12:00:00Z",-16.975,146.225,"0.0",0,"29.03","1.37",0,2022-12-08,"12","2022",0,29.03,"-16.975 146.225"
"4682286","2022-12-15T12:00:00Z",-16.825,146.125,"0.15",0,"29.73","1.87",0,2022-12-15,"12","2022",0.15,29.73,"-16.825 146.125"
"4682288","2022-12-15T12:00:00Z",-16.825,146.225,"0.0",0,"29.580000000000002","1.75",0,2022-12-15,"12","2022",0,29.58,"-16.825 146.225"
"4682328","2022-12-15T12:00:00Z",-16.875,146.175,"0.0",0,"29.650000000000002","1.81",0,2022-12-15,"12","2022",0,29.65,"-16.875 146.175"
"4682329","2022-12-15T12:00:00Z",-16.875,146.225,"0.0",0,"29.580000000000002","1.75",0,2022-12-15,"12","2022",0,29.58,"-16.875 146.225"
"4682370","2022-12-15T12:00:00Z",-16.925,146.225,"0.0",0,"29.560000000000002","1.73",0,2022-12-15,"12","2022",0,29.56,"-16.925 146.225"
"4682371","2022-12-15T12:00:00Z",-16.925,146.275,"0.0",0,"29.52","1.7",0,2022-12-15,"12","2022",0,29.52,"-16.925 146.275"
"4682411","2022-12-15T12:00:00Z",-16.975,146.225,"0.0",0,"29.54","1.71",0,2022-12-15,"12","2022",0,29.54,"-16.975 146.225"
"4694053","2022-12-22T12:00:00Z",-16.825,146.125,"0.15",0,"28.8","0.79",0,2022-12-22,"12","2022",0.15,28.8,"-16.825 146.125"
"4694055","2022-12-22T12:00:00Z",-16.825,146.225,"0.0",0,"28.830000000000002","0.85",0,2022-12-22,"12","2022",0,28.83,"-16.825 146.225"
"4694095","2022-12-22T12:00:00Z",-16.875,146.175,"0.0",0,"28.8","0.8",0,2022-12-22,"12","2022",0,28.8,"-16.875 146.175"
"4694096","2022-12-22T12:00:00Z",-16.875,146.225,"0.0",0,"28.810000000000002","0.8300000000000001",0,2022-12-22,"12","2022",0,28.81,"-16.875 146.225"
"4694137","2022-12-22T12:00:00Z",-16.925,146.225,"0.0",0,"28.79","0.8",0,2022-12-22,"12","2022",0,28.79,"-16.925 146.225"
"4694138","2022-12-22T12:00:00Z",-16.925,146.275,"0.0",0,"28.79","0.81",0,2022-12-22,"12","2022",0,28.79,"-16.925 146.275"
"4694178","2022-12-22T12:00:00Z",-16.975,146.225,"0.0",0,"28.77","0.78",0,2022-12-22,"12","2022",0,28.77,"-16.975 146.225"
"4705820","2022-12-29T12:00:00Z",-16.825,146.125,"0.15",0,"28.76","0.59",0,2022-12-29,"12","2022",0.15,28.76,"-16.825 146.125"
"4705822","2022-12-29T12:00:00Z",-16.825,146.225,"0.0",0,"28.88","0.75",0,2022-12-29,"12","2022",0,28.88,"-16.825 146.225"
"4705862","2022-12-29T12:00:00Z",-16.875,146.175,"0.0",0,"28.78","0.63",0,2022-12-29,"12","2022",0,28.78,"-16.875 146.175"
"4705863","2022-12-29T12:00:00Z",-16.875,146.225,"0.0",0,"28.85","0.71",0,2022-12-29,"12","2022",0,28.85,"-16.875 146.225"
"4705904","2022-12-29T12:00:00Z",-16.925,146.225,"0.0",0,"28.810000000000002","0.66",0,2022-12-29,"12","2022",0,28.81,"-16.925 146.225"
"4705905","2022-12-29T12:00:00Z",-16.925,146.275,"0.0",0,"28.87","0.74",0,2022-12-29,"12","2022",0,28.87,"-16.925 146.275"
"4705945","2022-12-29T12:00:00Z",-16.975,146.225,"0.0",0,"28.77","0.62",0,2022-12-29,"12","2022",0,28.77,"-16.975 146.225"
"4717587","2023-01-05T12:00:00Z",-16.825,146.125,"0.15",0,"28.68","0.36",0,2023-01-05,"01","2023",0.15,28.68,"-16.825 146.125"
"4717589","2023-01-05T12:00:00Z",-16.825,146.225,"0.0",0,"28.67","0.39",0,2023-01-05,"01","2023",0,28.67,"-16.825 146.225"
"4717629","2023-01-05T12:00:00Z",-16.875,146.175,"0.0",0,"28.68","0.37",0,2023-01-05,"01","2023",0,28.68,"-16.875 146.175"
"4717630","2023-01-05T12:00:00Z",-16.875,146.225,"0.0",0,"28.67","0.38",0,2023-01-05,"01","2023",0,28.67,"-16.875 146.225"
"4717671","2023-01-05T12:00:00Z",-16.925,146.225,"0.0",0,"28.68","0.38",0,2023-01-05,"01","2023",0,28.68,"-16.925 146.225"
"4717672","2023-01-05T12:00:00Z",-16.925,146.275,"0.0",0,"28.68","0.39",0,2023-01-05,"01","2023",0,28.68,"-16.925 146.275"
"4717712","2023-01-05T12:00:00Z",-16.975,146.225,"0.0",0,"28.69","0.38",0,2023-01-05,"01","2023",0,28.69,"-16.975 146.225"
"4729354","2023-01-12T12:00:00Z",-16.825,146.125,"0.15",0,"29.41","0.9400000000000001",0,2023-01-12,"01","2023",0.15,29.41,"-16.825 146.125"
"4729356","2023-01-12T12:00:00Z",-16.825,146.225,"0.0",0,"29.41","0.97",0,2023-01-12,"01","2023",0,29.41,"-16.825 146.225"
"4729396","2023-01-12T12:00:00Z",-16.875,146.175,"0.0",0,"29.400000000000002","0.9400000000000001",0,2023-01-12,"01","2023",0,29.4,"-16.875 146.175"
"4729397","2023-01-12T12:00:00Z",-16.875,146.225,"0.0",0,"29.39","0.9500000000000001",0,2023-01-12,"01","2023",0,29.39,"-16.875 146.225"
"4729438","2023-01-12T12:00:00Z",-16.925,146.225,"0.0",0,"29.39","0.93",0,2023-01-12,"01","2023",0,29.39,"-16.925 146.225"
"4729439","2023-01-12T12:00:00Z",-16.925,146.275,"0.0",0,"29.39","0.9500000000000001",0,2023-01-12,"01","2023",0,29.39,"-16.925 146.275"
"4729479","2023-01-12T12:00:00Z",-16.975,146.225,"0.0",0,"29.39","0.92",0,2023-01-12,"01","2023",0,29.39,"-16.975 146.225"
"4741121","2023-01-19T12:00:00Z",-16.825,146.125,"0.15",0,"29.02","0.46",0,2023-01-19,"01","2023",0.15,29.02,"-16.825 146.125"
"4741123","2023-01-19T12:00:00Z",-16.825,146.225,"0.0",0,"29.04","0.52",0,2023-01-19,"01","2023",0,29.04,"-16.825 146.225"
"4741163","2023-01-19T12:00:00Z",-16.875,146.175,"0.0",0,"29.0","0.45",0,2023-01-19,"01","2023",0,29,"-16.875 146.175"
"4741164","2023-01-19T12:00:00Z",-16.875,146.225,"0.0",0,"29.02","0.49",0,2023-01-19,"01","2023",0,29.02,"-16.875 146.225"
"4741205","2023-01-19T12:00:00Z",-16.925,146.225,"0.0",0,"29.0","0.45",0,2023-01-19,"01","2023",0,29,"-16.925 146.225"
"4741206","2023-01-19T12:00:00Z",-16.925,146.275,"0.0",0,"29.01","0.48",0,2023-01-19,"01","2023",0,29.01,"-16.925 146.275"
"4741246","2023-01-19T12:00:00Z",-16.975,146.225,"0.0",0,"28.98","0.42",0,2023-01-19,"01","2023",0,28.98,"-16.975 146.225"
"4752888","2023-01-26T12:00:00Z",-16.825,146.125,"0.15",0,"29.02","0.43",0,2023-01-26,"01","2023",0.15,29.02,"-16.825 146.125"
"4752890","2023-01-26T12:00:00Z",-16.825,146.225,"0.0",0,"29.0","0.45",0,2023-01-26,"01","2023",0,29,"-16.825 146.225"
"4752930","2023-01-26T12:00:00Z",-16.875,146.175,"0.0",0,"29.04","0.45",0,2023-01-26,"01","2023",0,29.04,"-16.875 146.175"
"4752931","2023-01-26T12:00:00Z",-16.875,146.225,"0.0",0,"29.02","0.45",0,2023-01-26,"01","2023",0,29.02,"-16.875 146.225"
"4752972","2023-01-26T12:00:00Z",-16.925,146.225,"0.0",0,"29.07","0.48",0,2023-01-26,"01","2023",0,29.07,"-16.925 146.225"
"4752973","2023-01-26T12:00:00Z",-16.925,146.275,"0.0",0,"29.04","0.47000000000000003",0,2023-01-26,"01","2023",0,29.04,"-16.925 146.275"
"4753013","2023-01-26T12:00:00Z",-16.975,146.225,"0.0",0,"29.12","0.52",0,2023-01-26,"01","2023",0,29.12,"-16.975 146.225"
"4764655","2023-02-02T12:00:00Z",-16.825,146.125,"0.15",0,"29.330000000000002","0.7000000000000001",0,2023-02-02,"02","2023",0.15,29.33,"-16.825 146.125"
"4764657","2023-02-02T12:00:00Z",-16.825,146.225,"0.0",0,"29.3","0.71",0,2023-02-02,"02","2023",0,29.3,"-16.825 146.225"
"4764697","2023-02-02T12:00:00Z",-16.875,146.175,"0.0",0,"29.310000000000002","0.6900000000000001",0,2023-02-02,"02","2023",0,29.31,"-16.875 146.175"
"4764698","2023-02-02T12:00:00Z",-16.875,146.225,"0.0",0,"29.3","0.7000000000000001",0,2023-02-02,"02","2023",0,29.3,"-16.875 146.225"
"4764739","2023-02-02T12:00:00Z",-16.925,146.225,"0.0",0,"29.3","0.68",0,2023-02-02,"02","2023",0,29.3,"-16.925 146.225"
"4764740","2023-02-02T12:00:00Z",-16.925,146.275,"0.0",0,"29.3","0.7000000000000001",0,2023-02-02,"02","2023",0,29.3,"-16.925 146.275"
"4764780","2023-02-02T12:00:00Z",-16.975,146.225,"0.0",0,"29.310000000000002","0.67",0,2023-02-02,"02","2023",0,29.31,"-16.975 146.225"
"4776422","2023-02-09T12:00:00Z",-16.825,146.125,"0.15",0,"29.27","0.61",0,2023-02-09,"02","2023",0.15,29.27,"-16.825 146.125"
"4776424","2023-02-09T12:00:00Z",-16.825,146.225,"0.0",0,"29.21","0.59",0,2023-02-09,"02","2023",0,29.21,"-16.825 146.225"
"4776464","2023-02-09T12:00:00Z",-16.875,146.175,"0.0",0,"29.27","0.61",0,2023-02-09,"02","2023",0,29.27,"-16.875 146.175"
"4776465","2023-02-09T12:00:00Z",-16.875,146.225,"0.0",0,"29.240000000000002","0.6",0,2023-02-09,"02","2023",0,29.24,"-16.875 146.225"
"4776506","2023-02-09T12:00:00Z",-16.925,146.225,"0.0",0,"29.29","0.63",0,2023-02-09,"02","2023",0,29.29,"-16.925 146.225"
"4776507","2023-02-09T12:00:00Z",-16.925,146.275,"0.0",0,"29.26","0.62",0,2023-02-09,"02","2023",0,29.26,"-16.925 146.275"
"4776547","2023-02-09T12:00:00Z",-16.975,146.225,"0.0",0,"29.36","0.68",0,2023-02-09,"02","2023",0,29.36,"-16.975 146.225"
"4788189","2023-02-16T12:00:00Z",-16.825,146.125,"0.15",0,"29.18","0.51",0,2023-02-16,"02","2023",0.15,29.18,"-16.825 146.125"
"4788191","2023-02-16T12:00:00Z",-16.825,146.225,"0.0",0,"29.18","0.55",0,2023-02-16,"02","2023",0,29.18,"-16.825 146.225"
"4788231","2023-02-16T12:00:00Z",-16.875,146.175,"0.0",0,"29.18","0.51",0,2023-02-16,"02","2023",0,29.18,"-16.875 146.175"
"4788232","2023-02-16T12:00:00Z",-16.875,146.225,"0.0",0,"29.18","0.53",0,2023-02-16,"02","2023",0,29.18,"-16.875 146.225"
"4788273","2023-02-16T12:00:00Z",-16.925,146.225,"0.0",0,"29.17","0.5",0,2023-02-16,"02","2023",0,29.17,"-16.925 146.225"
"4788274","2023-02-16T12:00:00Z",-16.925,146.275,"0.0",0,"29.17","0.52",0,2023-02-16,"02","2023",0,29.17,"-16.925 146.275"
"4788314","2023-02-16T12:00:00Z",-16.975,146.225,"0.0",0,"29.17","0.48",0,2023-02-16,"02","2023",0,29.17,"-16.975 146.225"
"4799956","2023-02-23T12:00:00Z",-16.825,146.125,"0.15",0,"28.92","0.41000000000000003",0,2023-02-23,"02","2023",0.15,28.92,"-16.825 146.125"
"4799958","2023-02-23T12:00:00Z",-16.825,146.225,"0.0",0,"28.97","0.49",0,2023-02-23,"02","2023",0,28.97,"-16.825 146.225"
"4799998","2023-02-23T12:00:00Z",-16.875,146.175,"0.0",0,"28.95","0.44",0,2023-02-23,"02","2023",0,28.95,"-16.875 146.175"
"4799999","2023-02-23T12:00:00Z",-16.875,146.225,"0.0",0,"28.97","0.47000000000000003",0,2023-02-23,"02","2023",0,28.97,"-16.875 146.225"
"4800040","2023-02-23T12:00:00Z",-16.925,146.225,"0.0",0,"28.96","0.45",0,2023-02-23,"02","2023",0,28.96,"-16.925 146.225"
"4800041","2023-02-23T12:00:00Z",-16.925,146.275,"0.0",0,"28.98","0.48",0,2023-02-23,"02","2023",0,28.98,"-16.925 146.275"
"4800081","2023-02-23T12:00:00Z",-16.975,146.225,"0.0",0,"28.97","0.44",0,2023-02-23,"02","2023",0,28.97,"-16.975 146.225"
"4811723","2023-03-02T12:00:00Z",-16.825,146.125,"0.15",0,"28.88","0.53",0,2023-03-02,"03","2023",0.15,28.88,"-16.825 146.125"
"4811725","2023-03-02T12:00:00Z",-16.825,146.225,"0.0",0,"28.86","0.52",0,2023-03-02,"03","2023",0,28.86,"-16.825 146.225"
"4811765","2023-03-02T12:00:00Z",-16.875,146.175,"0.0",0,"28.87","0.51",0,2023-03-02,"03","2023",0,28.87,"-16.875 146.175"
"4811766","2023-03-02T12:00:00Z",-16.875,146.225,"0.0",0,"28.87","0.52",0,2023-03-02,"03","2023",0,28.87,"-16.875 146.225"
"4811807","2023-03-02T12:00:00Z",-16.925,146.225,"0.0",0,"28.89","0.53",0,2023-03-02,"03","2023",0,28.89,"-16.925 146.225"
"4811808","2023-03-02T12:00:00Z",-16.925,146.275,"0.0",0,"28.87","0.52",0,2023-03-02,"03","2023",0,28.87,"-16.925 146.275"
"4811848","2023-03-02T12:00:00Z",-16.975,146.225,"0.0",0,"28.900000000000002","0.53",0,2023-03-02,"03","2023",0,28.9,"-16.975 146.225"
"4823490","2023-03-09T12:00:00Z",-16.825,146.125,"0.0",0,"29.1","0.91",0,2023-03-09,"03","2023",0,29.1,"-16.825 146.125"
"4823492","2023-03-09T12:00:00Z",-16.825,146.225,"0.0",0,"29.03","0.84",0,2023-03-09,"03","2023",0,29.03,"-16.825 146.225"
"4823532","2023-03-09T12:00:00Z",-16.875,146.175,"0.0",0,"29.05","0.85",0,2023-03-09,"03","2023",0,29.05,"-16.875 146.175"
"4823533","2023-03-09T12:00:00Z",-16.875,146.225,"0.0",0,"29.02","0.8200000000000001",0,2023-03-09,"03","2023",0,29.02,"-16.875 146.225"
"4823574","2023-03-09T12:00:00Z",-16.925,146.225,"0.0",0,"29.0","0.8",0,2023-03-09,"03","2023",0,29,"-16.925 146.225"
"4823575","2023-03-09T12:00:00Z",-16.925,146.275,"0.0",0,"28.98","0.78",0,2023-03-09,"03","2023",0,28.98,"-16.925 146.275"
"4823615","2023-03-09T12:00:00Z",-16.975,146.225,"0.0",0,"28.97","0.76",0,2023-03-09,"03","2023",0,28.97,"-16.975 146.225"
"4835257","2023-03-16T12:00:00Z",-16.825,146.125,"0.33",0,"29.91","1.8800000000000001",0,2023-03-16,"03","2023",0.33,29.91,"-16.825 146.125"
"4835259","2023-03-16T12:00:00Z",-16.825,146.225,"0.32",0,"29.810000000000002","1.77",0,2023-03-16,"03","2023",0.32,29.81,"-16.825 146.225"
"4835299","2023-03-16T12:00:00Z",-16.875,146.175,"0.32",0,"29.88","1.84",0,2023-03-16,"03","2023",0.32,29.88,"-16.875 146.175"
"4835300","2023-03-16T12:00:00Z",-16.875,146.225,"0.32",0,"29.82","1.78",0,2023-03-16,"03","2023",0.32,29.82,"-16.875 146.225"
"4835341","2023-03-16T12:00:00Z",-16.925,146.225,"0.31",0,"29.84","1.8",0,2023-03-16,"03","2023",0.31,29.84,"-16.925 146.225"
"4835342","2023-03-16T12:00:00Z",-16.925,146.275,"0.31",0,"29.77","1.73",0,2023-03-16,"03","2023",0.31,29.77,"-16.925 146.275"
"4835382","2023-03-16T12:00:00Z",-16.975,146.225,"0.3",0,"29.82","1.78",0,2023-03-16,"03","2023",0.3,29.82,"-16.975 146.225"
"4847024","2023-03-23T12:00:00Z",-16.825,146.125,"0.33",0,"28.77","0.98",0,2023-03-23,"03","2023",0.33,28.77,"-16.825 146.125"
"4847026","2023-03-23T12:00:00Z",-16.825,146.225,"0.32",0,"28.78","0.97",0,2023-03-23,"03","2023",0.32,28.78,"-16.825 146.225"
"4847066","2023-03-23T12:00:00Z",-16.875,146.175,"0.32",0,"28.77","0.97",0,2023-03-23,"03","2023",0.32,28.77,"-16.875 146.175"
"4847067","2023-03-23T12:00:00Z",-16.875,146.225,"0.32",0,"28.78","0.98",0,2023-03-23,"03","2023",0.32,28.78,"-16.875 146.225"
"4847108","2023-03-23T12:00:00Z",-16.925,146.225,"0.31",0,"28.79","0.99",0,2023-03-23,"03","2023",0.31,28.79,"-16.925 146.225"
"4847109","2023-03-23T12:00:00Z",-16.925,146.275,"0.31",0,"28.810000000000002","1.01",0,2023-03-23,"03","2023",0.31,28.81,"-16.925 146.275"
"4847149","2023-03-23T12:00:00Z",-16.975,146.225,"0.3",0,"28.78","0.99",0,2023-03-23,"03","2023",0.3,28.78,"-16.975 146.225"
"4858791","2023-03-30T12:00:00Z",-16.825,146.125,"0.33",0,"28.830000000000002","1.28",0,2023-03-30,"03","2023",0.33,28.83,"-16.825 146.125"
"4858793","2023-03-30T12:00:00Z",-16.825,146.225,"0.32",0,"28.810000000000002","1.23",0,2023-03-30,"03","2023",0.32,28.81,"-16.825 146.225"
"4858833","2023-03-30T12:00:00Z",-16.875,146.175,"0.32",0,"28.830000000000002","1.27",0,2023-03-30,"03","2023",0.32,28.83,"-16.875 146.175"
"4858834","2023-03-30T12:00:00Z",-16.875,146.225,"0.32",0,"28.830000000000002","1.26",0,2023-03-30,"03","2023",0.32,28.83,"-16.875 146.225"
"4858875","2023-03-30T12:00:00Z",-16.925,146.225,"0.31",0,"28.86","1.3",0,2023-03-30,"03","2023",0.31,28.86,"-16.925 146.225"
"4858876","2023-03-30T12:00:00Z",-16.925,146.275,"0.31",0,"28.84","1.27",0,2023-03-30,"03","2023",0.31,28.84,"-16.925 146.275"
"4858916","2023-03-30T12:00:00Z",-16.975,146.225,"0.3",0,"28.91","1.36",0,2023-03-30,"03","2023",0.3,28.91,"-16.975 146.225"
"4870558","2023-04-06T12:00:00Z",-16.825,146.125,"0.33",0,"29.39","2.08",0,2023-04-06,"04","2023",0.33,29.39,"-16.825 146.125"
"4870560","2023-04-06T12:00:00Z",-16.825,146.225,"0.32",0,"29.29","1.94",0,2023-04-06,"04","2023",0.32,29.29,"-16.825 146.225"
"4870600","2023-04-06T12:00:00Z",-16.875,146.175,"0.32",0,"29.36","2.04",0,2023-04-06,"04","2023",0.32,29.36,"-16.875 146.175"
"4870601","2023-04-06T12:00:00Z",-16.875,146.225,"0.32",0,"29.330000000000002","1.99",0,2023-04-06,"04","2023",0.32,29.33,"-16.875 146.225"
"4870642","2023-04-06T12:00:00Z",-16.925,146.225,"0.31",0,"29.39","2.07",0,2023-04-06,"04","2023",0.31,29.39,"-16.925 146.225"
"4870643","2023-04-06T12:00:00Z",-16.925,146.275,"0.31",0,"29.36","2.02",0,2023-04-06,"04","2023",0.31,29.36,"-16.925 146.275"
"4870683","2023-04-06T12:00:00Z",-16.975,146.225,"0.3",0,"29.44","2.13",0,2023-04-06,"04","2023",0.3,29.44,"-16.975 146.225"
"4882325","2023-04-13T12:00:00Z",-16.825,146.125,"0.33",0,"29.63","2.56",0,2023-04-13,"04","2023",0.33,29.63,"-16.825 146.125"
"4882327","2023-04-13T12:00:00Z",-16.825,146.225,"0.47000000000000003",0,"29.66","2.54",0,2023-04-13,"04","2023",0.47,29.66,"-16.825 146.225"
"4882367","2023-04-13T12:00:00Z",-16.875,146.175,"0.32",0,"29.650000000000002","2.57",0,2023-04-13,"04","2023",0.32,29.65,"-16.875 146.175"
"4882368","2023-04-13T12:00:00Z",-16.875,146.225,"0.46",0,"29.68","2.57",0,2023-04-13,"04","2023",0.46,29.68,"-16.875 146.225"
"4882409","2023-04-13T12:00:00Z",-16.925,146.225,"0.46",0,"29.72","2.63",0,2023-04-13,"04","2023",0.46,29.72,"-16.925 146.225"
"4882410","2023-04-13T12:00:00Z",-16.925,146.275,"0.46",0,"29.73","2.62",0,2023-04-13,"04","2023",0.46,29.73,"-16.925 146.275"
"4882450","2023-04-13T12:00:00Z",-16.975,146.225,"0.45",0,"29.76","2.69",0,2023-04-13,"04","2023",0.45,29.76,"-16.975 146.225"
"4894092","2023-04-20T12:00:00Z",-16.825,146.125,"0.66",0,"28.95","2.18",0,2023-04-20,"04","2023",0.66,28.95,"-16.825 146.125"
"4894094","2023-04-20T12:00:00Z",-16.825,146.225,"0.79",0,"29.01","2.18",0,2023-04-20,"04","2023",0.79,29.01,"-16.825 146.225"
"4894134","2023-04-20T12:00:00Z",-16.875,146.175,"0.64",0,"28.95","2.16",0,2023-04-20,"04","2023",0.64,28.95,"-16.875 146.175"
"4894135","2023-04-20T12:00:00Z",-16.875,146.225,"0.78",0,"28.990000000000002","2.17",0,2023-04-20,"04","2023",0.78,28.99,"-16.875 146.225"
"4894176","2023-04-20T12:00:00Z",-16.925,146.225,"0.78",0,"28.95","2.15",0,2023-04-20,"04","2023",0.78,28.95,"-16.925 146.225"
"4894177","2023-04-20T12:00:00Z",-16.925,146.275,"0.77",0,"28.990000000000002","2.17",0,2023-04-20,"04","2023",0.77,28.99,"-16.925 146.275"
"4894217","2023-04-20T12:00:00Z",-16.975,146.225,"0.77",0,"28.93","2.15",0,2023-04-20,"04","2023",0.77,28.93,"-16.975 146.225"
"4905859","2023-04-27T12:00:00Z",-16.825,146.125,"0.66",0,"27.88","1.42",0,2023-04-27,"04","2023",0.66,27.88,"-16.825 146.125"
"4905861","2023-04-27T12:00:00Z",-16.825,146.225,"0.79",0,"27.97","1.44",0,2023-04-27,"04","2023",0.79,27.97,"-16.825 146.225"
"4905901","2023-04-27T12:00:00Z",-16.875,146.175,"0.64",0,"27.86","1.3900000000000001",0,2023-04-27,"04","2023",0.64,27.86,"-16.875 146.175"
"4905902","2023-04-27T12:00:00Z",-16.875,146.225,"0.78",0,"27.900000000000002","1.3800000000000001",0,2023-04-27,"04","2023",0.78,27.9,"-16.875 146.225"
"4905943","2023-04-27T12:00:00Z",-16.925,146.225,"0.78",0,"27.84","1.35",0,2023-04-27,"04","2023",0.78,27.84,"-16.925 146.225"
"4905944","2023-04-27T12:00:00Z",-16.925,146.275,"0.77",0,"27.900000000000002","1.3800000000000001",0,2023-04-27,"04","2023",0.77,27.9,"-16.925 146.275"
"4905984","2023-04-27T12:00:00Z",-16.975,146.225,"0.77",0,"27.8","1.34",0,2023-04-27,"04","2023",0.77,27.8,"-16.975 146.225"
"4917626","2023-05-04T12:00:00Z",-16.825,146.125,"0.66",0,"27.64","1.5",0,2023-05-04,"05","2023",0.66,27.64,"-16.825 146.125"
"4917628","2023-05-04T12:00:00Z",-16.825,146.225,"0.79",0,"27.85","1.62",0,2023-05-04,"05","2023",0.79,27.85,"-16.825 146.225"
"4917668","2023-05-04T12:00:00Z",-16.875,146.175,"0.64",0,"27.64","1.48",0,2023-05-04,"05","2023",0.64,27.64,"-16.875 146.175"
"4917669","2023-05-04T12:00:00Z",-16.875,146.225,"0.78",0,"27.75","1.54",0,2023-05-04,"05","2023",0.78,27.75,"-16.875 146.225"
"4917710","2023-05-04T12:00:00Z",-16.925,146.225,"0.78",0,"27.650000000000002","1.47",0,2023-05-04,"05","2023",0.78,27.65,"-16.925 146.225"
"4917711","2023-05-04T12:00:00Z",-16.925,146.275,"0.77",0,"27.76","1.54",0,2023-05-04,"05","2023",0.77,27.76,"-16.925 146.275"
"4917751","2023-05-04T12:00:00Z",-16.975,146.225,"0.77",0,"27.560000000000002","1.41",0,2023-05-04,"05","2023",0.77,27.56,"-16.975 146.225"
"4929393","2023-05-11T12:00:00Z",-16.825,146.125,"0.66",0,"27.17","1.35",0,2023-05-11,"05","2023",0.66,27.17,"-16.825 146.125"
"4929395","2023-05-11T12:00:00Z",-16.825,146.225,"0.79",0,"27.490000000000002","1.56",0,2023-05-11,"05","2023",0.79,27.49,"-16.825 146.225"
"4929435","2023-05-11T12:00:00Z",-16.875,146.175,"0.64",0,"27.22","1.37",0,2023-05-11,"05","2023",0.64,27.22,"-16.875 146.175"
"4929436","2023-05-11T12:00:00Z",-16.875,146.225,"0.78",0,"27.37","1.47",0,2023-05-11,"05","2023",0.78,27.37,"-16.875 146.225"
"4929477","2023-05-11T12:00:00Z",-16.925,146.225,"0.78",0,"27.25","1.3800000000000001",0,2023-05-11,"05","2023",0.78,27.25,"-16.925 146.225"
"4929478","2023-05-11T12:00:00Z",-16.925,146.275,"0.77",0,"27.42","1.5",0,2023-05-11,"05","2023",0.77,27.42,"-16.925 146.275"
"4929518","2023-05-11T12:00:00Z",-16.975,146.225,"0.77",0,"27.13","1.29",0,2023-05-11,"05","2023",0.77,27.13,"-16.975 146.225"
"4941160","2023-05-18T12:00:00Z",-16.825,146.125,"0.66",0,"27.05","1.55",0,2023-05-18,"05","2023",0.66,27.05,"-16.825 146.125"
"4941162","2023-05-18T12:00:00Z",-16.825,146.225,"0.79",0,"27.34","1.72",0,2023-05-18,"05","2023",0.79,27.34,"-16.825 146.225"
"4941202","2023-05-18T12:00:00Z",-16.875,146.175,"0.64",0,"27.12","1.59",0,2023-05-18,"05","2023",0.64,27.12,"-16.875 146.175"
"4941203","2023-05-18T12:00:00Z",-16.875,146.225,"0.78",0,"27.2","1.61",0,2023-05-18,"05","2023",0.78,27.2,"-16.875 146.225"
"4941244","2023-05-18T12:00:00Z",-16.925,146.225,"0.78",0,"27.01","1.46",0,2023-05-18,"05","2023",0.78,27.01,"-16.925 146.225"
"4941245","2023-05-18T12:00:00Z",-16.925,146.275,"0.77",0,"27.12","1.51",0,2023-05-18,"05","2023",0.77,27.12,"-16.925 146.275"
"4941285","2023-05-18T12:00:00Z",-16.975,146.225,"0.77",0,"26.86","1.34",0,2023-05-18,"05","2023",0.77,26.86,"-16.975 146.225"
"4952927","2023-05-25T12:00:00Z",-16.825,146.125,"0.66",0,"26.34","1.18",0,2023-05-25,"05","2023",0.66,26.34,"-16.825 146.125"
"4952929","2023-05-25T12:00:00Z",-16.825,146.225,"0.79",0,"26.66","1.35",0,2023-05-25,"05","2023",0.79,26.66,"-16.825 146.225"
"4952969","2023-05-25T12:00:00Z",-16.875,146.175,"0.64",0,"26.37","1.17",0,2023-05-25,"05","2023",0.64,26.37,"-16.875 146.175"
"4952970","2023-05-25T12:00:00Z",-16.875,146.225,"0.78",0,"26.52","1.25",0,2023-05-25,"05","2023",0.78,26.52,"-16.875 146.225"
"4953011","2023-05-25T12:00:00Z",-16.925,146.225,"0.78",0,"26.37","1.1500000000000001",0,2023-05-25,"05","2023",0.78,26.37,"-16.925 146.225"
"4953012","2023-05-25T12:00:00Z",-16.925,146.275,"0.77",0,"26.54","1.24",0,2023-05-25,"05","2023",0.77,26.54,"-16.925 146.275"
"4953052","2023-05-25T12:00:00Z",-16.975,146.225,"0.77",0,"26.23","1.04",0,2023-05-25,"05","2023",0.77,26.23,"-16.975 146.225"
"4964694","2023-06-01T12:00:00Z",-16.825,146.125,"0.66",0,"26.19","1.36",0,2023-06-01,"06","2023",0.66,26.19,"-16.825 146.125"
"4964696","2023-06-01T12:00:00Z",-16.825,146.225,"0.79",0,"26.560000000000002","1.57",0,2023-06-01,"06","2023",0.79,26.56,"-16.825 146.225"
"4964736","2023-06-01T12:00:00Z",-16.875,146.175,"0.64",0,"26.240000000000002","1.37",0,2023-06-01,"06","2023",0.64,26.24,"-16.875 146.175"
"4964737","2023-06-01T12:00:00Z",-16.875,146.225,"0.78",0,"26.41","1.46",0,2023-06-01,"06","2023",0.78,26.41,"-16.875 146.225"
"4964778","2023-06-01T12:00:00Z",-16.925,146.225,"0.78",0,"26.26","1.37",0,2023-06-01,"06","2023",0.78,26.26,"-16.925 146.225"
"4964779","2023-06-01T12:00:00Z",-16.925,146.275,"0.77",0,"26.44","1.46",0,2023-06-01,"06","2023",0.77,26.44,"-16.925 146.275"
"4964819","2023-06-01T12:00:00Z",-16.975,146.225,"0.77",0,"26.11","1.26",0,2023-06-01,"06","2023",0.77,26.11,"-16.975 146.225"
"4976461","2023-06-08T12:00:00Z",-16.825,146.125,"0.33",0,"26.04","1.55",0,2023-06-08,"06","2023",0.33,26.04,"-16.825 146.125"
"4976463","2023-06-08T12:00:00Z",-16.825,146.225,"0.46",0,"26.34","1.6600000000000001",0,2023-06-08,"06","2023",0.46,26.34,"-16.825 146.225"
"4976503","2023-06-08T12:00:00Z",-16.875,146.175,"0.32",0,"26.080000000000002","1.54",0,2023-06-08,"06","2023",0.32,26.08,"-16.875 146.175"
"4976504","2023-06-08T12:00:00Z",-16.875,146.225,"0.46",0,"26.2","1.58",0,2023-06-08,"06","2023",0.46,26.2,"-16.875 146.225"
"4976545","2023-06-08T12:00:00Z",-16.925,146.225,"0.46",0,"26.05","1.48",0,2023-06-08,"06","2023",0.46,26.05,"-16.925 146.225"
"4976546","2023-06-08T12:00:00Z",-16.925,146.275,"0.47000000000000003",0,"26.16","1.5",0,2023-06-08,"06","2023",0.47,26.16,"-16.925 146.275"
"4976586","2023-06-08T12:00:00Z",-16.975,146.225,"0.47000000000000003",0,"25.91","1.3900000000000001",0,2023-06-08,"06","2023",0.47,25.91,"-16.975 146.225"
"4988228","2023-06-15T12:00:00Z",-16.825,146.125,"0.33",0,"25.95","1.79",0,2023-06-15,"06","2023",0.33,25.95,"-16.825 146.125"
"4988230","2023-06-15T12:00:00Z",-16.825,146.225,"0.46",0,"26.310000000000002","1.95",0,2023-06-15,"06","2023",0.46,26.31,"-16.825 146.225"
"4988270","2023-06-15T12:00:00Z",-16.875,146.175,"0.32",0,"26.04","1.83",0,2023-06-15,"06","2023",0.32,26.04,"-16.875 146.175"
"4988271","2023-06-15T12:00:00Z",-16.875,146.225,"0.46",0,"26.18","1.8800000000000001",0,2023-06-15,"06","2023",0.46,26.18,"-16.875 146.225"
"4988312","2023-06-15T12:00:00Z",-16.925,146.225,"0.46",0,"26.03","1.79",0,2023-06-15,"06","2023",0.46,26.03,"-16.925 146.225"
"4988313","2023-06-15T12:00:00Z",-16.925,146.275,"0.47000000000000003",0,"26.16","1.82",0,2023-06-15,"06","2023",0.47,26.16,"-16.925 146.275"
"4988353","2023-06-15T12:00:00Z",-16.975,146.225,"0.47000000000000003",0,"25.85","1.6600000000000001",0,2023-06-15,"06","2023",0.47,25.85,"-16.975 146.225"
"4999995","2023-06-22T12:00:00Z",-16.825,146.125,"0.33",0,"25.990000000000002","1.97",0,2023-06-22,"06","2023",0.33,25.99,"-16.825 146.125"
"4999997","2023-06-22T12:00:00Z",-16.825,146.225,"0.46",0,"26.25","2.02",0,2023-06-22,"06","2023",0.46,26.25,"-16.825 146.225"
"5000037","2023-06-22T12:00:00Z",-16.875,146.175,"0.32",0,"26.03","1.96",0,2023-06-22,"06","2023",0.32,26.03,"-16.875 146.175"
"5000038","2023-06-22T12:00:00Z",-16.875,146.225,"0.46",0,"26.13","1.97",0,2023-06-22,"06","2023",0.46,26.13,"-16.875 146.225"
"5000079","2023-06-22T12:00:00Z",-16.925,146.225,"0.46",0,"26.0","1.9000000000000001",0,2023-06-22,"06","2023",0.46,26,"-16.925 146.225"
"5000080","2023-06-22T12:00:00Z",-16.925,146.275,"0.47000000000000003",0,"26.080000000000002","1.8800000000000001",0,2023-06-22,"06","2023",0.47,26.08,"-16.925 146.275"
"5000120","2023-06-22T12:00:00Z",-16.975,146.225,"0.47000000000000003",0,"25.85","1.81",0,2023-06-22,"06","2023",0.47,25.85,"-16.975 146.225"
"5011762","2023-06-29T12:00:00Z",-16.825,146.125,"0.33",0,"26.02","2.14",0,2023-06-29,"06","2023",0.33,26.02,"-16.825 146.125"
"5011764","2023-06-29T12:00:00Z",-16.825,146.225,"0.46",0,"26.09","1.99",0,2023-06-29,"06","2023",0.46,26.09,"-16.825 146.225"
"5011804","2023-06-29T12:00:00Z",-16.875,146.175,"0.32",0,"26.03","2.1",0,2023-06-29,"06","2023",0.32,26.03,"-16.875 146.175"
"5011805","2023-06-29T12:00:00Z",-16.875,146.225,"0.46",0,"26.060000000000002","2.0300000000000002",0,2023-06-29,"06","2023",0.46,26.06,"-16.875 146.225"
"5011846","2023-06-29T12:00:00Z",-16.925,146.225,"0.46",0,"26.0","2.04",0,2023-06-29,"06","2023",0.46,26,"-16.925 146.225"
"5011847","2023-06-29T12:00:00Z",-16.925,146.275,"0.47000000000000003",0,"26.03","1.97",0,2023-06-29,"06","2023",0.47,26.03,"-16.925 146.275"
"5011887","2023-06-29T12:00:00Z",-16.975,146.225,"0.47000000000000003",0,"25.96","2.06",0,2023-06-29,"06","2023",0.47,25.96,"-16.975 146.225"
"5023529","2023-07-06T12:00:00Z",-16.825,146.125,"0.33",0,"25.96","2.22",0,2023-07-06,"07","2023",0.33,25.96,"-16.825 146.125"
"5023531","2023-07-06T12:00:00Z",-16.825,146.225,"0.32",0,"26.01","2.04",0,2023-07-06,"07","2023",0.32,26.01,"-16.825 146.225"
"5023571","2023-07-06T12:00:00Z",-16.875,146.175,"0.32",0,"25.95","2.17",0,2023-07-06,"07","2023",0.32,25.95,"-16.875 146.175"
"5023572","2023-07-06T12:00:00Z",-16.875,146.225,"0.32",0,"25.97","2.08",0,2023-07-06,"07","2023",0.32,25.97,"-16.875 146.225"
"5023613","2023-07-06T12:00:00Z",-16.925,146.225,"0.32",0,"25.91","2.1",0,2023-07-06,"07","2023",0.32,25.91,"-16.925 146.225"
"5023614","2023-07-06T12:00:00Z",-16.925,146.275,"0.32",0,"25.92","2.0",0,2023-07-06,"07","2023",0.32,25.92,"-16.925 146.275"
"5023654","2023-07-06T12:00:00Z",-16.975,146.225,"0.32",0,"25.85","2.1",0,2023-07-06,"07","2023",0.32,25.85,"-16.975 146.225"
"5035296","2023-07-13T12:00:00Z",-16.825,146.125,"0.0",0,"25.57","1.97",0,2023-07-13,"07","2023",0,25.57,"-16.825 146.125"
"5035298","2023-07-13T12:00:00Z",-16.825,146.225,"0.0",0,"25.810000000000002","1.97",0,2023-07-13,"07","2023",0,25.81,"-16.825 146.225"
"5035338","2023-07-13T12:00:00Z",-16.875,146.175,"0.0",0,"25.57","1.93",0,2023-07-13,"07","2023",0,25.57,"-16.875 146.175"
"5035339","2023-07-13T12:00:00Z",-16.875,146.225,"0.0",0,"25.67","1.9100000000000001",0,2023-07-13,"07","2023",0,25.67,"-16.875 146.225"
"5035380","2023-07-13T12:00:00Z",-16.925,146.225,"0.0",0,"25.54","1.87",0,2023-07-13,"07","2023",0,25.54,"-16.925 146.225"
"5035381","2023-07-13T12:00:00Z",-16.925,146.275,"0.0",0,"25.650000000000002","1.87",0,2023-07-13,"07","2023",0,25.65,"-16.925 146.275"
"5035421","2023-07-13T12:00:00Z",-16.975,146.225,"0.0",0,"25.400000000000002","1.8",0,2023-07-13,"07","2023",0,25.4,"-16.975 146.225"
"5047063","2023-07-20T12:00:00Z",-16.825,146.125,"0.0",0,"25.240000000000002","1.6600000000000001",0,2023-07-20,"07","2023",0,25.24,"-16.825 146.125"
"5047065","2023-07-20T12:00:00Z",-16.825,146.225,"0.0",0,"25.55","1.74",0,2023-07-20,"07","2023",0,25.55,"-16.825 146.225"
"5047105","2023-07-20T12:00:00Z",-16.875,146.175,"0.0",0,"25.3","1.68",0,2023-07-20,"07","2023",0,25.3,"-16.875 146.175"
"5047106","2023-07-20T12:00:00Z",-16.875,146.225,"0.0",0,"25.43","1.7",0,2023-07-20,"07","2023",0,25.43,"-16.875 146.225"
"5047147","2023-07-20T12:00:00Z",-16.925,146.225,"0.0",0,"25.3","1.6600000000000001",0,2023-07-20,"07","2023",0,25.3,"-16.925 146.225"
"5047148","2023-07-20T12:00:00Z",-16.925,146.275,"0.0",0,"25.43","1.68",0,2023-07-20,"07","2023",0,25.43,"-16.925 146.275"
"5047188","2023-07-20T12:00:00Z",-16.975,146.225,"0.0",0,"25.19","1.62",0,2023-07-20,"07","2023",0,25.19,"-16.975 146.225"
"5058830","2023-07-27T12:00:00Z",-16.825,146.125,"0.0",0,"24.59","0.99",0,2023-07-27,"07","2023",0,24.59,"-16.825 146.125"
"5058832","2023-07-27T12:00:00Z",-16.825,146.225,"0.0",0,"24.93","1.11",0,2023-07-27,"07","2023",0,24.93,"-16.825 146.225"
"5058872","2023-07-27T12:00:00Z",-16.875,146.175,"0.0",0,"24.650000000000002","1.01",0,2023-07-27,"07","2023",0,24.65,"-16.875 146.175"
"5058873","2023-07-27T12:00:00Z",-16.875,146.225,"0.0",0,"24.79","1.04",0,2023-07-27,"07","2023",0,24.79,"-16.875 146.225"
"5058914","2023-07-27T12:00:00Z",-16.925,146.225,"0.0",0,"24.69","1.03",0,2023-07-27,"07","2023",0,24.69,"-16.925 146.225"
"5058915","2023-07-27T12:00:00Z",-16.925,146.275,"0.0",0,"24.85","1.09",0,2023-07-27,"07","2023",0,24.85,"-16.925 146.275"
"5058955","2023-07-27T12:00:00Z",-16.975,146.225,"0.0",0,"24.57","0.98",0,2023-07-27,"07","2023",0,24.57,"-16.975 146.225"
"5070597","2023-08-03T12:00:00Z",-16.825,146.125,"0.0",0,"24.54","0.91",0,2023-08-03,"08","2023",0,24.54,"-16.825 146.125"
"5070599","2023-08-03T12:00:00Z",-16.825,146.225,"0.0",0,"24.97","1.1400000000000001",0,2023-08-03,"08","2023",0,24.97,"-16.825 146.225"
"5070639","2023-08-03T12:00:00Z",-16.875,146.175,"0.0",0,"24.62","0.96",0,2023-08-03,"08","2023",0,24.62,"-16.875 146.175"
"5070640","2023-08-03T12:00:00Z",-16.875,146.225,"0.0",0,"24.810000000000002","1.05",0,2023-08-03,"08","2023",0,24.81,"-16.875 146.225"
"5070681","2023-08-03T12:00:00Z",-16.925,146.225,"0.0",0,"24.64","0.9500000000000001",0,2023-08-03,"08","2023",0,24.64,"-16.925 146.225"
"5070682","2023-08-03T12:00:00Z",-16.925,146.275,"0.0",0,"24.810000000000002","1.03",0,2023-08-03,"08","2023",0,24.81,"-16.925 146.275"
"5070722","2023-08-03T12:00:00Z",-16.975,146.225,"0.0",0,"24.48","0.86",0,2023-08-03,"08","2023",0,24.48,"-16.975 146.225"
"5082364","2023-08-10T12:00:00Z",-16.825,146.125,"0.0",0,"24.490000000000002","0.84",0,2023-08-10,"08","2023",0,24.49,"-16.825 146.125"
"5082366","2023-08-10T12:00:00Z",-16.825,146.225,"0.0",0,"24.84","1.0",0,2023-08-10,"08","2023",0,24.84,"-16.825 146.225"
"5082406","2023-08-10T12:00:00Z",-16.875,146.175,"0.0",0,"24.5","0.8200000000000001",0,2023-08-10,"08","2023",0,24.5,"-16.875 146.175"
"5082407","2023-08-10T12:00:00Z",-16.875,146.225,"0.0",0,"24.67","0.89",0,2023-08-10,"08","2023",0,24.67,"-16.875 146.225"
"5082448","2023-08-10T12:00:00Z",-16.925,146.225,"0.0",0,"24.54","0.8300000000000001",0,2023-08-10,"08","2023",0,24.54,"-16.925 146.225"
"5082449","2023-08-10T12:00:00Z",-16.925,146.275,"0.0",0,"24.740000000000002","0.9500000000000001",0,2023-08-10,"08","2023",0,24.74,"-16.925 146.275"
"5082489","2023-08-10T12:00:00Z",-16.975,146.225,"0.0",0,"24.41","0.77",0,2023-08-10,"08","2023",0,24.41,"-16.975 146.225"
"5094131","2023-08-17T12:00:00Z",-16.825,146.125,"0.0",0,"24.77","1.05",0,2023-08-17,"08","2023",0,24.77,"-16.825 146.125"
"5094133","2023-08-17T12:00:00Z",-16.825,146.225,"0.0",0,"24.94","1.05",0,2023-08-17,"08","2023",0,24.94,"-16.825 146.225"
"5094173","2023-08-17T12:00:00Z",-16.875,146.175,"0.0",0,"24.8","1.05",0,2023-08-17,"08","2023",0,24.8,"-16.875 146.175"
"5094174","2023-08-17T12:00:00Z",-16.875,146.225,"0.0",0,"24.86","1.03",0,2023-08-17,"08","2023",0,24.86,"-16.875 146.225"
"5094215","2023-08-17T12:00:00Z",-16.925,146.225,"0.0",0,"24.76","0.99",0,2023-08-17,"08","2023",0,24.76,"-16.925 146.225"
"5094216","2023-08-17T12:00:00Z",-16.925,146.275,"0.0",0,"24.830000000000002","0.99",0,2023-08-17,"08","2023",0,24.83,"-16.925 146.275"
"5094256","2023-08-17T12:00:00Z",-16.975,146.225,"0.0",0,"24.67","0.97",0,2023-08-17,"08","2023",0,24.67,"-16.975 146.225"
"5105898","2023-08-24T12:00:00Z",-16.825,146.125,"0.0",0,"24.77","0.88",0,2023-08-24,"08","2023",0,24.77,"-16.825 146.125"
"5105900","2023-08-24T12:00:00Z",-16.825,146.225,"0.0",0,"25.02","0.99",0,2023-08-24,"08","2023",0,25.02,"-16.825 146.225"
"5105940","2023-08-24T12:00:00Z",-16.875,146.175,"0.0",0,"24.8","0.89",0,2023-08-24,"08","2023",0,24.8,"-16.875 146.175"
"5105941","2023-08-24T12:00:00Z",-16.875,146.225,"0.0",0,"24.900000000000002","0.92",0,2023-08-24,"08","2023",0,24.9,"-16.875 146.225"
"5105982","2023-08-24T12:00:00Z",-16.925,146.225,"0.0",0,"24.76","0.8300000000000001",0,2023-08-24,"08","2023",0,24.76,"-16.925 146.225"
"5105983","2023-08-24T12:00:00Z",-16.925,146.275,"0.0",0,"24.87","0.88",0,2023-08-24,"08","2023",0,24.87,"-16.925 146.275"
"5106023","2023-08-24T12:00:00Z",-16.975,146.225,"0.0",0,"24.580000000000002","0.71",0,2023-08-24,"08","2023",0,24.58,"-16.975 146.225"
"5117665","2023-08-31T12:00:00Z",-16.825,146.125,"0.0",0,"24.61","0.55",0,2023-08-31,"08","2023",0,24.61,"-16.825 146.125"
"5117667","2023-08-31T12:00:00Z",-16.825,146.225,"0.0",0,"24.900000000000002","0.72",0,2023-08-31,"08","2023",0,24.9,"-16.825 146.225"
"5117707","2023-08-31T12:00:00Z",-16.875,146.175,"0.0",0,"24.62","0.54",0,2023-08-31,"08","2023",0,24.62,"-16.875 146.175"
"5117708","2023-08-31T12:00:00Z",-16.875,146.225,"0.0",0,"24.73","0.59",0,2023-08-31,"08","2023",0,24.73,"-16.875 146.225"
"5117749","2023-08-31T12:00:00Z",-16.925,146.225,"0.0",0,"24.53","0.44",0,2023-08-31,"08","2023",0,24.53,"-16.925 146.225"
"5117750","2023-08-31T12:00:00Z",-16.925,146.275,"0.0",0,"24.62","0.48",0,2023-08-31,"08","2023",0,24.62,"-16.925 146.275"
"5117790","2023-08-31T12:00:00Z",-16.975,146.225,"0.0",0,"24.36","0.32",0,2023-08-31,"08","2023",0,24.36,"-16.975 146.225"
"5129432","2023-09-07T12:00:00Z",-16.825,146.125,"0.0",0,"24.91","0.68",0,2023-09-07,"09","2023",0,24.91,"-16.825 146.125"
"5129434","2023-09-07T12:00:00Z",-16.825,146.225,"0.0",0,"25.150000000000002","0.8300000000000001",0,2023-09-07,"09","2023",0,25.15,"-16.825 146.225"
"5129474","2023-09-07T12:00:00Z",-16.875,146.175,"0.0",0,"24.96","0.72",0,2023-09-07,"09","2023",0,24.96,"-16.875 146.175"
"5129475","2023-09-07T12:00:00Z",-16.875,146.225,"0.0",0,"25.07","0.78",0,2023-09-07,"09","2023",0,25.07,"-16.875 146.225"
"5129516","2023-09-07T12:00:00Z",-16.925,146.225,"0.0",0,"25.0","0.75",0,2023-09-07,"09","2023",0,25,"-16.925 146.225"
"5129517","2023-09-07T12:00:00Z",-16.925,146.275,"0.0",0,"25.11","0.8200000000000001",0,2023-09-07,"09","2023",0,25.11,"-16.925 146.275"
"5129557","2023-09-07T12:00:00Z",-16.975,146.225,"0.0",0,"24.93","0.72",0,2023-09-07,"09","2023",0,24.93,"-16.975 146.225"
"5141199","2023-09-14T12:00:00Z",-16.825,146.125,"0.0",0,"24.55","0.15",0,2023-09-14,"09","2023",0,24.55,"-16.825 146.125"
"5141201","2023-09-14T12:00:00Z",-16.825,146.225,"0.0",0,"24.84","0.38",0,2023-09-14,"09","2023",0,24.84,"-16.825 146.225"
"5141241","2023-09-14T12:00:00Z",-16.875,146.175,"0.0",0,"24.53","0.12",0,2023-09-14,"09","2023",0,24.53,"-16.875 146.175"
"5141242","2023-09-14T12:00:00Z",-16.875,146.225,"0.0",0,"24.66","0.22",0,2023-09-14,"09","2023",0,24.66,"-16.875 146.225"
"5141283","2023-09-14T12:00:00Z",-16.925,146.225,"0.0",0,"24.490000000000002","0.08",0,2023-09-14,"09","2023",0,24.49,"-16.925 146.225"
"5141284","2023-09-14T12:00:00Z",-16.925,146.275,"0.0",0,"24.6","0.16",0,2023-09-14,"09","2023",0,24.6,"-16.925 146.275"
"5141324","2023-09-14T12:00:00Z",-16.975,146.225,"0.0",0,"24.38","-0.01",0,2023-09-14,"09","2023",0,24.38,"-16.975 146.225"
"5152966","2023-09-21T12:00:00Z",-16.825,146.125,"0.0",0,"25.150000000000002","0.47000000000000003",0,2023-09-21,"09","2023",0,25.15,"-16.825 146.125"
"5152968","2023-09-21T12:00:00Z",-16.825,146.225,"0.0",0,"25.26","0.54",0,2023-09-21,"09","2023",0,25.26,"-16.825 146.225"
"5153008","2023-09-21T12:00:00Z",-16.875,146.175,"0.0",0,"25.16","0.48",0,2023-09-21,"09","2023",0,25.16,"-16.875 146.175"
"5153009","2023-09-21T12:00:00Z",-16.875,146.225,"0.0",0,"25.21","0.51",0,2023-09-21,"09","2023",0,25.21,"-16.875 146.225"
"5153050","2023-09-21T12:00:00Z",-16.925,146.225,"0.0",0,"25.16","0.48",0,2023-09-21,"09","2023",0,25.16,"-16.925 146.225"
"5153051","2023-09-21T12:00:00Z",-16.925,146.275,"0.0",0,"25.21","0.51",0,2023-09-21,"09","2023",0,25.21,"-16.925 146.275"
"5153091","2023-09-21T12:00:00Z",-16.975,146.225,"0.0",0,"25.12","0.46",0,2023-09-21,"09","2023",0,25.12,"-16.975 146.225"
"5164733","2023-09-28T12:00:00Z",-16.825,146.125,"0.0",0,"25.09","0.11",0,2023-09-28,"09","2023",0,25.09,"-16.825 146.125"
"5164735","2023-09-28T12:00:00Z",-16.825,146.225,"0.0",0,"25.23","0.23",0,2023-09-28,"09","2023",0,25.23,"-16.825 146.225"
"5164775","2023-09-28T12:00:00Z",-16.875,146.175,"0.0",0,"25.07","0.09",0,2023-09-28,"09","2023",0,25.07,"-16.875 146.175"
"5164776","2023-09-28T12:00:00Z",-16.875,146.225,"0.0",0,"25.13","0.15",0,2023-09-28,"09","2023",0,25.13,"-16.875 146.225"
"5164817","2023-09-28T12:00:00Z",-16.925,146.225,"0.0",0,"25.01","0.04",0,2023-09-28,"09","2023",0,25.01,"-16.925 146.225"
"5164818","2023-09-28T12:00:00Z",-16.925,146.275,"0.0",0,"25.07","0.09",0,2023-09-28,"09","2023",0,25.07,"-16.925 146.275"
"5164858","2023-09-28T12:00:00Z",-16.975,146.225,"0.0",0,"24.900000000000002","-0.06",0,2023-09-28,"09","2023",0,24.9,"-16.975 146.225"
"5176500","2023-10-05T12:00:00Z",-16.825,146.125,"0.0",0,"25.38","0.1",0,2023-10-05,"10","2023",0,25.38,"-16.825 146.125"
"5176502","2023-10-05T12:00:00Z",-16.825,146.225,"0.0",0,"25.44","0.17",0,2023-10-05,"10","2023",0,25.44,"-16.825 146.225"
"5176542","2023-10-05T12:00:00Z",-16.875,146.175,"0.0",0,"25.38","0.11",0,2023-10-05,"10","2023",0,25.38,"-16.875 146.175"
"5176543","2023-10-05T12:00:00Z",-16.875,146.225,"0.0",0,"25.42","0.15",0,2023-10-05,"10","2023",0,25.42,"-16.875 146.225"
"5176584","2023-10-05T12:00:00Z",-16.925,146.225,"0.0",0,"25.39","0.13",0,2023-10-05,"10","2023",0,25.39,"-16.925 146.225"
"5176585","2023-10-05T12:00:00Z",-16.925,146.275,"0.0",0,"25.42","0.16",0,2023-10-05,"10","2023",0,25.42,"-16.925 146.275"
"5176625","2023-10-05T12:00:00Z",-16.975,146.225,"0.0",0,"25.37","0.12",0,2023-10-05,"10","2023",0,25.37,"-16.975 146.225"
"5188267","2023-10-12T12:00:00Z",-16.825,146.125,"0.0",0,"25.45","-0.13",0,2023-10-12,"10","2023",0,25.45,"-16.825 146.125"
"5188269","2023-10-12T12:00:00Z",-16.825,146.225,"0.0",0,"25.57","0.02",0,2023-10-12,"10","2023",0,25.57,"-16.825 146.225"
"5188309","2023-10-12T12:00:00Z",-16.875,146.175,"0.0",0,"25.45","-0.11",0,2023-10-12,"10","2023",0,25.45,"-16.875 146.175"
"5188310","2023-10-12T12:00:00Z",-16.875,146.225,"0.0",0,"25.490000000000002","-0.06",0,2023-10-12,"10","2023",0,25.49,"-16.875 146.225"
"5188351","2023-10-12T12:00:00Z",-16.925,146.225,"0.0",0,"25.41","-0.14",0,2023-10-12,"10","2023",0,25.41,"-16.925 146.225"
"5188352","2023-10-12T12:00:00Z",-16.925,146.275,"0.0",0,"25.45","-0.09",0,2023-10-12,"10","2023",0,25.45,"-16.925 146.275"
"5188392","2023-10-12T12:00:00Z",-16.975,146.225,"0.0",0,"25.34","-0.2",0,2023-10-12,"10","2023",0,25.34,"-16.975 146.225"
"5200034","2023-10-19T12:00:00Z",-16.825,146.125,"0.0",0,"25.61","-0.28",0,2023-10-19,"10","2023",0,25.61,"-16.825 146.125"
"5200036","2023-10-19T12:00:00Z",-16.825,146.225,"0.0",0,"25.63","-0.22",0,2023-10-19,"10","2023",0,25.63,"-16.825 146.225"
"5200076","2023-10-19T12:00:00Z",-16.875,146.175,"0.0",0,"25.6","-0.27",0,2023-10-19,"10","2023",0,25.6,"-16.875 146.175"
"5200077","2023-10-19T12:00:00Z",-16.875,146.225,"0.0",0,"25.62","-0.23",0,2023-10-19,"10","2023",0,25.62,"-16.875 146.225"
"5200118","2023-10-19T12:00:00Z",-16.925,146.225,"0.0",0,"25.61","-0.24",0,2023-10-19,"10","2023",0,25.61,"-16.925 146.225"
"5200119","2023-10-19T12:00:00Z",-16.925,146.275,"0.0",0,"25.61","-0.23",0,2023-10-19,"10","2023",0,25.61,"-16.925 146.275"
"5200159","2023-10-19T12:00:00Z",-16.975,146.225,"0.0",0,"25.6","-0.25",0,2023-10-19,"10","2023",0,25.6,"-16.975 146.225"
"5211801","2023-10-26T12:00:00Z",-16.825,146.125,"0.0",0,"26.14","-0.07",0,2023-10-26,"10","2023",0,26.14,"-16.825 146.125"
"5211803","2023-10-26T12:00:00Z",-16.825,146.225,"0.0",0,"26.080000000000002","-0.07",0,2023-10-26,"10","2023",0,26.08,"-16.825 146.225"
"5211843","2023-10-26T12:00:00Z",-16.875,146.175,"0.0",0,"26.1","-0.08",0,2023-10-26,"10","2023",0,26.1,"-16.875 146.175"
"5211844","2023-10-26T12:00:00Z",-16.875,146.225,"0.0",0,"26.080000000000002","-0.08",0,2023-10-26,"10","2023",0,26.08,"-16.875 146.225"
"5211885","2023-10-26T12:00:00Z",-16.925,146.225,"0.0",0,"26.09","-0.08",0,2023-10-26,"10","2023",0,26.09,"-16.925 146.225"
"5211886","2023-10-26T12:00:00Z",-16.925,146.275,"0.0",0,"26.07","-0.08",0,2023-10-26,"10","2023",0,26.07,"-16.925 146.275"
"5211926","2023-10-26T12:00:00Z",-16.975,146.225,"0.0",0,"26.13","-0.04",0,2023-10-26,"10","2023",0,26.13,"-16.975 146.225"
"5223568","2023-11-02T12:00:00Z",-16.825,146.125,"0.0",0,"26.17","-0.35000000000000003",0,2023-11-02,"11","2023",0,26.17,"-16.825 146.125"
"5223570","2023-11-02T12:00:00Z",-16.825,146.225,"0.0",0,"26.13","-0.33",0,2023-11-02,"11","2023",0,26.13,"-16.825 146.225"
"5223610","2023-11-02T12:00:00Z",-16.875,146.175,"0.0",0,"26.16","-0.34",0,2023-11-02,"11","2023",0,26.16,"-16.875 146.175"
"5223611","2023-11-02T12:00:00Z",-16.875,146.225,"0.0",0,"26.150000000000002","-0.32",0,2023-11-02,"11","2023",0,26.15,"-16.875 146.225"
"5223652","2023-11-02T12:00:00Z",-16.925,146.225,"0.0",0,"26.19","-0.29",0,2023-11-02,"11","2023",0,26.19,"-16.925 146.225"
"5223653","2023-11-02T12:00:00Z",-16.925,146.275,"0.0",0,"26.18","-0.28",0,2023-11-02,"11","2023",0,26.18,"-16.925 146.275"
"5223693","2023-11-02T12:00:00Z",-16.975,146.225,"0.0",0,"26.27","-0.22",0,2023-11-02,"11","2023",0,26.27,"-16.975 146.225"
"5235335","2023-11-09T12:00:00Z",-16.825,146.125,"0.0",0,"26.34","-0.5",0,2023-11-09,"11","2023",0,26.34,"-16.825 146.125"
"5235337","2023-11-09T12:00:00Z",-16.825,146.225,"0.0",0,"26.32","-0.45",0,2023-11-09,"11","2023",0,26.32,"-16.825 146.225"
"5235377","2023-11-09T12:00:00Z",-16.875,146.175,"0.0",0,"26.36","-0.45",0,2023-11-09,"11","2023",0,26.36,"-16.875 146.175"
"5235378","2023-11-09T12:00:00Z",-16.875,146.225,"0.0",0,"26.35","-0.43",0,2023-11-09,"11","2023",0,26.35,"-16.875 146.225"
"5235419","2023-11-09T12:00:00Z",-16.925,146.225,"0.0",0,"26.400000000000002","-0.4",0,2023-11-09,"11","2023",0,26.4,"-16.925 146.225"
"5235420","2023-11-09T12:00:00Z",-16.925,146.275,"0.0",0,"26.38","-0.39",0,2023-11-09,"11","2023",0,26.38,"-16.925 146.275"
"5235460","2023-11-09T12:00:00Z",-16.975,146.225,"0.0",0,"26.44","-0.38",0,2023-11-09,"11","2023",0,26.44,"-16.975 146.225"
"5247102","2023-11-16T12:00:00Z",-16.825,146.125,"0.0",0,"26.740000000000002","-0.39",0,2023-11-16,"11","2023",0,26.74,"-16.825 146.125"
"5247104","2023-11-16T12:00:00Z",-16.825,146.225,"0.0",0,"26.650000000000002","-0.41000000000000003",0,2023-11-16,"11","2023",0,26.65,"-16.825 146.225"
"5247144","2023-11-16T12:00:00Z",-16.875,146.175,"0.0",0,"26.7","-0.41000000000000003",0,2023-11-16,"11","2023",0,26.7,"-16.875 146.175"
"5247145","2023-11-16T12:00:00Z",-16.875,146.225,"0.0",0,"26.66","-0.42",0,2023-11-16,"11","2023",0,26.66,"-16.875 146.225"
"5247186","2023-11-16T12:00:00Z",-16.925,146.225,"0.0",0,"26.7","-0.4",0,2023-11-16,"11","2023",0,26.7,"-16.925 146.225"
"5247187","2023-11-16T12:00:00Z",-16.925,146.275,"0.0",0,"26.67","-0.4",0,2023-11-16,"11","2023",0,26.67,"-16.925 146.275"
"5247227","2023-11-16T12:00:00Z",-16.975,146.225,"0.0",0,"26.740000000000002","-0.37",0,2023-11-16,"11","2023",0,26.74,"-16.975 146.225"
"5258869","2023-11-23T12:00:00Z",-16.825,146.125,"0.0",0,"26.990000000000002","-0.32",0,2023-11-23,"11","2023",0,26.99,"-16.825 146.125"
"5258871","2023-11-23T12:00:00Z",-16.825,146.225,"0.0",0,"26.89","-0.35000000000000003",0,2023-11-23,"11","2023",0,26.89,"-16.825 146.225"
"5258911","2023-11-23T12:00:00Z",-16.875,146.175,"0.0",0,"26.97","-0.31",0,2023-11-23,"11","2023",0,26.97,"-16.875 146.175"
"5258912","2023-11-23T12:00:00Z",-16.875,146.225,"0.0",0,"26.92","-0.34",0,2023-11-23,"11","2023",0,26.92,"-16.875 146.225"
"5258953","2023-11-23T12:00:00Z",-16.925,146.225,"0.0",0,"26.96","-0.31",0,2023-11-23,"11","2023",0,26.96,"-16.925 146.225"
"5258954","2023-11-23T12:00:00Z",-16.925,146.275,"0.0",0,"26.91","-0.34",0,2023-11-23,"11","2023",0,26.91,"-16.925 146.275"
"5258994","2023-11-23T12:00:00Z",-16.975,146.225,"0.0",0,"27.01","-0.28",0,2023-11-23,"11","2023",0,27.01,"-16.975 146.225"
"5270636","2023-11-30T12:00:00Z",-16.825,146.125,"0.0",0,"27.85","0.37",0,2023-11-30,"11","2023",0,27.85,"-16.825 146.125"
"5270638","2023-11-30T12:00:00Z",-16.825,146.225,"0.0",0,"27.78","0.35000000000000003",0,2023-11-30,"11","2023",0,27.78,"-16.825 146.225"
"5270678","2023-11-30T12:00:00Z",-16.875,146.175,"0.0",0,"27.830000000000002","0.37",0,2023-11-30,"11","2023",0,27.83,"-16.875 146.175"
"5270679","2023-11-30T12:00:00Z",-16.875,146.225,"0.0",0,"27.8","0.36",0,2023-11-30,"11","2023",0,27.8,"-16.875 146.225"
"5270720","2023-11-30T12:00:00Z",-16.925,146.225,"0.0",0,"27.830000000000002","0.38",0,2023-11-30,"11","2023",0,27.83,"-16.925 146.225"
"5270721","2023-11-30T12:00:00Z",-16.925,146.275,"0.0",0,"27.79","0.36",0,2023-11-30,"11","2023",0,27.79,"-16.925 146.275"
"5270761","2023-11-30T12:00:00Z",-16.975,146.225,"0.0",0,"27.84","0.38",0,2023-11-30,"11","2023",0,27.84,"-16.975 146.225"
"5282403","2023-12-07T12:00:00Z",-16.825,146.125,"0.0",0,"27.98","0.32",0,2023-12-07,"12","2023",0,27.98,"-16.825 146.125"
"5282405","2023-12-07T12:00:00Z",-16.825,146.225,"0.0",0,"27.94","0.32",0,2023-12-07,"12","2023",0,27.94,"-16.825 146.225"
"5282445","2023-12-07T12:00:00Z",-16.875,146.175,"0.0",0,"27.96","0.32",0,2023-12-07,"12","2023",0,27.96,"-16.875 146.175"
"5282446","2023-12-07T12:00:00Z",-16.875,146.225,"0.0",0,"27.94","0.32",0,2023-12-07,"12","2023",0,27.94,"-16.875 146.225"
"5282487","2023-12-07T12:00:00Z",-16.925,146.225,"0.0",0,"27.95","0.32",0,2023-12-07,"12","2023",0,27.95,"-16.925 146.225"
"5282488","2023-12-07T12:00:00Z",-16.925,146.275,"0.0",0,"27.94","0.33",0,2023-12-07,"12","2023",0,27.94,"-16.925 146.275"
"5282528","2023-12-07T12:00:00Z",-16.975,146.225,"0.0",0,"27.97","0.34",0,2023-12-07,"12","2023",0,27.97,"-16.975 146.225"
"5294170","2023-12-14T12:00:00Z",-16.825,146.125,"0.0",0,"27.830000000000002","0.0",0,2023-12-14,"12","2023",0,27.83,"-16.825 146.125"
"5294172","2023-12-14T12:00:00Z",-16.825,146.225,"0.0",0,"27.740000000000002","-0.06",0,2023-12-14,"12","2023",0,27.74,"-16.825 146.225"
"5294212","2023-12-14T12:00:00Z",-16.875,146.175,"0.0",0,"27.79","-0.02",0,2023-12-14,"12","2023",0,27.79,"-16.875 146.175"
"5294213","2023-12-14T12:00:00Z",-16.875,146.225,"0.0",0,"27.740000000000002","-0.06",0,2023-12-14,"12","2023",0,27.74,"-16.875 146.225"
"5294254","2023-12-14T12:00:00Z",-16.925,146.225,"0.0",0,"27.740000000000002","-0.06",0,2023-12-14,"12","2023",0,27.74,"-16.925 146.225"
"5294255","2023-12-14T12:00:00Z",-16.925,146.275,"0.0",0,"27.7","-0.09",0,2023-12-14,"12","2023",0,27.7,"-16.925 146.275"
"5294295","2023-12-14T12:00:00Z",-16.975,146.225,"0.0",0,"27.75","-0.06",0,2023-12-14,"12","2023",0,27.75,"-16.975 146.225"
"5305937","2023-12-21T12:00:00Z",-16.825,146.125,"0.0",0,"27.89","-0.1",0,2023-12-21,"12","2023",0,27.89,"-16.825 146.125"
"5305939","2023-12-21T12:00:00Z",-16.825,146.225,"0.0",0,"27.810000000000002","-0.15",0,2023-12-21,"12","2023",0,27.81,"-16.825 146.225"
"5305979","2023-12-21T12:00:00Z",-16.875,146.175,"0.0",0,"27.85","-0.12",0,2023-12-21,"12","2023",0,27.85,"-16.875 146.175"
"5305980","2023-12-21T12:00:00Z",-16.875,146.225,"0.0",0,"27.84","-0.12",0,2023-12-21,"12","2023",0,27.84,"-16.875 146.225"
"5306021","2023-12-21T12:00:00Z",-16.925,146.225,"0.0",0,"27.88","-0.09",0,2023-12-21,"12","2023",0,27.88,"-16.925 146.225"
"5306022","2023-12-21T12:00:00Z",-16.925,146.275,"0.0",0,"27.89","-0.06",0,2023-12-21,"12","2023",0,27.89,"-16.925 146.275"
"5306062","2023-12-21T12:00:00Z",-16.975,146.225,"0.0",0,"27.93","-0.04",0,2023-12-21,"12","2023",0,27.93,"-16.975 146.225"
"5317704","2023-12-28T12:00:00Z",-16.825,146.125,"0.0",0,"29.3","1.1500000000000001",0,2023-12-28,"12","2023",0,29.3,"-16.825 146.125"
"5317706","2023-12-28T12:00:00Z",-16.825,146.225,"0.0",0,"29.34","1.23",0,2023-12-28,"12","2023",0,29.34,"-16.825 146.225"
"5317746","2023-12-28T12:00:00Z",-16.875,146.175,"0.0",0,"29.3","1.17",0,2023-12-28,"12","2023",0,29.3,"-16.875 146.175"
"5317747","2023-12-28T12:00:00Z",-16.875,146.225,"0.0",0,"29.310000000000002","1.19",0,2023-12-28,"12","2023",0,29.31,"-16.875 146.225"
"5317788","2023-12-28T12:00:00Z",-16.925,146.225,"0.0",0,"29.3","1.18",0,2023-12-28,"12","2023",0,29.3,"-16.925 146.225"
"5317789","2023-12-28T12:00:00Z",-16.925,146.275,"0.0",0,"29.29","1.18",0,2023-12-28,"12","2023",0,29.29,"-16.925 146.275"
"5317829","2023-12-28T12:00:00Z",-16.975,146.225,"0.0",0,"29.29","1.16",0,2023-12-28,"12","2023",0,29.29,"-16.975 146.225"
"5329471","2024-01-04T12:00:00Z",-16.825,146.125,"1.04",0,"29.91","1.61",0,2024-01-04,"01","2024",1.04,29.91,"-16.825 146.125"
"5329473","2024-01-04T12:00:00Z",-16.825,146.225,"1.17",0,"29.78","1.52",0,2024-01-04,"01","2024",1.17,29.78,"-16.825 146.225"
"5329513","2024-01-04T12:00:00Z",-16.875,146.175,"0.87",0,"29.88","1.59",0,2024-01-04,"01","2024",0.87,29.88,"-16.875 146.175"
"5329514","2024-01-04T12:00:00Z",-16.875,146.225,"0.87",0,"29.830000000000002","1.56",0,2024-01-04,"01","2024",0.87,29.83,"-16.875 146.225"
"5329555","2024-01-04T12:00:00Z",-16.925,146.225,"0.87",0,"29.91","1.6300000000000001",0,2024-01-04,"01","2024",0.87,29.91,"-16.925 146.225"
"5329556","2024-01-04T12:00:00Z",-16.925,146.275,"0.87",0,"29.84","1.57",0,2024-01-04,"01","2024",0.87,29.84,"-16.925 146.275"
"5329596","2024-01-04T12:00:00Z",-16.975,146.225,"0.86",0,"30.01","1.72",0,2024-01-04,"01","2024",0.86,30.01,"-16.975 146.225"
"5341238","2024-01-11T12:00:00Z",-16.825,146.125,"2.37",0,"29.95","1.5",0,2024-01-11,"01","2024",2.37,29.95,"-16.825 146.125"
"5341240","2024-01-11T12:00:00Z",-16.825,146.225,"2.44",0,"29.91","1.5",0,2024-01-11,"01","2024",2.44,29.91,"-16.825 146.225"
"5341280","2024-01-11T12:00:00Z",-16.875,146.175,"2.17",0,"29.94","1.5",0,2024-01-11,"01","2024",2.17,29.94,"-16.875 146.175"
"5341281","2024-01-11T12:00:00Z",-16.875,146.225,"2.15",0,"29.92","1.5",0,2024-01-11,"01","2024",2.15,29.92,"-16.875 146.225"
"5341322","2024-01-11T12:00:00Z",-16.925,146.225,"2.18",0,"29.93","1.49",0,2024-01-11,"01","2024",2.18,29.93,"-16.925 146.225"
"5341323","2024-01-11T12:00:00Z",-16.925,146.275,"2.16",0,"29.91","1.49",0,2024-01-11,"01","2024",2.16,29.91,"-16.925 146.275"
"5341363","2024-01-11T12:00:00Z",-16.975,146.225,"2.22",0,"29.95","1.5",0,2024-01-11,"01","2024",2.22,29.95,"-16.975 146.225"
"5353005","2024-01-18T12:00:00Z",-16.825,146.125,"2.5300000000000002",0,"29.3","0.75",0,2024-01-18,"01","2024",2.53,29.3,"-16.825 146.125"
"5353007","2024-01-18T12:00:00Z",-16.825,146.225,"2.88",0,"29.42","0.91",0,2024-01-18,"01","2024",2.88,29.42,"-16.825 146.225"
"5353047","2024-01-18T12:00:00Z",-16.875,146.175,"2.32",0,"29.35","0.8",0,2024-01-18,"01","2024",2.32,29.35,"-16.875 146.175"
"5353048","2024-01-18T12:00:00Z",-16.875,146.225,"2.44",0,"29.42","0.89",0,2024-01-18,"01","2024",2.44,29.42,"-16.875 146.225"
"5353089","2024-01-18T12:00:00Z",-16.925,146.225,"2.33",0,"29.41","0.86",0,2024-01-18,"01","2024",2.33,29.41,"-16.925 146.225"
"5353090","2024-01-18T12:00:00Z",-16.925,146.275,"2.6",0,"29.47","0.9400000000000001",0,2024-01-18,"01","2024",2.6,29.47,"-16.925 146.275"
"5353130","2024-01-18T12:00:00Z",-16.975,146.225,"2.37",0,"29.41","0.85",0,2024-01-18,"01","2024",2.37,29.41,"-16.975 146.225"
"5364772","2024-01-25T12:00:00Z",-16.825,146.125,"3.4",0,"29.88","1.29",0,2024-01-25,"01","2024",3.4,29.88,"-16.825 146.125"
"5364774","2024-01-25T12:00:00Z",-16.825,146.225,"3.77",0,"29.86","1.31",0,2024-01-25,"01","2024",3.77,29.86,"-16.825 146.225"
"5364814","2024-01-25T12:00:00Z",-16.875,146.175,"3.18",0,"29.82","1.24",0,2024-01-25,"01","2024",3.18,29.82,"-16.875 146.175"
"5364815","2024-01-25T12:00:00Z",-16.875,146.225,"3.3000000000000003",0,"29.810000000000002","1.25",0,2024-01-25,"01","2024",3.3,29.81,"-16.875 146.225"
"5364856","2024-01-25T12:00:00Z",-16.925,146.225,"3.17",0,"29.77","1.19",0,2024-01-25,"01","2024",3.17,29.77,"-16.925 146.225"
"5364857","2024-01-25T12:00:00Z",-16.925,146.275,"3.46",0,"29.77","1.21",0,2024-01-25,"01","2024",3.46,29.77,"-16.925 146.275"
"5364897","2024-01-25T12:00:00Z",-16.975,146.225,"3.2",0,"29.740000000000002","1.1500000000000001",0,2024-01-25,"01","2024",3.2,29.74,"-16.975 146.225"
"5376539","2024-02-02T12:00:00Z",-16.825,146.125,"4.67",0,"29.75","1.12",0,2024-02-02,"02","2024",4.67,29.75,"-16.825 146.125"
"5376541","2024-02-02T12:00:00Z",-16.825,146.225,"5.0200000000000005",0,"29.67","1.08",0,2024-02-02,"02","2024",5.02,29.67,"-16.825 146.225"
"5376581","2024-02-02T12:00:00Z",-16.875,146.175,"4.44",0,"29.75","1.1300000000000001",0,2024-02-02,"02","2024",4.44,29.75,"-16.875 146.175"
"5376582","2024-02-02T12:00:00Z",-16.875,146.225,"4.57",0,"29.72","1.12",0,2024-02-02,"02","2024",4.57,29.72,"-16.875 146.225"
"5376623","2024-02-02T12:00:00Z",-16.925,146.225,"4.44",0,"29.75","1.1300000000000001",0,2024-02-02,"02","2024",4.44,29.75,"-16.925 146.225"
"5376624","2024-02-02T12:00:00Z",-16.925,146.275,"4.72",0,"29.71","1.11",0,2024-02-02,"02","2024",4.72,29.71,"-16.925 146.275"
"5376664","2024-02-02T12:00:00Z",-16.975,146.225,"4.45",0,"29.76","1.12",0,2024-02-02,"02","2024",4.45,29.76,"-16.975 146.225"
"5388306","2024-02-09T12:00:00Z",-16.825,146.125,"5.82",0,"29.810000000000002","1.1500000000000001",0,2024-02-09,"02","2024",5.82,29.81,"-16.825 146.125"
"5388308","2024-02-09T12:00:00Z",-16.825,146.225,"6.15",0,"29.72","1.1",0,2024-02-09,"02","2024",6.15,29.72,"-16.825 146.225"
"5388348","2024-02-09T12:00:00Z",-16.875,146.175,"5.58",0,"29.76","1.1",0,2024-02-09,"02","2024",5.58,29.76,"-16.875 146.175"
"5388349","2024-02-09T12:00:00Z",-16.875,146.225,"5.71",0,"29.740000000000002","1.1",0,2024-02-09,"02","2024",5.71,29.74,"-16.875 146.225"
"5388390","2024-02-09T12:00:00Z",-16.925,146.225,"5.6000000000000005",0,"29.77","1.11",0,2024-02-09,"02","2024",5.6,29.77,"-16.925 146.225"
"5388391","2024-02-09T12:00:00Z",-16.925,146.275,"5.87",0,"29.75","1.11",0,2024-02-09,"02","2024",5.87,29.75,"-16.925 146.275"
"5388431","2024-02-09T12:00:00Z",-16.975,146.225,"5.64",0,"29.82","1.1400000000000001",0,2024-02-09,"02","2024",5.64,29.82,"-16.975 146.225"
"5400073","2024-02-16T12:00:00Z",-16.825,146.125,"6.47",0,"30.05","1.3800000000000001",0,2024-02-16,"02","2024",6.47,30.05,"-16.825 146.125"
"5400075","2024-02-16T12:00:00Z",-16.825,146.225,"6.5",0,"30.01","1.3800000000000001",0,2024-02-16,"02","2024",6.5,30.01,"-16.825 146.225"
"5400115","2024-02-16T12:00:00Z",-16.875,146.175,"5.94",0,"30.060000000000002","1.3900000000000001",0,2024-02-16,"02","2024",5.94,30.06,"-16.875 146.175"
"5400116","2024-02-16T12:00:00Z",-16.875,146.225,"6.0600000000000005",0,"30.04","1.3900000000000001",0,2024-02-16,"02","2024",6.06,30.04,"-16.875 146.225"
"5400157","2024-02-16T12:00:00Z",-16.925,146.225,"5.97",0,"30.09","1.42",0,2024-02-16,"02","2024",5.97,30.09,"-16.925 146.225"
"5400158","2024-02-16T12:00:00Z",-16.925,146.275,"6.24",0,"30.07","1.42",0,2024-02-16,"02","2024",6.24,30.07,"-16.925 146.275"
"5400198","2024-02-16T12:00:00Z",-16.975,146.225,"6.01",0,"30.13","1.44",0,2024-02-16,"02","2024",6.01,30.13,"-16.975 146.225"
"5411840","2024-02-23T12:00:00Z",-16.825,146.125,"7.42",0,"29.6","1.08",0,2024-02-23,"02","2024",7.42,29.6,"-16.825 146.125"
"5411842","2024-02-23T12:00:00Z",-16.825,146.225,"7.48",0,"29.61","1.12",0,2024-02-23,"02","2024",7.48,29.61,"-16.825 146.225"
"5411882","2024-02-23T12:00:00Z",-16.875,146.175,"6.890000000000001",0,"29.61","1.09",0,2024-02-23,"02","2024",6.89,29.61,"-16.875 146.175"
"5411883","2024-02-23T12:00:00Z",-16.875,146.225,"7.03",0,"29.61","1.11",0,2024-02-23,"02","2024",7.03,29.61,"-16.875 146.225"
"5411924","2024-02-23T12:00:00Z",-16.925,146.225,"6.78",0,"29.62","1.1",0,2024-02-23,"02","2024",6.78,29.62,"-16.925 146.225"
"5411925","2024-02-23T12:00:00Z",-16.925,146.275,"7.2",0,"29.62","1.12",0,2024-02-23,"02","2024",7.2,29.62,"-16.925 146.275"
"5411965","2024-02-23T12:00:00Z",-16.975,146.225,"6.8",0,"29.62","1.09",0,2024-02-23,"02","2024",6.8,29.62,"-16.975 146.225"
"5423607","2024-03-01T12:00:00Z",-16.825,146.125,"7.42",0,"29.41","1.05",0,2024-03-01,"03","2024",7.42,29.41,"-16.825 146.125"
"5423609","2024-03-01T12:00:00Z",-16.825,146.225,"7.63",0,"29.490000000000002","1.1400000000000001",0,2024-03-01,"03","2024",7.63,29.49,"-16.825 146.225"
"5423649","2024-03-01T12:00:00Z",-16.875,146.175,"6.890000000000001",0,"29.43","1.06",0,2024-03-01,"03","2024",6.89,29.43,"-16.875 146.175"
"5423650","2024-03-01T12:00:00Z",-16.875,146.225,"7.17",0,"29.47","1.11",0,2024-03-01,"03","2024",7.17,29.47,"-16.875 146.225"
"5423691","2024-03-01T12:00:00Z",-16.925,146.225,"6.78",0,"29.43","1.06",0,2024-03-01,"03","2024",6.78,29.43,"-16.925 146.225"
"5423692","2024-03-01T12:00:00Z",-16.925,146.275,"7.2",0,"29.48","1.12",0,2024-03-01,"03","2024",7.2,29.48,"-16.925 146.275"
"5423732","2024-03-01T12:00:00Z",-16.975,146.225,"6.8",0,"29.400000000000002","1.02",0,2024-03-01,"03","2024",6.8,29.4,"-16.975 146.225"
"5435374","2024-03-08T12:00:00Z",-16.825,146.125,"7.42",0,"29.47","1.26",0,2024-03-08,"03","2024",7.42,29.47,"-16.825 146.125"
"5435376","2024-03-08T12:00:00Z",-16.825,146.225,"7.63",0,"29.560000000000002","1.35",0,2024-03-08,"03","2024",7.63,29.56,"-16.825 146.225"
"5435416","2024-03-08T12:00:00Z",-16.875,146.175,"6.890000000000001",0,"29.45","1.23",0,2024-03-08,"03","2024",6.89,29.45,"-16.875 146.175"
"5435417","2024-03-08T12:00:00Z",-16.875,146.225,"7.17",0,"29.5","1.29",0,2024-03-08,"03","2024",7.17,29.5,"-16.875 146.225"
"5435458","2024-03-08T12:00:00Z",-16.925,146.225,"6.78",0,"29.44","1.22",0,2024-03-08,"03","2024",6.78,29.44,"-16.925 146.225"
"5435459","2024-03-08T12:00:00Z",-16.925,146.275,"7.2",0,"29.490000000000002","1.28",0,2024-03-08,"03","2024",7.2,29.49,"-16.925 146.275"
"5435499","2024-03-08T12:00:00Z",-16.975,146.225,"6.8",0,"29.39","1.17",0,2024-03-08,"03","2024",6.8,29.39,"-16.975 146.225"
"5447141","2024-03-15T12:00:00Z",-16.825,146.125,"7.42",0,"29.64","1.58",0,2024-03-15,"03","2024",7.42,29.64,"-16.825 146.125"
"5447143","2024-03-15T12:00:00Z",-16.825,146.225,"7.63",0,"29.59","1.52",0,2024-03-15,"03","2024",7.63,29.59,"-16.825 146.225"
"5447183","2024-03-15T12:00:00Z",-16.875,146.175,"6.890000000000001",0,"29.64","1.57",0,2024-03-15,"03","2024",6.89,29.64,"-16.875 146.175"
"5447184","2024-03-15T12:00:00Z",-16.875,146.225,"7.17",0,"29.59","1.52",0,2024-03-15,"03","2024",7.17,29.59,"-16.875 146.225"
"5447225","2024-03-15T12:00:00Z",-16.925,146.225,"6.78",0,"29.63","1.56",0,2024-03-15,"03","2024",6.78,29.63,"-16.925 146.225"
"5447226","2024-03-15T12:00:00Z",-16.925,146.275,"7.2",0,"29.59","1.52",0,2024-03-15,"03","2024",7.2,29.59,"-16.925 146.275"
"5447266","2024-03-15T12:00:00Z",-16.975,146.225,"6.8",0,"29.63","1.56",0,2024-03-15,"03","2024",6.8,29.63,"-16.975 146.225"
"5458908","2024-03-22T12:00:00Z",-16.825,146.125,"7.42",0,"28.95","1.1300000000000001",0,2024-03-22,"03","2024",7.42,28.95,"-16.825 146.125"
"5458910","2024-03-22T12:00:00Z",-16.825,146.225,"7.49",0,"29.0","1.16",0,2024-03-22,"03","2024",7.49,29,"-16.825 146.225"
"5458950","2024-03-22T12:00:00Z",-16.875,146.175,"6.890000000000001",0,"28.91","1.08",0,2024-03-22,"03","2024",6.89,28.91,"-16.875 146.175"
"5458951","2024-03-22T12:00:00Z",-16.875,146.225,"7.17",0,"28.93","1.09",0,2024-03-22,"03","2024",7.17,28.93,"-16.875 146.225"
"5458992","2024-03-22T12:00:00Z",-16.925,146.225,"6.78",0,"28.87","1.04",0,2024-03-22,"03","2024",6.78,28.87,"-16.925 146.225"
"5458993","2024-03-22T12:00:00Z",-16.925,146.275,"7.2",0,"28.89","1.05",0,2024-03-22,"03","2024",7.2,28.89,"-16.925 146.275"
"5459033","2024-03-22T12:00:00Z",-16.975,146.225,"6.8",0,"28.810000000000002","0.98",0,2024-03-22,"03","2024",6.8,28.81,"-16.975 146.225"
"5470675","2024-03-29T12:00:00Z",-16.825,146.125,"6.18",0,"28.96","1.3800000000000001",0,2024-03-29,"03","2024",6.18,28.96,"-16.825 146.125"
"5470677","2024-03-29T12:00:00Z",-16.825,146.225,"6.28",0,"29.01","1.4000000000000001",0,2024-03-29,"03","2024",6.28,29.01,"-16.825 146.225"
"5470717","2024-03-29T12:00:00Z",-16.875,146.175,"5.83",0,"28.95","1.36",0,2024-03-29,"03","2024",5.83,28.95,"-16.875 146.175"
"5470718","2024-03-29T12:00:00Z",-16.875,146.225,"6.11",0,"28.96","1.36",0,2024-03-29,"03","2024",6.11,28.96,"-16.875 146.225"
"5470759","2024-03-29T12:00:00Z",-16.925,146.225,"5.71",0,"28.93","1.33",0,2024-03-29,"03","2024",5.71,28.93,"-16.925 146.225"
"5470760","2024-03-29T12:00:00Z",-16.925,146.275,"6.140000000000001",0,"28.94","1.34",0,2024-03-29,"03","2024",6.14,28.94,"-16.925 146.275"
"5470800","2024-03-29T12:00:00Z",-16.975,146.225,"5.73",0,"28.89","1.3",0,2024-03-29,"03","2024",5.73,28.89,"-16.975 146.225"
"5482442","2024-04-05T12:00:00Z",-16.825,146.125,"4.89",0,"28.26","0.92",0,2024-04-05,"04","2024",4.89,28.26,"-16.825 146.125"
"5482444","2024-04-05T12:00:00Z",-16.825,146.225,"5.04",0,"28.3","0.92",0,2024-04-05,"04","2024",5.04,28.3,"-16.825 146.225"
"5482484","2024-04-05T12:00:00Z",-16.875,146.175,"4.5600000000000005",0,"28.240000000000002","0.89",0,2024-04-05,"04","2024",4.56,28.24,"-16.875 146.175"
"5482485","2024-04-05T12:00:00Z",-16.875,146.225,"4.87",0,"28.29","0.92",0,2024-04-05,"04","2024",4.87,28.29,"-16.875 146.225"
"5482526","2024-04-05T12:00:00Z",-16.925,146.225,"4.45",0,"28.28","0.92",0,2024-04-05,"04","2024",4.45,28.28,"-16.925 146.225"
"5482527","2024-04-05T12:00:00Z",-16.925,146.275,"4.9",0,"28.34","0.97",0,2024-04-05,"04","2024",4.9,28.34,"-16.925 146.275"
"5482567","2024-04-05T12:00:00Z",-16.975,146.225,"4.43",0,"28.26","0.91",0,2024-04-05,"04","2024",4.43,28.26,"-16.975 146.225"
"5494209","2024-04-12T12:00:00Z",-16.825,146.125,"4.89",0,"28.53","1.43",0,2024-04-12,"04","2024",4.89,28.53,"-16.825 146.125"
"5494211","2024-04-12T12:00:00Z",-16.825,146.225,"4.76",0,"28.61","1.46",0,2024-04-12,"04","2024",4.76,28.61,"-16.825 146.225"
"5494251","2024-04-12T12:00:00Z",-16.875,146.175,"4.5600000000000005",0,"28.54","1.43",0,2024-04-12,"04","2024",4.56,28.54,"-16.875 146.175"
"5494252","2024-04-12T12:00:00Z",-16.875,146.225,"4.73",0,"28.580000000000002","1.44",0,2024-04-12,"04","2024",4.73,28.58,"-16.875 146.225"
"5494293","2024-04-12T12:00:00Z",-16.925,146.225,"4.45",0,"28.57","1.45",0,2024-04-12,"04","2024",4.45,28.57,"-16.925 146.225"
"5494294","2024-04-12T12:00:00Z",-16.925,146.275,"4.61",0,"28.6","1.46",0,2024-04-12,"04","2024",4.61,28.6,"-16.925 146.275"
"5494334","2024-04-12T12:00:00Z",-16.975,146.225,"4.43",0,"28.560000000000002","1.46",0,2024-04-12,"04","2024",4.43,28.56,"-16.975 146.225"
"5505976","2024-04-19T12:00:00Z",-16.825,146.125,"4.01",0,"27.93","1.11",0,2024-04-19,"04","2024",4.01,27.93,"-16.825 146.125"
"5505978","2024-04-19T12:00:00Z",-16.825,146.225,"3.86",0,"28.21","1.33",0,2024-04-19,"04","2024",3.86,28.21,"-16.825 146.225"
"5506018","2024-04-19T12:00:00Z",-16.875,146.175,"3.71",0,"28.07","1.24",0,2024-04-19,"04","2024",3.71,28.07,"-16.875 146.175"
"5506019","2024-04-19T12:00:00Z",-16.875,146.225,"3.87",0,"28.17","1.3",0,2024-04-19,"04","2024",3.87,28.17,"-16.875 146.225"
"5506060","2024-04-19T12:00:00Z",-16.925,146.225,"3.6",0,"28.14","1.3",0,2024-04-19,"04","2024",3.6,28.14,"-16.925 146.225"
"5506061","2024-04-19T12:00:00Z",-16.925,146.275,"3.75",0,"28.25","1.3800000000000001",0,2024-04-19,"04","2024",3.75,28.25,"-16.925 146.275"
"5506101","2024-04-19T12:00:00Z",-16.975,146.225,"3.6",0,"28.1","1.28",0,2024-04-19,"04","2024",3.6,28.1,"-16.975 146.225"
"5517743","2024-04-26T12:00:00Z",-16.825,146.125,"2.75",0,"27.85","1.35",0,2024-04-26,"04","2024",2.75,27.85,"-16.825 146.125"
"5517745","2024-04-26T12:00:00Z",-16.825,146.225,"2.61",0,"28.02","1.44",0,2024-04-26,"04","2024",2.61,28.02,"-16.825 146.225"
"5517785","2024-04-26T12:00:00Z",-16.875,146.175,"2.45",0,"27.89","1.37",0,2024-04-26,"04","2024",2.45,27.89,"-16.875 146.175"
"5517786","2024-04-26T12:00:00Z",-16.875,146.225,"2.61",0,"27.98","1.42",0,2024-04-26,"04","2024",2.61,27.98,"-16.875 146.225"
"5517827","2024-04-26T12:00:00Z",-16.925,146.225,"2.34",0,"27.93","1.4000000000000001",0,2024-04-26,"04","2024",2.34,27.93,"-16.925 146.225"
"5517828","2024-04-26T12:00:00Z",-16.925,146.275,"2.48",0,"28.04","1.47",0,2024-04-26,"04","2024",2.48,28.04,"-16.925 146.275"
"5517868","2024-04-26T12:00:00Z",-16.975,146.225,"2.35",0,"27.89","1.3800000000000001",0,2024-04-26,"04","2024",2.35,27.89,"-16.975 146.225"
"5529510","2024-05-03T12:00:00Z",-16.825,146.125,"1.6",0,"27.27","1.09",0,2024-05-03,"05","2024",1.6,27.27,"-16.825 146.125"
"5529512","2024-05-03T12:00:00Z",-16.825,146.225,"1.48",0,"27.43","1.1500000000000001",0,2024-05-03,"05","2024",1.48,27.43,"-16.825 146.225"
"5529552","2024-05-03T12:00:00Z",-16.875,146.175,"1.3",0,"27.29","1.08",0,2024-05-03,"05","2024",1.3,27.29,"-16.875 146.175"
"5529553","2024-05-03T12:00:00Z",-16.875,146.225,"1.46",0,"27.36","1.11",0,2024-05-03,"05","2024",1.46,27.36,"-16.875 146.225"
"5529594","2024-05-03T12:00:00Z",-16.925,146.225,"1.17",0,"27.27","1.05",0,2024-05-03,"05","2024",1.17,27.27,"-16.925 146.225"
"5529595","2024-05-03T12:00:00Z",-16.925,146.275,"1.33",0,"27.34","1.07",0,2024-05-03,"05","2024",1.33,27.34,"-16.925 146.275"
"5529635","2024-05-03T12:00:00Z",-16.975,146.225,"1.17",0,"27.19","0.99",0,2024-05-03,"05","2024",1.17,27.19,"-16.975 146.225"
"5541277","2024-05-10T12:00:00Z",-16.825,146.125,"0.9500000000000001",0,"26.91","1.04",0,2024-05-10,"05","2024",0.95,26.91,"-16.825 146.125"
"5541279","2024-05-10T12:00:00Z",-16.825,146.225,"1.1300000000000001",0,"27.07","1.09",0,2024-05-10,"05","2024",1.13,27.07,"-16.825 146.225"
"5541319","2024-05-10T12:00:00Z",-16.875,146.175,"0.9500000000000001",0,"26.95","1.06",0,2024-05-10,"05","2024",0.95,26.95,"-16.875 146.175"
"5541320","2024-05-10T12:00:00Z",-16.875,146.225,"1.11",0,"27.02","1.07",0,2024-05-10,"05","2024",1.11,27.02,"-16.875 146.225"
"5541361","2024-05-10T12:00:00Z",-16.925,146.225,"0.81",0,"26.96","1.05",0,2024-05-10,"05","2024",0.81,26.96,"-16.925 146.225"
"5541362","2024-05-10T12:00:00Z",-16.925,146.275,"0.97",0,"27.04","1.07",0,2024-05-10,"05","2024",0.97,27.04,"-16.925 146.275"
"5541402","2024-05-10T12:00:00Z",-16.975,146.225,"0.8",0,"26.89","1.01",0,2024-05-10,"05","2024",0.8,26.89,"-16.975 146.225"
"5553044","2024-05-17T12:00:00Z",-16.825,146.125,"0.0",0,"26.59","1.05",0,2024-05-17,"05","2024",0,26.59,"-16.825 146.125"
"5553046","2024-05-17T12:00:00Z",-16.825,146.225,"0.15",0,"26.740000000000002","1.07",0,2024-05-17,"05","2024",0.15,26.74,"-16.825 146.225"
"5553086","2024-05-17T12:00:00Z",-16.875,146.175,"0.0",0,"26.62","1.04",0,2024-05-17,"05","2024",0,26.62,"-16.875 146.175"
"5553087","2024-05-17T12:00:00Z",-16.875,146.225,"0.14",0,"26.67","1.03",0,2024-05-17,"05","2024",0.14,26.67,"-16.875 146.225"
"5553128","2024-05-17T12:00:00Z",-16.925,146.225,"0.0",0,"26.6","1.0",0,2024-05-17,"05","2024",0,26.6,"-16.925 146.225"
"5553129","2024-05-17T12:00:00Z",-16.925,146.275,"0.0",0,"26.67","1.01",0,2024-05-17,"05","2024",0,26.67,"-16.925 146.275"
"5553169","2024-05-17T12:00:00Z",-16.975,146.225,"0.0",0,"26.52","0.9500000000000001",0,2024-05-17,"05","2024",0,26.52,"-16.975 146.225"
"5564811","2024-05-24T12:00:00Z",-16.825,146.125,"0.0",0,"25.94","0.73",0,2024-05-24,"05","2024",0,25.94,"-16.825 146.125"
"5564813","2024-05-24T12:00:00Z",-16.825,146.225,"0.0",0,"26.18","0.8300000000000001",0,2024-05-24,"05","2024",0,26.18,"-16.825 146.225"
"5564853","2024-05-24T12:00:00Z",-16.875,146.175,"0.0",0,"25.990000000000002","0.74",0,2024-05-24,"05","2024",0,25.99,"-16.875 146.175"
"5564854","2024-05-24T12:00:00Z",-16.875,146.225,"0.0",0,"26.11","0.8",0,2024-05-24,"05","2024",0,26.11,"-16.875 146.225"
"5564895","2024-05-24T12:00:00Z",-16.925,146.225,"0.0",0,"26.03","0.76",0,2024-05-24,"05","2024",0,26.03,"-16.925 146.225"
"5564896","2024-05-24T12:00:00Z",-16.925,146.275,"0.0",0,"26.150000000000002","0.81",0,2024-05-24,"05","2024",0,26.15,"-16.925 146.275"
"5564936","2024-05-24T12:00:00Z",-16.975,146.225,"0.0",0,"25.96","0.73",0,2024-05-24,"05","2024",0,25.96,"-16.975 146.225"
"5576578","2024-05-31T12:00:00Z",-16.825,146.125,"0.0",0,"25.8","0.92",0,2024-05-31,"05","2024",0,25.8,"-16.825 146.125"
"5576580","2024-05-31T12:00:00Z",-16.825,146.225,"0.0",0,"25.97","0.93",0,2024-05-31,"05","2024",0,25.97,"-16.825 146.225"
"5576620","2024-05-31T12:00:00Z",-16.875,146.175,"0.0",0,"25.82","0.9",0,2024-05-31,"05","2024",0,25.82,"-16.875 146.175"
"5576621","2024-05-31T12:00:00Z",-16.875,146.225,"0.0",0,"25.89","0.9",0,2024-05-31,"05","2024",0,25.89,"-16.875 146.225"
"5576662","2024-05-31T12:00:00Z",-16.925,146.225,"0.0",0,"25.82","0.88",0,2024-05-31,"05","2024",0,25.82,"-16.925 146.225"
"5576663","2024-05-31T12:00:00Z",-16.925,146.275,"0.0",0,"25.900000000000002","0.88",0,2024-05-31,"05","2024",0,25.9,"-16.925 146.275"
"5576703","2024-05-31T12:00:00Z",-16.975,146.225,"0.0",0,"25.75","0.85",0,2024-05-31,"05","2024",0,25.75,"-16.975 146.225"
"5588345","2024-06-07T12:00:00Z",-16.825,146.125,"0.0",0,"25.45","0.91",0,2024-06-07,"06","2024",0,25.45,"-16.825 146.125"
"5588347","2024-06-07T12:00:00Z",-16.825,146.225,"0.0",0,"25.61","0.89",0,2024-06-07,"06","2024",0,25.61,"-16.825 146.225"
"5588387","2024-06-07T12:00:00Z",-16.875,146.175,"0.0",0,"25.45","0.86",0,2024-06-07,"06","2024",0,25.45,"-16.875 146.175"
"5588388","2024-06-07T12:00:00Z",-16.875,146.225,"0.0",0,"25.54","0.87",0,2024-06-07,"06","2024",0,25.54,"-16.875 146.225"
"5588429","2024-06-07T12:00:00Z",-16.925,146.225,"0.0",0,"25.47","0.86",0,2024-06-07,"06","2024",0,25.47,"-16.925 146.225"
"5588430","2024-06-07T12:00:00Z",-16.925,146.275,"0.0",0,"25.580000000000002","0.88",0,2024-06-07,"06","2024",0,25.58,"-16.925 146.275"
"5588470","2024-06-07T12:00:00Z",-16.975,146.225,"0.0",0,"25.41","0.84",0,2024-06-07,"06","2024",0,25.41,"-16.975 146.225"
"5600112","2024-06-14T12:00:00Z",-16.825,146.125,"0.0",0,"25.46","1.25",0,2024-06-14,"06","2024",0,25.46,"-16.825 146.125"
"5600114","2024-06-14T12:00:00Z",-16.825,146.225,"0.0",0,"25.67","1.26",0,2024-06-14,"06","2024",0,25.67,"-16.825 146.225"
"5600154","2024-06-14T12:00:00Z",-16.875,146.175,"0.0",0,"25.490000000000002","1.23",0,2024-06-14,"06","2024",0,25.49,"-16.875 146.175"
"5600155","2024-06-14T12:00:00Z",-16.875,146.225,"0.0",0,"25.560000000000002","1.21",0,2024-06-14,"06","2024",0,25.56,"-16.875 146.225"
"5600196","2024-06-14T12:00:00Z",-16.925,146.225,"0.0",0,"25.43","1.1400000000000001",0,2024-06-14,"06","2024",0,25.43,"-16.925 146.225"
"5600197","2024-06-14T12:00:00Z",-16.925,146.275,"0.0",0,"25.490000000000002","1.1",0,2024-06-14,"06","2024",0,25.49,"-16.925 146.275"
"5600237","2024-06-14T12:00:00Z",-16.975,146.225,"0.0",0,"25.310000000000002","1.07",0,2024-06-14,"06","2024",0,25.31,"-16.975 146.225"
"5611879","2024-06-21T12:00:00Z",-16.825,146.125,"0.0",0,"25.78","1.74",0,2024-06-21,"06","2024",0,25.78,"-16.825 146.125"
"5611881","2024-06-21T12:00:00Z",-16.825,146.225,"0.0",0,"25.95","1.7",0,2024-06-21,"06","2024",0,25.95,"-16.825 146.225"
"5611921","2024-06-21T12:00:00Z",-16.875,146.175,"0.0",0,"25.8","1.71",0,2024-06-21,"06","2024",0,25.8,"-16.875 146.175"
"5611922","2024-06-21T12:00:00Z",-16.875,146.225,"0.0",0,"25.87","1.69",0,2024-06-21,"06","2024",0,25.87,"-16.875 146.225"
"5611963","2024-06-21T12:00:00Z",-16.925,146.225,"0.0",0,"25.76","1.6400000000000001",0,2024-06-21,"06","2024",0,25.76,"-16.925 146.225"
"5611964","2024-06-21T12:00:00Z",-16.925,146.275,"0.0",0,"25.830000000000002","1.61",0,2024-06-21,"06","2024",0,25.83,"-16.925 146.275"
"5612004","2024-06-21T12:00:00Z",-16.975,146.225,"0.0",0,"25.62","1.56",0,2024-06-21,"06","2024",0,25.62,"-16.975 146.225"
"5623646","2024-06-28T12:00:00Z",-16.825,146.125,"0.0",0,"25.57","1.67",0,2024-06-28,"06","2024",0,25.57,"-16.825 146.125"
"5623648","2024-06-28T12:00:00Z",-16.825,146.225,"0.0",0,"25.76","1.6400000000000001",0,2024-06-28,"06","2024",0,25.76,"-16.825 146.225"
"5623688","2024-06-28T12:00:00Z",-16.875,146.175,"0.0",0,"25.64","1.69",0,2024-06-28,"06","2024",0,25.64,"-16.875 146.175"
"5623689","2024-06-28T12:00:00Z",-16.875,146.225,"0.0",0,"25.7","1.6500000000000001",0,2024-06-28,"06","2024",0,25.7,"-16.875 146.225"
"5623730","2024-06-28T12:00:00Z",-16.925,146.225,"0.0",0,"25.61","1.6300000000000001",0,2024-06-28,"06","2024",0,25.61,"-16.925 146.225"
"5623731","2024-06-28T12:00:00Z",-16.925,146.275,"0.0",0,"25.650000000000002","1.57",0,2024-06-28,"06","2024",0,25.65,"-16.925 146.275"
"5623771","2024-06-28T12:00:00Z",-16.975,146.225,"0.0",0,"25.490000000000002","1.57",0,2024-06-28,"06","2024",0,25.49,"-16.975 146.225"
"5635413","2024-07-08T12:00:00Z",-16.825,146.125,"0.0",0,"24.84","1.1400000000000001",0,2024-07-08,"07","2024",0,24.84,"-16.825 146.125"
"5635415","2024-07-08T12:00:00Z",-16.825,146.225,"0.0",0,"25.060000000000002","1.1300000000000001",0,2024-07-08,"07","2024",0,25.06,"-16.825 146.225"
"5635455","2024-07-08T12:00:00Z",-16.875,146.175,"0.0",0,"24.86","1.12",0,2024-07-08,"07","2024",0,24.86,"-16.875 146.175"
"5635456","2024-07-08T12:00:00Z",-16.875,146.225,"0.0",0,"24.95","1.09",0,2024-07-08,"07","2024",0,24.95,"-16.875 146.225"
"5635497","2024-07-08T12:00:00Z",-16.925,146.225,"0.0",0,"24.85","1.08",0,2024-07-08,"07","2024",0,24.85,"-16.925 146.225"
"5635498","2024-07-08T12:00:00Z",-16.925,146.275,"0.0",0,"24.97","1.09",0,2024-07-08,"07","2024",0,24.97,"-16.925 146.275"
"5635538","2024-07-08T12:00:00Z",-16.975,146.225,"0.0",0,"24.76","1.05",0,2024-07-08,"07","2024",0,24.76,"-16.975 146.225"
"5647180","2024-07-15T12:00:00Z",-16.825,146.125,"0.0",0,"24.990000000000002","1.43",0,2024-07-15,"07","2024",0,24.99,"-16.825 146.125"
"5647182","2024-07-15T12:00:00Z",-16.825,146.225,"0.0",0,"25.2","1.4000000000000001",0,2024-07-15,"07","2024",0,25.2,"-16.825 146.225"
"5647222","2024-07-15T12:00:00Z",-16.875,146.175,"0.0",0,"25.03","1.43",0,2024-07-15,"07","2024",0,25.03,"-16.875 146.175"
"5647223","2024-07-15T12:00:00Z",-16.875,146.225,"0.0",0,"25.13","1.41",0,2024-07-15,"07","2024",0,25.13,"-16.875 146.225"
"5647264","2024-07-15T12:00:00Z",-16.925,146.225,"0.0",0,"25.060000000000002","1.43",0,2024-07-15,"07","2024",0,25.06,"-16.925 146.225"
"5647265","2024-07-15T12:00:00Z",-16.925,146.275,"0.0",0,"25.16","1.42",0,2024-07-15,"07","2024",0,25.16,"-16.925 146.275"
"5647305","2024-07-15T12:00:00Z",-16.975,146.225,"0.0",0,"24.990000000000002","1.43",0,2024-07-15,"07","2024",0,24.99,"-16.975 146.225"
"5658947","2024-07-22T12:00:00Z",-16.825,146.125,"0.0",0,"24.68","1.1",0,2024-07-22,"07","2024",0,24.68,"-16.825 146.125"
"5658949","2024-07-22T12:00:00Z",-16.825,146.225,"0.0",0,"24.830000000000002","1.02",0,2024-07-22,"07","2024",0,24.83,"-16.825 146.225"
"5658989","2024-07-22T12:00:00Z",-16.875,146.175,"0.0",0,"24.63","1.01",0,2024-07-22,"07","2024",0,24.63,"-16.875 146.175"
"5658990","2024-07-22T12:00:00Z",-16.875,146.225,"0.0",0,"24.7","0.96",0,2024-07-22,"07","2024",0,24.7,"-16.875 146.225"
"5659031","2024-07-22T12:00:00Z",-16.925,146.225,"0.0",0,"24.560000000000002","0.91",0,2024-07-22,"07","2024",0,24.56,"-16.925 146.225"
"5659032","2024-07-22T12:00:00Z",-16.925,146.275,"0.0",0,"24.66","0.91",0,2024-07-22,"07","2024",0,24.66,"-16.925 146.275"
"5659072","2024-07-22T12:00:00Z",-16.975,146.225,"0.0",0,"24.43","0.85",0,2024-07-22,"07","2024",0,24.43,"-16.975 146.225"
"5670714","2024-07-30T12:00:00Z",-16.825,146.125,"0.0",0,"24.19","0.58",0,2024-07-30,"07","2024",0,24.19,"-16.825 146.125"
"5670716","2024-07-30T12:00:00Z",-16.825,146.225,"0.0",0,"24.44","0.62",0,2024-07-30,"07","2024",0,24.44,"-16.825 146.225"
"5670756","2024-07-30T12:00:00Z",-16.875,146.175,"0.0",0,"24.22","0.5700000000000001",0,2024-07-30,"07","2024",0,24.22,"-16.875 146.175"
"5670757","2024-07-30T12:00:00Z",-16.875,146.225,"0.0",0,"24.34","0.59",0,2024-07-30,"07","2024",0,24.34,"-16.875 146.225"
"5670798","2024-07-30T12:00:00Z",-16.925,146.225,"0.0",0,"24.240000000000002","0.5700000000000001",0,2024-07-30,"07","2024",0,24.24,"-16.925 146.225"
"5670799","2024-07-30T12:00:00Z",-16.925,146.275,"0.0",0,"24.37","0.6",0,2024-07-30,"07","2024",0,24.37,"-16.925 146.275"
"5670839","2024-07-30T12:00:00Z",-16.975,146.225,"0.0",0,"24.13","0.53",0,2024-07-30,"07","2024",0,24.13,"-16.975 146.225"
"5682481","2024-08-06T12:00:00Z",-16.825,146.125,"0.0",0,"23.86","0.22",0,2024-08-06,"08","2024",0,23.86,"-16.825 146.125"
"5682483","2024-08-06T12:00:00Z",-16.825,146.225,"0.0",0,"24.080000000000002","0.24",0,2024-08-06,"08","2024",0,24.08,"-16.825 146.225"
"5682523","2024-08-06T12:00:00Z",-16.875,146.175,"0.0",0,"23.87","0.2",0,2024-08-06,"08","2024",0,23.87,"-16.875 146.175"
"5682524","2024-08-06T12:00:00Z",-16.875,146.225,"0.0",0,"23.98","0.21",0,2024-08-06,"08","2024",0,23.98,"-16.875 146.225"
"5682565","2024-08-06T12:00:00Z",-16.925,146.225,"0.0",0,"23.89","0.2",0,2024-08-06,"08","2024",0,23.89,"-16.925 146.225"
"5682566","2024-08-06T12:00:00Z",-16.925,146.275,"0.0",0,"24.03","0.25",0,2024-08-06,"08","2024",0,24.03,"-16.925 146.275"
"5682606","2024-08-06T12:00:00Z",-16.975,146.225,"0.0",0,"23.8","0.18",0,2024-08-06,"08","2024",0,23.8,"-16.975 146.225"
"5694248","2024-08-13T12:00:00Z",-16.825,146.125,"0.0",0,"23.98","0.32",0,2024-08-13,"08","2024",0,23.98,"-16.825 146.125"
"5694250","2024-08-13T12:00:00Z",-16.825,146.225,"0.0",0,"24.25","0.4",0,2024-08-13,"08","2024",0,24.25,"-16.825 146.225"
"5694290","2024-08-13T12:00:00Z",-16.875,146.175,"0.0",0,"23.98","0.29",0,2024-08-13,"08","2024",0,23.98,"-16.875 146.175"
"5694291","2024-08-13T12:00:00Z",-16.875,146.225,"0.0",0,"24.1","0.31",0,2024-08-13,"08","2024",0,24.1,"-16.875 146.225"
"5694332","2024-08-13T12:00:00Z",-16.925,146.225,"0.0",0,"23.94","0.23",0,2024-08-13,"08","2024",0,23.94,"-16.925 146.225"
"5694333","2024-08-13T12:00:00Z",-16.925,146.275,"0.0",0,"24.09","0.29",0,2024-08-13,"08","2024",0,24.09,"-16.925 146.275"
"5694373","2024-08-13T12:00:00Z",-16.975,146.225,"0.0",0,"23.82","0.18",0,2024-08-13,"08","2024",0,23.82,"-16.975 146.225"
