"","time","latitude","longitude","CRW_DHW","CRW_DHW_mask","CRW_SST","CRW_SSTANOMALY","CRW_SSTANOMALY_mask","time2","month","year","dhw","sst","gridID"
"10276","2015-05-07T12:00:00Z",-11.175,143.225,"0.0",0,"28.0","0.96",0,2015-05-07,"05","2015",0,28,"-11.175 143.225"
"10441","2015-05-07T12:00:00Z",-11.375,143.275,"0.15",0,"27.900000000000002","0.93",0,2015-05-07,"05","2015",0.15,27.9,"-11.375 143.275"
"10442","2015-05-07T12:00:00Z",-11.375,143.325,"0.15",0,"27.91","0.9500000000000001",0,2015-05-07,"05","2015",0.15,27.91,"-11.375 143.325"
"10780","2015-05-07T12:00:00Z",-11.775,143.825,"0.0",0,"27.310000000000002","0.54",0,2015-05-07,"05","2015",0,27.31,"-11.775 143.825"
"10781","2015-05-07T12:00:00Z",-11.775,143.875,"0.0",0,"27.32","0.56",0,2015-05-07,"05","2015",0,27.32,"-11.775 143.875"
"22043","2015-05-14T12:00:00Z",-11.175,143.225,"0.0",0,"27.23","0.42",0,2015-05-14,"05","2015",0,27.23,"-11.175 143.225"
"22208","2015-05-14T12:00:00Z",-11.375,143.275,"0.15",0,"27.150000000000002","0.42",0,2015-05-14,"05","2015",0.15,27.15,"-11.375 143.275"
"22209","2015-05-14T12:00:00Z",-11.375,143.325,"0.15",0,"27.16","0.43",0,2015-05-14,"05","2015",0.15,27.16,"-11.375 143.325"
"22547","2015-05-14T12:00:00Z",-11.775,143.825,"0.0",0,"26.75","0.21",0,2015-05-14,"05","2015",0,26.75,"-11.775 143.825"
"22548","2015-05-14T12:00:00Z",-11.775,143.875,"0.0",0,"26.77","0.24",0,2015-05-14,"05","2015",0,26.77,"-11.775 143.875"
"33810","2015-05-21T12:00:00Z",-11.175,143.225,"0.0",0,"26.97","0.42",0,2015-05-21,"05","2015",0,26.97,"-11.175 143.225"
"33975","2015-05-21T12:00:00Z",-11.375,143.275,"0.15",0,"26.91","0.44",0,2015-05-21,"05","2015",0.15,26.91,"-11.375 143.275"
"33976","2015-05-21T12:00:00Z",-11.375,143.325,"0.15",0,"26.900000000000002","0.43",0,2015-05-21,"05","2015",0.15,26.9,"-11.375 143.325"
"34314","2015-05-21T12:00:00Z",-11.775,143.825,"0.0",0,"26.76","0.45",0,2015-05-21,"05","2015",0,26.76,"-11.775 143.825"
"34315","2015-05-21T12:00:00Z",-11.775,143.875,"0.0",0,"26.78","0.47000000000000003",0,2015-05-21,"05","2015",0,26.78,"-11.775 143.875"
"45577","2015-05-28T12:00:00Z",-11.175,143.225,"0.0",0,"26.22","-0.06",0,2015-05-28,"05","2015",0,26.22,"-11.175 143.225"
"45742","2015-05-28T12:00:00Z",-11.375,143.275,"0.15",0,"26.1","-0.1",0,2015-05-28,"05","2015",0.15,26.1,"-11.375 143.275"
"45743","2015-05-28T12:00:00Z",-11.375,143.325,"0.15",0,"26.14","-0.07",0,2015-05-28,"05","2015",0.15,26.14,"-11.375 143.325"
"46081","2015-05-28T12:00:00Z",-11.775,143.825,"0.0",0,"25.900000000000002","-0.18",0,2015-05-28,"05","2015",0,25.9,"-11.775 143.825"
"46082","2015-05-28T12:00:00Z",-11.775,143.875,"0.0",0,"25.93","-0.15",0,2015-05-28,"05","2015",0,25.93,"-11.775 143.875"
"57344","2015-06-04T12:00:00Z",-11.175,143.225,"0.0",0,"26.53","0.52",0,2015-06-04,"06","2015",0,26.53,"-11.175 143.225"
"57509","2015-06-04T12:00:00Z",-11.375,143.275,"0.0",0,"26.43","0.5",0,2015-06-04,"06","2015",0,26.43,"-11.375 143.275"
"57510","2015-06-04T12:00:00Z",-11.375,143.325,"0.0",0,"26.43","0.48",0,2015-06-04,"06","2015",0,26.43,"-11.375 143.325"
"57848","2015-06-04T12:00:00Z",-11.775,143.825,"0.0",0,"26.38","0.53",0,2015-06-04,"06","2015",0,26.38,"-11.775 143.825"
"57849","2015-06-04T12:00:00Z",-11.775,143.875,"0.0",0,"26.42","0.5700000000000001",0,2015-06-04,"06","2015",0,26.42,"-11.775 143.875"
"69111","2015-06-11T12:00:00Z",-11.175,143.225,"0.0",0,"25.830000000000002","0.1",0,2015-06-11,"06","2015",0,25.83,"-11.175 143.225"
"69276","2015-06-11T12:00:00Z",-11.375,143.275,"0.0",0,"25.72","0.06",0,2015-06-11,"06","2015",0,25.72,"-11.375 143.275"
"69277","2015-06-11T12:00:00Z",-11.375,143.325,"0.0",0,"25.75","0.07",0,2015-06-11,"06","2015",0,25.75,"-11.375 143.325"
"69615","2015-06-11T12:00:00Z",-11.775,143.825,"0.0",0,"25.82","0.2",0,2015-06-11,"06","2015",0,25.82,"-11.775 143.825"
"69616","2015-06-11T12:00:00Z",-11.775,143.875,"0.0",0,"25.85","0.22",0,2015-06-11,"06","2015",0,25.85,"-11.775 143.875"
"80878","2015-06-18T12:00:00Z",-11.175,143.225,"0.0",0,"25.89","0.4",0,2015-06-18,"06","2015",0,25.89,"-11.175 143.225"
"81043","2015-06-18T12:00:00Z",-11.375,143.275,"0.0",0,"25.86","0.44",0,2015-06-18,"06","2015",0,25.86,"-11.375 143.275"
"81044","2015-06-18T12:00:00Z",-11.375,143.325,"0.0",0,"25.88","0.44",0,2015-06-18,"06","2015",0,25.88,"-11.375 143.325"
"81382","2015-06-18T12:00:00Z",-11.775,143.825,"0.0",0,"26.1","0.68",0,2015-06-18,"06","2015",0,26.1,"-11.775 143.825"
"81383","2015-06-18T12:00:00Z",-11.775,143.875,"0.0",0,"26.11","0.68",0,2015-06-18,"06","2015",0,26.11,"-11.775 143.875"
"92645","2015-06-25T12:00:00Z",-11.175,143.225,"0.0",0,"25.78","0.5",0,2015-06-25,"06","2015",0,25.78,"-11.175 143.225"
"92810","2015-06-25T12:00:00Z",-11.375,143.275,"0.0",0,"25.64","0.43",0,2015-06-25,"06","2015",0,25.64,"-11.375 143.275"
"92811","2015-06-25T12:00:00Z",-11.375,143.325,"0.0",0,"25.66","0.43",0,2015-06-25,"06","2015",0,25.66,"-11.375 143.325"
"93149","2015-06-25T12:00:00Z",-11.775,143.825,"0.0",0,"25.830000000000002","0.58",0,2015-06-25,"06","2015",0,25.83,"-11.775 143.825"
"93150","2015-06-25T12:00:00Z",-11.775,143.875,"0.0",0,"25.84","0.5700000000000001",0,2015-06-25,"06","2015",0,25.84,"-11.775 143.875"
"104412","2015-07-02T12:00:00Z",-11.175,143.225,"0.0",0,"25.37","0.31",0,2015-07-02,"07","2015",0,25.37,"-11.175 143.225"
"104577","2015-07-02T12:00:00Z",-11.375,143.275,"0.0",0,"25.310000000000002","0.3",0,2015-07-02,"07","2015",0,25.31,"-11.375 143.275"
"104578","2015-07-02T12:00:00Z",-11.375,143.325,"0.0",0,"25.310000000000002","0.28",0,2015-07-02,"07","2015",0,25.31,"-11.375 143.325"
"104916","2015-07-02T12:00:00Z",-11.775,143.825,"0.0",0,"25.36","0.27",0,2015-07-02,"07","2015",0,25.36,"-11.775 143.825"
"104917","2015-07-02T12:00:00Z",-11.775,143.875,"0.0",0,"25.36","0.26",0,2015-07-02,"07","2015",0,25.36,"-11.775 143.875"
"116179","2015-07-09T12:00:00Z",-11.175,143.225,"0.0",0,"25.11","0.26",0,2015-07-09,"07","2015",0,25.11,"-11.175 143.225"
"116344","2015-07-09T12:00:00Z",-11.375,143.275,"0.0",0,"25.04","0.24",0,2015-07-09,"07","2015",0,25.04,"-11.375 143.275"
"116345","2015-07-09T12:00:00Z",-11.375,143.325,"0.0",0,"25.05","0.23",0,2015-07-09,"07","2015",0,25.05,"-11.375 143.325"
"116683","2015-07-09T12:00:00Z",-11.775,143.825,"0.0",0,"25.03","0.11",0,2015-07-09,"07","2015",0,25.03,"-11.775 143.825"
"116684","2015-07-09T12:00:00Z",-11.775,143.875,"0.0",0,"25.04","0.1",0,2015-07-09,"07","2015",0,25.04,"-11.775 143.875"
"127946","2015-07-16T12:00:00Z",-11.175,143.225,"0.0",0,"25.1","0.44",0,2015-07-16,"07","2015",0,25.1,"-11.175 143.225"
"128111","2015-07-16T12:00:00Z",-11.375,143.275,"0.0",0,"25.0","0.39",0,2015-07-16,"07","2015",0,25,"-11.375 143.275"
"128112","2015-07-16T12:00:00Z",-11.375,143.325,"0.0",0,"24.98","0.35000000000000003",0,2015-07-16,"07","2015",0,24.98,"-11.375 143.325"
"128450","2015-07-16T12:00:00Z",-11.775,143.825,"0.0",0,"24.900000000000002","0.13",0,2015-07-16,"07","2015",0,24.9,"-11.775 143.825"
"128451","2015-07-16T12:00:00Z",-11.775,143.875,"0.0",0,"24.93","0.14",0,2015-07-16,"07","2015",0,24.93,"-11.775 143.875"
"139713","2015-07-23T12:00:00Z",-11.175,143.225,"0.0",0,"24.87","0.24",0,2015-07-23,"07","2015",0,24.87,"-11.175 143.225"
"139878","2015-07-23T12:00:00Z",-11.375,143.275,"0.0",0,"24.82","0.25",0,2015-07-23,"07","2015",0,24.82,"-11.375 143.275"
"139879","2015-07-23T12:00:00Z",-11.375,143.325,"0.0",0,"24.830000000000002","0.24",0,2015-07-23,"07","2015",0,24.83,"-11.375 143.325"
"140217","2015-07-23T12:00:00Z",-11.775,143.825,"0.0",0,"24.95","0.24",0,2015-07-23,"07","2015",0,24.95,"-11.775 143.825"
"140218","2015-07-23T12:00:00Z",-11.775,143.875,"0.0",0,"25.01","0.28",0,2015-07-23,"07","2015",0,25.01,"-11.775 143.875"
"151480","2015-07-30T12:00:00Z",-11.175,143.225,"0.0",0,"24.77","0.18",0,2015-07-30,"07","2015",0,24.77,"-11.175 143.225"
"151645","2015-07-30T12:00:00Z",-11.375,143.275,"0.0",0,"24.71","0.18",0,2015-07-30,"07","2015",0,24.71,"-11.375 143.275"
"151646","2015-07-30T12:00:00Z",-11.375,143.325,"0.0",0,"24.740000000000002","0.19",0,2015-07-30,"07","2015",0,24.74,"-11.375 143.325"
"151984","2015-07-30T12:00:00Z",-11.775,143.825,"0.0",0,"24.830000000000002","0.18",0,2015-07-30,"07","2015",0,24.83,"-11.775 143.825"
"151985","2015-07-30T12:00:00Z",-11.775,143.875,"0.0",0,"24.85","0.18",0,2015-07-30,"07","2015",0,24.85,"-11.775 143.875"
"163247","2015-08-06T12:00:00Z",-11.175,143.225,"0.0",0,"24.88","0.33",0,2015-08-06,"08","2015",0,24.88,"-11.175 143.225"
"163412","2015-08-06T12:00:00Z",-11.375,143.275,"0.0",0,"24.8","0.31",0,2015-08-06,"08","2015",0,24.8,"-11.375 143.275"
"163413","2015-08-06T12:00:00Z",-11.375,143.325,"0.0",0,"24.84","0.33",0,2015-08-06,"08","2015",0,24.84,"-11.375 143.325"
"163751","2015-08-06T12:00:00Z",-11.775,143.825,"0.0",0,"24.830000000000002","0.23",0,2015-08-06,"08","2015",0,24.83,"-11.775 143.825"
"163752","2015-08-06T12:00:00Z",-11.775,143.875,"0.0",0,"24.85","0.23",0,2015-08-06,"08","2015",0,24.85,"-11.775 143.875"
"175014","2015-08-13T12:00:00Z",-11.175,143.225,"0.0",0,"24.93","0.42",0,2015-08-13,"08","2015",0,24.93,"-11.175 143.225"
"175179","2015-08-13T12:00:00Z",-11.375,143.275,"0.0",0,"24.92","0.47000000000000003",0,2015-08-13,"08","2015",0,24.92,"-11.375 143.275"
"175180","2015-08-13T12:00:00Z",-11.375,143.325,"0.0",0,"24.92","0.46",0,2015-08-13,"08","2015",0,24.92,"-11.375 143.325"
"175518","2015-08-13T12:00:00Z",-11.775,143.825,"0.0",0,"24.810000000000002","0.27",0,2015-08-13,"08","2015",0,24.81,"-11.775 143.825"
"175519","2015-08-13T12:00:00Z",-11.775,143.875,"0.0",0,"24.82","0.26",0,2015-08-13,"08","2015",0,24.82,"-11.775 143.875"
"186781","2015-08-20T12:00:00Z",-11.175,143.225,"0.0",0,"24.71","0.11",0,2015-08-20,"08","2015",0,24.71,"-11.175 143.225"
"186946","2015-08-20T12:00:00Z",-11.375,143.275,"0.0",0,"24.54","0.0",0,2015-08-20,"08","2015",0,24.54,"-11.375 143.275"
"186947","2015-08-20T12:00:00Z",-11.375,143.325,"0.0",0,"24.560000000000002","0.01",0,2015-08-20,"08","2015",0,24.56,"-11.375 143.325"
"187285","2015-08-20T12:00:00Z",-11.775,143.825,"0.0",0,"24.64","0.06",0,2015-08-20,"08","2015",0,24.64,"-11.775 143.825"
"187286","2015-08-20T12:00:00Z",-11.775,143.875,"0.0",0,"24.66","0.06",0,2015-08-20,"08","2015",0,24.66,"-11.775 143.875"
"198548","2015-08-27T12:00:00Z",-11.175,143.225,"0.0",0,"25.17","0.42",0,2015-08-27,"08","2015",0,25.17,"-11.175 143.225"
"198713","2015-08-27T12:00:00Z",-11.375,143.275,"0.0",0,"25.01","0.32",0,2015-08-27,"08","2015",0,25.01,"-11.375 143.275"
"198714","2015-08-27T12:00:00Z",-11.375,143.325,"0.0",0,"25.02","0.33",0,2015-08-27,"08","2015",0,25.02,"-11.375 143.325"
"199052","2015-08-27T12:00:00Z",-11.775,143.825,"0.0",0,"24.94","0.27",0,2015-08-27,"08","2015",0,24.94,"-11.775 143.825"
"199053","2015-08-27T12:00:00Z",-11.775,143.875,"0.0",0,"24.96","0.28",0,2015-08-27,"08","2015",0,24.96,"-11.775 143.875"
"210315","2015-09-03T12:00:00Z",-11.175,143.225,"0.0",0,"25.63","0.73",0,2015-09-03,"09","2015",0,25.63,"-11.175 143.225"
"210480","2015-09-03T12:00:00Z",-11.375,143.275,"0.0",0,"25.43","0.6",0,2015-09-03,"09","2015",0,25.43,"-11.375 143.275"
"210481","2015-09-03T12:00:00Z",-11.375,143.325,"0.0",0,"25.44","0.6",0,2015-09-03,"09","2015",0,25.44,"-11.375 143.325"
"210819","2015-09-03T12:00:00Z",-11.775,143.825,"0.0",0,"25.19","0.44",0,2015-09-03,"09","2015",0,25.19,"-11.775 143.825"
"210820","2015-09-03T12:00:00Z",-11.775,143.875,"0.0",0,"25.2","0.44",0,2015-09-03,"09","2015",0,25.2,"-11.775 143.875"
"222082","2015-09-10T12:00:00Z",-11.175,143.225,"0.0",0,"25.67","0.62",0,2015-09-10,"09","2015",0,25.67,"-11.175 143.225"
"222247","2015-09-10T12:00:00Z",-11.375,143.275,"0.0",0,"25.51","0.53",0,2015-09-10,"09","2015",0,25.51,"-11.375 143.275"
"222248","2015-09-10T12:00:00Z",-11.375,143.325,"0.0",0,"25.51","0.53",0,2015-09-10,"09","2015",0,25.51,"-11.375 143.325"
"222586","2015-09-10T12:00:00Z",-11.775,143.825,"0.0",0,"25.35","0.51",0,2015-09-10,"09","2015",0,25.35,"-11.775 143.825"
"222587","2015-09-10T12:00:00Z",-11.775,143.875,"0.0",0,"25.34","0.5",0,2015-09-10,"09","2015",0,25.34,"-11.775 143.875"
"233849","2015-09-17T12:00:00Z",-11.175,143.225,"0.0",0,"25.66","0.44",0,2015-09-17,"09","2015",0,25.66,"-11.175 143.225"
"234014","2015-09-17T12:00:00Z",-11.375,143.275,"0.0",0,"25.57","0.41000000000000003",0,2015-09-17,"09","2015",0,25.57,"-11.375 143.275"
"234015","2015-09-17T12:00:00Z",-11.375,143.325,"0.0",0,"25.560000000000002","0.4",0,2015-09-17,"09","2015",0,25.56,"-11.375 143.325"
"234353","2015-09-17T12:00:00Z",-11.775,143.825,"0.0",0,"25.39","0.42",0,2015-09-17,"09","2015",0,25.39,"-11.775 143.825"
"234354","2015-09-17T12:00:00Z",-11.775,143.875,"0.0",0,"25.37","0.41000000000000003",0,2015-09-17,"09","2015",0,25.37,"-11.775 143.875"
"245616","2015-09-24T12:00:00Z",-11.175,143.225,"0.0",0,"25.64","0.15",0,2015-09-24,"09","2015",0,25.64,"-11.175 143.225"
"245781","2015-09-24T12:00:00Z",-11.375,143.275,"0.0",0,"25.62","0.2",0,2015-09-24,"09","2015",0,25.62,"-11.375 143.275"
"245782","2015-09-24T12:00:00Z",-11.375,143.325,"0.0",0,"25.6","0.18",0,2015-09-24,"09","2015",0,25.6,"-11.375 143.325"
"246120","2015-09-24T12:00:00Z",-11.775,143.825,"0.0",0,"25.27","0.07",0,2015-09-24,"09","2015",0,25.27,"-11.775 143.825"
"246121","2015-09-24T12:00:00Z",-11.775,143.875,"0.0",0,"25.310000000000002","0.12",0,2015-09-24,"09","2015",0,25.31,"-11.775 143.875"
"257383","2015-10-01T12:00:00Z",-11.175,143.225,"0.0",0,"25.54","-0.21",0,2015-10-01,"10","2015",0,25.54,"-11.175 143.225"
"257548","2015-10-01T12:00:00Z",-11.375,143.275,"0.0",0,"25.6","-0.09",0,2015-10-01,"10","2015",0,25.6,"-11.375 143.275"
"257549","2015-10-01T12:00:00Z",-11.375,143.325,"0.0",0,"25.61","-0.07",0,2015-10-01,"10","2015",0,25.61,"-11.375 143.325"
"257887","2015-10-01T12:00:00Z",-11.775,143.825,"0.0",0,"25.2","-0.23",0,2015-10-01,"10","2015",0,25.2,"-11.775 143.825"
"257888","2015-10-01T12:00:00Z",-11.775,143.875,"0.0",0,"25.18","-0.24",0,2015-10-01,"10","2015",0,25.18,"-11.775 143.875"
"269150","2015-10-08T12:00:00Z",-11.175,143.225,"0.0",0,"25.48","-0.53",0,2015-10-08,"10","2015",0,25.48,"-11.175 143.225"
"269315","2015-10-08T12:00:00Z",-11.375,143.275,"0.0",0,"25.45","-0.51",0,2015-10-08,"10","2015",0,25.45,"-11.375 143.275"
"269316","2015-10-08T12:00:00Z",-11.375,143.325,"0.0",0,"25.44","-0.51",0,2015-10-08,"10","2015",0,25.44,"-11.375 143.325"
"269654","2015-10-08T12:00:00Z",-11.775,143.825,"0.0",0,"25.16","-0.51",0,2015-10-08,"10","2015",0,25.16,"-11.775 143.825"
"269655","2015-10-08T12:00:00Z",-11.775,143.875,"0.0",0,"25.13","-0.51",0,2015-10-08,"10","2015",0,25.13,"-11.775 143.875"
"280917","2015-10-15T12:00:00Z",-11.175,143.225,"0.0",0,"25.67","-0.6",0,2015-10-15,"10","2015",0,25.67,"-11.175 143.225"
"281082","2015-10-15T12:00:00Z",-11.375,143.275,"0.0",0,"25.61","-0.62",0,2015-10-15,"10","2015",0,25.61,"-11.375 143.275"
"281083","2015-10-15T12:00:00Z",-11.375,143.325,"0.0",0,"25.61","-0.6",0,2015-10-15,"10","2015",0,25.61,"-11.375 143.325"
"281421","2015-10-15T12:00:00Z",-11.775,143.825,"0.0",0,"25.310000000000002","-0.59",0,2015-10-15,"10","2015",0,25.31,"-11.775 143.825"
"281422","2015-10-15T12:00:00Z",-11.775,143.875,"0.0",0,"25.25","-0.62",0,2015-10-15,"10","2015",0,25.25,"-11.775 143.875"
"292684","2015-10-22T12:00:00Z",-11.175,143.225,"0.0",0,"26.060000000000002","-0.54",0,2015-10-22,"10","2015",0,26.06,"-11.175 143.225"
"292849","2015-10-22T12:00:00Z",-11.375,143.275,"0.0",0,"25.79","-0.77",0,2015-10-22,"10","2015",0,25.79,"-11.375 143.275"
"292850","2015-10-22T12:00:00Z",-11.375,143.325,"0.0",0,"25.79","-0.75",0,2015-10-22,"10","2015",0,25.79,"-11.375 143.325"
"293188","2015-10-22T12:00:00Z",-11.775,143.825,"0.0",0,"25.46","-0.72",0,2015-10-22,"10","2015",0,25.46,"-11.775 143.825"
"293189","2015-10-22T12:00:00Z",-11.775,143.875,"0.0",0,"25.44","-0.71",0,2015-10-22,"10","2015",0,25.44,"-11.775 143.875"
"304451","2015-10-29T12:00:00Z",-11.175,143.225,"0.0",0,"26.63","-0.3",0,2015-10-29,"10","2015",0,26.63,"-11.175 143.225"
"304616","2015-10-29T12:00:00Z",-11.375,143.275,"0.0",0,"26.51","-0.38",0,2015-10-29,"10","2015",0,26.51,"-11.375 143.275"
"304617","2015-10-29T12:00:00Z",-11.375,143.325,"0.0",0,"26.48","-0.39",0,2015-10-29,"10","2015",0,26.48,"-11.375 143.325"
"304955","2015-10-29T12:00:00Z",-11.775,143.825,"0.0",0,"26.03","-0.43",0,2015-10-29,"10","2015",0,26.03,"-11.775 143.825"
"304956","2015-10-29T12:00:00Z",-11.775,143.875,"0.0",0,"26.0","-0.43",0,2015-10-29,"10","2015",0,26,"-11.775 143.875"
"316218","2015-11-05T12:00:00Z",-11.175,143.225,"0.0",0,"27.18","-0.08",0,2015-11-05,"11","2015",0,27.18,"-11.175 143.225"
"316383","2015-11-05T12:00:00Z",-11.375,143.275,"0.0",0,"26.82","-0.4",0,2015-11-05,"11","2015",0,26.82,"-11.375 143.275"
"316384","2015-11-05T12:00:00Z",-11.375,143.325,"0.0",0,"26.79","-0.41000000000000003",0,2015-11-05,"11","2015",0,26.79,"-11.375 143.325"
"316722","2015-11-05T12:00:00Z",-11.775,143.825,"0.0",0,"25.91","-0.8300000000000001",0,2015-11-05,"11","2015",0,25.91,"-11.775 143.825"
"316723","2015-11-05T12:00:00Z",-11.775,143.875,"0.0",0,"25.91","-0.79",0,2015-11-05,"11","2015",0,25.91,"-11.775 143.875"
"327985","2015-11-12T12:00:00Z",-11.175,143.225,"0.0",0,"27.59","0.0",0,2015-11-12,"11","2015",0,27.59,"-11.175 143.225"
"328150","2015-11-12T12:00:00Z",-11.375,143.275,"0.0",0,"27.52","-0.03",0,2015-11-12,"11","2015",0,27.52,"-11.375 143.275"
"328151","2015-11-12T12:00:00Z",-11.375,143.325,"0.0",0,"27.5","-0.03",0,2015-11-12,"11","2015",0,27.5,"-11.375 143.325"
"328489","2015-11-12T12:00:00Z",-11.775,143.825,"0.0",0,"26.84","-0.18",0,2015-11-12,"11","2015",0,26.84,"-11.775 143.825"
"328490","2015-11-12T12:00:00Z",-11.775,143.875,"0.0",0,"26.87","-0.11",0,2015-11-12,"11","2015",0,26.87,"-11.775 143.875"
"339752","2015-11-19T12:00:00Z",-11.175,143.225,"0.0",0,"27.97","0.09",0,2015-11-19,"11","2015",0,27.97,"-11.175 143.225"
"339917","2015-11-19T12:00:00Z",-11.375,143.275,"0.0",0,"28.07","0.23",0,2015-11-19,"11","2015",0,28.07,"-11.375 143.275"
"339918","2015-11-19T12:00:00Z",-11.375,143.325,"0.0",0,"28.05","0.23",0,2015-11-19,"11","2015",0,28.05,"-11.375 143.325"
"340256","2015-11-19T12:00:00Z",-11.775,143.825,"0.0",0,"27.330000000000002","0.03",0,2015-11-19,"11","2015",0,27.33,"-11.775 143.825"
"340257","2015-11-19T12:00:00Z",-11.775,143.875,"0.0",0,"27.27","0.01",0,2015-11-19,"11","2015",0,27.27,"-11.775 143.875"
"351519","2015-11-26T12:00:00Z",-11.175,143.225,"0.0",0,"28.310000000000002","0.17",0,2015-11-26,"11","2015",0,28.31,"-11.175 143.225"
"351684","2015-11-26T12:00:00Z",-11.375,143.275,"0.0",0,"28.39","0.3",0,2015-11-26,"11","2015",0,28.39,"-11.375 143.275"
"351685","2015-11-26T12:00:00Z",-11.375,143.325,"0.0",0,"28.35","0.28",0,2015-11-26,"11","2015",0,28.35,"-11.375 143.325"
"352023","2015-11-26T12:00:00Z",-11.775,143.825,"0.0",0,"27.48","-0.1",0,2015-11-26,"11","2015",0,27.48,"-11.775 143.825"
"352024","2015-11-26T12:00:00Z",-11.775,143.875,"0.0",0,"27.46","-0.07",0,2015-11-26,"11","2015",0,27.46,"-11.775 143.875"
"363286","2015-12-03T12:00:00Z",-11.175,143.225,"0.0",0,"28.740000000000002","0.34",0,2015-12-03,"12","2015",0,28.74,"-11.175 143.225"
"363451","2015-12-03T12:00:00Z",-11.375,143.275,"0.0",0,"28.79","0.44",0,2015-12-03,"12","2015",0,28.79,"-11.375 143.275"
"363452","2015-12-03T12:00:00Z",-11.375,143.325,"0.0",0,"28.73","0.4",0,2015-12-03,"12","2015",0,28.73,"-11.375 143.325"
"363790","2015-12-03T12:00:00Z",-11.775,143.825,"0.0",0,"28.060000000000002","0.21",0,2015-12-03,"12","2015",0,28.06,"-11.775 143.825"
"363791","2015-12-03T12:00:00Z",-11.775,143.875,"0.0",0,"28.03","0.22",0,2015-12-03,"12","2015",0,28.03,"-11.775 143.875"
"375053","2015-12-10T12:00:00Z",-11.175,143.225,"0.0",0,"28.900000000000002","0.24",0,2015-12-10,"12","2015",0,28.9,"-11.175 143.225"
"375218","2015-12-10T12:00:00Z",-11.375,143.275,"0.0",0,"28.84","0.23",0,2015-12-10,"12","2015",0,28.84,"-11.375 143.275"
"375219","2015-12-10T12:00:00Z",-11.375,143.325,"0.0",0,"28.84","0.25",0,2015-12-10,"12","2015",0,28.84,"-11.375 143.325"
"375557","2015-12-10T12:00:00Z",-11.775,143.825,"0.0",0,"28.04","-0.09",0,2015-12-10,"12","2015",0,28.04,"-11.775 143.825"
"375558","2015-12-10T12:00:00Z",-11.775,143.875,"0.0",0,"28.0","-0.08",0,2015-12-10,"12","2015",0,28,"-11.775 143.875"
"386820","2015-12-17T12:00:00Z",-11.175,143.225,"0.0",0,"30.03","1.16",0,2015-12-17,"12","2015",0,30.03,"-11.175 143.225"
"386985","2015-12-17T12:00:00Z",-11.375,143.275,"0.0",0,"29.78","0.97",0,2015-12-17,"12","2015",0,29.78,"-11.375 143.275"
"386986","2015-12-17T12:00:00Z",-11.375,143.325,"0.0",0,"29.77","0.98",0,2015-12-17,"12","2015",0,29.77,"-11.375 143.325"
"387324","2015-12-17T12:00:00Z",-11.775,143.825,"0.0",0,"29.21","0.87",0,2015-12-17,"12","2015",0,29.21,"-11.775 143.825"
"387325","2015-12-17T12:00:00Z",-11.775,143.875,"0.0",0,"29.2","0.91",0,2015-12-17,"12","2015",0,29.2,"-11.775 143.875"
"398587","2015-12-24T12:00:00Z",-11.175,143.225,"0.0",0,"29.05","0.12",0,2015-12-24,"12","2015",0,29.05,"-11.175 143.225"
"398752","2015-12-24T12:00:00Z",-11.375,143.275,"0.0",0,"29.12","0.23",0,2015-12-24,"12","2015",0,29.12,"-11.375 143.275"
"398753","2015-12-24T12:00:00Z",-11.375,143.325,"0.0",0,"29.080000000000002","0.21",0,2015-12-24,"12","2015",0,29.08,"-11.375 143.325"
"399091","2015-12-24T12:00:00Z",-11.775,143.825,"0.0",0,"28.82","0.43",0,2015-12-24,"12","2015",0,28.82,"-11.775 143.825"
"399092","2015-12-24T12:00:00Z",-11.775,143.875,"0.0",0,"28.77","0.43",0,2015-12-24,"12","2015",0,28.77,"-11.775 143.875"
"410354","2015-12-31T12:00:00Z",-11.175,143.225,"0.0",0,"29.310000000000002","0.32",0,2015-12-31,"12","2015",0,29.31,"-11.175 143.225"
"410519","2015-12-31T12:00:00Z",-11.375,143.275,"0.0",0,"29.2","0.24",0,2015-12-31,"12","2015",0,29.2,"-11.375 143.275"
"410520","2015-12-31T12:00:00Z",-11.375,143.325,"0.0",0,"29.2","0.25",0,2015-12-31,"12","2015",0,29.2,"-11.375 143.325"
"410858","2015-12-31T12:00:00Z",-11.775,143.825,"0.0",0,"28.830000000000002","0.39",0,2015-12-31,"12","2015",0,28.83,"-11.775 143.825"
"410859","2015-12-31T12:00:00Z",-11.775,143.875,"0.0",0,"28.77","0.38",0,2015-12-31,"12","2015",0,28.77,"-11.775 143.875"
"422121","2016-01-07T12:00:00Z",-11.175,143.225,"0.0",0,"30.03","0.97",0,2016-01-07,"01","2016",0,30.03,"-11.175 143.225"
"422286","2016-01-07T12:00:00Z",-11.375,143.275,"0.0",0,"29.990000000000002","0.96",0,2016-01-07,"01","2016",0,29.99,"-11.375 143.275"
"422287","2016-01-07T12:00:00Z",-11.375,143.325,"0.0",0,"30.0","0.98",0,2016-01-07,"01","2016",0,30,"-11.375 143.325"
"422625","2016-01-07T12:00:00Z",-11.775,143.825,"0.0",0,"29.330000000000002","0.84",0,2016-01-07,"01","2016",0,29.33,"-11.775 143.825"
"422626","2016-01-07T12:00:00Z",-11.775,143.875,"0.0",0,"29.25","0.81",0,2016-01-07,"01","2016",0,29.25,"-11.775 143.875"
"433888","2016-01-14T12:00:00Z",-11.175,143.225,"0.16",0,"29.54","0.42",0,2016-01-14,"01","2016",0.16,29.54,"-11.175 143.225"
"434053","2016-01-14T12:00:00Z",-11.375,143.275,"0.15",0,"29.46","0.35000000000000003",0,2016-01-14,"01","2016",0.15,29.46,"-11.375 143.275"
"434054","2016-01-14T12:00:00Z",-11.375,143.325,"0.16",0,"29.47","0.37",0,2016-01-14,"01","2016",0.16,29.47,"-11.375 143.325"
"434392","2016-01-14T12:00:00Z",-11.775,143.825,"0.0",0,"28.64","0.1",0,2016-01-14,"01","2016",0,28.64,"-11.775 143.825"
"434393","2016-01-14T12:00:00Z",-11.775,143.875,"0.0",0,"28.62","0.13",0,2016-01-14,"01","2016",0,28.62,"-11.775 143.875"
"445655","2016-01-21T12:00:00Z",-11.175,143.225,"0.3",0,"29.400000000000002","0.33",0,2016-01-21,"01","2016",0.3,29.4,"-11.175 143.225"
"445820","2016-01-21T12:00:00Z",-11.375,143.275,"0.31",0,"29.53","0.46",0,2016-01-21,"01","2016",0.31,29.53,"-11.375 143.275"
"445821","2016-01-21T12:00:00Z",-11.375,143.325,"0.31",0,"29.51","0.45",0,2016-01-21,"01","2016",0.31,29.51,"-11.375 143.325"
"446159","2016-01-21T12:00:00Z",-11.775,143.825,"0.0",0,"28.85","0.33",0,2016-01-21,"01","2016",0,28.85,"-11.775 143.825"
"446160","2016-01-21T12:00:00Z",-11.775,143.875,"0.0",0,"28.830000000000002","0.36",0,2016-01-21,"01","2016",0,28.83,"-11.775 143.875"
"457422","2016-01-28T12:00:00Z",-11.175,143.225,"0.49",0,"29.98","0.98",0,2016-01-28,"01","2016",0.49,29.98,"-11.175 143.225"
"457587","2016-01-28T12:00:00Z",-11.375,143.275,"0.49",0,"29.87","0.87",0,2016-01-28,"01","2016",0.49,29.87,"-11.375 143.275"
"457588","2016-01-28T12:00:00Z",-11.375,143.325,"0.49",0,"29.87","0.88",0,2016-01-28,"01","2016",0.49,29.87,"-11.375 143.325"
"457926","2016-01-28T12:00:00Z",-11.775,143.825,"0.0",0,"29.01","0.52",0,2016-01-28,"01","2016",0,29.01,"-11.775 143.825"
"457927","2016-01-28T12:00:00Z",-11.775,143.875,"0.0",0,"28.97","0.53",0,2016-01-28,"01","2016",0,28.97,"-11.775 143.875"
"469189","2016-02-04T12:00:00Z",-11.175,143.225,"1.3900000000000001",0,"29.95","1.01",0,2016-02-04,"02","2016",1.39,29.95,"-11.175 143.225"
"469354","2016-02-04T12:00:00Z",-11.375,143.275,"1.36",0,"29.810000000000002","0.87",0,2016-02-04,"02","2016",1.36,29.81,"-11.375 143.275"
"469355","2016-02-04T12:00:00Z",-11.375,143.325,"1.34",0,"29.82","0.89",0,2016-02-04,"02","2016",1.34,29.82,"-11.375 143.325"
"469693","2016-02-04T12:00:00Z",-11.775,143.825,"0.71",0,"29.26","0.81",0,2016-02-04,"02","2016",0.71,29.26,"-11.775 143.825"
"469694","2016-02-04T12:00:00Z",-11.775,143.875,"0.6900000000000001",0,"29.2","0.79",0,2016-02-04,"02","2016",0.69,29.2,"-11.775 143.875"
"480956","2016-02-11T12:00:00Z",-11.175,143.225,"2.52",0,"30.22","1.35",0,2016-02-11,"02","2016",2.52,30.22,"-11.175 143.225"
"481121","2016-02-11T12:00:00Z",-11.375,143.275,"2.29",0,"30.150000000000002","1.27",0,2016-02-11,"02","2016",2.29,30.15,"-11.375 143.275"
"481122","2016-02-11T12:00:00Z",-11.375,143.325,"2.44",0,"30.13","1.26",0,2016-02-11,"02","2016",2.44,30.13,"-11.375 143.325"
"481460","2016-02-11T12:00:00Z",-11.775,143.825,"1.47",0,"29.55","1.1300000000000001",0,2016-02-11,"02","2016",1.47,29.55,"-11.775 143.825"
"481461","2016-02-11T12:00:00Z",-11.775,143.875,"1.45",0,"29.52","1.1400000000000001",0,2016-02-11,"02","2016",1.45,29.52,"-11.775 143.875"
"492723","2016-02-18T12:00:00Z",-11.175,143.225,"3.15",0,"29.84","1.04",0,2016-02-18,"02","2016",3.15,29.84,"-11.175 143.225"
"492888","2016-02-18T12:00:00Z",-11.375,143.275,"2.93",0,"29.78","0.97",0,2016-02-18,"02","2016",2.93,29.78,"-11.375 143.275"
"492889","2016-02-18T12:00:00Z",-11.375,143.325,"2.94",0,"29.740000000000002","0.9400000000000001",0,2016-02-18,"02","2016",2.94,29.74,"-11.375 143.325"
"493227","2016-02-18T12:00:00Z",-11.775,143.825,"1.95",0,"29.19","0.81",0,2016-02-18,"02","2016",1.95,29.19,"-11.775 143.825"
"493228","2016-02-18T12:00:00Z",-11.775,143.875,"2.08",0,"29.17","0.8200000000000001",0,2016-02-18,"02","2016",2.08,29.17,"-11.775 143.875"
"504490","2016-02-25T12:00:00Z",-11.175,143.225,"4.76",0,"30.69","1.96",0,2016-02-25,"02","2016",4.76,30.69,"-11.175 143.225"
"504655","2016-02-25T12:00:00Z",-11.375,143.275,"4.57",0,"30.61","1.87",0,2016-02-25,"02","2016",4.57,30.61,"-11.375 143.275"
"504656","2016-02-25T12:00:00Z",-11.375,143.325,"4.57",0,"30.59","1.86",0,2016-02-25,"02","2016",4.57,30.59,"-11.375 143.325"
"504994","2016-02-25T12:00:00Z",-11.775,143.825,"2.98",0,"29.46","1.12",0,2016-02-25,"02","2016",2.98,29.46,"-11.775 143.825"
"504995","2016-02-25T12:00:00Z",-11.775,143.875,"3.16",0,"29.45","1.1400000000000001",0,2016-02-25,"02","2016",3.16,29.45,"-11.775 143.875"
"516257","2016-03-03T12:00:00Z",-11.175,143.225,"6.69",0,"31.5","2.84",0,2016-03-03,"03","2016",6.69,31.5,"-11.175 143.225"
"516422","2016-03-03T12:00:00Z",-11.375,143.275,"6.45",0,"31.490000000000002","2.82",0,2016-03-03,"03","2016",6.45,31.49,"-11.375 143.275"
"516423","2016-03-03T12:00:00Z",-11.375,143.325,"6.44",0,"31.470000000000002","2.8000000000000003",0,2016-03-03,"03","2016",6.44,31.47,"-11.375 143.325"
"516761","2016-03-03T12:00:00Z",-11.775,143.825,"4.24",0,"30.240000000000002","1.94",0,2016-03-03,"03","2016",4.24,30.24,"-11.775 143.825"
"516762","2016-03-03T12:00:00Z",-11.775,143.875,"4.48",0,"30.240000000000002","1.96",0,2016-03-03,"03","2016",4.48,30.24,"-11.775 143.875"
"528024","2016-03-10T12:00:00Z",-11.175,143.225,"8.870000000000001",0,"31.29","2.7",0,2016-03-10,"03","2016",8.87,31.29,"-11.175 143.225"
"528189","2016-03-10T12:00:00Z",-11.375,143.275,"8.56",0,"31.19","2.59",0,2016-03-10,"03","2016",8.56,31.19,"-11.375 143.275"
"528190","2016-03-10T12:00:00Z",-11.375,143.325,"8.55",0,"31.150000000000002","2.5500000000000003",0,2016-03-10,"03","2016",8.55,31.15,"-11.375 143.325"
"528528","2016-03-10T12:00:00Z",-11.775,143.825,"5.9",0,"30.21","1.95",0,2016-03-10,"03","2016",5.9,30.21,"-11.775 143.825"
"528529","2016-03-10T12:00:00Z",-11.775,143.875,"6.18",0,"30.19","1.95",0,2016-03-10,"03","2016",6.18,30.19,"-11.775 143.875"
"539791","2016-03-17T12:00:00Z",-11.175,143.225,"10.55",0,"30.490000000000002","2.0",0,2016-03-17,"03","2016",10.55,30.49,"-11.175 143.225"
"539956","2016-03-17T12:00:00Z",-11.375,143.275,"10.16",0,"30.42","1.92",0,2016-03-17,"03","2016",10.16,30.42,"-11.375 143.275"
"539957","2016-03-17T12:00:00Z",-11.375,143.325,"10.1",0,"30.39","1.9000000000000001",0,2016-03-17,"03","2016",10.1,30.39,"-11.375 143.325"
"540295","2016-03-17T12:00:00Z",-11.775,143.825,"7.03",0,"29.86","1.68",0,2016-03-17,"03","2016",7.03,29.86,"-11.775 143.825"
"540296","2016-03-17T12:00:00Z",-11.775,143.875,"7.34",0,"29.87","1.7",0,2016-03-17,"03","2016",7.34,29.87,"-11.775 143.875"
"551558","2016-03-24T12:00:00Z",-11.175,143.225,"11.44",0,"30.55","2.23",0,2016-03-24,"03","2016",11.44,30.55,"-11.175 143.225"
"551723","2016-03-24T12:00:00Z",-11.375,143.275,"11.02",0,"30.42","2.12",0,2016-03-24,"03","2016",11.02,30.42,"-11.375 143.275"
"551724","2016-03-24T12:00:00Z",-11.375,143.325,"10.96",0,"30.42","2.12",0,2016-03-24,"03","2016",10.96,30.42,"-11.375 143.325"
"552062","2016-03-24T12:00:00Z",-11.775,143.825,"7.97",0,"29.6","1.59",0,2016-03-24,"03","2016",7.97,29.6,"-11.775 143.825"
"552063","2016-03-24T12:00:00Z",-11.775,143.875,"8.32",0,"29.560000000000002","1.56",0,2016-03-24,"03","2016",8.32,29.56,"-11.775 143.875"
"563325","2016-03-31T12:00:00Z",-11.175,143.225,"12.89",0,"30.54","2.4",0,2016-03-31,"03","2016",12.89,30.54,"-11.175 143.225"
"563490","2016-03-31T12:00:00Z",-11.375,143.275,"12.42",0,"30.43","2.32",0,2016-03-31,"03","2016",12.42,30.43,"-11.375 143.275"
"563491","2016-03-31T12:00:00Z",-11.375,143.325,"12.35",0,"30.400000000000002","2.29",0,2016-03-31,"03","2016",12.35,30.4,"-11.375 143.325"
"563829","2016-03-31T12:00:00Z",-11.775,143.825,"8.9",0,"29.53","1.69",0,2016-03-31,"03","2016",8.9,29.53,"-11.775 143.825"
"563830","2016-03-31T12:00:00Z",-11.775,143.875,"9.43",0,"29.53","1.7",0,2016-03-31,"03","2016",9.43,29.53,"-11.775 143.875"
"575092","2016-04-07T12:00:00Z",-11.175,143.225,"13.17",0,"29.490000000000002","1.52",0,2016-04-07,"04","2016",13.17,29.49,"-11.175 143.225"
"575257","2016-04-07T12:00:00Z",-11.375,143.275,"12.41",0,"29.37","1.45",0,2016-04-07,"04","2016",12.41,29.37,"-11.375 143.275"
"575258","2016-04-07T12:00:00Z",-11.375,143.325,"12.34",0,"29.42","1.51",0,2016-04-07,"04","2016",12.34,29.42,"-11.375 143.325"
"575596","2016-04-07T12:00:00Z",-11.775,143.825,"9.05",0,"28.87","1.2",0,2016-04-07,"04","2016",9.05,28.87,"-11.775 143.825"
"575597","2016-04-07T12:00:00Z",-11.775,143.875,"9.73",0,"28.87","1.21",0,2016-04-07,"04","2016",9.73,28.87,"-11.775 143.875"
"586859","2016-04-14T12:00:00Z",-11.175,143.225,"13.02",0,"29.47","1.68",0,2016-04-14,"04","2016",13.02,29.47,"-11.175 143.225"
"587024","2016-04-14T12:00:00Z",-11.375,143.275,"12.25",0,"29.35","1.62",0,2016-04-14,"04","2016",12.25,29.35,"-11.375 143.275"
"587025","2016-04-14T12:00:00Z",-11.375,143.325,"12.18",0,"29.38","1.6600000000000001",0,2016-04-14,"04","2016",12.18,29.38,"-11.375 143.325"
"587363","2016-04-14T12:00:00Z",-11.775,143.825,"9.05",0,"28.92","1.42",0,2016-04-14,"04","2016",9.05,28.92,"-11.775 143.825"
"587364","2016-04-14T12:00:00Z",-11.775,143.875,"9.73",0,"28.89","1.4000000000000001",0,2016-04-14,"04","2016",9.73,28.89,"-11.775 143.875"
"598626","2016-04-21T12:00:00Z",-11.175,143.225,"12.84",0,"29.05","1.48",0,2016-04-21,"04","2016",12.84,29.05,"-11.175 143.225"
"598791","2016-04-21T12:00:00Z",-11.375,143.275,"12.07",0,"28.810000000000002","1.31",0,2016-04-21,"04","2016",12.07,28.81,"-11.375 143.275"
"598792","2016-04-21T12:00:00Z",-11.375,143.325,"12.0",0,"28.82","1.33",0,2016-04-21,"04","2016",12,28.82,"-11.375 143.325"
"599130","2016-04-21T12:00:00Z",-11.775,143.825,"9.05",0,"28.25","0.96",0,2016-04-21,"04","2016",9.05,28.25,"-11.775 143.825"
"599131","2016-04-21T12:00:00Z",-11.775,143.875,"9.73",0,"28.240000000000002","0.96",0,2016-04-21,"04","2016",9.73,28.24,"-11.775 143.875"
"610393","2016-04-28T12:00:00Z",-11.175,143.225,"11.94",0,"28.41","1.07",0,2016-04-28,"04","2016",11.94,28.41,"-11.175 143.225"
"610558","2016-04-28T12:00:00Z",-11.375,143.275,"11.21",0,"28.28","1.01",0,2016-04-28,"04","2016",11.21,28.28,"-11.375 143.275"
"610559","2016-04-28T12:00:00Z",-11.375,143.325,"11.15",0,"28.27","1.01",0,2016-04-28,"04","2016",11.15,28.27,"-11.375 143.325"
"610897","2016-04-28T12:00:00Z",-11.775,143.825,"8.34",0,"27.79","0.73",0,2016-04-28,"04","2016",8.34,27.79,"-11.775 143.825"
"610898","2016-04-28T12:00:00Z",-11.775,143.875,"9.05",0,"27.810000000000002","0.76",0,2016-04-28,"04","2016",9.05,27.81,"-11.775 143.875"
"622160","2016-05-05T12:00:00Z",-11.175,143.225,"10.8",0,"28.28","1.17",0,2016-05-05,"05","2016",10.8,28.28,"-11.175 143.225"
"622325","2016-05-05T12:00:00Z",-11.375,143.275,"10.27",0,"28.240000000000002","1.21",0,2016-05-05,"05","2016",10.27,28.24,"-11.375 143.275"
"622326","2016-05-05T12:00:00Z",-11.375,143.325,"10.05",0,"28.27","1.24",0,2016-05-05,"05","2016",10.05,28.27,"-11.375 143.325"
"622664","2016-05-05T12:00:00Z",-11.775,143.825,"7.58",0,"28.310000000000002","1.48",0,2016-05-05,"05","2016",7.58,28.31,"-11.775 143.825"
"622665","2016-05-05T12:00:00Z",-11.775,143.875,"8.290000000000001",0,"28.32","1.5",0,2016-05-05,"05","2016",8.29,28.32,"-11.775 143.875"
"633927","2016-05-12T12:00:00Z",-11.175,143.225,"10.17",0,"28.32","1.44",0,2016-05-12,"05","2016",10.17,28.32,"-11.175 143.225"
"634092","2016-05-12T12:00:00Z",-11.375,143.275,"9.63",0,"28.32","1.52",0,2016-05-12,"05","2016",9.63,28.32,"-11.375 143.275"
"634093","2016-05-12T12:00:00Z",-11.375,143.325,"9.55",0,"28.330000000000002","1.53",0,2016-05-12,"05","2016",9.55,28.33,"-11.375 143.325"
"634431","2016-05-12T12:00:00Z",-11.775,143.825,"7.1000000000000005",0,"28.23","1.62",0,2016-05-12,"05","2016",7.1,28.23,"-11.775 143.825"
"634432","2016-05-12T12:00:00Z",-11.775,143.875,"7.65",0,"28.22","1.62",0,2016-05-12,"05","2016",7.65,28.22,"-11.775 143.875"
"645694","2016-05-19T12:00:00Z",-11.175,143.225,"8.57",0,"27.85","1.22",0,2016-05-19,"05","2016",8.57,27.85,"-11.175 143.225"
"645859","2016-05-19T12:00:00Z",-11.375,143.275,"7.99",0,"27.830000000000002","1.28",0,2016-05-19,"05","2016",7.99,27.83,"-11.375 143.275"
"645860","2016-05-19T12:00:00Z",-11.375,143.325,"7.92",0,"27.86","1.31",0,2016-05-19,"05","2016",7.92,27.86,"-11.375 143.325"
"646198","2016-05-19T12:00:00Z",-11.775,143.825,"6.07",0,"27.69","1.31",0,2016-05-19,"05","2016",6.07,27.69,"-11.775 143.825"
"646199","2016-05-19T12:00:00Z",-11.775,143.875,"6.58",0,"27.72","1.35",0,2016-05-19,"05","2016",6.58,27.72,"-11.775 143.875"
"657461","2016-05-26T12:00:00Z",-11.175,143.225,"6.640000000000001",0,"27.96","1.61",0,2016-05-26,"05","2016",6.64,27.96,"-11.175 143.225"
"657626","2016-05-26T12:00:00Z",-11.375,143.275,"6.11",0,"27.95","1.67",0,2016-05-26,"05","2016",6.11,27.95,"-11.375 143.275"
"657627","2016-05-26T12:00:00Z",-11.375,143.325,"6.05",0,"27.94","1.6600000000000001",0,2016-05-26,"05","2016",6.05,27.94,"-11.375 143.325"
"657965","2016-05-26T12:00:00Z",-11.775,143.825,"4.8100000000000005",0,"27.900000000000002","1.75",0,2016-05-26,"05","2016",4.81,27.9,"-11.775 143.825"
"657966","2016-05-26T12:00:00Z",-11.775,143.875,"5.26",0,"27.91","1.76",0,2016-05-26,"05","2016",5.26,27.91,"-11.775 143.875"
"669228","2016-06-02T12:00:00Z",-11.175,143.225,"4.46",0,"27.55","1.47",0,2016-06-02,"06","2016",4.46,27.55,"-11.175 143.225"
"669393","2016-06-02T12:00:00Z",-11.375,143.275,"4.0",0,"27.39","1.3800000000000001",0,2016-06-02,"06","2016",4,27.39,"-11.375 143.275"
"669394","2016-06-02T12:00:00Z",-11.375,143.325,"3.95",0,"27.41","1.3900000000000001",0,2016-06-02,"06","2016",3.95,27.41,"-11.375 143.325"
"669732","2016-06-02T12:00:00Z",-11.775,143.825,"3.15",0,"27.29","1.37",0,2016-06-02,"06","2016",3.15,27.29,"-11.775 143.825"
"669733","2016-06-02T12:00:00Z",-11.775,143.875,"3.5500000000000003",0,"27.29","1.37",0,2016-06-02,"06","2016",3.55,27.29,"-11.775 143.875"
"680995","2016-06-09T12:00:00Z",-11.175,143.225,"2.7800000000000002",0,"27.85","2.04",0,2016-06-09,"06","2016",2.78,27.85,"-11.175 143.225"
"681160","2016-06-09T12:00:00Z",-11.375,143.275,"2.4",0,"27.75","2.0100000000000002",0,2016-06-09,"06","2016",2.4,27.75,"-11.375 143.275"
"681161","2016-06-09T12:00:00Z",-11.375,143.325,"2.4",0,"27.78","2.02",0,2016-06-09,"06","2016",2.4,27.78,"-11.375 143.325"
"681499","2016-06-09T12:00:00Z",-11.775,143.825,"2.02",0,"27.46","1.77",0,2016-06-09,"06","2016",2.02,27.46,"-11.775 143.825"
"681500","2016-06-09T12:00:00Z",-11.775,143.875,"2.39",0,"27.47","1.78",0,2016-06-09,"06","2016",2.39,27.47,"-11.775 143.875"
"692762","2016-06-16T12:00:00Z",-11.175,143.225,"1.8900000000000001",0,"27.310000000000002","1.76",0,2016-06-16,"06","2016",1.89,27.31,"-11.175 143.225"
"692927","2016-06-16T12:00:00Z",-11.375,143.275,"1.54",0,"27.16","1.68",0,2016-06-16,"06","2016",1.54,27.16,"-11.375 143.275"
"692928","2016-06-16T12:00:00Z",-11.375,143.325,"1.54",0,"27.21","1.71",0,2016-06-16,"06","2016",1.54,27.21,"-11.375 143.325"
"693266","2016-06-16T12:00:00Z",-11.775,143.825,"1.07",0,"26.87","1.4000000000000001",0,2016-06-16,"06","2016",1.07,26.87,"-11.775 143.825"
"693267","2016-06-16T12:00:00Z",-11.775,143.875,"1.41",0,"26.900000000000002","1.42",0,2016-06-16,"06","2016",1.41,26.9,"-11.775 143.875"
"704529","2016-06-23T12:00:00Z",-11.175,143.225,"0.44",0,"26.96","1.62",0,2016-06-23,"06","2016",0.44,26.96,"-11.175 143.225"
"704694","2016-06-23T12:00:00Z",-11.375,143.275,"0.14",0,"26.76","1.49",0,2016-06-23,"06","2016",0.14,26.76,"-11.375 143.275"
"704695","2016-06-23T12:00:00Z",-11.375,143.325,"0.15",0,"26.82","1.53",0,2016-06-23,"06","2016",0.15,26.82,"-11.375 143.325"
"705033","2016-06-23T12:00:00Z",-11.775,143.825,"0.15",0,"26.8","1.5",0,2016-06-23,"06","2016",0.15,26.8,"-11.775 143.825"
"705034","2016-06-23T12:00:00Z",-11.775,143.875,"0.3",0,"26.830000000000002","1.52",0,2016-06-23,"06","2016",0.3,26.83,"-11.775 143.875"
"716296","2016-06-30T12:00:00Z",-11.175,143.225,"0.0",0,"26.900000000000002","1.78",0,2016-06-30,"06","2016",0,26.9,"-11.175 143.225"
"716461","2016-06-30T12:00:00Z",-11.375,143.275,"0.0",0,"26.88","1.82",0,2016-06-30,"06","2016",0,26.88,"-11.375 143.275"
"716462","2016-06-30T12:00:00Z",-11.375,143.325,"0.0",0,"26.900000000000002","1.82",0,2016-06-30,"06","2016",0,26.9,"-11.375 143.325"
"716800","2016-06-30T12:00:00Z",-11.775,143.825,"0.0",0,"26.810000000000002","1.68",0,2016-06-30,"06","2016",0,26.81,"-11.775 143.825"
"716801","2016-06-30T12:00:00Z",-11.775,143.875,"0.0",0,"26.84","1.69",0,2016-06-30,"06","2016",0,26.84,"-11.775 143.875"
"728063","2016-07-07T12:00:00Z",-11.175,143.225,"0.0",0,"25.93","1.02",0,2016-07-07,"07","2016",0,25.93,"-11.175 143.225"
"728228","2016-07-07T12:00:00Z",-11.375,143.275,"0.0",0,"25.96","1.1",0,2016-07-07,"07","2016",0,25.96,"-11.375 143.275"
"728229","2016-07-07T12:00:00Z",-11.375,143.325,"0.0",0,"25.95","1.07",0,2016-07-07,"07","2016",0,25.95,"-11.375 143.325"
"728567","2016-07-07T12:00:00Z",-11.775,143.825,"0.0",0,"26.1","1.1300000000000001",0,2016-07-07,"07","2016",0,26.1,"-11.775 143.825"
"728568","2016-07-07T12:00:00Z",-11.775,143.875,"0.0",0,"26.13","1.1400000000000001",0,2016-07-07,"07","2016",0,26.13,"-11.775 143.875"
"739830","2016-07-14T12:00:00Z",-11.175,143.225,"0.0",0,"25.87","1.17",0,2016-07-14,"07","2016",0,25.87,"-11.175 143.225"
"739995","2016-07-14T12:00:00Z",-11.375,143.275,"0.0",0,"25.77","1.12",0,2016-07-14,"07","2016",0,25.77,"-11.375 143.275"
"739996","2016-07-14T12:00:00Z",-11.375,143.325,"0.0",0,"25.8","1.1300000000000001",0,2016-07-14,"07","2016",0,25.8,"-11.375 143.325"
"740334","2016-07-14T12:00:00Z",-11.775,143.825,"0.0",0,"26.09","1.29",0,2016-07-14,"07","2016",0,26.09,"-11.775 143.825"
"740335","2016-07-14T12:00:00Z",-11.775,143.875,"0.0",0,"26.14","1.32",0,2016-07-14,"07","2016",0,26.14,"-11.775 143.875"
"751597","2016-07-21T12:00:00Z",-11.175,143.225,"0.0",0,"26.34","1.7",0,2016-07-21,"07","2016",0,26.34,"-11.175 143.225"
"751762","2016-07-21T12:00:00Z",-11.375,143.275,"0.0",0,"26.25","1.6600000000000001",0,2016-07-21,"07","2016",0,26.25,"-11.375 143.275"
"751763","2016-07-21T12:00:00Z",-11.375,143.325,"0.0",0,"26.27","1.67",0,2016-07-21,"07","2016",0,26.27,"-11.375 143.325"
"752101","2016-07-21T12:00:00Z",-11.775,143.825,"0.0",0,"26.29","1.56",0,2016-07-21,"07","2016",0,26.29,"-11.775 143.825"
"752102","2016-07-21T12:00:00Z",-11.775,143.875,"0.0",0,"26.32","1.57",0,2016-07-21,"07","2016",0,26.32,"-11.775 143.875"
"763364","2016-07-28T12:00:00Z",-11.175,143.225,"0.0",0,"26.16","1.56",0,2016-07-28,"07","2016",0,26.16,"-11.175 143.225"
"763529","2016-07-28T12:00:00Z",-11.375,143.275,"0.0",0,"25.900000000000002","1.36",0,2016-07-28,"07","2016",0,25.9,"-11.375 143.275"
"763530","2016-07-28T12:00:00Z",-11.375,143.325,"0.0",0,"25.91","1.35",0,2016-07-28,"07","2016",0,25.91,"-11.375 143.325"
"763868","2016-07-28T12:00:00Z",-11.775,143.825,"0.0",0,"25.84","1.17",0,2016-07-28,"07","2016",0,25.84,"-11.775 143.825"
"763869","2016-07-28T12:00:00Z",-11.775,143.875,"0.0",0,"25.87","1.18",0,2016-07-28,"07","2016",0,25.87,"-11.775 143.875"
"775131","2016-08-04T12:00:00Z",-11.175,143.225,"0.0",0,"26.17","1.61",0,2016-08-04,"08","2016",0,26.17,"-11.175 143.225"
"775296","2016-08-04T12:00:00Z",-11.375,143.275,"0.0",0,"26.02","1.52",0,2016-08-04,"08","2016",0,26.02,"-11.375 143.275"
"775297","2016-08-04T12:00:00Z",-11.375,143.325,"0.0",0,"26.02","1.5",0,2016-08-04,"08","2016",0,26.02,"-11.375 143.325"
"775635","2016-08-04T12:00:00Z",-11.775,143.825,"0.0",0,"26.09","1.48",0,2016-08-04,"08","2016",0,26.09,"-11.775 143.825"
"775636","2016-08-04T12:00:00Z",-11.775,143.875,"0.0",0,"26.11","1.48",0,2016-08-04,"08","2016",0,26.11,"-11.775 143.875"
"786898","2016-08-11T12:00:00Z",-11.175,143.225,"0.0",0,"25.6","1.08",0,2016-08-11,"08","2016",0,25.6,"-11.175 143.225"
"787063","2016-08-11T12:00:00Z",-11.375,143.275,"0.0",0,"25.400000000000002","0.9400000000000001",0,2016-08-11,"08","2016",0,25.4,"-11.375 143.275"
"787064","2016-08-11T12:00:00Z",-11.375,143.325,"0.0",0,"25.43","0.96",0,2016-08-11,"08","2016",0,25.43,"-11.375 143.325"
"787402","2016-08-11T12:00:00Z",-11.775,143.825,"0.0",0,"25.8","1.25",0,2016-08-11,"08","2016",0,25.8,"-11.775 143.825"
"787403","2016-08-11T12:00:00Z",-11.775,143.875,"0.0",0,"25.830000000000002","1.26",0,2016-08-11,"08","2016",0,25.83,"-11.775 143.875"
"798665","2016-08-18T12:00:00Z",-11.175,143.225,"0.0",0,"24.62","0.06",0,2016-08-18,"08","2016",0,24.62,"-11.175 143.225"
"798830","2016-08-18T12:00:00Z",-11.375,143.275,"0.0",0,"24.62","0.12",0,2016-08-18,"08","2016",0,24.62,"-11.375 143.275"
"798831","2016-08-18T12:00:00Z",-11.375,143.325,"0.0",0,"24.650000000000002","0.14",0,2016-08-18,"08","2016",0,24.65,"-11.375 143.325"
"799169","2016-08-18T12:00:00Z",-11.775,143.825,"0.0",0,"25.330000000000002","0.77",0,2016-08-18,"08","2016",0,25.33,"-11.775 143.825"
"799170","2016-08-18T12:00:00Z",-11.775,143.875,"0.0",0,"25.32","0.75",0,2016-08-18,"08","2016",0,25.32,"-11.775 143.875"
"810432","2016-08-25T12:00:00Z",-11.175,143.225,"0.0",0,"26.25","1.54",0,2016-08-25,"08","2016",0,26.25,"-11.175 143.225"
"810597","2016-08-25T12:00:00Z",-11.375,143.275,"0.0",0,"26.1","1.45",0,2016-08-25,"08","2016",0,26.1,"-11.375 143.275"
"810598","2016-08-25T12:00:00Z",-11.375,143.325,"0.0",0,"26.11","1.46",0,2016-08-25,"08","2016",0,26.11,"-11.375 143.325"
"810936","2016-08-25T12:00:00Z",-11.775,143.825,"0.0",0,"26.23","1.59",0,2016-08-25,"08","2016",0,26.23,"-11.775 143.825"
"810937","2016-08-25T12:00:00Z",-11.775,143.875,"0.0",0,"26.22","1.56",0,2016-08-25,"08","2016",0,26.22,"-11.775 143.875"
"822199","2016-09-01T12:00:00Z",-11.175,143.225,"0.0",0,"25.79","0.93",0,2016-09-01,"09","2016",0,25.79,"-11.175 143.225"
"822364","2016-09-01T12:00:00Z",-11.375,143.275,"0.0",0,"25.78","0.99",0,2016-09-01,"09","2016",0,25.78,"-11.375 143.275"
"822365","2016-09-01T12:00:00Z",-11.375,143.325,"0.0",0,"25.8","1.0",0,2016-09-01,"09","2016",0,25.8,"-11.375 143.325"
"822703","2016-09-01T12:00:00Z",-11.775,143.825,"0.0",0,"25.55","0.8200000000000001",0,2016-09-01,"09","2016",0,25.55,"-11.775 143.825"
"822704","2016-09-01T12:00:00Z",-11.775,143.875,"0.0",0,"25.59","0.85",0,2016-09-01,"09","2016",0,25.59,"-11.775 143.875"
"833966","2016-09-08T12:00:00Z",-11.175,143.225,"0.0",0,"25.62","0.62",0,2016-09-08,"09","2016",0,25.62,"-11.175 143.225"
"834131","2016-09-08T12:00:00Z",-11.375,143.275,"0.0",0,"25.64","0.7000000000000001",0,2016-09-08,"09","2016",0,25.64,"-11.375 143.275"
"834132","2016-09-08T12:00:00Z",-11.375,143.325,"0.0",0,"25.63","0.6900000000000001",0,2016-09-08,"09","2016",0,25.63,"-11.375 143.325"
"834470","2016-09-08T12:00:00Z",-11.775,143.825,"0.0",0,"25.66","0.85",0,2016-09-08,"09","2016",0,25.66,"-11.775 143.825"
"834471","2016-09-08T12:00:00Z",-11.775,143.875,"0.0",0,"25.67","0.85",0,2016-09-08,"09","2016",0,25.67,"-11.775 143.875"
"845733","2016-09-15T12:00:00Z",-11.175,143.225,"0.0",0,"26.35","1.2",0,2016-09-15,"09","2016",0,26.35,"-11.175 143.225"
"845898","2016-09-15T12:00:00Z",-11.375,143.275,"0.0",0,"26.240000000000002","1.16",0,2016-09-15,"09","2016",0,26.24,"-11.375 143.275"
"845899","2016-09-15T12:00:00Z",-11.375,143.325,"0.0",0,"26.26","1.18",0,2016-09-15,"09","2016",0,26.26,"-11.375 143.325"
"846237","2016-09-15T12:00:00Z",-11.775,143.825,"0.0",0,"26.060000000000002","1.16",0,2016-09-15,"09","2016",0,26.06,"-11.775 143.825"
"846238","2016-09-15T12:00:00Z",-11.775,143.875,"0.0",0,"26.060000000000002","1.16",0,2016-09-15,"09","2016",0,26.06,"-11.775 143.875"
"857500","2016-09-22T12:00:00Z",-11.175,143.225,"0.0",0,"26.61","1.2",0,2016-09-22,"09","2016",0,26.61,"-11.175 143.225"
"857665","2016-09-22T12:00:00Z",-11.375,143.275,"0.0",0,"26.44","1.09",0,2016-09-22,"09","2016",0,26.44,"-11.375 143.275"
"857666","2016-09-22T12:00:00Z",-11.375,143.325,"0.0",0,"26.47","1.1300000000000001",0,2016-09-22,"09","2016",0,26.47,"-11.375 143.325"
"858004","2016-09-22T12:00:00Z",-11.775,143.825,"0.0",0,"26.580000000000002","1.45",0,2016-09-22,"09","2016",0,26.58,"-11.775 143.825"
"858005","2016-09-22T12:00:00Z",-11.775,143.875,"0.0",0,"26.580000000000002","1.45",0,2016-09-22,"09","2016",0,26.58,"-11.775 143.875"
"869267","2016-09-29T12:00:00Z",-11.175,143.225,"0.0",0,"26.98","1.31",0,2016-09-29,"09","2016",0,26.98,"-11.175 143.225"
"869432","2016-09-29T12:00:00Z",-11.375,143.275,"0.0",0,"27.150000000000002","1.53",0,2016-09-29,"09","2016",0,27.15,"-11.375 143.275"
"869433","2016-09-29T12:00:00Z",-11.375,143.325,"0.0",0,"27.1","1.49",0,2016-09-29,"09","2016",0,27.1,"-11.375 143.325"
"869771","2016-09-29T12:00:00Z",-11.775,143.825,"0.0",0,"26.42","1.05",0,2016-09-29,"09","2016",0,26.42,"-11.775 143.825"
"869772","2016-09-29T12:00:00Z",-11.775,143.875,"0.0",0,"26.43","1.08",0,2016-09-29,"09","2016",0,26.43,"-11.775 143.875"
"881034","2016-10-06T12:00:00Z",-11.175,143.225,"0.0",0,"27.25","1.32",0,2016-10-06,"10","2016",0,27.25,"-11.175 143.225"
"881199","2016-10-06T12:00:00Z",-11.375,143.275,"0.0",0,"27.25","1.36",0,2016-10-06,"10","2016",0,27.25,"-11.375 143.275"
"881200","2016-10-06T12:00:00Z",-11.375,143.325,"0.0",0,"27.240000000000002","1.37",0,2016-10-06,"10","2016",0,27.24,"-11.375 143.325"
"881538","2016-10-06T12:00:00Z",-11.775,143.825,"0.0",0,"27.03","1.43",0,2016-10-06,"10","2016",0,27.03,"-11.775 143.825"
"881539","2016-10-06T12:00:00Z",-11.775,143.875,"0.0",0,"27.04","1.46",0,2016-10-06,"10","2016",0,27.04,"-11.775 143.875"
"892801","2016-10-13T12:00:00Z",-11.175,143.225,"0.0",0,"27.13","0.93",0,2016-10-13,"10","2016",0,27.13,"-11.175 143.225"
"892966","2016-10-13T12:00:00Z",-11.375,143.275,"0.0",0,"27.080000000000002","0.93",0,2016-10-13,"10","2016",0,27.08,"-11.375 143.275"
"892967","2016-10-13T12:00:00Z",-11.375,143.325,"0.0",0,"27.05","0.92",0,2016-10-13,"10","2016",0,27.05,"-11.375 143.325"
"893305","2016-10-13T12:00:00Z",-11.775,143.825,"0.0",0,"26.830000000000002","1.0",0,2016-10-13,"10","2016",0,26.83,"-11.775 143.825"
"893306","2016-10-13T12:00:00Z",-11.775,143.875,"0.0",0,"26.87","1.06",0,2016-10-13,"10","2016",0,26.87,"-11.775 143.875"
"904568","2016-10-20T12:00:00Z",-11.175,143.225,"0.0",0,"27.3","0.79",0,2016-10-20,"10","2016",0,27.3,"-11.175 143.225"
"904733","2016-10-20T12:00:00Z",-11.375,143.275,"0.0",0,"27.25","0.78",0,2016-10-20,"10","2016",0,27.25,"-11.375 143.275"
"904734","2016-10-20T12:00:00Z",-11.375,143.325,"0.0",0,"27.25","0.8",0,2016-10-20,"10","2016",0,27.25,"-11.375 143.325"
"905072","2016-10-20T12:00:00Z",-11.775,143.825,"0.0",0,"26.92","0.8200000000000001",0,2016-10-20,"10","2016",0,26.92,"-11.775 143.825"
"905073","2016-10-20T12:00:00Z",-11.775,143.875,"0.0",0,"26.92","0.85",0,2016-10-20,"10","2016",0,26.92,"-11.775 143.875"
"916335","2016-10-27T12:00:00Z",-11.175,143.225,"0.0",0,"27.41","0.5700000000000001",0,2016-10-27,"10","2016",0,27.41,"-11.175 143.225"
"916500","2016-10-27T12:00:00Z",-11.375,143.275,"0.0",0,"27.32","0.52",0,2016-10-27,"10","2016",0,27.32,"-11.375 143.275"
"916501","2016-10-27T12:00:00Z",-11.375,143.325,"0.0",0,"27.29","0.51",0,2016-10-27,"10","2016",0,27.29,"-11.375 143.325"
"916839","2016-10-27T12:00:00Z",-11.775,143.825,"0.0",0,"27.1","0.72",0,2016-10-27,"10","2016",0,27.1,"-11.775 143.825"
"916840","2016-10-27T12:00:00Z",-11.775,143.875,"0.0",0,"27.09","0.74",0,2016-10-27,"10","2016",0,27.09,"-11.775 143.875"
"928102","2016-11-03T12:00:00Z",-11.175,143.225,"0.0",0,"27.72","0.56",0,2016-11-03,"11","2016",0,27.72,"-11.175 143.225"
"928267","2016-11-03T12:00:00Z",-11.375,143.275,"0.0",0,"27.57","0.45",0,2016-11-03,"11","2016",0,27.57,"-11.375 143.275"
"928268","2016-11-03T12:00:00Z",-11.375,143.325,"0.0",0,"27.54","0.44",0,2016-11-03,"11","2016",0,27.54,"-11.375 143.325"
"928606","2016-11-03T12:00:00Z",-11.775,143.825,"0.0",0,"27.330000000000002","0.67",0,2016-11-03,"11","2016",0,27.33,"-11.775 143.825"
"928607","2016-11-03T12:00:00Z",-11.775,143.875,"0.0",0,"27.32","0.7000000000000001",0,2016-11-03,"11","2016",0,27.32,"-11.775 143.875"
"939869","2016-11-10T12:00:00Z",-11.175,143.225,"0.0",0,"28.22","0.73",0,2016-11-10,"11","2016",0,28.22,"-11.175 143.225"
"940034","2016-11-10T12:00:00Z",-11.375,143.275,"0.0",0,"28.150000000000002","0.7000000000000001",0,2016-11-10,"11","2016",0,28.15,"-11.375 143.275"
"940035","2016-11-10T12:00:00Z",-11.375,143.325,"0.0",0,"28.13","0.7000000000000001",0,2016-11-10,"11","2016",0,28.13,"-11.375 143.325"
"940373","2016-11-10T12:00:00Z",-11.775,143.825,"0.0",0,"28.080000000000002","1.1400000000000001",0,2016-11-10,"11","2016",0,28.08,"-11.775 143.825"
"940374","2016-11-10T12:00:00Z",-11.775,143.875,"0.0",0,"28.12","1.22",0,2016-11-10,"11","2016",0,28.12,"-11.775 143.875"
"951636","2016-11-17T12:00:00Z",-11.175,143.225,"0.0",0,"28.37","0.5700000000000001",0,2016-11-17,"11","2016",0,28.37,"-11.175 143.225"
"951801","2016-11-17T12:00:00Z",-11.375,143.275,"0.0",0,"28.42","0.66",0,2016-11-17,"11","2016",0,28.42,"-11.375 143.275"
"951802","2016-11-17T12:00:00Z",-11.375,143.325,"0.0",0,"28.400000000000002","0.66",0,2016-11-17,"11","2016",0,28.4,"-11.375 143.325"
"952140","2016-11-17T12:00:00Z",-11.775,143.825,"0.0",0,"27.98","0.76",0,2016-11-17,"11","2016",0,27.98,"-11.775 143.825"
"952141","2016-11-17T12:00:00Z",-11.775,143.875,"0.0",0,"27.98","0.8",0,2016-11-17,"11","2016",0,27.98,"-11.775 143.875"
"963403","2016-11-24T12:00:00Z",-11.175,143.225,"0.0",0,"28.69","0.62",0,2016-11-24,"11","2016",0,28.69,"-11.175 143.225"
"963568","2016-11-24T12:00:00Z",-11.375,143.275,"0.0",0,"28.62","0.6",0,2016-11-24,"11","2016",0,28.62,"-11.375 143.275"
"963569","2016-11-24T12:00:00Z",-11.375,143.325,"0.0",0,"28.61","0.61",0,2016-11-24,"11","2016",0,28.61,"-11.375 143.325"
"963907","2016-11-24T12:00:00Z",-11.775,143.825,"0.0",0,"27.55","0.05",0,2016-11-24,"11","2016",0,27.55,"-11.775 143.825"
"963908","2016-11-24T12:00:00Z",-11.775,143.875,"0.0",0,"27.55","0.1",0,2016-11-24,"11","2016",0,27.55,"-11.775 143.875"
"975170","2016-12-01T12:00:00Z",-11.175,143.225,"0.0",0,"28.97","0.64",0,2016-12-01,"12","2016",0,28.97,"-11.175 143.225"
"975335","2016-12-01T12:00:00Z",-11.375,143.275,"0.0",0,"28.900000000000002","0.62",0,2016-12-01,"12","2016",0,28.9,"-11.375 143.275"
"975336","2016-12-01T12:00:00Z",-11.375,143.325,"0.0",0,"28.93","0.67",0,2016-12-01,"12","2016",0,28.93,"-11.375 143.325"
"975674","2016-12-01T12:00:00Z",-11.775,143.825,"0.0",0,"28.43","0.66",0,2016-12-01,"12","2016",0,28.43,"-11.775 143.825"
"975675","2016-12-01T12:00:00Z",-11.775,143.875,"0.0",0,"28.310000000000002","0.58",0,2016-12-01,"12","2016",0,28.31,"-11.775 143.875"
"986937","2016-12-08T12:00:00Z",-11.175,143.225,"0.0",0,"28.91","0.32",0,2016-12-08,"12","2016",0,28.91,"-11.175 143.225"
"987102","2016-12-08T12:00:00Z",-11.375,143.275,"0.0",0,"28.88","0.35000000000000003",0,2016-12-08,"12","2016",0,28.88,"-11.375 143.275"
"987103","2016-12-08T12:00:00Z",-11.375,143.325,"0.0",0,"28.86","0.35000000000000003",0,2016-12-08,"12","2016",0,28.86,"-11.375 143.325"
"987441","2016-12-08T12:00:00Z",-11.775,143.825,"0.0",0,"28.310000000000002","0.26",0,2016-12-08,"12","2016",0,28.31,"-11.775 143.825"
"987442","2016-12-08T12:00:00Z",-11.775,143.875,"0.0",0,"28.28","0.28",0,2016-12-08,"12","2016",0,28.28,"-11.775 143.875"
"998704","2016-12-15T12:00:00Z",-11.175,143.225,"0.0",0,"29.0","0.15",0,2016-12-15,"12","2016",0,29,"-11.175 143.225"
"998869","2016-12-15T12:00:00Z",-11.375,143.275,"0.0",0,"29.02","0.23",0,2016-12-15,"12","2016",0,29.02,"-11.375 143.275"
"998870","2016-12-15T12:00:00Z",-11.375,143.325,"0.0",0,"29.01","0.24",0,2016-12-15,"12","2016",0,29.01,"-11.375 143.325"
"999208","2016-12-15T12:00:00Z",-11.775,143.825,"0.0",0,"28.5","0.17",0,2016-12-15,"12","2016",0,28.5,"-11.775 143.825"
"999209","2016-12-15T12:00:00Z",-11.775,143.875,"0.0",0,"28.46","0.18",0,2016-12-15,"12","2016",0,28.46,"-11.775 143.875"
"1010471","2016-12-22T12:00:00Z",-11.175,143.225,"0.0",0,"29.28","0.37",0,2016-12-22,"12","2016",0,29.28,"-11.175 143.225"
"1010636","2016-12-22T12:00:00Z",-11.375,143.275,"0.0",0,"29.39","0.53",0,2016-12-22,"12","2016",0,29.39,"-11.375 143.275"
"1010637","2016-12-22T12:00:00Z",-11.375,143.325,"0.0",0,"29.34","0.49",0,2016-12-22,"12","2016",0,29.34,"-11.375 143.325"
"1010975","2016-12-22T12:00:00Z",-11.775,143.825,"0.0",0,"28.990000000000002","0.61",0,2016-12-22,"12","2016",0,28.99,"-11.775 143.825"
"1010976","2016-12-22T12:00:00Z",-11.775,143.875,"0.0",0,"28.95","0.62",0,2016-12-22,"12","2016",0,28.95,"-11.775 143.875"
"1022238","2016-12-29T12:00:00Z",-11.175,143.225,"0.0",0,"29.240000000000002","0.26",0,2016-12-29,"12","2016",0,29.24,"-11.175 143.225"
"1022403","2016-12-29T12:00:00Z",-11.375,143.275,"0.0",0,"29.28","0.34",0,2016-12-29,"12","2016",0,29.28,"-11.375 143.275"
"1022404","2016-12-29T12:00:00Z",-11.375,143.325,"0.0",0,"29.26","0.34",0,2016-12-29,"12","2016",0,29.26,"-11.375 143.325"
"1022742","2016-12-29T12:00:00Z",-11.775,143.825,"0.0",0,"28.95","0.52",0,2016-12-29,"12","2016",0,28.95,"-11.775 143.825"
"1022743","2016-12-29T12:00:00Z",-11.775,143.875,"0.0",0,"28.95","0.5700000000000001",0,2016-12-29,"12","2016",0,28.95,"-11.775 143.875"
"1034005","2017-01-05T12:00:00Z",-11.175,143.225,"0.0",0,"29.36","0.32",0,2017-01-05,"01","2017",0,29.36,"-11.175 143.225"
"1034170","2017-01-05T12:00:00Z",-11.375,143.275,"0.0",0,"29.19","0.18",0,2017-01-05,"01","2017",0,29.19,"-11.375 143.275"
"1034171","2017-01-05T12:00:00Z",-11.375,143.325,"0.0",0,"29.150000000000002","0.15",0,2017-01-05,"01","2017",0,29.15,"-11.375 143.325"
"1034509","2017-01-05T12:00:00Z",-11.775,143.825,"0.0",0,"28.740000000000002","0.26",0,2017-01-05,"01","2017",0,28.74,"-11.775 143.825"
"1034510","2017-01-05T12:00:00Z",-11.775,143.875,"0.0",0,"28.67","0.24",0,2017-01-05,"01","2017",0,28.67,"-11.775 143.875"
"1045772","2017-01-12T12:00:00Z",-11.175,143.225,"0.0",0,"29.37","0.27",0,2017-01-12,"01","2017",0,29.37,"-11.175 143.225"
"1045937","2017-01-12T12:00:00Z",-11.375,143.275,"0.0",0,"29.34","0.25",0,2017-01-12,"01","2017",0,29.34,"-11.375 143.275"
"1045938","2017-01-12T12:00:00Z",-11.375,143.325,"0.0",0,"29.34","0.26",0,2017-01-12,"01","2017",0,29.34,"-11.375 143.325"
"1046276","2017-01-12T12:00:00Z",-11.775,143.825,"0.0",0,"29.3","0.77",0,2017-01-12,"01","2017",0,29.3,"-11.775 143.825"
"1046277","2017-01-12T12:00:00Z",-11.775,143.875,"0.0",0,"29.3","0.8200000000000001",0,2017-01-12,"01","2017",0,29.3,"-11.775 143.875"
"1057539","2017-01-19T12:00:00Z",-11.175,143.225,"0.0",0,"29.72","0.63",0,2017-01-19,"01","2017",0,29.72,"-11.175 143.225"
"1057704","2017-01-19T12:00:00Z",-11.375,143.275,"0.0",0,"29.990000000000002","0.91",0,2017-01-19,"01","2017",0,29.99,"-11.375 143.275"
"1057705","2017-01-19T12:00:00Z",-11.375,143.325,"0.0",0,"29.990000000000002","0.92",0,2017-01-19,"01","2017",0,29.99,"-11.375 143.325"
"1058043","2017-01-19T12:00:00Z",-11.775,143.825,"0.32",0,"29.61","1.08",0,2017-01-19,"01","2017",0.32,29.61,"-11.775 143.825"
"1058044","2017-01-19T12:00:00Z",-11.775,143.875,"0.32",0,"29.55","1.07",0,2017-01-19,"01","2017",0.32,29.55,"-11.775 143.875"
"1069306","2017-01-26T12:00:00Z",-11.175,143.225,"0.15",0,"30.2","1.18",0,2017-01-26,"01","2017",0.15,30.2,"-11.175 143.225"
"1069471","2017-01-26T12:00:00Z",-11.375,143.275,"0.16",0,"30.27","1.25",0,2017-01-26,"01","2017",0.16,30.27,"-11.375 143.275"
"1069472","2017-01-26T12:00:00Z",-11.375,143.325,"0.33",0,"30.34","1.33",0,2017-01-26,"01","2017",0.33,30.34,"-11.375 143.325"
"1069810","2017-01-26T12:00:00Z",-11.775,143.825,"1.29",0,"29.66","1.16",0,2017-01-26,"01","2017",1.29,29.66,"-11.775 143.825"
"1069811","2017-01-26T12:00:00Z",-11.775,143.875,"1.27",0,"29.580000000000002","1.1300000000000001",0,2017-01-26,"01","2017",1.27,29.58,"-11.775 143.875"
"1081073","2017-02-02T12:00:00Z",-11.175,143.225,"0.96",0,"30.17","1.21",0,2017-02-02,"02","2017",0.96,30.17,"-11.175 143.225"
"1081238","2017-02-02T12:00:00Z",-11.375,143.275,"0.96",0,"30.21","1.25",0,2017-02-02,"02","2017",0.96,30.21,"-11.375 143.275"
"1081239","2017-02-02T12:00:00Z",-11.375,143.325,"1.12",0,"30.2","1.25",0,2017-02-02,"02","2017",1.12,30.2,"-11.375 143.325"
"1081577","2017-02-02T12:00:00Z",-11.775,143.825,"2.59",0,"30.03","1.57",0,2017-02-02,"02","2017",2.59,30.03,"-11.775 143.825"
"1081578","2017-02-02T12:00:00Z",-11.775,143.875,"2.62",0,"30.02","1.6",0,2017-02-02,"02","2017",2.62,30.02,"-11.775 143.875"
"1092840","2017-02-09T12:00:00Z",-11.175,143.225,"1.29",0,"29.86","0.97",0,2017-02-09,"02","2017",1.29,29.86,"-11.175 143.225"
"1093005","2017-02-09T12:00:00Z",-11.375,143.275,"1.31",0,"29.87","0.98",0,2017-02-09,"02","2017",1.31,29.87,"-11.375 143.275"
"1093006","2017-02-09T12:00:00Z",-11.375,143.325,"1.46",0,"29.88","1.0",0,2017-02-09,"02","2017",1.46,29.88,"-11.375 143.325"
"1093344","2017-02-09T12:00:00Z",-11.775,143.825,"3.87",0,"29.62","1.19",0,2017-02-09,"02","2017",3.87,29.62,"-11.775 143.825"
"1093345","2017-02-09T12:00:00Z",-11.775,143.875,"3.93",0,"29.6","1.21",0,2017-02-09,"02","2017",3.93,29.6,"-11.775 143.875"
"1104607","2017-02-16T12:00:00Z",-11.175,143.225,"1.29",0,"29.45","0.63",0,2017-02-16,"02","2017",1.29,29.45,"-11.175 143.225"
"1104772","2017-02-16T12:00:00Z",-11.375,143.275,"1.31",0,"29.48","0.65",0,2017-02-16,"02","2017",1.31,29.48,"-11.375 143.275"
"1104773","2017-02-16T12:00:00Z",-11.375,143.325,"1.46",0,"29.44","0.62",0,2017-02-16,"02","2017",1.46,29.44,"-11.375 143.325"
"1105111","2017-02-16T12:00:00Z",-11.775,143.825,"4.0200000000000005",0,"29.150000000000002","0.76",0,2017-02-16,"02","2017",4.02,29.15,"-11.775 143.825"
"1105112","2017-02-16T12:00:00Z",-11.775,143.875,"3.93",0,"29.14","0.79",0,2017-02-16,"02","2017",3.93,29.14,"-11.775 143.875"
"1116374","2017-02-23T12:00:00Z",-11.175,143.225,"1.29",0,"29.34","0.59",0,2017-02-23,"02","2017",1.29,29.34,"-11.175 143.225"
"1116539","2017-02-23T12:00:00Z",-11.375,143.275,"1.31",0,"29.59","0.8300000000000001",0,2017-02-23,"02","2017",1.31,29.59,"-11.375 143.275"
"1116540","2017-02-23T12:00:00Z",-11.375,143.325,"1.46",0,"29.57","0.8200000000000001",0,2017-02-23,"02","2017",1.46,29.57,"-11.375 143.325"
"1116878","2017-02-23T12:00:00Z",-11.775,143.825,"4.67",0,"29.41","1.06",0,2017-02-23,"02","2017",4.67,29.41,"-11.775 143.825"
"1116879","2017-02-23T12:00:00Z",-11.775,143.875,"4.6000000000000005",0,"29.42","1.1",0,2017-02-23,"02","2017",4.6,29.42,"-11.775 143.875"
"1128141","2017-03-02T12:00:00Z",-11.175,143.225,"1.29",0,"29.73","1.06",0,2017-03-02,"03","2017",1.29,29.73,"-11.175 143.225"
"1128306","2017-03-02T12:00:00Z",-11.375,143.275,"1.31",0,"29.88","1.2",0,2017-03-02,"03","2017",1.31,29.88,"-11.375 143.275"
"1128307","2017-03-02T12:00:00Z",-11.375,143.325,"1.61",0,"29.88","1.2",0,2017-03-02,"03","2017",1.61,29.88,"-11.375 143.325"
"1128645","2017-03-02T12:00:00Z",-11.775,143.825,"5.3",0,"29.52","1.21",0,2017-03-02,"03","2017",5.3,29.52,"-11.775 143.825"
"1128646","2017-03-02T12:00:00Z",-11.775,143.875,"5.55",0,"29.5","1.22",0,2017-03-02,"03","2017",5.55,29.5,"-11.775 143.875"
"1139908","2017-03-09T12:00:00Z",-11.175,143.225,"1.29",0,"29.6","1.0",0,2017-03-09,"03","2017",1.29,29.6,"-11.175 143.225"
"1140073","2017-03-09T12:00:00Z",-11.375,143.275,"1.31",0,"29.66","1.05",0,2017-03-09,"03","2017",1.31,29.66,"-11.375 143.275"
"1140074","2017-03-09T12:00:00Z",-11.375,143.325,"1.61",0,"29.69","1.08",0,2017-03-09,"03","2017",1.61,29.69,"-11.375 143.325"
"1140412","2017-03-09T12:00:00Z",-11.775,143.825,"5.6000000000000005",0,"29.27","1.0",0,2017-03-09,"03","2017",5.6,29.27,"-11.775 143.825"
"1140413","2017-03-09T12:00:00Z",-11.775,143.875,"6.15",0,"29.25","1.0",0,2017-03-09,"03","2017",6.15,29.25,"-11.775 143.875"
"1151675","2017-03-16T12:00:00Z",-11.175,143.225,"2.08",0,"30.07","1.55",0,2017-03-16,"03","2017",2.08,30.07,"-11.175 143.225"
"1151840","2017-03-16T12:00:00Z",-11.375,143.275,"1.97",0,"30.09","1.57",0,2017-03-16,"03","2017",1.97,30.09,"-11.375 143.275"
"1151841","2017-03-16T12:00:00Z",-11.375,143.325,"2.29",0,"30.060000000000002","1.54",0,2017-03-16,"03","2017",2.29,30.06,"-11.375 143.325"
"1152179","2017-03-16T12:00:00Z",-11.775,143.825,"6.6000000000000005",0,"29.35","1.1400000000000001",0,2017-03-16,"03","2017",6.6,29.35,"-11.775 143.825"
"1152180","2017-03-16T12:00:00Z",-11.775,143.875,"7.18",0,"29.29","1.09",0,2017-03-16,"03","2017",7.18,29.29,"-11.775 143.875"
"1163442","2017-03-23T12:00:00Z",-11.175,143.225,"3.08",0,"30.29","1.95",0,2017-03-23,"03","2017",3.08,30.29,"-11.175 143.225"
"1163607","2017-03-23T12:00:00Z",-11.375,143.275,"3.19",0,"30.28","1.95",0,2017-03-23,"03","2017",3.19,30.28,"-11.375 143.275"
"1163608","2017-03-23T12:00:00Z",-11.375,143.325,"3.5100000000000002",0,"30.29","1.96",0,2017-03-23,"03","2017",3.51,30.29,"-11.375 143.325"
"1163946","2017-03-23T12:00:00Z",-11.775,143.825,"7.63",0,"29.98","1.94",0,2017-03-23,"03","2017",7.63,29.98,"-11.775 143.825"
"1163947","2017-03-23T12:00:00Z",-11.775,143.875,"8.22",0,"29.95","1.92",0,2017-03-23,"03","2017",8.22,29.95,"-11.775 143.875"
"1175209","2017-03-30T12:00:00Z",-11.175,143.225,"3.39",0,"30.17","2.0",0,2017-03-30,"03","2017",3.39,30.17,"-11.175 143.225"
"1175374","2017-03-30T12:00:00Z",-11.375,143.275,"3.47",0,"30.12","1.98",0,2017-03-30,"03","2017",3.47,30.12,"-11.375 143.275"
"1175375","2017-03-30T12:00:00Z",-11.375,143.325,"3.8000000000000003",0,"30.12","1.99",0,2017-03-30,"03","2017",3.8,30.12,"-11.375 143.325"
"1175713","2017-03-30T12:00:00Z",-11.775,143.825,"8.8",0,"29.740000000000002","1.87",0,2017-03-30,"03","2017",8.8,29.74,"-11.775 143.825"
"1175714","2017-03-30T12:00:00Z",-11.775,143.875,"9.4",0,"29.68","1.82",0,2017-03-30,"03","2017",9.4,29.68,"-11.775 143.875"
"1186976","2017-04-06T12:00:00Z",-11.175,143.225,"3.39",0,"29.76","1.77",0,2017-04-06,"04","2017",3.39,29.76,"-11.175 143.225"
"1187141","2017-04-06T12:00:00Z",-11.375,143.275,"4.09",0,"29.88","1.93",0,2017-04-06,"04","2017",4.09,29.88,"-11.375 143.275"
"1187142","2017-04-06T12:00:00Z",-11.375,143.325,"4.42",0,"29.93","1.99",0,2017-04-06,"04","2017",4.42,29.93,"-11.375 143.325"
"1187480","2017-04-06T12:00:00Z",-11.775,143.825,"9.1",0,"29.01","1.31",0,2017-04-06,"04","2017",9.1,29.01,"-11.775 143.825"
"1187481","2017-04-06T12:00:00Z",-11.775,143.875,"9.55",0,"28.98","1.29",0,2017-04-06,"04","2017",9.55,28.98,"-11.775 143.875"
"1198743","2017-04-13T12:00:00Z",-11.175,143.225,"3.39",0,"28.96","1.1400000000000001",0,2017-04-13,"04","2017",3.39,28.96,"-11.175 143.225"
"1198908","2017-04-13T12:00:00Z",-11.375,143.275,"4.09",0,"28.88","1.1300000000000001",0,2017-04-13,"04","2017",4.09,28.88,"-11.375 143.275"
"1198909","2017-04-13T12:00:00Z",-11.375,143.325,"4.42",0,"28.86","1.11",0,2017-04-13,"04","2017",4.42,28.86,"-11.375 143.325"
"1199247","2017-04-13T12:00:00Z",-11.775,143.825,"8.78",0,"28.48","0.9500000000000001",0,2017-04-13,"04","2017",8.78,28.48,"-11.775 143.825"
"1199248","2017-04-13T12:00:00Z",-11.775,143.875,"9.24",0,"28.48","0.96",0,2017-04-13,"04","2017",9.24,28.48,"-11.775 143.875"
"1210510","2017-04-20T12:00:00Z",-11.175,143.225,"3.24",0,"28.52","0.92",0,2017-04-20,"04","2017",3.24,28.52,"-11.175 143.225"
"1210675","2017-04-20T12:00:00Z",-11.375,143.275,"3.93",0,"28.38","0.85",0,2017-04-20,"04","2017",3.93,28.38,"-11.375 143.275"
"1210676","2017-04-20T12:00:00Z",-11.375,143.325,"4.09",0,"28.37","0.85",0,2017-04-20,"04","2017",4.09,28.37,"-11.375 143.325"
"1211014","2017-04-20T12:00:00Z",-11.775,143.825,"7.8100000000000005",0,"28.05","0.73",0,2017-04-20,"04","2017",7.81,28.05,"-11.775 143.825"
"1211015","2017-04-20T12:00:00Z",-11.775,143.875,"8.28",0,"28.04","0.73",0,2017-04-20,"04","2017",8.28,28.04,"-11.775 143.875"
"1222277","2017-04-27T12:00:00Z",-11.175,143.225,"2.43",0,"28.34","0.97",0,2017-04-27,"04","2017",2.43,28.34,"-11.175 143.225"
"1222442","2017-04-27T12:00:00Z",-11.375,143.275,"3.13",0,"28.310000000000002","1.01",0,2017-04-27,"04","2017",3.13,28.31,"-11.375 143.275"
"1222443","2017-04-27T12:00:00Z",-11.375,143.325,"3.3000000000000003",0,"28.3","1.01",0,2017-04-27,"04","2017",3.3,28.3,"-11.375 143.325"
"1222781","2017-04-27T12:00:00Z",-11.775,143.825,"6.51",0,"28.19","1.1",0,2017-04-27,"04","2017",6.51,28.19,"-11.775 143.825"
"1222782","2017-04-27T12:00:00Z",-11.775,143.875,"6.93",0,"28.2","1.12",0,2017-04-27,"04","2017",6.93,28.2,"-11.775 143.875"
"1234044","2017-05-04T12:00:00Z",-11.175,143.225,"2.1",0,"27.7","0.56",0,2017-05-04,"05","2017",2.1,27.7,"-11.175 143.225"
"1234209","2017-05-04T12:00:00Z",-11.375,143.275,"2.7800000000000002",0,"27.63","0.56",0,2017-05-04,"05","2017",2.78,27.63,"-11.375 143.275"
"1234210","2017-05-04T12:00:00Z",-11.375,143.325,"2.96",0,"27.62","0.56",0,2017-05-04,"05","2017",2.96,27.62,"-11.375 143.325"
"1234548","2017-05-04T12:00:00Z",-11.775,143.825,"5.23",0,"27.580000000000002","0.71",0,2017-05-04,"05","2017",5.23,27.58,"-11.775 143.825"
"1234549","2017-05-04T12:00:00Z",-11.775,143.875,"5.62",0,"27.580000000000002","0.72",0,2017-05-04,"05","2017",5.62,27.58,"-11.775 143.875"
"1245811","2017-05-11T12:00:00Z",-11.175,143.225,"2.1",0,"27.29","0.38",0,2017-05-11,"05","2017",2.1,27.29,"-11.175 143.225"
"1245976","2017-05-11T12:00:00Z",-11.375,143.275,"2.7800000000000002",0,"27.2","0.37",0,2017-05-11,"05","2017",2.78,27.2,"-11.375 143.275"
"1245977","2017-05-11T12:00:00Z",-11.375,143.325,"2.96",0,"27.26","0.43",0,2017-05-11,"05","2017",2.96,27.26,"-11.375 143.325"
"1246315","2017-05-11T12:00:00Z",-11.775,143.825,"5.08",0,"27.11","0.47000000000000003",0,2017-05-11,"05","2017",5.08,27.11,"-11.775 143.825"
"1246316","2017-05-11T12:00:00Z",-11.775,143.875,"5.62",0,"27.09","0.46",0,2017-05-11,"05","2017",5.62,27.09,"-11.775 143.875"
"1257578","2017-05-18T12:00:00Z",-11.175,143.225,"2.1",0,"27.2","0.54",0,2017-05-18,"05","2017",2.1,27.2,"-11.175 143.225"
"1257743","2017-05-18T12:00:00Z",-11.375,143.275,"2.7800000000000002",0,"27.26","0.68",0,2017-05-18,"05","2017",2.78,27.26,"-11.375 143.275"
"1257744","2017-05-18T12:00:00Z",-11.375,143.325,"2.96",0,"27.27","0.68",0,2017-05-18,"05","2017",2.96,27.27,"-11.375 143.325"
"1258082","2017-05-18T12:00:00Z",-11.775,143.825,"4.43",0,"26.89","0.48",0,2017-05-18,"05","2017",4.43,26.89,"-11.775 143.825"
"1258083","2017-05-18T12:00:00Z",-11.775,143.875,"4.96",0,"26.85","0.45",0,2017-05-18,"05","2017",4.96,26.85,"-11.775 143.875"
"1269345","2017-05-25T12:00:00Z",-11.175,143.225,"2.1",0,"27.19","0.8",0,2017-05-25,"05","2017",2.1,27.19,"-11.175 143.225"
"1269510","2017-05-25T12:00:00Z",-11.375,143.275,"2.7800000000000002",0,"27.11","0.79",0,2017-05-25,"05","2017",2.78,27.11,"-11.375 143.275"
"1269511","2017-05-25T12:00:00Z",-11.375,143.325,"2.81",0,"27.11","0.79",0,2017-05-25,"05","2017",2.81,27.11,"-11.375 143.325"
"1269849","2017-05-25T12:00:00Z",-11.775,143.825,"3.8000000000000003",0,"26.86","0.68",0,2017-05-25,"05","2017",3.8,26.86,"-11.775 143.825"
"1269850","2017-05-25T12:00:00Z",-11.775,143.875,"4.01",0,"26.87","0.6900000000000001",0,2017-05-25,"05","2017",4.01,26.87,"-11.775 143.875"
"1281112","2017-06-01T12:00:00Z",-11.175,143.225,"2.1",0,"26.53","0.41000000000000003",0,2017-06-01,"06","2017",2.1,26.53,"-11.175 143.225"
"1281277","2017-06-01T12:00:00Z",-11.375,143.275,"2.7800000000000002",0,"26.580000000000002","0.53",0,2017-06-01,"06","2017",2.78,26.58,"-11.375 143.275"
"1281278","2017-06-01T12:00:00Z",-11.375,143.325,"2.81",0,"26.6","0.54",0,2017-06-01,"06","2017",2.81,26.6,"-11.375 143.325"
"1281616","2017-06-01T12:00:00Z",-11.775,143.825,"3.5",0,"26.47","0.52",0,2017-06-01,"06","2017",3.5,26.47,"-11.775 143.825"
"1281617","2017-06-01T12:00:00Z",-11.775,143.875,"3.4",0,"26.490000000000002","0.54",0,2017-06-01,"06","2017",3.4,26.49,"-11.775 143.875"
"1292879","2017-06-08T12:00:00Z",-11.175,143.225,"1.31",0,"26.12","0.27",0,2017-06-08,"06","2017",1.31,26.12,"-11.175 143.225"
"1293044","2017-06-08T12:00:00Z",-11.375,143.275,"2.12",0,"25.97","0.19",0,2017-06-08,"06","2017",2.12,25.97,"-11.375 143.275"
"1293045","2017-06-08T12:00:00Z",-11.375,143.325,"2.13",0,"25.990000000000002","0.2",0,2017-06-08,"06","2017",2.13,25.99,"-11.375 143.325"
"1293383","2017-06-08T12:00:00Z",-11.775,143.825,"2.5",0,"26.14","0.42",0,2017-06-08,"06","2017",2.5,26.14,"-11.775 143.825"
"1293384","2017-06-08T12:00:00Z",-11.775,143.875,"2.38",0,"26.17","0.44",0,2017-06-08,"06","2017",2.38,26.17,"-11.775 143.875"
"1304646","2017-06-15T12:00:00Z",-11.175,143.225,"0.31",0,"25.45","-0.13",0,2017-06-15,"06","2017",0.31,25.45,"-11.175 143.225"
"1304811","2017-06-15T12:00:00Z",-11.375,143.275,"0.9",0,"25.23","-0.28",0,2017-06-15,"06","2017",0.9,25.23,"-11.375 143.275"
"1304812","2017-06-15T12:00:00Z",-11.375,143.325,"0.91",0,"25.26","-0.27",0,2017-06-15,"06","2017",0.91,25.26,"-11.375 143.325"
"1305150","2017-06-15T12:00:00Z",-11.775,143.825,"1.46",0,"25.41","-0.08",0,2017-06-15,"06","2017",1.46,25.41,"-11.775 143.825"
"1305151","2017-06-15T12:00:00Z",-11.775,143.875,"1.34",0,"25.44","-0.06",0,2017-06-15,"06","2017",1.34,25.44,"-11.775 143.875"
"1316413","2017-06-22T12:00:00Z",-11.175,143.225,"0.0",0,"25.38","0.01",0,2017-06-22,"06","2017",0,25.38,"-11.175 143.225"
"1316578","2017-06-22T12:00:00Z",-11.375,143.275,"0.62",0,"25.32","0.02",0,2017-06-22,"06","2017",0.62,25.32,"-11.375 143.275"
"1316579","2017-06-22T12:00:00Z",-11.375,143.325,"0.62",0,"25.39","0.07",0,2017-06-22,"06","2017",0.62,25.39,"-11.375 143.325"
"1316917","2017-06-22T12:00:00Z",-11.775,143.825,"0.3",0,"25.53","0.21",0,2017-06-22,"06","2017",0.3,25.53,"-11.775 143.825"
"1316918","2017-06-22T12:00:00Z",-11.775,143.875,"0.15",0,"25.580000000000002","0.24",0,2017-06-22,"06","2017",0.15,25.58,"-11.775 143.875"
"1328180","2017-06-29T12:00:00Z",-11.175,143.225,"0.0",0,"25.53","0.37",0,2017-06-29,"06","2017",0,25.53,"-11.175 143.225"
"1328345","2017-06-29T12:00:00Z",-11.375,143.275,"0.0",0,"25.27","0.18",0,2017-06-29,"06","2017",0,25.27,"-11.375 143.275"
"1328346","2017-06-29T12:00:00Z",-11.375,143.325,"0.0",0,"25.32","0.21",0,2017-06-29,"06","2017",0,25.32,"-11.375 143.325"
"1328684","2017-06-29T12:00:00Z",-11.775,143.825,"0.0",0,"25.48","0.32",0,2017-06-29,"06","2017",0,25.48,"-11.775 143.825"
"1328685","2017-06-29T12:00:00Z",-11.775,143.875,"0.0",0,"25.46","0.29",0,2017-06-29,"06","2017",0,25.46,"-11.775 143.875"
"1339947","2017-07-06T12:00:00Z",-11.175,143.225,"0.0",0,"25.62","0.68",0,2017-07-06,"07","2017",0,25.62,"-11.175 143.225"
"1340112","2017-07-06T12:00:00Z",-11.375,143.275,"0.0",0,"25.580000000000002","0.6900000000000001",0,2017-07-06,"07","2017",0,25.58,"-11.375 143.275"
"1340113","2017-07-06T12:00:00Z",-11.375,143.325,"0.0",0,"25.63","0.72",0,2017-07-06,"07","2017",0,25.63,"-11.375 143.325"
"1340451","2017-07-06T12:00:00Z",-11.775,143.825,"0.0",0,"25.61","0.62",0,2017-07-06,"07","2017",0,25.61,"-11.775 143.825"
"1340452","2017-07-06T12:00:00Z",-11.775,143.875,"0.0",0,"25.59","0.58",0,2017-07-06,"07","2017",0,25.59,"-11.775 143.875"
"1351714","2017-07-13T12:00:00Z",-11.175,143.225,"0.0",0,"25.67","0.9400000000000001",0,2017-07-13,"07","2017",0,25.67,"-11.175 143.225"
"1351879","2017-07-13T12:00:00Z",-11.375,143.275,"0.0",0,"25.62","0.9400000000000001",0,2017-07-13,"07","2017",0,25.62,"-11.375 143.275"
"1351880","2017-07-13T12:00:00Z",-11.375,143.325,"0.0",0,"25.64","0.9400000000000001",0,2017-07-13,"07","2017",0,25.64,"-11.375 143.325"
"1352218","2017-07-13T12:00:00Z",-11.775,143.825,"0.0",0,"25.43","0.6",0,2017-07-13,"07","2017",0,25.43,"-11.775 143.825"
"1352219","2017-07-13T12:00:00Z",-11.775,143.875,"0.0",0,"25.44","0.59",0,2017-07-13,"07","2017",0,25.44,"-11.775 143.875"
"1363481","2017-07-20T12:00:00Z",-11.175,143.225,"0.0",0,"25.23","0.59",0,2017-07-20,"07","2017",0,25.23,"-11.175 143.225"
"1363646","2017-07-20T12:00:00Z",-11.375,143.275,"0.0",0,"25.150000000000002","0.56",0,2017-07-20,"07","2017",0,25.15,"-11.375 143.275"
"1363647","2017-07-20T12:00:00Z",-11.375,143.325,"0.0",0,"25.150000000000002","0.54",0,2017-07-20,"07","2017",0,25.15,"-11.375 143.325"
"1363985","2017-07-20T12:00:00Z",-11.775,143.825,"0.0",0,"24.89","0.15",0,2017-07-20,"07","2017",0,24.89,"-11.775 143.825"
"1363986","2017-07-20T12:00:00Z",-11.775,143.875,"0.0",0,"24.88","0.12",0,2017-07-20,"07","2017",0,24.88,"-11.775 143.875"
"1375248","2017-07-27T12:00:00Z",-11.175,143.225,"0.0",0,"25.22","0.62",0,2017-07-27,"07","2017",0,25.22,"-11.175 143.225"
"1375413","2017-07-27T12:00:00Z",-11.375,143.275,"0.0",0,"25.12","0.5700000000000001",0,2017-07-27,"07","2017",0,25.12,"-11.375 143.275"
"1375414","2017-07-27T12:00:00Z",-11.375,143.325,"0.0",0,"25.12","0.55",0,2017-07-27,"07","2017",0,25.12,"-11.375 143.325"
"1375752","2017-07-27T12:00:00Z",-11.775,143.825,"0.0",0,"25.150000000000002","0.47000000000000003",0,2017-07-27,"07","2017",0,25.15,"-11.775 143.825"
"1375753","2017-07-27T12:00:00Z",-11.775,143.875,"0.0",0,"25.17","0.47000000000000003",0,2017-07-27,"07","2017",0,25.17,"-11.775 143.875"
"1387015","2017-08-03T12:00:00Z",-11.175,143.225,"0.0",0,"25.1","0.53",0,2017-08-03,"08","2017",0,25.1,"-11.175 143.225"
"1387180","2017-08-03T12:00:00Z",-11.375,143.275,"0.0",0,"24.92","0.41000000000000003",0,2017-08-03,"08","2017",0,24.92,"-11.375 143.275"
"1387181","2017-08-03T12:00:00Z",-11.375,143.325,"0.0",0,"24.93","0.41000000000000003",0,2017-08-03,"08","2017",0,24.93,"-11.375 143.325"
"1387519","2017-08-03T12:00:00Z",-11.775,143.825,"0.0",0,"25.05","0.43",0,2017-08-03,"08","2017",0,25.05,"-11.775 143.825"
"1387520","2017-08-03T12:00:00Z",-11.775,143.875,"0.0",0,"25.060000000000002","0.42",0,2017-08-03,"08","2017",0,25.06,"-11.775 143.875"
"1398782","2017-08-10T12:00:00Z",-11.175,143.225,"0.0",0,"25.19","0.66",0,2017-08-10,"08","2017",0,25.19,"-11.175 143.225"
"1398947","2017-08-10T12:00:00Z",-11.375,143.275,"0.0",0,"25.17","0.7000000000000001",0,2017-08-10,"08","2017",0,25.17,"-11.375 143.275"
"1398948","2017-08-10T12:00:00Z",-11.375,143.325,"0.0",0,"25.19","0.71",0,2017-08-10,"08","2017",0,25.19,"-11.375 143.325"
"1399286","2017-08-10T12:00:00Z",-11.775,143.825,"0.0",0,"25.18","0.62",0,2017-08-10,"08","2017",0,25.18,"-11.775 143.825"
"1399287","2017-08-10T12:00:00Z",-11.775,143.875,"0.0",0,"25.2","0.62",0,2017-08-10,"08","2017",0,25.2,"-11.775 143.875"
"1410549","2017-08-17T12:00:00Z",-11.175,143.225,"0.0",0,"25.48","0.9400000000000001",0,2017-08-17,"08","2017",0,25.48,"-11.175 143.225"
"1410714","2017-08-17T12:00:00Z",-11.375,143.275,"0.0",0,"25.44","0.96",0,2017-08-17,"08","2017",0,25.44,"-11.375 143.275"
"1410715","2017-08-17T12:00:00Z",-11.375,143.325,"0.0",0,"25.44","0.9500000000000001",0,2017-08-17,"08","2017",0,25.44,"-11.375 143.325"
"1411053","2017-08-17T12:00:00Z",-11.775,143.825,"0.0",0,"25.39","0.85",0,2017-08-17,"08","2017",0,25.39,"-11.775 143.825"
"1411054","2017-08-17T12:00:00Z",-11.775,143.875,"0.0",0,"25.41","0.85",0,2017-08-17,"08","2017",0,25.41,"-11.775 143.875"
"1422316","2017-08-24T12:00:00Z",-11.175,143.225,"0.0",0,"25.34","0.65",0,2017-08-24,"08","2017",0,25.34,"-11.175 143.225"
"1422481","2017-08-24T12:00:00Z",-11.375,143.275,"0.0",0,"25.18","0.55",0,2017-08-24,"08","2017",0,25.18,"-11.375 143.275"
"1422482","2017-08-24T12:00:00Z",-11.375,143.325,"0.0",0,"25.2","0.5700000000000001",0,2017-08-24,"08","2017",0,25.2,"-11.375 143.325"
"1422820","2017-08-24T12:00:00Z",-11.775,143.825,"0.0",0,"25.2","0.5700000000000001",0,2017-08-24,"08","2017",0,25.2,"-11.775 143.825"
"1422821","2017-08-24T12:00:00Z",-11.775,143.875,"0.0",0,"25.21","0.5700000000000001",0,2017-08-24,"08","2017",0,25.21,"-11.775 143.875"
"1434083","2017-08-31T12:00:00Z",-11.175,143.225,"0.0",0,"25.35","0.51",0,2017-08-31,"08","2017",0,25.35,"-11.175 143.225"
"1434248","2017-08-31T12:00:00Z",-11.375,143.275,"0.0",0,"25.21","0.44",0,2017-08-31,"08","2017",0,25.21,"-11.375 143.275"
"1434249","2017-08-31T12:00:00Z",-11.375,143.325,"0.0",0,"25.23","0.45",0,2017-08-31,"08","2017",0,25.23,"-11.375 143.325"
"1434587","2017-08-31T12:00:00Z",-11.775,143.825,"0.0",0,"25.080000000000002","0.36",0,2017-08-31,"08","2017",0,25.08,"-11.775 143.825"
"1434588","2017-08-31T12:00:00Z",-11.775,143.875,"0.0",0,"25.09","0.36",0,2017-08-31,"08","2017",0,25.09,"-11.775 143.875"
"1445850","2017-09-07T12:00:00Z",-11.175,143.225,"0.0",0,"25.34","0.36",0,2017-09-07,"09","2017",0,25.34,"-11.175 143.225"
"1446015","2017-09-07T12:00:00Z",-11.375,143.275,"0.0",0,"25.34","0.43",0,2017-09-07,"09","2017",0,25.34,"-11.375 143.275"
"1446016","2017-09-07T12:00:00Z",-11.375,143.325,"0.0",0,"25.35","0.43",0,2017-09-07,"09","2017",0,25.35,"-11.375 143.325"
"1446354","2017-09-07T12:00:00Z",-11.775,143.825,"0.0",0,"25.3","0.5",0,2017-09-07,"09","2017",0,25.3,"-11.775 143.825"
"1446355","2017-09-07T12:00:00Z",-11.775,143.875,"0.0",0,"25.32","0.51",0,2017-09-07,"09","2017",0,25.32,"-11.775 143.875"
"1457617","2017-09-14T12:00:00Z",-11.175,143.225,"0.0",0,"25.03","-0.1",0,2017-09-14,"09","2017",0,25.03,"-11.175 143.225"
"1457782","2017-09-14T12:00:00Z",-11.375,143.275,"0.0",0,"25.09","0.03",0,2017-09-14,"09","2017",0,25.09,"-11.375 143.275"
"1457783","2017-09-14T12:00:00Z",-11.375,143.325,"0.0",0,"25.080000000000002","0.02",0,2017-09-14,"09","2017",0,25.08,"-11.375 143.325"
"1458121","2017-09-14T12:00:00Z",-11.775,143.825,"0.0",0,"25.01","0.12",0,2017-09-14,"09","2017",0,25.01,"-11.775 143.825"
"1458122","2017-09-14T12:00:00Z",-11.775,143.875,"0.0",0,"25.01","0.12",0,2017-09-14,"09","2017",0,25.01,"-11.775 143.875"
"1469384","2017-09-21T12:00:00Z",-11.175,143.225,"0.0",0,"25.1","-0.27",0,2017-09-21,"09","2017",0,25.1,"-11.175 143.225"
"1469549","2017-09-21T12:00:00Z",-11.375,143.275,"0.0",0,"25.04","-0.27",0,2017-09-21,"09","2017",0,25.04,"-11.375 143.275"
"1469550","2017-09-21T12:00:00Z",-11.375,143.325,"0.0",0,"25.04","-0.27",0,2017-09-21,"09","2017",0,25.04,"-11.375 143.325"
"1469888","2017-09-21T12:00:00Z",-11.775,143.825,"0.0",0,"25.17","0.07",0,2017-09-21,"09","2017",0,25.17,"-11.775 143.825"
"1469889","2017-09-21T12:00:00Z",-11.775,143.875,"0.0",0,"25.13","0.04",0,2017-09-21,"09","2017",0,25.13,"-11.775 143.875"
"1481151","2017-09-28T12:00:00Z",-11.175,143.225,"0.0",0,"25.79","0.15",0,2017-09-28,"09","2017",0,25.79,"-11.175 143.225"
"1481316","2017-09-28T12:00:00Z",-11.375,143.275,"0.0",0,"25.98","0.4",0,2017-09-28,"09","2017",0,25.98,"-11.375 143.275"
"1481317","2017-09-28T12:00:00Z",-11.375,143.325,"0.0",0,"25.92","0.35000000000000003",0,2017-09-28,"09","2017",0,25.92,"-11.375 143.325"
"1481655","2017-09-28T12:00:00Z",-11.775,143.825,"0.0",0,"25.62","0.29",0,2017-09-28,"09","2017",0,25.62,"-11.775 143.825"
"1481656","2017-09-28T12:00:00Z",-11.775,143.875,"0.0",0,"25.62","0.3",0,2017-09-28,"09","2017",0,25.62,"-11.775 143.875"
"1492918","2017-10-05T12:00:00Z",-11.175,143.225,"0.0",0,"25.95","0.05",0,2017-10-05,"10","2017",0,25.95,"-11.175 143.225"
"1493083","2017-10-05T12:00:00Z",-11.375,143.275,"0.0",0,"25.990000000000002","0.14",0,2017-10-05,"10","2017",0,25.99,"-11.375 143.275"
"1493084","2017-10-05T12:00:00Z",-11.375,143.325,"0.0",0,"25.990000000000002","0.16",0,2017-10-05,"10","2017",0,25.99,"-11.375 143.325"
"1493422","2017-10-05T12:00:00Z",-11.775,143.825,"0.0",0,"25.62","0.05",0,2017-10-05,"10","2017",0,25.62,"-11.775 143.825"
"1493423","2017-10-05T12:00:00Z",-11.775,143.875,"0.0",0,"25.63","0.08",0,2017-10-05,"10","2017",0,25.63,"-11.775 143.875"
"1504685","2017-10-12T12:00:00Z",-11.175,143.225,"0.0",0,"26.32","0.16",0,2017-10-12,"10","2017",0,26.32,"-11.175 143.225"
"1504850","2017-10-12T12:00:00Z",-11.375,143.275,"0.0",0,"26.27","0.16",0,2017-10-12,"10","2017",0,26.27,"-11.375 143.275"
"1504851","2017-10-12T12:00:00Z",-11.375,143.325,"0.0",0,"26.25","0.15",0,2017-10-12,"10","2017",0,26.25,"-11.375 143.325"
"1505189","2017-10-12T12:00:00Z",-11.775,143.825,"0.0",0,"26.28","0.48",0,2017-10-12,"10","2017",0,26.28,"-11.775 143.825"
"1505190","2017-10-12T12:00:00Z",-11.775,143.875,"0.0",0,"26.29","0.52",0,2017-10-12,"10","2017",0,26.29,"-11.775 143.875"
"1516452","2017-10-19T12:00:00Z",-11.175,143.225,"0.0",0,"26.95","0.49",0,2017-10-19,"10","2017",0,26.95,"-11.175 143.225"
"1516617","2017-10-19T12:00:00Z",-11.375,143.275,"0.0",0,"27.150000000000002","0.73",0,2017-10-19,"10","2017",0,27.15,"-11.375 143.275"
"1516618","2017-10-19T12:00:00Z",-11.375,143.325,"0.0",0,"27.150000000000002","0.75",0,2017-10-19,"10","2017",0,27.15,"-11.375 143.325"
"1516956","2017-10-19T12:00:00Z",-11.775,143.825,"0.0",0,"26.650000000000002","0.59",0,2017-10-19,"10","2017",0,26.65,"-11.775 143.825"
"1516957","2017-10-19T12:00:00Z",-11.775,143.875,"0.0",0,"26.69","0.66",0,2017-10-19,"10","2017",0,26.69,"-11.775 143.875"
"1528219","2017-10-26T12:00:00Z",-11.175,143.225,"0.0",0,"27.43","0.64",0,2017-10-26,"10","2017",0,27.43,"-11.175 143.225"
"1528384","2017-10-26T12:00:00Z",-11.375,143.275,"0.0",0,"27.39","0.64",0,2017-10-26,"10","2017",0,27.39,"-11.375 143.275"
"1528385","2017-10-26T12:00:00Z",-11.375,143.325,"0.0",0,"27.37","0.64",0,2017-10-26,"10","2017",0,27.37,"-11.375 143.325"
"1528723","2017-10-26T12:00:00Z",-11.775,143.825,"0.0",0,"27.13","0.79",0,2017-10-26,"10","2017",0,27.13,"-11.775 143.825"
"1528724","2017-10-26T12:00:00Z",-11.775,143.875,"0.0",0,"27.060000000000002","0.75",0,2017-10-26,"10","2017",0,27.06,"-11.775 143.875"
"1539986","2017-11-02T12:00:00Z",-11.175,143.225,"0.0",0,"28.240000000000002","1.12",0,2017-11-02,"11","2017",0,28.24,"-11.175 143.225"
"1540151","2017-11-02T12:00:00Z",-11.375,143.275,"0.0",0,"28.23","1.1500000000000001",0,2017-11-02,"11","2017",0,28.23,"-11.375 143.275"
"1540152","2017-11-02T12:00:00Z",-11.375,143.325,"0.0",0,"28.18","1.12",0,2017-11-02,"11","2017",0,28.18,"-11.375 143.325"
"1540490","2017-11-02T12:00:00Z",-11.775,143.825,"0.0",0,"27.82","1.2",0,2017-11-02,"11","2017",0,27.82,"-11.775 143.825"
"1540491","2017-11-02T12:00:00Z",-11.775,143.875,"0.0",0,"27.82","1.24",0,2017-11-02,"11","2017",0,27.82,"-11.775 143.875"
"1551753","2017-11-09T12:00:00Z",-11.175,143.225,"0.0",0,"28.32","0.87",0,2017-11-09,"11","2017",0,28.32,"-11.175 143.225"
"1551918","2017-11-09T12:00:00Z",-11.375,143.275,"0.0",0,"28.34","0.93",0,2017-11-09,"11","2017",0,28.34,"-11.375 143.275"
"1551919","2017-11-09T12:00:00Z",-11.375,143.325,"0.0",0,"28.3","0.91",0,2017-11-09,"11","2017",0,28.3,"-11.375 143.325"
"1552257","2017-11-09T12:00:00Z",-11.775,143.825,"0.0",0,"27.55","0.65",0,2017-11-09,"11","2017",0,27.55,"-11.775 143.825"
"1552258","2017-11-09T12:00:00Z",-11.775,143.875,"0.0",0,"27.54","0.68",0,2017-11-09,"11","2017",0,27.54,"-11.775 143.875"
"1563520","2017-11-16T12:00:00Z",-11.175,143.225,"0.0",0,"28.25","0.48",0,2017-11-16,"11","2017",0,28.25,"-11.175 143.225"
"1563685","2017-11-16T12:00:00Z",-11.375,143.275,"0.0",0,"28.17","0.44",0,2017-11-16,"11","2017",0,28.17,"-11.375 143.275"
"1563686","2017-11-16T12:00:00Z",-11.375,143.325,"0.0",0,"28.150000000000002","0.44",0,2017-11-16,"11","2017",0,28.15,"-11.375 143.325"
"1564024","2017-11-16T12:00:00Z",-11.775,143.825,"0.0",0,"27.66","0.48",0,2017-11-16,"11","2017",0,27.66,"-11.775 143.825"
"1564025","2017-11-16T12:00:00Z",-11.775,143.875,"0.0",0,"27.650000000000002","0.51",0,2017-11-16,"11","2017",0,27.65,"-11.775 143.875"
"1575287","2017-11-23T12:00:00Z",-11.175,143.225,"0.0",0,"28.22","0.19",0,2017-11-23,"11","2017",0,28.22,"-11.175 143.225"
"1575452","2017-11-23T12:00:00Z",-11.375,143.275,"0.0",0,"28.1","0.12",0,2017-11-23,"11","2017",0,28.1,"-11.375 143.275"
"1575453","2017-11-23T12:00:00Z",-11.375,143.325,"0.0",0,"28.07","0.11",0,2017-11-23,"11","2017",0,28.07,"-11.375 143.325"
"1575791","2017-11-23T12:00:00Z",-11.775,143.825,"0.0",0,"27.8","0.34",0,2017-11-23,"11","2017",0,27.8,"-11.775 143.825"
"1575792","2017-11-23T12:00:00Z",-11.775,143.875,"0.0",0,"27.78","0.37",0,2017-11-23,"11","2017",0,27.78,"-11.775 143.875"
"1587054","2017-11-30T12:00:00Z",-11.175,143.225,"0.0",0,"28.68","0.39",0,2017-11-30,"11","2017",0,28.68,"-11.175 143.225"
"1587219","2017-11-30T12:00:00Z",-11.375,143.275,"0.0",0,"28.5","0.26",0,2017-11-30,"11","2017",0,28.5,"-11.375 143.275"
"1587220","2017-11-30T12:00:00Z",-11.375,143.325,"0.0",0,"28.5","0.28",0,2017-11-30,"11","2017",0,28.5,"-11.375 143.325"
"1587558","2017-11-30T12:00:00Z",-11.775,143.825,"0.0",0,"28.41","0.67",0,2017-11-30,"11","2017",0,28.41,"-11.775 143.825"
"1587559","2017-11-30T12:00:00Z",-11.775,143.875,"0.0",0,"28.39","0.7000000000000001",0,2017-11-30,"11","2017",0,28.39,"-11.775 143.875"
"1598821","2017-12-07T12:00:00Z",-11.175,143.225,"0.0",0,"29.54","0.99",0,2017-12-07,"12","2017",0,29.54,"-11.175 143.225"
"1598986","2017-12-07T12:00:00Z",-11.375,143.275,"0.0",0,"29.46","0.96",0,2017-12-07,"12","2017",0,29.46,"-11.375 143.275"
"1598987","2017-12-07T12:00:00Z",-11.375,143.325,"0.0",0,"29.44","0.96",0,2017-12-07,"12","2017",0,29.44,"-11.375 143.325"
"1599325","2017-12-07T12:00:00Z",-11.775,143.825,"0.0",0,"28.740000000000002","0.73",0,2017-12-07,"12","2017",0,28.74,"-11.775 143.825"
"1599326","2017-12-07T12:00:00Z",-11.775,143.875,"0.0",0,"28.63","0.66",0,2017-12-07,"12","2017",0,28.63,"-11.775 143.875"
"1610588","2017-12-14T12:00:00Z",-11.175,143.225,"0.0",0,"29.25","0.44",0,2017-12-14,"12","2017",0,29.25,"-11.175 143.225"
"1610753","2017-12-14T12:00:00Z",-11.375,143.275,"0.0",0,"29.03","0.28",0,2017-12-14,"12","2017",0,29.03,"-11.375 143.275"
"1610754","2017-12-14T12:00:00Z",-11.375,143.325,"0.0",0,"29.04","0.31",0,2017-12-14,"12","2017",0,29.04,"-11.375 143.325"
"1611092","2017-12-14T12:00:00Z",-11.775,143.825,"0.0",0,"27.830000000000002","-0.46",0,2017-12-14,"12","2017",0,27.83,"-11.775 143.825"
"1611093","2017-12-14T12:00:00Z",-11.775,143.875,"0.0",0,"27.900000000000002","-0.34",0,2017-12-14,"12","2017",0,27.9,"-11.775 143.875"
"1622355","2017-12-21T12:00:00Z",-11.175,143.225,"0.0",0,"29.740000000000002","0.84",0,2017-12-21,"12","2017",0,29.74,"-11.175 143.225"
"1622520","2017-12-21T12:00:00Z",-11.375,143.275,"0.0",0,"29.62","0.77",0,2017-12-21,"12","2017",0,29.62,"-11.375 143.275"
"1622521","2017-12-21T12:00:00Z",-11.375,143.325,"0.0",0,"29.61","0.77",0,2017-12-21,"12","2017",0,29.61,"-11.375 143.325"
"1622859","2017-12-21T12:00:00Z",-11.775,143.825,"0.0",0,"28.59","0.22",0,2017-12-21,"12","2017",0,28.59,"-11.775 143.825"
"1622860","2017-12-21T12:00:00Z",-11.775,143.875,"0.0",0,"28.57","0.25",0,2017-12-21,"12","2017",0,28.57,"-11.775 143.875"
"1634122","2017-12-28T12:00:00Z",-11.175,143.225,"0.0",0,"29.67","0.7000000000000001",0,2017-12-28,"12","2017",0,29.67,"-11.175 143.225"
"1634287","2017-12-28T12:00:00Z",-11.375,143.275,"0.0",0,"29.57","0.64",0,2017-12-28,"12","2017",0,29.57,"-11.375 143.275"
"1634288","2017-12-28T12:00:00Z",-11.375,143.325,"0.0",0,"29.55","0.64",0,2017-12-28,"12","2017",0,29.55,"-11.375 143.325"
"1634626","2017-12-28T12:00:00Z",-11.775,143.825,"0.0",0,"28.98","0.56",0,2017-12-28,"12","2017",0,28.98,"-11.775 143.825"
"1634627","2017-12-28T12:00:00Z",-11.775,143.875,"0.0",0,"28.94","0.5700000000000001",0,2017-12-28,"12","2017",0,28.94,"-11.775 143.875"
"1645889","2018-01-04T12:00:00Z",-11.175,143.225,"0.15",0,"30.18","1.1500000000000001",0,2018-01-04,"01","2018",0.15,30.18,"-11.175 143.225"
"1646054","2018-01-04T12:00:00Z",-11.375,143.275,"0.14",0,"30.09","1.09",0,2018-01-04,"01","2018",0.14,30.09,"-11.375 143.275"
"1646055","2018-01-04T12:00:00Z",-11.375,143.325,"0.15",0,"30.060000000000002","1.07",0,2018-01-04,"01","2018",0.15,30.06,"-11.375 143.325"
"1646393","2018-01-04T12:00:00Z",-11.775,143.825,"0.0",0,"29.16","0.6900000000000001",0,2018-01-04,"01","2018",0,29.16,"-11.775 143.825"
"1646394","2018-01-04T12:00:00Z",-11.775,143.875,"0.0",0,"29.13","0.71",0,2018-01-04,"01","2018",0,29.13,"-11.775 143.875"
"1657656","2018-01-11T12:00:00Z",-11.175,143.225,"0.63",0,"30.18","1.09",0,2018-01-11,"01","2018",0.63,30.18,"-11.175 143.225"
"1657821","2018-01-11T12:00:00Z",-11.375,143.275,"0.3",0,"30.03","0.9500000000000001",0,2018-01-11,"01","2018",0.3,30.03,"-11.375 143.275"
"1657822","2018-01-11T12:00:00Z",-11.375,143.325,"0.31",0,"29.98","0.91",0,2018-01-11,"01","2018",0.31,29.98,"-11.375 143.325"
"1658160","2018-01-11T12:00:00Z",-11.775,143.825,"0.0",0,"29.16","0.64",0,2018-01-11,"01","2018",0,29.16,"-11.775 143.825"
"1658161","2018-01-11T12:00:00Z",-11.775,143.875,"0.0",0,"29.16","0.6900000000000001",0,2018-01-11,"01","2018",0,29.16,"-11.775 143.875"
"1669423","2018-01-18T12:00:00Z",-11.175,143.225,"1.08",0,"30.11","1.01",0,2018-01-18,"01","2018",1.08,30.11,"-11.175 143.225"
"1669588","2018-01-18T12:00:00Z",-11.375,143.275,"0.77",0,"30.05","0.96",0,2018-01-18,"01","2018",0.77,30.05,"-11.375 143.275"
"1669589","2018-01-18T12:00:00Z",-11.375,143.325,"0.77",0,"30.080000000000002","1.0",0,2018-01-18,"01","2018",0.77,30.08,"-11.375 143.325"
"1669927","2018-01-18T12:00:00Z",-11.775,143.825,"0.0",0,"29.45","0.91",0,2018-01-18,"01","2018",0,29.45,"-11.775 143.825"
"1669928","2018-01-18T12:00:00Z",-11.775,143.875,"0.0",0,"29.45","0.96",0,2018-01-18,"01","2018",0,29.45,"-11.775 143.875"
"1681190","2018-01-25T12:00:00Z",-11.175,143.225,"1.25",0,"30.07","1.04",0,2018-01-25,"01","2018",1.25,30.07,"-11.175 143.225"
"1681355","2018-01-25T12:00:00Z",-11.375,143.275,"0.92",0,"30.04","1.01",0,2018-01-25,"01","2018",0.92,30.04,"-11.375 143.275"
"1681356","2018-01-25T12:00:00Z",-11.375,143.325,"0.93",0,"30.04","1.02",0,2018-01-25,"01","2018",0.93,30.04,"-11.375 143.325"
"1681694","2018-01-25T12:00:00Z",-11.775,143.825,"0.16",0,"29.400000000000002","0.9",0,2018-01-25,"01","2018",0.16,29.4,"-11.775 143.825"
"1681695","2018-01-25T12:00:00Z",-11.775,143.875,"0.16",0,"29.43","0.98",0,2018-01-25,"01","2018",0.16,29.43,"-11.775 143.875"
"1692957","2018-02-01T12:00:00Z",-11.175,143.225,"1.25",0,"29.2","0.23",0,2018-02-01,"02","2018",1.25,29.2,"-11.175 143.225"
"1693122","2018-02-01T12:00:00Z",-11.375,143.275,"0.92",0,"29.23","0.26",0,2018-02-01,"02","2018",0.92,29.23,"-11.375 143.275"
"1693123","2018-02-01T12:00:00Z",-11.375,143.325,"0.93",0,"29.22","0.26",0,2018-02-01,"02","2018",0.93,29.22,"-11.375 143.325"
"1693461","2018-02-01T12:00:00Z",-11.775,143.825,"0.16",0,"28.98","0.51",0,2018-02-01,"02","2018",0.16,28.98,"-11.775 143.825"
"1693462","2018-02-01T12:00:00Z",-11.775,143.875,"0.16",0,"28.97","0.55",0,2018-02-01,"02","2018",0.16,28.97,"-11.775 143.875"
"1704724","2018-02-08T12:00:00Z",-11.175,143.225,"1.25",0,"29.02","0.12",0,2018-02-08,"02","2018",1.25,29.02,"-11.175 143.225"
"1704889","2018-02-08T12:00:00Z",-11.375,143.275,"0.92",0,"28.990000000000002","0.09",0,2018-02-08,"02","2018",0.92,28.99,"-11.375 143.275"
"1704890","2018-02-08T12:00:00Z",-11.375,143.325,"0.93",0,"29.0","0.11",0,2018-02-08,"02","2018",0.93,29,"-11.375 143.325"
"1705228","2018-02-08T12:00:00Z",-11.775,143.825,"0.16",0,"28.89","0.46",0,2018-02-08,"02","2018",0.16,28.89,"-11.775 143.825"
"1705229","2018-02-08T12:00:00Z",-11.775,143.875,"0.16",0,"28.88","0.49",0,2018-02-08,"02","2018",0.16,28.88,"-11.775 143.875"
"1716491","2018-02-15T12:00:00Z",-11.175,143.225,"1.25",0,"29.5","0.67",0,2018-02-15,"02","2018",1.25,29.5,"-11.175 143.225"
"1716656","2018-02-15T12:00:00Z",-11.375,143.275,"0.92",0,"29.48","0.64",0,2018-02-15,"02","2018",0.92,29.48,"-11.375 143.275"
"1716657","2018-02-15T12:00:00Z",-11.375,143.325,"0.93",0,"29.46","0.63",0,2018-02-15,"02","2018",0.93,29.46,"-11.375 143.325"
"1716995","2018-02-15T12:00:00Z",-11.775,143.825,"0.16",0,"28.86","0.46",0,2018-02-15,"02","2018",0.16,28.86,"-11.775 143.825"
"1716996","2018-02-15T12:00:00Z",-11.775,143.875,"0.16",0,"28.84","0.48",0,2018-02-15,"02","2018",0.16,28.84,"-11.775 143.875"
"1728258","2018-02-22T12:00:00Z",-11.175,143.225,"1.25",0,"30.04","1.28",0,2018-02-22,"02","2018",1.25,30.04,"-11.175 143.225"
"1728423","2018-02-22T12:00:00Z",-11.375,143.275,"0.92",0,"29.87","1.1",0,2018-02-22,"02","2018",0.92,29.87,"-11.375 143.275"
"1728424","2018-02-22T12:00:00Z",-11.375,143.325,"0.93",0,"29.87","1.11",0,2018-02-22,"02","2018",0.93,29.87,"-11.375 143.325"
"1728762","2018-02-22T12:00:00Z",-11.775,143.825,"0.31",0,"29.650000000000002","1.29",0,2018-02-22,"02","2018",0.31,29.65,"-11.775 143.825"
"1728763","2018-02-22T12:00:00Z",-11.775,143.875,"0.32",0,"29.62","1.3",0,2018-02-22,"02","2018",0.32,29.62,"-11.775 143.875"
"1740025","2018-03-01T12:00:00Z",-11.175,143.225,"1.25",0,"29.47","0.79",0,2018-03-01,"03","2018",1.25,29.47,"-11.175 143.225"
"1740190","2018-03-01T12:00:00Z",-11.375,143.275,"0.92",0,"29.59","0.9",0,2018-03-01,"03","2018",0.92,29.59,"-11.375 143.275"
"1740191","2018-03-01T12:00:00Z",-11.375,143.325,"0.93",0,"29.63","0.9400000000000001",0,2018-03-01,"03","2018",0.93,29.63,"-11.375 143.325"
"1740529","2018-03-01T12:00:00Z",-11.775,143.825,"1.23",0,"29.7","1.3900000000000001",0,2018-03-01,"03","2018",1.23,29.7,"-11.775 143.825"
"1740530","2018-03-01T12:00:00Z",-11.775,143.875,"1.4000000000000001",0,"29.68","1.3900000000000001",0,2018-03-01,"03","2018",1.4,29.68,"-11.775 143.875"
"1751792","2018-03-08T12:00:00Z",-11.175,143.225,"1.25",0,"29.76","1.1500000000000001",0,2018-03-08,"03","2018",1.25,29.76,"-11.175 143.225"
"1751957","2018-03-08T12:00:00Z",-11.375,143.275,"0.92",0,"29.78","1.16",0,2018-03-08,"03","2018",0.92,29.78,"-11.375 143.275"
"1751958","2018-03-08T12:00:00Z",-11.375,143.325,"0.93",0,"29.79","1.17",0,2018-03-08,"03","2018",0.93,29.79,"-11.375 143.325"
"1752296","2018-03-08T12:00:00Z",-11.775,143.825,"1.37",0,"29.45","1.18",0,2018-03-08,"03","2018",1.37,29.45,"-11.775 143.825"
"1752297","2018-03-08T12:00:00Z",-11.775,143.875,"1.54",0,"29.36","1.11",0,2018-03-08,"03","2018",1.54,29.36,"-11.775 143.875"
"1763559","2018-03-15T12:00:00Z",-11.175,143.225,"1.25",0,"29.72","1.18",0,2018-03-15,"03","2018",1.25,29.72,"-11.175 143.225"
"1763724","2018-03-15T12:00:00Z",-11.375,143.275,"0.92",0,"29.650000000000002","1.1",0,2018-03-15,"03","2018",0.92,29.65,"-11.375 143.275"
"1763725","2018-03-15T12:00:00Z",-11.375,143.325,"0.93",0,"29.63","1.08",0,2018-03-15,"03","2018",0.93,29.63,"-11.375 143.325"
"1764063","2018-03-15T12:00:00Z",-11.775,143.825,"1.37",0,"28.62","0.39",0,2018-03-15,"03","2018",1.37,28.62,"-11.775 143.825"
"1764064","2018-03-15T12:00:00Z",-11.775,143.875,"1.54",0,"28.61","0.39",0,2018-03-15,"03","2018",1.54,28.61,"-11.775 143.875"
"1775326","2018-03-22T12:00:00Z",-11.175,143.225,"1.25",0,"29.53","1.16",0,2018-03-22,"03","2018",1.25,29.53,"-11.175 143.225"
"1775491","2018-03-22T12:00:00Z",-11.375,143.275,"0.92",0,"29.330000000000002","0.97",0,2018-03-22,"03","2018",0.92,29.33,"-11.375 143.275"
"1775492","2018-03-22T12:00:00Z",-11.375,143.325,"0.93",0,"29.330000000000002","0.97",0,2018-03-22,"03","2018",0.93,29.33,"-11.375 143.325"
"1775830","2018-03-22T12:00:00Z",-11.775,143.825,"1.37",0,"28.75","0.6900000000000001",0,2018-03-22,"03","2018",1.37,28.75,"-11.775 143.825"
"1775831","2018-03-22T12:00:00Z",-11.775,143.875,"1.54",0,"28.75","0.7000000000000001",0,2018-03-22,"03","2018",1.54,28.75,"-11.775 143.875"
"1787093","2018-03-29T12:00:00Z",-11.175,143.225,"1.1",0,"29.13","0.9400000000000001",0,2018-03-29,"03","2018",1.1,29.13,"-11.175 143.225"
"1787258","2018-03-29T12:00:00Z",-11.375,143.275,"0.78",0,"29.04","0.87",0,2018-03-29,"03","2018",0.78,29.04,"-11.375 143.275"
"1787259","2018-03-29T12:00:00Z",-11.375,143.325,"0.78",0,"29.07","0.91",0,2018-03-29,"03","2018",0.78,29.07,"-11.375 143.325"
"1787597","2018-03-29T12:00:00Z",-11.775,143.825,"1.37",0,"28.71","0.8200000000000001",0,2018-03-29,"03","2018",1.37,28.71,"-11.775 143.825"
"1787598","2018-03-29T12:00:00Z",-11.775,143.875,"1.54",0,"28.71","0.8300000000000001",0,2018-03-29,"03","2018",1.54,28.71,"-11.775 143.875"
"1798860","2018-04-05T12:00:00Z",-11.175,143.225,"0.62",0,"29.47","1.45",0,2018-04-05,"04","2018",0.62,29.47,"-11.175 143.225"
"1799025","2018-04-05T12:00:00Z",-11.375,143.275,"0.62",0,"29.29","1.32",0,2018-04-05,"04","2018",0.62,29.29,"-11.375 143.275"
"1799026","2018-04-05T12:00:00Z",-11.375,143.325,"0.62",0,"29.3","1.33",0,2018-04-05,"04","2018",0.62,29.3,"-11.375 143.325"
"1799364","2018-04-05T12:00:00Z",-11.775,143.825,"1.37",0,"28.89","1.17",0,2018-04-05,"04","2018",1.37,28.89,"-11.775 143.825"
"1799365","2018-04-05T12:00:00Z",-11.775,143.875,"1.54",0,"28.900000000000002","1.19",0,2018-04-05,"04","2018",1.54,28.9,"-11.775 143.875"
"1810627","2018-04-12T12:00:00Z",-11.175,143.225,"0.16",0,"29.150000000000002","1.31",0,2018-04-12,"04","2018",0.16,29.15,"-11.175 143.225"
"1810792","2018-04-12T12:00:00Z",-11.375,143.275,"0.16",0,"29.02","1.24",0,2018-04-12,"04","2018",0.16,29.02,"-11.375 143.275"
"1810793","2018-04-12T12:00:00Z",-11.375,143.325,"0.16",0,"29.0","1.23",0,2018-04-12,"04","2018",0.16,29,"-11.375 143.325"
"1811131","2018-04-12T12:00:00Z",-11.775,143.825,"1.37",0,"28.36","0.81",0,2018-04-12,"04","2018",1.37,28.36,"-11.775 143.825"
"1811132","2018-04-12T12:00:00Z",-11.775,143.875,"1.54",0,"28.34","0.8",0,2018-04-12,"04","2018",1.54,28.34,"-11.775 143.875"
"1822394","2018-04-19T12:00:00Z",-11.175,143.225,"0.0",0,"28.650000000000002","1.01",0,2018-04-19,"04","2018",0,28.65,"-11.175 143.225"
"1822559","2018-04-19T12:00:00Z",-11.375,143.275,"0.0",0,"28.42","0.85",0,2018-04-19,"04","2018",0,28.42,"-11.375 143.275"
"1822560","2018-04-19T12:00:00Z",-11.375,143.325,"0.0",0,"28.42","0.86",0,2018-04-19,"04","2018",0,28.42,"-11.375 143.325"
"1822898","2018-04-19T12:00:00Z",-11.775,143.825,"1.21",0,"27.990000000000002","0.64",0,2018-04-19,"04","2018",1.21,27.99,"-11.775 143.825"
"1822899","2018-04-19T12:00:00Z",-11.775,143.875,"1.3800000000000001",0,"27.96","0.62",0,2018-04-19,"04","2018",1.38,27.96,"-11.775 143.875"
"1834161","2018-04-26T12:00:00Z",-11.175,143.225,"0.0",0,"28.14","0.73",0,2018-04-26,"04","2018",0,28.14,"-11.175 143.225"
"1834326","2018-04-26T12:00:00Z",-11.375,143.275,"0.0",0,"28.080000000000002","0.75",0,2018-04-26,"04","2018",0,28.08,"-11.375 143.275"
"1834327","2018-04-26T12:00:00Z",-11.375,143.325,"0.0",0,"28.09","0.76",0,2018-04-26,"04","2018",0,28.09,"-11.375 143.325"
"1834665","2018-04-26T12:00:00Z",-11.775,143.825,"1.21",0,"27.73","0.61",0,2018-04-26,"04","2018",1.21,27.73,"-11.775 143.825"
"1834666","2018-04-26T12:00:00Z",-11.775,143.875,"1.3800000000000001",0,"27.71","0.6",0,2018-04-26,"04","2018",1.38,27.71,"-11.775 143.875"
"1845928","2018-05-03T12:00:00Z",-11.175,143.225,"0.0",0,"27.88","0.7000000000000001",0,2018-05-03,"05","2018",0,27.88,"-11.175 143.225"
"1846093","2018-05-03T12:00:00Z",-11.375,143.275,"0.0",0,"27.69","0.59",0,2018-05-03,"05","2018",0,27.69,"-11.375 143.275"
"1846094","2018-05-03T12:00:00Z",-11.375,143.325,"0.0",0,"27.7","0.6",0,2018-05-03,"05","2018",0,27.7,"-11.375 143.325"
"1846432","2018-05-03T12:00:00Z",-11.775,143.825,"1.21",0,"27.44","0.54",0,2018-05-03,"05","2018",1.21,27.44,"-11.775 143.825"
"1846433","2018-05-03T12:00:00Z",-11.775,143.875,"1.3800000000000001",0,"27.43","0.54",0,2018-05-03,"05","2018",1.38,27.43,"-11.775 143.875"
"1857695","2018-05-10T12:00:00Z",-11.175,143.225,"0.0",0,"27.37","0.43",0,2018-05-10,"05","2018",0,27.37,"-11.175 143.225"
"1857860","2018-05-10T12:00:00Z",-11.375,143.275,"0.0",0,"27.25","0.38",0,2018-05-10,"05","2018",0,27.25,"-11.375 143.275"
"1857861","2018-05-10T12:00:00Z",-11.375,143.325,"0.0",0,"27.28","0.42",0,2018-05-10,"05","2018",0,27.28,"-11.375 143.325"
"1858199","2018-05-10T12:00:00Z",-11.775,143.825,"1.21",0,"27.14","0.47000000000000003",0,2018-05-10,"05","2018",1.21,27.14,"-11.775 143.825"
"1858200","2018-05-10T12:00:00Z",-11.775,143.875,"1.3800000000000001",0,"27.12","0.46",0,2018-05-10,"05","2018",1.38,27.12,"-11.775 143.875"
"1869462","2018-05-17T12:00:00Z",-11.175,143.225,"0.0",0,"26.91","0.21",0,2018-05-17,"05","2018",0,26.91,"-11.175 143.225"
"1869627","2018-05-17T12:00:00Z",-11.375,143.275,"0.0",0,"26.82","0.2",0,2018-05-17,"05","2018",0,26.82,"-11.375 143.275"
"1869628","2018-05-17T12:00:00Z",-11.375,143.325,"0.0",0,"26.87","0.25",0,2018-05-17,"05","2018",0,26.87,"-11.375 143.325"
"1869966","2018-05-17T12:00:00Z",-11.775,143.825,"1.06",0,"26.64","0.2",0,2018-05-17,"05","2018",1.06,26.64,"-11.775 143.825"
"1869967","2018-05-17T12:00:00Z",-11.775,143.875,"1.22",0,"26.66","0.22",0,2018-05-17,"05","2018",1.22,26.66,"-11.775 143.875"
"1881229","2018-05-24T12:00:00Z",-11.175,143.225,"0.0",0,"26.43","0.0",0,2018-05-24,"05","2018",0,26.43,"-11.175 143.225"
"1881394","2018-05-24T12:00:00Z",-11.375,143.275,"0.0",0,"26.32","-0.03",0,2018-05-24,"05","2018",0,26.32,"-11.375 143.275"
"1881395","2018-05-24T12:00:00Z",-11.375,143.325,"0.0",0,"26.32","-0.04",0,2018-05-24,"05","2018",0,26.32,"-11.375 143.325"
"1881733","2018-05-24T12:00:00Z",-11.775,143.825,"0.14",0,"26.02","-0.19",0,2018-05-24,"05","2018",0.14,26.02,"-11.775 143.825"
"1881734","2018-05-24T12:00:00Z",-11.775,143.875,"0.14",0,"26.05","-0.16",0,2018-05-24,"05","2018",0.14,26.05,"-11.775 143.875"
"1892996","2018-05-31T12:00:00Z",-11.175,143.225,"0.0",0,"26.18","0.02",0,2018-05-31,"05","2018",0,26.18,"-11.175 143.225"
"1893161","2018-05-31T12:00:00Z",-11.375,143.275,"0.0",0,"26.0","-0.09",0,2018-05-31,"05","2018",0,26,"-11.375 143.275"
"1893162","2018-05-31T12:00:00Z",-11.375,143.325,"0.0",0,"26.04","-0.06",0,2018-05-31,"05","2018",0,26.04,"-11.375 143.325"
"1893500","2018-05-31T12:00:00Z",-11.775,143.825,"0.0",0,"26.04","0.06",0,2018-05-31,"05","2018",0,26.04,"-11.775 143.825"
"1893501","2018-05-31T12:00:00Z",-11.775,143.875,"0.0",0,"26.05","0.07",0,2018-05-31,"05","2018",0,26.05,"-11.775 143.875"
"1904763","2018-06-07T12:00:00Z",-11.175,143.225,"0.0",0,"25.400000000000002","-0.49",0,2018-06-07,"06","2018",0,25.4,"-11.175 143.225"
"1904928","2018-06-07T12:00:00Z",-11.375,143.275,"0.0",0,"25.19","-0.63",0,2018-06-07,"06","2018",0,25.19,"-11.375 143.275"
"1904929","2018-06-07T12:00:00Z",-11.375,143.325,"0.0",0,"25.22","-0.61",0,2018-06-07,"06","2018",0,25.22,"-11.375 143.325"
"1905267","2018-06-07T12:00:00Z",-11.775,143.825,"0.0",0,"25.57","-0.18",0,2018-06-07,"06","2018",0,25.57,"-11.775 143.825"
"1905268","2018-06-07T12:00:00Z",-11.775,143.875,"0.0",0,"25.580000000000002","-0.18",0,2018-06-07,"06","2018",0,25.58,"-11.775 143.875"
"1916530","2018-06-14T12:00:00Z",-11.175,143.225,"0.0",0,"25.71","0.09",0,2018-06-14,"06","2018",0,25.71,"-11.175 143.225"
"1916695","2018-06-14T12:00:00Z",-11.375,143.275,"0.0",0,"25.61","0.06",0,2018-06-14,"06","2018",0,25.61,"-11.375 143.275"
"1916696","2018-06-14T12:00:00Z",-11.375,143.325,"0.0",0,"25.650000000000002","0.08",0,2018-06-14,"06","2018",0,25.65,"-11.375 143.325"
"1917034","2018-06-14T12:00:00Z",-11.775,143.825,"0.0",0,"25.73","0.21",0,2018-06-14,"06","2018",0,25.73,"-11.775 143.825"
"1917035","2018-06-14T12:00:00Z",-11.775,143.875,"0.0",0,"25.72","0.19",0,2018-06-14,"06","2018",0,25.72,"-11.775 143.875"
"1928297","2018-06-21T12:00:00Z",-11.175,143.225,"0.0",0,"25.22","-0.18",0,2018-06-21,"06","2018",0,25.22,"-11.175 143.225"
"1928462","2018-06-21T12:00:00Z",-11.375,143.275,"0.0",0,"25.12","-0.21",0,2018-06-21,"06","2018",0,25.12,"-11.375 143.275"
"1928463","2018-06-21T12:00:00Z",-11.375,143.325,"0.0",0,"25.16","-0.19",0,2018-06-21,"06","2018",0,25.16,"-11.375 143.325"
"1928801","2018-06-21T12:00:00Z",-11.775,143.825,"0.0",0,"25.22","-0.13",0,2018-06-21,"06","2018",0,25.22,"-11.775 143.825"
"1928802","2018-06-21T12:00:00Z",-11.775,143.875,"0.0",0,"25.23","-0.13",0,2018-06-21,"06","2018",0,25.23,"-11.775 143.875"
"1940064","2018-06-28T12:00:00Z",-11.175,143.225,"0.0",0,"24.94","-0.25",0,2018-06-28,"06","2018",0,24.94,"-11.175 143.225"
"1940229","2018-06-28T12:00:00Z",-11.375,143.275,"0.0",0,"24.91","-0.21",0,2018-06-28,"06","2018",0,24.91,"-11.375 143.275"
"1940230","2018-06-28T12:00:00Z",-11.375,143.325,"0.0",0,"24.91","-0.23",0,2018-06-28,"06","2018",0,24.91,"-11.375 143.325"
"1940568","2018-06-28T12:00:00Z",-11.775,143.825,"0.0",0,"25.060000000000002","-0.12",0,2018-06-28,"06","2018",0,25.06,"-11.775 143.825"
"1940569","2018-06-28T12:00:00Z",-11.775,143.875,"0.0",0,"25.12","-0.08",0,2018-06-28,"06","2018",0,25.12,"-11.775 143.875"
"1951831","2018-07-05T12:00:00Z",-11.175,143.225,"0.0",0,"25.0","0.03",0,2018-07-05,"07","2018",0,25,"-11.175 143.225"
"1951996","2018-07-05T12:00:00Z",-11.375,143.275,"0.0",0,"25.0","0.08",0,2018-07-05,"07","2018",0,25,"-11.375 143.275"
"1951997","2018-07-05T12:00:00Z",-11.375,143.325,"0.0",0,"25.0","0.06",0,2018-07-05,"07","2018",0,25,"-11.375 143.325"
"1952335","2018-07-05T12:00:00Z",-11.775,143.825,"0.0",0,"25.07","0.05",0,2018-07-05,"07","2018",0,25.07,"-11.775 143.825"
"1952336","2018-07-05T12:00:00Z",-11.775,143.875,"0.0",0,"25.060000000000002","0.03",0,2018-07-05,"07","2018",0,25.06,"-11.775 143.875"
"1963598","2018-07-12T12:00:00Z",-11.175,143.225,"0.0",0,"24.85","0.09",0,2018-07-12,"07","2018",0,24.85,"-11.175 143.225"
"1963763","2018-07-12T12:00:00Z",-11.375,143.275,"0.0",0,"24.740000000000002","0.03",0,2018-07-12,"07","2018",0,24.74,"-11.375 143.275"
"1963764","2018-07-12T12:00:00Z",-11.375,143.325,"0.0",0,"24.79","0.06",0,2018-07-12,"07","2018",0,24.79,"-11.375 143.325"
"1964102","2018-07-12T12:00:00Z",-11.775,143.825,"0.0",0,"24.89","0.04",0,2018-07-12,"07","2018",0,24.89,"-11.775 143.825"
"1964103","2018-07-12T12:00:00Z",-11.775,143.875,"0.0",0,"24.89","0.02",0,2018-07-12,"07","2018",0,24.89,"-11.775 143.875"
"1975365","2018-07-19T12:00:00Z",-11.175,143.225,"0.0",0,"25.1","0.45",0,2018-07-19,"07","2018",0,25.1,"-11.175 143.225"
"1975530","2018-07-19T12:00:00Z",-11.375,143.275,"0.0",0,"25.09","0.49",0,2018-07-19,"07","2018",0,25.09,"-11.375 143.275"
"1975531","2018-07-19T12:00:00Z",-11.375,143.325,"0.0",0,"25.1","0.48",0,2018-07-19,"07","2018",0,25.1,"-11.375 143.325"
"1975869","2018-07-19T12:00:00Z",-11.775,143.825,"0.0",0,"25.02","0.27",0,2018-07-19,"07","2018",0,25.02,"-11.775 143.825"
"1975870","2018-07-19T12:00:00Z",-11.775,143.875,"0.0",0,"25.03","0.26",0,2018-07-19,"07","2018",0,25.03,"-11.775 143.875"
"1987132","2018-07-26T12:00:00Z",-11.175,143.225,"0.0",0,"25.330000000000002","0.72",0,2018-07-26,"07","2018",0,25.33,"-11.175 143.225"
"1987297","2018-07-26T12:00:00Z",-11.375,143.275,"0.0",0,"25.240000000000002","0.68",0,2018-07-26,"07","2018",0,25.24,"-11.375 143.275"
"1987298","2018-07-26T12:00:00Z",-11.375,143.325,"0.0",0,"25.25","0.68",0,2018-07-26,"07","2018",0,25.25,"-11.375 143.325"
"1987636","2018-07-26T12:00:00Z",-11.775,143.825,"0.0",0,"25.060000000000002","0.37",0,2018-07-26,"07","2018",0,25.06,"-11.775 143.825"
"1987637","2018-07-26T12:00:00Z",-11.775,143.875,"0.0",0,"25.060000000000002","0.35000000000000003",0,2018-07-26,"07","2018",0,25.06,"-11.775 143.875"
"1998899","2018-08-02T12:00:00Z",-11.175,143.225,"0.0",0,"24.61","0.04",0,2018-08-02,"08","2018",0,24.61,"-11.175 143.225"
"1999064","2018-08-02T12:00:00Z",-11.375,143.275,"0.0",0,"24.54","0.02",0,2018-08-02,"08","2018",0,24.54,"-11.375 143.275"
"1999065","2018-08-02T12:00:00Z",-11.375,143.325,"0.0",0,"24.560000000000002","0.03",0,2018-08-02,"08","2018",0,24.56,"-11.375 143.325"
"1999403","2018-08-02T12:00:00Z",-11.775,143.825,"0.0",0,"24.71","0.08",0,2018-08-02,"08","2018",0,24.71,"-11.775 143.825"
"1999404","2018-08-02T12:00:00Z",-11.775,143.875,"0.0",0,"24.73","0.08",0,2018-08-02,"08","2018",0,24.73,"-11.775 143.875"
"2010666","2018-08-09T12:00:00Z",-11.175,143.225,"0.0",0,"25.34","0.81",0,2018-08-09,"08","2018",0,25.34,"-11.175 143.225"
"2010831","2018-08-09T12:00:00Z",-11.375,143.275,"0.0",0,"25.35","0.88",0,2018-08-09,"08","2018",0,25.35,"-11.375 143.275"
"2010832","2018-08-09T12:00:00Z",-11.375,143.325,"0.0",0,"25.34","0.85",0,2018-08-09,"08","2018",0,25.34,"-11.375 143.325"
"2011170","2018-08-09T12:00:00Z",-11.775,143.825,"0.0",0,"25.29","0.72",0,2018-08-09,"08","2018",0,25.29,"-11.775 143.825"
"2011171","2018-08-09T12:00:00Z",-11.775,143.875,"0.0",0,"25.28","0.6900000000000001",0,2018-08-09,"08","2018",0,25.28,"-11.775 143.875"
"2022433","2018-08-16T12:00:00Z",-11.175,143.225,"0.0",0,"25.04","0.52",0,2018-08-16,"08","2018",0,25.04,"-11.175 143.225"
"2022598","2018-08-16T12:00:00Z",-11.375,143.275,"0.0",0,"24.95","0.49",0,2018-08-16,"08","2018",0,24.95,"-11.375 143.275"
"2022599","2018-08-16T12:00:00Z",-11.375,143.325,"0.0",0,"24.97","0.5",0,2018-08-16,"08","2018",0,24.97,"-11.375 143.325"
"2022937","2018-08-16T12:00:00Z",-11.775,143.825,"0.0",0,"24.94","0.41000000000000003",0,2018-08-16,"08","2018",0,24.94,"-11.775 143.825"
"2022938","2018-08-16T12:00:00Z",-11.775,143.875,"0.0",0,"24.97","0.42",0,2018-08-16,"08","2018",0,24.97,"-11.775 143.875"
"2034200","2018-08-23T12:00:00Z",-11.175,143.225,"0.0",0,"25.14","0.47000000000000003",0,2018-08-23,"08","2018",0,25.14,"-11.175 143.225"
"2034365","2018-08-23T12:00:00Z",-11.375,143.275,"0.0",0,"25.080000000000002","0.47000000000000003",0,2018-08-23,"08","2018",0,25.08,"-11.375 143.275"
"2034366","2018-08-23T12:00:00Z",-11.375,143.325,"0.0",0,"25.09","0.48",0,2018-08-23,"08","2018",0,25.09,"-11.375 143.325"
"2034704","2018-08-23T12:00:00Z",-11.775,143.825,"0.0",0,"25.01","0.39",0,2018-08-23,"08","2018",0,25.01,"-11.775 143.825"
"2034705","2018-08-23T12:00:00Z",-11.775,143.875,"0.0",0,"25.02","0.39",0,2018-08-23,"08","2018",0,25.02,"-11.775 143.875"
"2045967","2018-08-30T12:00:00Z",-11.175,143.225,"0.0",0,"25.07","0.26",0,2018-08-30,"08","2018",0,25.07,"-11.175 143.225"
"2046132","2018-08-30T12:00:00Z",-11.375,143.275,"0.0",0,"25.0","0.25",0,2018-08-30,"08","2018",0,25,"-11.375 143.275"
"2046133","2018-08-30T12:00:00Z",-11.375,143.325,"0.0",0,"25.0","0.25",0,2018-08-30,"08","2018",0,25,"-11.375 143.325"
"2046471","2018-08-30T12:00:00Z",-11.775,143.825,"0.0",0,"24.84","0.14",0,2018-08-30,"08","2018",0,24.84,"-11.775 143.825"
"2046472","2018-08-30T12:00:00Z",-11.775,143.875,"0.0",0,"24.84","0.13",0,2018-08-30,"08","2018",0,24.84,"-11.775 143.875"
"2057734","2018-09-06T12:00:00Z",-11.175,143.225,"0.0",0,"25.490000000000002","0.53",0,2018-09-06,"09","2018",0,25.49,"-11.175 143.225"
"2057899","2018-09-06T12:00:00Z",-11.375,143.275,"0.0",0,"25.46","0.5700000000000001",0,2018-09-06,"09","2018",0,25.46,"-11.375 143.275"
"2057900","2018-09-06T12:00:00Z",-11.375,143.325,"0.0",0,"25.44","0.54",0,2018-09-06,"09","2018",0,25.44,"-11.375 143.325"
"2058238","2018-09-06T12:00:00Z",-11.775,143.825,"0.0",0,"24.96","0.17",0,2018-09-06,"09","2018",0,24.96,"-11.775 143.825"
"2058239","2018-09-06T12:00:00Z",-11.775,143.875,"0.0",0,"24.95","0.15",0,2018-09-06,"09","2018",0,24.95,"-11.775 143.875"
"2069501","2018-09-13T12:00:00Z",-11.175,143.225,"0.0",0,"25.19","0.08",0,2018-09-13,"09","2018",0,25.19,"-11.175 143.225"
"2069666","2018-09-13T12:00:00Z",-11.375,143.275,"0.0",0,"25.21","0.17",0,2018-09-13,"09","2018",0,25.21,"-11.375 143.275"
"2069667","2018-09-13T12:00:00Z",-11.375,143.325,"0.0",0,"25.18","0.14",0,2018-09-13,"09","2018",0,25.18,"-11.375 143.325"
"2070005","2018-09-13T12:00:00Z",-11.775,143.825,"0.0",0,"24.93","0.05",0,2018-09-13,"09","2018",0,24.93,"-11.775 143.825"
"2070006","2018-09-13T12:00:00Z",-11.775,143.875,"0.0",0,"24.93","0.05",0,2018-09-13,"09","2018",0,24.93,"-11.775 143.875"
"2081268","2018-09-20T12:00:00Z",-11.175,143.225,"0.0",0,"25.46","0.12",0,2018-09-20,"09","2018",0,25.46,"-11.175 143.225"
"2081433","2018-09-20T12:00:00Z",-11.375,143.275,"0.0",0,"25.37","0.1",0,2018-09-20,"09","2018",0,25.37,"-11.375 143.275"
"2081434","2018-09-20T12:00:00Z",-11.375,143.325,"0.0",0,"25.37","0.1",0,2018-09-20,"09","2018",0,25.37,"-11.375 143.325"
"2081772","2018-09-20T12:00:00Z",-11.775,143.825,"0.0",0,"25.5","0.43",0,2018-09-20,"09","2018",0,25.5,"-11.775 143.825"
"2081773","2018-09-20T12:00:00Z",-11.775,143.875,"0.0",0,"25.51","0.45",0,2018-09-20,"09","2018",0,25.51,"-11.775 143.875"
"2093035","2018-09-27T12:00:00Z",-11.175,143.225,"0.0",0,"25.400000000000002","-0.2",0,2018-09-27,"09","2018",0,25.4,"-11.175 143.225"
"2093200","2018-09-27T12:00:00Z",-11.375,143.275,"0.0",0,"25.35","-0.19",0,2018-09-27,"09","2018",0,25.35,"-11.375 143.275"
"2093201","2018-09-27T12:00:00Z",-11.375,143.325,"0.0",0,"25.36","-0.17",0,2018-09-27,"09","2018",0,25.36,"-11.375 143.325"
"2093539","2018-09-27T12:00:00Z",-11.775,143.825,"0.0",0,"25.21","-0.09",0,2018-09-27,"09","2018",0,25.21,"-11.775 143.825"
"2093540","2018-09-27T12:00:00Z",-11.775,143.875,"0.0",0,"25.22","-0.07",0,2018-09-27,"09","2018",0,25.22,"-11.775 143.875"
"2104802","2018-10-04T12:00:00Z",-11.175,143.225,"0.0",0,"25.0","-0.86",0,2018-10-04,"10","2018",0,25,"-11.175 143.225"
"2104967","2018-10-04T12:00:00Z",-11.375,143.275,"0.0",0,"24.97","-0.84",0,2018-10-04,"10","2018",0,24.97,"-11.375 143.275"
"2104968","2018-10-04T12:00:00Z",-11.375,143.325,"0.0",0,"24.98","-0.8200000000000001",0,2018-10-04,"10","2018",0,24.98,"-11.375 143.325"
"2105306","2018-10-04T12:00:00Z",-11.775,143.825,"0.0",0,"24.97","-0.56",0,2018-10-04,"10","2018",0,24.97,"-11.775 143.825"
"2105307","2018-10-04T12:00:00Z",-11.775,143.875,"0.0",0,"24.97","-0.54",0,2018-10-04,"10","2018",0,24.97,"-11.775 143.875"
"2116569","2018-10-11T12:00:00Z",-11.175,143.225,"0.0",0,"25.85","-0.27",0,2018-10-11,"10","2018",0,25.85,"-11.175 143.225"
"2116734","2018-10-11T12:00:00Z",-11.375,143.275,"0.0",0,"25.82","-0.26",0,2018-10-11,"10","2018",0,25.82,"-11.375 143.275"
"2116735","2018-10-11T12:00:00Z",-11.375,143.325,"0.0",0,"25.810000000000002","-0.25",0,2018-10-11,"10","2018",0,25.81,"-11.375 143.325"
"2117073","2018-10-11T12:00:00Z",-11.775,143.825,"0.0",0,"25.48","-0.29",0,2018-10-11,"10","2018",0,25.48,"-11.775 143.825"
"2117074","2018-10-11T12:00:00Z",-11.775,143.875,"0.0",0,"25.44","-0.3",0,2018-10-11,"10","2018",0,25.44,"-11.775 143.875"
"2128336","2018-10-18T12:00:00Z",-11.175,143.225,"0.0",0,"26.310000000000002","-0.1",0,2018-10-18,"10","2018",0,26.31,"-11.175 143.225"
"2128501","2018-10-18T12:00:00Z",-11.375,143.275,"0.0",0,"26.25","-0.12",0,2018-10-18,"10","2018",0,26.25,"-11.375 143.275"
"2128502","2018-10-18T12:00:00Z",-11.375,143.325,"0.0",0,"26.25","-0.1",0,2018-10-18,"10","2018",0,26.25,"-11.375 143.325"
"2128840","2018-10-18T12:00:00Z",-11.775,143.825,"0.0",0,"26.41","0.39",0,2018-10-18,"10","2018",0,26.41,"-11.775 143.825"
"2128841","2018-10-18T12:00:00Z",-11.775,143.875,"0.0",0,"26.45","0.46",0,2018-10-18,"10","2018",0,26.45,"-11.775 143.875"
"2140103","2018-10-25T12:00:00Z",-11.175,143.225,"0.0",0,"27.150000000000002","0.41000000000000003",0,2018-10-25,"10","2018",0,27.15,"-11.175 143.225"
"2140268","2018-10-25T12:00:00Z",-11.375,143.275,"0.0",0,"27.080000000000002","0.38",0,2018-10-25,"10","2018",0,27.08,"-11.375 143.275"
"2140269","2018-10-25T12:00:00Z",-11.375,143.325,"0.0",0,"27.04","0.36",0,2018-10-25,"10","2018",0,27.04,"-11.375 143.325"
"2140607","2018-10-25T12:00:00Z",-11.775,143.825,"0.0",0,"26.52","0.22",0,2018-10-25,"10","2018",0,26.52,"-11.775 143.825"
"2140608","2018-10-25T12:00:00Z",-11.775,143.875,"0.0",0,"26.54","0.27",0,2018-10-25,"10","2018",0,26.54,"-11.775 143.875"
"2151870","2018-11-01T12:00:00Z",-11.175,143.225,"0.0",0,"27.44","0.37",0,2018-11-01,"11","2018",0,27.44,"-11.175 143.225"
"2152035","2018-11-01T12:00:00Z",-11.375,143.275,"0.0",0,"27.42","0.39",0,2018-11-01,"11","2018",0,27.42,"-11.375 143.275"
"2152036","2018-11-01T12:00:00Z",-11.375,143.325,"0.0",0,"27.400000000000002","0.39",0,2018-11-01,"11","2018",0,27.4,"-11.375 143.325"
"2152374","2018-11-01T12:00:00Z",-11.775,143.825,"0.0",0,"27.14","0.56",0,2018-11-01,"11","2018",0,27.14,"-11.775 143.825"
"2152375","2018-11-01T12:00:00Z",-11.775,143.875,"0.0",0,"27.150000000000002","0.61",0,2018-11-01,"11","2018",0,27.15,"-11.775 143.875"
"2163637","2018-11-08T12:00:00Z",-11.175,143.225,"0.0",0,"28.07","0.67",0,2018-11-08,"11","2018",0,28.07,"-11.175 143.225"
"2163802","2018-11-08T12:00:00Z",-11.375,143.275,"0.0",0,"27.88","0.52",0,2018-11-08,"11","2018",0,27.88,"-11.375 143.275"
"2163803","2018-11-08T12:00:00Z",-11.375,143.325,"0.0",0,"27.92","0.58",0,2018-11-08,"11","2018",0,27.92,"-11.375 143.325"
"2164141","2018-11-08T12:00:00Z",-11.775,143.825,"0.0",0,"27.44","0.58",0,2018-11-08,"11","2018",0,27.44,"-11.775 143.825"
"2164142","2018-11-08T12:00:00Z",-11.775,143.875,"0.0",0,"27.44","0.62",0,2018-11-08,"11","2018",0,27.44,"-11.775 143.875"
"2175404","2018-11-15T12:00:00Z",-11.175,143.225,"0.0",0,"28.03","0.3",0,2018-11-15,"11","2018",0,28.03,"-11.175 143.225"
"2175569","2018-11-15T12:00:00Z",-11.375,143.275,"0.0",0,"28.05","0.36",0,2018-11-15,"11","2018",0,28.05,"-11.375 143.275"
"2175570","2018-11-15T12:00:00Z",-11.375,143.325,"0.0",0,"28.04","0.37",0,2018-11-15,"11","2018",0,28.04,"-11.375 143.325"
"2175908","2018-11-15T12:00:00Z",-11.775,143.825,"0.0",0,"27.46","0.32",0,2018-11-15,"11","2018",0,27.46,"-11.775 143.825"
"2175909","2018-11-15T12:00:00Z",-11.775,143.875,"0.0",0,"27.43","0.33",0,2018-11-15,"11","2018",0,27.43,"-11.775 143.875"
"2187171","2018-11-22T12:00:00Z",-11.175,143.225,"0.0",0,"28.25","0.26",0,2018-11-22,"11","2018",0,28.25,"-11.175 143.225"
"2187336","2018-11-22T12:00:00Z",-11.375,143.275,"0.0",0,"28.310000000000002","0.36",0,2018-11-22,"11","2018",0,28.31,"-11.375 143.275"
"2187337","2018-11-22T12:00:00Z",-11.375,143.325,"0.0",0,"28.3","0.37",0,2018-11-22,"11","2018",0,28.3,"-11.375 143.325"
"2187675","2018-11-22T12:00:00Z",-11.775,143.825,"0.0",0,"27.62","0.2",0,2018-11-22,"11","2018",0,27.62,"-11.775 143.825"
"2187676","2018-11-22T12:00:00Z",-11.775,143.875,"0.0",0,"27.59","0.21",0,2018-11-22,"11","2018",0,27.59,"-11.775 143.875"
"2198938","2018-11-29T12:00:00Z",-11.175,143.225,"0.0",0,"29.37","1.12",0,2018-11-29,"11","2018",0,29.37,"-11.175 143.225"
"2199103","2018-11-29T12:00:00Z",-11.375,143.275,"0.0",0,"29.45","1.25",0,2018-11-29,"11","2018",0,29.45,"-11.375 143.275"
"2199104","2018-11-29T12:00:00Z",-11.375,143.325,"0.0",0,"29.41","1.23",0,2018-11-29,"11","2018",0,29.41,"-11.375 143.325"
"2199442","2018-11-29T12:00:00Z",-11.775,143.825,"0.0",0,"29.150000000000002","1.45",0,2018-11-29,"11","2018",0,29.15,"-11.775 143.825"
"2199443","2018-11-29T12:00:00Z",-11.775,143.875,"0.0",0,"29.05","1.4000000000000001",0,2018-11-29,"11","2018",0,29.05,"-11.775 143.875"
"2210705","2018-12-06T12:00:00Z",-11.175,143.225,"0.0",0,"29.8","1.29",0,2018-12-06,"12","2018",0,29.8,"-11.175 143.225"
"2210870","2018-12-06T12:00:00Z",-11.375,143.275,"0.0",0,"29.73","1.27",0,2018-12-06,"12","2018",0,29.73,"-11.375 143.275"
"2210871","2018-12-06T12:00:00Z",-11.375,143.325,"0.0",0,"29.73","1.29",0,2018-12-06,"12","2018",0,29.73,"-11.375 143.325"
"2211209","2018-12-06T12:00:00Z",-11.775,143.825,"0.0",0,"29.14","1.17",0,2018-12-06,"12","2018",0,29.14,"-11.775 143.825"
"2211210","2018-12-06T12:00:00Z",-11.775,143.875,"0.0",0,"29.09","1.16",0,2018-12-06,"12","2018",0,29.09,"-11.775 143.875"
"2222472","2018-12-13T12:00:00Z",-11.175,143.225,"0.0",0,"29.96","1.18",0,2018-12-13,"12","2018",0,29.96,"-11.175 143.225"
"2222637","2018-12-13T12:00:00Z",-11.375,143.275,"0.0",0,"30.0","1.28",0,2018-12-13,"12","2018",0,30,"-11.375 143.275"
"2222638","2018-12-13T12:00:00Z",-11.375,143.325,"0.0",0,"30.04","1.34",0,2018-12-13,"12","2018",0,30.04,"-11.375 143.325"
"2222976","2018-12-13T12:00:00Z",-11.775,143.825,"0.0",0,"29.2","0.9500000000000001",0,2018-12-13,"12","2018",0,29.2,"-11.775 143.825"
"2222977","2018-12-13T12:00:00Z",-11.775,143.875,"0.0",0,"29.16","0.96",0,2018-12-13,"12","2018",0,29.16,"-11.775 143.875"
"2234239","2018-12-20T12:00:00Z",-11.175,143.225,"0.9400000000000001",0,"30.53","1.6300000000000001",0,2018-12-20,"12","2018",0.94,30.53,"-11.175 143.225"
"2234404","2018-12-20T12:00:00Z",-11.375,143.275,"0.72",0,"30.46","1.62",0,2018-12-20,"12","2018",0.72,30.46,"-11.375 143.275"
"2234405","2018-12-20T12:00:00Z",-11.375,143.325,"0.72",0,"30.45","1.6300000000000001",0,2018-12-20,"12","2018",0.72,30.45,"-11.375 143.325"
"2234743","2018-12-20T12:00:00Z",-11.775,143.825,"0.54",0,"29.75","1.3800000000000001",0,2018-12-20,"12","2018",0.54,29.75,"-11.775 143.825"
"2234744","2018-12-20T12:00:00Z",-11.775,143.875,"0.51",0,"29.64","1.32",0,2018-12-20,"12","2018",0.51,29.64,"-11.775 143.875"
"2246006","2018-12-27T12:00:00Z",-11.175,143.225,"2.19",0,"30.37","1.41",0,2018-12-27,"12","2018",2.19,30.37,"-11.175 143.225"
"2246171","2018-12-27T12:00:00Z",-11.375,143.275,"2.0100000000000002",0,"30.41","1.49",0,2018-12-27,"12","2018",2.01,30.41,"-11.375 143.275"
"2246172","2018-12-27T12:00:00Z",-11.375,143.325,"2.0100000000000002",0,"30.42","1.52",0,2018-12-27,"12","2018",2.01,30.42,"-11.375 143.325"
"2246510","2018-12-27T12:00:00Z",-11.775,143.825,"1.49",0,"29.68","1.26",0,2018-12-27,"12","2018",1.49,29.68,"-11.775 143.825"
"2246511","2018-12-27T12:00:00Z",-11.775,143.875,"1.49",0,"29.650000000000002","1.28",0,2018-12-27,"12","2018",1.49,29.65,"-11.775 143.875"
"2257773","2019-01-03T12:00:00Z",-11.175,143.225,"3.02",0,"29.740000000000002","0.72",0,2019-01-03,"01","2019",3.02,29.74,"-11.175 143.225"
"2257938","2019-01-03T12:00:00Z",-11.375,143.275,"2.69",0,"29.72","0.73",0,2019-01-03,"01","2019",2.69,29.72,"-11.375 143.275"
"2257939","2019-01-03T12:00:00Z",-11.375,143.325,"2.69",0,"29.71","0.73",0,2019-01-03,"01","2019",2.69,29.71,"-11.375 143.325"
"2258277","2019-01-03T12:00:00Z",-11.775,143.825,"1.95",0,"28.98","0.52",0,2019-01-03,"01","2019",1.95,28.98,"-11.775 143.825"
"2258278","2019-01-03T12:00:00Z",-11.775,143.875,"1.95",0,"28.94","0.53",0,2019-01-03,"01","2019",1.95,28.94,"-11.775 143.875"
"2269540","2019-01-10T12:00:00Z",-11.175,143.225,"3.02",0,"29.54","0.46",0,2019-01-10,"01","2019",3.02,29.54,"-11.175 143.225"
"2269705","2019-01-10T12:00:00Z",-11.375,143.275,"2.69",0,"29.560000000000002","0.49",0,2019-01-10,"01","2019",2.69,29.56,"-11.375 143.275"
"2269706","2019-01-10T12:00:00Z",-11.375,143.325,"2.69",0,"29.57","0.51",0,2019-01-10,"01","2019",2.69,29.57,"-11.375 143.325"
"2270044","2019-01-10T12:00:00Z",-11.775,143.825,"1.95",0,"29.03","0.52",0,2019-01-10,"01","2019",1.95,29.03,"-11.775 143.825"
"2270045","2019-01-10T12:00:00Z",-11.775,143.875,"1.95",0,"28.93","0.47000000000000003",0,2019-01-10,"01","2019",1.95,28.93,"-11.775 143.875"
"2281307","2019-01-17T12:00:00Z",-11.175,143.225,"3.02",0,"30.0","0.89",0,2019-01-17,"01","2019",3.02,30,"-11.175 143.225"
"2281472","2019-01-17T12:00:00Z",-11.375,143.275,"2.69",0,"30.060000000000002","0.96",0,2019-01-17,"01","2019",2.69,30.06,"-11.375 143.275"
"2281473","2019-01-17T12:00:00Z",-11.375,143.325,"2.69",0,"30.060000000000002","0.97",0,2019-01-17,"01","2019",2.69,30.06,"-11.375 143.325"
"2281811","2019-01-17T12:00:00Z",-11.775,143.825,"1.95",0,"29.34","0.8",0,2019-01-17,"01","2019",1.95,29.34,"-11.775 143.825"
"2281812","2019-01-17T12:00:00Z",-11.775,143.875,"1.95",0,"29.3","0.81",0,2019-01-17,"01","2019",1.95,29.3,"-11.775 143.875"
"2293074","2019-01-24T12:00:00Z",-11.175,143.225,"3.17",0,"29.990000000000002","0.9500000000000001",0,2019-01-24,"01","2019",3.17,29.99,"-11.175 143.225"
"2293239","2019-01-24T12:00:00Z",-11.375,143.275,"3.12",0,"30.01","0.97",0,2019-01-24,"01","2019",3.12,30.01,"-11.375 143.275"
"2293240","2019-01-24T12:00:00Z",-11.375,143.325,"2.84",0,"29.98","0.9500000000000001",0,2019-01-24,"01","2019",2.84,29.98,"-11.375 143.325"
"2293578","2019-01-24T12:00:00Z",-11.775,143.825,"1.95",0,"29.07","0.56",0,2019-01-24,"01","2019",1.95,29.07,"-11.775 143.825"
"2293579","2019-01-24T12:00:00Z",-11.775,143.875,"1.95",0,"29.0","0.54",0,2019-01-24,"01","2019",1.95,29,"-11.775 143.875"
"2304841","2019-01-31T12:00:00Z",-11.175,143.225,"3.17",0,"29.810000000000002","0.8300000000000001",0,2019-01-31,"01","2019",3.17,29.81,"-11.175 143.225"
"2305006","2019-01-31T12:00:00Z",-11.375,143.275,"3.12",0,"29.84","0.86",0,2019-01-31,"01","2019",3.12,29.84,"-11.375 143.275"
"2305007","2019-01-31T12:00:00Z",-11.375,143.325,"2.84",0,"29.830000000000002","0.86",0,2019-01-31,"01","2019",2.84,29.83,"-11.375 143.325"
"2305345","2019-01-31T12:00:00Z",-11.775,143.825,"1.95",0,"29.22","0.75",0,2019-01-31,"01","2019",1.95,29.22,"-11.775 143.825"
"2305346","2019-01-31T12:00:00Z",-11.775,143.875,"1.95",0,"29.12","0.6900000000000001",0,2019-01-31,"01","2019",1.95,29.12,"-11.775 143.875"
"2316608","2019-02-07T12:00:00Z",-11.175,143.225,"3.17",0,"28.82","-0.09",0,2019-02-07,"02","2019",3.17,28.82,"-11.175 143.225"
"2316773","2019-02-07T12:00:00Z",-11.375,143.275,"3.12",0,"28.8","-0.11",0,2019-02-07,"02","2019",3.12,28.8,"-11.375 143.275"
"2316774","2019-02-07T12:00:00Z",-11.375,143.325,"2.84",0,"28.810000000000002","-0.09",0,2019-02-07,"02","2019",2.84,28.81,"-11.375 143.325"
"2317112","2019-02-07T12:00:00Z",-11.775,143.825,"1.95",0,"28.32","-0.12",0,2019-02-07,"02","2019",1.95,28.32,"-11.775 143.825"
"2317113","2019-02-07T12:00:00Z",-11.775,143.875,"1.95",0,"28.28","-0.12",0,2019-02-07,"02","2019",1.95,28.28,"-11.775 143.875"
"2328375","2019-02-14T12:00:00Z",-11.175,143.225,"3.17",0,"28.900000000000002","0.06",0,2019-02-14,"02","2019",3.17,28.9,"-11.175 143.225"
"2328540","2019-02-14T12:00:00Z",-11.375,143.275,"3.12",0,"28.900000000000002","0.05",0,2019-02-14,"02","2019",3.12,28.9,"-11.375 143.275"
"2328541","2019-02-14T12:00:00Z",-11.375,143.325,"2.84",0,"28.91","0.07",0,2019-02-14,"02","2019",2.84,28.91,"-11.375 143.325"
"2328879","2019-02-14T12:00:00Z",-11.775,143.825,"1.95",0,"28.310000000000002","-0.09",0,2019-02-14,"02","2019",1.95,28.31,"-11.775 143.825"
"2328880","2019-02-14T12:00:00Z",-11.775,143.875,"1.95",0,"28.26","-0.1",0,2019-02-14,"02","2019",1.95,28.26,"-11.775 143.875"
"2340142","2019-02-21T12:00:00Z",-11.175,143.225,"3.17",0,"29.150000000000002","0.38",0,2019-02-21,"02","2019",3.17,29.15,"-11.175 143.225"
"2340307","2019-02-21T12:00:00Z",-11.375,143.275,"3.12",0,"28.97","0.19",0,2019-02-21,"02","2019",3.12,28.97,"-11.375 143.275"
"2340308","2019-02-21T12:00:00Z",-11.375,143.325,"2.84",0,"28.97","0.2",0,2019-02-21,"02","2019",2.84,28.97,"-11.375 143.325"
"2340646","2019-02-21T12:00:00Z",-11.775,143.825,"1.95",0,"27.97","-0.39",0,2019-02-21,"02","2019",1.95,27.97,"-11.775 143.825"
"2340647","2019-02-21T12:00:00Z",-11.775,143.875,"1.95",0,"27.89","-0.44",0,2019-02-21,"02","2019",1.95,27.89,"-11.775 143.875"
"2351909","2019-02-28T12:00:00Z",-11.175,143.225,"3.17",0,"29.13","0.43",0,2019-02-28,"02","2019",3.17,29.13,"-11.175 143.225"
"2352074","2019-02-28T12:00:00Z",-11.375,143.275,"3.12",0,"29.11","0.4",0,2019-02-28,"02","2019",3.12,29.11,"-11.375 143.275"
"2352075","2019-02-28T12:00:00Z",-11.375,143.325,"2.84",0,"29.07","0.37",0,2019-02-28,"02","2019",2.84,29.07,"-11.375 143.325"
"2352413","2019-02-28T12:00:00Z",-11.775,143.825,"1.95",0,"28.240000000000002","-0.08",0,2019-02-28,"02","2019",1.95,28.24,"-11.775 143.825"
"2352414","2019-02-28T12:00:00Z",-11.775,143.875,"1.95",0,"28.240000000000002","-0.05",0,2019-02-28,"02","2019",1.95,28.24,"-11.775 143.875"
"2363676","2019-03-07T12:00:00Z",-11.175,143.225,"3.17",0,"29.29","0.67",0,2019-03-07,"03","2019",3.17,29.29,"-11.175 143.225"
"2363841","2019-03-07T12:00:00Z",-11.375,143.275,"3.12",0,"29.17","0.54",0,2019-03-07,"03","2019",3.12,29.17,"-11.375 143.275"
"2363842","2019-03-07T12:00:00Z",-11.375,143.325,"2.84",0,"29.14","0.51",0,2019-03-07,"03","2019",2.84,29.14,"-11.375 143.325"
"2364180","2019-03-07T12:00:00Z",-11.775,143.825,"1.95",0,"28.830000000000002","0.55",0,2019-03-07,"03","2019",1.95,28.83,"-11.775 143.825"
"2364181","2019-03-07T12:00:00Z",-11.775,143.875,"1.95",0,"28.85","0.59",0,2019-03-07,"03","2019",1.95,28.85,"-11.775 143.875"
"2375443","2019-03-14T12:00:00Z",-11.175,143.225,"2.23",0,"29.55","1.0",0,2019-03-14,"03","2019",2.23,29.55,"-11.175 143.225"
"2375608","2019-03-14T12:00:00Z",-11.375,143.275,"2.4",0,"29.44","0.88",0,2019-03-14,"03","2019",2.4,29.44,"-11.375 143.275"
"2375609","2019-03-14T12:00:00Z",-11.375,143.325,"2.12",0,"29.400000000000002","0.84",0,2019-03-14,"03","2019",2.12,29.4,"-11.375 143.325"
"2375947","2019-03-14T12:00:00Z",-11.775,143.825,"1.42",0,"28.85","0.61",0,2019-03-14,"03","2019",1.42,28.85,"-11.775 143.825"
"2375948","2019-03-14T12:00:00Z",-11.775,143.875,"1.44",0,"28.85","0.63",0,2019-03-14,"03","2019",1.44,28.85,"-11.775 143.875"
"2387210","2019-03-21T12:00:00Z",-11.175,143.225,"0.98",0,"29.12","0.73",0,2019-03-21,"03","2019",0.98,29.12,"-11.175 143.225"
"2387375","2019-03-21T12:00:00Z",-11.375,143.275,"1.11",0,"29.05","0.66",0,2019-03-21,"03","2019",1.11,29.05,"-11.375 143.275"
"2387376","2019-03-21T12:00:00Z",-11.375,143.325,"0.8300000000000001",0,"29.03","0.65",0,2019-03-21,"03","2019",0.83,29.03,"-11.375 143.325"
"2387714","2019-03-21T12:00:00Z",-11.775,143.825,"0.46",0,"28.55","0.47000000000000003",0,2019-03-21,"03","2019",0.46,28.55,"-11.775 143.825"
"2387715","2019-03-21T12:00:00Z",-11.775,143.875,"0.46",0,"28.52","0.45",0,2019-03-21,"03","2019",0.46,28.52,"-11.775 143.875"
"2398977","2019-03-28T12:00:00Z",-11.175,143.225,"0.15",0,"29.51","1.29",0,2019-03-28,"03","2019",0.15,29.51,"-11.175 143.225"
"2399142","2019-03-28T12:00:00Z",-11.375,143.275,"0.43",0,"29.51","1.32",0,2019-03-28,"03","2019",0.43,29.51,"-11.375 143.275"
"2399143","2019-03-28T12:00:00Z",-11.375,143.325,"0.15",0,"29.53","1.34",0,2019-03-28,"03","2019",0.15,29.53,"-11.375 143.325"
"2399481","2019-03-28T12:00:00Z",-11.775,143.825,"0.0",0,"28.96","1.04",0,2019-03-28,"03","2019",0,28.96,"-11.775 143.825"
"2399482","2019-03-28T12:00:00Z",-11.775,143.875,"0.0",0,"28.91","1.0",0,2019-03-28,"03","2019",0,28.91,"-11.775 143.875"
"2410744","2019-04-04T12:00:00Z",-11.175,143.225,"0.15",0,"29.67","1.6300000000000001",0,2019-04-04,"04","2019",0.15,29.67,"-11.175 143.225"
"2410909","2019-04-04T12:00:00Z",-11.375,143.275,"0.43",0,"29.19","1.19",0,2019-04-04,"04","2019",0.43,29.19,"-11.375 143.275"
"2410910","2019-04-04T12:00:00Z",-11.375,143.325,"0.15",0,"29.36","1.36",0,2019-04-04,"04","2019",0.15,29.36,"-11.375 143.325"
"2411248","2019-04-04T12:00:00Z",-11.775,143.825,"0.0",0,"28.400000000000002","0.65",0,2019-04-04,"04","2019",0,28.4,"-11.775 143.825"
"2411249","2019-04-04T12:00:00Z",-11.775,143.875,"0.0",0,"28.45","0.71",0,2019-04-04,"04","2019",0,28.45,"-11.775 143.875"
"2422511","2019-04-11T12:00:00Z",-11.175,143.225,"0.15",0,"29.18","1.31",0,2019-04-11,"04","2019",0.15,29.18,"-11.175 143.225"
"2422676","2019-04-11T12:00:00Z",-11.375,143.275,"0.43",0,"28.93","1.12",0,2019-04-11,"04","2019",0.43,28.93,"-11.375 143.275"
"2422677","2019-04-11T12:00:00Z",-11.375,143.325,"0.15",0,"28.93","1.1300000000000001",0,2019-04-11,"04","2019",0.15,28.93,"-11.375 143.325"
"2423015","2019-04-11T12:00:00Z",-11.775,143.825,"0.0",0,"27.85","0.27",0,2019-04-11,"04","2019",0,27.85,"-11.775 143.825"
"2423016","2019-04-11T12:00:00Z",-11.775,143.875,"0.0",0,"27.98","0.41000000000000003",0,2019-04-11,"04","2019",0,27.98,"-11.775 143.875"
"2434278","2019-04-18T12:00:00Z",-11.175,143.225,"0.0",0,"28.38","0.71",0,2019-04-18,"04","2019",0,28.38,"-11.175 143.225"
"2434443","2019-04-18T12:00:00Z",-11.375,143.275,"0.0",0,"28.1","0.5",0,2019-04-18,"04","2019",0,28.1,"-11.375 143.275"
"2434444","2019-04-18T12:00:00Z",-11.375,143.325,"0.0",0,"28.1","0.51",0,2019-04-18,"04","2019",0,28.1,"-11.375 143.325"
"2434782","2019-04-18T12:00:00Z",-11.775,143.825,"0.0",0,"27.79","0.41000000000000003",0,2019-04-18,"04","2019",0,27.79,"-11.775 143.825"
"2434783","2019-04-18T12:00:00Z",-11.775,143.875,"0.0",0,"27.79","0.42",0,2019-04-18,"04","2019",0,27.79,"-11.775 143.875"
"2446045","2019-04-25T12:00:00Z",-11.175,143.225,"0.0",0,"27.96","0.52",0,2019-04-25,"04","2019",0,27.96,"-11.175 143.225"
"2446210","2019-04-25T12:00:00Z",-11.375,143.275,"0.0",0,"27.78","0.41000000000000003",0,2019-04-25,"04","2019",0,27.78,"-11.375 143.275"
"2446211","2019-04-25T12:00:00Z",-11.375,143.325,"0.0",0,"27.76","0.4",0,2019-04-25,"04","2019",0,27.76,"-11.375 143.325"
"2446549","2019-04-25T12:00:00Z",-11.775,143.825,"0.0",0,"27.48","0.32",0,2019-04-25,"04","2019",0,27.48,"-11.775 143.825"
"2446550","2019-04-25T12:00:00Z",-11.775,143.875,"0.0",0,"27.48","0.33",0,2019-04-25,"04","2019",0,27.48,"-11.775 143.875"
"2457812","2019-05-02T12:00:00Z",-11.175,143.225,"0.0",0,"27.87","0.66",0,2019-05-02,"05","2019",0,27.87,"-11.175 143.225"
"2457977","2019-05-02T12:00:00Z",-11.375,143.275,"0.0",0,"27.740000000000002","0.61",0,2019-05-02,"05","2019",0,27.74,"-11.375 143.275"
"2457978","2019-05-02T12:00:00Z",-11.375,143.325,"0.0",0,"27.77","0.64",0,2019-05-02,"05","2019",0,27.77,"-11.375 143.325"
"2458316","2019-05-02T12:00:00Z",-11.775,143.825,"0.0",0,"27.66","0.73",0,2019-05-02,"05","2019",0,27.66,"-11.775 143.825"
"2458317","2019-05-02T12:00:00Z",-11.775,143.875,"0.0",0,"27.67","0.75",0,2019-05-02,"05","2019",0,27.67,"-11.775 143.875"
"2469579","2019-05-09T12:00:00Z",-11.175,143.225,"0.0",0,"27.63","0.65",0,2019-05-09,"05","2019",0,27.63,"-11.175 143.225"
"2469744","2019-05-09T12:00:00Z",-11.375,143.275,"0.0",0,"27.560000000000002","0.66",0,2019-05-09,"05","2019",0,27.56,"-11.375 143.275"
"2469745","2019-05-09T12:00:00Z",-11.375,143.325,"0.0",0,"27.57","0.67",0,2019-05-09,"05","2019",0,27.57,"-11.375 143.325"
"2470083","2019-05-09T12:00:00Z",-11.775,143.825,"0.0",0,"27.51","0.81",0,2019-05-09,"05","2019",0,27.51,"-11.775 143.825"
"2470084","2019-05-09T12:00:00Z",-11.775,143.875,"0.0",0,"27.51","0.8200000000000001",0,2019-05-09,"05","2019",0,27.51,"-11.775 143.875"
"2481346","2019-05-16T12:00:00Z",-11.175,143.225,"0.0",0,"27.35","0.61",0,2019-05-16,"05","2019",0,27.35,"-11.175 143.225"
"2481511","2019-05-16T12:00:00Z",-11.375,143.275,"0.0",0,"27.21","0.55",0,2019-05-16,"05","2019",0,27.21,"-11.375 143.275"
"2481512","2019-05-16T12:00:00Z",-11.375,143.325,"0.0",0,"27.19","0.53",0,2019-05-16,"05","2019",0,27.19,"-11.375 143.325"
"2481850","2019-05-16T12:00:00Z",-11.775,143.825,"0.0",0,"27.03","0.55",0,2019-05-16,"05","2019",0,27.03,"-11.775 143.825"
"2481851","2019-05-16T12:00:00Z",-11.775,143.875,"0.0",0,"27.05","0.58",0,2019-05-16,"05","2019",0,27.05,"-11.775 143.875"
"2493113","2019-05-23T12:00:00Z",-11.175,143.225,"0.0",0,"26.87","0.4",0,2019-05-23,"05","2019",0,26.87,"-11.175 143.225"
"2493278","2019-05-23T12:00:00Z",-11.375,143.275,"0.0",0,"26.62","0.23",0,2019-05-23,"05","2019",0,26.62,"-11.375 143.275"
"2493279","2019-05-23T12:00:00Z",-11.375,143.325,"0.0",0,"26.650000000000002","0.25",0,2019-05-23,"05","2019",0,26.65,"-11.375 143.325"
"2493617","2019-05-23T12:00:00Z",-11.775,143.825,"0.0",0,"26.53","0.28",0,2019-05-23,"05","2019",0,26.53,"-11.775 143.825"
"2493618","2019-05-23T12:00:00Z",-11.775,143.875,"0.0",0,"26.53","0.29",0,2019-05-23,"05","2019",0,26.53,"-11.775 143.875"
"2504880","2019-05-30T12:00:00Z",-11.175,143.225,"0.0",0,"26.68","0.48",0,2019-05-30,"05","2019",0,26.68,"-11.175 143.225"
"2505045","2019-05-30T12:00:00Z",-11.375,143.275,"0.0",0,"26.64","0.52",0,2019-05-30,"05","2019",0,26.64,"-11.375 143.275"
"2505046","2019-05-30T12:00:00Z",-11.375,143.325,"0.0",0,"26.67","0.54",0,2019-05-30,"05","2019",0,26.67,"-11.375 143.325"
"2505384","2019-05-30T12:00:00Z",-11.775,143.825,"0.0",0,"26.57","0.55",0,2019-05-30,"05","2019",0,26.57,"-11.775 143.825"
"2505385","2019-05-30T12:00:00Z",-11.775,143.875,"0.0",0,"26.57","0.55",0,2019-05-30,"05","2019",0,26.57,"-11.775 143.875"
"2516647","2019-06-06T12:00:00Z",-11.175,143.225,"0.0",0,"26.14","0.21",0,2019-06-06,"06","2019",0,26.14,"-11.175 143.225"
"2516812","2019-06-06T12:00:00Z",-11.375,143.275,"0.0",0,"26.14","0.28",0,2019-06-06,"06","2019",0,26.14,"-11.375 143.275"
"2516813","2019-06-06T12:00:00Z",-11.375,143.325,"0.0",0,"26.17","0.3",0,2019-06-06,"06","2019",0,26.17,"-11.375 143.325"
"2517151","2019-06-06T12:00:00Z",-11.775,143.825,"0.0",0,"26.240000000000002","0.45",0,2019-06-06,"06","2019",0,26.24,"-11.775 143.825"
"2517152","2019-06-06T12:00:00Z",-11.775,143.875,"0.0",0,"26.26","0.47000000000000003",0,2019-06-06,"06","2019",0,26.26,"-11.775 143.875"
"2528414","2019-06-13T12:00:00Z",-11.175,143.225,"0.0",0,"25.97","0.31",0,2019-06-13,"06","2019",0,25.97,"-11.175 143.225"
"2528579","2019-06-13T12:00:00Z",-11.375,143.275,"0.0",0,"25.87","0.28",0,2019-06-13,"06","2019",0,25.87,"-11.375 143.275"
"2528580","2019-06-13T12:00:00Z",-11.375,143.325,"0.0",0,"25.900000000000002","0.29",0,2019-06-13,"06","2019",0,25.9,"-11.375 143.325"
"2528918","2019-06-13T12:00:00Z",-11.775,143.825,"0.0",0,"25.77","0.21",0,2019-06-13,"06","2019",0,25.77,"-11.775 143.825"
"2528919","2019-06-13T12:00:00Z",-11.775,143.875,"0.0",0,"25.77","0.21",0,2019-06-13,"06","2019",0,25.77,"-11.775 143.875"
"2540181","2019-06-20T12:00:00Z",-11.175,143.225,"0.0",0,"25.490000000000002","0.06",0,2019-06-20,"06","2019",0,25.49,"-11.175 143.225"
"2540346","2019-06-20T12:00:00Z",-11.375,143.275,"0.0",0,"25.29","-0.07",0,2019-06-20,"06","2019",0,25.29,"-11.375 143.275"
"2540347","2019-06-20T12:00:00Z",-11.375,143.325,"0.0",0,"25.330000000000002","-0.05",0,2019-06-20,"06","2019",0,25.33,"-11.375 143.325"
"2540685","2019-06-20T12:00:00Z",-11.775,143.825,"0.0",0,"25.48","0.11",0,2019-06-20,"06","2019",0,25.48,"-11.775 143.825"
"2540686","2019-06-20T12:00:00Z",-11.775,143.875,"0.0",0,"25.5","0.12",0,2019-06-20,"06","2019",0,25.5,"-11.775 143.875"
"2551948","2019-06-27T12:00:00Z",-11.175,143.225,"0.0",0,"25.51","0.29",0,2019-06-27,"06","2019",0,25.51,"-11.175 143.225"
"2552113","2019-06-27T12:00:00Z",-11.375,143.275,"0.0",0,"25.27","0.12",0,2019-06-27,"06","2019",0,25.27,"-11.375 143.275"
"2552114","2019-06-27T12:00:00Z",-11.375,143.325,"0.0",0,"25.330000000000002","0.16",0,2019-06-27,"06","2019",0,25.33,"-11.375 143.325"
"2552452","2019-06-27T12:00:00Z",-11.775,143.825,"0.0",0,"25.63","0.42",0,2019-06-27,"06","2019",0,25.63,"-11.775 143.825"
"2552453","2019-06-27T12:00:00Z",-11.775,143.875,"0.0",0,"25.66","0.44",0,2019-06-27,"06","2019",0,25.66,"-11.775 143.875"
"2563715","2019-07-04T12:00:00Z",-11.175,143.225,"0.0",0,"25.17","0.17",0,2019-07-04,"07","2019",0,25.17,"-11.175 143.225"
"2563880","2019-07-04T12:00:00Z",-11.375,143.275,"0.0",0,"25.1","0.15",0,2019-07-04,"07","2019",0,25.1,"-11.375 143.275"
"2563881","2019-07-04T12:00:00Z",-11.375,143.325,"0.0",0,"25.12","0.15",0,2019-07-04,"07","2019",0,25.12,"-11.375 143.325"
"2564219","2019-07-04T12:00:00Z",-11.775,143.825,"0.0",0,"25.1","0.06",0,2019-07-04,"07","2019",0,25.1,"-11.775 143.825"
"2564220","2019-07-04T12:00:00Z",-11.775,143.875,"0.0",0,"25.11","0.05",0,2019-07-04,"07","2019",0,25.11,"-11.775 143.875"
"2575482","2019-07-11T12:00:00Z",-11.175,143.225,"0.0",0,"25.36","0.5700000000000001",0,2019-07-11,"07","2019",0,25.36,"-11.175 143.225"
"2575647","2019-07-11T12:00:00Z",-11.375,143.275,"0.0",0,"25.310000000000002","0.5700000000000001",0,2019-07-11,"07","2019",0,25.31,"-11.375 143.275"
"2575648","2019-07-11T12:00:00Z",-11.375,143.325,"0.0",0,"25.310000000000002","0.55",0,2019-07-11,"07","2019",0,25.31,"-11.375 143.325"
"2575986","2019-07-11T12:00:00Z",-11.775,143.825,"0.0",0,"25.02","0.15",0,2019-07-11,"07","2019",0,25.02,"-11.775 143.825"
"2575987","2019-07-11T12:00:00Z",-11.775,143.875,"0.0",0,"25.02","0.13",0,2019-07-11,"07","2019",0,25.02,"-11.775 143.875"
"2587249","2019-07-18T12:00:00Z",-11.175,143.225,"0.0",0,"24.73","0.08",0,2019-07-18,"07","2019",0,24.73,"-11.175 143.225"
"2587414","2019-07-18T12:00:00Z",-11.375,143.275,"0.0",0,"24.6","0.0",0,2019-07-18,"07","2019",0,24.6,"-11.375 143.275"
"2587415","2019-07-18T12:00:00Z",-11.375,143.325,"0.0",0,"24.650000000000002","0.03",0,2019-07-18,"07","2019",0,24.65,"-11.375 143.325"
"2587753","2019-07-18T12:00:00Z",-11.775,143.825,"0.0",0,"24.6","-0.15",0,2019-07-18,"07","2019",0,24.6,"-11.775 143.825"
"2587754","2019-07-18T12:00:00Z",-11.775,143.875,"0.0",0,"24.61","-0.16",0,2019-07-18,"07","2019",0,24.61,"-11.775 143.875"
"2599016","2019-07-25T12:00:00Z",-11.175,143.225,"0.0",0,"24.68","0.06",0,2019-07-25,"07","2019",0,24.68,"-11.175 143.225"
"2599181","2019-07-25T12:00:00Z",-11.375,143.275,"0.0",0,"24.5","-0.06",0,2019-07-25,"07","2019",0,24.5,"-11.375 143.275"
"2599182","2019-07-25T12:00:00Z",-11.375,143.325,"0.0",0,"24.51","-0.07",0,2019-07-25,"07","2019",0,24.51,"-11.375 143.325"
"2599520","2019-07-25T12:00:00Z",-11.775,143.825,"0.0",0,"24.72","0.02",0,2019-07-25,"07","2019",0,24.72,"-11.775 143.825"
"2599521","2019-07-25T12:00:00Z",-11.775,143.875,"0.0",0,"24.73","0.01",0,2019-07-25,"07","2019",0,24.73,"-11.775 143.875"
"2610783","2019-08-01T12:00:00Z",-11.175,143.225,"0.0",0,"24.48","-0.1",0,2019-08-01,"08","2019",0,24.48,"-11.175 143.225"
"2610948","2019-08-01T12:00:00Z",-11.375,143.275,"0.0",0,"24.44","-0.08",0,2019-08-01,"08","2019",0,24.44,"-11.375 143.275"
"2610949","2019-08-01T12:00:00Z",-11.375,143.325,"0.0",0,"24.45","-0.09",0,2019-08-01,"08","2019",0,24.45,"-11.375 143.325"
"2611287","2019-08-01T12:00:00Z",-11.775,143.825,"0.0",0,"24.42","-0.22",0,2019-08-01,"08","2019",0,24.42,"-11.775 143.825"
"2611288","2019-08-01T12:00:00Z",-11.775,143.875,"0.0",0,"24.45","-0.21",0,2019-08-01,"08","2019",0,24.45,"-11.775 143.875"
"2622550","2019-08-08T12:00:00Z",-11.175,143.225,"0.0",0,"24.580000000000002","0.04",0,2019-08-08,"08","2019",0,24.58,"-11.175 143.225"
"2622715","2019-08-08T12:00:00Z",-11.375,143.275,"0.0",0,"24.44","-0.04",0,2019-08-08,"08","2019",0,24.44,"-11.375 143.275"
"2622716","2019-08-08T12:00:00Z",-11.375,143.325,"0.0",0,"24.46","-0.03",0,2019-08-08,"08","2019",0,24.46,"-11.375 143.325"
"2623054","2019-08-08T12:00:00Z",-11.775,143.825,"0.0",0,"24.72","0.14",0,2019-08-08,"08","2019",0,24.72,"-11.775 143.825"
"2623055","2019-08-08T12:00:00Z",-11.775,143.875,"0.0",0,"24.740000000000002","0.14",0,2019-08-08,"08","2019",0,24.74,"-11.775 143.875"
"2634317","2019-08-15T12:00:00Z",-11.175,143.225,"0.0",0,"24.57","0.07",0,2019-08-15,"08","2019",0,24.57,"-11.175 143.225"
"2634482","2019-08-15T12:00:00Z",-11.375,143.275,"0.0",0,"24.490000000000002","0.05",0,2019-08-15,"08","2019",0,24.49,"-11.375 143.275"
"2634483","2019-08-15T12:00:00Z",-11.375,143.325,"0.0",0,"24.5","0.05",0,2019-08-15,"08","2019",0,24.5,"-11.375 143.325"
"2634821","2019-08-15T12:00:00Z",-11.775,143.825,"0.0",0,"24.48","-0.04",0,2019-08-15,"08","2019",0,24.48,"-11.775 143.825"
"2634822","2019-08-15T12:00:00Z",-11.775,143.875,"0.0",0,"24.490000000000002","-0.05",0,2019-08-15,"08","2019",0,24.49,"-11.775 143.875"
"2646084","2019-08-22T12:00:00Z",-11.175,143.225,"0.0",0,"24.55","-0.1",0,2019-08-22,"08","2019",0,24.55,"-11.175 143.225"
"2646249","2019-08-22T12:00:00Z",-11.375,143.275,"0.0",0,"24.41","-0.17",0,2019-08-22,"08","2019",0,24.41,"-11.375 143.275"
"2646250","2019-08-22T12:00:00Z",-11.375,143.325,"0.0",0,"24.400000000000002","-0.19",0,2019-08-22,"08","2019",0,24.4,"-11.375 143.325"
"2646588","2019-08-22T12:00:00Z",-11.775,143.825,"0.0",0,"24.39","-0.22",0,2019-08-22,"08","2019",0,24.39,"-11.775 143.825"
"2646589","2019-08-22T12:00:00Z",-11.775,143.875,"0.0",0,"24.42","-0.2",0,2019-08-22,"08","2019",0,24.42,"-11.775 143.875"
"2657851","2019-08-29T12:00:00Z",-11.175,143.225,"0.0",0,"24.64","-0.15",0,2019-08-29,"08","2019",0,24.64,"-11.175 143.225"
"2658016","2019-08-29T12:00:00Z",-11.375,143.275,"0.0",0,"24.47","-0.26",0,2019-08-29,"08","2019",0,24.47,"-11.375 143.275"
"2658017","2019-08-29T12:00:00Z",-11.375,143.325,"0.0",0,"24.490000000000002","-0.24",0,2019-08-29,"08","2019",0,24.49,"-11.375 143.325"
"2658355","2019-08-29T12:00:00Z",-11.775,143.825,"0.0",0,"24.54","-0.15",0,2019-08-29,"08","2019",0,24.54,"-11.775 143.825"
"2658356","2019-08-29T12:00:00Z",-11.775,143.875,"0.0",0,"24.57","-0.13",0,2019-08-29,"08","2019",0,24.57,"-11.775 143.875"
"2669618","2019-09-05T12:00:00Z",-11.175,143.225,"0.0",0,"24.59","-0.35000000000000003",0,2019-09-05,"09","2019",0,24.59,"-11.175 143.225"
"2669783","2019-09-05T12:00:00Z",-11.375,143.275,"0.0",0,"24.51","-0.36",0,2019-09-05,"09","2019",0,24.51,"-11.375 143.275"
"2669784","2019-09-05T12:00:00Z",-11.375,143.325,"0.0",0,"24.52","-0.36",0,2019-09-05,"09","2019",0,24.52,"-11.375 143.325"
"2670122","2019-09-05T12:00:00Z",-11.775,143.825,"0.0",0,"24.39","-0.39",0,2019-09-05,"09","2019",0,24.39,"-11.775 143.825"
"2670123","2019-09-05T12:00:00Z",-11.775,143.875,"0.0",0,"24.42","-0.36",0,2019-09-05,"09","2019",0,24.42,"-11.775 143.875"
"2681385","2019-09-12T12:00:00Z",-11.175,143.225,"0.0",0,"24.48","-0.61",0,2019-09-12,"09","2019",0,24.48,"-11.175 143.225"
"2681550","2019-09-12T12:00:00Z",-11.375,143.275,"0.0",0,"24.39","-0.63",0,2019-09-12,"09","2019",0,24.39,"-11.375 143.275"
"2681551","2019-09-12T12:00:00Z",-11.375,143.325,"0.0",0,"24.41","-0.61",0,2019-09-12,"09","2019",0,24.41,"-11.375 143.325"
"2681889","2019-09-12T12:00:00Z",-11.775,143.825,"0.0",0,"24.37","-0.49",0,2019-09-12,"09","2019",0,24.37,"-11.775 143.825"
"2681890","2019-09-12T12:00:00Z",-11.775,143.875,"0.0",0,"24.400000000000002","-0.47000000000000003",0,2019-09-12,"09","2019",0,24.4,"-11.775 143.875"
"2693152","2019-09-19T12:00:00Z",-11.175,143.225,"0.0",0,"24.61","-0.6900000000000001",0,2019-09-19,"09","2019",0,24.61,"-11.175 143.225"
"2693317","2019-09-19T12:00:00Z",-11.375,143.275,"0.0",0,"24.44","-0.79",0,2019-09-19,"09","2019",0,24.44,"-11.375 143.275"
"2693318","2019-09-19T12:00:00Z",-11.375,143.325,"0.0",0,"24.5","-0.73",0,2019-09-19,"09","2019",0,24.5,"-11.375 143.325"
"2693656","2019-09-19T12:00:00Z",-11.775,143.825,"0.0",0,"24.41","-0.62",0,2019-09-19,"09","2019",0,24.41,"-11.775 143.825"
"2693657","2019-09-19T12:00:00Z",-11.775,143.875,"0.0",0,"24.44","-0.59",0,2019-09-19,"09","2019",0,24.44,"-11.775 143.875"
"2704919","2019-09-26T12:00:00Z",-11.175,143.225,"0.0",0,"24.77","-0.79",0,2019-09-26,"09","2019",0,24.77,"-11.175 143.225"
"2705084","2019-09-26T12:00:00Z",-11.375,143.275,"0.0",0,"24.79","-0.71",0,2019-09-26,"09","2019",0,24.79,"-11.375 143.275"
"2705085","2019-09-26T12:00:00Z",-11.375,143.325,"0.0",0,"24.8","-0.6900000000000001",0,2019-09-26,"09","2019",0,24.8,"-11.375 143.325"
"2705423","2019-09-26T12:00:00Z",-11.775,143.825,"0.0",0,"24.76","-0.51",0,2019-09-26,"09","2019",0,24.76,"-11.775 143.825"
"2705424","2019-09-26T12:00:00Z",-11.775,143.875,"0.0",0,"24.76","-0.5",0,2019-09-26,"09","2019",0,24.76,"-11.775 143.875"
"2716686","2019-10-03T12:00:00Z",-11.175,143.225,"0.0",0,"25.29","-0.53",0,2019-10-03,"10","2019",0,25.29,"-11.175 143.225"
"2716851","2019-10-03T12:00:00Z",-11.375,143.275,"0.0",0,"25.18","-0.59",0,2019-10-03,"10","2019",0,25.18,"-11.375 143.275"
"2716852","2019-10-03T12:00:00Z",-11.375,143.325,"0.0",0,"25.2","-0.56",0,2019-10-03,"10","2019",0,25.2,"-11.375 143.325"
"2717190","2019-10-03T12:00:00Z",-11.775,143.825,"0.0",0,"24.990000000000002","-0.51",0,2019-10-03,"10","2019",0,24.99,"-11.775 143.825"
"2717191","2019-10-03T12:00:00Z",-11.775,143.875,"0.0",0,"25.03","-0.45",0,2019-10-03,"10","2019",0,25.03,"-11.775 143.875"
"2728453","2019-10-10T12:00:00Z",-11.175,143.225,"0.0",0,"25.6","-0.48",0,2019-10-10,"10","2019",0,25.6,"-11.175 143.225"
"2728618","2019-10-10T12:00:00Z",-11.375,143.275,"0.0",0,"25.490000000000002","-0.55",0,2019-10-10,"10","2019",0,25.49,"-11.375 143.275"
"2728619","2019-10-10T12:00:00Z",-11.375,143.325,"0.0",0,"25.490000000000002","-0.53",0,2019-10-10,"10","2019",0,25.49,"-11.375 143.325"
"2728957","2019-10-10T12:00:00Z",-11.775,143.825,"0.0",0,"25.23","-0.5",0,2019-10-10,"10","2019",0,25.23,"-11.775 143.825"
"2728958","2019-10-10T12:00:00Z",-11.775,143.875,"0.0",0,"25.27","-0.44",0,2019-10-10,"10","2019",0,25.27,"-11.775 143.875"
"2740220","2019-10-17T12:00:00Z",-11.175,143.225,"0.0",0,"25.76","-0.6",0,2019-10-17,"10","2019",0,25.76,"-11.175 143.225"
"2740385","2019-10-17T12:00:00Z",-11.375,143.275,"0.0",0,"25.68","-0.64",0,2019-10-17,"10","2019",0,25.68,"-11.375 143.275"
"2740386","2019-10-17T12:00:00Z",-11.375,143.325,"0.0",0,"25.7","-0.6",0,2019-10-17,"10","2019",0,25.7,"-11.375 143.325"
"2740724","2019-10-17T12:00:00Z",-11.775,143.825,"0.0",0,"25.34","-0.64",0,2019-10-17,"10","2019",0,25.34,"-11.775 143.825"
"2740725","2019-10-17T12:00:00Z",-11.775,143.875,"0.0",0,"25.330000000000002","-0.62",0,2019-10-17,"10","2019",0,25.33,"-11.775 143.875"
"2751987","2019-10-24T12:00:00Z",-11.175,143.225,"0.0",0,"26.01","-0.68",0,2019-10-24,"10","2019",0,26.01,"-11.175 143.225"
"2752152","2019-10-24T12:00:00Z",-11.375,143.275,"0.0",0,"25.94","-0.71",0,2019-10-24,"10","2019",0,25.94,"-11.375 143.275"
"2752153","2019-10-24T12:00:00Z",-11.375,143.325,"0.0",0,"25.93","-0.7000000000000001",0,2019-10-24,"10","2019",0,25.93,"-11.375 143.325"
"2752491","2019-10-24T12:00:00Z",-11.775,143.825,"0.0",0,"25.62","-0.64",0,2019-10-24,"10","2019",0,25.62,"-11.775 143.825"
"2752492","2019-10-24T12:00:00Z",-11.775,143.875,"0.0",0,"25.62","-0.61",0,2019-10-24,"10","2019",0,25.62,"-11.775 143.875"
"2763754","2019-10-31T12:00:00Z",-11.175,143.225,"0.0",0,"26.52","-0.5",0,2019-10-31,"10","2019",0,26.52,"-11.175 143.225"
"2763919","2019-10-31T12:00:00Z",-11.375,143.275,"0.0",0,"26.43","-0.55",0,2019-10-31,"10","2019",0,26.43,"-11.375 143.275"
"2763920","2019-10-31T12:00:00Z",-11.375,143.325,"0.0",0,"26.42","-0.54",0,2019-10-31,"10","2019",0,26.42,"-11.375 143.325"
"2764258","2019-10-31T12:00:00Z",-11.775,143.825,"0.0",0,"25.96","-0.58",0,2019-10-31,"10","2019",0,25.96,"-11.775 143.825"
"2764259","2019-10-31T12:00:00Z",-11.775,143.875,"0.0",0,"25.95","-0.55",0,2019-10-31,"10","2019",0,25.95,"-11.775 143.875"
"2775521","2019-11-07T12:00:00Z",-11.175,143.225,"0.0",0,"27.27","-0.08",0,2019-11-07,"11","2019",0,27.27,"-11.175 143.225"
"2775686","2019-11-07T12:00:00Z",-11.375,143.275,"0.0",0,"27.12","-0.19",0,2019-11-07,"11","2019",0,27.12,"-11.375 143.275"
"2775687","2019-11-07T12:00:00Z",-11.375,143.325,"0.0",0,"27.09","-0.2",0,2019-11-07,"11","2019",0,27.09,"-11.375 143.325"
"2776025","2019-11-07T12:00:00Z",-11.775,143.825,"0.0",0,"26.47","-0.35000000000000003",0,2019-11-07,"11","2019",0,26.47,"-11.775 143.825"
"2776026","2019-11-07T12:00:00Z",-11.775,143.875,"0.0",0,"26.44","-0.34",0,2019-11-07,"11","2019",0,26.44,"-11.775 143.875"
"2787288","2019-11-14T12:00:00Z",-11.175,143.225,"0.0",0,"27.400000000000002","-0.28",0,2019-11-14,"11","2019",0,27.4,"-11.175 143.225"
"2787453","2019-11-14T12:00:00Z",-11.375,143.275,"0.0",0,"27.330000000000002","-0.31",0,2019-11-14,"11","2019",0,27.33,"-11.375 143.275"
"2787454","2019-11-14T12:00:00Z",-11.375,143.325,"0.0",0,"27.3","-0.32",0,2019-11-14,"11","2019",0,27.3,"-11.375 143.325"
"2787792","2019-11-14T12:00:00Z",-11.775,143.825,"0.0",0,"26.67","-0.43",0,2019-11-14,"11","2019",0,26.67,"-11.775 143.825"
"2787793","2019-11-14T12:00:00Z",-11.775,143.875,"0.0",0,"26.62","-0.44",0,2019-11-14,"11","2019",0,26.62,"-11.775 143.875"
"2799055","2019-11-21T12:00:00Z",-11.175,143.225,"0.0",0,"27.5","-0.45",0,2019-11-21,"11","2019",0,27.5,"-11.175 143.225"
"2799220","2019-11-21T12:00:00Z",-11.375,143.275,"0.0",0,"27.43","-0.48",0,2019-11-21,"11","2019",0,27.43,"-11.375 143.275"
"2799221","2019-11-21T12:00:00Z",-11.375,143.325,"0.0",0,"27.42","-0.47000000000000003",0,2019-11-21,"11","2019",0,27.42,"-11.375 143.325"
"2799559","2019-11-21T12:00:00Z",-11.775,143.825,"0.0",0,"26.650000000000002","-0.73",0,2019-11-21,"11","2019",0,26.65,"-11.775 143.825"
"2799560","2019-11-21T12:00:00Z",-11.775,143.875,"0.0",0,"26.61","-0.73",0,2019-11-21,"11","2019",0,26.61,"-11.775 143.875"
"2810822","2019-11-28T12:00:00Z",-11.175,143.225,"0.0",0,"27.96","-0.26",0,2019-11-28,"11","2019",0,27.96,"-11.175 143.225"
"2810987","2019-11-28T12:00:00Z",-11.375,143.275,"0.0",0,"27.900000000000002","-0.27",0,2019-11-28,"11","2019",0,27.9,"-11.375 143.275"
"2810988","2019-11-28T12:00:00Z",-11.375,143.325,"0.0",0,"27.89","-0.26",0,2019-11-28,"11","2019",0,27.89,"-11.375 143.325"
"2811326","2019-11-28T12:00:00Z",-11.775,143.825,"0.0",0,"27.17","-0.49",0,2019-11-28,"11","2019",0,27.17,"-11.775 143.825"
"2811327","2019-11-28T12:00:00Z",-11.775,143.875,"0.0",0,"27.07","-0.54",0,2019-11-28,"11","2019",0,27.07,"-11.775 143.875"
"2822589","2019-12-05T12:00:00Z",-11.175,143.225,"0.0",0,"28.900000000000002","0.42",0,2019-12-05,"12","2019",0,28.9,"-11.175 143.225"
"2822754","2019-12-05T12:00:00Z",-11.375,143.275,"0.0",0,"28.82","0.4",0,2019-12-05,"12","2019",0,28.82,"-11.375 143.275"
"2822755","2019-12-05T12:00:00Z",-11.375,143.325,"0.0",0,"28.75","0.35000000000000003",0,2019-12-05,"12","2019",0,28.75,"-11.375 143.325"
"2823093","2019-12-05T12:00:00Z",-11.775,143.825,"0.0",0,"28.36","0.43",0,2019-12-05,"12","2019",0,28.36,"-11.775 143.825"
"2823094","2019-12-05T12:00:00Z",-11.775,143.875,"0.0",0,"28.29","0.4",0,2019-12-05,"12","2019",0,28.29,"-11.775 143.875"
"2834356","2019-12-12T12:00:00Z",-11.175,143.225,"0.0",0,"28.97","0.23",0,2019-12-12,"12","2019",0,28.97,"-11.175 143.225"
"2834521","2019-12-12T12:00:00Z",-11.375,143.275,"0.0",0,"28.96","0.28",0,2019-12-12,"12","2019",0,28.96,"-11.375 143.275"
"2834522","2019-12-12T12:00:00Z",-11.375,143.325,"0.0",0,"28.92","0.26",0,2019-12-12,"12","2019",0,28.92,"-11.375 143.325"
"2834860","2019-12-12T12:00:00Z",-11.775,143.825,"0.0",0,"28.41","0.2",0,2019-12-12,"12","2019",0,28.41,"-11.775 143.825"
"2834861","2019-12-12T12:00:00Z",-11.775,143.875,"0.0",0,"28.38","0.22",0,2019-12-12,"12","2019",0,28.38,"-11.775 143.875"
"2846123","2019-12-19T12:00:00Z",-11.175,143.225,"0.0",0,"29.28","0.39",0,2019-12-19,"12","2019",0,29.28,"-11.175 143.225"
"2846288","2019-12-19T12:00:00Z",-11.375,143.275,"0.0",0,"29.25","0.42",0,2019-12-19,"12","2019",0,29.25,"-11.375 143.275"
"2846289","2019-12-19T12:00:00Z",-11.375,143.325,"0.0",0,"29.22","0.41000000000000003",0,2019-12-19,"12","2019",0,29.22,"-11.375 143.325"
"2846627","2019-12-19T12:00:00Z",-11.775,143.825,"0.0",0,"28.77","0.41000000000000003",0,2019-12-19,"12","2019",0,28.77,"-11.775 143.825"
"2846628","2019-12-19T12:00:00Z",-11.775,143.875,"0.0",0,"28.66","0.35000000000000003",0,2019-12-19,"12","2019",0,28.66,"-11.775 143.875"
"2857890","2019-12-26T12:00:00Z",-11.175,143.225,"0.0",0,"29.25","0.3",0,2019-12-26,"12","2019",0,29.25,"-11.175 143.225"
"2858055","2019-12-26T12:00:00Z",-11.375,143.275,"0.0",0,"29.27","0.36",0,2019-12-26,"12","2019",0,29.27,"-11.375 143.275"
"2858056","2019-12-26T12:00:00Z",-11.375,143.325,"0.0",0,"29.26","0.37",0,2019-12-26,"12","2019",0,29.26,"-11.375 143.325"
"2858394","2019-12-26T12:00:00Z",-11.775,143.825,"0.0",0,"28.57","0.16",0,2019-12-26,"12","2019",0,28.57,"-11.775 143.825"
"2858395","2019-12-26T12:00:00Z",-11.775,143.875,"0.0",0,"28.54","0.18",0,2019-12-26,"12","2019",0,28.54,"-11.775 143.875"
"2869657","2020-01-02T12:00:00Z",-11.175,143.225,"0.0",0,"30.04","1.03",0,2020-01-02,"01","2020",0,30.04,"-11.175 143.225"
"2869822","2020-01-02T12:00:00Z",-11.375,143.275,"0.0",0,"29.96","0.98",0,2020-01-02,"01","2020",0,29.96,"-11.375 143.275"
"2869823","2020-01-02T12:00:00Z",-11.375,143.325,"0.0",0,"29.93","0.96",0,2020-01-02,"01","2020",0,29.93,"-11.375 143.325"
"2870161","2020-01-02T12:00:00Z",-11.775,143.825,"0.0",0,"29.14","0.68",0,2020-01-02,"01","2020",0,29.14,"-11.775 143.825"
"2870162","2020-01-02T12:00:00Z",-11.775,143.875,"0.0",0,"29.09","0.68",0,2020-01-02,"01","2020",0,29.09,"-11.775 143.875"
"2881424","2020-01-09T12:00:00Z",-11.175,143.225,"0.93",0,"30.52","1.44",0,2020-01-09,"01","2020",0.93,30.52,"-11.175 143.225"
"2881589","2020-01-09T12:00:00Z",-11.375,143.275,"1.01",0,"30.42","1.36",0,2020-01-09,"01","2020",1.01,30.42,"-11.375 143.275"
"2881590","2020-01-09T12:00:00Z",-11.375,143.325,"1.01",0,"30.44","1.4000000000000001",0,2020-01-09,"01","2020",1.01,30.44,"-11.375 143.325"
"2881928","2020-01-09T12:00:00Z",-11.775,143.825,"0.49",0,"29.84","1.33",0,2020-01-09,"01","2020",0.49,29.84,"-11.775 143.825"
"2881929","2020-01-09T12:00:00Z",-11.775,143.875,"0.5",0,"29.810000000000002","1.35",0,2020-01-09,"01","2020",0.5,29.81,"-11.775 143.875"
"2893191","2020-01-16T12:00:00Z",-11.175,143.225,"2.21",0,"30.35","1.23",0,2020-01-16,"01","2020",2.21,30.35,"-11.175 143.225"
"2893356","2020-01-16T12:00:00Z",-11.375,143.275,"2.24",0,"30.240000000000002","1.1300000000000001",0,2020-01-16,"01","2020",2.24,30.24,"-11.375 143.275"
"2893357","2020-01-16T12:00:00Z",-11.375,143.325,"2.2600000000000002",0,"30.23","1.1300000000000001",0,2020-01-16,"01","2020",2.26,30.23,"-11.375 143.325"
"2893695","2020-01-16T12:00:00Z",-11.775,143.825,"0.97",0,"29.43","0.88",0,2020-01-16,"01","2020",0.97,29.43,"-11.775 143.825"
"2893696","2020-01-16T12:00:00Z",-11.775,143.875,"0.97",0,"29.41","0.91",0,2020-01-16,"01","2020",0.97,29.41,"-11.775 143.875"
"2904958","2020-01-23T12:00:00Z",-11.175,143.225,"3.63",0,"30.75","1.7",0,2020-01-23,"01","2020",3.63,30.75,"-11.175 143.225"
"2905123","2020-01-23T12:00:00Z",-11.375,143.275,"3.59",0,"30.75","1.7",0,2020-01-23,"01","2020",3.59,30.75,"-11.375 143.275"
"2905124","2020-01-23T12:00:00Z",-11.375,143.325,"3.61",0,"30.73","1.69",0,2020-01-23,"01","2020",3.61,30.73,"-11.375 143.325"
"2905462","2020-01-23T12:00:00Z",-11.775,143.825,"1.68",0,"29.88","1.37",0,2020-01-23,"01","2020",1.68,29.88,"-11.775 143.825"
"2905463","2020-01-23T12:00:00Z",-11.775,143.875,"1.67",0,"29.82","1.36",0,2020-01-23,"01","2020",1.67,29.82,"-11.775 143.875"
"2916725","2020-01-30T12:00:00Z",-11.175,143.225,"5.17",0,"30.57","1.59",0,2020-01-30,"01","2020",5.17,30.57,"-11.175 143.225"
"2916890","2020-01-30T12:00:00Z",-11.375,143.275,"5.07",0,"30.5","1.52",0,2020-01-30,"01","2020",5.07,30.5,"-11.375 143.275"
"2916891","2020-01-30T12:00:00Z",-11.375,143.325,"5.09",0,"30.48","1.51",0,2020-01-30,"01","2020",5.09,30.48,"-11.375 143.325"
"2917229","2020-01-30T12:00:00Z",-11.775,143.825,"2.7600000000000002",0,"29.48","1.0",0,2020-01-30,"01","2020",2.76,29.48,"-11.775 143.825"
"2917230","2020-01-30T12:00:00Z",-11.775,143.875,"2.74",0,"29.400000000000002","0.97",0,2020-01-30,"01","2020",2.74,29.4,"-11.775 143.875"
"2928492","2020-02-06T12:00:00Z",-11.175,143.225,"6.43",0,"30.310000000000002","1.3900000000000001",0,2020-02-06,"02","2020",6.43,30.31,"-11.175 143.225"
"2928657","2020-02-06T12:00:00Z",-11.375,143.275,"6.2700000000000005",0,"30.25","1.33",0,2020-02-06,"02","2020",6.27,30.25,"-11.375 143.275"
"2928658","2020-02-06T12:00:00Z",-11.375,143.325,"6.29",0,"30.240000000000002","1.33",0,2020-02-06,"02","2020",6.29,30.24,"-11.375 143.325"
"2928996","2020-02-06T12:00:00Z",-11.775,143.825,"4.13",0,"29.88","1.44",0,2020-02-06,"02","2020",4.13,29.88,"-11.775 143.825"
"2928997","2020-02-06T12:00:00Z",-11.775,143.875,"4.11",0,"29.84","1.44",0,2020-02-06,"02","2020",4.11,29.84,"-11.775 143.875"
"2940259","2020-02-13T12:00:00Z",-11.175,143.225,"7.5200000000000005",0,"30.18","1.33",0,2020-02-13,"02","2020",7.52,30.18,"-11.175 143.225"
"2940424","2020-02-13T12:00:00Z",-11.375,143.275,"7.55",0,"30.26","1.4000000000000001",0,2020-02-13,"02","2020",7.55,30.26,"-11.375 143.275"
"2940425","2020-02-13T12:00:00Z",-11.375,143.325,"7.58",0,"30.23","1.3800000000000001",0,2020-02-13,"02","2020",7.58,30.23,"-11.375 143.325"
"2940763","2020-02-13T12:00:00Z",-11.775,143.825,"5.1000000000000005",0,"29.52","1.11",0,2020-02-13,"02","2020",5.1,29.52,"-11.775 143.825"
"2940764","2020-02-13T12:00:00Z",-11.775,143.875,"5.26",0,"29.51","1.1400000000000001",0,2020-02-13,"02","2020",5.26,29.51,"-11.775 143.875"
"2952026","2020-02-20T12:00:00Z",-11.175,143.225,"7.83",0,"29.92","1.1400000000000001",0,2020-02-20,"02","2020",7.83,29.92,"-11.175 143.225"
"2952191","2020-02-20T12:00:00Z",-11.375,143.275,"8.32",0,"29.91","1.12",0,2020-02-20,"02","2020",8.32,29.91,"-11.375 143.275"
"2952192","2020-02-20T12:00:00Z",-11.375,143.325,"8.34",0,"29.87","1.09",0,2020-02-20,"02","2020",8.34,29.87,"-11.375 143.325"
"2952530","2020-02-20T12:00:00Z",-11.775,143.825,"5.6000000000000005",0,"29.19","0.8200000000000001",0,2020-02-20,"02","2020",5.6,29.19,"-11.775 143.825"
"2952531","2020-02-20T12:00:00Z",-11.775,143.875,"5.73",0,"29.14","0.8",0,2020-02-20,"02","2020",5.73,29.14,"-11.775 143.875"
"2963793","2020-02-27T12:00:00Z",-11.175,143.225,"7.83",0,"29.98","1.27",0,2020-02-27,"02","2020",7.83,29.98,"-11.175 143.225"
"2963958","2020-02-27T12:00:00Z",-11.375,143.275,"8.32",0,"29.96","1.24",0,2020-02-27,"02","2020",8.32,29.96,"-11.375 143.275"
"2963959","2020-02-27T12:00:00Z",-11.375,143.325,"8.34",0,"29.96","1.25",0,2020-02-27,"02","2020",8.34,29.96,"-11.375 143.325"
"2964297","2020-02-27T12:00:00Z",-11.775,143.825,"5.9",0,"29.59","1.26",0,2020-02-27,"02","2020",5.9,29.59,"-11.775 143.825"
"2964298","2020-02-27T12:00:00Z",-11.775,143.875,"5.73",0,"29.47","1.17",0,2020-02-27,"02","2020",5.73,29.47,"-11.775 143.875"
"2975560","2020-03-05T12:00:00Z",-11.175,143.225,"9.09",0,"30.27","1.6300000000000001",0,2020-03-05,"03","2020",9.09,30.27,"-11.175 143.225"
"2975725","2020-03-05T12:00:00Z",-11.375,143.275,"9.53",0,"30.17","1.52",0,2020-03-05,"03","2020",9.53,30.17,"-11.375 143.275"
"2975726","2020-03-05T12:00:00Z",-11.375,143.325,"9.57",0,"30.2","1.55",0,2020-03-05,"03","2020",9.57,30.2,"-11.375 143.325"
"2976064","2020-03-05T12:00:00Z",-11.775,143.825,"7.140000000000001",0,"29.830000000000002","1.54",0,2020-03-05,"03","2020",7.14,29.83,"-11.775 143.825"
"2976065","2020-03-05T12:00:00Z",-11.775,143.875,"6.97",0,"29.82","1.55",0,2020-03-05,"03","2020",6.97,29.82,"-11.775 143.875"
"2987327","2020-03-12T12:00:00Z",-11.175,143.225,"9.78",0,"29.88","1.31",0,2020-03-12,"03","2020",9.78,29.88,"-11.175 143.225"
"2987492","2020-03-12T12:00:00Z",-11.375,143.275,"10.21",0,"29.830000000000002","1.25",0,2020-03-12,"03","2020",10.21,29.83,"-11.375 143.275"
"2987493","2020-03-12T12:00:00Z",-11.375,143.325,"10.27",0,"29.830000000000002","1.25",0,2020-03-12,"03","2020",10.27,29.83,"-11.375 143.325"
"2987831","2020-03-12T12:00:00Z",-11.775,143.825,"7.82",0,"29.35","1.1",0,2020-03-12,"03","2020",7.82,29.35,"-11.775 143.825"
"2987832","2020-03-12T12:00:00Z",-11.775,143.875,"7.69",0,"29.36","1.1300000000000001",0,2020-03-12,"03","2020",7.69,29.36,"-11.775 143.875"
"2999094","2020-03-19T12:00:00Z",-11.175,143.225,"9.78",0,"29.61","1.17",0,2020-03-19,"03","2020",9.78,29.61,"-11.175 143.225"
"2999259","2020-03-19T12:00:00Z",-11.375,143.275,"10.21",0,"29.52","1.08",0,2020-03-19,"03","2020",10.21,29.52,"-11.375 143.275"
"2999260","2020-03-19T12:00:00Z",-11.375,143.325,"10.27",0,"29.5","1.06",0,2020-03-19,"03","2020",10.27,29.5,"-11.375 143.325"
"2999598","2020-03-19T12:00:00Z",-11.775,143.825,"7.82",0,"28.82","0.6900000000000001",0,2020-03-19,"03","2020",7.82,28.82,"-11.775 143.825"
"2999599","2020-03-19T12:00:00Z",-11.775,143.875,"7.69",0,"28.85","0.73",0,2020-03-19,"03","2020",7.69,28.85,"-11.775 143.875"
"3010861","2020-03-26T12:00:00Z",-11.175,143.225,"9.78",0,"29.28","1.01",0,2020-03-26,"03","2020",9.78,29.28,"-11.175 143.225"
"3011026","2020-03-26T12:00:00Z",-11.375,143.275,"10.21",0,"29.11","0.86",0,2020-03-26,"03","2020",10.21,29.11,"-11.375 143.275"
"3011027","2020-03-26T12:00:00Z",-11.375,143.325,"10.27",0,"29.1","0.86",0,2020-03-26,"03","2020",10.27,29.1,"-11.375 143.325"
"3011365","2020-03-26T12:00:00Z",-11.775,143.825,"7.82",0,"28.69","0.73",0,2020-03-26,"03","2020",7.82,28.69,"-11.775 143.825"
"3011366","2020-03-26T12:00:00Z",-11.775,143.875,"7.69",0,"28.71","0.76",0,2020-03-26,"03","2020",7.69,28.71,"-11.775 143.875"
"3022628","2020-04-02T12:00:00Z",-11.175,143.225,"8.85",0,"28.400000000000002","0.31",0,2020-04-02,"04","2020",8.85,28.4,"-11.175 143.225"
"3022793","2020-04-02T12:00:00Z",-11.375,143.275,"9.200000000000001",0,"28.35","0.29",0,2020-04-02,"04","2020",9.2,28.35,"-11.375 143.275"
"3022794","2020-04-02T12:00:00Z",-11.375,143.325,"9.26",0,"28.36","0.31",0,2020-04-02,"04","2020",9.26,28.36,"-11.375 143.325"
"3023132","2020-04-02T12:00:00Z",-11.775,143.825,"7.33",0,"28.25","0.46",0,2020-04-02,"04","2020",7.33,28.25,"-11.775 143.825"
"3023133","2020-04-02T12:00:00Z",-11.775,143.875,"7.19",0,"28.240000000000002","0.46",0,2020-04-02,"04","2020",7.19,28.24,"-11.775 143.875"
"3034395","2020-04-09T12:00:00Z",-11.175,143.225,"7.5600000000000005",0,"28.68","0.76",0,2020-04-09,"04","2020",7.56,28.68,"-11.175 143.225"
"3034560","2020-04-09T12:00:00Z",-11.375,143.275,"7.97",0,"28.71","0.85",0,2020-04-09,"04","2020",7.97,28.71,"-11.375 143.275"
"3034561","2020-04-09T12:00:00Z",-11.375,143.325,"8.02",0,"28.71","0.85",0,2020-04-09,"04","2020",8.02,28.71,"-11.375 143.325"
"3034899","2020-04-09T12:00:00Z",-11.775,143.825,"6.8500000000000005",0,"28.36","0.73",0,2020-04-09,"04","2020",6.85,28.36,"-11.775 143.825"
"3034900","2020-04-09T12:00:00Z",-11.775,143.875,"6.71",0,"28.330000000000002","0.71",0,2020-04-09,"04","2020",6.71,28.33,"-11.775 143.875"
"3046162","2020-04-16T12:00:00Z",-11.175,143.225,"6.15",0,"28.91","1.17",0,2020-04-16,"04","2020",6.15,28.91,"-11.175 143.225"
"3046327","2020-04-16T12:00:00Z",-11.375,143.275,"6.62",0,"28.810000000000002","1.1400000000000001",0,2020-04-16,"04","2020",6.62,28.81,"-11.375 143.275"
"3046328","2020-04-16T12:00:00Z",-11.375,143.325,"6.66",0,"28.8","1.1400000000000001",0,2020-04-16,"04","2020",6.66,28.8,"-11.375 143.325"
"3046666","2020-04-16T12:00:00Z",-11.775,143.825,"6.15",0,"28.34","0.89",0,2020-04-16,"04","2020",6.15,28.34,"-11.775 143.825"
"3046667","2020-04-16T12:00:00Z",-11.775,143.875,"6.01",0,"28.330000000000002","0.89",0,2020-04-16,"04","2020",6.01,28.33,"-11.775 143.875"
"3057929","2020-04-23T12:00:00Z",-11.175,143.225,"4.61",0,"28.990000000000002","1.48",0,2020-04-23,"04","2020",4.61,28.99,"-11.175 143.225"
"3058094","2020-04-23T12:00:00Z",-11.375,143.275,"5.14",0,"28.93","1.5",0,2020-04-23,"04","2020",5.14,28.93,"-11.375 143.275"
"3058095","2020-04-23T12:00:00Z",-11.375,143.325,"5.18",0,"28.95","1.52",0,2020-04-23,"04","2020",5.18,28.95,"-11.375 143.325"
"3058433","2020-04-23T12:00:00Z",-11.775,143.825,"5.07",0,"28.330000000000002","1.11",0,2020-04-23,"04","2020",5.07,28.33,"-11.775 143.825"
"3058434","2020-04-23T12:00:00Z",-11.775,143.875,"4.95",0,"28.310000000000002","1.1",0,2020-04-23,"04","2020",4.95,28.31,"-11.775 143.875"
"3069696","2020-04-30T12:00:00Z",-11.175,143.225,"3.35",0,"28.41","1.1400000000000001",0,2020-04-30,"04","2020",3.35,28.41,"-11.175 143.225"
"3069861","2020-04-30T12:00:00Z",-11.375,143.275,"3.94",0,"28.42","1.22",0,2020-04-30,"04","2020",3.94,28.42,"-11.375 143.275"
"3069862","2020-04-30T12:00:00Z",-11.375,143.325,"3.98",0,"28.42","1.23",0,2020-04-30,"04","2020",3.98,28.42,"-11.375 143.325"
"3070200","2020-04-30T12:00:00Z",-11.775,143.825,"3.69",0,"28.060000000000002","1.07",0,2020-04-30,"04","2020",3.69,28.06,"-11.775 143.825"
"3070201","2020-04-30T12:00:00Z",-11.775,143.875,"3.58",0,"28.01","1.02",0,2020-04-30,"04","2020",3.58,28.01,"-11.775 143.875"
"3081463","2020-05-07T12:00:00Z",-11.175,143.225,"2.2600000000000002",0,"28.07","1.03",0,2020-05-07,"05","2020",2.26,28.07,"-11.175 143.225"
"3081628","2020-05-07T12:00:00Z",-11.375,143.275,"2.66",0,"27.96","0.99",0,2020-05-07,"05","2020",2.66,27.96,"-11.375 143.275"
"3081629","2020-05-07T12:00:00Z",-11.375,143.325,"2.69",0,"28.0","1.04",0,2020-05-07,"05","2020",2.69,28,"-11.375 143.325"
"3081967","2020-05-07T12:00:00Z",-11.775,143.825,"2.72",0,"27.88","1.11",0,2020-05-07,"05","2020",2.72,27.88,"-11.775 143.825"
"3081968","2020-05-07T12:00:00Z",-11.775,143.875,"2.43",0,"27.92","1.16",0,2020-05-07,"05","2020",2.43,27.92,"-11.775 143.875"
"3093230","2020-05-14T12:00:00Z",-11.175,143.225,"1.94",0,"27.38","0.5700000000000001",0,2020-05-14,"05","2020",1.94,27.38,"-11.175 143.225"
"3093395","2020-05-14T12:00:00Z",-11.375,143.275,"1.8900000000000001",0,"27.21","0.48",0,2020-05-14,"05","2020",1.89,27.21,"-11.375 143.275"
"3093396","2020-05-14T12:00:00Z",-11.375,143.325,"1.93",0,"27.23","0.5",0,2020-05-14,"05","2020",1.93,27.23,"-11.375 143.325"
"3093734","2020-05-14T12:00:00Z",-11.775,143.825,"2.22",0,"27.14","0.6",0,2020-05-14,"05","2020",2.22,27.14,"-11.775 143.825"
"3093735","2020-05-14T12:00:00Z",-11.775,143.875,"1.95",0,"27.14","0.61",0,2020-05-14,"05","2020",1.95,27.14,"-11.775 143.875"
"3104997","2020-05-21T12:00:00Z",-11.175,143.225,"1.94",0,"27.150000000000002","0.6",0,2020-05-21,"05","2020",1.94,27.15,"-11.175 143.225"
"3105162","2020-05-21T12:00:00Z",-11.375,143.275,"1.8900000000000001",0,"27.09","0.62",0,2020-05-21,"05","2020",1.89,27.09,"-11.375 143.275"
"3105163","2020-05-21T12:00:00Z",-11.375,143.325,"1.93",0,"27.14","0.67",0,2020-05-21,"05","2020",1.93,27.14,"-11.375 143.325"
"3105501","2020-05-21T12:00:00Z",-11.775,143.825,"1.93",0,"27.080000000000002","0.77",0,2020-05-21,"05","2020",1.93,27.08,"-11.775 143.825"
"3105502","2020-05-21T12:00:00Z",-11.775,143.875,"1.95",0,"27.07","0.76",0,2020-05-21,"05","2020",1.95,27.07,"-11.775 143.875"
"3116764","2020-05-28T12:00:00Z",-11.175,143.225,"0.6900000000000001",0,"26.82","0.54",0,2020-05-28,"05","2020",0.69,26.82,"-11.175 143.225"
"3116929","2020-05-28T12:00:00Z",-11.375,143.275,"0.68",0,"26.69","0.49",0,2020-05-28,"05","2020",0.68,26.69,"-11.375 143.275"
"3116930","2020-05-28T12:00:00Z",-11.375,143.325,"0.7000000000000001",0,"26.740000000000002","0.53",0,2020-05-28,"05","2020",0.7,26.74,"-11.375 143.325"
"3117268","2020-05-28T12:00:00Z",-11.775,143.825,"0.68",0,"26.560000000000002","0.48",0,2020-05-28,"05","2020",0.68,26.56,"-11.775 143.825"
"3117269","2020-05-28T12:00:00Z",-11.775,143.875,"0.72",0,"26.560000000000002","0.48",0,2020-05-28,"05","2020",0.72,26.56,"-11.775 143.875"
"3128531","2020-06-04T12:00:00Z",-11.175,143.225,"0.0",0,"26.34","0.33",0,2020-06-04,"06","2020",0,26.34,"-11.175 143.225"
"3128696","2020-06-04T12:00:00Z",-11.375,143.275,"0.0",0,"26.18","0.25",0,2020-06-04,"06","2020",0,26.18,"-11.375 143.275"
"3128697","2020-06-04T12:00:00Z",-11.375,143.325,"0.0",0,"26.21","0.26",0,2020-06-04,"06","2020",0,26.21,"-11.375 143.325"
"3129035","2020-06-04T12:00:00Z",-11.775,143.825,"0.0",0,"26.26","0.41000000000000003",0,2020-06-04,"06","2020",0,26.26,"-11.775 143.825"
"3129036","2020-06-04T12:00:00Z",-11.775,143.875,"0.0",0,"26.27","0.42",0,2020-06-04,"06","2020",0,26.27,"-11.775 143.875"
"3140298","2020-06-11T12:00:00Z",-11.175,143.225,"0.0",0,"25.740000000000002","0.01",0,2020-06-11,"06","2020",0,25.74,"-11.175 143.225"
"3140463","2020-06-11T12:00:00Z",-11.375,143.275,"0.0",0,"25.67","0.01",0,2020-06-11,"06","2020",0,25.67,"-11.375 143.275"
"3140464","2020-06-11T12:00:00Z",-11.375,143.325,"0.0",0,"25.71","0.03",0,2020-06-11,"06","2020",0,25.71,"-11.375 143.325"
"3140802","2020-06-11T12:00:00Z",-11.775,143.825,"0.0",0,"25.830000000000002","0.21",0,2020-06-11,"06","2020",0,25.83,"-11.775 143.825"
"3140803","2020-06-11T12:00:00Z",-11.775,143.875,"0.0",0,"25.830000000000002","0.2",0,2020-06-11,"06","2020",0,25.83,"-11.775 143.875"
"3152065","2020-06-18T12:00:00Z",-11.175,143.225,"0.0",0,"26.12","0.63",0,2020-06-18,"06","2020",0,26.12,"-11.175 143.225"
"3152230","2020-06-18T12:00:00Z",-11.375,143.275,"0.0",0,"26.03","0.61",0,2020-06-18,"06","2020",0,26.03,"-11.375 143.275"
"3152231","2020-06-18T12:00:00Z",-11.375,143.325,"0.0",0,"26.05","0.61",0,2020-06-18,"06","2020",0,26.05,"-11.375 143.325"
"3152569","2020-06-18T12:00:00Z",-11.775,143.825,"0.0",0,"26.02","0.6",0,2020-06-18,"06","2020",0,26.02,"-11.775 143.825"
"3152570","2020-06-18T12:00:00Z",-11.775,143.875,"0.0",0,"26.02","0.59",0,2020-06-18,"06","2020",0,26.02,"-11.775 143.875"
"3163832","2020-06-25T12:00:00Z",-11.175,143.225,"0.0",0,"26.0","0.72",0,2020-06-25,"06","2020",0,26,"-11.175 143.225"
"3163997","2020-06-25T12:00:00Z",-11.375,143.275,"0.0",0,"25.95","0.74",0,2020-06-25,"06","2020",0,25.95,"-11.375 143.275"
"3163998","2020-06-25T12:00:00Z",-11.375,143.325,"0.0",0,"25.98","0.75",0,2020-06-25,"06","2020",0,25.98,"-11.375 143.325"
"3164336","2020-06-25T12:00:00Z",-11.775,143.825,"0.0",0,"26.080000000000002","0.8300000000000001",0,2020-06-25,"06","2020",0,26.08,"-11.775 143.825"
"3164337","2020-06-25T12:00:00Z",-11.775,143.875,"0.0",0,"26.1","0.8300000000000001",0,2020-06-25,"06","2020",0,26.1,"-11.775 143.875"
"3175599","2020-07-02T12:00:00Z",-11.175,143.225,"0.0",0,"25.76","0.7000000000000001",0,2020-07-02,"07","2020",0,25.76,"-11.175 143.225"
"3175764","2020-07-02T12:00:00Z",-11.375,143.275,"0.0",0,"25.73","0.72",0,2020-07-02,"07","2020",0,25.73,"-11.375 143.275"
"3175765","2020-07-02T12:00:00Z",-11.375,143.325,"0.0",0,"25.75","0.72",0,2020-07-02,"07","2020",0,25.75,"-11.375 143.325"
"3176103","2020-07-02T12:00:00Z",-11.775,143.825,"0.0",0,"25.72","0.63",0,2020-07-02,"07","2020",0,25.72,"-11.775 143.825"
"3176104","2020-07-02T12:00:00Z",-11.775,143.875,"0.0",0,"25.72","0.62",0,2020-07-02,"07","2020",0,25.72,"-11.775 143.875"
"3187366","2020-07-09T12:00:00Z",-11.175,143.225,"0.0",0,"25.03","0.18",0,2020-07-09,"07","2020",0,25.03,"-11.175 143.225"
"3187531","2020-07-09T12:00:00Z",-11.375,143.275,"0.0",0,"24.98","0.18",0,2020-07-09,"07","2020",0,24.98,"-11.375 143.275"
"3187532","2020-07-09T12:00:00Z",-11.375,143.325,"0.0",0,"24.990000000000002","0.17",0,2020-07-09,"07","2020",0,24.99,"-11.375 143.325"
"3187870","2020-07-09T12:00:00Z",-11.775,143.825,"0.0",0,"25.34","0.42",0,2020-07-09,"07","2020",0,25.34,"-11.775 143.825"
"3187871","2020-07-09T12:00:00Z",-11.775,143.875,"0.0",0,"25.38","0.44",0,2020-07-09,"07","2020",0,25.38,"-11.775 143.875"
"3199133","2020-07-16T12:00:00Z",-11.175,143.225,"0.0",0,"25.13","0.47000000000000003",0,2020-07-16,"07","2020",0,25.13,"-11.175 143.225"
"3199298","2020-07-16T12:00:00Z",-11.375,143.275,"0.0",0,"25.04","0.43",0,2020-07-16,"07","2020",0,25.04,"-11.375 143.275"
"3199299","2020-07-16T12:00:00Z",-11.375,143.325,"0.0",0,"25.080000000000002","0.45",0,2020-07-16,"07","2020",0,25.08,"-11.375 143.325"
"3199637","2020-07-16T12:00:00Z",-11.775,143.825,"0.0",0,"25.42","0.65",0,2020-07-16,"07","2020",0,25.42,"-11.775 143.825"
"3199638","2020-07-16T12:00:00Z",-11.775,143.875,"0.0",0,"25.44","0.65",0,2020-07-16,"07","2020",0,25.44,"-11.775 143.875"
"3210900","2020-07-23T12:00:00Z",-11.175,143.225,"0.0",0,"25.18","0.55",0,2020-07-23,"07","2020",0,25.18,"-11.175 143.225"
"3211065","2020-07-23T12:00:00Z",-11.375,143.275,"0.0",0,"25.12","0.55",0,2020-07-23,"07","2020",0,25.12,"-11.375 143.275"
"3211066","2020-07-23T12:00:00Z",-11.375,143.325,"0.0",0,"25.150000000000002","0.56",0,2020-07-23,"07","2020",0,25.15,"-11.375 143.325"
"3211404","2020-07-23T12:00:00Z",-11.775,143.825,"0.0",0,"25.330000000000002","0.62",0,2020-07-23,"07","2020",0,25.33,"-11.775 143.825"
"3211405","2020-07-23T12:00:00Z",-11.775,143.875,"0.0",0,"25.35","0.62",0,2020-07-23,"07","2020",0,25.35,"-11.775 143.875"
"3222667","2020-07-30T12:00:00Z",-11.175,143.225,"0.0",0,"25.34","0.75",0,2020-07-30,"07","2020",0,25.34,"-11.175 143.225"
"3222832","2020-07-30T12:00:00Z",-11.375,143.275,"0.0",0,"25.19","0.66",0,2020-07-30,"07","2020",0,25.19,"-11.375 143.275"
"3222833","2020-07-30T12:00:00Z",-11.375,143.325,"0.0",0,"25.240000000000002","0.6900000000000001",0,2020-07-30,"07","2020",0,25.24,"-11.375 143.325"
"3223171","2020-07-30T12:00:00Z",-11.775,143.825,"0.0",0,"25.37","0.72",0,2020-07-30,"07","2020",0,25.37,"-11.775 143.825"
"3223172","2020-07-30T12:00:00Z",-11.775,143.875,"0.0",0,"25.39","0.72",0,2020-07-30,"07","2020",0,25.39,"-11.775 143.875"
"3234434","2020-08-06T12:00:00Z",-11.175,143.225,"0.0",0,"25.11","0.56",0,2020-08-06,"08","2020",0,25.11,"-11.175 143.225"
"3234599","2020-08-06T12:00:00Z",-11.375,143.275,"0.0",0,"24.96","0.47000000000000003",0,2020-08-06,"08","2020",0,24.96,"-11.375 143.275"
"3234600","2020-08-06T12:00:00Z",-11.375,143.325,"0.0",0,"25.0","0.49",0,2020-08-06,"08","2020",0,25,"-11.375 143.325"
"3234938","2020-08-06T12:00:00Z",-11.775,143.825,"0.0",0,"25.14","0.54",0,2020-08-06,"08","2020",0,25.14,"-11.775 143.825"
"3234939","2020-08-06T12:00:00Z",-11.775,143.875,"0.0",0,"25.17","0.55",0,2020-08-06,"08","2020",0,25.17,"-11.775 143.875"
"3246201","2020-08-13T12:00:00Z",-11.175,143.225,"0.0",0,"25.77","1.26",0,2020-08-13,"08","2020",0,25.77,"-11.175 143.225"
"3246366","2020-08-13T12:00:00Z",-11.375,143.275,"0.0",0,"25.55","1.1",0,2020-08-13,"08","2020",0,25.55,"-11.375 143.275"
"3246367","2020-08-13T12:00:00Z",-11.375,143.325,"0.0",0,"25.57","1.11",0,2020-08-13,"08","2020",0,25.57,"-11.375 143.325"
"3246705","2020-08-13T12:00:00Z",-11.775,143.825,"0.0",0,"25.57","1.03",0,2020-08-13,"08","2020",0,25.57,"-11.775 143.825"
"3246706","2020-08-13T12:00:00Z",-11.775,143.875,"0.0",0,"25.57","1.01",0,2020-08-13,"08","2020",0,25.57,"-11.775 143.875"
"3257968","2020-08-20T12:00:00Z",-11.175,143.225,"0.0",0,"25.98","1.3800000000000001",0,2020-08-20,"08","2020",0,25.98,"-11.175 143.225"
"3258133","2020-08-20T12:00:00Z",-11.375,143.275,"0.0",0,"25.85","1.31",0,2020-08-20,"08","2020",0,25.85,"-11.375 143.275"
"3258134","2020-08-20T12:00:00Z",-11.375,143.325,"0.0",0,"25.87","1.32",0,2020-08-20,"08","2020",0,25.87,"-11.375 143.325"
"3258472","2020-08-20T12:00:00Z",-11.775,143.825,"0.0",0,"25.55","0.97",0,2020-08-20,"08","2020",0,25.55,"-11.775 143.825"
"3258473","2020-08-20T12:00:00Z",-11.775,143.875,"0.0",0,"25.560000000000002","0.96",0,2020-08-20,"08","2020",0,25.56,"-11.775 143.875"
"3269735","2020-08-27T12:00:00Z",-11.175,143.225,"0.0",0,"25.44","0.6900000000000001",0,2020-08-27,"08","2020",0,25.44,"-11.175 143.225"
"3269900","2020-08-27T12:00:00Z",-11.375,143.275,"0.0",0,"25.28","0.59",0,2020-08-27,"08","2020",0,25.28,"-11.375 143.275"
"3269901","2020-08-27T12:00:00Z",-11.375,143.325,"0.0",0,"25.310000000000002","0.62",0,2020-08-27,"08","2020",0,25.31,"-11.375 143.325"
"3270239","2020-08-27T12:00:00Z",-11.775,143.825,"0.0",0,"25.080000000000002","0.41000000000000003",0,2020-08-27,"08","2020",0,25.08,"-11.775 143.825"
"3270240","2020-08-27T12:00:00Z",-11.775,143.875,"0.0",0,"25.09","0.41000000000000003",0,2020-08-27,"08","2020",0,25.09,"-11.775 143.875"
"3281502","2020-09-03T12:00:00Z",-11.175,143.225,"0.0",0,"25.35","0.45",0,2020-09-03,"09","2020",0,25.35,"-11.175 143.225"
"3281667","2020-09-03T12:00:00Z",-11.375,143.275,"0.0",0,"25.27","0.44",0,2020-09-03,"09","2020",0,25.27,"-11.375 143.275"
"3281668","2020-09-03T12:00:00Z",-11.375,143.325,"0.0",0,"25.27","0.43",0,2020-09-03,"09","2020",0,25.27,"-11.375 143.325"
"3282006","2020-09-03T12:00:00Z",-11.775,143.825,"0.0",0,"25.2","0.45",0,2020-09-03,"09","2020",0,25.2,"-11.775 143.825"
"3282007","2020-09-03T12:00:00Z",-11.775,143.875,"0.0",0,"25.21","0.45",0,2020-09-03,"09","2020",0,25.21,"-11.775 143.875"
"3293269","2020-09-10T12:00:00Z",-11.175,143.225,"0.0",0,"25.3","0.25",0,2020-09-10,"09","2020",0,25.3,"-11.175 143.225"
"3293434","2020-09-10T12:00:00Z",-11.375,143.275,"0.0",0,"25.2","0.22",0,2020-09-10,"09","2020",0,25.2,"-11.375 143.275"
"3293435","2020-09-10T12:00:00Z",-11.375,143.325,"0.0",0,"25.2","0.22",0,2020-09-10,"09","2020",0,25.2,"-11.375 143.325"
"3293773","2020-09-10T12:00:00Z",-11.775,143.825,"0.0",0,"25.38","0.54",0,2020-09-10,"09","2020",0,25.38,"-11.775 143.825"
"3293774","2020-09-10T12:00:00Z",-11.775,143.875,"0.0",0,"25.38","0.54",0,2020-09-10,"09","2020",0,25.38,"-11.775 143.875"
"3305036","2020-09-17T12:00:00Z",-11.175,143.225,"0.0",0,"25.44","0.22",0,2020-09-17,"09","2020",0,25.44,"-11.175 143.225"
"3305201","2020-09-17T12:00:00Z",-11.375,143.275,"0.0",0,"25.32","0.16",0,2020-09-17,"09","2020",0,25.32,"-11.375 143.275"
"3305202","2020-09-17T12:00:00Z",-11.375,143.325,"0.0",0,"25.34","0.18",0,2020-09-17,"09","2020",0,25.34,"-11.375 143.325"
"3305540","2020-09-17T12:00:00Z",-11.775,143.825,"0.0",0,"25.28","0.31",0,2020-09-17,"09","2020",0,25.28,"-11.775 143.825"
"3305541","2020-09-17T12:00:00Z",-11.775,143.875,"0.0",0,"25.3","0.34",0,2020-09-17,"09","2020",0,25.3,"-11.775 143.875"
"3316803","2020-09-24T12:00:00Z",-11.175,143.225,"0.0",0,"26.05","0.56",0,2020-09-24,"09","2020",0,26.05,"-11.175 143.225"
"3316968","2020-09-24T12:00:00Z",-11.375,143.275,"0.0",0,"26.07","0.65",0,2020-09-24,"09","2020",0,26.07,"-11.375 143.275"
"3316969","2020-09-24T12:00:00Z",-11.375,143.325,"0.0",0,"26.060000000000002","0.64",0,2020-09-24,"09","2020",0,26.06,"-11.375 143.325"
"3317307","2020-09-24T12:00:00Z",-11.775,143.825,"0.0",0,"25.830000000000002","0.63",0,2020-09-24,"09","2020",0,25.83,"-11.775 143.825"
"3317308","2020-09-24T12:00:00Z",-11.775,143.875,"0.0",0,"25.810000000000002","0.62",0,2020-09-24,"09","2020",0,25.81,"-11.775 143.875"
"3328570","2020-10-01T12:00:00Z",-11.175,143.225,"0.0",0,"26.14","0.39",0,2020-10-01,"10","2020",0,26.14,"-11.175 143.225"
"3328735","2020-10-01T12:00:00Z",-11.375,143.275,"0.0",0,"26.02","0.33",0,2020-10-01,"10","2020",0,26.02,"-11.375 143.275"
"3328736","2020-10-01T12:00:00Z",-11.375,143.325,"0.0",0,"26.02","0.34",0,2020-10-01,"10","2020",0,26.02,"-11.375 143.325"
"3329074","2020-10-01T12:00:00Z",-11.775,143.825,"0.0",0,"25.8","0.37",0,2020-10-01,"10","2020",0,25.8,"-11.775 143.825"
"3329075","2020-10-01T12:00:00Z",-11.775,143.875,"0.0",0,"25.8","0.38",0,2020-10-01,"10","2020",0,25.8,"-11.775 143.875"
"3340337","2020-10-08T12:00:00Z",-11.175,143.225,"0.0",0,"25.8","-0.21",0,2020-10-08,"10","2020",0,25.8,"-11.175 143.225"
"3340502","2020-10-08T12:00:00Z",-11.375,143.275,"0.0",0,"25.67","-0.29",0,2020-10-08,"10","2020",0,25.67,"-11.375 143.275"
"3340503","2020-10-08T12:00:00Z",-11.375,143.325,"0.0",0,"25.67","-0.28",0,2020-10-08,"10","2020",0,25.67,"-11.375 143.325"
"3340841","2020-10-08T12:00:00Z",-11.775,143.825,"0.0",0,"25.78","0.11",0,2020-10-08,"10","2020",0,25.78,"-11.775 143.825"
"3340842","2020-10-08T12:00:00Z",-11.775,143.875,"0.0",0,"25.76","0.12",0,2020-10-08,"10","2020",0,25.76,"-11.775 143.875"
"3352104","2020-10-15T12:00:00Z",-11.175,143.225,"0.0",0,"26.16","-0.11",0,2020-10-15,"10","2020",0,26.16,"-11.175 143.225"
"3352269","2020-10-15T12:00:00Z",-11.375,143.275,"0.0",0,"26.09","-0.14",0,2020-10-15,"10","2020",0,26.09,"-11.375 143.275"
"3352270","2020-10-15T12:00:00Z",-11.375,143.325,"0.0",0,"26.080000000000002","-0.13",0,2020-10-15,"10","2020",0,26.08,"-11.375 143.325"
"3352608","2020-10-15T12:00:00Z",-11.775,143.825,"0.0",0,"25.77","-0.13",0,2020-10-15,"10","2020",0,25.77,"-11.775 143.825"
"3352609","2020-10-15T12:00:00Z",-11.775,143.875,"0.0",0,"25.76","-0.11",0,2020-10-15,"10","2020",0,25.76,"-11.775 143.875"
"3363871","2020-10-22T12:00:00Z",-11.175,143.225,"0.0",0,"26.72","0.12",0,2020-10-22,"10","2020",0,26.72,"-11.175 143.225"
"3364036","2020-10-22T12:00:00Z",-11.375,143.275,"0.0",0,"26.66","0.1",0,2020-10-22,"10","2020",0,26.66,"-11.375 143.275"
"3364037","2020-10-22T12:00:00Z",-11.375,143.325,"0.0",0,"26.650000000000002","0.11",0,2020-10-22,"10","2020",0,26.65,"-11.375 143.325"
"3364375","2020-10-22T12:00:00Z",-11.775,143.825,"0.0",0,"26.310000000000002","0.13",0,2020-10-22,"10","2020",0,26.31,"-11.775 143.825"
"3364376","2020-10-22T12:00:00Z",-11.775,143.875,"0.0",0,"26.28","0.13",0,2020-10-22,"10","2020",0,26.28,"-11.775 143.875"
"3375638","2020-10-29T12:00:00Z",-11.175,143.225,"0.0",0,"27.48","0.55",0,2020-10-29,"10","2020",0,27.48,"-11.175 143.225"
"3375803","2020-10-29T12:00:00Z",-11.375,143.275,"0.0",0,"27.62","0.73",0,2020-10-29,"10","2020",0,27.62,"-11.375 143.275"
"3375804","2020-10-29T12:00:00Z",-11.375,143.325,"0.0",0,"27.6","0.73",0,2020-10-29,"10","2020",0,27.6,"-11.375 143.325"
"3376142","2020-10-29T12:00:00Z",-11.775,143.825,"0.0",0,"26.86","0.4",0,2020-10-29,"10","2020",0,26.86,"-11.775 143.825"
"3376143","2020-10-29T12:00:00Z",-11.775,143.875,"0.0",0,"26.830000000000002","0.4",0,2020-10-29,"10","2020",0,26.83,"-11.775 143.875"
"3387405","2020-11-05T12:00:00Z",-11.175,143.225,"0.0",0,"27.96","0.7000000000000001",0,2020-11-05,"11","2020",0,27.96,"-11.175 143.225"
"3387570","2020-11-05T12:00:00Z",-11.375,143.275,"0.0",0,"27.97","0.75",0,2020-11-05,"11","2020",0,27.97,"-11.375 143.275"
"3387571","2020-11-05T12:00:00Z",-11.375,143.325,"0.0",0,"27.92","0.72",0,2020-11-05,"11","2020",0,27.92,"-11.375 143.325"
"3387909","2020-11-05T12:00:00Z",-11.775,143.825,"0.0",0,"27.21","0.47000000000000003",0,2020-11-05,"11","2020",0,27.21,"-11.775 143.825"
"3387910","2020-11-05T12:00:00Z",-11.775,143.875,"0.0",0,"27.18","0.48",0,2020-11-05,"11","2020",0,27.18,"-11.775 143.875"
"3399172","2020-11-12T12:00:00Z",-11.175,143.225,"0.0",0,"27.85","0.26",0,2020-11-12,"11","2020",0,27.85,"-11.175 143.225"
"3399337","2020-11-12T12:00:00Z",-11.375,143.275,"0.0",0,"27.89","0.34",0,2020-11-12,"11","2020",0,27.89,"-11.375 143.275"
"3399338","2020-11-12T12:00:00Z",-11.375,143.325,"0.0",0,"27.89","0.36",0,2020-11-12,"11","2020",0,27.89,"-11.375 143.325"
"3399676","2020-11-12T12:00:00Z",-11.775,143.825,"0.0",0,"27.16","0.14",0,2020-11-12,"11","2020",0,27.16,"-11.775 143.825"
"3399677","2020-11-12T12:00:00Z",-11.775,143.875,"0.0",0,"27.150000000000002","0.17",0,2020-11-12,"11","2020",0,27.15,"-11.775 143.875"
"3410939","2020-11-19T12:00:00Z",-11.175,143.225,"0.0",0,"28.32","0.44",0,2020-11-19,"11","2020",0,28.32,"-11.175 143.225"
"3411104","2020-11-19T12:00:00Z",-11.375,143.275,"0.0",0,"28.32","0.48",0,2020-11-19,"11","2020",0,28.32,"-11.375 143.275"
"3411105","2020-11-19T12:00:00Z",-11.375,143.325,"0.0",0,"28.32","0.5",0,2020-11-19,"11","2020",0,28.32,"-11.375 143.325"
"3411443","2020-11-19T12:00:00Z",-11.775,143.825,"0.0",0,"27.650000000000002","0.35000000000000003",0,2020-11-19,"11","2020",0,27.65,"-11.775 143.825"
"3411444","2020-11-19T12:00:00Z",-11.775,143.875,"0.0",0,"27.64","0.38",0,2020-11-19,"11","2020",0,27.64,"-11.775 143.875"
"3422706","2020-11-26T12:00:00Z",-11.175,143.225,"0.0",0,"28.52","0.38",0,2020-11-26,"11","2020",0,28.52,"-11.175 143.225"
"3422871","2020-11-26T12:00:00Z",-11.375,143.275,"0.0",0,"28.490000000000002","0.4",0,2020-11-26,"11","2020",0,28.49,"-11.375 143.275"
"3422872","2020-11-26T12:00:00Z",-11.375,143.325,"0.0",0,"28.46","0.39",0,2020-11-26,"11","2020",0,28.46,"-11.375 143.325"
"3423210","2020-11-26T12:00:00Z",-11.775,143.825,"0.0",0,"28.12","0.54",0,2020-11-26,"11","2020",0,28.12,"-11.775 143.825"
"3423211","2020-11-26T12:00:00Z",-11.775,143.875,"0.0",0,"28.09","0.56",0,2020-11-26,"11","2020",0,28.09,"-11.775 143.875"
"3434473","2020-12-03T12:00:00Z",-11.175,143.225,"0.0",0,"28.79","0.39",0,2020-12-03,"12","2020",0,28.79,"-11.175 143.225"
"3434638","2020-12-03T12:00:00Z",-11.375,143.275,"0.0",0,"28.76","0.41000000000000003",0,2020-12-03,"12","2020",0,28.76,"-11.375 143.275"
"3434639","2020-12-03T12:00:00Z",-11.375,143.325,"0.0",0,"28.72","0.39",0,2020-12-03,"12","2020",0,28.72,"-11.375 143.325"
"3434977","2020-12-03T12:00:00Z",-11.775,143.825,"0.0",0,"28.25","0.4",0,2020-12-03,"12","2020",0,28.25,"-11.775 143.825"
"3434978","2020-12-03T12:00:00Z",-11.775,143.875,"0.0",0,"28.240000000000002","0.43",0,2020-12-03,"12","2020",0,28.24,"-11.775 143.875"
"3446240","2020-12-10T12:00:00Z",-11.175,143.225,"0.0",0,"29.55","0.89",0,2020-12-10,"12","2020",0,29.55,"-11.175 143.225"
"3446405","2020-12-10T12:00:00Z",-11.375,143.275,"0.0",0,"29.5","0.89",0,2020-12-10,"12","2020",0,29.5,"-11.375 143.275"
"3446406","2020-12-10T12:00:00Z",-11.375,143.325,"0.0",0,"29.490000000000002","0.9",0,2020-12-10,"12","2020",0,29.49,"-11.375 143.325"
"3446744","2020-12-10T12:00:00Z",-11.775,143.825,"0.0",0,"28.87","0.74",0,2020-12-10,"12","2020",0,28.87,"-11.775 143.825"
"3446745","2020-12-10T12:00:00Z",-11.775,143.875,"0.0",0,"28.87","0.79",0,2020-12-10,"12","2020",0,28.87,"-11.775 143.875"
"3458007","2020-12-17T12:00:00Z",-11.175,143.225,"0.0",0,"29.79","0.92",0,2020-12-17,"12","2020",0,29.79,"-11.175 143.225"
"3458172","2020-12-17T12:00:00Z",-11.375,143.275,"0.0",0,"29.72","0.91",0,2020-12-17,"12","2020",0,29.72,"-11.375 143.275"
"3458173","2020-12-17T12:00:00Z",-11.375,143.325,"0.0",0,"29.72","0.93",0,2020-12-17,"12","2020",0,29.72,"-11.375 143.325"
"3458511","2020-12-17T12:00:00Z",-11.775,143.825,"0.15",0,"29.580000000000002","1.24",0,2020-12-17,"12","2020",0.15,29.58,"-11.775 143.825"
"3458512","2020-12-17T12:00:00Z",-11.775,143.875,"0.15",0,"29.580000000000002","1.29",0,2020-12-17,"12","2020",0.15,29.58,"-11.775 143.875"
"3469774","2020-12-24T12:00:00Z",-11.175,143.225,"0.7000000000000001",0,"30.43","1.5",0,2020-12-24,"12","2020",0.7,30.43,"-11.175 143.225"
"3469939","2020-12-24T12:00:00Z",-11.375,143.275,"0.68",0,"30.36","1.47",0,2020-12-24,"12","2020",0.68,30.36,"-11.375 143.275"
"3469940","2020-12-24T12:00:00Z",-11.375,143.325,"0.67",0,"30.35","1.48",0,2020-12-24,"12","2020",0.67,30.35,"-11.375 143.325"
"3470278","2020-12-24T12:00:00Z",-11.775,143.825,"0.65",0,"29.78","1.3900000000000001",0,2020-12-24,"12","2020",0.65,29.78,"-11.775 143.825"
"3470279","2020-12-24T12:00:00Z",-11.775,143.875,"0.81",0,"29.78","1.44",0,2020-12-24,"12","2020",0.81,29.78,"-11.775 143.875"
"3481541","2020-12-31T12:00:00Z",-11.175,143.225,"1.6",0,"30.23","1.24",0,2020-12-31,"12","2020",1.6,30.23,"-11.175 143.225"
"3481706","2020-12-31T12:00:00Z",-11.375,143.275,"1.6",0,"30.25","1.29",0,2020-12-31,"12","2020",1.6,30.25,"-11.375 143.275"
"3481707","2020-12-31T12:00:00Z",-11.375,143.325,"1.61",0,"30.25","1.3",0,2020-12-31,"12","2020",1.61,30.25,"-11.375 143.325"
"3482045","2020-12-31T12:00:00Z",-11.775,143.825,"1.33",0,"29.71","1.27",0,2020-12-31,"12","2020",1.33,29.71,"-11.775 143.825"
"3482046","2020-12-31T12:00:00Z",-11.775,143.875,"1.82",0,"29.71","1.32",0,2020-12-31,"12","2020",1.82,29.71,"-11.775 143.875"
"3493308","2021-01-07T12:00:00Z",-11.175,143.225,"2.45",0,"30.22","1.16",0,2021-01-07,"01","2021",2.45,30.22,"-11.175 143.225"
"3493473","2021-01-07T12:00:00Z",-11.375,143.275,"2.12",0,"30.11","1.08",0,2021-01-07,"01","2021",2.12,30.11,"-11.375 143.275"
"3493474","2021-01-07T12:00:00Z",-11.375,143.325,"2.43",0,"30.13","1.11",0,2021-01-07,"01","2021",2.43,30.13,"-11.375 143.325"
"3493812","2021-01-07T12:00:00Z",-11.775,143.825,"2.71",0,"29.78","1.29",0,2021-01-07,"01","2021",2.71,29.78,"-11.775 143.825"
"3493813","2021-01-07T12:00:00Z",-11.775,143.875,"3.23",0,"29.73","1.29",0,2021-01-07,"01","2021",3.23,29.73,"-11.775 143.875"
"3505075","2021-01-14T12:00:00Z",-11.175,143.225,"3.7",0,"30.26","1.1400000000000001",0,2021-01-14,"01","2021",3.7,30.26,"-11.175 143.225"
"3505240","2021-01-14T12:00:00Z",-11.375,143.275,"3.14",0,"30.25","1.1400000000000001",0,2021-01-14,"01","2021",3.14,30.25,"-11.375 143.275"
"3505241","2021-01-14T12:00:00Z",-11.375,143.325,"3.62",0,"30.25","1.1500000000000001",0,2021-01-14,"01","2021",3.62,30.25,"-11.375 143.325"
"3505579","2021-01-14T12:00:00Z",-11.775,143.825,"4.0",0,"29.61","1.07",0,2021-01-14,"01","2021",4,29.61,"-11.775 143.825"
"3505580","2021-01-14T12:00:00Z",-11.775,143.875,"4.5600000000000005",0,"29.62","1.1300000000000001",0,2021-01-14,"01","2021",4.56,29.62,"-11.775 143.875"
"3516842","2021-01-21T12:00:00Z",-11.175,143.225,"4.95",0,"30.32","1.25",0,2021-01-21,"01","2021",4.95,30.32,"-11.175 143.225"
"3517007","2021-01-21T12:00:00Z",-11.375,143.275,"4.2700000000000005",0,"30.3","1.23",0,2021-01-21,"01","2021",4.27,30.3,"-11.375 143.275"
"3517008","2021-01-21T12:00:00Z",-11.375,143.325,"4.9",0,"30.310000000000002","1.25",0,2021-01-21,"01","2021",4.9,30.31,"-11.375 143.325"
"3517346","2021-01-21T12:00:00Z",-11.775,143.825,"5.03",0,"29.62","1.1",0,2021-01-21,"01","2021",5.03,29.62,"-11.775 143.825"
"3517347","2021-01-21T12:00:00Z",-11.775,143.875,"5.76",0,"29.63","1.16",0,2021-01-21,"01","2021",5.76,29.63,"-11.775 143.875"
"3528609","2021-01-28T12:00:00Z",-11.175,143.225,"5.53",0,"29.97","0.97",0,2021-01-28,"01","2021",5.53,29.97,"-11.175 143.225"
"3528774","2021-01-28T12:00:00Z",-11.375,143.275,"4.41",0,"29.94","0.9400000000000001",0,2021-01-28,"01","2021",4.41,29.94,"-11.375 143.275"
"3528775","2021-01-28T12:00:00Z",-11.375,143.325,"5.49",0,"29.96","0.97",0,2021-01-28,"01","2021",5.49,29.96,"-11.375 143.325"
"3529113","2021-01-28T12:00:00Z",-11.775,143.825,"5.03",0,"29.41","0.92",0,2021-01-28,"01","2021",5.03,29.41,"-11.775 143.825"
"3529114","2021-01-28T12:00:00Z",-11.775,143.875,"5.91",0,"29.42","0.98",0,2021-01-28,"01","2021",5.91,29.42,"-11.775 143.875"
"3540376","2021-02-04T12:00:00Z",-11.175,143.225,"5.53",0,"29.55","0.61",0,2021-02-04,"02","2021",5.53,29.55,"-11.175 143.225"
"3540541","2021-02-04T12:00:00Z",-11.375,143.275,"4.41",0,"29.59","0.65",0,2021-02-04,"02","2021",4.41,29.59,"-11.375 143.275"
"3540542","2021-02-04T12:00:00Z",-11.375,143.325,"5.49",0,"29.59","0.66",0,2021-02-04,"02","2021",5.49,29.59,"-11.375 143.325"
"3540880","2021-02-04T12:00:00Z",-11.775,143.825,"5.03",0,"29.21","0.76",0,2021-02-04,"02","2021",5.03,29.21,"-11.775 143.825"
"3540881","2021-02-04T12:00:00Z",-11.775,143.875,"5.91",0,"29.18","0.77",0,2021-02-04,"02","2021",5.91,29.18,"-11.775 143.875"
"3552143","2021-02-11T12:00:00Z",-11.175,143.225,"5.53",0,"29.23","0.36",0,2021-02-11,"02","2021",5.53,29.23,"-11.175 143.225"
"3552308","2021-02-11T12:00:00Z",-11.375,143.275,"4.41",0,"29.39","0.51",0,2021-02-11,"02","2021",4.41,29.39,"-11.375 143.275"
"3552309","2021-02-11T12:00:00Z",-11.375,143.325,"5.49",0,"29.41","0.54",0,2021-02-11,"02","2021",5.49,29.41,"-11.375 143.325"
"3552647","2021-02-11T12:00:00Z",-11.775,143.825,"5.03",0,"29.29","0.87",0,2021-02-11,"02","2021",5.03,29.29,"-11.775 143.825"
"3552648","2021-02-11T12:00:00Z",-11.775,143.875,"5.91",0,"29.240000000000002","0.86",0,2021-02-11,"02","2021",5.91,29.24,"-11.775 143.875"
"3563910","2021-02-18T12:00:00Z",-11.175,143.225,"5.53",0,"29.44","0.64",0,2021-02-18,"02","2021",5.53,29.44,"-11.175 143.225"
"3564075","2021-02-18T12:00:00Z",-11.375,143.275,"4.41",0,"29.5","0.6900000000000001",0,2021-02-18,"02","2021",4.41,29.5,"-11.375 143.275"
"3564076","2021-02-18T12:00:00Z",-11.375,143.325,"5.49",0,"29.52","0.72",0,2021-02-18,"02","2021",5.49,29.52,"-11.375 143.325"
"3564414","2021-02-18T12:00:00Z",-11.775,143.825,"5.03",0,"29.25","0.87",0,2021-02-18,"02","2021",5.03,29.25,"-11.775 143.825"
"3564415","2021-02-18T12:00:00Z",-11.775,143.875,"5.91",0,"29.22","0.88",0,2021-02-18,"02","2021",5.91,29.22,"-11.775 143.875"
"3575677","2021-02-25T12:00:00Z",-11.175,143.225,"5.53",0,"29.48","0.75",0,2021-02-25,"02","2021",5.53,29.48,"-11.175 143.225"
"3575842","2021-02-25T12:00:00Z",-11.375,143.275,"4.41",0,"29.42","0.68",0,2021-02-25,"02","2021",4.41,29.42,"-11.375 143.275"
"3575843","2021-02-25T12:00:00Z",-11.375,143.325,"5.49",0,"29.5","0.77",0,2021-02-25,"02","2021",5.49,29.5,"-11.375 143.325"
"3576181","2021-02-25T12:00:00Z",-11.775,143.825,"5.18",0,"29.6","1.26",0,2021-02-25,"02","2021",5.18,29.6,"-11.775 143.825"
"3576182","2021-02-25T12:00:00Z",-11.775,143.875,"6.0600000000000005",0,"29.6","1.29",0,2021-02-25,"02","2021",6.06,29.6,"-11.775 143.875"
"3587444","2021-03-04T12:00:00Z",-11.175,143.225,"5.53",0,"28.92","0.27",0,2021-03-04,"03","2021",5.53,28.92,"-11.175 143.225"
"3587609","2021-03-04T12:00:00Z",-11.375,143.275,"4.41",0,"28.990000000000002","0.33",0,2021-03-04,"03","2021",4.41,28.99,"-11.375 143.275"
"3587610","2021-03-04T12:00:00Z",-11.375,143.325,"5.49",0,"28.98","0.32",0,2021-03-04,"03","2021",5.49,28.98,"-11.375 143.325"
"3587948","2021-03-04T12:00:00Z",-11.775,143.825,"5.34",0,"28.78","0.48",0,2021-03-04,"03","2021",5.34,28.78,"-11.775 143.825"
"3587949","2021-03-04T12:00:00Z",-11.775,143.875,"6.23",0,"28.75","0.48",0,2021-03-04,"03","2021",6.23,28.75,"-11.775 143.875"
"3599211","2021-03-11T12:00:00Z",-11.175,143.225,"5.53",0,"29.03","0.45",0,2021-03-11,"03","2021",5.53,29.03,"-11.175 143.225"
"3599376","2021-03-11T12:00:00Z",-11.375,143.275,"4.41",0,"29.11","0.52",0,2021-03-11,"03","2021",4.41,29.11,"-11.375 143.275"
"3599377","2021-03-11T12:00:00Z",-11.375,143.325,"5.49",0,"29.1","0.51",0,2021-03-11,"03","2021",5.49,29.1,"-11.375 143.325"
"3599715","2021-03-11T12:00:00Z",-11.775,143.825,"5.19",0,"28.37","0.12",0,2021-03-11,"03","2021",5.19,28.37,"-11.775 143.825"
"3599716","2021-03-11T12:00:00Z",-11.775,143.875,"6.08",0,"28.36","0.12",0,2021-03-11,"03","2021",6.08,28.36,"-11.775 143.875"
"3610978","2021-03-18T12:00:00Z",-11.175,143.225,"4.83",0,"29.63","1.16",0,2021-03-18,"03","2021",4.83,29.63,"-11.175 143.225"
"3611143","2021-03-18T12:00:00Z",-11.375,143.275,"3.73",0,"29.560000000000002","1.09",0,2021-03-18,"03","2021",3.73,29.56,"-11.375 143.275"
"3611144","2021-03-18T12:00:00Z",-11.375,143.325,"4.8100000000000005",0,"29.560000000000002","1.09",0,2021-03-18,"03","2021",4.81,29.56,"-11.375 143.325"
"3611482","2021-03-18T12:00:00Z",-11.775,143.825,"4.69",0,"28.73","0.5700000000000001",0,2021-03-18,"03","2021",4.69,28.73,"-11.775 143.825"
"3611483","2021-03-18T12:00:00Z",-11.775,143.875,"5.42",0,"28.69","0.54",0,2021-03-18,"03","2021",5.42,28.69,"-11.775 143.875"
"3622745","2021-03-25T12:00:00Z",-11.175,143.225,"3.92",0,"30.04","1.75",0,2021-03-25,"03","2021",3.92,30.04,"-11.175 143.225"
"3622910","2021-03-25T12:00:00Z",-11.375,143.275,"2.81",0,"29.900000000000002","1.62",0,2021-03-25,"03","2021",2.81,29.9,"-11.375 143.275"
"3622911","2021-03-25T12:00:00Z",-11.375,143.325,"3.87",0,"29.88","1.61",0,2021-03-25,"03","2021",3.87,29.88,"-11.375 143.325"
"3623249","2021-03-25T12:00:00Z",-11.775,143.825,"4.01",0,"29.01","1.02",0,2021-03-25,"03","2021",4.01,29.01,"-11.775 143.825"
"3623250","2021-03-25T12:00:00Z",-11.775,143.875,"4.41",0,"29.0","1.02",0,2021-03-25,"03","2021",4.41,29,"-11.775 143.875"
"3634512","2021-04-01T12:00:00Z",-11.175,143.225,"3.22",0,"29.14","1.02",0,2021-04-01,"04","2021",3.22,29.14,"-11.175 143.225"
"3634677","2021-04-01T12:00:00Z",-11.375,143.275,"2.43",0,"29.060000000000002","0.98",0,2021-04-01,"04","2021",2.43,29.06,"-11.375 143.275"
"3634678","2021-04-01T12:00:00Z",-11.375,143.325,"3.06",0,"29.05","0.97",0,2021-04-01,"04","2021",3.06,29.05,"-11.375 143.325"
"3635016","2021-04-01T12:00:00Z",-11.775,143.825,"2.63",0,"28.560000000000002","0.74",0,2021-04-01,"04","2021",2.63,28.56,"-11.775 143.825"
"3635017","2021-04-01T12:00:00Z",-11.775,143.875,"3.0",0,"28.54","0.73",0,2021-04-01,"04","2021",3,28.54,"-11.775 143.875"
"3646279","2021-04-08T12:00:00Z",-11.175,143.225,"1.98",0,"28.97","1.03",0,2021-04-08,"04","2021",1.98,28.97,"-11.175 143.225"
"3646444","2021-04-08T12:00:00Z",-11.375,143.275,"1.41",0,"28.78","0.89",0,2021-04-08,"04","2021",1.41,28.78,"-11.375 143.275"
"3646445","2021-04-08T12:00:00Z",-11.375,143.325,"1.87",0,"28.76","0.88",0,2021-04-08,"04","2021",1.87,28.76,"-11.375 143.325"
"3646783","2021-04-08T12:00:00Z",-11.775,143.825,"1.34",0,"28.35","0.7000000000000001",0,2021-04-08,"04","2021",1.34,28.35,"-11.775 143.825"
"3646784","2021-04-08T12:00:00Z",-11.775,143.875,"1.67",0,"28.37","0.73",0,2021-04-08,"04","2021",1.67,28.37,"-11.775 143.875"
"3658046","2021-04-15T12:00:00Z",-11.175,143.225,"0.73",0,"29.21","1.44",0,2021-04-15,"04","2021",0.73,29.21,"-11.175 143.225"
"3658211","2021-04-15T12:00:00Z",-11.375,143.275,"0.29",0,"29.0","1.3",0,2021-04-15,"04","2021",0.29,29,"-11.375 143.275"
"3658212","2021-04-15T12:00:00Z",-11.375,143.325,"0.58",0,"28.990000000000002","1.3",0,2021-04-15,"04","2021",0.58,28.99,"-11.375 143.325"
"3658550","2021-04-15T12:00:00Z",-11.775,143.825,"0.31",0,"28.18","0.7000000000000001",0,2021-04-15,"04","2021",0.31,28.18,"-11.775 143.825"
"3658551","2021-04-15T12:00:00Z",-11.775,143.875,"0.47000000000000003",0,"28.18","0.71",0,2021-04-15,"04","2021",0.47,28.18,"-11.775 143.875"
"3669813","2021-04-22T12:00:00Z",-11.175,143.225,"0.15",0,"29.26","1.72",0,2021-04-22,"04","2021",0.15,29.26,"-11.175 143.225"
"3669978","2021-04-22T12:00:00Z",-11.375,143.275,"0.14",0,"29.21","1.74",0,2021-04-22,"04","2021",0.14,29.21,"-11.375 143.275"
"3669979","2021-04-22T12:00:00Z",-11.375,143.325,"0.0",0,"29.25","1.79",0,2021-04-22,"04","2021",0,29.25,"-11.375 143.325"
"3670317","2021-04-22T12:00:00Z",-11.775,143.825,"0.31",0,"28.490000000000002","1.24",0,2021-04-22,"04","2021",0.31,28.49,"-11.775 143.825"
"3670318","2021-04-22T12:00:00Z",-11.775,143.875,"0.33",0,"28.45","1.21",0,2021-04-22,"04","2021",0.33,28.45,"-11.775 143.875"
"3681580","2021-04-29T12:00:00Z",-11.175,143.225,"0.15",0,"28.71","1.4000000000000001",0,2021-04-29,"04","2021",0.15,28.71,"-11.175 143.225"
"3681745","2021-04-29T12:00:00Z",-11.375,143.275,"0.14",0,"28.62","1.3900000000000001",0,2021-04-29,"04","2021",0.14,28.62,"-11.375 143.275"
"3681746","2021-04-29T12:00:00Z",-11.375,143.325,"0.0",0,"28.6","1.37",0,2021-04-29,"04","2021",0,28.6,"-11.375 143.325"
"3682084","2021-04-29T12:00:00Z",-11.775,143.825,"0.31",0,"27.93","0.9",0,2021-04-29,"04","2021",0.31,27.93,"-11.775 143.825"
"3682085","2021-04-29T12:00:00Z",-11.775,143.875,"0.33",0,"27.96","0.9400000000000001",0,2021-04-29,"04","2021",0.33,27.96,"-11.775 143.875"
"3693347","2021-05-06T12:00:00Z",-11.175,143.225,"0.15",0,"28.11","1.03",0,2021-05-06,"05","2021",0.15,28.11,"-11.175 143.225"
"3693512","2021-05-06T12:00:00Z",-11.375,143.275,"0.14",0,"27.990000000000002","0.99",0,2021-05-06,"05","2021",0.14,27.99,"-11.375 143.275"
"3693513","2021-05-06T12:00:00Z",-11.375,143.325,"0.0",0,"28.0","1.0",0,2021-05-06,"05","2021",0,28,"-11.375 143.325"
"3693851","2021-05-06T12:00:00Z",-11.775,143.825,"0.31",0,"27.560000000000002","0.76",0,2021-05-06,"05","2021",0.31,27.56,"-11.775 143.825"
"3693852","2021-05-06T12:00:00Z",-11.775,143.875,"0.33",0,"27.54","0.75",0,2021-05-06,"05","2021",0.33,27.54,"-11.775 143.875"
"3705114","2021-05-13T12:00:00Z",-11.175,143.225,"0.15",0,"27.87","1.02",0,2021-05-13,"05","2021",0.15,27.87,"-11.175 143.225"
"3705279","2021-05-13T12:00:00Z",-11.375,143.275,"0.14",0,"27.75","0.98",0,2021-05-13,"05","2021",0.14,27.75,"-11.375 143.275"
"3705280","2021-05-13T12:00:00Z",-11.375,143.325,"0.0",0,"27.77","1.0",0,2021-05-13,"05","2021",0,27.77,"-11.375 143.325"
"3705618","2021-05-13T12:00:00Z",-11.775,143.825,"0.31",0,"27.580000000000002","1.01",0,2021-05-13,"05","2021",0.31,27.58,"-11.775 143.825"
"3705619","2021-05-13T12:00:00Z",-11.775,143.875,"0.33",0,"27.6","1.04",0,2021-05-13,"05","2021",0.33,27.6,"-11.775 143.875"
"3716881","2021-05-20T12:00:00Z",-11.175,143.225,"0.15",0,"27.05","0.46",0,2021-05-20,"05","2021",0.15,27.05,"-11.175 143.225"
"3717046","2021-05-20T12:00:00Z",-11.375,143.275,"0.14",0,"26.89","0.38",0,2021-05-20,"05","2021",0.14,26.89,"-11.375 143.275"
"3717047","2021-05-20T12:00:00Z",-11.375,143.325,"0.0",0,"26.92","0.41000000000000003",0,2021-05-20,"05","2021",0,26.92,"-11.375 143.325"
"3717385","2021-05-20T12:00:00Z",-11.775,143.825,"0.16",0,"27.01","0.66",0,2021-05-20,"05","2021",0.16,27.01,"-11.775 143.825"
"3717386","2021-05-20T12:00:00Z",-11.775,143.875,"0.17",0,"27.04","0.7000000000000001",0,2021-05-20,"05","2021",0.17,27.04,"-11.775 143.875"
"3728648","2021-05-27T12:00:00Z",-11.175,143.225,"0.15",0,"26.79","0.47000000000000003",0,2021-05-27,"05","2021",0.15,26.79,"-11.175 143.225"
"3728813","2021-05-27T12:00:00Z",-11.375,143.275,"0.14",0,"26.64","0.4",0,2021-05-27,"05","2021",0.14,26.64,"-11.375 143.275"
"3728814","2021-05-27T12:00:00Z",-11.375,143.325,"0.0",0,"26.64","0.39",0,2021-05-27,"05","2021",0,26.64,"-11.375 143.325"
"3729152","2021-05-27T12:00:00Z",-11.775,143.825,"0.0",0,"26.76","0.64",0,2021-05-27,"05","2021",0,26.76,"-11.775 143.825"
"3729153","2021-05-27T12:00:00Z",-11.775,143.875,"0.0",0,"26.76","0.65",0,2021-05-27,"05","2021",0,26.76,"-11.775 143.875"
"3740415","2021-06-03T12:00:00Z",-11.175,143.225,"0.15",0,"26.38","0.34",0,2021-06-03,"06","2021",0.15,26.38,"-11.175 143.225"
"3740580","2021-06-03T12:00:00Z",-11.375,143.275,"0.14",0,"26.240000000000002","0.27",0,2021-06-03,"06","2021",0.14,26.24,"-11.375 143.275"
"3740581","2021-06-03T12:00:00Z",-11.375,143.325,"0.0",0,"26.28","0.3",0,2021-06-03,"06","2021",0,26.28,"-11.375 143.325"
"3740919","2021-06-03T12:00:00Z",-11.775,143.825,"0.0",0,"26.240000000000002","0.36",0,2021-06-03,"06","2021",0,26.24,"-11.775 143.825"
"3740920","2021-06-03T12:00:00Z",-11.775,143.875,"0.0",0,"26.23","0.34",0,2021-06-03,"06","2021",0,26.23,"-11.775 143.875"
"3752182","2021-06-10T12:00:00Z",-11.175,143.225,"0.15",0,"26.26","0.49",0,2021-06-10,"06","2021",0.15,26.26,"-11.175 143.225"
"3752347","2021-06-10T12:00:00Z",-11.375,143.275,"0.14",0,"26.05","0.35000000000000003",0,2021-06-10,"06","2021",0.14,26.05,"-11.375 143.275"
"3752348","2021-06-10T12:00:00Z",-11.375,143.325,"0.0",0,"26.03","0.31",0,2021-06-10,"06","2021",0,26.03,"-11.375 143.325"
"3752686","2021-06-10T12:00:00Z",-11.775,143.825,"0.0",0,"25.91","0.26",0,2021-06-10,"06","2021",0,25.91,"-11.775 143.825"
"3752687","2021-06-10T12:00:00Z",-11.775,143.875,"0.0",0,"25.91","0.25",0,2021-06-10,"06","2021",0,25.91,"-11.775 143.875"
"3763949","2021-06-17T12:00:00Z",-11.175,143.225,"0.15",0,"26.61","1.09",0,2021-06-17,"06","2021",0.15,26.61,"-11.175 143.225"
"3764114","2021-06-17T12:00:00Z",-11.375,143.275,"0.14",0,"26.560000000000002","1.11",0,2021-06-17,"06","2021",0.14,26.56,"-11.375 143.275"
"3764115","2021-06-17T12:00:00Z",-11.375,143.325,"0.0",0,"26.55","1.08",0,2021-06-17,"06","2021",0,26.55,"-11.375 143.325"
"3764453","2021-06-17T12:00:00Z",-11.775,143.825,"0.0",0,"26.38","0.9400000000000001",0,2021-06-17,"06","2021",0,26.38,"-11.775 143.825"
"3764454","2021-06-17T12:00:00Z",-11.775,143.875,"0.0",0,"26.39","0.9400000000000001",0,2021-06-17,"06","2021",0,26.39,"-11.775 143.875"
"3775716","2021-06-24T12:00:00Z",-11.175,143.225,"0.0",0,"26.2","0.89",0,2021-06-24,"06","2021",0,26.2,"-11.175 143.225"
"3775881","2021-06-24T12:00:00Z",-11.375,143.275,"0.0",0,"26.18","0.9400000000000001",0,2021-06-24,"06","2021",0,26.18,"-11.375 143.275"
"3775882","2021-06-24T12:00:00Z",-11.375,143.325,"0.0",0,"26.19","0.93",0,2021-06-24,"06","2021",0,26.19,"-11.375 143.325"
"3776220","2021-06-24T12:00:00Z",-11.775,143.825,"0.0",0,"26.2","0.92",0,2021-06-24,"06","2021",0,26.2,"-11.775 143.825"
"3776221","2021-06-24T12:00:00Z",-11.775,143.875,"0.0",0,"26.22","0.93",0,2021-06-24,"06","2021",0,26.22,"-11.775 143.875"
"3787483","2021-07-01T12:00:00Z",-11.175,143.225,"0.0",0,"26.21","1.12",0,2021-07-01,"07","2021",0,26.21,"-11.175 143.225"
"3787648","2021-07-01T12:00:00Z",-11.375,143.275,"0.0",0,"26.12","1.08",0,2021-07-01,"07","2021",0,26.12,"-11.375 143.275"
"3787649","2021-07-01T12:00:00Z",-11.375,143.325,"0.0",0,"26.12","1.06",0,2021-07-01,"07","2021",0,26.12,"-11.375 143.325"
"3787987","2021-07-01T12:00:00Z",-11.775,143.825,"0.0",0,"26.11","1.0",0,2021-07-01,"07","2021",0,26.11,"-11.775 143.825"
"3787988","2021-07-01T12:00:00Z",-11.775,143.875,"0.0",0,"26.11","0.98",0,2021-07-01,"07","2021",0,26.11,"-11.775 143.875"
"3799250","2021-07-08T12:00:00Z",-11.175,143.225,"0.0",0,"26.11","1.23",0,2021-07-08,"07","2021",0,26.11,"-11.175 143.225"
"3799415","2021-07-08T12:00:00Z",-11.375,143.275,"0.0",0,"25.97","1.1400000000000001",0,2021-07-08,"07","2021",0,25.97,"-11.375 143.275"
"3799416","2021-07-08T12:00:00Z",-11.375,143.325,"0.0",0,"26.01","1.16",0,2021-07-08,"07","2021",0,26.01,"-11.375 143.325"
"3799754","2021-07-08T12:00:00Z",-11.775,143.825,"0.0",0,"26.04","1.09",0,2021-07-08,"07","2021",0,26.04,"-11.775 143.825"
"3799755","2021-07-08T12:00:00Z",-11.775,143.875,"0.0",0,"26.03","1.07",0,2021-07-08,"07","2021",0,26.03,"-11.775 143.875"
"3811017","2021-07-15T12:00:00Z",-11.175,143.225,"0.0",0,"25.88","1.21",0,2021-07-15,"07","2021",0,25.88,"-11.175 143.225"
"3811182","2021-07-15T12:00:00Z",-11.375,143.275,"0.0",0,"25.79","1.17",0,2021-07-15,"07","2021",0,25.79,"-11.375 143.275"
"3811183","2021-07-15T12:00:00Z",-11.375,143.325,"0.0",0,"25.86","1.22",0,2021-07-15,"07","2021",0,25.86,"-11.375 143.325"
"3811521","2021-07-15T12:00:00Z",-11.775,143.825,"0.0",0,"26.01","1.23",0,2021-07-15,"07","2021",0,26.01,"-11.775 143.825"
"3811522","2021-07-15T12:00:00Z",-11.775,143.875,"0.0",0,"26.02","1.22",0,2021-07-15,"07","2021",0,26.02,"-11.775 143.875"
"3822784","2021-07-22T12:00:00Z",-11.175,143.225,"0.0",0,"26.61","1.98",0,2021-07-22,"07","2021",0,26.61,"-11.175 143.225"
"3822949","2021-07-22T12:00:00Z",-11.375,143.275,"0.0",0,"26.51","1.93",0,2021-07-22,"07","2021",0,26.51,"-11.375 143.275"
"3822950","2021-07-22T12:00:00Z",-11.375,143.325,"0.0",0,"26.53","1.93",0,2021-07-22,"07","2021",0,26.53,"-11.375 143.325"
"3823288","2021-07-22T12:00:00Z",-11.775,143.825,"0.0",0,"26.19","1.47",0,2021-07-22,"07","2021",0,26.19,"-11.775 143.825"
"3823289","2021-07-22T12:00:00Z",-11.775,143.875,"0.0",0,"26.18","1.44",0,2021-07-22,"07","2021",0,26.18,"-11.775 143.875"
"3834551","2021-07-29T12:00:00Z",-11.175,143.225,"0.0",0,"26.21","1.62",0,2021-07-29,"07","2021",0,26.21,"-11.175 143.225"
"3834716","2021-07-29T12:00:00Z",-11.375,143.275,"0.0",0,"26.22","1.68",0,2021-07-29,"07","2021",0,26.22,"-11.375 143.275"
"3834717","2021-07-29T12:00:00Z",-11.375,143.325,"0.0",0,"26.25","1.7",0,2021-07-29,"07","2021",0,26.25,"-11.375 143.325"
"3835055","2021-07-29T12:00:00Z",-11.775,143.825,"0.0",0,"26.07","1.41",0,2021-07-29,"07","2021",0,26.07,"-11.775 143.825"
"3835056","2021-07-29T12:00:00Z",-11.775,143.875,"0.0",0,"26.1","1.42",0,2021-07-29,"07","2021",0,26.1,"-11.775 143.875"
"3846318","2021-08-05T12:00:00Z",-11.175,143.225,"0.0",0,"26.46","1.9100000000000001",0,2021-08-05,"08","2021",0,26.46,"-11.175 143.225"
"3846483","2021-08-05T12:00:00Z",-11.375,143.275,"0.0",0,"26.29","1.79",0,2021-08-05,"08","2021",0,26.29,"-11.375 143.275"
"3846484","2021-08-05T12:00:00Z",-11.375,143.325,"0.0",0,"26.310000000000002","1.8",0,2021-08-05,"08","2021",0,26.31,"-11.375 143.325"
"3846822","2021-08-05T12:00:00Z",-11.775,143.825,"0.0",0,"26.1","1.5",0,2021-08-05,"08","2021",0,26.1,"-11.775 143.825"
"3846823","2021-08-05T12:00:00Z",-11.775,143.875,"0.0",0,"26.13","1.51",0,2021-08-05,"08","2021",0,26.13,"-11.775 143.875"
"3858085","2021-08-12T12:00:00Z",-11.175,143.225,"0.0",0,"25.91","1.3900000000000001",0,2021-08-12,"08","2021",0,25.91,"-11.175 143.225"
"3858250","2021-08-12T12:00:00Z",-11.375,143.275,"0.0",0,"25.76","1.3",0,2021-08-12,"08","2021",0,25.76,"-11.375 143.275"
"3858251","2021-08-12T12:00:00Z",-11.375,143.325,"0.0",0,"25.77","1.3",0,2021-08-12,"08","2021",0,25.77,"-11.375 143.325"
"3858589","2021-08-12T12:00:00Z",-11.775,143.825,"0.0",0,"25.73","1.18",0,2021-08-12,"08","2021",0,25.73,"-11.775 143.825"
"3858590","2021-08-12T12:00:00Z",-11.775,143.875,"0.0",0,"25.740000000000002","1.17",0,2021-08-12,"08","2021",0,25.74,"-11.775 143.875"
"3869852","2021-08-19T12:00:00Z",-11.175,143.225,"0.0",0,"25.580000000000002","1.0",0,2021-08-19,"08","2021",0,25.58,"-11.175 143.225"
"3870017","2021-08-19T12:00:00Z",-11.375,143.275,"0.0",0,"25.48","0.96",0,2021-08-19,"08","2021",0,25.48,"-11.375 143.275"
"3870018","2021-08-19T12:00:00Z",-11.375,143.325,"0.0",0,"25.490000000000002","0.96",0,2021-08-19,"08","2021",0,25.49,"-11.375 143.325"
"3870356","2021-08-19T12:00:00Z",-11.775,143.825,"0.0",0,"25.62","1.05",0,2021-08-19,"08","2021",0,25.62,"-11.775 143.825"
"3870357","2021-08-19T12:00:00Z",-11.775,143.875,"0.0",0,"25.63","1.04",0,2021-08-19,"08","2021",0,25.63,"-11.775 143.875"
"3881619","2021-08-26T12:00:00Z",-11.175,143.225,"0.0",0,"26.09","1.36",0,2021-08-26,"08","2021",0,26.09,"-11.175 143.225"
"3881784","2021-08-26T12:00:00Z",-11.375,143.275,"0.0",0,"25.96","1.29",0,2021-08-26,"08","2021",0,25.96,"-11.375 143.275"
"3881785","2021-08-26T12:00:00Z",-11.375,143.325,"0.0",0,"26.0","1.33",0,2021-08-26,"08","2021",0,26,"-11.375 143.325"
"3882123","2021-08-26T12:00:00Z",-11.775,143.825,"0.0",0,"25.95","1.3",0,2021-08-26,"08","2021",0,25.95,"-11.775 143.825"
"3882124","2021-08-26T12:00:00Z",-11.775,143.875,"0.0",0,"25.98","1.31",0,2021-08-26,"08","2021",0,25.98,"-11.775 143.875"
"3893386","2021-09-02T12:00:00Z",-11.175,143.225,"0.0",0,"26.07","1.19",0,2021-09-02,"09","2021",0,26.07,"-11.175 143.225"
"3893551","2021-09-02T12:00:00Z",-11.375,143.275,"0.0",0,"26.04","1.23",0,2021-09-02,"09","2021",0,26.04,"-11.375 143.275"
"3893552","2021-09-02T12:00:00Z",-11.375,143.325,"0.0",0,"26.05","1.23",0,2021-09-02,"09","2021",0,26.05,"-11.375 143.325"
"3893890","2021-09-02T12:00:00Z",-11.775,143.825,"0.0",0,"25.95","1.21",0,2021-09-02,"09","2021",0,25.95,"-11.775 143.825"
"3893891","2021-09-02T12:00:00Z",-11.775,143.875,"0.0",0,"25.95","1.2",0,2021-09-02,"09","2021",0,25.95,"-11.775 143.875"
"3905153","2021-09-09T12:00:00Z",-11.175,143.225,"0.0",0,"26.02","1.0",0,2021-09-09,"09","2021",0,26.02,"-11.175 143.225"
"3905318","2021-09-09T12:00:00Z",-11.375,143.275,"0.0",0,"25.88","0.92",0,2021-09-09,"09","2021",0,25.88,"-11.375 143.275"
"3905319","2021-09-09T12:00:00Z",-11.375,143.325,"0.0",0,"25.89","0.93",0,2021-09-09,"09","2021",0,25.89,"-11.375 143.325"
"3905657","2021-09-09T12:00:00Z",-11.775,143.825,"0.0",0,"25.92","1.09",0,2021-09-09,"09","2021",0,25.92,"-11.775 143.825"
"3905658","2021-09-09T12:00:00Z",-11.775,143.875,"0.0",0,"25.94","1.11",0,2021-09-09,"09","2021",0,25.94,"-11.775 143.875"
"3916920","2021-09-16T12:00:00Z",-11.175,143.225,"0.0",0,"26.01","0.8200000000000001",0,2021-09-16,"09","2021",0,26.01,"-11.175 143.225"
"3917085","2021-09-16T12:00:00Z",-11.375,143.275,"0.0",0,"25.95","0.8300000000000001",0,2021-09-16,"09","2021",0,25.95,"-11.375 143.275"
"3917086","2021-09-16T12:00:00Z",-11.375,143.325,"0.0",0,"25.95","0.8300000000000001",0,2021-09-16,"09","2021",0,25.95,"-11.375 143.325"
"3917424","2021-09-16T12:00:00Z",-11.775,143.825,"0.0",0,"25.77","0.84",0,2021-09-16,"09","2021",0,25.77,"-11.775 143.825"
"3917425","2021-09-16T12:00:00Z",-11.775,143.875,"0.0",0,"25.78","0.85",0,2021-09-16,"09","2021",0,25.78,"-11.775 143.875"
"3928687","2021-09-23T12:00:00Z",-11.175,143.225,"0.0",0,"25.86","0.41000000000000003",0,2021-09-23,"09","2021",0,25.86,"-11.175 143.225"
"3928852","2021-09-23T12:00:00Z",-11.375,143.275,"0.0",0,"25.79","0.4",0,2021-09-23,"09","2021",0,25.79,"-11.375 143.275"
"3928853","2021-09-23T12:00:00Z",-11.375,143.325,"0.0",0,"25.8","0.42",0,2021-09-23,"09","2021",0,25.8,"-11.375 143.325"
"3929191","2021-09-23T12:00:00Z",-11.775,143.825,"0.0",0,"25.75","0.58",0,2021-09-23,"09","2021",0,25.75,"-11.775 143.825"
"3929192","2021-09-23T12:00:00Z",-11.775,143.875,"0.0",0,"25.78","0.62",0,2021-09-23,"09","2021",0,25.78,"-11.775 143.875"
"3940454","2021-09-30T12:00:00Z",-11.175,143.225,"0.0",0,"26.14","0.43",0,2021-09-30,"09","2021",0,26.14,"-11.175 143.225"
"3940619","2021-09-30T12:00:00Z",-11.375,143.275,"0.0",0,"26.1","0.45",0,2021-09-30,"09","2021",0,26.1,"-11.375 143.275"
"3940620","2021-09-30T12:00:00Z",-11.375,143.325,"0.0",0,"26.16","0.51",0,2021-09-30,"09","2021",0,26.16,"-11.375 143.325"
"3940958","2021-09-30T12:00:00Z",-11.775,143.825,"0.0",0,"26.17","0.77",0,2021-09-30,"09","2021",0,26.17,"-11.775 143.825"
"3940959","2021-09-30T12:00:00Z",-11.775,143.875,"0.0",0,"26.18","0.8",0,2021-09-30,"09","2021",0,26.18,"-11.775 143.875"
"3952221","2021-10-07T12:00:00Z",-11.175,143.225,"0.0",0,"26.55","0.58",0,2021-10-07,"10","2021",0,26.55,"-11.175 143.225"
"3952386","2021-10-07T12:00:00Z",-11.375,143.275,"0.0",0,"26.53","0.61",0,2021-10-07,"10","2021",0,26.53,"-11.375 143.275"
"3952387","2021-10-07T12:00:00Z",-11.375,143.325,"0.0",0,"26.53","0.62",0,2021-10-07,"10","2021",0,26.53,"-11.375 143.325"
"3952725","2021-10-07T12:00:00Z",-11.775,143.825,"0.0",0,"26.330000000000002","0.7000000000000001",0,2021-10-07,"10","2021",0,26.33,"-11.775 143.825"
"3952726","2021-10-07T12:00:00Z",-11.775,143.875,"0.0",0,"26.330000000000002","0.72",0,2021-10-07,"10","2021",0,26.33,"-11.775 143.875"
"3963988","2021-10-14T12:00:00Z",-11.175,143.225,"0.0",0,"27.52","1.29",0,2021-10-14,"10","2021",0,27.52,"-11.175 143.225"
"3964153","2021-10-14T12:00:00Z",-11.375,143.275,"0.0",0,"27.45","1.26",0,2021-10-14,"10","2021",0,27.45,"-11.375 143.275"
"3964154","2021-10-14T12:00:00Z",-11.375,143.325,"0.0",0,"27.42","1.25",0,2021-10-14,"10","2021",0,27.42,"-11.375 143.325"
"3964492","2021-10-14T12:00:00Z",-11.775,143.825,"0.0",0,"26.82","0.9500000000000001",0,2021-10-14,"10","2021",0,26.82,"-11.775 143.825"
"3964493","2021-10-14T12:00:00Z",-11.775,143.875,"0.0",0,"26.88","1.04",0,2021-10-14,"10","2021",0,26.88,"-11.775 143.875"
"3975755","2021-10-21T12:00:00Z",-11.175,143.225,"0.0",0,"27.95","1.4000000000000001",0,2021-10-21,"10","2021",0,27.95,"-11.175 143.225"
"3975920","2021-10-21T12:00:00Z",-11.375,143.275,"0.0",0,"28.05","1.54",0,2021-10-21,"10","2021",0,28.05,"-11.375 143.275"
"3975921","2021-10-21T12:00:00Z",-11.375,143.325,"0.0",0,"28.02","1.53",0,2021-10-21,"10","2021",0,28.02,"-11.375 143.325"
"3976259","2021-10-21T12:00:00Z",-11.775,143.825,"0.0",0,"27.48","1.34",0,2021-10-21,"10","2021",0,27.48,"-11.775 143.825"
"3976260","2021-10-21T12:00:00Z",-11.775,143.875,"0.0",0,"27.44","1.33",0,2021-10-21,"10","2021",0,27.44,"-11.775 143.875"
"3987522","2021-10-28T12:00:00Z",-11.175,143.225,"0.0",0,"28.240000000000002","1.36",0,2021-10-28,"10","2021",0,28.24,"-11.175 143.225"
"3987687","2021-10-28T12:00:00Z",-11.375,143.275,"0.0",0,"28.21","1.37",0,2021-10-28,"10","2021",0,28.21,"-11.375 143.275"
"3987688","2021-10-28T12:00:00Z",-11.375,143.325,"0.0",0,"28.19","1.37",0,2021-10-28,"10","2021",0,28.19,"-11.375 143.325"
"3988026","2021-10-28T12:00:00Z",-11.775,143.825,"0.0",0,"27.84","1.42",0,2021-10-28,"10","2021",0,27.84,"-11.775 143.825"
"3988027","2021-10-28T12:00:00Z",-11.775,143.875,"0.0",0,"27.810000000000002","1.42",0,2021-10-28,"10","2021",0,27.81,"-11.775 143.875"
"3999289","2021-11-04T12:00:00Z",-11.175,143.225,"0.0",0,"28.39","1.18",0,2021-11-04,"11","2021",0,28.39,"-11.175 143.225"
"3999454","2021-11-04T12:00:00Z",-11.375,143.275,"0.0",0,"28.310000000000002","1.1400000000000001",0,2021-11-04,"11","2021",0,28.31,"-11.375 143.275"
"3999455","2021-11-04T12:00:00Z",-11.375,143.325,"0.0",0,"28.3","1.1500000000000001",0,2021-11-04,"11","2021",0,28.3,"-11.375 143.325"
"3999793","2021-11-04T12:00:00Z",-11.775,143.825,"0.0",0,"27.93","1.23",0,2021-11-04,"11","2021",0,27.93,"-11.775 143.825"
"3999794","2021-11-04T12:00:00Z",-11.775,143.875,"0.0",0,"27.93","1.27",0,2021-11-04,"11","2021",0,27.93,"-11.775 143.875"
"4011056","2021-11-11T12:00:00Z",-11.175,143.225,"0.0",0,"29.09","1.55",0,2021-11-11,"11","2021",0,29.09,"-11.175 143.225"
"4011221","2021-11-11T12:00:00Z",-11.375,143.275,"0.0",0,"29.04","1.54",0,2021-11-11,"11","2021",0,29.04,"-11.375 143.275"
"4011222","2021-11-11T12:00:00Z",-11.375,143.325,"0.0",0,"29.04","1.56",0,2021-11-11,"11","2021",0,29.04,"-11.375 143.325"
"4011560","2021-11-11T12:00:00Z",-11.775,143.825,"0.0",0,"28.52","1.54",0,2021-11-11,"11","2021",0,28.52,"-11.775 143.825"
"4011561","2021-11-11T12:00:00Z",-11.775,143.875,"0.0",0,"28.54","1.6",0,2021-11-11,"11","2021",0,28.54,"-11.775 143.875"
"4022823","2021-11-18T12:00:00Z",-11.175,143.225,"0.0",0,"29.78","1.94",0,2021-11-18,"11","2021",0,29.78,"-11.175 143.225"
"4022988","2021-11-18T12:00:00Z",-11.375,143.275,"0.0",0,"29.8","2.0",0,2021-11-18,"11","2021",0,29.8,"-11.375 143.275"
"4022989","2021-11-18T12:00:00Z",-11.375,143.325,"0.0",0,"29.72","1.94",0,2021-11-18,"11","2021",0,29.72,"-11.375 143.325"
"4023327","2021-11-18T12:00:00Z",-11.775,143.825,"0.0",0,"28.91","1.6500000000000001",0,2021-11-18,"11","2021",0,28.91,"-11.775 143.825"
"4023328","2021-11-18T12:00:00Z",-11.775,143.875,"0.0",0,"28.87","1.6500000000000001",0,2021-11-18,"11","2021",0,28.87,"-11.775 143.875"
"4034590","2021-11-25T12:00:00Z",-11.175,143.225,"0.0",0,"29.43","1.33",0,2021-11-25,"11","2021",0,29.43,"-11.175 143.225"
"4034755","2021-11-25T12:00:00Z",-11.375,143.275,"0.0",0,"29.41","1.35",0,2021-11-25,"11","2021",0,29.41,"-11.375 143.275"
"4034756","2021-11-25T12:00:00Z",-11.375,143.325,"0.0",0,"29.44","1.4000000000000001",0,2021-11-25,"11","2021",0,29.44,"-11.375 143.325"
"4035094","2021-11-25T12:00:00Z",-11.775,143.825,"0.0",0,"28.94","1.4000000000000001",0,2021-11-25,"11","2021",0,28.94,"-11.775 143.825"
"4035095","2021-11-25T12:00:00Z",-11.775,143.875,"0.0",0,"28.95","1.46",0,2021-11-25,"11","2021",0,28.95,"-11.775 143.875"
"4046357","2021-12-02T12:00:00Z",-11.175,143.225,"0.0",0,"29.990000000000002","1.6300000000000001",0,2021-12-02,"12","2021",0,29.99,"-11.175 143.225"
"4046522","2021-12-02T12:00:00Z",-11.375,143.275,"0.0",0,"30.01","1.7",0,2021-12-02,"12","2021",0,30.01,"-11.375 143.275"
"4046523","2021-12-02T12:00:00Z",-11.375,143.325,"0.0",0,"29.98","1.69",0,2021-12-02,"12","2021",0,29.98,"-11.375 143.325"
"4046861","2021-12-02T12:00:00Z",-11.775,143.825,"0.46",0,"29.57","1.76",0,2021-12-02,"12","2021",0.46,29.57,"-11.775 143.825"
"4046862","2021-12-02T12:00:00Z",-11.775,143.875,"0.64",0,"29.580000000000002","1.81",0,2021-12-02,"12","2021",0.64,29.58,"-11.775 143.875"
"4058124","2021-12-09T12:00:00Z",-11.175,143.225,"0.0",0,"29.96","1.33",0,2021-12-09,"12","2021",0,29.96,"-11.175 143.225"
"4058289","2021-12-09T12:00:00Z",-11.375,143.275,"0.0",0,"29.97","1.4000000000000001",0,2021-12-09,"12","2021",0,29.97,"-11.375 143.275"
"4058290","2021-12-09T12:00:00Z",-11.375,143.325,"0.0",0,"29.95","1.4000000000000001",0,2021-12-09,"12","2021",0,29.95,"-11.375 143.325"
"4058628","2021-12-09T12:00:00Z",-11.775,143.825,"0.78",0,"29.42","1.33",0,2021-12-09,"12","2021",0.78,29.42,"-11.775 143.825"
"4058629","2021-12-09T12:00:00Z",-11.775,143.875,"1.12",0,"29.44","1.4000000000000001",0,2021-12-09,"12","2021",1.12,29.44,"-11.775 143.875"
"4069891","2021-12-16T12:00:00Z",-11.175,143.225,"1.24",0,"30.47","1.61",0,2021-12-16,"12","2021",1.24,30.47,"-11.175 143.225"
"4070056","2021-12-16T12:00:00Z",-11.375,143.275,"1.21",0,"30.41","1.61",0,2021-12-16,"12","2021",1.21,30.41,"-11.375 143.275"
"4070057","2021-12-16T12:00:00Z",-11.375,143.325,"1.22",0,"30.41","1.6300000000000001",0,2021-12-16,"12","2021",1.22,30.41,"-11.375 143.325"
"4070395","2021-12-16T12:00:00Z",-11.775,143.825,"1.99",0,"29.61","1.27",0,2021-12-16,"12","2021",1.99,29.61,"-11.775 143.825"
"4070396","2021-12-16T12:00:00Z",-11.775,143.875,"2.39",0,"29.650000000000002","1.36",0,2021-12-16,"12","2021",2.39,29.65,"-11.775 143.875"
"4081658","2021-12-23T12:00:00Z",-11.175,143.225,"2.21",0,"30.5","1.58",0,2021-12-23,"12","2021",2.21,30.5,"-11.175 143.225"
"4081823","2021-12-23T12:00:00Z",-11.375,143.275,"2.2",0,"30.38","1.5",0,2021-12-23,"12","2021",2.2,30.38,"-11.375 143.275"
"4081824","2021-12-23T12:00:00Z",-11.375,143.325,"2.06",0,"30.35","1.49",0,2021-12-23,"12","2021",2.06,30.35,"-11.375 143.325"
"4082162","2021-12-23T12:00:00Z",-11.775,143.825,"2.67",0,"29.87","1.48",0,2021-12-23,"12","2021",2.67,29.87,"-11.775 143.825"
"4082163","2021-12-23T12:00:00Z",-11.775,143.875,"3.24",0,"29.89","1.55",0,2021-12-23,"12","2021",3.24,29.89,"-11.775 143.875"
"4093425","2021-12-30T12:00:00Z",-11.175,143.225,"3.47",0,"30.42","1.43",0,2021-12-30,"12","2021",3.47,30.42,"-11.175 143.225"
"4093590","2021-12-30T12:00:00Z",-11.375,143.275,"3.0100000000000002",0,"30.19","1.24",0,2021-12-30,"12","2021",3.01,30.19,"-11.375 143.275"
"4093591","2021-12-30T12:00:00Z",-11.375,143.325,"2.86",0,"30.18","1.25",0,2021-12-30,"12","2021",2.86,30.18,"-11.375 143.325"
"4093929","2021-12-30T12:00:00Z",-11.775,143.825,"4.04",0,"29.76","1.32",0,2021-12-30,"12","2021",4.04,29.76,"-11.775 143.825"
"4093930","2021-12-30T12:00:00Z",-11.775,143.875,"4.69",0,"29.76","1.37",0,2021-12-30,"12","2021",4.69,29.76,"-11.775 143.875"
"4105192","2022-01-06T12:00:00Z",-11.175,143.225,"3.63",0,"29.76","0.71",0,2022-01-06,"01","2022",3.63,29.76,"-11.175 143.225"
"4105357","2022-01-06T12:00:00Z",-11.375,143.275,"3.0100000000000002",0,"29.76","0.74",0,2022-01-06,"01","2022",3.01,29.76,"-11.375 143.275"
"4105358","2022-01-06T12:00:00Z",-11.375,143.325,"2.86",0,"29.75","0.74",0,2022-01-06,"01","2022",2.86,29.75,"-11.375 143.325"
"4105696","2022-01-06T12:00:00Z",-11.775,143.825,"4.19",0,"29.12","0.63",0,2022-01-06,"01","2022",4.19,29.12,"-11.775 143.825"
"4105697","2022-01-06T12:00:00Z",-11.775,143.875,"4.8500000000000005",0,"29.11","0.67",0,2022-01-06,"01","2022",4.85,29.11,"-11.775 143.875"
"4116959","2022-01-13T12:00:00Z",-11.175,143.225,"3.63",0,"29.96","0.85",0,2022-01-13,"01","2022",3.63,29.96,"-11.175 143.225"
"4117124","2022-01-13T12:00:00Z",-11.375,143.275,"3.0100000000000002",0,"29.830000000000002","0.73",0,2022-01-13,"01","2022",3.01,29.83,"-11.375 143.275"
"4117125","2022-01-13T12:00:00Z",-11.375,143.325,"2.86",0,"29.830000000000002","0.74",0,2022-01-13,"01","2022",2.86,29.83,"-11.375 143.325"
"4117463","2022-01-13T12:00:00Z",-11.775,143.825,"4.19",0,"29.46","0.92",0,2022-01-13,"01","2022",4.19,29.46,"-11.775 143.825"
"4117464","2022-01-13T12:00:00Z",-11.775,143.875,"4.8500000000000005",0,"29.39","0.9",0,2022-01-13,"01","2022",4.85,29.39,"-11.775 143.875"
"4128726","2022-01-20T12:00:00Z",-11.175,143.225,"3.95",0,"30.310000000000002","1.23",0,2022-01-20,"01","2022",3.95,30.31,"-11.175 143.225"
"4128891","2022-01-20T12:00:00Z",-11.375,143.275,"3.36",0,"30.51","1.44",0,2022-01-20,"01","2022",3.36,30.51,"-11.375 143.275"
"4128892","2022-01-20T12:00:00Z",-11.375,143.325,"3.23",0,"30.53","1.47",0,2022-01-20,"01","2022",3.23,30.53,"-11.375 143.325"
"4129230","2022-01-20T12:00:00Z",-11.775,143.825,"4.57",0,"30.0","1.47",0,2022-01-20,"01","2022",4.57,30,"-11.775 143.825"
"4129231","2022-01-20T12:00:00Z",-11.775,143.875,"5.24",0,"29.98","1.5",0,2022-01-20,"01","2022",5.24,29.98,"-11.775 143.875"
"4140493","2022-01-27T12:00:00Z",-11.175,143.225,"5.24",0,"30.54","1.53",0,2022-01-27,"01","2022",5.24,30.54,"-11.175 143.225"
"4140658","2022-01-27T12:00:00Z",-11.375,143.275,"4.71",0,"30.54","1.53",0,2022-01-27,"01","2022",4.71,30.54,"-11.375 143.275"
"4140659","2022-01-27T12:00:00Z",-11.375,143.325,"4.59",0,"30.580000000000002","1.58",0,2022-01-27,"01","2022",4.59,30.58,"-11.375 143.325"
"4140997","2022-01-27T12:00:00Z",-11.775,143.825,"6.25",0,"30.14","1.6500000000000001",0,2022-01-27,"01","2022",6.25,30.14,"-11.775 143.825"
"4140998","2022-01-27T12:00:00Z",-11.775,143.875,"6.96",0,"30.12","1.67",0,2022-01-27,"01","2022",6.96,30.12,"-11.775 143.875"
"4152260","2022-02-03T12:00:00Z",-11.175,143.225,"6.12",0,"29.88","0.93",0,2022-02-03,"02","2022",6.12,29.88,"-11.175 143.225"
"4152425","2022-02-03T12:00:00Z",-11.375,143.275,"5.57",0,"29.86","0.91",0,2022-02-03,"02","2022",5.57,29.86,"-11.375 143.275"
"4152426","2022-02-03T12:00:00Z",-11.375,143.325,"5.49",0,"29.85","0.91",0,2022-02-03,"02","2022",5.49,29.85,"-11.375 143.325"
"4152764","2022-02-03T12:00:00Z",-11.775,143.825,"7.3",0,"29.43","0.97",0,2022-02-03,"02","2022",7.3,29.43,"-11.775 143.825"
"4152765","2022-02-03T12:00:00Z",-11.775,143.875,"8.040000000000001",0,"29.42","1.01",0,2022-02-03,"02","2022",8.04,29.42,"-11.775 143.875"
"4164027","2022-02-10T12:00:00Z",-11.175,143.225,"6.12",0,"29.490000000000002","0.61",0,2022-02-10,"02","2022",6.12,29.49,"-11.175 143.225"
"4164192","2022-02-10T12:00:00Z",-11.375,143.275,"5.57",0,"29.55","0.66",0,2022-02-10,"02","2022",5.57,29.55,"-11.375 143.275"
"4164193","2022-02-10T12:00:00Z",-11.375,143.325,"5.49",0,"29.55","0.67",0,2022-02-10,"02","2022",5.49,29.55,"-11.375 143.325"
"4164531","2022-02-10T12:00:00Z",-11.775,143.825,"7.3",0,"28.88","0.46",0,2022-02-10,"02","2022",7.3,28.88,"-11.775 143.825"
"4164532","2022-02-10T12:00:00Z",-11.775,143.875,"8.040000000000001",0,"28.830000000000002","0.45",0,2022-02-10,"02","2022",8.04,28.83,"-11.775 143.875"
"4175794","2022-02-17T12:00:00Z",-11.175,143.225,"6.12",0,"29.77","0.96",0,2022-02-17,"02","2022",6.12,29.77,"-11.175 143.225"
"4175959","2022-02-17T12:00:00Z",-11.375,143.275,"5.57",0,"29.68","0.86",0,2022-02-17,"02","2022",5.57,29.68,"-11.375 143.275"
"4175960","2022-02-17T12:00:00Z",-11.375,143.325,"5.49",0,"29.69","0.88",0,2022-02-17,"02","2022",5.49,29.69,"-11.375 143.325"
"4176298","2022-02-17T12:00:00Z",-11.775,143.825,"7.3",0,"29.07","0.68",0,2022-02-17,"02","2022",7.3,29.07,"-11.775 143.825"
"4176299","2022-02-17T12:00:00Z",-11.775,143.875,"8.040000000000001",0,"29.12","0.77",0,2022-02-17,"02","2022",8.04,29.12,"-11.775 143.875"
"4187561","2022-02-24T12:00:00Z",-11.175,143.225,"6.12",0,"29.91","1.17",0,2022-02-24,"02","2022",6.12,29.91,"-11.175 143.225"
"4187726","2022-02-24T12:00:00Z",-11.375,143.275,"5.57",0,"29.91","1.16",0,2022-02-24,"02","2022",5.57,29.91,"-11.375 143.275"
"4187727","2022-02-24T12:00:00Z",-11.375,143.325,"5.49",0,"29.93","1.19",0,2022-02-24,"02","2022",5.49,29.93,"-11.375 143.325"
"4188065","2022-02-24T12:00:00Z",-11.775,143.825,"6.84",0,"29.35","1.0",0,2022-02-24,"02","2022",6.84,29.35,"-11.775 143.825"
"4188066","2022-02-24T12:00:00Z",-11.775,143.875,"7.4",0,"29.36","1.05",0,2022-02-24,"02","2022",7.4,29.36,"-11.775 143.875"
"4199328","2022-03-03T12:00:00Z",-11.175,143.225,"6.12",0,"29.5","0.84",0,2022-03-03,"03","2022",6.12,29.5,"-11.175 143.225"
"4199493","2022-03-03T12:00:00Z",-11.375,143.275,"5.89",0,"29.51","0.84",0,2022-03-03,"03","2022",5.89,29.51,"-11.375 143.275"
"4199494","2022-03-03T12:00:00Z",-11.375,143.325,"5.8100000000000005",0,"29.52","0.85",0,2022-03-03,"03","2022",5.81,29.52,"-11.375 143.325"
"4199832","2022-03-03T12:00:00Z",-11.775,143.825,"6.67",0,"29.240000000000002","0.9400000000000001",0,2022-03-03,"03","2022",6.67,29.24,"-11.775 143.825"
"4199833","2022-03-03T12:00:00Z",-11.775,143.875,"7.08",0,"29.18","0.9",0,2022-03-03,"03","2022",7.08,29.18,"-11.775 143.875"
"4211095","2022-03-10T12:00:00Z",-11.175,143.225,"5.0200000000000005",0,"30.17","1.58",0,2022-03-10,"03","2022",5.02,30.17,"-11.175 143.225"
"4211260","2022-03-10T12:00:00Z",-11.375,143.275,"4.84",0,"30.240000000000002","1.6400000000000001",0,2022-03-10,"03","2022",4.84,30.24,"-11.375 143.275"
"4211261","2022-03-10T12:00:00Z",-11.375,143.325,"4.75",0,"30.25","1.6500000000000001",0,2022-03-10,"03","2022",4.75,30.25,"-11.375 143.325"
"4211599","2022-03-10T12:00:00Z",-11.775,143.825,"6.29",0,"30.17","1.9100000000000001",0,2022-03-10,"03","2022",6.29,30.17,"-11.775 143.825"
"4211600","2022-03-10T12:00:00Z",-11.775,143.875,"6.48",0,"30.1","1.86",0,2022-03-10,"03","2022",6.48,30.1,"-11.775 143.875"
"4222862","2022-03-17T12:00:00Z",-11.175,143.225,"4.05",0,"30.0","1.51",0,2022-03-17,"03","2022",4.05,30,"-11.175 143.225"
"4223027","2022-03-17T12:00:00Z",-11.375,143.275,"4.0",0,"30.01","1.51",0,2022-03-17,"03","2022",4,30.01,"-11.375 143.275"
"4223028","2022-03-17T12:00:00Z",-11.375,143.325,"4.0600000000000005",0,"30.03","1.54",0,2022-03-17,"03","2022",4.06,30.03,"-11.375 143.325"
"4223366","2022-03-17T12:00:00Z",-11.775,143.825,"6.91",0,"29.85","1.67",0,2022-03-17,"03","2022",6.91,29.85,"-11.775 143.825"
"4223367","2022-03-17T12:00:00Z",-11.775,143.875,"6.97",0,"29.85","1.68",0,2022-03-17,"03","2022",6.97,29.85,"-11.775 143.875"
"4234629","2022-03-24T12:00:00Z",-11.175,143.225,"2.95",0,"29.96","1.6400000000000001",0,2022-03-24,"03","2022",2.95,29.96,"-11.175 143.225"
"4234794","2022-03-24T12:00:00Z",-11.375,143.275,"3.35",0,"29.85","1.55",0,2022-03-24,"03","2022",3.35,29.85,"-11.375 143.275"
"4234795","2022-03-24T12:00:00Z",-11.375,143.325,"3.42",0,"29.88","1.58",0,2022-03-24,"03","2022",3.42,29.88,"-11.375 143.325"
"4235133","2022-03-24T12:00:00Z",-11.775,143.825,"6.43",0,"29.55","1.54",0,2022-03-24,"03","2022",6.43,29.55,"-11.775 143.825"
"4235134","2022-03-24T12:00:00Z",-11.775,143.875,"6.61",0,"29.55","1.55",0,2022-03-24,"03","2022",6.61,29.55,"-11.775 143.875"
"4246396","2022-03-31T12:00:00Z",-11.175,143.225,"2.79",0,"29.36","1.22",0,2022-03-31,"03","2022",2.79,29.36,"-11.175 143.225"
"4246561","2022-03-31T12:00:00Z",-11.375,143.275,"3.35",0,"29.39","1.28",0,2022-03-31,"03","2022",3.35,29.39,"-11.375 143.275"
"4246562","2022-03-31T12:00:00Z",-11.375,143.325,"3.42",0,"29.43","1.32",0,2022-03-31,"03","2022",3.42,29.43,"-11.375 143.325"
"4246900","2022-03-31T12:00:00Z",-11.775,143.825,"6.28",0,"29.22","1.3800000000000001",0,2022-03-31,"03","2022",6.28,29.22,"-11.775 143.825"
"4246901","2022-03-31T12:00:00Z",-11.775,143.875,"6.45",0,"29.17","1.34",0,2022-03-31,"03","2022",6.45,29.17,"-11.775 143.875"
"4258163","2022-04-07T12:00:00Z",-11.175,143.225,"2.79",0,"29.55","1.58",0,2022-04-07,"04","2022",2.79,29.55,"-11.175 143.225"
"4258328","2022-04-07T12:00:00Z",-11.375,143.275,"3.35",0,"29.55","1.6300000000000001",0,2022-04-07,"04","2022",3.35,29.55,"-11.375 143.275"
"4258329","2022-04-07T12:00:00Z",-11.375,143.325,"3.42",0,"29.560000000000002","1.6500000000000001",0,2022-04-07,"04","2022",3.42,29.56,"-11.375 143.325"
"4258667","2022-04-07T12:00:00Z",-11.775,143.825,"6.28",0,"29.080000000000002","1.41",0,2022-04-07,"04","2022",6.28,29.08,"-11.775 143.825"
"4258668","2022-04-07T12:00:00Z",-11.775,143.875,"6.45",0,"29.080000000000002","1.42",0,2022-04-07,"04","2022",6.45,29.08,"-11.775 143.875"
"4269930","2022-04-14T12:00:00Z",-11.175,143.225,"2.47",0,"29.52","1.73",0,2022-04-14,"04","2022",2.47,29.52,"-11.175 143.225"
"4270095","2022-04-14T12:00:00Z",-11.375,143.275,"3.0",0,"29.5","1.77",0,2022-04-14,"04","2022",3,29.5,"-11.375 143.275"
"4270096","2022-04-14T12:00:00Z",-11.375,143.325,"3.0500000000000003",0,"29.490000000000002","1.77",0,2022-04-14,"04","2022",3.05,29.49,"-11.375 143.325"
"4270434","2022-04-14T12:00:00Z",-11.775,143.825,"5.9",0,"28.86","1.36",0,2022-04-14,"04","2022",5.9,28.86,"-11.775 143.825"
"4270435","2022-04-14T12:00:00Z",-11.775,143.875,"6.0600000000000005",0,"28.86","1.37",0,2022-04-14,"04","2022",6.06,28.86,"-11.775 143.875"
"4281697","2022-04-21T12:00:00Z",-11.175,143.225,"1.18",0,"28.87","1.3",0,2022-04-21,"04","2022",1.18,28.87,"-11.175 143.225"
"4281862","2022-04-21T12:00:00Z",-11.375,143.275,"1.6500000000000001",0,"28.830000000000002","1.33",0,2022-04-21,"04","2022",1.65,28.83,"-11.375 143.275"
"4281863","2022-04-21T12:00:00Z",-11.375,143.325,"1.69",0,"28.85","1.36",0,2022-04-21,"04","2022",1.69,28.85,"-11.375 143.325"
"4282201","2022-04-21T12:00:00Z",-11.775,143.825,"4.22",0,"28.7","1.41",0,2022-04-21,"04","2022",4.22,28.7,"-11.775 143.825"
"4282202","2022-04-21T12:00:00Z",-11.775,143.875,"4.34",0,"28.7","1.42",0,2022-04-21,"04","2022",4.34,28.7,"-11.775 143.875"
"4293464","2022-04-28T12:00:00Z",-11.175,143.225,"0.31",0,"29.14","1.8",0,2022-04-28,"04","2022",0.31,29.14,"-11.175 143.225"
"4293629","2022-04-28T12:00:00Z",-11.375,143.275,"0.78",0,"28.900000000000002","1.6300000000000001",0,2022-04-28,"04","2022",0.78,28.9,"-11.375 143.275"
"4293630","2022-04-28T12:00:00Z",-11.375,143.325,"0.79",0,"28.92","1.6600000000000001",0,2022-04-28,"04","2022",0.79,28.92,"-11.375 143.325"
"4293968","2022-04-28T12:00:00Z",-11.775,143.825,"3.16",0,"28.650000000000002","1.59",0,2022-04-28,"04","2022",3.16,28.65,"-11.775 143.825"
"4293969","2022-04-28T12:00:00Z",-11.775,143.875,"3.2600000000000002",0,"28.66","1.61",0,2022-04-28,"04","2022",3.26,28.66,"-11.775 143.875"
"4305231","2022-05-05T12:00:00Z",-11.175,143.225,"0.31",0,"28.43","1.32",0,2022-05-05,"05","2022",0.31,28.43,"-11.175 143.225"
"4305396","2022-05-05T12:00:00Z",-11.375,143.275,"0.78",0,"28.35","1.32",0,2022-05-05,"05","2022",0.78,28.35,"-11.375 143.275"
"4305397","2022-05-05T12:00:00Z",-11.375,143.325,"0.79",0,"28.37","1.34",0,2022-05-05,"05","2022",0.79,28.37,"-11.375 143.325"
"4305735","2022-05-05T12:00:00Z",-11.775,143.825,"3.16",0,"28.41","1.58",0,2022-05-05,"05","2022",3.16,28.41,"-11.775 143.825"
"4305736","2022-05-05T12:00:00Z",-11.775,143.875,"3.2600000000000002",0,"28.43","1.61",0,2022-05-05,"05","2022",3.26,28.43,"-11.775 143.875"
"4316998","2022-05-12T12:00:00Z",-11.175,143.225,"0.31",0,"28.66","1.78",0,2022-05-12,"05","2022",0.31,28.66,"-11.175 143.225"
"4317163","2022-05-12T12:00:00Z",-11.375,143.275,"0.78",0,"28.560000000000002","1.76",0,2022-05-12,"05","2022",0.78,28.56,"-11.375 143.275"
"4317164","2022-05-12T12:00:00Z",-11.375,143.325,"0.79",0,"28.59","1.79",0,2022-05-12,"05","2022",0.79,28.59,"-11.375 143.325"
"4317502","2022-05-12T12:00:00Z",-11.775,143.825,"3.16",0,"28.44","1.83",0,2022-05-12,"05","2022",3.16,28.44,"-11.775 143.825"
"4317503","2022-05-12T12:00:00Z",-11.775,143.875,"3.2600000000000002",0,"28.44","1.84",0,2022-05-12,"05","2022",3.26,28.44,"-11.775 143.875"
"4328765","2022-05-19T12:00:00Z",-11.175,143.225,"0.31",0,"28.55","1.92",0,2022-05-19,"05","2022",0.31,28.55,"-11.175 143.225"
"4328930","2022-05-19T12:00:00Z",-11.375,143.275,"0.78",0,"28.490000000000002","1.94",0,2022-05-19,"05","2022",0.78,28.49,"-11.375 143.275"
"4328931","2022-05-19T12:00:00Z",-11.375,143.325,"0.79",0,"28.52","1.97",0,2022-05-19,"05","2022",0.79,28.52,"-11.375 143.325"
"4329269","2022-05-19T12:00:00Z",-11.775,143.825,"3.16",0,"28.16","1.78",0,2022-05-19,"05","2022",3.16,28.16,"-11.775 143.825"
"4329270","2022-05-19T12:00:00Z",-11.775,143.875,"3.2600000000000002",0,"28.14","1.77",0,2022-05-19,"05","2022",3.26,28.14,"-11.775 143.875"
"4340532","2022-05-26T12:00:00Z",-11.175,143.225,"0.31",0,"28.29","1.94",0,2022-05-26,"05","2022",0.31,28.29,"-11.175 143.225"
"4340697","2022-05-26T12:00:00Z",-11.375,143.275,"0.46",0,"28.3","2.02",0,2022-05-26,"05","2022",0.46,28.3,"-11.375 143.275"
"4340698","2022-05-26T12:00:00Z",-11.375,143.325,"0.47000000000000003",0,"28.330000000000002","2.05",0,2022-05-26,"05","2022",0.47,28.33,"-11.375 143.325"
"4341036","2022-05-26T12:00:00Z",-11.775,143.825,"3.0100000000000002",0,"27.84","1.69",0,2022-05-26,"05","2022",3.01,27.84,"-11.775 143.825"
"4341037","2022-05-26T12:00:00Z",-11.775,143.875,"3.1",0,"27.830000000000002","1.68",0,2022-05-26,"05","2022",3.1,27.83,"-11.775 143.875"
"4352299","2022-06-02T12:00:00Z",-11.175,143.225,"0.16",0,"28.12","2.04",0,2022-06-02,"06","2022",0.16,28.12,"-11.175 143.225"
"4352464","2022-06-02T12:00:00Z",-11.375,143.275,"0.3",0,"28.080000000000002","2.07",0,2022-06-02,"06","2022",0.3,28.08,"-11.375 143.275"
"4352465","2022-06-02T12:00:00Z",-11.375,143.325,"0.31",0,"28.12","2.1",0,2022-06-02,"06","2022",0.31,28.12,"-11.375 143.325"
"4352803","2022-06-02T12:00:00Z",-11.775,143.825,"2.19",0,"27.84","1.92",0,2022-06-02,"06","2022",2.19,27.84,"-11.775 143.825"
"4352804","2022-06-02T12:00:00Z",-11.775,143.875,"2.43",0,"27.830000000000002","1.9100000000000001",0,2022-06-02,"06","2022",2.43,27.83,"-11.775 143.875"
"4364066","2022-06-09T12:00:00Z",-11.175,143.225,"0.16",0,"27.45","1.6400000000000001",0,2022-06-09,"06","2022",0.16,27.45,"-11.175 143.225"
"4364231","2022-06-09T12:00:00Z",-11.375,143.275,"0.15",0,"27.330000000000002","1.59",0,2022-06-09,"06","2022",0.15,27.33,"-11.375 143.275"
"4364232","2022-06-09T12:00:00Z",-11.375,143.325,"0.16",0,"27.36","1.6",0,2022-06-09,"06","2022",0.16,27.36,"-11.375 143.325"
"4364570","2022-06-09T12:00:00Z",-11.775,143.825,"0.89",0,"27.25","1.56",0,2022-06-09,"06","2022",0.89,27.25,"-11.775 143.825"
"4364571","2022-06-09T12:00:00Z",-11.775,143.875,"1.09",0,"27.26","1.57",0,2022-06-09,"06","2022",1.09,27.26,"-11.775 143.875"
"4375833","2022-06-16T12:00:00Z",-11.175,143.225,"0.0",0,"27.32","1.77",0,2022-06-16,"06","2022",0,27.32,"-11.175 143.225"
"4375998","2022-06-16T12:00:00Z",-11.375,143.275,"0.0",0,"27.19","1.71",0,2022-06-16,"06","2022",0,27.19,"-11.375 143.275"
"4375999","2022-06-16T12:00:00Z",-11.375,143.325,"0.0",0,"27.2","1.7",0,2022-06-16,"06","2022",0,27.2,"-11.375 143.325"
"4376337","2022-06-16T12:00:00Z",-11.775,143.825,"0.0",0,"27.02","1.55",0,2022-06-16,"06","2022",0,27.02,"-11.775 143.825"
"4376338","2022-06-16T12:00:00Z",-11.775,143.875,"0.0",0,"27.060000000000002","1.58",0,2022-06-16,"06","2022",0,27.06,"-11.775 143.875"
"4387600","2022-06-23T12:00:00Z",-11.175,143.225,"0.0",0,"26.51","1.17",0,2022-06-23,"06","2022",0,26.51,"-11.175 143.225"
"4387765","2022-06-23T12:00:00Z",-11.375,143.275,"0.0",0,"26.36","1.09",0,2022-06-23,"06","2022",0,26.36,"-11.375 143.275"
"4387766","2022-06-23T12:00:00Z",-11.375,143.325,"0.0",0,"26.400000000000002","1.11",0,2022-06-23,"06","2022",0,26.4,"-11.375 143.325"
"4388104","2022-06-23T12:00:00Z",-11.775,143.825,"0.0",0,"26.38","1.08",0,2022-06-23,"06","2022",0,26.38,"-11.775 143.825"
"4388105","2022-06-23T12:00:00Z",-11.775,143.875,"0.0",0,"26.41","1.1",0,2022-06-23,"06","2022",0,26.41,"-11.775 143.875"
"4399367","2022-06-30T12:00:00Z",-11.175,143.225,"0.0",0,"26.6","1.48",0,2022-06-30,"06","2022",0,26.6,"-11.175 143.225"
"4399532","2022-06-30T12:00:00Z",-11.375,143.275,"0.0",0,"26.43","1.37",0,2022-06-30,"06","2022",0,26.43,"-11.375 143.275"
"4399533","2022-06-30T12:00:00Z",-11.375,143.325,"0.0",0,"26.43","1.35",0,2022-06-30,"06","2022",0,26.43,"-11.375 143.325"
"4399871","2022-06-30T12:00:00Z",-11.775,143.825,"0.0",0,"26.310000000000002","1.18",0,2022-06-30,"06","2022",0,26.31,"-11.775 143.825"
"4399872","2022-06-30T12:00:00Z",-11.775,143.875,"0.0",0,"26.34","1.19",0,2022-06-30,"06","2022",0,26.34,"-11.775 143.875"
"4411134","2022-07-07T12:00:00Z",-11.175,143.225,"0.0",0,"26.1","1.19",0,2022-07-07,"07","2022",0,26.1,"-11.175 143.225"
"4411299","2022-07-07T12:00:00Z",-11.375,143.275,"0.0",0,"26.05","1.19",0,2022-07-07,"07","2022",0,26.05,"-11.375 143.275"
"4411300","2022-07-07T12:00:00Z",-11.375,143.325,"0.0",0,"26.080000000000002","1.2",0,2022-07-07,"07","2022",0,26.08,"-11.375 143.325"
"4411638","2022-07-07T12:00:00Z",-11.775,143.825,"0.0",0,"26.09","1.12",0,2022-07-07,"07","2022",0,26.09,"-11.775 143.825"
"4411639","2022-07-07T12:00:00Z",-11.775,143.875,"0.0",0,"26.12","1.1300000000000001",0,2022-07-07,"07","2022",0,26.12,"-11.775 143.875"
"4422901","2022-07-14T12:00:00Z",-11.175,143.225,"0.0",0,"25.87","1.17",0,2022-07-14,"07","2022",0,25.87,"-11.175 143.225"
"4423066","2022-07-14T12:00:00Z",-11.375,143.275,"0.0",0,"25.8","1.1500000000000001",0,2022-07-14,"07","2022",0,25.8,"-11.375 143.275"
"4423067","2022-07-14T12:00:00Z",-11.375,143.325,"0.0",0,"25.82","1.1500000000000001",0,2022-07-14,"07","2022",0,25.82,"-11.375 143.325"
"4423405","2022-07-14T12:00:00Z",-11.775,143.825,"0.0",0,"25.91","1.11",0,2022-07-14,"07","2022",0,25.91,"-11.775 143.825"
"4423406","2022-07-14T12:00:00Z",-11.775,143.875,"0.0",0,"25.95","1.1300000000000001",0,2022-07-14,"07","2022",0,25.95,"-11.775 143.875"
"4434668","2022-07-21T12:00:00Z",-11.175,143.225,"0.0",0,"25.580000000000002","0.9400000000000001",0,2022-07-21,"07","2022",0,25.58,"-11.175 143.225"
"4434833","2022-07-21T12:00:00Z",-11.375,143.275,"0.0",0,"25.52","0.93",0,2022-07-21,"07","2022",0,25.52,"-11.375 143.275"
"4434834","2022-07-21T12:00:00Z",-11.375,143.325,"0.0",0,"25.55","0.9500000000000001",0,2022-07-21,"07","2022",0,25.55,"-11.375 143.325"
"4435172","2022-07-21T12:00:00Z",-11.775,143.825,"0.0",0,"25.740000000000002","1.01",0,2022-07-21,"07","2022",0,25.74,"-11.775 143.825"
"4435173","2022-07-21T12:00:00Z",-11.775,143.875,"0.0",0,"25.76","1.01",0,2022-07-21,"07","2022",0,25.76,"-11.775 143.875"
"4446435","2022-07-28T12:00:00Z",-11.175,143.225,"0.0",0,"25.47","0.87",0,2022-07-28,"07","2022",0,25.47,"-11.175 143.225"
"4446600","2022-07-28T12:00:00Z",-11.375,143.275,"0.0",0,"25.39","0.85",0,2022-07-28,"07","2022",0,25.39,"-11.375 143.275"
"4446601","2022-07-28T12:00:00Z",-11.375,143.325,"0.0",0,"25.43","0.87",0,2022-07-28,"07","2022",0,25.43,"-11.375 143.325"
"4446939","2022-07-28T12:00:00Z",-11.775,143.825,"0.0",0,"25.5","0.8300000000000001",0,2022-07-28,"07","2022",0,25.5,"-11.775 143.825"
"4446940","2022-07-28T12:00:00Z",-11.775,143.875,"0.0",0,"25.52","0.8300000000000001",0,2022-07-28,"07","2022",0,25.52,"-11.775 143.875"
"4458202","2022-08-04T12:00:00Z",-11.175,143.225,"0.0",0,"25.740000000000002","1.18",0,2022-08-04,"08","2022",0,25.74,"-11.175 143.225"
"4458367","2022-08-04T12:00:00Z",-11.375,143.275,"0.0",0,"25.69","1.19",0,2022-08-04,"08","2022",0,25.69,"-11.375 143.275"
"4458368","2022-08-04T12:00:00Z",-11.375,143.325,"0.0",0,"25.68","1.16",0,2022-08-04,"08","2022",0,25.68,"-11.375 143.325"
"4458706","2022-08-04T12:00:00Z",-11.775,143.825,"0.0",0,"26.07","1.46",0,2022-08-04,"08","2022",0,26.07,"-11.775 143.825"
"4458707","2022-08-04T12:00:00Z",-11.775,143.875,"0.0",0,"26.080000000000002","1.45",0,2022-08-04,"08","2022",0,26.08,"-11.775 143.875"
"4469969","2022-08-11T12:00:00Z",-11.175,143.225,"0.0",0,"25.580000000000002","1.06",0,2022-08-11,"08","2022",0,25.58,"-11.175 143.225"
"4470134","2022-08-11T12:00:00Z",-11.375,143.275,"0.0",0,"25.650000000000002","1.19",0,2022-08-11,"08","2022",0,25.65,"-11.375 143.275"
"4470135","2022-08-11T12:00:00Z",-11.375,143.325,"0.0",0,"25.66","1.19",0,2022-08-11,"08","2022",0,25.66,"-11.375 143.325"
"4470473","2022-08-11T12:00:00Z",-11.775,143.825,"0.0",0,"25.87","1.32",0,2022-08-11,"08","2022",0,25.87,"-11.775 143.825"
"4470474","2022-08-11T12:00:00Z",-11.775,143.875,"0.0",0,"25.91","1.34",0,2022-08-11,"08","2022",0,25.91,"-11.775 143.875"
"4481736","2022-08-18T12:00:00Z",-11.175,143.225,"0.0",0,"25.900000000000002","1.34",0,2022-08-18,"08","2022",0,25.9,"-11.175 143.225"
"4481901","2022-08-18T12:00:00Z",-11.375,143.275,"0.0",0,"25.86","1.36",0,2022-08-18,"08","2022",0,25.86,"-11.375 143.275"
"4481902","2022-08-18T12:00:00Z",-11.375,143.325,"0.0",0,"25.89","1.3800000000000001",0,2022-08-18,"08","2022",0,25.89,"-11.375 143.325"
"4482240","2022-08-18T12:00:00Z",-11.775,143.825,"0.0",0,"25.84","1.28",0,2022-08-18,"08","2022",0,25.84,"-11.775 143.825"
"4482241","2022-08-18T12:00:00Z",-11.775,143.875,"0.0",0,"25.85","1.28",0,2022-08-18,"08","2022",0,25.85,"-11.775 143.875"
"4493503","2022-08-25T12:00:00Z",-11.175,143.225,"0.0",0,"25.46","0.75",0,2022-08-25,"08","2022",0,25.46,"-11.175 143.225"
"4493668","2022-08-25T12:00:00Z",-11.375,143.275,"0.0",0,"25.38","0.73",0,2022-08-25,"08","2022",0,25.38,"-11.375 143.275"
"4493669","2022-08-25T12:00:00Z",-11.375,143.325,"0.0",0,"25.43","0.78",0,2022-08-25,"08","2022",0,25.43,"-11.375 143.325"
"4494007","2022-08-25T12:00:00Z",-11.775,143.825,"0.0",0,"25.52","0.88",0,2022-08-25,"08","2022",0,25.52,"-11.775 143.825"
"4494008","2022-08-25T12:00:00Z",-11.775,143.875,"0.0",0,"25.560000000000002","0.9",0,2022-08-25,"08","2022",0,25.56,"-11.775 143.875"
"4505270","2022-09-01T12:00:00Z",-11.175,143.225,"0.0",0,"25.77","0.91",0,2022-09-01,"09","2022",0,25.77,"-11.175 143.225"
"4505435","2022-09-01T12:00:00Z",-11.375,143.275,"0.0",0,"25.7","0.91",0,2022-09-01,"09","2022",0,25.7,"-11.375 143.275"
"4505436","2022-09-01T12:00:00Z",-11.375,143.325,"0.0",0,"25.740000000000002","0.9400000000000001",0,2022-09-01,"09","2022",0,25.74,"-11.375 143.325"
"4505774","2022-09-01T12:00:00Z",-11.775,143.825,"0.0",0,"25.64","0.91",0,2022-09-01,"09","2022",0,25.64,"-11.775 143.825"
"4505775","2022-09-01T12:00:00Z",-11.775,143.875,"0.0",0,"25.64","0.9",0,2022-09-01,"09","2022",0,25.64,"-11.775 143.875"
"4517037","2022-09-08T12:00:00Z",-11.175,143.225,"0.0",0,"26.09","1.09",0,2022-09-08,"09","2022",0,26.09,"-11.175 143.225"
"4517202","2022-09-08T12:00:00Z",-11.375,143.275,"0.0",0,"26.16","1.22",0,2022-09-08,"09","2022",0,26.16,"-11.375 143.275"
"4517203","2022-09-08T12:00:00Z",-11.375,143.325,"0.0",0,"26.17","1.23",0,2022-09-08,"09","2022",0,26.17,"-11.375 143.325"
"4517541","2022-09-08T12:00:00Z",-11.775,143.825,"0.0",0,"26.01","1.2",0,2022-09-08,"09","2022",0,26.01,"-11.775 143.825"
"4517542","2022-09-08T12:00:00Z",-11.775,143.875,"0.0",0,"26.01","1.19",0,2022-09-08,"09","2022",0,26.01,"-11.775 143.875"
"4528804","2022-09-15T12:00:00Z",-11.175,143.225,"0.0",0,"26.85","1.7",0,2022-09-15,"09","2022",0,26.85,"-11.175 143.225"
"4528969","2022-09-15T12:00:00Z",-11.375,143.275,"0.0",0,"26.76","1.68",0,2022-09-15,"09","2022",0,26.76,"-11.375 143.275"
"4528970","2022-09-15T12:00:00Z",-11.375,143.325,"0.0",0,"26.75","1.67",0,2022-09-15,"09","2022",0,26.75,"-11.375 143.325"
"4529308","2022-09-15T12:00:00Z",-11.775,143.825,"0.0",0,"26.61","1.71",0,2022-09-15,"09","2022",0,26.61,"-11.775 143.825"
"4529309","2022-09-15T12:00:00Z",-11.775,143.875,"0.0",0,"26.66","1.76",0,2022-09-15,"09","2022",0,26.66,"-11.775 143.875"
"4540571","2022-09-22T12:00:00Z",-11.175,143.225,"0.0",0,"27.3","1.8900000000000001",0,2022-09-22,"09","2022",0,27.3,"-11.175 143.225"
"4540736","2022-09-22T12:00:00Z",-11.375,143.275,"0.0",0,"27.22","1.87",0,2022-09-22,"09","2022",0,27.22,"-11.375 143.275"
"4540737","2022-09-22T12:00:00Z",-11.375,143.325,"0.0",0,"27.23","1.8900000000000001",0,2022-09-22,"09","2022",0,27.23,"-11.375 143.325"
"4541075","2022-09-22T12:00:00Z",-11.775,143.825,"0.0",0,"27.11","1.98",0,2022-09-22,"09","2022",0,27.11,"-11.775 143.825"
"4541076","2022-09-22T12:00:00Z",-11.775,143.875,"0.0",0,"27.150000000000002","2.02",0,2022-09-22,"09","2022",0,27.15,"-11.775 143.875"
"4552338","2022-09-29T12:00:00Z",-11.175,143.225,"0.0",0,"27.85","2.18",0,2022-09-29,"09","2022",0,27.85,"-11.175 143.225"
"4552503","2022-09-29T12:00:00Z",-11.375,143.275,"0.0",0,"27.82","2.2",0,2022-09-29,"09","2022",0,27.82,"-11.375 143.275"
"4552504","2022-09-29T12:00:00Z",-11.375,143.325,"0.0",0,"27.79","2.18",0,2022-09-29,"09","2022",0,27.79,"-11.375 143.325"
"4552842","2022-09-29T12:00:00Z",-11.775,143.825,"0.0",0,"27.41","2.04",0,2022-09-29,"09","2022",0,27.41,"-11.775 143.825"
"4552843","2022-09-29T12:00:00Z",-11.775,143.875,"0.0",0,"27.400000000000002","2.05",0,2022-09-29,"09","2022",0,27.4,"-11.775 143.875"
"4564105","2022-10-06T12:00:00Z",-11.175,143.225,"0.0",0,"27.95","2.02",0,2022-10-06,"10","2022",0,27.95,"-11.175 143.225"
"4564270","2022-10-06T12:00:00Z",-11.375,143.275,"0.0",0,"27.93","2.04",0,2022-10-06,"10","2022",0,27.93,"-11.375 143.275"
"4564271","2022-10-06T12:00:00Z",-11.375,143.325,"0.0",0,"27.91","2.04",0,2022-10-06,"10","2022",0,27.91,"-11.375 143.325"
"4564609","2022-10-06T12:00:00Z",-11.775,143.825,"0.0",0,"27.98","2.38",0,2022-10-06,"10","2022",0,27.98,"-11.775 143.825"
"4564610","2022-10-06T12:00:00Z",-11.775,143.875,"0.0",0,"28.0","2.42",0,2022-10-06,"10","2022",0,28,"-11.775 143.875"
"4575872","2022-10-13T12:00:00Z",-11.175,143.225,"0.0",0,"27.87","1.67",0,2022-10-13,"10","2022",0,27.87,"-11.175 143.225"
"4576037","2022-10-13T12:00:00Z",-11.375,143.275,"0.0",0,"27.78","1.6300000000000001",0,2022-10-13,"10","2022",0,27.78,"-11.375 143.275"
"4576038","2022-10-13T12:00:00Z",-11.375,143.325,"0.0",0,"27.8","1.67",0,2022-10-13,"10","2022",0,27.8,"-11.375 143.325"
"4576376","2022-10-13T12:00:00Z",-11.775,143.825,"0.0",0,"27.47","1.6400000000000001",0,2022-10-13,"10","2022",0,27.47,"-11.775 143.825"
"4576377","2022-10-13T12:00:00Z",-11.775,143.875,"0.0",0,"27.490000000000002","1.68",0,2022-10-13,"10","2022",0,27.49,"-11.775 143.875"
"4587639","2022-10-20T12:00:00Z",-11.175,143.225,"0.0",0,"28.560000000000002","2.05",0,2022-10-20,"10","2022",0,28.56,"-11.175 143.225"
"4587804","2022-10-20T12:00:00Z",-11.375,143.275,"0.0",0,"28.44","1.97",0,2022-10-20,"10","2022",0,28.44,"-11.375 143.275"
"4587805","2022-10-20T12:00:00Z",-11.375,143.325,"0.0",0,"28.41","1.96",0,2022-10-20,"10","2022",0,28.41,"-11.375 143.325"
"4588143","2022-10-20T12:00:00Z",-11.775,143.825,"0.0",0,"28.14","2.04",0,2022-10-20,"10","2022",0,28.14,"-11.775 143.825"
"4588144","2022-10-20T12:00:00Z",-11.775,143.875,"0.0",0,"28.19","2.12",0,2022-10-20,"10","2022",0,28.19,"-11.775 143.875"
"4599406","2022-10-27T12:00:00Z",-11.175,143.225,"0.0",0,"29.14","2.3000000000000003",0,2022-10-27,"10","2022",0,29.14,"-11.175 143.225"
"4599571","2022-10-27T12:00:00Z",-11.375,143.275,"0.0",0,"29.18","2.38",0,2022-10-27,"10","2022",0,29.18,"-11.375 143.275"
"4599572","2022-10-27T12:00:00Z",-11.375,143.325,"0.0",0,"29.14","2.36",0,2022-10-27,"10","2022",0,29.14,"-11.375 143.325"
"4599910","2022-10-27T12:00:00Z",-11.775,143.825,"0.0",0,"28.71","2.33",0,2022-10-27,"10","2022",0,28.71,"-11.775 143.825"
"4599911","2022-10-27T12:00:00Z",-11.775,143.875,"0.0",0,"28.75","2.4",0,2022-10-27,"10","2022",0,28.75,"-11.775 143.875"
"4611173","2022-11-03T12:00:00Z",-11.175,143.225,"0.0",0,"29.71","2.5500000000000003",0,2022-11-03,"11","2022",0,29.71,"-11.175 143.225"
"4611338","2022-11-03T12:00:00Z",-11.375,143.275,"0.0",0,"29.62","2.5",0,2022-11-03,"11","2022",0,29.62,"-11.375 143.275"
"4611339","2022-11-03T12:00:00Z",-11.375,143.325,"0.0",0,"29.57","2.47",0,2022-11-03,"11","2022",0,29.57,"-11.375 143.325"
"4611677","2022-11-03T12:00:00Z",-11.775,143.825,"0.0",0,"29.13","2.47",0,2022-11-03,"11","2022",0,29.13,"-11.775 143.825"
"4611678","2022-11-03T12:00:00Z",-11.775,143.875,"0.0",0,"29.1","2.48",0,2022-11-03,"11","2022",0,29.1,"-11.775 143.875"
"4622940","2022-11-10T12:00:00Z",-11.175,143.225,"0.0",0,"29.43","1.94",0,2022-11-10,"11","2022",0,29.43,"-11.175 143.225"
"4623105","2022-11-10T12:00:00Z",-11.375,143.275,"0.0",0,"29.28","1.83",0,2022-11-10,"11","2022",0,29.28,"-11.375 143.275"
"4623106","2022-11-10T12:00:00Z",-11.375,143.325,"0.0",0,"29.25","1.82",0,2022-11-10,"11","2022",0,29.25,"-11.375 143.325"
"4623444","2022-11-10T12:00:00Z",-11.775,143.825,"0.0",0,"28.47","1.53",0,2022-11-10,"11","2022",0,28.47,"-11.775 143.825"
"4623445","2022-11-10T12:00:00Z",-11.775,143.875,"0.0",0,"28.48","1.58",0,2022-11-10,"11","2022",0,28.48,"-11.775 143.875"
"4634707","2022-11-17T12:00:00Z",-11.175,143.225,"0.0",0,"29.54","1.74",0,2022-11-17,"11","2022",0,29.54,"-11.175 143.225"
"4634872","2022-11-17T12:00:00Z",-11.375,143.275,"0.0",0,"29.400000000000002","1.6400000000000001",0,2022-11-17,"11","2022",0,29.4,"-11.375 143.275"
"4634873","2022-11-17T12:00:00Z",-11.375,143.325,"0.0",0,"29.39","1.6500000000000001",0,2022-11-17,"11","2022",0,29.39,"-11.375 143.325"
"4635211","2022-11-17T12:00:00Z",-11.775,143.825,"0.0",0,"28.77","1.55",0,2022-11-17,"11","2022",0,28.77,"-11.775 143.825"
"4635212","2022-11-17T12:00:00Z",-11.775,143.875,"0.0",0,"28.830000000000002","1.6500000000000001",0,2022-11-17,"11","2022",0,28.83,"-11.775 143.875"
"4646474","2022-11-24T12:00:00Z",-11.175,143.225,"0.0",0,"30.05","1.98",0,2022-11-24,"11","2022",0,30.05,"-11.175 143.225"
"4646639","2022-11-24T12:00:00Z",-11.375,143.275,"0.0",0,"29.990000000000002","1.97",0,2022-11-24,"11","2022",0,29.99,"-11.375 143.275"
"4646640","2022-11-24T12:00:00Z",-11.375,143.325,"0.0",0,"29.97","1.97",0,2022-11-24,"11","2022",0,29.97,"-11.375 143.325"
"4646978","2022-11-24T12:00:00Z",-11.775,143.825,"0.0",0,"29.29","1.79",0,2022-11-24,"11","2022",0,29.29,"-11.775 143.825"
"4646979","2022-11-24T12:00:00Z",-11.775,143.875,"0.0",0,"29.26","1.81",0,2022-11-24,"11","2022",0,29.26,"-11.775 143.875"
"4658241","2022-12-01T12:00:00Z",-11.175,143.225,"0.44",0,"29.98","1.6500000000000001",0,2022-12-01,"12","2022",0.44,29.98,"-11.175 143.225"
"4658406","2022-12-01T12:00:00Z",-11.375,143.275,"0.43",0,"29.97","1.69",0,2022-12-01,"12","2022",0.43,29.97,"-11.375 143.275"
"4658407","2022-12-01T12:00:00Z",-11.375,143.325,"0.44",0,"29.96","1.7",0,2022-12-01,"12","2022",0.44,29.96,"-11.375 143.325"
"4658745","2022-12-01T12:00:00Z",-11.775,143.825,"0.0",0,"29.47","1.7",0,2022-12-01,"12","2022",0,29.47,"-11.775 143.825"
"4658746","2022-12-01T12:00:00Z",-11.775,143.875,"0.0",0,"29.41","1.68",0,2022-12-01,"12","2022",0,29.41,"-11.775 143.875"
"4670008","2022-12-08T12:00:00Z",-11.175,143.225,"0.44",0,"29.64","1.05",0,2022-12-08,"12","2022",0.44,29.64,"-11.175 143.225"
"4670173","2022-12-08T12:00:00Z",-11.375,143.275,"0.43",0,"29.580000000000002","1.05",0,2022-12-08,"12","2022",0.43,29.58,"-11.375 143.275"
"4670174","2022-12-08T12:00:00Z",-11.375,143.325,"0.44",0,"29.6","1.09",0,2022-12-08,"12","2022",0.44,29.6,"-11.375 143.325"
"4670512","2022-12-08T12:00:00Z",-11.775,143.825,"0.0",0,"29.21","1.16",0,2022-12-08,"12","2022",0,29.21,"-11.775 143.825"
"4670513","2022-12-08T12:00:00Z",-11.775,143.875,"0.0",0,"29.19","1.19",0,2022-12-08,"12","2022",0,29.19,"-11.775 143.875"
"4681775","2022-12-15T12:00:00Z",-11.175,143.225,"0.44",0,"29.93","1.08",0,2022-12-15,"12","2022",0.44,29.93,"-11.175 143.225"
"4681940","2022-12-15T12:00:00Z",-11.375,143.275,"0.58",0,"30.05","1.26",0,2022-12-15,"12","2022",0.58,30.05,"-11.375 143.275"
"4681941","2022-12-15T12:00:00Z",-11.375,143.325,"0.58",0,"30.05","1.28",0,2022-12-15,"12","2022",0.58,30.05,"-11.375 143.325"
"4682279","2022-12-15T12:00:00Z",-11.775,143.825,"0.34",0,"29.8","1.47",0,2022-12-15,"12","2022",0.34,29.8,"-11.775 143.825"
"4682280","2022-12-15T12:00:00Z",-11.775,143.875,"0.51",0,"29.8","1.52",0,2022-12-15,"12","2022",0.51,29.8,"-11.775 143.875"
"4693542","2022-12-22T12:00:00Z",-11.175,143.225,"0.76",0,"29.75","0.84",0,2022-12-22,"12","2022",0.76,29.75,"-11.175 143.225"
"4693707","2022-12-22T12:00:00Z",-11.375,143.275,"1.04",0,"29.77","0.91",0,2022-12-22,"12","2022",1.04,29.77,"-11.375 143.275"
"4693708","2022-12-22T12:00:00Z",-11.375,143.325,"1.03",0,"29.75","0.9",0,2022-12-22,"12","2022",1.03,29.75,"-11.375 143.325"
"4694046","2022-12-22T12:00:00Z",-11.775,143.825,"1.17",0,"29.490000000000002","1.11",0,2022-12-22,"12","2022",1.17,29.49,"-11.775 143.825"
"4694047","2022-12-22T12:00:00Z",-11.775,143.875,"1.67",0,"29.5","1.17",0,2022-12-22,"12","2022",1.67,29.5,"-11.775 143.875"
"4705309","2022-12-29T12:00:00Z",-11.175,143.225,"0.76",0,"29.67","0.6900000000000001",0,2022-12-29,"12","2022",0.76,29.67,"-11.175 143.225"
"4705474","2022-12-29T12:00:00Z",-11.375,143.275,"1.04",0,"29.68","0.74",0,2022-12-29,"12","2022",1.04,29.68,"-11.375 143.275"
"4705475","2022-12-29T12:00:00Z",-11.375,143.325,"1.03",0,"29.68","0.76",0,2022-12-29,"12","2022",1.03,29.68,"-11.375 143.325"
"4705813","2022-12-29T12:00:00Z",-11.775,143.825,"1.32",0,"29.28","0.85",0,2022-12-29,"12","2022",1.32,29.28,"-11.775 143.825"
"4705814","2022-12-29T12:00:00Z",-11.775,143.875,"1.83",0,"29.32","0.9400000000000001",0,2022-12-29,"12","2022",1.83,29.32,"-11.775 143.875"
"4717076","2023-01-05T12:00:00Z",-11.175,143.225,"0.76",0,"29.34","0.3",0,2023-01-05,"01","2023",0.76,29.34,"-11.175 143.225"
"4717241","2023-01-05T12:00:00Z",-11.375,143.275,"1.04",0,"29.34","0.33",0,2023-01-05,"01","2023",1.04,29.34,"-11.375 143.275"
"4717242","2023-01-05T12:00:00Z",-11.375,143.325,"1.03",0,"29.310000000000002","0.31",0,2023-01-05,"01","2023",1.03,29.31,"-11.375 143.325"
"4717580","2023-01-05T12:00:00Z",-11.775,143.825,"1.32",0,"28.77","0.29",0,2023-01-05,"01","2023",1.32,28.77,"-11.775 143.825"
"4717581","2023-01-05T12:00:00Z",-11.775,143.875,"1.83",0,"28.77","0.34",0,2023-01-05,"01","2023",1.83,28.77,"-11.775 143.875"
"4728843","2023-01-12T12:00:00Z",-11.175,143.225,"0.76",0,"29.36","0.26",0,2023-01-12,"01","2023",0.76,29.36,"-11.175 143.225"
"4729008","2023-01-12T12:00:00Z",-11.375,143.275,"1.04",0,"29.330000000000002","0.24",0,2023-01-12,"01","2023",1.04,29.33,"-11.375 143.275"
"4729009","2023-01-12T12:00:00Z",-11.375,143.325,"1.03",0,"29.35","0.27",0,2023-01-12,"01","2023",1.03,29.35,"-11.375 143.325"
"4729347","2023-01-12T12:00:00Z",-11.775,143.825,"1.32",0,"29.310000000000002","0.78",0,2023-01-12,"01","2023",1.32,29.31,"-11.775 143.825"
"4729348","2023-01-12T12:00:00Z",-11.775,143.875,"1.83",0,"29.29","0.81",0,2023-01-12,"01","2023",1.83,29.29,"-11.775 143.875"
"4740610","2023-01-19T12:00:00Z",-11.175,143.225,"0.76",0,"29.29","0.2",0,2023-01-19,"01","2023",0.76,29.29,"-11.175 143.225"
"4740775","2023-01-19T12:00:00Z",-11.375,143.275,"1.04",0,"29.27","0.19",0,2023-01-19,"01","2023",1.04,29.27,"-11.375 143.275"
"4740776","2023-01-19T12:00:00Z",-11.375,143.325,"1.03",0,"29.27","0.2",0,2023-01-19,"01","2023",1.03,29.27,"-11.375 143.325"
"4741114","2023-01-19T12:00:00Z",-11.775,143.825,"1.32",0,"28.97","0.44",0,2023-01-19,"01","2023",1.32,28.97,"-11.775 143.825"
"4741115","2023-01-19T12:00:00Z",-11.775,143.875,"1.83",0,"28.96","0.48",0,2023-01-19,"01","2023",1.83,28.96,"-11.775 143.875"
"4752377","2023-01-26T12:00:00Z",-11.175,143.225,"0.76",0,"28.75","-0.27",0,2023-01-26,"01","2023",0.76,28.75,"-11.175 143.225"
"4752542","2023-01-26T12:00:00Z",-11.375,143.275,"1.04",0,"28.740000000000002","-0.28",0,2023-01-26,"01","2023",1.04,28.74,"-11.375 143.275"
"4752543","2023-01-26T12:00:00Z",-11.375,143.325,"1.03",0,"28.79","-0.22",0,2023-01-26,"01","2023",1.03,28.79,"-11.375 143.325"
"4752881","2023-01-26T12:00:00Z",-11.775,143.825,"1.32",0,"28.95","0.45",0,2023-01-26,"01","2023",1.32,28.95,"-11.775 143.825"
"4752882","2023-01-26T12:00:00Z",-11.775,143.875,"1.83",0,"28.96","0.51",0,2023-01-26,"01","2023",1.83,28.96,"-11.775 143.875"
"4764144","2023-02-02T12:00:00Z",-11.175,143.225,"0.76",0,"29.36","0.4",0,2023-02-02,"02","2023",0.76,29.36,"-11.175 143.225"
"4764309","2023-02-02T12:00:00Z",-11.375,143.275,"1.04",0,"29.330000000000002","0.37",0,2023-02-02,"02","2023",1.04,29.33,"-11.375 143.275"
"4764310","2023-02-02T12:00:00Z",-11.375,143.325,"1.03",0,"29.29","0.34",0,2023-02-02,"02","2023",1.03,29.29,"-11.375 143.325"
"4764648","2023-02-02T12:00:00Z",-11.775,143.825,"1.32",0,"28.86","0.4",0,2023-02-02,"02","2023",1.32,28.86,"-11.775 143.825"
"4764649","2023-02-02T12:00:00Z",-11.775,143.875,"1.83",0,"28.84","0.42",0,2023-02-02,"02","2023",1.83,28.84,"-11.775 143.875"
"4775911","2023-02-09T12:00:00Z",-11.175,143.225,"0.76",0,"29.37","0.48",0,2023-02-09,"02","2023",0.76,29.37,"-11.175 143.225"
"4776076","2023-02-09T12:00:00Z",-11.375,143.275,"1.04",0,"29.25","0.36",0,2023-02-09,"02","2023",1.04,29.25,"-11.375 143.275"
"4776077","2023-02-09T12:00:00Z",-11.375,143.325,"1.03",0,"29.29","0.41000000000000003",0,2023-02-09,"02","2023",1.03,29.29,"-11.375 143.325"
"4776415","2023-02-09T12:00:00Z",-11.775,143.825,"1.32",0,"29.1","0.67",0,2023-02-09,"02","2023",1.32,29.1,"-11.775 143.825"
"4776416","2023-02-09T12:00:00Z",-11.775,143.875,"1.83",0,"29.060000000000002","0.67",0,2023-02-09,"02","2023",1.83,29.06,"-11.775 143.875"
"4787678","2023-02-16T12:00:00Z",-11.175,143.225,"0.76",0,"29.23","0.41000000000000003",0,2023-02-16,"02","2023",0.76,29.23,"-11.175 143.225"
"4787843","2023-02-16T12:00:00Z",-11.375,143.275,"1.04",0,"29.25","0.42",0,2023-02-16,"02","2023",1.04,29.25,"-11.375 143.275"
"4787844","2023-02-16T12:00:00Z",-11.375,143.325,"1.03",0,"29.28","0.46",0,2023-02-16,"02","2023",1.03,29.28,"-11.375 143.325"
"4788182","2023-02-16T12:00:00Z",-11.775,143.825,"1.32",0,"29.27","0.88",0,2023-02-16,"02","2023",1.32,29.27,"-11.775 143.825"
"4788183","2023-02-16T12:00:00Z",-11.775,143.875,"1.83",0,"29.27","0.92",0,2023-02-16,"02","2023",1.83,29.27,"-11.775 143.875"
"4799445","2023-02-23T12:00:00Z",-11.175,143.225,"0.32",0,"29.35","0.6",0,2023-02-23,"02","2023",0.32,29.35,"-11.175 143.225"
"4799610","2023-02-23T12:00:00Z",-11.375,143.275,"0.61",0,"29.34","0.58",0,2023-02-23,"02","2023",0.61,29.34,"-11.375 143.275"
"4799611","2023-02-23T12:00:00Z",-11.375,143.325,"0.59",0,"29.37","0.62",0,2023-02-23,"02","2023",0.59,29.37,"-11.375 143.325"
"4799949","2023-02-23T12:00:00Z",-11.775,143.825,"1.32",0,"29.07","0.72",0,2023-02-23,"02","2023",1.32,29.07,"-11.775 143.825"
"4799950","2023-02-23T12:00:00Z",-11.775,143.875,"1.83",0,"29.11","0.79",0,2023-02-23,"02","2023",1.83,29.11,"-11.775 143.875"
"4811212","2023-03-02T12:00:00Z",-11.175,143.225,"0.32",0,"29.18","0.51",0,2023-03-02,"03","2023",0.32,29.18,"-11.175 143.225"
"4811377","2023-03-02T12:00:00Z",-11.375,143.275,"0.61",0,"29.22","0.54",0,2023-03-02,"03","2023",0.61,29.22,"-11.375 143.275"
"4811378","2023-03-02T12:00:00Z",-11.375,143.325,"0.59",0,"29.23","0.55",0,2023-03-02,"03","2023",0.59,29.23,"-11.375 143.325"
"4811716","2023-03-02T12:00:00Z",-11.775,143.825,"1.32",0,"29.18","0.87",0,2023-03-02,"03","2023",1.32,29.18,"-11.775 143.825"
"4811717","2023-03-02T12:00:00Z",-11.775,143.875,"1.83",0,"29.2","0.92",0,2023-03-02,"03","2023",1.83,29.2,"-11.775 143.875"
"4822979","2023-03-09T12:00:00Z",-11.175,143.225,"0.32",0,"28.77","0.17",0,2023-03-09,"03","2023",0.32,28.77,"-11.175 143.225"
"4823144","2023-03-09T12:00:00Z",-11.375,143.275,"0.46",0,"28.76","0.15",0,2023-03-09,"03","2023",0.46,28.76,"-11.375 143.275"
"4823145","2023-03-09T12:00:00Z",-11.375,143.325,"0.45",0,"28.78","0.17",0,2023-03-09,"03","2023",0.45,28.78,"-11.375 143.325"
"4823483","2023-03-09T12:00:00Z",-11.775,143.825,"0.98",0,"28.66","0.39",0,2023-03-09,"03","2023",0.98,28.66,"-11.775 143.825"
"4823484","2023-03-09T12:00:00Z",-11.775,143.875,"1.32",0,"28.62","0.37",0,2023-03-09,"03","2023",1.32,28.62,"-11.775 143.875"
"4834746","2023-03-16T12:00:00Z",-11.175,143.225,"0.0",0,"29.64","1.12",0,2023-03-16,"03","2023",0,29.64,"-11.175 143.225"
"4834911","2023-03-16T12:00:00Z",-11.375,143.275,"0.0",0,"29.69","1.17",0,2023-03-16,"03","2023",0,29.69,"-11.375 143.275"
"4834912","2023-03-16T12:00:00Z",-11.375,143.325,"0.0",0,"29.71","1.19",0,2023-03-16,"03","2023",0,29.71,"-11.375 143.325"
"4835250","2023-03-16T12:00:00Z",-11.775,143.825,"0.3",0,"29.43","1.22",0,2023-03-16,"03","2023",0.3,29.43,"-11.775 143.825"
"4835251","2023-03-16T12:00:00Z",-11.775,143.875,"0.31",0,"29.37","1.17",0,2023-03-16,"03","2023",0.31,29.37,"-11.775 143.875"
"4846513","2023-03-23T12:00:00Z",-11.175,143.225,"0.0",0,"29.400000000000002","1.06",0,2023-03-23,"03","2023",0,29.4,"-11.175 143.225"
"4846678","2023-03-23T12:00:00Z",-11.375,143.275,"0.0",0,"29.32","0.99",0,2023-03-23,"03","2023",0,29.32,"-11.375 143.275"
"4846679","2023-03-23T12:00:00Z",-11.375,143.325,"0.0",0,"29.34","1.01",0,2023-03-23,"03","2023",0,29.34,"-11.375 143.325"
"4847017","2023-03-23T12:00:00Z",-11.775,143.825,"0.15",0,"29.04","1.0",0,2023-03-23,"03","2023",0.15,29.04,"-11.775 143.825"
"4847018","2023-03-23T12:00:00Z",-11.775,143.875,"0.16",0,"29.04","1.01",0,2023-03-23,"03","2023",0.16,29.04,"-11.775 143.875"
"4858280","2023-03-30T12:00:00Z",-11.175,143.225,"0.0",0,"29.38","1.21",0,2023-03-30,"03","2023",0,29.38,"-11.175 143.225"
"4858445","2023-03-30T12:00:00Z",-11.375,143.275,"0.0",0,"29.27","1.1300000000000001",0,2023-03-30,"03","2023",0,29.27,"-11.375 143.275"
"4858446","2023-03-30T12:00:00Z",-11.375,143.325,"0.0",0,"29.28","1.1500000000000001",0,2023-03-30,"03","2023",0,29.28,"-11.375 143.325"
"4858784","2023-03-30T12:00:00Z",-11.775,143.825,"0.15",0,"28.94","1.07",0,2023-03-30,"03","2023",0.15,28.94,"-11.775 143.825"
"4858785","2023-03-30T12:00:00Z",-11.775,143.875,"0.16",0,"28.94","1.08",0,2023-03-30,"03","2023",0.16,28.94,"-11.775 143.875"
"4870047","2023-04-06T12:00:00Z",-11.175,143.225,"0.0",0,"29.400000000000002","1.41",0,2023-04-06,"04","2023",0,29.4,"-11.175 143.225"
"4870212","2023-04-06T12:00:00Z",-11.375,143.275,"0.0",0,"29.36","1.41",0,2023-04-06,"04","2023",0,29.36,"-11.375 143.275"
"4870213","2023-04-06T12:00:00Z",-11.375,143.325,"0.0",0,"29.28","1.34",0,2023-04-06,"04","2023",0,29.28,"-11.375 143.325"
"4870551","2023-04-06T12:00:00Z",-11.775,143.825,"0.15",0,"28.96","1.26",0,2023-04-06,"04","2023",0.15,28.96,"-11.775 143.825"
"4870552","2023-04-06T12:00:00Z",-11.775,143.875,"0.16",0,"28.96","1.27",0,2023-04-06,"04","2023",0.16,28.96,"-11.775 143.875"
"4881814","2023-04-13T12:00:00Z",-11.175,143.225,"0.0",0,"29.0","1.18",0,2023-04-13,"04","2023",0,29,"-11.175 143.225"
"4881979","2023-04-13T12:00:00Z",-11.375,143.275,"0.0",0,"29.080000000000002","1.33",0,2023-04-13,"04","2023",0,29.08,"-11.375 143.275"
"4881980","2023-04-13T12:00:00Z",-11.375,143.325,"0.0",0,"29.07","1.32",0,2023-04-13,"04","2023",0,29.07,"-11.375 143.325"
"4882318","2023-04-13T12:00:00Z",-11.775,143.825,"0.15",0,"29.03","1.5",0,2023-04-13,"04","2023",0.15,29.03,"-11.775 143.825"
"4882319","2023-04-13T12:00:00Z",-11.775,143.875,"0.16",0,"29.02","1.5",0,2023-04-13,"04","2023",0.16,29.02,"-11.775 143.875"
"4893581","2023-04-20T12:00:00Z",-11.175,143.225,"0.0",0,"29.55","1.95",0,2023-04-20,"04","2023",0,29.55,"-11.175 143.225"
"4893746","2023-04-20T12:00:00Z",-11.375,143.275,"0.0",0,"29.59","2.06",0,2023-04-20,"04","2023",0,29.59,"-11.375 143.275"
"4893747","2023-04-20T12:00:00Z",-11.375,143.325,"0.0",0,"29.6","2.08",0,2023-04-20,"04","2023",0,29.6,"-11.375 143.325"
"4894085","2023-04-20T12:00:00Z",-11.775,143.825,"0.31",0,"29.22","1.9000000000000001",0,2023-04-20,"04","2023",0.31,29.22,"-11.775 143.825"
"4894086","2023-04-20T12:00:00Z",-11.775,143.875,"0.31",0,"29.19","1.8800000000000001",0,2023-04-20,"04","2023",0.31,29.19,"-11.775 143.875"
"4905348","2023-04-27T12:00:00Z",-11.175,143.225,"0.0",0,"28.62","1.25",0,2023-04-27,"04","2023",0,28.62,"-11.175 143.225"
"4905513","2023-04-27T12:00:00Z",-11.375,143.275,"0.0",0,"28.28","0.98",0,2023-04-27,"04","2023",0,28.28,"-11.375 143.275"
"4905514","2023-04-27T12:00:00Z",-11.375,143.325,"0.0",0,"28.21","0.92",0,2023-04-27,"04","2023",0,28.21,"-11.375 143.325"
"4905852","2023-04-27T12:00:00Z",-11.775,143.825,"0.31",0,"28.27","1.18",0,2023-04-27,"04","2023",0.31,28.27,"-11.775 143.825"
"4905853","2023-04-27T12:00:00Z",-11.775,143.875,"0.31",0,"28.27","1.19",0,2023-04-27,"04","2023",0.31,28.27,"-11.775 143.875"
"4917115","2023-05-04T12:00:00Z",-11.175,143.225,"0.0",0,"28.26","1.12",0,2023-05-04,"05","2023",0,28.26,"-11.175 143.225"
"4917280","2023-05-04T12:00:00Z",-11.375,143.275,"0.0",0,"28.2","1.1300000000000001",0,2023-05-04,"05","2023",0,28.2,"-11.375 143.275"
"4917281","2023-05-04T12:00:00Z",-11.375,143.325,"0.0",0,"28.23","1.17",0,2023-05-04,"05","2023",0,28.23,"-11.375 143.325"
"4917619","2023-05-04T12:00:00Z",-11.775,143.825,"0.31",0,"28.32","1.45",0,2023-05-04,"05","2023",0.31,28.32,"-11.775 143.825"
"4917620","2023-05-04T12:00:00Z",-11.775,143.875,"0.31",0,"28.34","1.48",0,2023-05-04,"05","2023",0.31,28.34,"-11.775 143.875"
"4928882","2023-05-11T12:00:00Z",-11.175,143.225,"0.0",0,"27.96","1.05",0,2023-05-11,"05","2023",0,27.96,"-11.175 143.225"
"4929047","2023-05-11T12:00:00Z",-11.375,143.275,"0.0",0,"27.830000000000002","1.0",0,2023-05-11,"05","2023",0,27.83,"-11.375 143.275"
"4929048","2023-05-11T12:00:00Z",-11.375,143.325,"0.0",0,"27.87","1.04",0,2023-05-11,"05","2023",0,27.87,"-11.375 143.325"
"4929386","2023-05-11T12:00:00Z",-11.775,143.825,"0.31",0,"27.96","1.32",0,2023-05-11,"05","2023",0.31,27.96,"-11.775 143.825"
"4929387","2023-05-11T12:00:00Z",-11.775,143.875,"0.31",0,"27.98","1.35",0,2023-05-11,"05","2023",0.31,27.98,"-11.775 143.875"
"4940649","2023-05-18T12:00:00Z",-11.175,143.225,"0.0",0,"27.96","1.3",0,2023-05-18,"05","2023",0,27.96,"-11.175 143.225"
"4940814","2023-05-18T12:00:00Z",-11.375,143.275,"0.0",0,"27.91","1.33",0,2023-05-18,"05","2023",0,27.91,"-11.375 143.275"
"4940815","2023-05-18T12:00:00Z",-11.375,143.325,"0.0",0,"27.95","1.36",0,2023-05-18,"05","2023",0,27.95,"-11.375 143.325"
"4941153","2023-05-18T12:00:00Z",-11.775,143.825,"0.31",0,"28.29","1.8800000000000001",0,2023-05-18,"05","2023",0.31,28.29,"-11.775 143.825"
"4941154","2023-05-18T12:00:00Z",-11.775,143.875,"0.31",0,"28.330000000000002","1.93",0,2023-05-18,"05","2023",0.31,28.33,"-11.775 143.875"
"4952416","2023-05-25T12:00:00Z",-11.175,143.225,"0.0",0,"27.17","0.78",0,2023-05-25,"05","2023",0,27.17,"-11.175 143.225"
"4952581","2023-05-25T12:00:00Z",-11.375,143.275,"0.0",0,"27.07","0.75",0,2023-05-25,"05","2023",0,27.07,"-11.375 143.275"
"4952582","2023-05-25T12:00:00Z",-11.375,143.325,"0.0",0,"27.13","0.81",0,2023-05-25,"05","2023",0,27.13,"-11.375 143.325"
"4952920","2023-05-25T12:00:00Z",-11.775,143.825,"0.31",0,"27.59","1.41",0,2023-05-25,"05","2023",0.31,27.59,"-11.775 143.825"
"4952921","2023-05-25T12:00:00Z",-11.775,143.875,"0.31",0,"27.63","1.45",0,2023-05-25,"05","2023",0.31,27.63,"-11.775 143.875"
"4964183","2023-06-01T12:00:00Z",-11.175,143.225,"0.0",0,"26.810000000000002","0.6900000000000001",0,2023-06-01,"06","2023",0,26.81,"-11.175 143.225"
"4964348","2023-06-01T12:00:00Z",-11.375,143.275,"0.0",0,"26.740000000000002","0.6900000000000001",0,2023-06-01,"06","2023",0,26.74,"-11.375 143.275"
"4964349","2023-06-01T12:00:00Z",-11.375,143.325,"0.0",0,"26.8","0.74",0,2023-06-01,"06","2023",0,26.8,"-11.375 143.325"
"4964687","2023-06-01T12:00:00Z",-11.775,143.825,"0.31",0,"27.14","1.19",0,2023-06-01,"06","2023",0.31,27.14,"-11.775 143.825"
"4964688","2023-06-01T12:00:00Z",-11.775,143.875,"0.31",0,"27.19","1.24",0,2023-06-01,"06","2023",0.31,27.19,"-11.775 143.875"
"4975950","2023-06-08T12:00:00Z",-11.175,143.225,"0.0",0,"26.62","0.77",0,2023-06-08,"06","2023",0,26.62,"-11.175 143.225"
"4976115","2023-06-08T12:00:00Z",-11.375,143.275,"0.0",0,"26.560000000000002","0.78",0,2023-06-08,"06","2023",0,26.56,"-11.375 143.275"
"4976116","2023-06-08T12:00:00Z",-11.375,143.325,"0.0",0,"26.6","0.81",0,2023-06-08,"06","2023",0,26.6,"-11.375 143.325"
"4976454","2023-06-08T12:00:00Z",-11.775,143.825,"0.15",0,"27.02","1.3",0,2023-06-08,"06","2023",0.15,27.02,"-11.775 143.825"
"4976455","2023-06-08T12:00:00Z",-11.775,143.875,"0.15",0,"27.05","1.32",0,2023-06-08,"06","2023",0.15,27.05,"-11.775 143.875"
"4987717","2023-06-15T12:00:00Z",-11.175,143.225,"0.0",0,"26.69","1.11",0,2023-06-15,"06","2023",0,26.69,"-11.175 143.225"
"4987882","2023-06-15T12:00:00Z",-11.375,143.275,"0.0",0,"26.77","1.26",0,2023-06-15,"06","2023",0,26.77,"-11.375 143.275"
"4987883","2023-06-15T12:00:00Z",-11.375,143.325,"0.0",0,"26.77","1.24",0,2023-06-15,"06","2023",0,26.77,"-11.375 143.325"
"4988221","2023-06-15T12:00:00Z",-11.775,143.825,"0.15",0,"26.86","1.37",0,2023-06-15,"06","2023",0.15,26.86,"-11.775 143.825"
"4988222","2023-06-15T12:00:00Z",-11.775,143.875,"0.15",0,"26.88","1.3800000000000001",0,2023-06-15,"06","2023",0.15,26.88,"-11.775 143.875"
"4999484","2023-06-22T12:00:00Z",-11.175,143.225,"0.0",0,"26.400000000000002","1.03",0,2023-06-22,"06","2023",0,26.4,"-11.175 143.225"
"4999649","2023-06-22T12:00:00Z",-11.375,143.275,"0.0",0,"26.36","1.06",0,2023-06-22,"06","2023",0,26.36,"-11.375 143.275"
"4999650","2023-06-22T12:00:00Z",-11.375,143.325,"0.0",0,"26.39","1.07",0,2023-06-22,"06","2023",0,26.39,"-11.375 143.325"
"4999988","2023-06-22T12:00:00Z",-11.775,143.825,"0.15",0,"26.76","1.44",0,2023-06-22,"06","2023",0.15,26.76,"-11.775 143.825"
"4999989","2023-06-22T12:00:00Z",-11.775,143.875,"0.15",0,"26.8","1.46",0,2023-06-22,"06","2023",0.15,26.8,"-11.775 143.875"
"5011251","2023-06-29T12:00:00Z",-11.175,143.225,"0.0",0,"26.28","1.12",0,2023-06-29,"06","2023",0,26.28,"-11.175 143.225"
"5011416","2023-06-29T12:00:00Z",-11.375,143.275,"0.0",0,"26.240000000000002","1.1500000000000001",0,2023-06-29,"06","2023",0,26.24,"-11.375 143.275"
"5011417","2023-06-29T12:00:00Z",-11.375,143.325,"0.0",0,"26.25","1.1400000000000001",0,2023-06-29,"06","2023",0,26.25,"-11.375 143.325"
"5011755","2023-06-29T12:00:00Z",-11.775,143.825,"0.15",0,"26.48","1.32",0,2023-06-29,"06","2023",0.15,26.48,"-11.775 143.825"
"5011756","2023-06-29T12:00:00Z",-11.775,143.875,"0.15",0,"26.490000000000002","1.32",0,2023-06-29,"06","2023",0.15,26.49,"-11.775 143.875"
"5023018","2023-07-06T12:00:00Z",-11.175,143.225,"0.0",0,"26.490000000000002","1.55",0,2023-07-06,"07","2023",0,26.49,"-11.175 143.225"
"5023183","2023-07-06T12:00:00Z",-11.375,143.275,"0.0",0,"26.48","1.59",0,2023-07-06,"07","2023",0,26.48,"-11.375 143.275"
"5023184","2023-07-06T12:00:00Z",-11.375,143.325,"0.0",0,"26.5","1.59",0,2023-07-06,"07","2023",0,26.5,"-11.375 143.325"
"5023522","2023-07-06T12:00:00Z",-11.775,143.825,"0.15",0,"26.54","1.55",0,2023-07-06,"07","2023",0.15,26.54,"-11.775 143.825"
"5023523","2023-07-06T12:00:00Z",-11.775,143.875,"0.15",0,"26.57","1.56",0,2023-07-06,"07","2023",0.15,26.57,"-11.775 143.875"
"5034785","2023-07-13T12:00:00Z",-11.175,143.225,"0.0",0,"26.16","1.43",0,2023-07-13,"07","2023",0,26.16,"-11.175 143.225"
"5034950","2023-07-13T12:00:00Z",-11.375,143.275,"0.0",0,"26.14","1.46",0,2023-07-13,"07","2023",0,26.14,"-11.375 143.275"
"5034951","2023-07-13T12:00:00Z",-11.375,143.325,"0.0",0,"26.16","1.46",0,2023-07-13,"07","2023",0,26.16,"-11.375 143.325"
"5035289","2023-07-13T12:00:00Z",-11.775,143.825,"0.0",0,"26.14","1.31",0,2023-07-13,"07","2023",0,26.14,"-11.775 143.825"
"5035290","2023-07-13T12:00:00Z",-11.775,143.875,"0.0",0,"26.16","1.31",0,2023-07-13,"07","2023",0,26.16,"-11.775 143.875"
"5046552","2023-07-20T12:00:00Z",-11.175,143.225,"0.0",0,"26.080000000000002","1.44",0,2023-07-20,"07","2023",0,26.08,"-11.175 143.225"
"5046717","2023-07-20T12:00:00Z",-11.375,143.275,"0.0",0,"26.02","1.43",0,2023-07-20,"07","2023",0,26.02,"-11.375 143.275"
"5046718","2023-07-20T12:00:00Z",-11.375,143.325,"0.0",0,"26.05","1.44",0,2023-07-20,"07","2023",0,26.05,"-11.375 143.325"
"5047056","2023-07-20T12:00:00Z",-11.775,143.825,"0.0",0,"26.080000000000002","1.34",0,2023-07-20,"07","2023",0,26.08,"-11.775 143.825"
"5047057","2023-07-20T12:00:00Z",-11.775,143.875,"0.0",0,"26.09","1.33",0,2023-07-20,"07","2023",0,26.09,"-11.775 143.875"
"5058319","2023-07-27T12:00:00Z",-11.175,143.225,"0.0",0,"26.02","1.42",0,2023-07-27,"07","2023",0,26.02,"-11.175 143.225"
"5058484","2023-07-27T12:00:00Z",-11.375,143.275,"0.0",0,"25.91","1.36",0,2023-07-27,"07","2023",0,25.91,"-11.375 143.275"
"5058485","2023-07-27T12:00:00Z",-11.375,143.325,"0.0",0,"25.93","1.36",0,2023-07-27,"07","2023",0,25.93,"-11.375 143.325"
"5058823","2023-07-27T12:00:00Z",-11.775,143.825,"0.0",0,"26.04","1.36",0,2023-07-27,"07","2023",0,26.04,"-11.775 143.825"
"5058824","2023-07-27T12:00:00Z",-11.775,143.875,"0.0",0,"26.060000000000002","1.36",0,2023-07-27,"07","2023",0,26.06,"-11.775 143.875"
"5070086","2023-08-03T12:00:00Z",-11.175,143.225,"0.0",0,"25.67","1.1",0,2023-08-03,"08","2023",0,25.67,"-11.175 143.225"
"5070251","2023-08-03T12:00:00Z",-11.375,143.275,"0.0",0,"25.59","1.08",0,2023-08-03,"08","2023",0,25.59,"-11.375 143.275"
"5070252","2023-08-03T12:00:00Z",-11.375,143.325,"0.0",0,"25.6","1.08",0,2023-08-03,"08","2023",0,25.6,"-11.375 143.325"
"5070590","2023-08-03T12:00:00Z",-11.775,143.825,"0.0",0,"25.72","1.1",0,2023-08-03,"08","2023",0,25.72,"-11.775 143.825"
"5070591","2023-08-03T12:00:00Z",-11.775,143.875,"0.0",0,"25.740000000000002","1.1",0,2023-08-03,"08","2023",0,25.74,"-11.775 143.875"
"5081853","2023-08-10T12:00:00Z",-11.175,143.225,"0.0",0,"25.18","0.65",0,2023-08-10,"08","2023",0,25.18,"-11.175 143.225"
"5082018","2023-08-10T12:00:00Z",-11.375,143.275,"0.0",0,"25.1","0.63",0,2023-08-10,"08","2023",0,25.1,"-11.375 143.275"
"5082019","2023-08-10T12:00:00Z",-11.375,143.325,"0.0",0,"25.150000000000002","0.67",0,2023-08-10,"08","2023",0,25.15,"-11.375 143.325"
"5082357","2023-08-10T12:00:00Z",-11.775,143.825,"0.0",0,"25.5","0.9400000000000001",0,2023-08-10,"08","2023",0,25.5,"-11.775 143.825"
"5082358","2023-08-10T12:00:00Z",-11.775,143.875,"0.0",0,"25.54","0.96",0,2023-08-10,"08","2023",0,25.54,"-11.775 143.875"
"5093620","2023-08-17T12:00:00Z",-11.175,143.225,"0.0",0,"25.150000000000002","0.61",0,2023-08-17,"08","2023",0,25.15,"-11.175 143.225"
"5093785","2023-08-17T12:00:00Z",-11.375,143.275,"0.0",0,"25.080000000000002","0.6",0,2023-08-17,"08","2023",0,25.08,"-11.375 143.275"
"5093786","2023-08-17T12:00:00Z",-11.375,143.325,"0.0",0,"25.1","0.61",0,2023-08-17,"08","2023",0,25.1,"-11.375 143.325"
"5094124","2023-08-17T12:00:00Z",-11.775,143.825,"0.0",0,"25.42","0.88",0,2023-08-17,"08","2023",0,25.42,"-11.775 143.825"
"5094125","2023-08-17T12:00:00Z",-11.775,143.875,"0.0",0,"25.46","0.9",0,2023-08-17,"08","2023",0,25.46,"-11.775 143.875"
"5105387","2023-08-24T12:00:00Z",-11.175,143.225,"0.0",0,"25.07","0.38",0,2023-08-24,"08","2023",0,25.07,"-11.175 143.225"
"5105552","2023-08-24T12:00:00Z",-11.375,143.275,"0.0",0,"25.09","0.46",0,2023-08-24,"08","2023",0,25.09,"-11.375 143.275"
"5105553","2023-08-24T12:00:00Z",-11.375,143.325,"0.0",0,"25.13","0.5",0,2023-08-24,"08","2023",0,25.13,"-11.375 143.325"
"5105891","2023-08-24T12:00:00Z",-11.775,143.825,"0.0",0,"25.39","0.76",0,2023-08-24,"08","2023",0,25.39,"-11.775 143.825"
"5105892","2023-08-24T12:00:00Z",-11.775,143.875,"0.0",0,"25.43","0.79",0,2023-08-24,"08","2023",0,25.43,"-11.775 143.875"
"5117154","2023-08-31T12:00:00Z",-11.175,143.225,"0.0",0,"25.13","0.29",0,2023-08-31,"08","2023",0,25.13,"-11.175 143.225"
"5117319","2023-08-31T12:00:00Z",-11.375,143.275,"0.0",0,"25.11","0.34",0,2023-08-31,"08","2023",0,25.11,"-11.375 143.275"
"5117320","2023-08-31T12:00:00Z",-11.375,143.325,"0.0",0,"25.19","0.41000000000000003",0,2023-08-31,"08","2023",0,25.19,"-11.375 143.325"
"5117658","2023-08-31T12:00:00Z",-11.775,143.825,"0.0",0,"25.39","0.67",0,2023-08-31,"08","2023",0,25.39,"-11.775 143.825"
"5117659","2023-08-31T12:00:00Z",-11.775,143.875,"0.0",0,"25.400000000000002","0.67",0,2023-08-31,"08","2023",0,25.4,"-11.775 143.875"
"5128921","2023-09-07T12:00:00Z",-11.175,143.225,"0.0",0,"25.16","0.18",0,2023-09-07,"09","2023",0,25.16,"-11.175 143.225"
"5129086","2023-09-07T12:00:00Z",-11.375,143.275,"0.0",0,"25.060000000000002","0.15",0,2023-09-07,"09","2023",0,25.06,"-11.375 143.275"
"5129087","2023-09-07T12:00:00Z",-11.375,143.325,"0.0",0,"25.080000000000002","0.16",0,2023-09-07,"09","2023",0,25.08,"-11.375 143.325"
"5129425","2023-09-07T12:00:00Z",-11.775,143.825,"0.0",0,"25.53","0.73",0,2023-09-07,"09","2023",0,25.53,"-11.775 143.825"
"5129426","2023-09-07T12:00:00Z",-11.775,143.875,"0.0",0,"25.57","0.76",0,2023-09-07,"09","2023",0,25.57,"-11.775 143.875"
"5140688","2023-09-14T12:00:00Z",-11.175,143.225,"0.0",0,"25.23","0.1",0,2023-09-14,"09","2023",0,25.23,"-11.175 143.225"
"5140853","2023-09-14T12:00:00Z",-11.375,143.275,"0.0",0,"25.2","0.14",0,2023-09-14,"09","2023",0,25.2,"-11.375 143.275"
"5140854","2023-09-14T12:00:00Z",-11.375,143.325,"0.0",0,"25.240000000000002","0.18",0,2023-09-14,"09","2023",0,25.24,"-11.375 143.325"
"5141192","2023-09-14T12:00:00Z",-11.775,143.825,"0.0",0,"25.21","0.32",0,2023-09-14,"09","2023",0,25.21,"-11.775 143.825"
"5141193","2023-09-14T12:00:00Z",-11.775,143.875,"0.0",0,"25.22","0.33",0,2023-09-14,"09","2023",0,25.22,"-11.775 143.875"
"5152455","2023-09-21T12:00:00Z",-11.175,143.225,"0.0",0,"25.51","0.14",0,2023-09-21,"09","2023",0,25.51,"-11.175 143.225"
"5152620","2023-09-21T12:00:00Z",-11.375,143.275,"0.0",0,"25.45","0.14",0,2023-09-21,"09","2023",0,25.45,"-11.375 143.275"
"5152621","2023-09-21T12:00:00Z",-11.375,143.325,"0.0",0,"25.47","0.16",0,2023-09-21,"09","2023",0,25.47,"-11.375 143.325"
"5152959","2023-09-21T12:00:00Z",-11.775,143.825,"0.0",0,"25.61","0.51",0,2023-09-21,"09","2023",0,25.61,"-11.775 143.825"
"5152960","2023-09-21T12:00:00Z",-11.775,143.875,"0.0",0,"25.63","0.54",0,2023-09-21,"09","2023",0,25.63,"-11.775 143.875"
"5164222","2023-09-28T12:00:00Z",-11.175,143.225,"0.0",0,"25.72","0.08",0,2023-09-28,"09","2023",0,25.72,"-11.175 143.225"
"5164387","2023-09-28T12:00:00Z",-11.375,143.275,"0.0",0,"25.46","-0.12",0,2023-09-28,"09","2023",0,25.46,"-11.375 143.275"
"5164388","2023-09-28T12:00:00Z",-11.375,143.325,"0.0",0,"25.48","-0.09",0,2023-09-28,"09","2023",0,25.48,"-11.375 143.325"
"5164726","2023-09-28T12:00:00Z",-11.775,143.825,"0.0",0,"25.69","0.36",0,2023-09-28,"09","2023",0,25.69,"-11.775 143.825"
"5164727","2023-09-28T12:00:00Z",-11.775,143.875,"0.0",0,"25.68","0.36",0,2023-09-28,"09","2023",0,25.68,"-11.775 143.875"
"5175989","2023-10-05T12:00:00Z",-11.175,143.225,"0.0",0,"26.03","0.13",0,2023-10-05,"10","2023",0,26.03,"-11.175 143.225"
"5176154","2023-10-05T12:00:00Z",-11.375,143.275,"0.0",0,"26.02","0.17",0,2023-10-05,"10","2023",0,26.02,"-11.375 143.275"
"5176155","2023-10-05T12:00:00Z",-11.375,143.325,"0.0",0,"26.0","0.17",0,2023-10-05,"10","2023",0,26,"-11.375 143.325"
"5176493","2023-10-05T12:00:00Z",-11.775,143.825,"0.0",0,"25.88","0.31",0,2023-10-05,"10","2023",0,25.88,"-11.775 143.825"
"5176494","2023-10-05T12:00:00Z",-11.775,143.875,"0.0",0,"25.89","0.34",0,2023-10-05,"10","2023",0,25.89,"-11.775 143.875"
"5187756","2023-10-12T12:00:00Z",-11.175,143.225,"0.0",0,"26.05","-0.11",0,2023-10-12,"10","2023",0,26.05,"-11.175 143.225"
"5187921","2023-10-12T12:00:00Z",-11.375,143.275,"0.0",0,"26.04","-0.07",0,2023-10-12,"10","2023",0,26.04,"-11.375 143.275"
"5187922","2023-10-12T12:00:00Z",-11.375,143.325,"0.0",0,"26.05","-0.05",0,2023-10-12,"10","2023",0,26.05,"-11.375 143.325"
"5188260","2023-10-12T12:00:00Z",-11.775,143.825,"0.0",0,"25.91","0.11",0,2023-10-12,"10","2023",0,25.91,"-11.775 143.825"
"5188261","2023-10-12T12:00:00Z",-11.775,143.875,"0.0",0,"25.91","0.14",0,2023-10-12,"10","2023",0,25.91,"-11.775 143.875"
"5199523","2023-10-19T12:00:00Z",-11.175,143.225,"0.0",0,"26.38","-0.08",0,2023-10-19,"10","2023",0,26.38,"-11.175 143.225"
"5199688","2023-10-19T12:00:00Z",-11.375,143.275,"0.0",0,"26.330000000000002","-0.09",0,2023-10-19,"10","2023",0,26.33,"-11.375 143.275"
"5199689","2023-10-19T12:00:00Z",-11.375,143.325,"0.0",0,"26.330000000000002","-0.07",0,2023-10-19,"10","2023",0,26.33,"-11.375 143.325"
"5200027","2023-10-19T12:00:00Z",-11.775,143.825,"0.0",0,"26.04","-0.02",0,2023-10-19,"10","2023",0,26.04,"-11.775 143.825"
"5200028","2023-10-19T12:00:00Z",-11.775,143.875,"0.0",0,"26.03","0.0",0,2023-10-19,"10","2023",0,26.03,"-11.775 143.875"
"5211290","2023-10-26T12:00:00Z",-11.175,143.225,"0.0",0,"26.57","-0.22",0,2023-10-26,"10","2023",0,26.57,"-11.175 143.225"
"5211455","2023-10-26T12:00:00Z",-11.375,143.275,"0.0",0,"26.560000000000002","-0.19",0,2023-10-26,"10","2023",0,26.56,"-11.375 143.275"
"5211456","2023-10-26T12:00:00Z",-11.375,143.325,"0.0",0,"26.54","-0.19",0,2023-10-26,"10","2023",0,26.54,"-11.375 143.325"
"5211794","2023-10-26T12:00:00Z",-11.775,143.825,"0.0",0,"26.25","-0.09",0,2023-10-26,"10","2023",0,26.25,"-11.775 143.825"
"5211795","2023-10-26T12:00:00Z",-11.775,143.875,"0.0",0,"26.27","-0.04",0,2023-10-26,"10","2023",0,26.27,"-11.775 143.875"
"5223057","2023-11-02T12:00:00Z",-11.175,143.225,"0.0",0,"27.01","-0.11",0,2023-11-02,"11","2023",0,27.01,"-11.175 143.225"
"5223222","2023-11-02T12:00:00Z",-11.375,143.275,"0.0",0,"27.0","-0.08",0,2023-11-02,"11","2023",0,27,"-11.375 143.275"
"5223223","2023-11-02T12:00:00Z",-11.375,143.325,"0.0",0,"27.01","-0.05",0,2023-11-02,"11","2023",0,27.01,"-11.375 143.325"
"5223561","2023-11-02T12:00:00Z",-11.775,143.825,"0.0",0,"26.66","0.04",0,2023-11-02,"11","2023",0,26.66,"-11.775 143.825"
"5223562","2023-11-02T12:00:00Z",-11.775,143.875,"0.0",0,"26.67","0.09",0,2023-11-02,"11","2023",0,26.67,"-11.775 143.875"
"5234824","2023-11-09T12:00:00Z",-11.175,143.225,"0.0",0,"26.93","-0.52",0,2023-11-09,"11","2023",0,26.93,"-11.175 143.225"
"5234989","2023-11-09T12:00:00Z",-11.375,143.275,"0.0",0,"26.89","-0.52",0,2023-11-09,"11","2023",0,26.89,"-11.375 143.275"
"5234990","2023-11-09T12:00:00Z",-11.375,143.325,"0.0",0,"26.88","-0.51",0,2023-11-09,"11","2023",0,26.88,"-11.375 143.325"
"5235328","2023-11-09T12:00:00Z",-11.775,143.825,"0.0",0,"26.64","-0.26",0,2023-11-09,"11","2023",0,26.64,"-11.775 143.825"
"5235329","2023-11-09T12:00:00Z",-11.775,143.875,"0.0",0,"26.67","-0.19",0,2023-11-09,"11","2023",0,26.67,"-11.775 143.875"
"5246591","2023-11-16T12:00:00Z",-11.175,143.225,"0.0",0,"27.38","-0.39",0,2023-11-16,"11","2023",0,27.38,"-11.175 143.225"
"5246756","2023-11-16T12:00:00Z",-11.375,143.275,"0.0",0,"27.3","-0.43",0,2023-11-16,"11","2023",0,27.3,"-11.375 143.275"
"5246757","2023-11-16T12:00:00Z",-11.375,143.325,"0.0",0,"27.28","-0.43",0,2023-11-16,"11","2023",0,27.28,"-11.375 143.325"
"5247095","2023-11-16T12:00:00Z",-11.775,143.825,"0.0",0,"26.990000000000002","-0.19",0,2023-11-16,"11","2023",0,26.99,"-11.775 143.825"
"5247096","2023-11-16T12:00:00Z",-11.775,143.875,"0.0",0,"27.01","-0.13",0,2023-11-16,"11","2023",0,27.01,"-11.775 143.875"
"5258358","2023-11-23T12:00:00Z",-11.175,143.225,"0.0",0,"27.69","-0.34",0,2023-11-23,"11","2023",0,27.69,"-11.175 143.225"
"5258523","2023-11-23T12:00:00Z",-11.375,143.275,"0.0",0,"27.6","-0.38",0,2023-11-23,"11","2023",0,27.6,"-11.375 143.275"
"5258524","2023-11-23T12:00:00Z",-11.375,143.325,"0.0",0,"27.560000000000002","-0.4",0,2023-11-23,"11","2023",0,27.56,"-11.375 143.325"
"5258862","2023-11-23T12:00:00Z",-11.775,143.825,"0.0",0,"27.25","-0.21",0,2023-11-23,"11","2023",0,27.25,"-11.775 143.825"
"5258863","2023-11-23T12:00:00Z",-11.775,143.875,"0.0",0,"27.23","-0.18",0,2023-11-23,"11","2023",0,27.23,"-11.775 143.875"
"5270125","2023-11-30T12:00:00Z",-11.175,143.225,"0.0",0,"28.48","0.19",0,2023-11-30,"11","2023",0,28.48,"-11.175 143.225"
"5270290","2023-11-30T12:00:00Z",-11.375,143.275,"0.0",0,"28.47","0.23",0,2023-11-30,"11","2023",0,28.47,"-11.375 143.275"
"5270291","2023-11-30T12:00:00Z",-11.375,143.325,"0.0",0,"28.43","0.21",0,2023-11-30,"11","2023",0,28.43,"-11.375 143.325"
"5270629","2023-11-30T12:00:00Z",-11.775,143.825,"0.0",0,"28.09","0.35000000000000003",0,2023-11-30,"11","2023",0,28.09,"-11.775 143.825"
"5270630","2023-11-30T12:00:00Z",-11.775,143.875,"0.0",0,"28.060000000000002","0.37",0,2023-11-30,"11","2023",0,28.06,"-11.775 143.875"
"5281892","2023-12-07T12:00:00Z",-11.175,143.225,"0.0",0,"28.92","0.37",0,2023-12-07,"12","2023",0,28.92,"-11.175 143.225"
"5282057","2023-12-07T12:00:00Z",-11.375,143.275,"0.0",0,"28.88","0.38",0,2023-12-07,"12","2023",0,28.88,"-11.375 143.275"
"5282058","2023-12-07T12:00:00Z",-11.375,143.325,"0.0",0,"28.830000000000002","0.35000000000000003",0,2023-12-07,"12","2023",0,28.83,"-11.375 143.325"
"5282396","2023-12-07T12:00:00Z",-11.775,143.825,"0.0",0,"28.34","0.33",0,2023-12-07,"12","2023",0,28.34,"-11.775 143.825"
"5282397","2023-12-07T12:00:00Z",-11.775,143.875,"0.0",0,"28.3","0.33",0,2023-12-07,"12","2023",0,28.3,"-11.775 143.875"
"5293659","2023-12-14T12:00:00Z",-11.175,143.225,"0.0",0,"29.240000000000002","0.43",0,2023-12-14,"12","2023",0,29.24,"-11.175 143.225"
"5293824","2023-12-14T12:00:00Z",-11.375,143.275,"0.0",0,"29.330000000000002","0.58",0,2023-12-14,"12","2023",0,29.33,"-11.375 143.275"
"5293825","2023-12-14T12:00:00Z",-11.375,143.325,"0.0",0,"29.310000000000002","0.58",0,2023-12-14,"12","2023",0,29.31,"-11.375 143.325"
"5294163","2023-12-14T12:00:00Z",-11.775,143.825,"0.0",0,"28.88","0.59",0,2023-12-14,"12","2023",0,28.88,"-11.775 143.825"
"5294164","2023-12-14T12:00:00Z",-11.775,143.875,"0.0",0,"28.86","0.62",0,2023-12-14,"12","2023",0,28.86,"-11.775 143.875"
"5305426","2023-12-21T12:00:00Z",-11.175,143.225,"0.0",0,"29.330000000000002","0.43",0,2023-12-21,"12","2023",0,29.33,"-11.175 143.225"
"5305591","2023-12-21T12:00:00Z",-11.375,143.275,"0.0",0,"29.310000000000002","0.46",0,2023-12-21,"12","2023",0,29.31,"-11.375 143.275"
"5305592","2023-12-21T12:00:00Z",-11.375,143.325,"0.0",0,"29.28","0.44",0,2023-12-21,"12","2023",0,29.28,"-11.375 143.325"
"5305930","2023-12-21T12:00:00Z",-11.775,143.825,"0.0",0,"29.080000000000002","0.71",0,2023-12-21,"12","2023",0,29.08,"-11.775 143.825"
"5305931","2023-12-21T12:00:00Z",-11.775,143.875,"0.0",0,"29.01","0.6900000000000001",0,2023-12-21,"12","2023",0,29.01,"-11.775 143.875"
"5317193","2023-12-28T12:00:00Z",-11.175,143.225,"0.0",0,"29.51","0.54",0,2023-12-28,"12","2023",0,29.51,"-11.175 143.225"
"5317358","2023-12-28T12:00:00Z",-11.375,143.275,"0.0",0,"29.34","0.41000000000000003",0,2023-12-28,"12","2023",0,29.34,"-11.375 143.275"
"5317359","2023-12-28T12:00:00Z",-11.375,143.325,"0.0",0,"29.35","0.44",0,2023-12-28,"12","2023",0,29.35,"-11.375 143.325"
"5317697","2023-12-28T12:00:00Z",-11.775,143.825,"0.0",0,"29.11","0.6900000000000001",0,2023-12-28,"12","2023",0,29.11,"-11.775 143.825"
"5317698","2023-12-28T12:00:00Z",-11.775,143.875,"0.0",0,"29.03","0.66",0,2023-12-28,"12","2023",0,29.03,"-11.775 143.875"
"5328960","2024-01-04T12:00:00Z",-11.175,143.225,"0.64",0,"29.87","0.84",0,2024-01-04,"01","2024",0.64,29.87,"-11.175 143.225"
"5329125","2024-01-04T12:00:00Z",-11.375,143.275,"0.47000000000000003",0,"29.900000000000002","0.9",0,2024-01-04,"01","2024",0.47,29.9,"-11.375 143.275"
"5329126","2024-01-04T12:00:00Z",-11.375,143.325,"0.32",0,"29.85","0.86",0,2024-01-04,"01","2024",0.32,29.85,"-11.375 143.325"
"5329464","2024-01-04T12:00:00Z",-11.775,143.825,"0.64",0,"29.48","1.01",0,2024-01-04,"01","2024",0.64,29.48,"-11.775 143.825"
"5329465","2024-01-04T12:00:00Z",-11.775,143.875,"0.49",0,"29.46","1.04",0,2024-01-04,"01","2024",0.49,29.46,"-11.775 143.875"
"5340727","2024-01-11T12:00:00Z",-11.175,143.225,"1.85",0,"30.28","1.19",0,2024-01-11,"01","2024",1.85,30.28,"-11.175 143.225"
"5340892","2024-01-11T12:00:00Z",-11.375,143.275,"1.62",0,"30.35","1.27",0,2024-01-11,"01","2024",1.62,30.35,"-11.375 143.275"
"5340893","2024-01-11T12:00:00Z",-11.375,143.325,"1.47",0,"30.37","1.3",0,2024-01-11,"01","2024",1.47,30.37,"-11.375 143.325"
"5341231","2024-01-11T12:00:00Z",-11.775,143.825,"1.62",0,"29.85","1.33",0,2024-01-11,"01","2024",1.62,29.85,"-11.775 143.825"
"5341232","2024-01-11T12:00:00Z",-11.775,143.875,"1.6400000000000001",0,"29.84","1.37",0,2024-01-11,"01","2024",1.64,29.84,"-11.775 143.875"
"5352494","2024-01-18T12:00:00Z",-11.175,143.225,"2.88",0,"30.41","1.31",0,2024-01-18,"01","2024",2.88,30.41,"-11.175 143.225"
"5352659","2024-01-18T12:00:00Z",-11.375,143.275,"2.66",0,"30.35","1.26",0,2024-01-18,"01","2024",2.66,30.35,"-11.375 143.275"
"5352660","2024-01-18T12:00:00Z",-11.375,143.325,"2.48",0,"30.32","1.24",0,2024-01-18,"01","2024",2.48,30.32,"-11.375 143.325"
"5352998","2024-01-18T12:00:00Z",-11.775,143.825,"1.94",0,"29.45","0.91",0,2024-01-18,"01","2024",1.94,29.45,"-11.775 143.825"
"5352999","2024-01-18T12:00:00Z",-11.775,143.875,"1.96",0,"29.43","0.9400000000000001",0,2024-01-18,"01","2024",1.96,29.43,"-11.775 143.875"
"5364261","2024-01-25T12:00:00Z",-11.175,143.225,"3.41",0,"29.91","0.88",0,2024-01-25,"01","2024",3.41,29.91,"-11.175 143.225"
"5364426","2024-01-25T12:00:00Z",-11.375,143.275,"3.02",0,"29.900000000000002","0.87",0,2024-01-25,"01","2024",3.02,29.9,"-11.375 143.275"
"5364427","2024-01-25T12:00:00Z",-11.375,143.325,"2.84",0,"29.87","0.85",0,2024-01-25,"01","2024",2.84,29.87,"-11.375 143.325"
"5364765","2024-01-25T12:00:00Z",-11.775,143.825,"1.94",0,"29.22","0.72",0,2024-01-25,"01","2024",1.94,29.22,"-11.775 143.825"
"5364766","2024-01-25T12:00:00Z",-11.775,143.875,"2.11",0,"29.19","0.74",0,2024-01-25,"01","2024",2.11,29.19,"-11.775 143.875"
"5376028","2024-02-02T12:00:00Z",-11.175,143.225,"3.41",0,"29.240000000000002","0.28",0,2024-02-02,"02","2024",3.41,29.24,"-11.175 143.225"
"5376193","2024-02-02T12:00:00Z",-11.375,143.275,"3.02",0,"29.240000000000002","0.28",0,2024-02-02,"02","2024",3.02,29.24,"-11.375 143.275"
"5376194","2024-02-02T12:00:00Z",-11.375,143.325,"2.84",0,"29.27","0.32",0,2024-02-02,"02","2024",2.84,29.27,"-11.375 143.325"
"5376532","2024-02-02T12:00:00Z",-11.775,143.825,"1.94",0,"28.990000000000002","0.53",0,2024-02-02,"02","2024",1.94,28.99,"-11.775 143.825"
"5376533","2024-02-02T12:00:00Z",-11.775,143.875,"2.11",0,"28.98","0.56",0,2024-02-02,"02","2024",2.11,28.98,"-11.775 143.875"
"5387795","2024-02-09T12:00:00Z",-11.175,143.225,"3.41",0,"29.52","0.63",0,2024-02-09,"02","2024",3.41,29.52,"-11.175 143.225"
"5387960","2024-02-09T12:00:00Z",-11.375,143.275,"3.02",0,"29.54","0.65",0,2024-02-09,"02","2024",3.02,29.54,"-11.375 143.275"
"5387961","2024-02-09T12:00:00Z",-11.375,143.325,"2.84",0,"29.55","0.67",0,2024-02-09,"02","2024",2.84,29.55,"-11.375 143.325"
"5388299","2024-02-09T12:00:00Z",-11.775,143.825,"2.54",0,"29.55","1.12",0,2024-02-09,"02","2024",2.54,29.55,"-11.775 143.825"
"5388300","2024-02-09T12:00:00Z",-11.775,143.875,"2.73",0,"29.55","1.16",0,2024-02-09,"02","2024",2.73,29.55,"-11.775 143.875"
"5399562","2024-02-16T12:00:00Z",-11.175,143.225,"3.41",0,"29.830000000000002","1.01",0,2024-02-16,"02","2024",3.41,29.83,"-11.175 143.225"
"5399727","2024-02-16T12:00:00Z",-11.375,143.275,"3.02",0,"29.76","0.93",0,2024-02-16,"02","2024",3.02,29.76,"-11.375 143.275"
"5399728","2024-02-16T12:00:00Z",-11.375,143.325,"2.84",0,"29.77","0.9500000000000001",0,2024-02-16,"02","2024",2.84,29.77,"-11.375 143.325"
"5400066","2024-02-16T12:00:00Z",-11.775,143.825,"2.54",0,"29.51","1.12",0,2024-02-16,"02","2024",2.54,29.51,"-11.775 143.825"
"5400067","2024-02-16T12:00:00Z",-11.775,143.875,"2.87",0,"29.46","1.1",0,2024-02-16,"02","2024",2.87,29.46,"-11.775 143.875"
"5411329","2024-02-23T12:00:00Z",-11.175,143.225,"3.41",0,"29.87","1.12",0,2024-02-23,"02","2024",3.41,29.87,"-11.175 143.225"
"5411494","2024-02-23T12:00:00Z",-11.375,143.275,"3.02",0,"29.97","1.21",0,2024-02-23,"02","2024",3.02,29.97,"-11.375 143.275"
"5411495","2024-02-23T12:00:00Z",-11.375,143.325,"2.84",0,"29.93","1.18",0,2024-02-23,"02","2024",2.84,29.93,"-11.375 143.325"
"5411833","2024-02-23T12:00:00Z",-11.775,143.825,"3.18",0,"29.34","0.99",0,2024-02-23,"02","2024",3.18,29.34,"-11.775 143.825"
"5411834","2024-02-23T12:00:00Z",-11.775,143.875,"3.54",0,"29.310000000000002","0.99",0,2024-02-23,"02","2024",3.54,29.31,"-11.775 143.875"
"5423096","2024-03-01T12:00:00Z",-11.175,143.225,"3.89",0,"30.14","1.46",0,2024-03-01,"03","2024",3.89,30.14,"-11.175 143.225"
"5423261","2024-03-01T12:00:00Z",-11.375,143.275,"3.5",0,"30.16","1.47",0,2024-03-01,"03","2024",3.5,30.16,"-11.375 143.275"
"5423262","2024-03-01T12:00:00Z",-11.375,143.325,"3.3200000000000003",0,"30.150000000000002","1.46",0,2024-03-01,"03","2024",3.32,30.15,"-11.375 143.325"
"5423600","2024-03-01T12:00:00Z",-11.775,143.825,"3.5",0,"29.59","1.28",0,2024-03-01,"03","2024",3.5,29.59,"-11.775 143.825"
"5423601","2024-03-01T12:00:00Z",-11.775,143.875,"3.85",0,"29.54","1.25",0,2024-03-01,"03","2024",3.85,29.54,"-11.775 143.875"
"5434863","2024-03-08T12:00:00Z",-11.175,143.225,"5.1000000000000005",0,"30.3","1.69",0,2024-03-08,"03","2024",5.1,30.3,"-11.175 143.225"
"5435028","2024-03-08T12:00:00Z",-11.375,143.275,"4.7",0,"30.17","1.55",0,2024-03-08,"03","2024",4.7,30.17,"-11.375 143.275"
"5435029","2024-03-08T12:00:00Z",-11.375,143.325,"4.5",0,"30.2","1.58",0,2024-03-08,"03","2024",4.5,30.2,"-11.375 143.325"
"5435367","2024-03-08T12:00:00Z",-11.775,143.825,"4.66",0,"29.67","1.4000000000000001",0,2024-03-08,"03","2024",4.66,29.67,"-11.775 143.825"
"5435368","2024-03-08T12:00:00Z",-11.775,143.875,"5.05",0,"29.62","1.37",0,2024-03-08,"03","2024",5.05,29.62,"-11.775 143.875"
"5446630","2024-03-15T12:00:00Z",-11.175,143.225,"5.42",0,"29.89","1.35",0,2024-03-15,"03","2024",5.42,29.89,"-11.175 143.225"
"5446795","2024-03-15T12:00:00Z",-11.375,143.275,"4.8500000000000005",0,"29.8","1.25",0,2024-03-15,"03","2024",4.85,29.8,"-11.375 143.275"
"5446796","2024-03-15T12:00:00Z",-11.375,143.325,"4.8",0,"29.77","1.22",0,2024-03-15,"03","2024",4.8,29.77,"-11.375 143.325"
"5447134","2024-03-15T12:00:00Z",-11.775,143.825,"4.8100000000000005",0,"29.29","1.06",0,2024-03-15,"03","2024",4.81,29.29,"-11.775 143.825"
"5447135","2024-03-15T12:00:00Z",-11.775,143.875,"5.49",0,"29.3","1.08",0,2024-03-15,"03","2024",5.49,29.3,"-11.775 143.875"
"5458397","2024-03-22T12:00:00Z",-11.175,143.225,"5.42",0,"29.98","1.61",0,2024-03-22,"03","2024",5.42,29.98,"-11.175 143.225"
"5458562","2024-03-22T12:00:00Z",-11.375,143.275,"4.8500000000000005",0,"29.990000000000002","1.6300000000000001",0,2024-03-22,"03","2024",4.85,29.99,"-11.375 143.275"
"5458563","2024-03-22T12:00:00Z",-11.375,143.325,"4.8",0,"30.02","1.6600000000000001",0,2024-03-22,"03","2024",4.8,30.02,"-11.375 143.325"
"5458901","2024-03-22T12:00:00Z",-11.775,143.825,"4.8100000000000005",0,"29.43","1.37",0,2024-03-22,"03","2024",4.81,29.43,"-11.775 143.825"
"5458902","2024-03-22T12:00:00Z",-11.775,143.875,"5.49",0,"29.41","1.36",0,2024-03-22,"03","2024",5.49,29.41,"-11.775 143.875"
"5470164","2024-03-29T12:00:00Z",-11.175,143.225,"5.47",0,"30.36","2.17",0,2024-03-29,"03","2024",5.47,30.36,"-11.175 143.225"
"5470329","2024-03-29T12:00:00Z",-11.375,143.275,"5.07",0,"30.36","2.19",0,2024-03-29,"03","2024",5.07,30.36,"-11.375 143.275"
"5470330","2024-03-29T12:00:00Z",-11.375,143.325,"5.17",0,"30.310000000000002","2.15",0,2024-03-29,"03","2024",5.17,30.31,"-11.375 143.325"
"5470668","2024-03-29T12:00:00Z",-11.775,143.825,"4.65",0,"29.67","1.78",0,2024-03-29,"03","2024",4.65,29.67,"-11.775 143.825"
"5470669","2024-03-29T12:00:00Z",-11.775,143.875,"5.5",0,"29.67","1.79",0,2024-03-29,"03","2024",5.5,29.67,"-11.775 143.875"
"5481931","2024-04-05T12:00:00Z",-11.175,143.225,"4.7",0,"30.150000000000002","2.13",0,2024-04-05,"04","2024",4.7,30.15,"-11.175 143.225"
"5482096","2024-04-05T12:00:00Z",-11.375,143.275,"4.21",0,"29.97","2.0",0,2024-04-05,"04","2024",4.21,29.97,"-11.375 143.275"
"5482097","2024-04-05T12:00:00Z",-11.375,143.325,"4.29",0,"29.95","1.98",0,2024-04-05,"04","2024",4.29,29.95,"-11.375 143.325"
"5482435","2024-04-05T12:00:00Z",-11.775,143.825,"4.09",0,"29.330000000000002","1.61",0,2024-04-05,"04","2024",4.09,29.33,"-11.775 143.825"
"5482436","2024-04-05T12:00:00Z",-11.775,143.875,"4.94",0,"29.27","1.56",0,2024-04-05,"04","2024",4.94,29.27,"-11.775 143.875"
"5493698","2024-04-12T12:00:00Z",-11.175,143.225,"3.7800000000000002",0,"29.810000000000002","1.97",0,2024-04-12,"04","2024",3.78,29.81,"-11.175 143.225"
"5493863","2024-04-12T12:00:00Z",-11.375,143.275,"3.15",0,"29.63","1.85",0,2024-04-12,"04","2024",3.15,29.63,"-11.375 143.275"
"5493864","2024-04-12T12:00:00Z",-11.375,143.325,"3.2600000000000002",0,"29.6","1.83",0,2024-04-12,"04","2024",3.26,29.6,"-11.375 143.325"
"5494202","2024-04-12T12:00:00Z",-11.775,143.825,"3.95",0,"29.04","1.49",0,2024-04-12,"04","2024",3.95,29.04,"-11.775 143.825"
"5494203","2024-04-12T12:00:00Z",-11.775,143.875,"4.79",0,"28.990000000000002","1.45",0,2024-04-12,"04","2024",4.79,28.99,"-11.775 143.875"
"5505465","2024-04-19T12:00:00Z",-11.175,143.225,"3.44",0,"29.150000000000002","1.51",0,2024-04-19,"04","2024",3.44,29.15,"-11.175 143.225"
"5505630","2024-04-19T12:00:00Z",-11.375,143.275,"2.97",0,"29.060000000000002","1.49",0,2024-04-19,"04","2024",2.97,29.06,"-11.375 143.275"
"5505631","2024-04-19T12:00:00Z",-11.375,143.325,"3.09",0,"29.060000000000002","1.5",0,2024-04-19,"04","2024",3.09,29.06,"-11.375 143.325"
"5505969","2024-04-19T12:00:00Z",-11.775,143.825,"3.95",0,"28.97","1.62",0,2024-04-19,"04","2024",3.95,28.97,"-11.775 143.825"
"5505970","2024-04-19T12:00:00Z",-11.775,143.875,"4.64",0,"29.0","1.6600000000000001",0,2024-04-19,"04","2024",4.64,29,"-11.775 143.875"
"5517232","2024-04-26T12:00:00Z",-11.175,143.225,"3.44",0,"28.89","1.48",0,2024-04-26,"04","2024",3.44,28.89,"-11.175 143.225"
"5517397","2024-04-26T12:00:00Z",-11.375,143.275,"2.97",0,"28.76","1.43",0,2024-04-26,"04","2024",2.97,28.76,"-11.375 143.275"
"5517398","2024-04-26T12:00:00Z",-11.375,143.325,"3.09",0,"28.76","1.43",0,2024-04-26,"04","2024",3.09,28.76,"-11.375 143.325"
"5517736","2024-04-26T12:00:00Z",-11.775,143.825,"3.95",0,"28.400000000000002","1.28",0,2024-04-26,"04","2024",3.95,28.4,"-11.775 143.825"
"5517737","2024-04-26T12:00:00Z",-11.775,143.875,"4.64",0,"28.400000000000002","1.29",0,2024-04-26,"04","2024",4.64,28.4,"-11.775 143.875"
"5528999","2024-05-03T12:00:00Z",-11.175,143.225,"3.44",0,"28.32","1.1400000000000001",0,2024-05-03,"05","2024",3.44,28.32,"-11.175 143.225"
"5529164","2024-05-03T12:00:00Z",-11.375,143.275,"2.97",0,"28.14","1.04",0,2024-05-03,"05","2024",2.97,28.14,"-11.375 143.275"
"5529165","2024-05-03T12:00:00Z",-11.375,143.325,"3.09",0,"28.17","1.07",0,2024-05-03,"05","2024",3.09,28.17,"-11.375 143.325"
"5529503","2024-05-03T12:00:00Z",-11.775,143.825,"3.35",0,"27.95","1.05",0,2024-05-03,"05","2024",3.35,27.95,"-11.775 143.825"
"5529504","2024-05-03T12:00:00Z",-11.775,143.875,"4.0200000000000005",0,"27.95","1.06",0,2024-05-03,"05","2024",4.02,27.95,"-11.775 143.875"
"5540766","2024-05-10T12:00:00Z",-11.175,143.225,"3.44",0,"27.91","0.97",0,2024-05-10,"05","2024",3.44,27.91,"-11.175 143.225"
"5540931","2024-05-10T12:00:00Z",-11.375,143.275,"2.97",0,"27.76","0.89",0,2024-05-10,"05","2024",2.97,27.76,"-11.375 143.275"
"5540932","2024-05-10T12:00:00Z",-11.375,143.325,"3.09",0,"27.8","0.9400000000000001",0,2024-05-10,"05","2024",3.09,27.8,"-11.375 143.325"
"5541270","2024-05-10T12:00:00Z",-11.775,143.825,"3.35",0,"27.78","1.11",0,2024-05-10,"05","2024",3.35,27.78,"-11.775 143.825"
"5541271","2024-05-10T12:00:00Z",-11.775,143.875,"3.88",0,"27.8","1.1400000000000001",0,2024-05-10,"05","2024",3.88,27.8,"-11.775 143.875"
"5552533","2024-05-17T12:00:00Z",-11.175,143.225,"3.44",0,"27.37","0.67",0,2024-05-17,"05","2024",3.44,27.37,"-11.175 143.225"
"5552698","2024-05-17T12:00:00Z",-11.375,143.275,"2.97",0,"27.330000000000002","0.71",0,2024-05-17,"05","2024",2.97,27.33,"-11.375 143.275"
"5552699","2024-05-17T12:00:00Z",-11.375,143.325,"3.09",0,"27.34","0.72",0,2024-05-17,"05","2024",3.09,27.34,"-11.375 143.325"
"5553037","2024-05-17T12:00:00Z",-11.775,143.825,"2.71",0,"27.3","0.86",0,2024-05-17,"05","2024",2.71,27.3,"-11.775 143.825"
"5553038","2024-05-17T12:00:00Z",-11.775,143.875,"3.22",0,"27.310000000000002","0.87",0,2024-05-17,"05","2024",3.22,27.31,"-11.775 143.875"
"5564300","2024-05-24T12:00:00Z",-11.175,143.225,"2.96",0,"26.78","0.35000000000000003",0,2024-05-24,"05","2024",2.96,26.78,"-11.175 143.225"
"5564465","2024-05-24T12:00:00Z",-11.375,143.275,"2.49",0,"26.73","0.38",0,2024-05-24,"05","2024",2.49,26.73,"-11.375 143.275"
"5564466","2024-05-24T12:00:00Z",-11.375,143.325,"2.61",0,"26.75","0.39",0,2024-05-24,"05","2024",2.61,26.75,"-11.375 143.325"
"5564804","2024-05-24T12:00:00Z",-11.775,143.825,"2.39",0,"26.78","0.5700000000000001",0,2024-05-24,"05","2024",2.39,26.78,"-11.775 143.825"
"5564805","2024-05-24T12:00:00Z",-11.775,143.875,"2.9",0,"26.78","0.5700000000000001",0,2024-05-24,"05","2024",2.9,26.78,"-11.775 143.875"
"5576067","2024-05-31T12:00:00Z",-11.175,143.225,"1.75",0,"26.64","0.48",0,2024-05-31,"05","2024",1.75,26.64,"-11.175 143.225"
"5576232","2024-05-31T12:00:00Z",-11.375,143.275,"1.29",0,"26.57","0.48",0,2024-05-31,"05","2024",1.29,26.57,"-11.375 143.275"
"5576233","2024-05-31T12:00:00Z",-11.375,143.325,"1.42",0,"26.62","0.52",0,2024-05-31,"05","2024",1.42,26.62,"-11.375 143.325"
"5576571","2024-05-31T12:00:00Z",-11.775,143.825,"1.22",0,"26.68","0.7000000000000001",0,2024-05-31,"05","2024",1.22,26.68,"-11.775 143.825"
"5576572","2024-05-31T12:00:00Z",-11.775,143.875,"1.71",0,"26.68","0.7000000000000001",0,2024-05-31,"05","2024",1.71,26.68,"-11.775 143.875"
"5587834","2024-06-07T12:00:00Z",-11.175,143.225,"1.43",0,"26.67","0.78",0,2024-06-07,"06","2024",1.43,26.67,"-11.175 143.225"
"5587999","2024-06-07T12:00:00Z",-11.375,143.275,"1.1400000000000001",0,"26.6","0.78",0,2024-06-07,"06","2024",1.14,26.6,"-11.375 143.275"
"5588000","2024-06-07T12:00:00Z",-11.375,143.325,"1.1300000000000001",0,"26.66","0.8300000000000001",0,2024-06-07,"06","2024",1.13,26.66,"-11.375 143.325"
"5588338","2024-06-07T12:00:00Z",-11.775,143.825,"1.07",0,"26.72","0.97",0,2024-06-07,"06","2024",1.07,26.72,"-11.775 143.825"
"5588339","2024-06-07T12:00:00Z",-11.775,143.875,"1.26",0,"26.740000000000002","0.98",0,2024-06-07,"06","2024",1.26,26.74,"-11.775 143.875"
"5599601","2024-06-14T12:00:00Z",-11.175,143.225,"1.43",0,"26.29","0.67",0,2024-06-14,"06","2024",1.43,26.29,"-11.175 143.225"
"5599766","2024-06-14T12:00:00Z",-11.375,143.275,"1.1400000000000001",0,"26.22","0.67",0,2024-06-14,"06","2024",1.14,26.22,"-11.375 143.275"
"5599767","2024-06-14T12:00:00Z",-11.375,143.325,"1.1300000000000001",0,"26.25","0.68",0,2024-06-14,"06","2024",1.13,26.25,"-11.375 143.325"
"5600105","2024-06-14T12:00:00Z",-11.775,143.825,"1.07",0,"26.26","0.74",0,2024-06-14,"06","2024",1.07,26.26,"-11.775 143.825"
"5600106","2024-06-14T12:00:00Z",-11.775,143.875,"1.26",0,"26.27","0.74",0,2024-06-14,"06","2024",1.26,26.27,"-11.775 143.875"
"5611368","2024-06-21T12:00:00Z",-11.175,143.225,"0.58",0,"25.86","0.46",0,2024-06-21,"06","2024",0.58,25.86,"-11.175 143.225"
"5611533","2024-06-21T12:00:00Z",-11.375,143.275,"0.29",0,"25.8","0.47000000000000003",0,2024-06-21,"06","2024",0.29,25.8,"-11.375 143.275"
"5611534","2024-06-21T12:00:00Z",-11.375,143.325,"0.29",0,"25.85","0.5",0,2024-06-21,"06","2024",0.29,25.85,"-11.375 143.325"
"5611872","2024-06-21T12:00:00Z",-11.775,143.825,"0.46",0,"25.91","0.56",0,2024-06-21,"06","2024",0.46,25.91,"-11.775 143.825"
"5611873","2024-06-21T12:00:00Z",-11.775,143.875,"0.62",0,"25.94","0.58",0,2024-06-21,"06","2024",0.62,25.94,"-11.775 143.875"
"5623135","2024-06-28T12:00:00Z",-11.175,143.225,"0.14",0,"26.05","0.86",0,2024-06-28,"06","2024",0.14,26.05,"-11.175 143.225"
"5623300","2024-06-28T12:00:00Z",-11.375,143.275,"0.0",0,"25.990000000000002","0.87",0,2024-06-28,"06","2024",0,25.99,"-11.375 143.275"
"5623301","2024-06-28T12:00:00Z",-11.375,143.325,"0.0",0,"26.01","0.87",0,2024-06-28,"06","2024",0,26.01,"-11.375 143.325"
"5623639","2024-06-28T12:00:00Z",-11.775,143.825,"0.0",0,"26.03","0.85",0,2024-06-28,"06","2024",0,26.03,"-11.775 143.825"
"5623640","2024-06-28T12:00:00Z",-11.775,143.875,"0.0",0,"26.04","0.84",0,2024-06-28,"06","2024",0,26.04,"-11.775 143.875"
"5634902","2024-07-08T12:00:00Z",-11.175,143.225,"0.0",0,"25.86","0.98",0,2024-07-08,"07","2024",0,25.86,"-11.175 143.225"
"5635067","2024-07-08T12:00:00Z",-11.375,143.275,"0.0",0,"25.95","1.12",0,2024-07-08,"07","2024",0,25.95,"-11.375 143.275"
"5635068","2024-07-08T12:00:00Z",-11.375,143.325,"0.0",0,"25.95","1.1",0,2024-07-08,"07","2024",0,25.95,"-11.375 143.325"
"5635406","2024-07-08T12:00:00Z",-11.775,143.825,"0.0",0,"25.97","1.02",0,2024-07-08,"07","2024",0,25.97,"-11.775 143.825"
"5635407","2024-07-08T12:00:00Z",-11.775,143.875,"0.0",0,"25.98","1.02",0,2024-07-08,"07","2024",0,25.98,"-11.775 143.875"
"5646669","2024-07-15T12:00:00Z",-11.175,143.225,"0.0",0,"25.8","1.1300000000000001",0,2024-07-15,"07","2024",0,25.8,"-11.175 143.225"
"5646834","2024-07-15T12:00:00Z",-11.375,143.275,"0.0",0,"25.76","1.1400000000000001",0,2024-07-15,"07","2024",0,25.76,"-11.375 143.275"
"5646835","2024-07-15T12:00:00Z",-11.375,143.325,"0.0",0,"25.76","1.12",0,2024-07-15,"07","2024",0,25.76,"-11.375 143.325"
"5647173","2024-07-15T12:00:00Z",-11.775,143.825,"0.0",0,"25.84","1.06",0,2024-07-15,"07","2024",0,25.84,"-11.775 143.825"
"5647174","2024-07-15T12:00:00Z",-11.775,143.875,"0.0",0,"25.86","1.06",0,2024-07-15,"07","2024",0,25.86,"-11.775 143.875"
"5658436","2024-07-22T12:00:00Z",-11.175,143.225,"0.0",0,"25.27","0.64",0,2024-07-22,"07","2024",0,25.27,"-11.175 143.225"
"5658601","2024-07-22T12:00:00Z",-11.375,143.275,"0.0",0,"25.21","0.63",0,2024-07-22,"07","2024",0,25.21,"-11.375 143.275"
"5658602","2024-07-22T12:00:00Z",-11.375,143.325,"0.0",0,"25.27","0.67",0,2024-07-22,"07","2024",0,25.27,"-11.375 143.325"
"5658940","2024-07-22T12:00:00Z",-11.775,143.825,"0.0",0,"25.77","1.05",0,2024-07-22,"07","2024",0,25.77,"-11.775 143.825"
"5658941","2024-07-22T12:00:00Z",-11.775,143.875,"0.0",0,"25.82","1.08",0,2024-07-22,"07","2024",0,25.82,"-11.775 143.875"
"5670203","2024-07-30T12:00:00Z",-11.175,143.225,"0.0",0,"25.41","0.8200000000000001",0,2024-07-30,"07","2024",0,25.41,"-11.175 143.225"
"5670368","2024-07-30T12:00:00Z",-11.375,143.275,"0.0",0,"25.38","0.85",0,2024-07-30,"07","2024",0,25.38,"-11.375 143.275"
"5670369","2024-07-30T12:00:00Z",-11.375,143.325,"0.0",0,"25.400000000000002","0.85",0,2024-07-30,"07","2024",0,25.4,"-11.375 143.325"
"5670707","2024-07-30T12:00:00Z",-11.775,143.825,"0.0",0,"25.810000000000002","1.16",0,2024-07-30,"07","2024",0,25.81,"-11.775 143.825"
"5670708","2024-07-30T12:00:00Z",-11.775,143.875,"0.0",0,"25.85","1.18",0,2024-07-30,"07","2024",0,25.85,"-11.775 143.875"
"5681970","2024-08-06T12:00:00Z",-11.175,143.225,"0.0",0,"25.12","0.5700000000000001",0,2024-08-06,"08","2024",0,25.12,"-11.175 143.225"
"5682135","2024-08-06T12:00:00Z",-11.375,143.275,"0.0",0,"25.09","0.6",0,2024-08-06,"08","2024",0,25.09,"-11.375 143.275"
"5682136","2024-08-06T12:00:00Z",-11.375,143.325,"0.0",0,"25.13","0.62",0,2024-08-06,"08","2024",0,25.13,"-11.375 143.325"
"5682474","2024-08-06T12:00:00Z",-11.775,143.825,"0.0",0,"25.42","0.8200000000000001",0,2024-08-06,"08","2024",0,25.42,"-11.775 143.825"
"5682475","2024-08-06T12:00:00Z",-11.775,143.875,"0.0",0,"25.44","0.8200000000000001",0,2024-08-06,"08","2024",0,25.44,"-11.775 143.875"
"5693737","2024-08-13T12:00:00Z",-11.175,143.225,"0.0",0,"25.28","0.77",0,2024-08-13,"08","2024",0,25.28,"-11.175 143.225"
"5693902","2024-08-13T12:00:00Z",-11.375,143.275,"0.0",0,"25.18","0.73",0,2024-08-13,"08","2024",0,25.18,"-11.375 143.275"
"5693903","2024-08-13T12:00:00Z",-11.375,143.325,"0.0",0,"25.2","0.74",0,2024-08-13,"08","2024",0,25.2,"-11.375 143.325"
"5694241","2024-08-13T12:00:00Z",-11.775,143.825,"0.0",0,"25.2","0.66",0,2024-08-13,"08","2024",0,25.2,"-11.775 143.825"
"5694242","2024-08-13T12:00:00Z",-11.775,143.875,"0.0",0,"25.19","0.63",0,2024-08-13,"08","2024",0,25.19,"-11.775 143.875"
