"","time","latitude","longitude","CRW_DHW","CRW_DHW_mask","CRW_SST","CRW_SSTANOMALY","CRW_SSTANOMALY_mask","time2","month","year","dhw","sst","gridID"
"31146","2015-05-07T12:00:00Z",-13.875,144.025,"0.15",0,"26.92","0.54",0,2015-05-07,"05","2015",0.15,26.92,"-13.875 144.025"
"31228","2015-05-07T12:00:00Z",-13.925,144.075,"0.15",0,"26.85","0.48",0,2015-05-07,"05","2015",0.15,26.85,"-13.925 144.075"
"31230","2015-05-07T12:00:00Z",-13.925,144.175,"0.16",0,"26.75","0.41000000000000003",0,2015-05-07,"05","2015",0.16,26.75,"-13.925 144.175"
"31231","2015-05-07T12:00:00Z",-13.925,144.225,"0.31",0,"26.76","0.41000000000000003",0,2015-05-07,"05","2015",0.31,26.76,"-13.925 144.225"
"31316","2015-05-07T12:00:00Z",-13.975,144.425,"0.47000000000000003",0,"27.01","0.63",0,2015-05-07,"05","2015",0.47,27.01,"-13.975 144.425"
"31397","2015-05-07T12:00:00Z",-14.025,144.425,"0.46",0,"26.92","0.58",0,2015-05-07,"05","2015",0.46,26.92,"-14.025 144.425"
"32470","2015-05-07T12:00:00Z",-14.675,145.425,"1.04",0,"27.01","0.81",0,2015-05-07,"05","2015",1.04,27.01,"-14.675 145.425"
"32474","2015-05-07T12:00:00Z",-14.675,145.625,"1.1",0,"27.21","0.8200000000000001",0,2015-05-07,"05","2015",1.1,27.21,"-14.675 145.625"
"32551","2015-05-07T12:00:00Z",-14.725,145.425,"1.07",0,"26.990000000000002","0.8200000000000001",0,2015-05-07,"05","2015",1.07,26.99,"-14.725 145.425"
"32633","2015-05-07T12:00:00Z",-14.775,145.475,"1.22",0,"27.01","0.8200000000000001",0,2015-05-07,"05","2015",1.22,27.01,"-14.775 145.475"
"33123","2015-05-07T12:00:00Z",-15.075,145.675,"0.9400000000000001",0,"27.22","0.85",0,2015-05-07,"05","2015",0.94,27.22,"-15.075 145.675"
"65733","2015-05-14T12:00:00Z",-13.875,144.025,"0.15",0,"26.400000000000002","0.31",0,2015-05-14,"05","2015",0.15,26.4,"-13.875 144.025"
"65815","2015-05-14T12:00:00Z",-13.925,144.075,"0.15",0,"26.41","0.33",0,2015-05-14,"05","2015",0.15,26.41,"-13.925 144.075"
"65817","2015-05-14T12:00:00Z",-13.925,144.175,"0.16",0,"26.57","0.52",0,2015-05-14,"05","2015",0.16,26.57,"-13.925 144.175"
"65818","2015-05-14T12:00:00Z",-13.925,144.225,"0.31",0,"26.650000000000002","0.59",0,2015-05-14,"05","2015",0.31,26.65,"-13.925 144.225"
"65903","2015-05-14T12:00:00Z",-13.975,144.425,"0.47000000000000003",0,"26.67","0.59",0,2015-05-14,"05","2015",0.47,26.67,"-13.975 144.425"
"65984","2015-05-14T12:00:00Z",-14.025,144.425,"0.46",0,"26.52","0.48",0,2015-05-14,"05","2015",0.46,26.52,"-14.025 144.425"
"67057","2015-05-14T12:00:00Z",-14.675,145.425,"1.04",0,"26.7","0.8",0,2015-05-14,"05","2015",1.04,26.7,"-14.675 145.425"
"67061","2015-05-14T12:00:00Z",-14.675,145.625,"1.1",0,"26.86","0.73",0,2015-05-14,"05","2015",1.1,26.86,"-14.675 145.625"
"67138","2015-05-14T12:00:00Z",-14.725,145.425,"1.07",0,"26.67","0.81",0,2015-05-14,"05","2015",1.07,26.67,"-14.725 145.425"
"67220","2015-05-14T12:00:00Z",-14.775,145.475,"1.22",0,"26.69","0.8",0,2015-05-14,"05","2015",1.22,26.69,"-14.775 145.475"
"67710","2015-05-14T12:00:00Z",-15.075,145.675,"0.9400000000000001",0,"26.87","0.76",0,2015-05-14,"05","2015",0.94,26.87,"-15.075 145.675"
"100320","2015-05-21T12:00:00Z",-13.875,144.025,"0.15",0,"26.29","0.52",0,2015-05-21,"05","2015",0.15,26.29,"-13.875 144.025"
"100402","2015-05-21T12:00:00Z",-13.925,144.075,"0.15",0,"26.28","0.53",0,2015-05-21,"05","2015",0.15,26.28,"-13.925 144.075"
"100404","2015-05-21T12:00:00Z",-13.925,144.175,"0.16",0,"26.37","0.64",0,2015-05-21,"05","2015",0.16,26.37,"-13.925 144.175"
"100405","2015-05-21T12:00:00Z",-13.925,144.225,"0.31",0,"26.400000000000002","0.65",0,2015-05-21,"05","2015",0.31,26.4,"-13.925 144.225"
"100490","2015-05-21T12:00:00Z",-13.975,144.425,"0.47000000000000003",0,"26.35","0.5700000000000001",0,2015-05-21,"05","2015",0.47,26.35,"-13.975 144.425"
"100571","2015-05-21T12:00:00Z",-14.025,144.425,"0.46",0,"26.22","0.5",0,2015-05-21,"05","2015",0.46,26.22,"-14.025 144.425"
"101644","2015-05-21T12:00:00Z",-14.675,145.425,"0.66",0,"26.5","0.91",0,2015-05-21,"05","2015",0.66,26.5,"-14.675 145.425"
"101648","2015-05-21T12:00:00Z",-14.675,145.625,"0.78",0,"26.68","0.8200000000000001",0,2015-05-21,"05","2015",0.78,26.68,"-14.675 145.625"
"101725","2015-05-21T12:00:00Z",-14.725,145.425,"0.68",0,"26.48","0.93",0,2015-05-21,"05","2015",0.68,26.48,"-14.725 145.425"
"101807","2015-05-21T12:00:00Z",-14.775,145.475,"0.84",0,"26.52","0.9400000000000001",0,2015-05-21,"05","2015",0.84,26.52,"-14.775 145.475"
"102297","2015-05-21T12:00:00Z",-15.075,145.675,"0.63",0,"26.6","0.79",0,2015-05-21,"05","2015",0.63,26.6,"-15.075 145.675"
"134907","2015-05-28T12:00:00Z",-13.875,144.025,"0.15",0,"25.63","0.19",0,2015-05-28,"05","2015",0.15,25.63,"-13.875 144.025"
"134989","2015-05-28T12:00:00Z",-13.925,144.075,"0.15",0,"25.61","0.19",0,2015-05-28,"05","2015",0.15,25.61,"-13.925 144.075"
"134991","2015-05-28T12:00:00Z",-13.925,144.175,"0.16",0,"25.740000000000002","0.33",0,2015-05-28,"05","2015",0.16,25.74,"-13.925 144.175"
"134992","2015-05-28T12:00:00Z",-13.925,144.225,"0.31",0,"25.810000000000002","0.39",0,2015-05-28,"05","2015",0.31,25.81,"-13.925 144.225"
"135077","2015-05-28T12:00:00Z",-13.975,144.425,"0.32",0,"25.86","0.39",0,2015-05-28,"05","2015",0.32,25.86,"-13.975 144.425"
"135158","2015-05-28T12:00:00Z",-14.025,144.425,"0.32",0,"25.77","0.38",0,2015-05-28,"05","2015",0.32,25.77,"-14.025 144.425"
"136231","2015-05-28T12:00:00Z",-14.675,145.425,"0.16",0,"25.39","0.12",0,2015-05-28,"05","2015",0.16,25.39,"-14.675 145.425"
"136235","2015-05-28T12:00:00Z",-14.675,145.625,"0.17",0,"25.67","0.07",0,2015-05-28,"05","2015",0.17,25.67,"-14.675 145.625"
"136312","2015-05-28T12:00:00Z",-14.725,145.425,"0.16",0,"25.36","0.13",0,2015-05-28,"05","2015",0.16,25.36,"-14.725 145.425"
"136394","2015-05-28T12:00:00Z",-14.775,145.475,"0.16",0,"25.41","0.13",0,2015-05-28,"05","2015",0.16,25.41,"-14.775 145.475"
"136884","2015-05-28T12:00:00Z",-15.075,145.675,"0.18",0,"25.69","0.17",0,2015-05-28,"05","2015",0.18,25.69,"-15.075 145.675"
"169494","2015-06-04T12:00:00Z",-13.875,144.025,"0.0",0,"25.68","0.5700000000000001",0,2015-06-04,"06","2015",0,25.68,"-13.875 144.025"
"169576","2015-06-04T12:00:00Z",-13.925,144.075,"0.0",0,"25.650000000000002","0.56",0,2015-06-04,"06","2015",0,25.65,"-13.925 144.075"
"169578","2015-06-04T12:00:00Z",-13.925,144.175,"0.0",0,"25.740000000000002","0.66",0,2015-06-04,"06","2015",0,25.74,"-13.925 144.175"
"169579","2015-06-04T12:00:00Z",-13.925,144.225,"0.0",0,"25.82","0.72",0,2015-06-04,"06","2015",0,25.82,"-13.925 144.225"
"169664","2015-06-04T12:00:00Z",-13.975,144.425,"0.0",0,"26.02","0.85",0,2015-06-04,"06","2015",0,26.02,"-13.975 144.425"
"169745","2015-06-04T12:00:00Z",-14.025,144.425,"0.0",0,"25.900000000000002","0.84",0,2015-06-04,"06","2015",0,25.9,"-14.025 144.425"
"170818","2015-06-04T12:00:00Z",-14.675,145.425,"0.0",0,"25.900000000000002","0.9500000000000001",0,2015-06-04,"06","2015",0,25.9,"-14.675 145.425"
"170822","2015-06-04T12:00:00Z",-14.675,145.625,"0.0",0,"26.43","1.1",0,2015-06-04,"06","2015",0,26.43,"-14.675 145.625"
"170899","2015-06-04T12:00:00Z",-14.725,145.425,"0.0",0,"25.79","0.88",0,2015-06-04,"06","2015",0,25.79,"-14.725 145.425"
"170981","2015-06-04T12:00:00Z",-14.775,145.475,"0.0",0,"25.830000000000002","0.86",0,2015-06-04,"06","2015",0,25.83,"-14.775 145.475"
"171471","2015-06-04T12:00:00Z",-15.075,145.675,"0.0",0,"26.09","0.87",0,2015-06-04,"06","2015",0,26.09,"-15.075 145.675"
"204081","2015-06-11T12:00:00Z",-13.875,144.025,"0.0",0,"24.990000000000002","0.21",0,2015-06-11,"06","2015",0,24.99,"-13.875 144.025"
"204163","2015-06-11T12:00:00Z",-13.925,144.075,"0.0",0,"24.98","0.23",0,2015-06-11,"06","2015",0,24.98,"-13.925 144.075"
"204165","2015-06-11T12:00:00Z",-13.925,144.175,"0.0",0,"25.16","0.4",0,2015-06-11,"06","2015",0,25.16,"-13.925 144.175"
"204166","2015-06-11T12:00:00Z",-13.925,144.225,"0.0",0,"25.25","0.47000000000000003",0,2015-06-11,"06","2015",0,25.25,"-13.925 144.225"
"204251","2015-06-11T12:00:00Z",-13.975,144.425,"0.0",0,"25.400000000000002","0.54",0,2015-06-11,"06","2015",0,25.4,"-13.975 144.425"
"204332","2015-06-11T12:00:00Z",-14.025,144.425,"0.0",0,"25.26","0.52",0,2015-06-11,"06","2015",0,25.26,"-14.025 144.425"
"205405","2015-06-11T12:00:00Z",-14.675,145.425,"0.0",0,"25.34","0.71",0,2015-06-11,"06","2015",0,25.34,"-14.675 145.425"
"205409","2015-06-11T12:00:00Z",-14.675,145.625,"0.0",0,"25.76","0.7000000000000001",0,2015-06-11,"06","2015",0,25.76,"-14.675 145.625"
"205486","2015-06-11T12:00:00Z",-14.725,145.425,"0.0",0,"25.27","0.68",0,2015-06-11,"06","2015",0,25.27,"-14.725 145.425"
"205568","2015-06-11T12:00:00Z",-14.775,145.475,"0.0",0,"25.330000000000002","0.67",0,2015-06-11,"06","2015",0,25.33,"-14.775 145.475"
"206058","2015-06-11T12:00:00Z",-15.075,145.675,"0.0",0,"25.57","0.65",0,2015-06-11,"06","2015",0,25.57,"-15.075 145.675"
"238668","2015-06-18T12:00:00Z",-13.875,144.025,"0.0",0,"25.27","0.76",0,2015-06-18,"06","2015",0,25.27,"-13.875 144.025"
"238750","2015-06-18T12:00:00Z",-13.925,144.075,"0.0",0,"25.3","0.8200000000000001",0,2015-06-18,"06","2015",0,25.3,"-13.925 144.075"
"238752","2015-06-18T12:00:00Z",-13.925,144.175,"0.0",0,"25.36","0.86",0,2015-06-18,"06","2015",0,25.36,"-13.925 144.175"
"238753","2015-06-18T12:00:00Z",-13.925,144.225,"0.0",0,"25.400000000000002","0.87",0,2015-06-18,"06","2015",0,25.4,"-13.925 144.225"
"238838","2015-06-18T12:00:00Z",-13.975,144.425,"0.0",0,"25.490000000000002","0.86",0,2015-06-18,"06","2015",0,25.49,"-13.975 144.425"
"238919","2015-06-18T12:00:00Z",-14.025,144.425,"0.0",0,"25.38","0.89",0,2015-06-18,"06","2015",0,25.38,"-14.025 144.425"
"239992","2015-06-18T12:00:00Z",-14.675,145.425,"0.0",0,"25.240000000000002","0.86",0,2015-06-18,"06","2015",0,25.24,"-14.675 145.425"
"239996","2015-06-18T12:00:00Z",-14.675,145.625,"0.0",0,"25.560000000000002","0.72",0,2015-06-18,"06","2015",0,25.56,"-14.675 145.625"
"240073","2015-06-18T12:00:00Z",-14.725,145.425,"0.0",0,"25.17","0.8300000000000001",0,2015-06-18,"06","2015",0,25.17,"-14.725 145.425"
"240155","2015-06-18T12:00:00Z",-14.775,145.475,"0.0",0,"25.19","0.78",0,2015-06-18,"06","2015",0,25.19,"-14.775 145.475"
"240645","2015-06-18T12:00:00Z",-15.075,145.675,"0.0",0,"25.34","0.65",0,2015-06-18,"06","2015",0,25.34,"-15.075 145.675"
"273255","2015-06-25T12:00:00Z",-13.875,144.025,"0.0",0,"25.330000000000002","1.0",0,2015-06-25,"06","2015",0,25.33,"-13.875 144.025"
"273337","2015-06-25T12:00:00Z",-13.925,144.075,"0.0",0,"25.3","1.0",0,2015-06-25,"06","2015",0,25.3,"-13.925 144.075"
"273339","2015-06-25T12:00:00Z",-13.925,144.175,"0.0",0,"25.37","1.04",0,2015-06-25,"06","2015",0,25.37,"-13.925 144.175"
"273340","2015-06-25T12:00:00Z",-13.925,144.225,"0.0",0,"25.46","1.09",0,2015-06-25,"06","2015",0,25.46,"-13.925 144.225"
"273425","2015-06-25T12:00:00Z",-13.975,144.425,"0.0",0,"25.53","1.04",0,2015-06-25,"06","2015",0,25.53,"-13.975 144.425"
"273506","2015-06-25T12:00:00Z",-14.025,144.425,"0.0",0,"25.36","1.02",0,2015-06-25,"06","2015",0,25.36,"-14.025 144.425"
"274579","2015-06-25T12:00:00Z",-14.675,145.425,"0.0",0,"25.09","0.87",0,2015-06-25,"06","2015",0,25.09,"-14.675 145.425"
"274583","2015-06-25T12:00:00Z",-14.675,145.625,"0.0",0,"25.55","0.86",0,2015-06-25,"06","2015",0,25.55,"-14.675 145.625"
"274660","2015-06-25T12:00:00Z",-14.725,145.425,"0.0",0,"25.04","0.87",0,2015-06-25,"06","2015",0,25.04,"-14.725 145.425"
"274742","2015-06-25T12:00:00Z",-14.775,145.475,"0.0",0,"25.12","0.88",0,2015-06-25,"06","2015",0,25.12,"-14.775 145.475"
"275232","2015-06-25T12:00:00Z",-15.075,145.675,"0.0",0,"25.35","0.79",0,2015-06-25,"06","2015",0,25.35,"-15.075 145.675"
"307842","2015-07-02T12:00:00Z",-13.875,144.025,"0.0",0,"24.52","0.38",0,2015-07-02,"07","2015",0,24.52,"-13.875 144.025"
"307924","2015-07-02T12:00:00Z",-13.925,144.075,"0.0",0,"24.44","0.32",0,2015-07-02,"07","2015",0,24.44,"-13.925 144.075"
"307926","2015-07-02T12:00:00Z",-13.925,144.175,"0.0",0,"24.44","0.28",0,2015-07-02,"07","2015",0,24.44,"-13.925 144.175"
"307927","2015-07-02T12:00:00Z",-13.925,144.225,"0.0",0,"24.5","0.29",0,2015-07-02,"07","2015",0,24.5,"-13.925 144.225"
"308012","2015-07-02T12:00:00Z",-13.975,144.425,"0.0",0,"24.54","0.19",0,2015-07-02,"07","2015",0,24.54,"-13.975 144.425"
"308093","2015-07-02T12:00:00Z",-14.025,144.425,"0.0",0,"24.330000000000002","0.13",0,2015-07-02,"07","2015",0,24.33,"-14.025 144.425"
"309166","2015-07-02T12:00:00Z",-14.675,145.425,"0.0",0,"24.54","0.49",0,2015-07-02,"07","2015",0,24.54,"-14.675 145.425"
"309170","2015-07-02T12:00:00Z",-14.675,145.625,"0.0",0,"25.060000000000002","0.52",0,2015-07-02,"07","2015",0,25.06,"-14.675 145.625"
"309247","2015-07-02T12:00:00Z",-14.725,145.425,"0.0",0,"24.5","0.49",0,2015-07-02,"07","2015",0,24.5,"-14.725 145.425"
"309329","2015-07-02T12:00:00Z",-14.775,145.475,"0.0",0,"24.61","0.53",0,2015-07-02,"07","2015",0,24.61,"-14.775 145.475"
"309819","2015-07-02T12:00:00Z",-15.075,145.675,"0.0",0,"24.92","0.49",0,2015-07-02,"07","2015",0,24.92,"-15.075 145.675"
"342429","2015-07-09T12:00:00Z",-13.875,144.025,"0.0",0,"24.29","0.33",0,2015-07-09,"07","2015",0,24.29,"-13.875 144.025"
"342511","2015-07-09T12:00:00Z",-13.925,144.075,"0.0",0,"24.22","0.28",0,2015-07-09,"07","2015",0,24.22,"-13.925 144.075"
"342513","2015-07-09T12:00:00Z",-13.925,144.175,"0.0",0,"24.35","0.36",0,2015-07-09,"07","2015",0,24.35,"-13.925 144.175"
"342514","2015-07-09T12:00:00Z",-13.925,144.225,"0.0",0,"24.44","0.38",0,2015-07-09,"07","2015",0,24.44,"-13.925 144.225"
"342599","2015-07-09T12:00:00Z",-13.975,144.425,"0.0",0,"24.52","0.31",0,2015-07-09,"07","2015",0,24.52,"-13.975 144.425"
"342680","2015-07-09T12:00:00Z",-14.025,144.425,"0.0",0,"24.35","0.3",0,2015-07-09,"07","2015",0,24.35,"-14.025 144.425"
"343753","2015-07-09T12:00:00Z",-14.675,145.425,"0.0",0,"24.18","0.29",0,2015-07-09,"07","2015",0,24.18,"-14.675 145.425"
"343757","2015-07-09T12:00:00Z",-14.675,145.625,"0.0",0,"24.76","0.37",0,2015-07-09,"07","2015",0,24.76,"-14.675 145.625"
"343834","2015-07-09T12:00:00Z",-14.725,145.425,"0.0",0,"24.11","0.27",0,2015-07-09,"07","2015",0,24.11,"-14.725 145.425"
"343916","2015-07-09T12:00:00Z",-14.775,145.475,"0.0",0,"24.19","0.28",0,2015-07-09,"07","2015",0,24.19,"-14.775 145.475"
"344406","2015-07-09T12:00:00Z",-15.075,145.675,"0.0",0,"24.69","0.4",0,2015-07-09,"07","2015",0,24.69,"-15.075 145.675"
"377016","2015-07-16T12:00:00Z",-13.875,144.025,"0.0",0,"24.080000000000002","0.28",0,2015-07-16,"07","2015",0,24.08,"-13.875 144.025"
"377098","2015-07-16T12:00:00Z",-13.925,144.075,"0.0",0,"23.98","0.2",0,2015-07-16,"07","2015",0,23.98,"-13.925 144.075"
"377100","2015-07-16T12:00:00Z",-13.925,144.175,"0.0",0,"24.19","0.34",0,2015-07-16,"07","2015",0,24.19,"-13.925 144.175"
"377101","2015-07-16T12:00:00Z",-13.925,144.225,"0.0",0,"24.37","0.45",0,2015-07-16,"07","2015",0,24.37,"-13.925 144.225"
"377186","2015-07-16T12:00:00Z",-13.975,144.425,"0.0",0,"24.7","0.61",0,2015-07-16,"07","2015",0,24.7,"-13.975 144.425"
"377267","2015-07-16T12:00:00Z",-14.025,144.425,"0.0",0,"24.46","0.53",0,2015-07-16,"07","2015",0,24.46,"-14.025 144.425"
"378340","2015-07-16T12:00:00Z",-14.675,145.425,"0.0",0,"24.27","0.52",0,2015-07-16,"07","2015",0,24.27,"-14.675 145.425"
"378344","2015-07-16T12:00:00Z",-14.675,145.625,"0.0",0,"24.900000000000002","0.65",0,2015-07-16,"07","2015",0,24.9,"-14.675 145.625"
"378421","2015-07-16T12:00:00Z",-14.725,145.425,"0.0",0,"24.17","0.47000000000000003",0,2015-07-16,"07","2015",0,24.17,"-14.725 145.425"
"378503","2015-07-16T12:00:00Z",-14.775,145.475,"0.0",0,"24.26","0.49",0,2015-07-16,"07","2015",0,24.26,"-14.775 145.475"
"378993","2015-07-16T12:00:00Z",-15.075,145.675,"0.0",0,"24.78","0.61",0,2015-07-16,"07","2015",0,24.78,"-15.075 145.675"
"411603","2015-07-23T12:00:00Z",-13.875,144.025,"0.0",0,"24.22","0.44",0,2015-07-23,"07","2015",0,24.22,"-13.875 144.025"
"411685","2015-07-23T12:00:00Z",-13.925,144.075,"0.0",0,"24.14","0.38",0,2015-07-23,"07","2015",0,24.14,"-13.925 144.075"
"411687","2015-07-23T12:00:00Z",-13.925,144.175,"0.0",0,"24.150000000000002","0.32",0,2015-07-23,"07","2015",0,24.15,"-13.925 144.175"
"411688","2015-07-23T12:00:00Z",-13.925,144.225,"0.0",0,"24.2","0.3",0,2015-07-23,"07","2015",0,24.2,"-13.925 144.225"
"411773","2015-07-23T12:00:00Z",-13.975,144.425,"0.0",0,"24.12","0.05",0,2015-07-23,"07","2015",0,24.12,"-13.975 144.425"
"411854","2015-07-23T12:00:00Z",-14.025,144.425,"0.0",0,"23.92","0.01",0,2015-07-23,"07","2015",0,23.92,"-14.025 144.425"
"412927","2015-07-23T12:00:00Z",-14.675,145.425,"0.0",0,"24.27","0.53",0,2015-07-23,"07","2015",0,24.27,"-14.675 145.425"
"412931","2015-07-23T12:00:00Z",-14.675,145.625,"0.0",0,"24.73","0.51",0,2015-07-23,"07","2015",0,24.73,"-14.675 145.625"
"413008","2015-07-23T12:00:00Z",-14.725,145.425,"0.0",0,"24.2","0.51",0,2015-07-23,"07","2015",0,24.2,"-14.725 145.425"
"413090","2015-07-23T12:00:00Z",-14.775,145.475,"0.0",0,"24.27","0.51",0,2015-07-23,"07","2015",0,24.27,"-14.775 145.475"
"413580","2015-07-23T12:00:00Z",-15.075,145.675,"0.0",0,"24.580000000000002","0.45",0,2015-07-23,"07","2015",0,24.58,"-15.075 145.675"
"446190","2015-07-30T12:00:00Z",-13.875,144.025,"0.0",0,"24.14","0.37",0,2015-07-30,"07","2015",0,24.14,"-13.875 144.025"
"446272","2015-07-30T12:00:00Z",-13.925,144.075,"0.0",0,"24.12","0.37",0,2015-07-30,"07","2015",0,24.12,"-13.925 144.075"
"446274","2015-07-30T12:00:00Z",-13.925,144.175,"0.0",0,"24.28","0.46",0,2015-07-30,"07","2015",0,24.28,"-13.925 144.175"
"446275","2015-07-30T12:00:00Z",-13.925,144.225,"0.0",0,"24.39","0.5",0,2015-07-30,"07","2015",0,24.39,"-13.925 144.225"
"446360","2015-07-30T12:00:00Z",-13.975,144.425,"0.0",0,"24.490000000000002","0.44",0,2015-07-30,"07","2015",0,24.49,"-13.975 144.425"
"446441","2015-07-30T12:00:00Z",-14.025,144.425,"0.0",0,"24.35","0.45",0,2015-07-30,"07","2015",0,24.35,"-14.025 144.425"
"447514","2015-07-30T12:00:00Z",-14.675,145.425,"0.0",0,"24.34","0.6",0,2015-07-30,"07","2015",0,24.34,"-14.675 145.425"
"447518","2015-07-30T12:00:00Z",-14.675,145.625,"0.0",0,"24.75","0.5700000000000001",0,2015-07-30,"07","2015",0,24.75,"-14.675 145.625"
"447595","2015-07-30T12:00:00Z",-14.725,145.425,"0.0",0,"24.25","0.56",0,2015-07-30,"07","2015",0,24.25,"-14.725 145.425"
"447677","2015-07-30T12:00:00Z",-14.775,145.475,"0.0",0,"24.3","0.55",0,2015-07-30,"07","2015",0,24.3,"-14.775 145.475"
"448167","2015-07-30T12:00:00Z",-15.075,145.675,"0.0",0,"24.78","0.6900000000000001",0,2015-07-30,"07","2015",0,24.78,"-15.075 145.675"
"480777","2015-08-06T12:00:00Z",-13.875,144.025,"0.0",0,"24.240000000000002","0.48",0,2015-08-06,"08","2015",0,24.24,"-13.875 144.025"
"480859","2015-08-06T12:00:00Z",-13.925,144.075,"0.0",0,"24.16","0.43",0,2015-08-06,"08","2015",0,24.16,"-13.925 144.075"
"480861","2015-08-06T12:00:00Z",-13.925,144.175,"0.0",0,"24.21","0.4",0,2015-08-06,"08","2015",0,24.21,"-13.925 144.175"
"480862","2015-08-06T12:00:00Z",-13.925,144.225,"0.0",0,"24.3","0.43",0,2015-08-06,"08","2015",0,24.3,"-13.925 144.225"
"480947","2015-08-06T12:00:00Z",-13.975,144.425,"0.0",0,"24.41","0.38",0,2015-08-06,"08","2015",0,24.41,"-13.975 144.425"
"481028","2015-08-06T12:00:00Z",-14.025,144.425,"0.0",0,"24.2","0.32",0,2015-08-06,"08","2015",0,24.2,"-14.025 144.425"
"482101","2015-08-06T12:00:00Z",-14.675,145.425,"0.0",0,"24.240000000000002","0.5",0,2015-08-06,"08","2015",0,24.24,"-14.675 145.425"
"482105","2015-08-06T12:00:00Z",-14.675,145.625,"0.0",0,"24.77","0.63",0,2015-08-06,"08","2015",0,24.77,"-14.675 145.625"
"482182","2015-08-06T12:00:00Z",-14.725,145.425,"0.0",0,"24.16","0.47000000000000003",0,2015-08-06,"08","2015",0,24.16,"-14.725 145.425"
"482264","2015-08-06T12:00:00Z",-14.775,145.475,"0.0",0,"24.240000000000002","0.51",0,2015-08-06,"08","2015",0,24.24,"-14.775 145.475"
"482754","2015-08-06T12:00:00Z",-15.075,145.675,"0.0",0,"24.75","0.7000000000000001",0,2015-08-06,"08","2015",0,24.75,"-15.075 145.675"
"515364","2015-08-13T12:00:00Z",-13.875,144.025,"0.0",0,"24.080000000000002","0.34",0,2015-08-13,"08","2015",0,24.08,"-13.875 144.025"
"515446","2015-08-13T12:00:00Z",-13.925,144.075,"0.0",0,"24.03","0.32",0,2015-08-13,"08","2015",0,24.03,"-13.925 144.075"
"515448","2015-08-13T12:00:00Z",-13.925,144.175,"0.0",0,"24.05","0.26",0,2015-08-13,"08","2015",0,24.05,"-13.925 144.175"
"515449","2015-08-13T12:00:00Z",-13.925,144.225,"0.0",0,"24.07","0.22",0,2015-08-13,"08","2015",0,24.07,"-13.925 144.225"
"515534","2015-08-13T12:00:00Z",-13.975,144.425,"0.0",0,"24.22","0.21",0,2015-08-13,"08","2015",0,24.22,"-13.975 144.425"
"515615","2015-08-13T12:00:00Z",-14.025,144.425,"0.0",0,"24.13","0.27",0,2015-08-13,"08","2015",0,24.13,"-14.025 144.425"
"516688","2015-08-13T12:00:00Z",-14.675,145.425,"0.0",0,"24.43","0.7000000000000001",0,2015-08-13,"08","2015",0,24.43,"-14.675 145.425"
"516692","2015-08-13T12:00:00Z",-14.675,145.625,"0.0",0,"25.0","0.9",0,2015-08-13,"08","2015",0,25,"-14.675 145.625"
"516769","2015-08-13T12:00:00Z",-14.725,145.425,"0.0",0,"24.29","0.61",0,2015-08-13,"08","2015",0,24.29,"-14.725 145.425"
"516851","2015-08-13T12:00:00Z",-14.775,145.475,"0.0",0,"24.3","0.58",0,2015-08-13,"08","2015",0,24.3,"-14.775 145.475"
"517341","2015-08-13T12:00:00Z",-15.075,145.675,"0.0",0,"24.75","0.75",0,2015-08-13,"08","2015",0,24.75,"-15.075 145.675"
"549951","2015-08-20T12:00:00Z",-13.875,144.025,"0.0",0,"23.98","0.11",0,2015-08-20,"08","2015",0,23.98,"-13.875 144.025"
"550033","2015-08-20T12:00:00Z",-13.925,144.075,"0.0",0,"23.93","0.09",0,2015-08-20,"08","2015",0,23.93,"-13.925 144.075"
"550035","2015-08-20T12:00:00Z",-13.925,144.175,"0.0",0,"24.16","0.26",0,2015-08-20,"08","2015",0,24.16,"-13.925 144.175"
"550036","2015-08-20T12:00:00Z",-13.925,144.225,"0.0",0,"24.310000000000002","0.35000000000000003",0,2015-08-20,"08","2015",0,24.31,"-13.925 144.225"
"550121","2015-08-20T12:00:00Z",-13.975,144.425,"0.0",0,"24.5","0.4",0,2015-08-20,"08","2015",0,24.5,"-13.975 144.425"
"550202","2015-08-20T12:00:00Z",-14.025,144.425,"0.0",0,"24.28","0.3",0,2015-08-20,"08","2015",0,24.28,"-14.025 144.425"
"551275","2015-08-20T12:00:00Z",-14.675,145.425,"0.0",0,"24.150000000000002","0.3",0,2015-08-20,"08","2015",0,24.15,"-14.675 145.425"
"551279","2015-08-20T12:00:00Z",-14.675,145.625,"0.0",0,"24.61","0.43",0,2015-08-20,"08","2015",0,24.61,"-14.675 145.625"
"551356","2015-08-20T12:00:00Z",-14.725,145.425,"0.0",0,"24.02","0.22",0,2015-08-20,"08","2015",0,24.02,"-14.725 145.425"
"551438","2015-08-20T12:00:00Z",-14.775,145.475,"0.0",0,"24.03","0.19",0,2015-08-20,"08","2015",0,24.03,"-14.775 145.475"
"551928","2015-08-20T12:00:00Z",-15.075,145.675,"0.0",0,"24.29","0.21",0,2015-08-20,"08","2015",0,24.29,"-15.075 145.675"
"584538","2015-08-27T12:00:00Z",-13.875,144.025,"0.0",0,"24.63","0.59",0,2015-08-27,"08","2015",0,24.63,"-13.875 144.025"
"584620","2015-08-27T12:00:00Z",-13.925,144.075,"0.0",0,"24.61","0.59",0,2015-08-27,"08","2015",0,24.61,"-13.925 144.075"
"584622","2015-08-27T12:00:00Z",-13.925,144.175,"0.0",0,"24.67","0.61",0,2015-08-27,"08","2015",0,24.67,"-13.925 144.175"
"584623","2015-08-27T12:00:00Z",-13.925,144.225,"0.0",0,"24.72","0.61",0,2015-08-27,"08","2015",0,24.72,"-13.925 144.225"
"584708","2015-08-27T12:00:00Z",-13.975,144.425,"0.0",0,"24.8","0.56",0,2015-08-27,"08","2015",0,24.8,"-13.975 144.425"
"584789","2015-08-27T12:00:00Z",-14.025,144.425,"0.0",0,"24.68","0.54",0,2015-08-27,"08","2015",0,24.68,"-14.025 144.425"
"585862","2015-08-27T12:00:00Z",-14.675,145.425,"0.0",0,"24.67","0.65",0,2015-08-27,"08","2015",0,24.67,"-14.675 145.425"
"585866","2015-08-27T12:00:00Z",-14.675,145.625,"0.0",0,"24.990000000000002","0.6900000000000001",0,2015-08-27,"08","2015",0,24.99,"-14.675 145.625"
"585943","2015-08-27T12:00:00Z",-14.725,145.425,"0.0",0,"24.61","0.64",0,2015-08-27,"08","2015",0,24.61,"-14.725 145.425"
"586025","2015-08-27T12:00:00Z",-14.775,145.475,"0.0",0,"24.63","0.63",0,2015-08-27,"08","2015",0,24.63,"-14.775 145.475"
"586515","2015-08-27T12:00:00Z",-15.075,145.675,"0.0",0,"24.98","0.77",0,2015-08-27,"08","2015",0,24.98,"-15.075 145.675"
"619125","2015-09-03T12:00:00Z",-13.875,144.025,"0.0",0,"25.28","1.06",0,2015-09-03,"09","2015",0,25.28,"-13.875 144.025"
"619207","2015-09-03T12:00:00Z",-13.925,144.075,"0.0",0,"25.28","1.09",0,2015-09-03,"09","2015",0,25.28,"-13.925 144.075"
"619209","2015-09-03T12:00:00Z",-13.925,144.175,"0.0",0,"25.22","0.99",0,2015-09-03,"09","2015",0,25.22,"-13.925 144.175"
"619210","2015-09-03T12:00:00Z",-13.925,144.225,"0.0",0,"25.240000000000002","0.98",0,2015-09-03,"09","2015",0,25.24,"-13.925 144.225"
"619295","2015-09-03T12:00:00Z",-13.975,144.425,"0.0",0,"25.42","1.04",0,2015-09-03,"09","2015",0,25.42,"-13.975 144.425"
"619376","2015-09-03T12:00:00Z",-14.025,144.425,"0.0",0,"25.36","1.06",0,2015-09-03,"09","2015",0,25.36,"-14.025 144.425"
"620449","2015-09-03T12:00:00Z",-14.675,145.425,"0.0",0,"25.32","1.1300000000000001",0,2015-09-03,"09","2015",0,25.32,"-14.675 145.425"
"620453","2015-09-03T12:00:00Z",-14.675,145.625,"0.0",0,"25.54","1.11",0,2015-09-03,"09","2015",0,25.54,"-14.675 145.625"
"620530","2015-09-03T12:00:00Z",-14.725,145.425,"0.0",0,"25.28","1.1300000000000001",0,2015-09-03,"09","2015",0,25.28,"-14.725 145.425"
"620612","2015-09-03T12:00:00Z",-14.775,145.475,"0.0",0,"25.310000000000002","1.1400000000000001",0,2015-09-03,"09","2015",0,25.31,"-14.775 145.475"
"621102","2015-09-03T12:00:00Z",-15.075,145.675,"0.0",0,"25.44","1.09",0,2015-09-03,"09","2015",0,25.44,"-15.075 145.675"
"653712","2015-09-10T12:00:00Z",-13.875,144.025,"0.0",0,"25.05","0.66",0,2015-09-10,"09","2015",0,25.05,"-13.875 144.025"
"653794","2015-09-10T12:00:00Z",-13.925,144.075,"0.0",0,"25.03","0.66",0,2015-09-10,"09","2015",0,25.03,"-13.925 144.075"
"653796","2015-09-10T12:00:00Z",-13.925,144.175,"0.0",0,"25.060000000000002","0.67",0,2015-09-10,"09","2015",0,25.06,"-13.925 144.175"
"653797","2015-09-10T12:00:00Z",-13.925,144.225,"0.0",0,"25.1","0.6900000000000001",0,2015-09-10,"09","2015",0,25.1,"-13.925 144.225"
"653882","2015-09-10T12:00:00Z",-13.975,144.425,"0.0",0,"25.27","0.75",0,2015-09-10,"09","2015",0,25.27,"-13.975 144.425"
"653963","2015-09-10T12:00:00Z",-14.025,144.425,"0.0",0,"25.28","0.8200000000000001",0,2015-09-10,"09","2015",0,25.28,"-14.025 144.425"
"655036","2015-09-10T12:00:00Z",-14.675,145.425,"0.0",0,"25.02","0.66",0,2015-09-10,"09","2015",0,25.02,"-14.675 145.425"
"655040","2015-09-10T12:00:00Z",-14.675,145.625,"0.0",0,"25.12","0.5700000000000001",0,2015-09-10,"09","2015",0,25.12,"-14.675 145.625"
"655117","2015-09-10T12:00:00Z",-14.725,145.425,"0.0",0,"25.0","0.68",0,2015-09-10,"09","2015",0,25,"-14.725 145.425"
"655199","2015-09-10T12:00:00Z",-14.775,145.475,"0.0",0,"24.990000000000002","0.66",0,2015-09-10,"09","2015",0,24.99,"-14.775 145.475"
"655689","2015-09-10T12:00:00Z",-15.075,145.675,"0.0",0,"25.05","0.5700000000000001",0,2015-09-10,"09","2015",0,25.05,"-15.075 145.675"
"688299","2015-09-17T12:00:00Z",-13.875,144.025,"0.0",0,"25.1","0.5",0,2015-09-17,"09","2015",0,25.1,"-13.875 144.025"
"688381","2015-09-17T12:00:00Z",-13.925,144.075,"0.0",0,"25.09","0.5",0,2015-09-17,"09","2015",0,25.09,"-13.925 144.075"
"688383","2015-09-17T12:00:00Z",-13.925,144.175,"0.0",0,"25.17","0.59",0,2015-09-17,"09","2015",0,25.17,"-13.925 144.175"
"688384","2015-09-17T12:00:00Z",-13.925,144.225,"0.0",0,"25.21","0.61",0,2015-09-17,"09","2015",0,25.21,"-13.925 144.225"
"688469","2015-09-17T12:00:00Z",-13.975,144.425,"0.0",0,"25.21","0.52",0,2015-09-17,"09","2015",0,25.21,"-13.975 144.425"
"688550","2015-09-17T12:00:00Z",-14.025,144.425,"0.0",0,"25.16","0.5",0,2015-09-17,"09","2015",0,25.16,"-14.025 144.425"
"689623","2015-09-17T12:00:00Z",-14.675,145.425,"0.0",0,"25.03","0.47000000000000003",0,2015-09-17,"09","2015",0,25.03,"-14.675 145.425"
"689627","2015-09-17T12:00:00Z",-14.675,145.625,"0.0",0,"25.150000000000002","0.44",0,2015-09-17,"09","2015",0,25.15,"-14.675 145.625"
"689704","2015-09-17T12:00:00Z",-14.725,145.425,"0.0",0,"25.01","0.49",0,2015-09-17,"09","2015",0,25.01,"-14.725 145.425"
"689786","2015-09-17T12:00:00Z",-14.775,145.475,"0.0",0,"25.02","0.49",0,2015-09-17,"09","2015",0,25.02,"-14.775 145.475"
"690276","2015-09-17T12:00:00Z",-15.075,145.675,"0.0",0,"24.96","0.32",0,2015-09-17,"09","2015",0,24.96,"-15.075 145.675"
"722886","2015-09-24T12:00:00Z",-13.875,144.025,"0.0",0,"25.34","0.44",0,2015-09-24,"09","2015",0,25.34,"-13.875 144.025"
"722968","2015-09-24T12:00:00Z",-13.925,144.075,"0.0",0,"25.330000000000002","0.44",0,2015-09-24,"09","2015",0,25.33,"-13.925 144.075"
"722970","2015-09-24T12:00:00Z",-13.925,144.175,"0.0",0,"25.36","0.49",0,2015-09-24,"09","2015",0,25.36,"-13.925 144.175"
"722971","2015-09-24T12:00:00Z",-13.925,144.225,"0.0",0,"25.37","0.5",0,2015-09-24,"09","2015",0,25.37,"-13.925 144.225"
"723056","2015-09-24T12:00:00Z",-13.975,144.425,"0.0",0,"25.37","0.42",0,2015-09-24,"09","2015",0,25.37,"-13.975 144.425"
"723137","2015-09-24T12:00:00Z",-14.025,144.425,"0.0",0,"25.37","0.44",0,2015-09-24,"09","2015",0,25.37,"-14.025 144.425"
"724210","2015-09-24T12:00:00Z",-14.675,145.425,"0.0",0,"25.28","0.44",0,2015-09-24,"09","2015",0,25.28,"-14.675 145.425"
"724214","2015-09-24T12:00:00Z",-14.675,145.625,"0.0",0,"25.27","0.32",0,2015-09-24,"09","2015",0,25.27,"-14.675 145.625"
"724291","2015-09-24T12:00:00Z",-14.725,145.425,"0.0",0,"25.27","0.45",0,2015-09-24,"09","2015",0,25.27,"-14.725 145.425"
"724373","2015-09-24T12:00:00Z",-14.775,145.475,"0.0",0,"25.28","0.46",0,2015-09-24,"09","2015",0,25.28,"-14.775 145.475"
"724863","2015-09-24T12:00:00Z",-15.075,145.675,"0.0",0,"25.28","0.38",0,2015-09-24,"09","2015",0,25.28,"-15.075 145.675"
"757473","2015-10-01T12:00:00Z",-13.875,144.025,"0.0",0,"24.89","-0.31",0,2015-10-01,"10","2015",0,24.89,"-13.875 144.025"
"757555","2015-10-01T12:00:00Z",-13.925,144.075,"0.0",0,"24.85","-0.34",0,2015-10-01,"10","2015",0,24.85,"-13.925 144.075"
"757557","2015-10-01T12:00:00Z",-13.925,144.175,"0.0",0,"24.76","-0.39",0,2015-10-01,"10","2015",0,24.76,"-13.925 144.175"
"757558","2015-10-01T12:00:00Z",-13.925,144.225,"0.0",0,"24.77","-0.38",0,2015-10-01,"10","2015",0,24.77,"-13.925 144.225"
"757643","2015-10-01T12:00:00Z",-13.975,144.425,"0.0",0,"24.78","-0.43",0,2015-10-01,"10","2015",0,24.78,"-13.975 144.425"
"757724","2015-10-01T12:00:00Z",-14.025,144.425,"0.0",0,"24.84","-0.37",0,2015-10-01,"10","2015",0,24.84,"-14.025 144.425"
"758797","2015-10-01T12:00:00Z",-14.675,145.425,"0.0",0,"24.810000000000002","-0.32",0,2015-10-01,"10","2015",0,24.81,"-14.675 145.425"
"758801","2015-10-01T12:00:00Z",-14.675,145.625,"0.0",0,"24.990000000000002","-0.19",0,2015-10-01,"10","2015",0,24.99,"-14.675 145.625"
"758878","2015-10-01T12:00:00Z",-14.725,145.425,"0.0",0,"24.77","-0.34",0,2015-10-01,"10","2015",0,24.77,"-14.725 145.425"
"758960","2015-10-01T12:00:00Z",-14.775,145.475,"0.0",0,"24.78","-0.33",0,2015-10-01,"10","2015",0,24.78,"-14.775 145.475"
"759450","2015-10-01T12:00:00Z",-15.075,145.675,"0.0",0,"24.88","-0.28",0,2015-10-01,"10","2015",0,24.88,"-15.075 145.675"
"792060","2015-10-08T12:00:00Z",-13.875,144.025,"0.0",0,"24.72","-0.77",0,2015-10-08,"10","2015",0,24.72,"-13.875 144.025"
"792142","2015-10-08T12:00:00Z",-13.925,144.075,"0.0",0,"24.7","-0.79",0,2015-10-08,"10","2015",0,24.7,"-13.925 144.075"
"792144","2015-10-08T12:00:00Z",-13.925,144.175,"0.0",0,"24.71","-0.73",0,2015-10-08,"10","2015",0,24.71,"-13.925 144.175"
"792145","2015-10-08T12:00:00Z",-13.925,144.225,"0.0",0,"24.72","-0.7000000000000001",0,2015-10-08,"10","2015",0,24.72,"-13.925 144.225"
"792230","2015-10-08T12:00:00Z",-13.975,144.425,"0.0",0,"24.7","-0.77",0,2015-10-08,"10","2015",0,24.7,"-13.975 144.425"
"792311","2015-10-08T12:00:00Z",-14.025,144.425,"0.0",0,"24.67","-0.81",0,2015-10-08,"10","2015",0,24.67,"-14.025 144.425"
"793384","2015-10-08T12:00:00Z",-14.675,145.425,"0.0",0,"24.76","-0.65",0,2015-10-08,"10","2015",0,24.76,"-14.675 145.425"
"793388","2015-10-08T12:00:00Z",-14.675,145.625,"0.0",0,"24.900000000000002","-0.52",0,2015-10-08,"10","2015",0,24.9,"-14.675 145.625"
"793465","2015-10-08T12:00:00Z",-14.725,145.425,"0.0",0,"24.73","-0.68",0,2015-10-08,"10","2015",0,24.73,"-14.725 145.425"
"793547","2015-10-08T12:00:00Z",-14.775,145.475,"0.0",0,"24.740000000000002","-0.65",0,2015-10-08,"10","2015",0,24.74,"-14.775 145.475"
"794037","2015-10-08T12:00:00Z",-15.075,145.675,"0.0",0,"24.8","-0.61",0,2015-10-08,"10","2015",0,24.8,"-15.075 145.675"
"826647","2015-10-15T12:00:00Z",-13.875,144.025,"0.0",0,"25.0","-0.79",0,2015-10-15,"10","2015",0,25,"-13.875 144.025"
"826729","2015-10-15T12:00:00Z",-13.925,144.075,"0.0",0,"24.98","-0.81",0,2015-10-15,"10","2015",0,24.98,"-13.925 144.075"
"826731","2015-10-15T12:00:00Z",-13.925,144.175,"0.0",0,"24.96","-0.76",0,2015-10-15,"10","2015",0,24.96,"-13.925 144.175"
"826732","2015-10-15T12:00:00Z",-13.925,144.225,"0.0",0,"24.95","-0.75",0,2015-10-15,"10","2015",0,24.95,"-13.925 144.225"
"826817","2015-10-15T12:00:00Z",-13.975,144.425,"0.0",0,"25.03","-0.7000000000000001",0,2015-10-15,"10","2015",0,25.03,"-13.975 144.425"
"826898","2015-10-15T12:00:00Z",-14.025,144.425,"0.0",0,"25.05","-0.71",0,2015-10-15,"10","2015",0,25.05,"-14.025 144.425"
"827971","2015-10-15T12:00:00Z",-14.675,145.425,"0.0",0,"24.97","-0.72",0,2015-10-15,"10","2015",0,24.97,"-14.675 145.425"
"827975","2015-10-15T12:00:00Z",-14.675,145.625,"0.0",0,"24.93","-0.73",0,2015-10-15,"10","2015",0,24.93,"-14.675 145.625"
"828052","2015-10-15T12:00:00Z",-14.725,145.425,"0.0",0,"24.97","-0.73",0,2015-10-15,"10","2015",0,24.97,"-14.725 145.425"
"828134","2015-10-15T12:00:00Z",-14.775,145.475,"0.0",0,"24.96","-0.72",0,2015-10-15,"10","2015",0,24.96,"-14.775 145.475"
"828624","2015-10-15T12:00:00Z",-15.075,145.675,"0.0",0,"25.01","-0.66",0,2015-10-15,"10","2015",0,25.01,"-15.075 145.675"
"861234","2015-10-22T12:00:00Z",-13.875,144.025,"0.0",0,"25.310000000000002","-0.84",0,2015-10-22,"10","2015",0,25.31,"-13.875 144.025"
"861316","2015-10-22T12:00:00Z",-13.925,144.075,"0.0",0,"25.310000000000002","-0.8300000000000001",0,2015-10-22,"10","2015",0,25.31,"-13.925 144.075"
"861318","2015-10-22T12:00:00Z",-13.925,144.175,"0.0",0,"25.29","-0.78",0,2015-10-22,"10","2015",0,25.29,"-13.925 144.175"
"861319","2015-10-22T12:00:00Z",-13.925,144.225,"0.0",0,"25.3","-0.74",0,2015-10-22,"10","2015",0,25.3,"-13.925 144.225"
"861404","2015-10-22T12:00:00Z",-13.975,144.425,"0.0",0,"25.28","-0.77",0,2015-10-22,"10","2015",0,25.28,"-13.975 144.425"
"861485","2015-10-22T12:00:00Z",-14.025,144.425,"0.0",0,"25.25","-0.84",0,2015-10-22,"10","2015",0,25.25,"-14.025 144.425"
"862558","2015-10-22T12:00:00Z",-14.675,145.425,"0.0",0,"25.3","-0.71",0,2015-10-22,"10","2015",0,25.3,"-14.675 145.425"
"862562","2015-10-22T12:00:00Z",-14.675,145.625,"0.0",0,"25.36","-0.61",0,2015-10-22,"10","2015",0,25.36,"-14.675 145.625"
"862639","2015-10-22T12:00:00Z",-14.725,145.425,"0.0",0,"25.32","-0.71",0,2015-10-22,"10","2015",0,25.32,"-14.725 145.425"
"862721","2015-10-22T12:00:00Z",-14.775,145.475,"0.0",0,"25.32","-0.6900000000000001",0,2015-10-22,"10","2015",0,25.32,"-14.775 145.475"
"863211","2015-10-22T12:00:00Z",-15.075,145.675,"0.0",0,"25.43","-0.55",0,2015-10-22,"10","2015",0,25.43,"-15.075 145.675"
"895821","2015-10-29T12:00:00Z",-13.875,144.025,"0.0",0,"26.240000000000002","-0.27",0,2015-10-29,"10","2015",0,26.24,"-13.875 144.025"
"895903","2015-10-29T12:00:00Z",-13.925,144.075,"0.0",0,"26.19","-0.31",0,2015-10-29,"10","2015",0,26.19,"-13.925 144.075"
"895905","2015-10-29T12:00:00Z",-13.925,144.175,"0.0",0,"26.05","-0.36",0,2015-10-29,"10","2015",0,26.05,"-13.925 144.175"
"895906","2015-10-29T12:00:00Z",-13.925,144.225,"0.0",0,"26.01","-0.37",0,2015-10-29,"10","2015",0,26.01,"-13.925 144.225"
"895991","2015-10-29T12:00:00Z",-13.975,144.425,"0.0",0,"26.03","-0.34",0,2015-10-29,"10","2015",0,26.03,"-13.975 144.425"
"896072","2015-10-29T12:00:00Z",-14.025,144.425,"0.0",0,"26.1","-0.31",0,2015-10-29,"10","2015",0,26.1,"-14.025 144.425"
"897145","2015-10-29T12:00:00Z",-14.675,145.425,"0.0",0,"25.95","-0.39",0,2015-10-29,"10","2015",0,25.95,"-14.675 145.425"
"897149","2015-10-29T12:00:00Z",-14.675,145.625,"0.0",0,"26.04","-0.23",0,2015-10-29,"10","2015",0,26.04,"-14.675 145.625"
"897226","2015-10-29T12:00:00Z",-14.725,145.425,"0.0",0,"25.94","-0.41000000000000003",0,2015-10-29,"10","2015",0,25.94,"-14.725 145.425"
"897308","2015-10-29T12:00:00Z",-14.775,145.475,"0.0",0,"25.93","-0.4",0,2015-10-29,"10","2015",0,25.93,"-14.775 145.475"
"897798","2015-10-29T12:00:00Z",-15.075,145.675,"0.0",0,"25.97","-0.31",0,2015-10-29,"10","2015",0,25.97,"-15.075 145.675"
"930408","2015-11-05T12:00:00Z",-13.875,144.025,"0.0",0,"26.39","-0.48",0,2015-11-05,"11","2015",0,26.39,"-13.875 144.025"
"930490","2015-11-05T12:00:00Z",-13.925,144.075,"0.0",0,"26.37","-0.48",0,2015-11-05,"11","2015",0,26.37,"-13.925 144.075"
"930492","2015-11-05T12:00:00Z",-13.925,144.175,"0.0",0,"26.400000000000002","-0.36",0,2015-11-05,"11","2015",0,26.4,"-13.925 144.175"
"930493","2015-11-05T12:00:00Z",-13.925,144.225,"0.0",0,"26.37","-0.35000000000000003",0,2015-11-05,"11","2015",0,26.37,"-13.925 144.225"
"930578","2015-11-05T12:00:00Z",-13.975,144.425,"0.0",0,"26.36","-0.33",0,2015-11-05,"11","2015",0,26.36,"-13.975 144.425"
"930659","2015-11-05T12:00:00Z",-14.025,144.425,"0.0",0,"26.42","-0.32",0,2015-11-05,"11","2015",0,26.42,"-14.025 144.425"
"931732","2015-11-05T12:00:00Z",-14.675,145.425,"0.0",0,"26.28","-0.38",0,2015-11-05,"11","2015",0,26.28,"-14.675 145.425"
"931736","2015-11-05T12:00:00Z",-14.675,145.625,"0.0",0,"26.29","-0.29",0,2015-11-05,"11","2015",0,26.29,"-14.675 145.625"
"931813","2015-11-05T12:00:00Z",-14.725,145.425,"0.0",0,"26.25","-0.43",0,2015-11-05,"11","2015",0,26.25,"-14.725 145.425"
"931895","2015-11-05T12:00:00Z",-14.775,145.475,"0.0",0,"26.21","-0.45",0,2015-11-05,"11","2015",0,26.21,"-14.775 145.475"
"932385","2015-11-05T12:00:00Z",-15.075,145.675,"0.0",0,"26.11","-0.48",0,2015-11-05,"11","2015",0,26.11,"-15.075 145.675"
"964995","2015-11-12T12:00:00Z",-13.875,144.025,"0.0",0,"26.98","-0.25",0,2015-11-12,"11","2015",0,26.98,"-13.875 144.025"
"965077","2015-11-12T12:00:00Z",-13.925,144.075,"0.0",0,"26.990000000000002","-0.22",0,2015-11-12,"11","2015",0,26.99,"-13.925 144.075"
"965079","2015-11-12T12:00:00Z",-13.925,144.175,"0.0",0,"26.900000000000002","-0.2",0,2015-11-12,"11","2015",0,26.9,"-13.925 144.175"
"965080","2015-11-12T12:00:00Z",-13.925,144.225,"0.0",0,"26.85","-0.2",0,2015-11-12,"11","2015",0,26.85,"-13.925 144.225"
"965165","2015-11-12T12:00:00Z",-13.975,144.425,"0.0",0,"26.88","-0.12",0,2015-11-12,"11","2015",0,26.88,"-13.975 144.425"
"965246","2015-11-12T12:00:00Z",-14.025,144.425,"0.0",0,"26.92","-0.14",0,2015-11-12,"11","2015",0,26.92,"-14.025 144.425"
"966319","2015-11-12T12:00:00Z",-14.675,145.425,"0.0",0,"26.63","-0.35000000000000003",0,2015-11-12,"11","2015",0,26.63,"-14.675 145.425"
"966323","2015-11-12T12:00:00Z",-14.675,145.625,"0.0",0,"26.77","-0.12",0,2015-11-12,"11","2015",0,26.77,"-14.675 145.625"
"966400","2015-11-12T12:00:00Z",-14.725,145.425,"0.0",0,"26.67","-0.33",0,2015-11-12,"11","2015",0,26.67,"-14.725 145.425"
"966482","2015-11-12T12:00:00Z",-14.775,145.475,"0.0",0,"26.7","-0.29",0,2015-11-12,"11","2015",0,26.7,"-14.775 145.475"
"966972","2015-11-12T12:00:00Z",-15.075,145.675,"0.0",0,"26.72","-0.18",0,2015-11-12,"11","2015",0,26.72,"-15.075 145.675"
"999582","2015-11-19T12:00:00Z",-13.875,144.025,"0.0",0,"27.63","0.12",0,2015-11-19,"11","2015",0,27.63,"-13.875 144.025"
"999664","2015-11-19T12:00:00Z",-13.925,144.075,"0.0",0,"27.650000000000002","0.16",0,2015-11-19,"11","2015",0,27.65,"-13.925 144.075"
"999666","2015-11-19T12:00:00Z",-13.925,144.175,"0.0",0,"27.48","0.11",0,2015-11-19,"11","2015",0,27.48,"-13.925 144.175"
"999667","2015-11-19T12:00:00Z",-13.925,144.225,"0.0",0,"27.41","0.09",0,2015-11-19,"11","2015",0,27.41,"-13.925 144.225"
"999752","2015-11-19T12:00:00Z",-13.975,144.425,"0.0",0,"27.490000000000002","0.22",0,2015-11-19,"11","2015",0,27.49,"-13.975 144.425"
"999833","2015-11-19T12:00:00Z",-14.025,144.425,"0.0",0,"27.63","0.31",0,2015-11-19,"11","2015",0,27.63,"-14.025 144.425"
"1000906","2015-11-19T12:00:00Z",-14.675,145.425,"0.0",0,"27.23","0.0",0,2015-11-19,"11","2015",0,27.23,"-14.675 145.425"
"1000910","2015-11-19T12:00:00Z",-14.675,145.625,"0.0",0,"27.25","0.11",0,2015-11-19,"11","2015",0,27.25,"-14.675 145.625"
"1000987","2015-11-19T12:00:00Z",-14.725,145.425,"0.0",0,"27.23","-0.02",0,2015-11-19,"11","2015",0,27.23,"-14.725 145.425"
"1001069","2015-11-19T12:00:00Z",-14.775,145.475,"0.0",0,"27.2","-0.04",0,2015-11-19,"11","2015",0,27.2,"-14.775 145.475"
"1001559","2015-11-19T12:00:00Z",-15.075,145.675,"0.0",0,"27.12","-0.02",0,2015-11-19,"11","2015",0,27.12,"-15.075 145.675"
"1034169","2015-11-26T12:00:00Z",-13.875,144.025,"0.0",0,"28.03","0.31",0,2015-11-26,"11","2015",0,28.03,"-13.875 144.025"
"1034251","2015-11-26T12:00:00Z",-13.925,144.075,"0.0",0,"28.11","0.41000000000000003",0,2015-11-26,"11","2015",0,28.11,"-13.925 144.075"
"1034253","2015-11-26T12:00:00Z",-13.925,144.175,"0.0",0,"27.91","0.32",0,2015-11-26,"11","2015",0,27.91,"-13.925 144.175"
"1034254","2015-11-26T12:00:00Z",-13.925,144.225,"0.0",0,"27.8","0.26",0,2015-11-26,"11","2015",0,27.8,"-13.925 144.225"
"1034339","2015-11-26T12:00:00Z",-13.975,144.425,"0.0",0,"27.78","0.3",0,2015-11-26,"11","2015",0,27.78,"-13.975 144.425"
"1034420","2015-11-26T12:00:00Z",-14.025,144.425,"0.0",0,"27.900000000000002","0.36",0,2015-11-26,"11","2015",0,27.9,"-14.025 144.425"
"1035493","2015-11-26T12:00:00Z",-14.675,145.425,"0.0",0,"27.35","-0.07",0,2015-11-26,"11","2015",0,27.35,"-14.675 145.425"
"1035497","2015-11-26T12:00:00Z",-14.675,145.625,"0.0",0,"27.27","-0.07",0,2015-11-26,"11","2015",0,27.27,"-14.675 145.625"
"1035574","2015-11-26T12:00:00Z",-14.725,145.425,"0.0",0,"27.39","-0.04",0,2015-11-26,"11","2015",0,27.39,"-14.725 145.425"
"1035656","2015-11-26T12:00:00Z",-14.775,145.475,"0.0",0,"27.34","-0.08",0,2015-11-26,"11","2015",0,27.34,"-14.775 145.475"
"1036146","2015-11-26T12:00:00Z",-15.075,145.675,"0.0",0,"27.23","-0.09",0,2015-11-26,"11","2015",0,27.23,"-15.075 145.675"
"1068756","2015-12-03T12:00:00Z",-13.875,144.025,"0.0",0,"28.16","0.22",0,2015-12-03,"12","2015",0,28.16,"-13.875 144.025"
"1068838","2015-12-03T12:00:00Z",-13.925,144.075,"0.0",0,"28.1","0.18",0,2015-12-03,"12","2015",0,28.1,"-13.925 144.075"
"1068840","2015-12-03T12:00:00Z",-13.925,144.175,"0.0",0,"27.95","0.14",0,2015-12-03,"12","2015",0,27.95,"-13.925 144.175"
"1068841","2015-12-03T12:00:00Z",-13.925,144.225,"0.0",0,"27.92","0.16",0,2015-12-03,"12","2015",0,27.92,"-13.925 144.225"
"1068926","2015-12-03T12:00:00Z",-13.975,144.425,"0.0",0,"27.91","0.21",0,2015-12-03,"12","2015",0,27.91,"-13.975 144.425"
"1069007","2015-12-03T12:00:00Z",-14.025,144.425,"0.0",0,"27.93","0.18",0,2015-12-03,"12","2015",0,27.93,"-14.025 144.425"
"1070080","2015-12-03T12:00:00Z",-14.675,145.425,"0.0",0,"27.36","-0.25",0,2015-12-03,"12","2015",0,27.36,"-14.675 145.425"
"1070084","2015-12-03T12:00:00Z",-14.675,145.625,"0.0",0,"27.44","-0.1",0,2015-12-03,"12","2015",0,27.44,"-14.675 145.625"
"1070161","2015-12-03T12:00:00Z",-14.725,145.425,"0.0",0,"27.34","-0.28",0,2015-12-03,"12","2015",0,27.34,"-14.725 145.425"
"1070243","2015-12-03T12:00:00Z",-14.775,145.475,"0.0",0,"27.330000000000002","-0.27",0,2015-12-03,"12","2015",0,27.33,"-14.775 145.475"
"1070733","2015-12-03T12:00:00Z",-15.075,145.675,"0.0",0,"27.44","-0.07",0,2015-12-03,"12","2015",0,27.44,"-15.075 145.675"
"1103343","2015-12-10T12:00:00Z",-13.875,144.025,"0.0",0,"28.18","0.02",0,2015-12-10,"12","2015",0,28.18,"-13.875 144.025"
"1103425","2015-12-10T12:00:00Z",-13.925,144.075,"0.0",0,"28.1","-0.04",0,2015-12-10,"12","2015",0,28.1,"-13.925 144.075"
"1103427","2015-12-10T12:00:00Z",-13.925,144.175,"0.0",0,"27.95","-0.07",0,2015-12-10,"12","2015",0,27.95,"-13.925 144.175"
"1103428","2015-12-10T12:00:00Z",-13.925,144.225,"0.0",0,"27.92","-0.05",0,2015-12-10,"12","2015",0,27.92,"-13.925 144.225"
"1103513","2015-12-10T12:00:00Z",-13.975,144.425,"0.0",0,"27.94","0.02",0,2015-12-10,"12","2015",0,27.94,"-13.975 144.425"
"1103594","2015-12-10T12:00:00Z",-14.025,144.425,"0.0",0,"27.990000000000002","0.02",0,2015-12-10,"12","2015",0,27.99,"-14.025 144.425"
"1104667","2015-12-10T12:00:00Z",-14.675,145.425,"0.0",0,"27.85","0.05",0,2015-12-10,"12","2015",0,27.85,"-14.675 145.425"
"1104671","2015-12-10T12:00:00Z",-14.675,145.625,"0.0",0,"27.84","0.1",0,2015-12-10,"12","2015",0,27.84,"-14.675 145.625"
"1104748","2015-12-10T12:00:00Z",-14.725,145.425,"0.0",0,"27.85","0.04",0,2015-12-10,"12","2015",0,27.85,"-14.725 145.425"
"1104830","2015-12-10T12:00:00Z",-14.775,145.475,"0.0",0,"27.84","0.05",0,2015-12-10,"12","2015",0,27.84,"-14.775 145.475"
"1105320","2015-12-10T12:00:00Z",-15.075,145.675,"0.0",0,"28.04","0.34",0,2015-12-10,"12","2015",0,28.04,"-15.075 145.675"
"1137930","2015-12-17T12:00:00Z",-13.875,144.025,"0.0",0,"28.35","0.0",0,2015-12-17,"12","2015",0,28.35,"-13.875 144.025"
"1138012","2015-12-17T12:00:00Z",-13.925,144.075,"0.0",0,"28.310000000000002","-0.02",0,2015-12-17,"12","2015",0,28.31,"-13.925 144.075"
"1138014","2015-12-17T12:00:00Z",-13.925,144.175,"0.0",0,"28.22","0.01",0,2015-12-17,"12","2015",0,28.22,"-13.925 144.175"
"1138015","2015-12-17T12:00:00Z",-13.925,144.225,"0.0",0,"28.19","0.03",0,2015-12-17,"12","2015",0,28.19,"-13.925 144.225"
"1138100","2015-12-17T12:00:00Z",-13.975,144.425,"0.0",0,"28.2","0.09",0,2015-12-17,"12","2015",0,28.2,"-13.975 144.425"
"1138181","2015-12-17T12:00:00Z",-14.025,144.425,"0.0",0,"28.240000000000002","0.09",0,2015-12-17,"12","2015",0,28.24,"-14.025 144.425"
"1139254","2015-12-17T12:00:00Z",-14.675,145.425,"0.0",0,"28.13","0.16",0,2015-12-17,"12","2015",0,28.13,"-14.675 145.425"
"1139258","2015-12-17T12:00:00Z",-14.675,145.625,"0.0",0,"28.32","0.4",0,2015-12-17,"12","2015",0,28.32,"-14.675 145.625"
"1139335","2015-12-17T12:00:00Z",-14.725,145.425,"0.0",0,"28.14","0.16",0,2015-12-17,"12","2015",0,28.14,"-14.725 145.425"
"1139417","2015-12-17T12:00:00Z",-14.775,145.475,"0.0",0,"28.17","0.21",0,2015-12-17,"12","2015",0,28.17,"-14.775 145.475"
"1139907","2015-12-17T12:00:00Z",-15.075,145.675,"0.0",0,"28.150000000000002","0.28",0,2015-12-17,"12","2015",0,28.15,"-15.075 145.675"
"1172517","2015-12-24T12:00:00Z",-13.875,144.025,"0.0",0,"28.51","0.07",0,2015-12-24,"12","2015",0,28.51,"-13.875 144.025"
"1172599","2015-12-24T12:00:00Z",-13.925,144.075,"0.0",0,"28.490000000000002","0.07",0,2015-12-24,"12","2015",0,28.49,"-13.925 144.075"
"1172601","2015-12-24T12:00:00Z",-13.925,144.175,"0.0",0,"28.41","0.1",0,2015-12-24,"12","2015",0,28.41,"-13.925 144.175"
"1172602","2015-12-24T12:00:00Z",-13.925,144.225,"0.0",0,"28.39","0.13",0,2015-12-24,"12","2015",0,28.39,"-13.925 144.225"
"1172687","2015-12-24T12:00:00Z",-13.975,144.425,"0.0",0,"28.330000000000002","0.11",0,2015-12-24,"12","2015",0,28.33,"-13.975 144.425"
"1172768","2015-12-24T12:00:00Z",-14.025,144.425,"0.0",0,"28.34","0.08",0,2015-12-24,"12","2015",0,28.34,"-14.025 144.425"
"1173841","2015-12-24T12:00:00Z",-14.675,145.425,"0.0",0,"28.35","0.25",0,2015-12-24,"12","2015",0,28.35,"-14.675 145.425"
"1173845","2015-12-24T12:00:00Z",-14.675,145.625,"0.0",0,"28.400000000000002","0.36",0,2015-12-24,"12","2015",0,28.4,"-14.675 145.625"
"1173922","2015-12-24T12:00:00Z",-14.725,145.425,"0.0",0,"28.34","0.23",0,2015-12-24,"12","2015",0,28.34,"-14.725 145.425"
"1174004","2015-12-24T12:00:00Z",-14.775,145.475,"0.0",0,"28.36","0.27",0,2015-12-24,"12","2015",0,28.36,"-14.775 145.475"
"1174494","2015-12-24T12:00:00Z",-15.075,145.675,"0.0",0,"28.35","0.34",0,2015-12-24,"12","2015",0,28.35,"-15.075 145.675"
"1207104","2015-12-31T12:00:00Z",-13.875,144.025,"0.0",0,"28.0","-0.53",0,2015-12-31,"12","2015",0,28,"-13.875 144.025"
"1207186","2015-12-31T12:00:00Z",-13.925,144.075,"0.0",0,"28.0","-0.52",0,2015-12-31,"12","2015",0,28,"-13.925 144.075"
"1207188","2015-12-31T12:00:00Z",-13.925,144.175,"0.0",0,"27.92","-0.49",0,2015-12-31,"12","2015",0,27.92,"-13.925 144.175"
"1207189","2015-12-31T12:00:00Z",-13.925,144.225,"0.0",0,"27.89","-0.47000000000000003",0,2015-12-31,"12","2015",0,27.89,"-13.925 144.225"
"1207274","2015-12-31T12:00:00Z",-13.975,144.425,"0.0",0,"27.84","-0.48",0,2015-12-31,"12","2015",0,27.84,"-13.975 144.425"
"1207355","2015-12-31T12:00:00Z",-14.025,144.425,"0.0",0,"27.86","-0.51",0,2015-12-31,"12","2015",0,27.86,"-14.025 144.425"
"1208428","2015-12-31T12:00:00Z",-14.675,145.425,"0.0",0,"28.060000000000002","-0.17",0,2015-12-31,"12","2015",0,28.06,"-14.675 145.425"
"1208432","2015-12-31T12:00:00Z",-14.675,145.625,"0.0",0,"28.19","0.03",0,2015-12-31,"12","2015",0,28.19,"-14.675 145.625"
"1208509","2015-12-31T12:00:00Z",-14.725,145.425,"0.0",0,"28.03","-0.21",0,2015-12-31,"12","2015",0,28.03,"-14.725 145.425"
"1208591","2015-12-31T12:00:00Z",-14.775,145.475,"0.0",0,"28.02","-0.2",0,2015-12-31,"12","2015",0,28.02,"-14.775 145.475"
"1209081","2015-12-31T12:00:00Z",-15.075,145.675,"0.0",0,"27.91","-0.24",0,2015-12-31,"12","2015",0,27.91,"-15.075 145.675"
"1241691","2016-01-07T12:00:00Z",-13.875,144.025,"0.0",0,"29.580000000000002","0.96",0,2016-01-07,"01","2016",0,29.58,"-13.875 144.025"
"1241773","2016-01-07T12:00:00Z",-13.925,144.075,"0.0",0,"29.69","1.07",0,2016-01-07,"01","2016",0,29.69,"-13.925 144.075"
"1241775","2016-01-07T12:00:00Z",-13.925,144.175,"0.15",0,"29.7","1.19",0,2016-01-07,"01","2016",0.15,29.7,"-13.925 144.175"
"1241776","2016-01-07T12:00:00Z",-13.925,144.225,"0.15",0,"29.66","1.2",0,2016-01-07,"01","2016",0.15,29.66,"-13.925 144.225"
"1241861","2016-01-07T12:00:00Z",-13.975,144.425,"0.0",0,"29.46","1.03",0,2016-01-07,"01","2016",0,29.46,"-13.975 144.425"
"1241942","2016-01-07T12:00:00Z",-14.025,144.425,"0.15",0,"29.66","1.18",0,2016-01-07,"01","2016",0.15,29.66,"-14.025 144.425"
"1243015","2016-01-07T12:00:00Z",-14.675,145.425,"0.0",0,"29.14","0.78",0,2016-01-07,"01","2016",0,29.14,"-14.675 145.425"
"1243019","2016-01-07T12:00:00Z",-14.675,145.625,"0.0",0,"28.94","0.66",0,2016-01-07,"01","2016",0,28.94,"-14.675 145.625"
"1243096","2016-01-07T12:00:00Z",-14.725,145.425,"0.0",0,"29.16","0.78",0,2016-01-07,"01","2016",0,29.16,"-14.725 145.425"
"1243178","2016-01-07T12:00:00Z",-14.775,145.475,"0.0",0,"29.01","0.65",0,2016-01-07,"01","2016",0,29.01,"-14.775 145.475"
"1243668","2016-01-07T12:00:00Z",-15.075,145.675,"0.0",0,"28.68","0.39",0,2016-01-07,"01","2016",0,28.68,"-15.075 145.675"
"1276278","2016-01-14T12:00:00Z",-13.875,144.025,"0.0",0,"28.73","0.01",0,2016-01-14,"01","2016",0,28.73,"-13.875 144.025"
"1276360","2016-01-14T12:00:00Z",-13.925,144.075,"0.0",0,"28.77","0.05",0,2016-01-14,"01","2016",0,28.77,"-13.925 144.075"
"1276362","2016-01-14T12:00:00Z",-13.925,144.175,"0.15",0,"28.79","0.18",0,2016-01-14,"01","2016",0.15,28.79,"-13.925 144.175"
"1276363","2016-01-14T12:00:00Z",-13.925,144.225,"0.15",0,"28.830000000000002","0.26",0,2016-01-14,"01","2016",0.15,28.83,"-13.925 144.225"
"1276448","2016-01-14T12:00:00Z",-13.975,144.425,"0.0",0,"29.02","0.49",0,2016-01-14,"01","2016",0,29.02,"-13.975 144.425"
"1276529","2016-01-14T12:00:00Z",-14.025,144.425,"0.15",0,"29.01","0.42",0,2016-01-14,"01","2016",0.15,29.01,"-14.025 144.425"
"1277602","2016-01-14T12:00:00Z",-14.675,145.425,"0.0",0,"28.79","0.3",0,2016-01-14,"01","2016",0,28.79,"-14.675 145.425"
"1277606","2016-01-14T12:00:00Z",-14.675,145.625,"0.0",0,"28.96","0.56",0,2016-01-14,"01","2016",0,28.96,"-14.675 145.625"
"1277683","2016-01-14T12:00:00Z",-14.725,145.425,"0.0",0,"28.77","0.26",0,2016-01-14,"01","2016",0,28.77,"-14.725 145.425"
"1277765","2016-01-14T12:00:00Z",-14.775,145.475,"0.0",0,"28.740000000000002","0.25",0,2016-01-14,"01","2016",0,28.74,"-14.775 145.475"
"1278255","2016-01-14T12:00:00Z",-15.075,145.675,"0.0",0,"28.89","0.46",0,2016-01-14,"01","2016",0,28.89,"-15.075 145.675"
"1310865","2016-01-21T12:00:00Z",-13.875,144.025,"0.0",0,"29.29","0.58",0,2016-01-21,"01","2016",0,29.29,"-13.875 144.025"
"1310947","2016-01-21T12:00:00Z",-13.925,144.075,"0.0",0,"29.21","0.5",0,2016-01-21,"01","2016",0,29.21,"-13.925 144.075"
"1310949","2016-01-21T12:00:00Z",-13.925,144.175,"0.15",0,"29.060000000000002","0.45",0,2016-01-21,"01","2016",0.15,29.06,"-13.925 144.175"
"1310950","2016-01-21T12:00:00Z",-13.925,144.225,"0.15",0,"29.02","0.44",0,2016-01-21,"01","2016",0.15,29.02,"-13.925 144.225"
"1311035","2016-01-21T12:00:00Z",-13.975,144.425,"0.0",0,"28.95","0.39",0,2016-01-21,"01","2016",0,28.95,"-13.975 144.425"
"1311116","2016-01-21T12:00:00Z",-14.025,144.425,"0.15",0,"28.96","0.35000000000000003",0,2016-01-21,"01","2016",0.15,28.96,"-14.025 144.425"
"1312189","2016-01-21T12:00:00Z",-14.675,145.425,"0.0",0,"28.990000000000002","0.46",0,2016-01-21,"01","2016",0,28.99,"-14.675 145.425"
"1312193","2016-01-21T12:00:00Z",-14.675,145.625,"0.0",0,"29.05","0.6",0,2016-01-21,"01","2016",0,29.05,"-14.675 145.625"
"1312270","2016-01-21T12:00:00Z",-14.725,145.425,"0.0",0,"28.98","0.44",0,2016-01-21,"01","2016",0,28.98,"-14.725 145.425"
"1312352","2016-01-21T12:00:00Z",-14.775,145.475,"0.0",0,"28.93","0.41000000000000003",0,2016-01-21,"01","2016",0,28.93,"-14.775 145.475"
"1312842","2016-01-21T12:00:00Z",-15.075,145.675,"0.0",0,"28.93","0.45",0,2016-01-21,"01","2016",0,28.93,"-15.075 145.675"
"1345452","2016-01-28T12:00:00Z",-13.875,144.025,"0.0",0,"29.3","0.62",0,2016-01-28,"01","2016",0,29.3,"-13.875 144.025"
"1345534","2016-01-28T12:00:00Z",-13.925,144.075,"0.0",0,"29.32","0.63",0,2016-01-28,"01","2016",0,29.32,"-13.925 144.075"
"1345536","2016-01-28T12:00:00Z",-13.925,144.175,"0.15",0,"29.32","0.72",0,2016-01-28,"01","2016",0.15,29.32,"-13.925 144.175"
"1345537","2016-01-28T12:00:00Z",-13.925,144.225,"0.15",0,"29.32","0.75",0,2016-01-28,"01","2016",0.15,29.32,"-13.925 144.225"
"1345622","2016-01-28T12:00:00Z",-13.975,144.425,"0.16",0,"29.400000000000002","0.84",0,2016-01-28,"01","2016",0.16,29.4,"-13.975 144.425"
"1345703","2016-01-28T12:00:00Z",-14.025,144.425,"0.3",0,"29.44","0.8300000000000001",0,2016-01-28,"01","2016",0.3,29.44,"-14.025 144.425"
"1346776","2016-01-28T12:00:00Z",-14.675,145.425,"0.3",0,"29.64","1.1",0,2016-01-28,"01","2016",0.3,29.64,"-14.675 145.425"
"1346780","2016-01-28T12:00:00Z",-14.675,145.625,"0.48",0,"29.62","1.1400000000000001",0,2016-01-28,"01","2016",0.48,29.62,"-14.675 145.625"
"1346857","2016-01-28T12:00:00Z",-14.725,145.425,"0.31",0,"29.67","1.11",0,2016-01-28,"01","2016",0.31,29.67,"-14.725 145.425"
"1346939","2016-01-28T12:00:00Z",-14.775,145.475,"0.31",0,"29.650000000000002","1.11",0,2016-01-28,"01","2016",0.31,29.65,"-14.775 145.475"
"1347429","2016-01-28T12:00:00Z",-15.075,145.675,"0.15",0,"29.490000000000002","0.98",0,2016-01-28,"01","2016",0.15,29.49,"-15.075 145.675"
"1380039","2016-02-04T12:00:00Z",-13.875,144.025,"0.72",0,"29.07","0.41000000000000003",0,2016-02-04,"02","2016",0.72,29.07,"-13.875 144.025"
"1380121","2016-02-04T12:00:00Z",-13.925,144.075,"0.73",0,"28.990000000000002","0.32",0,2016-02-04,"02","2016",0.73,28.99,"-13.925 144.075"
"1380123","2016-02-04T12:00:00Z",-13.925,144.175,"0.93",0,"28.87","0.28",0,2016-02-04,"02","2016",0.93,28.87,"-13.925 144.175"
"1380124","2016-02-04T12:00:00Z",-13.925,144.225,"0.9400000000000001",0,"28.86","0.29",0,2016-02-04,"02","2016",0.94,28.86,"-13.925 144.225"
"1380209","2016-02-04T12:00:00Z",-13.975,144.425,"0.76",0,"29.02","0.45",0,2016-02-04,"02","2016",0.76,29.02,"-13.975 144.425"
"1380290","2016-02-04T12:00:00Z",-14.025,144.425,"0.89",0,"29.1","0.48",0,2016-02-04,"02","2016",0.89,29.1,"-14.025 144.425"
"1381363","2016-02-04T12:00:00Z",-14.675,145.425,"1.05",0,"29.2","0.64",0,2016-02-04,"02","2016",1.05,29.2,"-14.675 145.425"
"1381367","2016-02-04T12:00:00Z",-14.675,145.625,"1.47",0,"29.28","0.77",0,2016-02-04,"02","2016",1.47,29.28,"-14.675 145.625"
"1381444","2016-02-04T12:00:00Z",-14.725,145.425,"1.06",0,"29.18","0.61",0,2016-02-04,"02","2016",1.06,29.18,"-14.725 145.425"
"1381526","2016-02-04T12:00:00Z",-14.775,145.475,"1.08",0,"29.18","0.62",0,2016-02-04,"02","2016",1.08,29.18,"-14.775 145.475"
"1382016","2016-02-04T12:00:00Z",-15.075,145.675,"0.74",0,"29.23","0.68",0,2016-02-04,"02","2016",0.74,29.23,"-15.075 145.675"
"1414626","2016-02-11T12:00:00Z",-13.875,144.025,"1.03",0,"29.13","0.5",0,2016-02-11,"02","2016",1.03,29.13,"-13.875 144.025"
"1414708","2016-02-11T12:00:00Z",-13.925,144.075,"1.06",0,"29.13","0.49",0,2016-02-11,"02","2016",1.06,29.13,"-13.925 144.075"
"1414710","2016-02-11T12:00:00Z",-13.925,144.175,"1.28",0,"29.04","0.45",0,2016-02-11,"02","2016",1.28,29.04,"-13.925 144.175"
"1414711","2016-02-11T12:00:00Z",-13.925,144.225,"1.29",0,"29.02","0.46",0,2016-02-11,"02","2016",1.29,29.02,"-13.925 144.225"
"1414796","2016-02-11T12:00:00Z",-13.975,144.425,"1.08",0,"29.05","0.47000000000000003",0,2016-02-11,"02","2016",1.08,29.05,"-13.975 144.425"
"1414877","2016-02-11T12:00:00Z",-14.025,144.425,"1.26",0,"29.1","0.48",0,2016-02-11,"02","2016",1.26,29.1,"-14.025 144.425"
"1415950","2016-02-11T12:00:00Z",-14.675,145.425,"1.24",0,"29.34","0.76",0,2016-02-11,"02","2016",1.24,29.34,"-14.675 145.425"
"1415954","2016-02-11T12:00:00Z",-14.675,145.625,"2.14",0,"29.63","1.09",0,2016-02-11,"02","2016",2.14,29.63,"-14.675 145.625"
"1416031","2016-02-11T12:00:00Z",-14.725,145.425,"1.25",0,"29.310000000000002","0.73",0,2016-02-11,"02","2016",1.25,29.31,"-14.725 145.425"
"1416113","2016-02-11T12:00:00Z",-14.775,145.475,"1.26",0,"29.310000000000002","0.74",0,2016-02-11,"02","2016",1.26,29.31,"-14.775 145.475"
"1416603","2016-02-11T12:00:00Z",-15.075,145.675,"1.07",0,"29.39","0.81",0,2016-02-11,"02","2016",1.07,29.39,"-15.075 145.675"
"1449213","2016-02-18T12:00:00Z",-13.875,144.025,"1.56",0,"29.62","1.04",0,2016-02-18,"02","2016",1.56,29.62,"-13.875 144.025"
"1449295","2016-02-18T12:00:00Z",-13.925,144.075,"1.45",0,"29.7","1.11",0,2016-02-18,"02","2016",1.45,29.7,"-13.925 144.075"
"1449297","2016-02-18T12:00:00Z",-13.925,144.175,"1.68",0,"29.490000000000002","0.9500000000000001",0,2016-02-18,"02","2016",1.68,29.49,"-13.925 144.175"
"1449298","2016-02-18T12:00:00Z",-13.925,144.225,"1.83",0,"29.36","0.84",0,2016-02-18,"02","2016",1.83,29.36,"-13.925 144.225"
"1449383","2016-02-18T12:00:00Z",-13.975,144.425,"1.78",0,"29.1","0.5700000000000001",0,2016-02-18,"02","2016",1.78,29.1,"-13.975 144.425"
"1449464","2016-02-18T12:00:00Z",-14.025,144.425,"1.81",0,"29.28","0.71",0,2016-02-18,"02","2016",1.81,29.28,"-14.025 144.425"
"1450537","2016-02-18T12:00:00Z",-14.675,145.425,"2.06",0,"30.21","1.67",0,2016-02-18,"02","2016",2.06,30.21,"-14.675 145.425"
"1450541","2016-02-18T12:00:00Z",-14.675,145.625,"3.22",0,"30.26","1.74",0,2016-02-18,"02","2016",3.22,30.26,"-14.675 145.625"
"1450618","2016-02-18T12:00:00Z",-14.725,145.425,"2.08",0,"30.26","1.72",0,2016-02-18,"02","2016",2.08,30.26,"-14.725 145.425"
"1450700","2016-02-18T12:00:00Z",-14.775,145.475,"1.94",0,"30.23","1.7",0,2016-02-18,"02","2016",1.94,30.23,"-14.775 145.475"
"1451190","2016-02-18T12:00:00Z",-15.075,145.675,"2.09",0,"30.19","1.6400000000000001",0,2016-02-18,"02","2016",2.09,30.19,"-15.075 145.675"
"1483800","2016-02-25T12:00:00Z",-13.875,144.025,"2.49",0,"29.240000000000002","0.74",0,2016-02-25,"02","2016",2.49,29.24,"-13.875 144.025"
"1483882","2016-02-25T12:00:00Z",-13.925,144.075,"2.59",0,"29.26","0.76",0,2016-02-25,"02","2016",2.59,29.26,"-13.925 144.075"
"1483884","2016-02-25T12:00:00Z",-13.925,144.175,"2.8000000000000003",0,"29.18","0.73",0,2016-02-25,"02","2016",2.8,29.18,"-13.925 144.175"
"1483885","2016-02-25T12:00:00Z",-13.925,144.225,"2.79",0,"29.240000000000002","0.8200000000000001",0,2016-02-25,"02","2016",2.79,29.24,"-13.925 144.225"
"1483970","2016-02-25T12:00:00Z",-13.975,144.425,"2.5",0,"29.560000000000002","1.1400000000000001",0,2016-02-25,"02","2016",2.5,29.56,"-13.975 144.425"
"1484051","2016-02-25T12:00:00Z",-14.025,144.425,"2.5500000000000003",0,"29.55","1.09",0,2016-02-25,"02","2016",2.55,29.55,"-14.025 144.425"
"1485124","2016-02-25T12:00:00Z",-14.675,145.425,"3.5300000000000002",0,"29.73","1.3",0,2016-02-25,"02","2016",3.53,29.73,"-14.675 145.425"
"1485128","2016-02-25T12:00:00Z",-14.675,145.625,"4.87",0,"29.96","1.53",0,2016-02-25,"02","2016",4.87,29.96,"-14.675 145.625"
"1485205","2016-02-25T12:00:00Z",-14.725,145.425,"3.58",0,"29.72","1.29",0,2016-02-25,"02","2016",3.58,29.72,"-14.725 145.425"
"1485287","2016-02-25T12:00:00Z",-14.775,145.475,"3.43",0,"29.67","1.25",0,2016-02-25,"02","2016",3.43,29.67,"-14.775 145.475"
"1485777","2016-02-25T12:00:00Z",-15.075,145.675,"3.5300000000000002",0,"29.87","1.44",0,2016-02-25,"02","2016",3.53,29.87,"-15.075 145.675"
"1518387","2016-03-03T12:00:00Z",-13.875,144.025,"3.85",0,"30.42","2.0100000000000002",0,2016-03-03,"03","2016",3.85,30.42,"-13.875 144.025"
"1518469","2016-03-03T12:00:00Z",-13.925,144.075,"3.96",0,"30.39","1.98",0,2016-03-03,"03","2016",3.96,30.39,"-13.925 144.075"
"1518471","2016-03-03T12:00:00Z",-13.925,144.175,"4.29",0,"30.37","2.02",0,2016-03-03,"03","2016",4.29,30.37,"-13.925 144.175"
"1518472","2016-03-03T12:00:00Z",-13.925,144.225,"4.33",0,"30.36","2.0300000000000002",0,2016-03-03,"03","2016",4.33,30.36,"-13.925 144.225"
"1518557","2016-03-03T12:00:00Z",-13.975,144.425,"4.0",0,"30.18","1.86",0,2016-03-03,"03","2016",4,30.18,"-13.975 144.425"
"1518638","2016-03-03T12:00:00Z",-14.025,144.425,"3.99",0,"30.17","1.82",0,2016-03-03,"03","2016",3.99,30.17,"-14.025 144.425"
"1519711","2016-03-03T12:00:00Z",-14.675,145.425,"5.29",0,"30.29","1.98",0,2016-03-03,"03","2016",5.29,30.29,"-14.675 145.425"
"1519715","2016-03-03T12:00:00Z",-14.675,145.625,"6.86",0,"30.310000000000002","1.98",0,2016-03-03,"03","2016",6.86,30.31,"-14.675 145.625"
"1519792","2016-03-03T12:00:00Z",-14.725,145.425,"5.32",0,"30.27","1.96",0,2016-03-03,"03","2016",5.32,30.27,"-14.725 145.425"
"1519874","2016-03-03T12:00:00Z",-14.775,145.475,"5.2",0,"30.29","1.98",0,2016-03-03,"03","2016",5.2,30.29,"-14.775 145.475"
"1520364","2016-03-03T12:00:00Z",-15.075,145.675,"5.36",0,"30.28","1.96",0,2016-03-03,"03","2016",5.36,30.28,"-15.075 145.675"
"1552974","2016-03-10T12:00:00Z",-13.875,144.025,"5.14",0,"29.93","1.6",0,2016-03-10,"03","2016",5.14,29.93,"-13.875 144.025"
"1553056","2016-03-10T12:00:00Z",-13.925,144.075,"5.23",0,"29.91","1.59",0,2016-03-10,"03","2016",5.23,29.91,"-13.925 144.075"
"1553058","2016-03-10T12:00:00Z",-13.925,144.175,"5.61",0,"29.830000000000002","1.57",0,2016-03-10,"03","2016",5.61,29.83,"-13.925 144.175"
"1553059","2016-03-10T12:00:00Z",-13.925,144.225,"5.8",0,"29.79","1.56",0,2016-03-10,"03","2016",5.8,29.79,"-13.925 144.225"
"1553144","2016-03-10T12:00:00Z",-13.975,144.425,"5.25",0,"29.650000000000002","1.44",0,2016-03-10,"03","2016",5.25,29.65,"-13.975 144.425"
"1553225","2016-03-10T12:00:00Z",-14.025,144.425,"5.21",0,"29.650000000000002","1.41",0,2016-03-10,"03","2016",5.21,29.65,"-14.025 144.425"
"1554298","2016-03-10T12:00:00Z",-14.675,145.425,"6.5200000000000005",0,"29.68","1.48",0,2016-03-10,"03","2016",6.52,29.68,"-14.675 145.425"
"1554302","2016-03-10T12:00:00Z",-14.675,145.625,"8.17",0,"29.95","1.71",0,2016-03-10,"03","2016",8.17,29.95,"-14.675 145.625"
"1554379","2016-03-10T12:00:00Z",-14.725,145.425,"6.38",0,"29.64","1.44",0,2016-03-10,"03","2016",6.38,29.64,"-14.725 145.425"
"1554461","2016-03-10T12:00:00Z",-14.775,145.475,"6.4",0,"29.68","1.48",0,2016-03-10,"03","2016",6.4,29.68,"-14.775 145.475"
"1554951","2016-03-10T12:00:00Z",-15.075,145.675,"6.58",0,"29.900000000000002","1.7",0,2016-03-10,"03","2016",6.58,29.9,"-15.075 145.675"
"1587561","2016-03-17T12:00:00Z",-13.875,144.025,"5.65",0,"29.72","1.51",0,2016-03-17,"03","2016",5.65,29.72,"-13.875 144.025"
"1587643","2016-03-17T12:00:00Z",-13.925,144.075,"5.59",0,"29.67","1.47",0,2016-03-17,"03","2016",5.59,29.67,"-13.925 144.075"
"1587645","2016-03-17T12:00:00Z",-13.925,144.175,"6.28",0,"29.64","1.51",0,2016-03-17,"03","2016",6.28,29.64,"-13.925 144.175"
"1587646","2016-03-17T12:00:00Z",-13.925,144.225,"6.49",0,"29.64","1.54",0,2016-03-17,"03","2016",6.49,29.64,"-13.925 144.225"
"1587731","2016-03-17T12:00:00Z",-13.975,144.425,"5.92",0,"29.64","1.56",0,2016-03-17,"03","2016",5.92,29.64,"-13.975 144.425"
"1587812","2016-03-17T12:00:00Z",-14.025,144.425,"5.8500000000000005",0,"29.62","1.52",0,2016-03-17,"03","2016",5.85,29.62,"-14.025 144.425"
"1588885","2016-03-17T12:00:00Z",-14.675,145.425,"7.23",0,"29.84","1.78",0,2016-03-17,"03","2016",7.23,29.84,"-14.675 145.425"
"1588889","2016-03-17T12:00:00Z",-14.675,145.625,"9.46",0,"29.97","1.86",0,2016-03-17,"03","2016",9.46,29.97,"-14.675 145.625"
"1588966","2016-03-17T12:00:00Z",-14.725,145.425,"7.0600000000000005",0,"29.810000000000002","1.75",0,2016-03-17,"03","2016",7.06,29.81,"-14.725 145.425"
"1589048","2016-03-17T12:00:00Z",-14.775,145.475,"7.11",0,"29.830000000000002","1.77",0,2016-03-17,"03","2016",7.11,29.83,"-14.775 145.475"
"1589538","2016-03-17T12:00:00Z",-15.075,145.675,"7.29",0,"29.79","1.73",0,2016-03-17,"03","2016",7.29,29.79,"-15.075 145.675"
"1622148","2016-03-24T12:00:00Z",-13.875,144.025,"6.26",0,"30.02","2.0300000000000002",0,2016-03-24,"03","2016",6.26,30.02,"-13.875 144.025"
"1622230","2016-03-24T12:00:00Z",-13.925,144.075,"6.22",0,"29.98","2.0",0,2016-03-24,"03","2016",6.22,29.98,"-13.925 144.075"
"1622232","2016-03-24T12:00:00Z",-13.925,144.175,"6.91",0,"29.89","1.97",0,2016-03-24,"03","2016",6.91,29.89,"-13.925 144.175"
"1622233","2016-03-24T12:00:00Z",-13.925,144.225,"7.11",0,"29.89","1.99",0,2016-03-24,"03","2016",7.11,29.89,"-13.925 144.225"
"1622318","2016-03-24T12:00:00Z",-13.975,144.425,"6.83",0,"29.92","2.0300000000000002",0,2016-03-24,"03","2016",6.83,29.92,"-13.975 144.425"
"1622399","2016-03-24T12:00:00Z",-14.025,144.425,"6.75",0,"29.94","2.04",0,2016-03-24,"03","2016",6.75,29.94,"-14.025 144.425"
"1623472","2016-03-24T12:00:00Z",-14.675,145.425,"7.8",0,"29.86","2.0300000000000002",0,2016-03-24,"03","2016",7.8,29.86,"-14.675 145.425"
"1623476","2016-03-24T12:00:00Z",-14.675,145.625,"10.21",0,"29.86","1.96",0,2016-03-24,"03","2016",10.21,29.86,"-14.675 145.625"
"1623553","2016-03-24T12:00:00Z",-14.725,145.425,"7.640000000000001",0,"29.87","2.04",0,2016-03-24,"03","2016",7.64,29.87,"-14.725 145.425"
"1623635","2016-03-24T12:00:00Z",-14.775,145.475,"7.7",0,"29.88","2.05",0,2016-03-24,"03","2016",7.7,29.88,"-14.775 145.475"
"1624125","2016-03-24T12:00:00Z",-15.075,145.675,"7.8100000000000005",0,"29.71","1.86",0,2016-03-24,"03","2016",7.81,29.71,"-15.075 145.675"
"1656735","2016-03-31T12:00:00Z",-13.875,144.025,"6.57",0,"29.66","1.9000000000000001",0,2016-03-31,"03","2016",6.57,29.66,"-13.875 144.025"
"1656817","2016-03-31T12:00:00Z",-13.925,144.075,"6.53",0,"29.650000000000002","1.9000000000000001",0,2016-03-31,"03","2016",6.53,29.65,"-13.925 144.075"
"1656819","2016-03-31T12:00:00Z",-13.925,144.175,"7.24",0,"29.580000000000002","1.8800000000000001",0,2016-03-31,"03","2016",7.24,29.58,"-13.925 144.175"
"1656820","2016-03-31T12:00:00Z",-13.925,144.225,"7.7700000000000005",0,"29.57","1.8800000000000001",0,2016-03-31,"03","2016",7.77,29.57,"-13.925 144.225"
"1656905","2016-03-31T12:00:00Z",-13.975,144.425,"7.71",0,"29.55","1.85",0,2016-03-31,"03","2016",7.71,29.55,"-13.975 144.425"
"1656986","2016-03-31T12:00:00Z",-14.025,144.425,"7.44",0,"29.52","1.81",0,2016-03-31,"03","2016",7.44,29.52,"-14.025 144.425"
"1658059","2016-03-31T12:00:00Z",-14.675,145.425,"8.63",0,"29.46","1.85",0,2016-03-31,"03","2016",8.63,29.46,"-14.675 145.425"
"1658063","2016-03-31T12:00:00Z",-14.675,145.625,"11.25",0,"29.400000000000002","1.72",0,2016-03-31,"03","2016",11.25,29.4,"-14.675 145.625"
"1658140","2016-03-31T12:00:00Z",-14.725,145.425,"8.45",0,"29.43","1.83",0,2016-03-31,"03","2016",8.45,29.43,"-14.725 145.425"
"1658222","2016-03-31T12:00:00Z",-14.775,145.475,"8.36",0,"29.44","1.83",0,2016-03-31,"03","2016",8.36,29.44,"-14.775 145.475"
"1658712","2016-03-31T12:00:00Z",-15.075,145.675,"8.61",0,"29.57","1.92",0,2016-03-31,"03","2016",8.61,29.57,"-15.075 145.675"
"1691322","2016-04-07T12:00:00Z",-13.875,144.025,"6.57",0,"28.82","1.28",0,2016-04-07,"04","2016",6.57,28.82,"-13.875 144.025"
"1691404","2016-04-07T12:00:00Z",-13.925,144.075,"6.53",0,"28.810000000000002","1.28",0,2016-04-07,"04","2016",6.53,28.81,"-13.925 144.075"
"1691406","2016-04-07T12:00:00Z",-13.925,144.175,"7.24",0,"28.75","1.26",0,2016-04-07,"04","2016",7.24,28.75,"-13.925 144.175"
"1691407","2016-04-07T12:00:00Z",-13.925,144.225,"7.7700000000000005",0,"28.75","1.27",0,2016-04-07,"04","2016",7.77,28.75,"-13.925 144.225"
"1691492","2016-04-07T12:00:00Z",-13.975,144.425,"7.71",0,"28.77","1.26",0,2016-04-07,"04","2016",7.71,28.77,"-13.975 144.425"
"1691573","2016-04-07T12:00:00Z",-14.025,144.425,"7.44",0,"28.75","1.24",0,2016-04-07,"04","2016",7.44,28.75,"-14.025 144.425"
"1692646","2016-04-07T12:00:00Z",-14.675,145.425,"8.63",0,"28.63","1.24",0,2016-04-07,"04","2016",8.63,28.63,"-14.675 145.425"
"1692650","2016-04-07T12:00:00Z",-14.675,145.625,"11.25",0,"28.71","1.24",0,2016-04-07,"04","2016",11.25,28.71,"-14.675 145.625"
"1692727","2016-04-07T12:00:00Z",-14.725,145.425,"8.45",0,"28.61","1.23",0,2016-04-07,"04","2016",8.45,28.61,"-14.725 145.425"
"1692809","2016-04-07T12:00:00Z",-14.775,145.475,"8.36",0,"28.67","1.28",0,2016-04-07,"04","2016",8.36,28.67,"-14.775 145.475"
"1693299","2016-04-07T12:00:00Z",-15.075,145.675,"8.61",0,"28.94","1.5",0,2016-04-07,"04","2016",8.61,28.94,"-15.075 145.675"
"1725909","2016-04-14T12:00:00Z",-13.875,144.025,"6.57",0,"28.64","1.32",0,2016-04-14,"04","2016",6.57,28.64,"-13.875 144.025"
"1725991","2016-04-14T12:00:00Z",-13.925,144.075,"6.53",0,"28.6","1.29",0,2016-04-14,"04","2016",6.53,28.6,"-13.925 144.075"
"1725993","2016-04-14T12:00:00Z",-13.925,144.175,"7.24",0,"28.53","1.25",0,2016-04-14,"04","2016",7.24,28.53,"-13.925 144.175"
"1725994","2016-04-14T12:00:00Z",-13.925,144.225,"7.7700000000000005",0,"28.52","1.24",0,2016-04-14,"04","2016",7.77,28.52,"-13.925 144.225"
"1726079","2016-04-14T12:00:00Z",-13.975,144.425,"7.71",0,"28.46","1.1300000000000001",0,2016-04-14,"04","2016",7.71,28.46,"-13.975 144.425"
"1726160","2016-04-14T12:00:00Z",-14.025,144.425,"7.44",0,"28.44","1.1300000000000001",0,2016-04-14,"04","2016",7.44,28.44,"-14.025 144.425"
"1727233","2016-04-14T12:00:00Z",-14.675,145.425,"8.63",0,"28.39","1.23",0,2016-04-14,"04","2016",8.63,28.39,"-14.675 145.425"
"1727237","2016-04-14T12:00:00Z",-14.675,145.625,"11.25",0,"28.55","1.29",0,2016-04-14,"04","2016",11.25,28.55,"-14.675 145.625"
"1727314","2016-04-14T12:00:00Z",-14.725,145.425,"8.45",0,"28.38","1.23",0,2016-04-14,"04","2016",8.45,28.38,"-14.725 145.425"
"1727396","2016-04-14T12:00:00Z",-14.775,145.475,"8.36",0,"28.44","1.28",0,2016-04-14,"04","2016",8.36,28.44,"-14.775 145.475"
"1727886","2016-04-14T12:00:00Z",-15.075,145.675,"8.61",0,"28.51","1.28",0,2016-04-14,"04","2016",8.61,28.51,"-15.075 145.675"
"1760496","2016-04-21T12:00:00Z",-13.875,144.025,"6.57",0,"28.03","0.99",0,2016-04-21,"04","2016",6.57,28.03,"-13.875 144.025"
"1760578","2016-04-21T12:00:00Z",-13.925,144.075,"6.53",0,"28.02","0.99",0,2016-04-21,"04","2016",6.53,28.02,"-13.925 144.075"
"1760580","2016-04-21T12:00:00Z",-13.925,144.175,"7.24",0,"27.98","0.98",0,2016-04-21,"04","2016",7.24,27.98,"-13.925 144.175"
"1760581","2016-04-21T12:00:00Z",-13.925,144.225,"7.7700000000000005",0,"27.97","0.97",0,2016-04-21,"04","2016",7.77,27.97,"-13.925 144.225"
"1760666","2016-04-21T12:00:00Z",-13.975,144.425,"7.55",0,"27.990000000000002","0.9400000000000001",0,2016-04-21,"04","2016",7.55,27.99,"-13.975 144.425"
"1760747","2016-04-21T12:00:00Z",-14.025,144.425,"7.29",0,"27.94","0.92",0,2016-04-21,"04","2016",7.29,27.94,"-14.025 144.425"
"1761820","2016-04-21T12:00:00Z",-14.675,145.425,"8.33",0,"28.23","1.35",0,2016-04-21,"04","2016",8.33,28.23,"-14.675 145.425"
"1761824","2016-04-21T12:00:00Z",-14.675,145.625,"10.77",0,"28.38","1.3800000000000001",0,2016-04-21,"04","2016",10.77,28.38,"-14.675 145.625"
"1761901","2016-04-21T12:00:00Z",-14.725,145.425,"8.14",0,"28.23","1.37",0,2016-04-21,"04","2016",8.14,28.23,"-14.725 145.425"
"1761983","2016-04-21T12:00:00Z",-14.775,145.475,"8.05",0,"28.26","1.3900000000000001",0,2016-04-21,"04","2016",8.05,28.26,"-14.775 145.475"
"1762473","2016-04-21T12:00:00Z",-15.075,145.675,"8.46",0,"28.22","1.25",0,2016-04-21,"04","2016",8.46,28.22,"-15.075 145.675"
"1795083","2016-04-28T12:00:00Z",-13.875,144.025,"5.8500000000000005",0,"27.96","1.21",0,2016-04-28,"04","2016",5.85,27.96,"-13.875 144.025"
"1795165","2016-04-28T12:00:00Z",-13.925,144.075,"5.8",0,"27.94","1.2",0,2016-04-28,"04","2016",5.8,27.94,"-13.925 144.075"
"1795167","2016-04-28T12:00:00Z",-13.925,144.175,"6.47",0,"27.93","1.22",0,2016-04-28,"04","2016",6.47,27.93,"-13.925 144.175"
"1795168","2016-04-28T12:00:00Z",-13.925,144.225,"6.98",0,"27.93","1.21",0,2016-04-28,"04","2016",6.98,27.93,"-13.925 144.225"
"1795253","2016-04-28T12:00:00Z",-13.975,144.425,"6.96",0,"27.88","1.1300000000000001",0,2016-04-28,"04","2016",6.96,27.88,"-13.975 144.425"
"1795334","2016-04-28T12:00:00Z",-14.025,144.425,"6.7",0,"27.79","1.06",0,2016-04-28,"04","2016",6.7,27.79,"-14.025 144.425"
"1796407","2016-04-28T12:00:00Z",-14.675,145.425,"7.57",0,"27.63","1.05",0,2016-04-28,"04","2016",7.57,27.63,"-14.675 145.425"
"1796411","2016-04-28T12:00:00Z",-14.675,145.625,"9.78",0,"27.84","1.1",0,2016-04-28,"04","2016",9.78,27.84,"-14.675 145.625"
"1796488","2016-04-28T12:00:00Z",-14.725,145.425,"7.38",0,"27.6","1.04",0,2016-04-28,"04","2016",7.38,27.6,"-14.725 145.425"
"1796570","2016-04-28T12:00:00Z",-14.775,145.475,"7.28",0,"27.63","1.05",0,2016-04-28,"04","2016",7.28,27.63,"-14.775 145.475"
"1797060","2016-04-28T12:00:00Z",-15.075,145.675,"7.87",0,"27.95","1.24",0,2016-04-28,"04","2016",7.87,27.95,"-15.075 145.675"
"1829670","2016-05-05T12:00:00Z",-13.875,144.025,"5.54",0,"27.77","1.31",0,2016-05-05,"05","2016",5.54,27.77,"-13.875 144.025"
"1829752","2016-05-05T12:00:00Z",-13.925,144.075,"5.46",0,"27.77","1.32",0,2016-05-05,"05","2016",5.46,27.77,"-13.925 144.075"
"1829754","2016-05-05T12:00:00Z",-13.925,144.175,"6.12",0,"27.78","1.36",0,2016-05-05,"05","2016",6.12,27.78,"-13.925 144.175"
"1829755","2016-05-05T12:00:00Z",-13.925,144.225,"6.640000000000001",0,"27.84","1.41",0,2016-05-05,"05","2016",6.64,27.84,"-13.925 144.225"
"1829840","2016-05-05T12:00:00Z",-13.975,144.425,"6.63",0,"27.97","1.51",0,2016-05-05,"05","2016",6.63,27.97,"-13.975 144.425"
"1829921","2016-05-05T12:00:00Z",-14.025,144.425,"6.33",0,"27.88","1.45",0,2016-05-05,"05","2016",6.33,27.88,"-14.025 144.425"
"1830994","2016-05-05T12:00:00Z",-14.675,145.425,"7.390000000000001",0,"28.05","1.77",0,2016-05-05,"05","2016",7.39,28.05,"-14.675 145.425"
"1830998","2016-05-05T12:00:00Z",-14.675,145.625,"9.11",0,"28.37","1.9000000000000001",0,2016-05-05,"05","2016",9.11,28.37,"-14.675 145.625"
"1831075","2016-05-05T12:00:00Z",-14.725,145.425,"7.2",0,"28.0","1.75",0,2016-05-05,"05","2016",7.2,28,"-14.725 145.425"
"1831157","2016-05-05T12:00:00Z",-14.775,145.475,"7.09",0,"28.03","1.75",0,2016-05-05,"05","2016",7.09,28.03,"-14.775 145.475"
"1831647","2016-05-05T12:00:00Z",-15.075,145.675,"7.54",0,"28.1","1.6500000000000001",0,2016-05-05,"05","2016",7.54,28.1,"-15.075 145.675"
"1864257","2016-05-12T12:00:00Z",-13.875,144.025,"5.01",0,"27.61","1.44",0,2016-05-12,"05","2016",5.01,27.61,"-13.875 144.025"
"1864339","2016-05-12T12:00:00Z",-13.925,144.075,"5.07",0,"27.560000000000002","1.4000000000000001",0,2016-05-12,"05","2016",5.07,27.56,"-13.925 144.075"
"1864341","2016-05-12T12:00:00Z",-13.925,144.175,"5.72",0,"27.59","1.46",0,2016-05-12,"05","2016",5.72,27.59,"-13.925 144.175"
"1864342","2016-05-12T12:00:00Z",-13.925,144.225,"6.1000000000000005",0,"27.63","1.49",0,2016-05-12,"05","2016",6.1,27.63,"-13.925 144.225"
"1864427","2016-05-12T12:00:00Z",-13.975,144.425,"5.93",0,"27.84","1.67",0,2016-05-12,"05","2016",5.93,27.84,"-13.975 144.425"
"1864508","2016-05-12T12:00:00Z",-14.025,144.425,"5.78",0,"27.78","1.6500000000000001",0,2016-05-12,"05","2016",5.78,27.78,"-14.025 144.425"
"1865581","2016-05-12T12:00:00Z",-14.675,145.425,"6.57",0,"27.66","1.67",0,2016-05-12,"05","2016",6.57,27.66,"-14.675 145.425"
"1865585","2016-05-12T12:00:00Z",-14.675,145.625,"8.03",0,"28.07","1.87",0,2016-05-12,"05","2016",8.03,28.07,"-14.675 145.625"
"1865662","2016-05-12T12:00:00Z",-14.725,145.425,"6.36",0,"27.55","1.6",0,2016-05-12,"05","2016",6.36,27.55,"-14.725 145.425"
"1865744","2016-05-12T12:00:00Z",-14.775,145.475,"6.42",0,"27.55","1.57",0,2016-05-12,"05","2016",6.42,27.55,"-14.775 145.475"
"1866234","2016-05-12T12:00:00Z",-15.075,145.675,"6.5200000000000005",0,"27.900000000000002","1.72",0,2016-05-12,"05","2016",6.52,27.9,"-15.075 145.675"
"1898844","2016-05-19T12:00:00Z",-13.875,144.025,"4.08",0,"27.23","1.37",0,2016-05-19,"05","2016",4.08,27.23,"-13.875 144.025"
"1898926","2016-05-19T12:00:00Z",-13.925,144.075,"3.94",0,"27.22","1.37",0,2016-05-19,"05","2016",3.94,27.22,"-13.925 144.075"
"1898928","2016-05-19T12:00:00Z",-13.925,144.175,"4.59",0,"27.28","1.46",0,2016-05-19,"05","2016",4.59,27.28,"-13.925 144.175"
"1898929","2016-05-19T12:00:00Z",-13.925,144.225,"5.14",0,"27.310000000000002","1.47",0,2016-05-19,"05","2016",5.14,27.31,"-13.925 144.225"
"1899014","2016-05-19T12:00:00Z",-13.975,144.425,"5.21",0,"27.38","1.51",0,2016-05-19,"05","2016",5.21,27.38,"-13.975 144.425"
"1899095","2016-05-19T12:00:00Z",-14.025,144.425,"5.04",0,"27.32","1.51",0,2016-05-19,"05","2016",5.04,27.32,"-14.025 144.425"
"1900168","2016-05-19T12:00:00Z",-14.675,145.425,"5.09",0,"27.400000000000002","1.72",0,2016-05-19,"05","2016",5.09,27.4,"-14.675 145.425"
"1900172","2016-05-19T12:00:00Z",-14.675,145.625,"6.38",0,"27.66","1.72",0,2016-05-19,"05","2016",6.38,27.66,"-14.675 145.625"
"1900249","2016-05-19T12:00:00Z",-14.725,145.425,"4.87",0,"27.34","1.7",0,2016-05-19,"05","2016",4.87,27.34,"-14.725 145.425"
"1900331","2016-05-19T12:00:00Z",-14.775,145.475,"4.93",0,"27.37","1.7",0,2016-05-19,"05","2016",4.93,27.37,"-14.775 145.475"
"1900821","2016-05-19T12:00:00Z",-15.075,145.675,"5.09",0,"27.490000000000002","1.59",0,2016-05-19,"05","2016",5.09,27.49,"-15.075 145.675"
"1933431","2016-05-26T12:00:00Z",-13.875,144.025,"2.72",0,"27.03","1.5",0,2016-05-26,"05","2016",2.72,27.03,"-13.875 144.025"
"1933513","2016-05-26T12:00:00Z",-13.925,144.075,"2.57",0,"26.98","1.47",0,2016-05-26,"05","2016",2.57,26.98,"-13.925 144.075"
"1933515","2016-05-26T12:00:00Z",-13.925,144.175,"3.11",0,"26.96","1.46",0,2016-05-26,"05","2016",3.11,26.96,"-13.925 144.175"
"1933516","2016-05-26T12:00:00Z",-13.925,144.225,"3.6",0,"26.95","1.43",0,2016-05-26,"05","2016",3.6,26.95,"-13.925 144.225"
"1933601","2016-05-26T12:00:00Z",-13.975,144.425,"3.71",0,"26.900000000000002","1.34",0,2016-05-26,"05","2016",3.71,26.9,"-13.975 144.425"
"1933682","2016-05-26T12:00:00Z",-14.025,144.425,"3.6",0,"26.84","1.35",0,2016-05-26,"05","2016",3.6,26.84,"-14.025 144.425"
"1934755","2016-05-26T12:00:00Z",-14.675,145.425,"3.34",0,"27.02","1.6600000000000001",0,2016-05-26,"05","2016",3.34,27.02,"-14.675 145.425"
"1934759","2016-05-26T12:00:00Z",-14.675,145.625,"4.39",0,"27.310000000000002","1.6400000000000001",0,2016-05-26,"05","2016",4.39,27.31,"-14.675 145.625"
"1934836","2016-05-26T12:00:00Z",-14.725,145.425,"3.13",0,"26.95","1.6300000000000001",0,2016-05-26,"05","2016",3.13,26.95,"-14.725 145.425"
"1934918","2016-05-26T12:00:00Z",-14.775,145.475,"3.16",0,"26.98","1.62",0,2016-05-26,"05","2016",3.16,26.98,"-14.775 145.475"
"1935408","2016-05-26T12:00:00Z",-15.075,145.675,"3.25",0,"26.95","1.35",0,2016-05-26,"05","2016",3.25,26.95,"-15.075 145.675"
"1968018","2016-06-02T12:00:00Z",-13.875,144.025,"1.43",0,"26.73","1.53",0,2016-06-02,"06","2016",1.43,26.73,"-13.875 144.025"
"1968100","2016-06-02T12:00:00Z",-13.925,144.075,"1.29",0,"26.7","1.52",0,2016-06-02,"06","2016",1.29,26.7,"-13.925 144.075"
"1968102","2016-06-02T12:00:00Z",-13.925,144.175,"1.79",0,"26.7","1.53",0,2016-06-02,"06","2016",1.79,26.7,"-13.925 144.175"
"1968103","2016-06-02T12:00:00Z",-13.925,144.225,"2.12",0,"26.740000000000002","1.54",0,2016-06-02,"06","2016",2.12,26.74,"-13.925 144.225"
"1968188","2016-06-02T12:00:00Z",-13.975,144.425,"2.46",0,"26.91","1.6500000000000001",0,2016-06-02,"06","2016",2.46,26.91,"-13.975 144.425"
"1968269","2016-06-02T12:00:00Z",-14.025,144.425,"2.38",0,"26.830000000000002","1.67",0,2016-06-02,"06","2016",2.38,26.83,"-14.025 144.425"
"1969342","2016-06-02T12:00:00Z",-14.675,145.425,"2.1",0,"26.85","1.81",0,2016-06-02,"06","2016",2.1,26.85,"-14.675 145.425"
"1969346","2016-06-02T12:00:00Z",-14.675,145.625,"3.08",0,"27.16","1.76",0,2016-06-02,"06","2016",3.08,27.16,"-14.675 145.625"
"1969423","2016-06-02T12:00:00Z",-14.725,145.425,"2.07",0,"26.79","1.79",0,2016-06-02,"06","2016",2.07,26.79,"-14.725 145.425"
"1969505","2016-06-02T12:00:00Z",-14.775,145.475,"1.96",0,"26.810000000000002","1.76",0,2016-06-02,"06","2016",1.96,26.81,"-14.775 145.475"
"1969995","2016-06-02T12:00:00Z",-15.075,145.675,"2.0300000000000002",0,"27.0","1.7",0,2016-06-02,"06","2016",2.03,27,"-15.075 145.675"
"2002605","2016-06-09T12:00:00Z",-13.875,144.025,"0.92",0,"26.76","1.8900000000000001",0,2016-06-09,"06","2016",0.92,26.76,"-13.875 144.025"
"2002687","2016-06-09T12:00:00Z",-13.925,144.075,"0.93",0,"26.7","1.85",0,2016-06-09,"06","2016",0.93,26.7,"-13.925 144.075"
"2002689","2016-06-09T12:00:00Z",-13.925,144.175,"1.12",0,"26.73","1.8800000000000001",0,2016-06-09,"06","2016",1.12,26.73,"-13.925 144.175"
"2002690","2016-06-09T12:00:00Z",-13.925,144.225,"1.43",0,"26.79","1.92",0,2016-06-09,"06","2016",1.43,26.79,"-13.925 144.225"
"2002775","2016-06-09T12:00:00Z",-13.975,144.425,"1.79",0,"26.900000000000002","1.95",0,2016-06-09,"06","2016",1.79,26.9,"-13.975 144.425"
"2002856","2016-06-09T12:00:00Z",-14.025,144.425,"1.74",0,"26.86","2.0300000000000002",0,2016-06-09,"06","2016",1.74,26.86,"-14.025 144.425"
"2003929","2016-06-09T12:00:00Z",-14.675,145.425,"1.4000000000000001",0,"27.09","2.37",0,2016-06-09,"06","2016",1.4,27.09,"-14.675 145.425"
"2003933","2016-06-09T12:00:00Z",-14.675,145.625,"1.78",0,"27.39","2.25",0,2016-06-09,"06","2016",1.78,27.39,"-14.675 145.625"
"2004010","2016-06-09T12:00:00Z",-14.725,145.425,"1.3800000000000001",0,"27.04","2.36",0,2016-06-09,"06","2016",1.38,27.04,"-14.725 145.425"
"2004092","2016-06-09T12:00:00Z",-14.775,145.475,"1.25",0,"27.1","2.35",0,2016-06-09,"06","2016",1.25,27.1,"-14.775 145.475"
"2004582","2016-06-09T12:00:00Z",-15.075,145.675,"1.32",0,"27.18","2.17",0,2016-06-09,"06","2016",1.32,27.18,"-15.075 145.675"
"2037192","2016-06-16T12:00:00Z",-13.875,144.025,"0.3",0,"26.150000000000002","1.59",0,2016-06-16,"06","2016",0.3,26.15,"-13.875 144.025"
"2037274","2016-06-16T12:00:00Z",-13.925,144.075,"0.3",0,"26.14","1.61",0,2016-06-16,"06","2016",0.3,26.14,"-13.925 144.075"
"2037276","2016-06-16T12:00:00Z",-13.925,144.175,"0.49",0,"26.21","1.6600000000000001",0,2016-06-16,"06","2016",0.49,26.21,"-13.925 144.175"
"2037277","2016-06-16T12:00:00Z",-13.925,144.225,"0.81",0,"26.310000000000002","1.73",0,2016-06-16,"06","2016",0.81,26.31,"-13.925 144.225"
"2037362","2016-06-16T12:00:00Z",-13.975,144.425,"0.88",0,"26.59","1.92",0,2016-06-16,"06","2016",0.88,26.59,"-13.975 144.425"
"2037443","2016-06-16T12:00:00Z",-14.025,144.425,"0.84",0,"26.42","1.8900000000000001",0,2016-06-16,"06","2016",0.84,26.42,"-14.025 144.425"
"2038516","2016-06-16T12:00:00Z",-14.675,145.425,"0.8300000000000001",0,"26.38","1.95",0,2016-06-16,"06","2016",0.83,26.38,"-14.675 145.425"
"2038520","2016-06-16T12:00:00Z",-14.675,145.625,"1.03",0,"26.77","1.8800000000000001",0,2016-06-16,"06","2016",1.03,26.77,"-14.675 145.625"
"2038597","2016-06-16T12:00:00Z",-14.725,145.425,"0.81",0,"26.32","1.93",0,2016-06-16,"06","2016",0.81,26.32,"-14.725 145.425"
"2038679","2016-06-16T12:00:00Z",-14.775,145.475,"0.66",0,"26.38","1.92",0,2016-06-16,"06","2016",0.66,26.38,"-14.775 145.475"
"2039169","2016-06-16T12:00:00Z",-15.075,145.675,"0.8",0,"26.73","2.0",0,2016-06-16,"06","2016",0.8,26.73,"-15.075 145.675"
"2071779","2016-06-23T12:00:00Z",-13.875,144.025,"0.0",0,"26.03","1.6500000000000001",0,2016-06-23,"06","2016",0,26.03,"-13.875 144.025"
"2071861","2016-06-23T12:00:00Z",-13.925,144.075,"0.0",0,"26.05","1.7",0,2016-06-23,"06","2016",0,26.05,"-13.925 144.075"
"2071863","2016-06-23T12:00:00Z",-13.925,144.175,"0.0",0,"26.12","1.74",0,2016-06-23,"06","2016",0,26.12,"-13.925 144.175"
"2071864","2016-06-23T12:00:00Z",-13.925,144.225,"0.0",0,"26.17","1.75",0,2016-06-23,"06","2016",0,26.17,"-13.925 144.225"
"2071949","2016-06-23T12:00:00Z",-13.975,144.425,"0.0",0,"26.23","1.7",0,2016-06-23,"06","2016",0,26.23,"-13.975 144.425"
"2072030","2016-06-23T12:00:00Z",-14.025,144.425,"0.0",0,"26.11","1.73",0,2016-06-23,"06","2016",0,26.11,"-14.025 144.425"
"2073103","2016-06-23T12:00:00Z",-14.675,145.425,"0.0",0,"26.13","1.87",0,2016-06-23,"06","2016",0,26.13,"-14.675 145.425"
"2073107","2016-06-23T12:00:00Z",-14.675,145.625,"0.0",0,"26.37","1.6300000000000001",0,2016-06-23,"06","2016",0,26.37,"-14.675 145.625"
"2073184","2016-06-23T12:00:00Z",-14.725,145.425,"0.0",0,"26.080000000000002","1.86",0,2016-06-23,"06","2016",0,26.08,"-14.725 145.425"
"2073266","2016-06-23T12:00:00Z",-14.775,145.475,"0.0",0,"26.11","1.82",0,2016-06-23,"06","2016",0,26.11,"-14.775 145.475"
"2073756","2016-06-23T12:00:00Z",-15.075,145.675,"0.0",0,"26.17","1.57",0,2016-06-23,"06","2016",0,26.17,"-15.075 145.675"
"2106366","2016-06-30T12:00:00Z",-13.875,144.025,"0.0",0,"26.09","1.9000000000000001",0,2016-06-30,"06","2016",0,26.09,"-13.875 144.025"
"2106448","2016-06-30T12:00:00Z",-13.925,144.075,"0.0",0,"26.07","1.9000000000000001",0,2016-06-30,"06","2016",0,26.07,"-13.925 144.075"
"2106450","2016-06-30T12:00:00Z",-13.925,144.175,"0.0",0,"26.13","1.92",0,2016-06-30,"06","2016",0,26.13,"-13.925 144.175"
"2106451","2016-06-30T12:00:00Z",-13.925,144.225,"0.0",0,"26.21","1.95",0,2016-06-30,"06","2016",0,26.21,"-13.925 144.225"
"2106536","2016-06-30T12:00:00Z",-13.975,144.425,"0.0",0,"26.35","1.96",0,2016-06-30,"06","2016",0,26.35,"-13.975 144.425"
"2106617","2016-06-30T12:00:00Z",-14.025,144.425,"0.0",0,"26.27","2.0300000000000002",0,2016-06-30,"06","2016",0,26.27,"-14.025 144.425"
"2107690","2016-06-30T12:00:00Z",-14.675,145.425,"0.0",0,"26.3","2.2",0,2016-06-30,"06","2016",0,26.3,"-14.675 145.425"
"2107694","2016-06-30T12:00:00Z",-14.675,145.625,"0.0",0,"26.66","2.08",0,2016-06-30,"06","2016",0,26.66,"-14.675 145.625"
"2107771","2016-06-30T12:00:00Z",-14.725,145.425,"0.0",0,"26.25","2.19",0,2016-06-30,"06","2016",0,26.25,"-14.725 145.425"
"2107853","2016-06-30T12:00:00Z",-14.775,145.475,"0.0",0,"26.32","2.2",0,2016-06-30,"06","2016",0,26.32,"-14.775 145.475"
"2108343","2016-06-30T12:00:00Z",-15.075,145.675,"0.0",0,"26.62","2.15",0,2016-06-30,"06","2016",0,26.62,"-15.075 145.675"
"2140953","2016-07-07T12:00:00Z",-13.875,144.025,"0.0",0,"25.76","1.75",0,2016-07-07,"07","2016",0,25.76,"-13.875 144.025"
"2141035","2016-07-07T12:00:00Z",-13.925,144.075,"0.0",0,"25.72","1.73",0,2016-07-07,"07","2016",0,25.72,"-13.925 144.075"
"2141037","2016-07-07T12:00:00Z",-13.925,144.175,"0.0",0,"25.77","1.73",0,2016-07-07,"07","2016",0,25.77,"-13.925 144.175"
"2141038","2016-07-07T12:00:00Z",-13.925,144.225,"0.0",0,"25.85","1.75",0,2016-07-07,"07","2016",0,25.85,"-13.925 144.225"
"2141123","2016-07-07T12:00:00Z",-13.975,144.425,"0.0",0,"26.09","1.84",0,2016-07-07,"07","2016",0,26.09,"-13.975 144.425"
"2141204","2016-07-07T12:00:00Z",-14.025,144.425,"0.0",0,"25.95","1.85",0,2016-07-07,"07","2016",0,25.95,"-14.025 144.425"
"2142277","2016-07-07T12:00:00Z",-14.675,145.425,"0.0",0,"25.95","2.0100000000000002",0,2016-07-07,"07","2016",0,25.95,"-14.675 145.425"
"2142281","2016-07-07T12:00:00Z",-14.675,145.625,"0.0",0,"26.34","1.9100000000000001",0,2016-07-07,"07","2016",0,26.34,"-14.675 145.625"
"2142358","2016-07-07T12:00:00Z",-14.725,145.425,"0.0",0,"25.89","2.0",0,2016-07-07,"07","2016",0,25.89,"-14.725 145.425"
"2142440","2016-07-07T12:00:00Z",-14.775,145.475,"0.0",0,"25.98","2.02",0,2016-07-07,"07","2016",0,25.98,"-14.775 145.475"
"2142930","2016-07-07T12:00:00Z",-15.075,145.675,"0.0",0,"26.34","2.0100000000000002",0,2016-07-07,"07","2016",0,26.34,"-15.075 145.675"
"2175540","2016-07-14T12:00:00Z",-13.875,144.025,"0.0",0,"25.21","1.3800000000000001",0,2016-07-14,"07","2016",0,25.21,"-13.875 144.025"
"2175622","2016-07-14T12:00:00Z",-13.925,144.075,"0.0",0,"25.2","1.3900000000000001",0,2016-07-14,"07","2016",0,25.2,"-13.925 144.075"
"2175624","2016-07-14T12:00:00Z",-13.925,144.175,"0.0",0,"25.35","1.48",0,2016-07-14,"07","2016",0,25.35,"-13.925 144.175"
"2175625","2016-07-14T12:00:00Z",-13.925,144.225,"0.0",0,"25.44","1.5",0,2016-07-14,"07","2016",0,25.44,"-13.925 144.225"
"2175710","2016-07-14T12:00:00Z",-13.975,144.425,"0.0",0,"25.52","1.41",0,2016-07-14,"07","2016",0,25.52,"-13.975 144.425"
"2175791","2016-07-14T12:00:00Z",-14.025,144.425,"0.0",0,"25.38","1.43",0,2016-07-14,"07","2016",0,25.38,"-14.025 144.425"
"2176864","2016-07-14T12:00:00Z",-14.675,145.425,"0.0",0,"25.43","1.6600000000000001",0,2016-07-14,"07","2016",0,25.43,"-14.675 145.425"
"2176868","2016-07-14T12:00:00Z",-14.675,145.625,"0.0",0,"25.93","1.6500000000000001",0,2016-07-14,"07","2016",0,25.93,"-14.675 145.625"
"2176945","2016-07-14T12:00:00Z",-14.725,145.425,"0.0",0,"25.330000000000002","1.61",0,2016-07-14,"07","2016",0,25.33,"-14.725 145.425"
"2177027","2016-07-14T12:00:00Z",-14.775,145.475,"0.0",0,"25.400000000000002","1.61",0,2016-07-14,"07","2016",0,25.4,"-14.775 145.475"
"2177517","2016-07-14T12:00:00Z",-15.075,145.675,"0.0",0,"25.8","1.6",0,2016-07-14,"07","2016",0,25.8,"-15.075 145.675"
"2210127","2016-07-21T12:00:00Z",-13.875,144.025,"0.0",0,"25.740000000000002","1.95",0,2016-07-21,"07","2016",0,25.74,"-13.875 144.025"
"2210209","2016-07-21T12:00:00Z",-13.925,144.075,"0.0",0,"25.67","1.9000000000000001",0,2016-07-21,"07","2016",0,25.67,"-13.925 144.075"
"2210211","2016-07-21T12:00:00Z",-13.925,144.175,"0.0",0,"25.78","1.94",0,2016-07-21,"07","2016",0,25.78,"-13.925 144.175"
"2210212","2016-07-21T12:00:00Z",-13.925,144.225,"0.0",0,"25.900000000000002","1.99",0,2016-07-21,"07","2016",0,25.9,"-13.925 144.225"
"2210297","2016-07-21T12:00:00Z",-13.975,144.425,"0.0",0,"26.150000000000002","2.08",0,2016-07-21,"07","2016",0,26.15,"-13.975 144.425"
"2210378","2016-07-21T12:00:00Z",-14.025,144.425,"0.0",0,"25.990000000000002","2.07",0,2016-07-21,"07","2016",0,25.99,"-14.025 144.425"
"2211451","2016-07-21T12:00:00Z",-14.675,145.425,"0.0",0,"25.92","2.17",0,2016-07-21,"07","2016",0,25.92,"-14.675 145.425"
"2211455","2016-07-21T12:00:00Z",-14.675,145.625,"0.0",0,"26.29","2.06",0,2016-07-21,"07","2016",0,26.29,"-14.675 145.625"
"2211532","2016-07-21T12:00:00Z",-14.725,145.425,"0.0",0,"25.84","2.14",0,2016-07-21,"07","2016",0,25.84,"-14.725 145.425"
"2211614","2016-07-21T12:00:00Z",-14.775,145.475,"0.0",0,"25.900000000000002","2.14",0,2016-07-21,"07","2016",0,25.9,"-14.775 145.475"
"2212104","2016-07-21T12:00:00Z",-15.075,145.675,"0.0",0,"26.23","2.09",0,2016-07-21,"07","2016",0,26.23,"-15.075 145.675"
"2244714","2016-07-28T12:00:00Z",-13.875,144.025,"0.0",0,"25.39","1.62",0,2016-07-28,"07","2016",0,25.39,"-13.875 144.025"
"2244796","2016-07-28T12:00:00Z",-13.925,144.075,"0.0",0,"25.36","1.61",0,2016-07-28,"07","2016",0,25.36,"-13.925 144.075"
"2244798","2016-07-28T12:00:00Z",-13.925,144.175,"0.0",0,"25.5","1.68",0,2016-07-28,"07","2016",0,25.5,"-13.925 144.175"
"2244799","2016-07-28T12:00:00Z",-13.925,144.225,"0.0",0,"25.560000000000002","1.67",0,2016-07-28,"07","2016",0,25.56,"-13.925 144.225"
"2244884","2016-07-28T12:00:00Z",-13.975,144.425,"0.0",0,"25.57","1.52",0,2016-07-28,"07","2016",0,25.57,"-13.975 144.425"
"2244965","2016-07-28T12:00:00Z",-14.025,144.425,"0.0",0,"25.45","1.55",0,2016-07-28,"07","2016",0,25.45,"-14.025 144.425"
"2246038","2016-07-28T12:00:00Z",-14.675,145.425,"0.0",0,"25.740000000000002","2.0",0,2016-07-28,"07","2016",0,25.74,"-14.675 145.425"
"2246042","2016-07-28T12:00:00Z",-14.675,145.625,"0.0",0,"26.05","1.86",0,2016-07-28,"07","2016",0,26.05,"-14.675 145.625"
"2246119","2016-07-28T12:00:00Z",-14.725,145.425,"0.0",0,"25.650000000000002","1.96",0,2016-07-28,"07","2016",0,25.65,"-14.725 145.425"
"2246201","2016-07-28T12:00:00Z",-14.775,145.475,"0.0",0,"25.68","1.93",0,2016-07-28,"07","2016",0,25.68,"-14.775 145.475"
"2246691","2016-07-28T12:00:00Z",-15.075,145.675,"0.0",0,"25.98","1.8800000000000001",0,2016-07-28,"07","2016",0,25.98,"-15.075 145.675"
"2279301","2016-08-04T12:00:00Z",-13.875,144.025,"0.0",0,"25.29","1.53",0,2016-08-04,"08","2016",0,25.29,"-13.875 144.025"
"2279383","2016-08-04T12:00:00Z",-13.925,144.075,"0.0",0,"25.25","1.52",0,2016-08-04,"08","2016",0,25.25,"-13.925 144.075"
"2279385","2016-08-04T12:00:00Z",-13.925,144.175,"0.0",0,"25.36","1.55",0,2016-08-04,"08","2016",0,25.36,"-13.925 144.175"
"2279386","2016-08-04T12:00:00Z",-13.925,144.225,"0.0",0,"25.45","1.58",0,2016-08-04,"08","2016",0,25.45,"-13.925 144.225"
"2279471","2016-08-04T12:00:00Z",-13.975,144.425,"0.0",0,"25.61","1.58",0,2016-08-04,"08","2016",0,25.61,"-13.975 144.425"
"2279552","2016-08-04T12:00:00Z",-14.025,144.425,"0.0",0,"25.44","1.56",0,2016-08-04,"08","2016",0,25.44,"-14.025 144.425"
"2280625","2016-08-04T12:00:00Z",-14.675,145.425,"0.0",0,"25.42","1.68",0,2016-08-04,"08","2016",0,25.42,"-14.675 145.425"
"2280629","2016-08-04T12:00:00Z",-14.675,145.625,"0.0",0,"25.75","1.6",0,2016-08-04,"08","2016",0,25.75,"-14.675 145.625"
"2280706","2016-08-04T12:00:00Z",-14.725,145.425,"0.0",0,"25.35","1.6600000000000001",0,2016-08-04,"08","2016",0,25.35,"-14.725 145.425"
"2280788","2016-08-04T12:00:00Z",-14.775,145.475,"0.0",0,"25.42","1.68",0,2016-08-04,"08","2016",0,25.42,"-14.775 145.475"
"2281278","2016-08-04T12:00:00Z",-15.075,145.675,"0.0",0,"25.66","1.6",0,2016-08-04,"08","2016",0,25.66,"-15.075 145.675"
"2313888","2016-08-11T12:00:00Z",-13.875,144.025,"0.0",0,"24.7","0.9500000000000001",0,2016-08-11,"08","2016",0,24.7,"-13.875 144.025"
"2313970","2016-08-11T12:00:00Z",-13.925,144.075,"0.0",0,"24.650000000000002","0.93",0,2016-08-11,"08","2016",0,24.65,"-13.925 144.075"
"2313972","2016-08-11T12:00:00Z",-13.925,144.175,"0.0",0,"24.79","0.99",0,2016-08-11,"08","2016",0,24.79,"-13.925 144.175"
"2313973","2016-08-11T12:00:00Z",-13.925,144.225,"0.0",0,"24.91","1.05",0,2016-08-11,"08","2016",0,24.91,"-13.925 144.225"
"2314058","2016-08-11T12:00:00Z",-13.975,144.425,"0.0",0,"25.19","1.18",0,2016-08-11,"08","2016",0,25.19,"-13.975 144.425"
"2314139","2016-08-11T12:00:00Z",-14.025,144.425,"0.0",0,"24.990000000000002","1.12",0,2016-08-11,"08","2016",0,24.99,"-14.025 144.425"
"2315212","2016-08-11T12:00:00Z",-14.675,145.425,"0.0",0,"24.85","1.12",0,2016-08-11,"08","2016",0,24.85,"-14.675 145.425"
"2315216","2016-08-11T12:00:00Z",-14.675,145.625,"0.0",0,"25.330000000000002","1.22",0,2016-08-11,"08","2016",0,25.33,"-14.675 145.625"
"2315293","2016-08-11T12:00:00Z",-14.725,145.425,"0.0",0,"24.79","1.11",0,2016-08-11,"08","2016",0,24.79,"-14.725 145.425"
"2315375","2016-08-11T12:00:00Z",-14.775,145.475,"0.0",0,"24.900000000000002","1.17",0,2016-08-11,"08","2016",0,24.9,"-14.775 145.475"
"2315865","2016-08-11T12:00:00Z",-15.075,145.675,"0.0",0,"25.28","1.27",0,2016-08-11,"08","2016",0,25.28,"-15.075 145.675"
"2348475","2016-08-18T12:00:00Z",-13.875,144.025,"0.0",0,"24.18","0.36",0,2016-08-18,"08","2016",0,24.18,"-13.875 144.025"
"2348557","2016-08-18T12:00:00Z",-13.925,144.075,"0.0",0,"24.150000000000002","0.36",0,2016-08-18,"08","2016",0,24.15,"-13.925 144.075"
"2348559","2016-08-18T12:00:00Z",-13.925,144.175,"0.0",0,"24.330000000000002","0.47000000000000003",0,2016-08-18,"08","2016",0,24.33,"-13.925 144.175"
"2348560","2016-08-18T12:00:00Z",-13.925,144.225,"0.0",0,"24.43","0.52",0,2016-08-18,"08","2016",0,24.43,"-13.925 144.225"
"2348645","2016-08-18T12:00:00Z",-13.975,144.425,"0.0",0,"24.57","0.51",0,2016-08-18,"08","2016",0,24.57,"-13.975 144.425"
"2348726","2016-08-18T12:00:00Z",-14.025,144.425,"0.0",0,"24.41","0.48",0,2016-08-18,"08","2016",0,24.41,"-14.025 144.425"
"2349799","2016-08-18T12:00:00Z",-14.675,145.425,"0.0",0,"24.47","0.67",0,2016-08-18,"08","2016",0,24.47,"-14.675 145.425"
"2349803","2016-08-18T12:00:00Z",-14.675,145.625,"0.0",0,"25.22","1.08",0,2016-08-18,"08","2016",0,25.22,"-14.675 145.625"
"2349880","2016-08-18T12:00:00Z",-14.725,145.425,"0.0",0,"24.39","0.64",0,2016-08-18,"08","2016",0,24.39,"-14.725 145.425"
"2349962","2016-08-18T12:00:00Z",-14.775,145.475,"0.0",0,"24.5","0.71",0,2016-08-18,"08","2016",0,24.5,"-14.775 145.475"
"2350452","2016-08-18T12:00:00Z",-15.075,145.675,"0.0",0,"24.94","0.89",0,2016-08-18,"08","2016",0,24.94,"-15.075 145.675"
"2383062","2016-08-25T12:00:00Z",-13.875,144.025,"0.0",0,"25.3","1.31",0,2016-08-25,"08","2016",0,25.3,"-13.875 144.025"
"2383144","2016-08-25T12:00:00Z",-13.925,144.075,"0.0",0,"25.25","1.29",0,2016-08-25,"08","2016",0,25.25,"-13.925 144.075"
"2383146","2016-08-25T12:00:00Z",-13.925,144.175,"0.0",0,"25.330000000000002","1.31",0,2016-08-25,"08","2016",0,25.33,"-13.925 144.175"
"2383147","2016-08-25T12:00:00Z",-13.925,144.225,"0.0",0,"25.38","1.31",0,2016-08-25,"08","2016",0,25.38,"-13.925 144.225"
"2383232","2016-08-25T12:00:00Z",-13.975,144.425,"0.0",0,"25.41","1.21",0,2016-08-25,"08","2016",0,25.41,"-13.975 144.425"
"2383313","2016-08-25T12:00:00Z",-14.025,144.425,"0.0",0,"25.29","1.2",0,2016-08-25,"08","2016",0,25.29,"-14.025 144.425"
"2384386","2016-08-25T12:00:00Z",-14.675,145.425,"0.0",0,"24.990000000000002","1.02",0,2016-08-25,"08","2016",0,24.99,"-14.675 145.425"
"2384390","2016-08-25T12:00:00Z",-14.675,145.625,"0.0",0,"25.44","1.17",0,2016-08-25,"08","2016",0,25.44,"-14.675 145.625"
"2384467","2016-08-25T12:00:00Z",-14.725,145.425,"0.0",0,"24.89","0.96",0,2016-08-25,"08","2016",0,24.89,"-14.725 145.425"
"2384549","2016-08-25T12:00:00Z",-14.775,145.475,"0.0",0,"24.94","0.98",0,2016-08-25,"08","2016",0,24.94,"-14.775 145.475"
"2385039","2016-08-25T12:00:00Z",-15.075,145.675,"0.0",0,"25.12","0.9400000000000001",0,2016-08-25,"08","2016",0,25.12,"-15.075 145.675"
"2417649","2016-09-01T12:00:00Z",-13.875,144.025,"0.0",0,"24.87","0.7000000000000001",0,2016-09-01,"09","2016",0,24.87,"-13.875 144.025"
"2417731","2016-09-01T12:00:00Z",-13.925,144.075,"0.0",0,"24.810000000000002","0.67",0,2016-09-01,"09","2016",0,24.81,"-13.925 144.075"
"2417733","2016-09-01T12:00:00Z",-13.925,144.175,"0.0",0,"24.89","0.71",0,2016-09-01,"09","2016",0,24.89,"-13.925 144.175"
"2417734","2016-09-01T12:00:00Z",-13.925,144.225,"0.0",0,"24.96","0.74",0,2016-09-01,"09","2016",0,24.96,"-13.925 144.225"
"2417819","2016-09-01T12:00:00Z",-13.975,144.425,"0.0",0,"25.12","0.78",0,2016-09-01,"09","2016",0,25.12,"-13.975 144.425"
"2417900","2016-09-01T12:00:00Z",-14.025,144.425,"0.0",0,"24.98","0.73",0,2016-09-01,"09","2016",0,24.98,"-14.025 144.425"
"2418973","2016-09-01T12:00:00Z",-14.675,145.425,"0.0",0,"25.12","0.98",0,2016-09-01,"09","2016",0,25.12,"-14.675 145.425"
"2418977","2016-09-01T12:00:00Z",-14.675,145.625,"0.0",0,"25.61","1.22",0,2016-09-01,"09","2016",0,25.61,"-14.675 145.625"
"2419054","2016-09-01T12:00:00Z",-14.725,145.425,"0.0",0,"25.01","0.91",0,2016-09-01,"09","2016",0,25.01,"-14.725 145.425"
"2419136","2016-09-01T12:00:00Z",-14.775,145.475,"0.0",0,"25.060000000000002","0.9400000000000001",0,2016-09-01,"09","2016",0,25.06,"-14.775 145.475"
"2419626","2016-09-01T12:00:00Z",-15.075,145.675,"0.0",0,"25.41","1.1",0,2016-09-01,"09","2016",0,25.41,"-15.075 145.675"
"2452236","2016-09-08T12:00:00Z",-13.875,144.025,"0.0",0,"25.28","0.9400000000000001",0,2016-09-08,"09","2016",0,25.28,"-13.875 144.025"
"2452318","2016-09-08T12:00:00Z",-13.925,144.075,"0.0",0,"25.240000000000002","0.92",0,2016-09-08,"09","2016",0,25.24,"-13.925 144.075"
"2452320","2016-09-08T12:00:00Z",-13.925,144.175,"0.0",0,"25.32","0.98",0,2016-09-08,"09","2016",0,25.32,"-13.925 144.175"
"2452321","2016-09-08T12:00:00Z",-13.925,144.225,"0.0",0,"25.36","0.99",0,2016-09-08,"09","2016",0,25.36,"-13.925 144.225"
"2452406","2016-09-08T12:00:00Z",-13.975,144.425,"0.0",0,"25.45","0.97",0,2016-09-08,"09","2016",0,25.45,"-13.975 144.425"
"2452487","2016-09-08T12:00:00Z",-14.025,144.425,"0.0",0,"25.38","0.96",0,2016-09-08,"09","2016",0,25.38,"-14.025 144.425"
"2453560","2016-09-08T12:00:00Z",-14.675,145.425,"0.0",0,"25.28","0.97",0,2016-09-08,"09","2016",0,25.28,"-14.675 145.425"
"2453564","2016-09-08T12:00:00Z",-14.675,145.625,"0.0",0,"25.57","1.05",0,2016-09-08,"09","2016",0,25.57,"-14.675 145.625"
"2453641","2016-09-08T12:00:00Z",-14.725,145.425,"0.0",0,"25.21","0.9400000000000001",0,2016-09-08,"09","2016",0,25.21,"-14.725 145.425"
"2453723","2016-09-08T12:00:00Z",-14.775,145.475,"0.0",0,"25.240000000000002","0.9500000000000001",0,2016-09-08,"09","2016",0,25.24,"-14.775 145.475"
"2454213","2016-09-08T12:00:00Z",-15.075,145.675,"0.0",0,"25.44","1.0",0,2016-09-08,"09","2016",0,25.44,"-15.075 145.675"
"2486823","2016-09-15T12:00:00Z",-13.875,144.025,"0.0",0,"26.3","1.78",0,2016-09-15,"09","2016",0,26.3,"-13.875 144.025"
"2486905","2016-09-15T12:00:00Z",-13.925,144.075,"0.0",0,"26.3","1.8",0,2016-09-15,"09","2016",0,26.3,"-13.925 144.075"
"2486907","2016-09-15T12:00:00Z",-13.925,144.175,"0.0",0,"26.3","1.8",0,2016-09-15,"09","2016",0,26.3,"-13.925 144.175"
"2486908","2016-09-15T12:00:00Z",-13.925,144.225,"0.0",0,"26.3","1.78",0,2016-09-15,"09","2016",0,26.3,"-13.925 144.225"
"2486993","2016-09-15T12:00:00Z",-13.975,144.425,"0.0",0,"26.310000000000002","1.69",0,2016-09-15,"09","2016",0,26.31,"-13.975 144.425"
"2487074","2016-09-15T12:00:00Z",-14.025,144.425,"0.0",0,"26.3","1.72",0,2016-09-15,"09","2016",0,26.3,"-14.025 144.425"
"2488147","2016-09-15T12:00:00Z",-14.675,145.425,"0.0",0,"25.97","1.49",0,2016-09-15,"09","2016",0,25.97,"-14.675 145.425"
"2488151","2016-09-15T12:00:00Z",-14.675,145.625,"0.0",0,"26.27","1.6300000000000001",0,2016-09-15,"09","2016",0,26.27,"-14.675 145.625"
"2488228","2016-09-15T12:00:00Z",-14.725,145.425,"0.0",0,"25.88","1.44",0,2016-09-15,"09","2016",0,25.88,"-14.725 145.425"
"2488310","2016-09-15T12:00:00Z",-14.775,145.475,"0.0",0,"25.89","1.44",0,2016-09-15,"09","2016",0,25.89,"-14.775 145.475"
"2488800","2016-09-15T12:00:00Z",-15.075,145.675,"0.0",0,"26.07","1.5",0,2016-09-15,"09","2016",0,26.07,"-15.075 145.675"
"2521410","2016-09-22T12:00:00Z",-13.875,144.025,"0.0",0,"26.34","1.52",0,2016-09-22,"09","2016",0,26.34,"-13.875 144.025"
"2521492","2016-09-22T12:00:00Z",-13.925,144.075,"0.0",0,"26.32","1.52",0,2016-09-22,"09","2016",0,26.32,"-13.925 144.075"
"2521494","2016-09-22T12:00:00Z",-13.925,144.175,"0.0",0,"26.34","1.56",0,2016-09-22,"09","2016",0,26.34,"-13.925 144.175"
"2521495","2016-09-22T12:00:00Z",-13.925,144.225,"0.0",0,"26.39","1.59",0,2016-09-22,"09","2016",0,26.39,"-13.925 144.225"
"2521580","2016-09-22T12:00:00Z",-13.975,144.425,"0.0",0,"26.560000000000002","1.68",0,2016-09-22,"09","2016",0,26.56,"-13.975 144.425"
"2521661","2016-09-22T12:00:00Z",-14.025,144.425,"0.0",0,"26.53","1.67",0,2016-09-22,"09","2016",0,26.53,"-14.025 144.425"
"2522734","2016-09-22T12:00:00Z",-14.675,145.425,"0.0",0,"26.23","1.47",0,2016-09-22,"09","2016",0,26.23,"-14.675 145.425"
"2522738","2016-09-22T12:00:00Z",-14.675,145.625,"0.0",0,"26.22","1.34",0,2016-09-22,"09","2016",0,26.22,"-14.675 145.625"
"2522815","2016-09-22T12:00:00Z",-14.725,145.425,"0.0",0,"26.18","1.45",0,2016-09-22,"09","2016",0,26.18,"-14.725 145.425"
"2522897","2016-09-22T12:00:00Z",-14.775,145.475,"0.0",0,"26.17","1.43",0,2016-09-22,"09","2016",0,26.17,"-14.775 145.475"
"2523387","2016-09-22T12:00:00Z",-15.075,145.675,"0.0",0,"26.38","1.55",0,2016-09-22,"09","2016",0,26.38,"-15.075 145.675"
"2555997","2016-09-29T12:00:00Z",-13.875,144.025,"0.0",0,"26.95","1.84",0,2016-09-29,"09","2016",0,26.95,"-13.875 144.025"
"2556079","2016-09-29T12:00:00Z",-13.925,144.075,"0.0",0,"26.91","1.81",0,2016-09-29,"09","2016",0,26.91,"-13.925 144.075"
"2556081","2016-09-29T12:00:00Z",-13.925,144.175,"0.0",0,"26.86","1.79",0,2016-09-29,"09","2016",0,26.86,"-13.925 144.175"
"2556082","2016-09-29T12:00:00Z",-13.925,144.225,"0.0",0,"26.88","1.81",0,2016-09-29,"09","2016",0,26.88,"-13.925 144.225"
"2556167","2016-09-29T12:00:00Z",-13.975,144.425,"0.0",0,"26.97","1.83",0,2016-09-29,"09","2016",0,26.97,"-13.975 144.425"
"2556248","2016-09-29T12:00:00Z",-14.025,144.425,"0.0",0,"26.95","1.82",0,2016-09-29,"09","2016",0,26.95,"-14.025 144.425"
"2557321","2016-09-29T12:00:00Z",-14.675,145.425,"0.0",0,"26.900000000000002","1.86",0,2016-09-29,"09","2016",0,26.9,"-14.675 145.425"
"2557325","2016-09-29T12:00:00Z",-14.675,145.625,"0.0",0,"26.86","1.74",0,2016-09-29,"09","2016",0,26.86,"-14.675 145.625"
"2557402","2016-09-29T12:00:00Z",-14.725,145.425,"0.0",0,"26.900000000000002","1.87",0,2016-09-29,"09","2016",0,26.9,"-14.725 145.425"
"2557484","2016-09-29T12:00:00Z",-14.775,145.475,"0.0",0,"26.88","1.86",0,2016-09-29,"09","2016",0,26.88,"-14.775 145.475"
"2557974","2016-09-29T12:00:00Z",-15.075,145.675,"0.0",0,"26.830000000000002","1.75",0,2016-09-29,"09","2016",0,26.83,"-15.075 145.675"
"2590584","2016-10-06T12:00:00Z",-13.875,144.025,"0.0",0,"27.13","1.72",0,2016-10-06,"10","2016",0,27.13,"-13.875 144.025"
"2590666","2016-10-06T12:00:00Z",-13.925,144.075,"0.0",0,"27.09","1.69",0,2016-10-06,"10","2016",0,27.09,"-13.925 144.075"
"2590668","2016-10-06T12:00:00Z",-13.925,144.175,"0.0",0,"26.990000000000002","1.6400000000000001",0,2016-10-06,"10","2016",0,26.99,"-13.925 144.175"
"2590669","2016-10-06T12:00:00Z",-13.925,144.225,"0.0",0,"26.97","1.62",0,2016-10-06,"10","2016",0,26.97,"-13.925 144.225"
"2590754","2016-10-06T12:00:00Z",-13.975,144.425,"0.0",0,"26.990000000000002","1.59",0,2016-10-06,"10","2016",0,26.99,"-13.975 144.425"
"2590835","2016-10-06T12:00:00Z",-14.025,144.425,"0.0",0,"27.02","1.61",0,2016-10-06,"10","2016",0,27.02,"-14.025 144.425"
"2591908","2016-10-06T12:00:00Z",-14.675,145.425,"0.0",0,"26.93","1.6",0,2016-10-06,"10","2016",0,26.93,"-14.675 145.425"
"2591912","2016-10-06T12:00:00Z",-14.675,145.625,"0.0",0,"26.97","1.62",0,2016-10-06,"10","2016",0,26.97,"-14.675 145.625"
"2591989","2016-10-06T12:00:00Z",-14.725,145.425,"0.0",0,"26.95","1.6300000000000001",0,2016-10-06,"10","2016",0,26.95,"-14.725 145.425"
"2592071","2016-10-06T12:00:00Z",-14.775,145.475,"0.0",0,"26.96","1.6500000000000001",0,2016-10-06,"10","2016",0,26.96,"-14.775 145.475"
"2592561","2016-10-06T12:00:00Z",-15.075,145.675,"0.0",0,"26.98","1.6400000000000001",0,2016-10-06,"10","2016",0,26.98,"-15.075 145.675"
"2625171","2016-10-13T12:00:00Z",-13.875,144.025,"0.0",0,"26.830000000000002","1.12",0,2016-10-13,"10","2016",0,26.83,"-13.875 144.025"
"2625253","2016-10-13T12:00:00Z",-13.925,144.075,"0.0",0,"26.82","1.12",0,2016-10-13,"10","2016",0,26.82,"-13.925 144.075"
"2625255","2016-10-13T12:00:00Z",-13.925,144.175,"0.0",0,"26.86","1.22",0,2016-10-13,"10","2016",0,26.86,"-13.925 144.175"
"2625256","2016-10-13T12:00:00Z",-13.925,144.225,"0.0",0,"26.85","1.23",0,2016-10-13,"10","2016",0,26.85,"-13.925 144.225"
"2625341","2016-10-13T12:00:00Z",-13.975,144.425,"0.0",0,"26.75","1.09",0,2016-10-13,"10","2016",0,26.75,"-13.975 144.425"
"2625422","2016-10-13T12:00:00Z",-14.025,144.425,"0.0",0,"26.68","1.0",0,2016-10-13,"10","2016",0,26.68,"-14.025 144.425"
"2626495","2016-10-13T12:00:00Z",-14.675,145.425,"0.0",0,"26.6","0.99",0,2016-10-13,"10","2016",0,26.6,"-14.675 145.425"
"2626499","2016-10-13T12:00:00Z",-14.675,145.625,"0.0",0,"26.5","0.91",0,2016-10-13,"10","2016",0,26.5,"-14.675 145.625"
"2626576","2016-10-13T12:00:00Z",-14.725,145.425,"0.0",0,"26.62","1.0",0,2016-10-13,"10","2016",0,26.62,"-14.725 145.425"
"2626658","2016-10-13T12:00:00Z",-14.775,145.475,"0.0",0,"26.57","0.97",0,2016-10-13,"10","2016",0,26.57,"-14.775 145.475"
"2627148","2016-10-13T12:00:00Z",-15.075,145.675,"0.0",0,"26.59","0.99",0,2016-10-13,"10","2016",0,26.59,"-15.075 145.675"
"2659758","2016-10-20T12:00:00Z",-13.875,144.025,"0.0",0,"27.060000000000002","1.01",0,2016-10-20,"10","2016",0,27.06,"-13.875 144.025"
"2659840","2016-10-20T12:00:00Z",-13.925,144.075,"0.0",0,"27.060000000000002","1.02",0,2016-10-20,"10","2016",0,27.06,"-13.925 144.075"
"2659842","2016-10-20T12:00:00Z",-13.925,144.175,"0.0",0,"27.04","1.07",0,2016-10-20,"10","2016",0,27.04,"-13.925 144.175"
"2659843","2016-10-20T12:00:00Z",-13.925,144.225,"0.0",0,"27.07","1.1300000000000001",0,2016-10-20,"10","2016",0,27.07,"-13.925 144.225"
"2659928","2016-10-20T12:00:00Z",-13.975,144.425,"0.0",0,"27.17","1.21",0,2016-10-20,"10","2016",0,27.17,"-13.975 144.425"
"2660009","2016-10-20T12:00:00Z",-14.025,144.425,"0.0",0,"27.150000000000002","1.16",0,2016-10-20,"10","2016",0,27.15,"-14.025 144.425"
"2661082","2016-10-20T12:00:00Z",-14.675,145.425,"0.0",0,"26.89","0.97",0,2016-10-20,"10","2016",0,26.89,"-14.675 145.425"
"2661086","2016-10-20T12:00:00Z",-14.675,145.625,"0.0",0,"26.95","1.07",0,2016-10-20,"10","2016",0,26.95,"-14.675 145.625"
"2661163","2016-10-20T12:00:00Z",-14.725,145.425,"0.0",0,"26.87","0.9400000000000001",0,2016-10-20,"10","2016",0,26.87,"-14.725 145.425"
"2661245","2016-10-20T12:00:00Z",-14.775,145.475,"0.0",0,"26.86","0.9500000000000001",0,2016-10-20,"10","2016",0,26.86,"-14.775 145.475"
"2661735","2016-10-20T12:00:00Z",-15.075,145.675,"0.0",0,"26.88","0.99",0,2016-10-20,"10","2016",0,26.88,"-15.075 145.675"
"2694345","2016-10-27T12:00:00Z",-13.875,144.025,"0.0",0,"26.900000000000002","0.49",0,2016-10-27,"10","2016",0,26.9,"-13.875 144.025"
"2694427","2016-10-27T12:00:00Z",-13.925,144.075,"0.0",0,"26.84","0.44",0,2016-10-27,"10","2016",0,26.84,"-13.925 144.075"
"2694429","2016-10-27T12:00:00Z",-13.925,144.175,"0.0",0,"26.78","0.47000000000000003",0,2016-10-27,"10","2016",0,26.78,"-13.925 144.175"
"2694430","2016-10-27T12:00:00Z",-13.925,144.225,"0.0",0,"26.740000000000002","0.46",0,2016-10-27,"10","2016",0,26.74,"-13.925 144.225"
"2694515","2016-10-27T12:00:00Z",-13.975,144.425,"0.0",0,"26.740000000000002","0.46",0,2016-10-27,"10","2016",0,26.74,"-13.975 144.425"
"2694596","2016-10-27T12:00:00Z",-14.025,144.425,"0.0",0,"26.77","0.45",0,2016-10-27,"10","2016",0,26.77,"-14.025 144.425"
"2695669","2016-10-27T12:00:00Z",-14.675,145.425,"0.0",0,"26.72","0.48",0,2016-10-27,"10","2016",0,26.72,"-14.675 145.425"
"2695673","2016-10-27T12:00:00Z",-14.675,145.625,"0.0",0,"26.810000000000002","0.62",0,2016-10-27,"10","2016",0,26.81,"-14.675 145.625"
"2695750","2016-10-27T12:00:00Z",-14.725,145.425,"0.0",0,"26.73","0.47000000000000003",0,2016-10-27,"10","2016",0,26.73,"-14.725 145.425"
"2695832","2016-10-27T12:00:00Z",-14.775,145.475,"0.0",0,"26.740000000000002","0.5",0,2016-10-27,"10","2016",0,26.74,"-14.775 145.475"
"2696322","2016-10-27T12:00:00Z",-15.075,145.675,"0.0",0,"26.76","0.56",0,2016-10-27,"10","2016",0,26.76,"-15.075 145.675"
"2728932","2016-11-03T12:00:00Z",-13.875,144.025,"0.0",0,"26.95","0.19",0,2016-11-03,"11","2016",0,26.95,"-13.875 144.025"
"2729014","2016-11-03T12:00:00Z",-13.925,144.075,"0.0",0,"26.91","0.16",0,2016-11-03,"11","2016",0,26.91,"-13.925 144.075"
"2729016","2016-11-03T12:00:00Z",-13.925,144.175,"0.0",0,"26.900000000000002","0.24",0,2016-11-03,"11","2016",0,26.9,"-13.925 144.175"
"2729017","2016-11-03T12:00:00Z",-13.925,144.225,"0.0",0,"26.95","0.33",0,2016-11-03,"11","2016",0,26.95,"-13.925 144.225"
"2729102","2016-11-03T12:00:00Z",-13.975,144.425,"0.0",0,"27.04","0.45",0,2016-11-03,"11","2016",0,27.04,"-13.975 144.425"
"2729183","2016-11-03T12:00:00Z",-14.025,144.425,"0.0",0,"27.02","0.38",0,2016-11-03,"11","2016",0,27.02,"-14.025 144.425"
"2730256","2016-11-03T12:00:00Z",-14.675,145.425,"0.0",0,"26.96","0.39",0,2016-11-03,"11","2016",0,26.96,"-14.675 145.425"
"2730260","2016-11-03T12:00:00Z",-14.675,145.625,"0.0",0,"26.86","0.37",0,2016-11-03,"11","2016",0,26.86,"-14.675 145.625"
"2730337","2016-11-03T12:00:00Z",-14.725,145.425,"0.0",0,"26.96","0.38",0,2016-11-03,"11","2016",0,26.96,"-14.725 145.425"
"2730419","2016-11-03T12:00:00Z",-14.775,145.475,"0.0",0,"26.93","0.36",0,2016-11-03,"11","2016",0,26.93,"-14.775 145.475"
"2730909","2016-11-03T12:00:00Z",-15.075,145.675,"0.0",0,"26.89","0.39",0,2016-11-03,"11","2016",0,26.89,"-15.075 145.675"
"2763519","2016-11-10T12:00:00Z",-13.875,144.025,"0.0",0,"27.69","0.5700000000000001",0,2016-11-10,"11","2016",0,27.69,"-13.875 144.025"
"2763601","2016-11-10T12:00:00Z",-13.925,144.075,"0.0",0,"27.75","0.64",0,2016-11-10,"11","2016",0,27.75,"-13.925 144.075"
"2763603","2016-11-10T12:00:00Z",-13.925,144.175,"0.0",0,"27.62","0.62",0,2016-11-10,"11","2016",0,27.62,"-13.925 144.175"
"2763604","2016-11-10T12:00:00Z",-13.925,144.225,"0.0",0,"27.68","0.72",0,2016-11-10,"11","2016",0,27.68,"-13.925 144.225"
"2763689","2016-11-10T12:00:00Z",-13.975,144.425,"0.0",0,"27.76","0.85",0,2016-11-10,"11","2016",0,27.76,"-13.975 144.425"
"2763770","2016-11-10T12:00:00Z",-14.025,144.425,"0.0",0,"27.75","0.78",0,2016-11-10,"11","2016",0,27.75,"-14.025 144.425"
"2764843","2016-11-10T12:00:00Z",-14.675,145.425,"0.0",0,"27.63","0.74",0,2016-11-10,"11","2016",0,27.63,"-14.675 145.425"
"2764847","2016-11-10T12:00:00Z",-14.675,145.625,"0.0",0,"27.67","0.87",0,2016-11-10,"11","2016",0,27.67,"-14.675 145.625"
"2764924","2016-11-10T12:00:00Z",-14.725,145.425,"0.0",0,"27.55","0.64",0,2016-11-10,"11","2016",0,27.55,"-14.725 145.425"
"2765006","2016-11-10T12:00:00Z",-14.775,145.475,"0.0",0,"27.5","0.6",0,2016-11-10,"11","2016",0,27.5,"-14.775 145.475"
"2765496","2016-11-10T12:00:00Z",-15.075,145.675,"0.0",0,"27.52","0.71",0,2016-11-10,"11","2016",0,27.52,"-15.075 145.675"
"2798106","2016-11-17T12:00:00Z",-13.875,144.025,"0.0",0,"28.16","0.72",0,2016-11-17,"11","2016",0,28.16,"-13.875 144.025"
"2798188","2016-11-17T12:00:00Z",-13.925,144.075,"0.0",0,"28.07","0.65",0,2016-11-17,"11","2016",0,28.07,"-13.925 144.075"
"2798190","2016-11-17T12:00:00Z",-13.925,144.175,"0.0",0,"27.84","0.53",0,2016-11-17,"11","2016",0,27.84,"-13.925 144.175"
"2798191","2016-11-17T12:00:00Z",-13.925,144.225,"0.0",0,"27.86","0.6",0,2016-11-17,"11","2016",0,27.86,"-13.925 144.225"
"2798276","2016-11-17T12:00:00Z",-13.975,144.425,"0.0",0,"28.04","0.84",0,2016-11-17,"11","2016",0,28.04,"-13.975 144.425"
"2798357","2016-11-17T12:00:00Z",-14.025,144.425,"0.0",0,"28.07","0.81",0,2016-11-17,"11","2016",0,28.07,"-14.025 144.425"
"2799430","2016-11-17T12:00:00Z",-14.675,145.425,"0.0",0,"28.13","0.96",0,2016-11-17,"11","2016",0,28.13,"-14.675 145.425"
"2799434","2016-11-17T12:00:00Z",-14.675,145.625,"0.0",0,"28.02","0.9400000000000001",0,2016-11-17,"11","2016",0,28.02,"-14.675 145.625"
"2799511","2016-11-17T12:00:00Z",-14.725,145.425,"0.0",0,"28.11","0.92",0,2016-11-17,"11","2016",0,28.11,"-14.725 145.425"
"2799593","2016-11-17T12:00:00Z",-14.775,145.475,"0.0",0,"28.04","0.86",0,2016-11-17,"11","2016",0,28.04,"-14.775 145.475"
"2800083","2016-11-17T12:00:00Z",-15.075,145.675,"0.0",0,"27.95","0.87",0,2016-11-17,"11","2016",0,27.95,"-15.075 145.675"
"2832693","2016-11-24T12:00:00Z",-13.875,144.025,"0.0",0,"28.04","0.38",0,2016-11-24,"11","2016",0,28.04,"-13.875 144.025"
"2832775","2016-11-24T12:00:00Z",-13.925,144.075,"0.0",0,"27.990000000000002","0.35000000000000003",0,2016-11-24,"11","2016",0,27.99,"-13.925 144.075"
"2832777","2016-11-24T12:00:00Z",-13.925,144.175,"0.0",0,"28.01","0.48",0,2016-11-24,"11","2016",0,28.01,"-13.925 144.175"
"2832778","2016-11-24T12:00:00Z",-13.925,144.225,"0.0",0,"28.02","0.54",0,2016-11-24,"11","2016",0,28.02,"-13.925 144.225"
"2832863","2016-11-24T12:00:00Z",-13.975,144.425,"0.0",0,"27.96","0.54",0,2016-11-24,"11","2016",0,27.96,"-13.975 144.425"
"2832944","2016-11-24T12:00:00Z",-14.025,144.425,"0.0",0,"27.92","0.44",0,2016-11-24,"11","2016",0,27.92,"-14.025 144.425"
"2834017","2016-11-24T12:00:00Z",-14.675,145.425,"0.0",0,"27.84","0.48",0,2016-11-24,"11","2016",0,27.84,"-14.675 145.425"
"2834021","2016-11-24T12:00:00Z",-14.675,145.625,"0.0",0,"27.84","0.56",0,2016-11-24,"11","2016",0,27.84,"-14.675 145.625"
"2834098","2016-11-24T12:00:00Z",-14.725,145.425,"0.0",0,"27.87","0.49",0,2016-11-24,"11","2016",0,27.87,"-14.725 145.425"
"2834180","2016-11-24T12:00:00Z",-14.775,145.475,"0.0",0,"27.86","0.49",0,2016-11-24,"11","2016",0,27.86,"-14.775 145.475"
"2834670","2016-11-24T12:00:00Z",-15.075,145.675,"0.0",0,"27.77","0.5",0,2016-11-24,"11","2016",0,27.77,"-15.075 145.675"
"2867280","2016-12-01T12:00:00Z",-13.875,144.025,"0.0",0,"28.53","0.65",0,2016-12-01,"12","2016",0,28.53,"-13.875 144.025"
"2867362","2016-12-01T12:00:00Z",-13.925,144.075,"0.0",0,"28.53","0.67",0,2016-12-01,"12","2016",0,28.53,"-13.925 144.075"
"2867364","2016-12-01T12:00:00Z",-13.925,144.175,"0.0",0,"28.37","0.62",0,2016-12-01,"12","2016",0,28.37,"-13.925 144.175"
"2867365","2016-12-01T12:00:00Z",-13.925,144.225,"0.0",0,"28.310000000000002","0.61",0,2016-12-01,"12","2016",0,28.31,"-13.925 144.225"
"2867450","2016-12-01T12:00:00Z",-13.975,144.425,"0.0",0,"28.32","0.68",0,2016-12-01,"12","2016",0,28.32,"-13.975 144.425"
"2867531","2016-12-01T12:00:00Z",-14.025,144.425,"0.0",0,"28.32","0.63",0,2016-12-01,"12","2016",0,28.32,"-14.025 144.425"
"2868604","2016-12-01T12:00:00Z",-14.675,145.425,"0.0",0,"28.07","0.52",0,2016-12-01,"12","2016",0,28.07,"-14.675 145.425"
"2868608","2016-12-01T12:00:00Z",-14.675,145.625,"0.0",0,"28.05","0.5700000000000001",0,2016-12-01,"12","2016",0,28.05,"-14.675 145.625"
"2868685","2016-12-01T12:00:00Z",-14.725,145.425,"0.0",0,"28.14","0.5700000000000001",0,2016-12-01,"12","2016",0,28.14,"-14.725 145.425"
"2868767","2016-12-01T12:00:00Z",-14.775,145.475,"0.0",0,"28.150000000000002","0.6",0,2016-12-01,"12","2016",0,28.15,"-14.775 145.475"
"2869257","2016-12-01T12:00:00Z",-15.075,145.675,"0.0",0,"27.990000000000002","0.53",0,2016-12-01,"12","2016",0,27.99,"-15.075 145.675"
"2901867","2016-12-08T12:00:00Z",-13.875,144.025,"0.0",0,"28.34","0.24",0,2016-12-08,"12","2016",0,28.34,"-13.875 144.025"
"2901949","2016-12-08T12:00:00Z",-13.925,144.075,"0.0",0,"28.3","0.22",0,2016-12-08,"12","2016",0,28.3,"-13.925 144.075"
"2901951","2016-12-08T12:00:00Z",-13.925,144.175,"0.0",0,"28.240000000000002","0.28",0,2016-12-08,"12","2016",0,28.24,"-13.925 144.175"
"2901952","2016-12-08T12:00:00Z",-13.925,144.225,"0.0",0,"28.22","0.31",0,2016-12-08,"12","2016",0,28.22,"-13.925 144.225"
"2902037","2016-12-08T12:00:00Z",-13.975,144.425,"0.0",0,"28.19","0.33",0,2016-12-08,"12","2016",0,28.19,"-13.975 144.425"
"2902118","2016-12-08T12:00:00Z",-14.025,144.425,"0.0",0,"28.21","0.3",0,2016-12-08,"12","2016",0,28.21,"-14.025 144.425"
"2903191","2016-12-08T12:00:00Z",-14.675,145.425,"0.0",0,"28.060000000000002","0.32",0,2016-12-08,"12","2016",0,28.06,"-14.675 145.425"
"2903195","2016-12-08T12:00:00Z",-14.675,145.625,"0.0",0,"28.01","0.32",0,2016-12-08,"12","2016",0,28.01,"-14.675 145.625"
"2903272","2016-12-08T12:00:00Z",-14.725,145.425,"0.0",0,"28.07","0.32",0,2016-12-08,"12","2016",0,28.07,"-14.725 145.425"
"2903354","2016-12-08T12:00:00Z",-14.775,145.475,"0.0",0,"28.060000000000002","0.32",0,2016-12-08,"12","2016",0,28.06,"-14.775 145.475"
"2903844","2016-12-08T12:00:00Z",-15.075,145.675,"0.0",0,"28.060000000000002","0.42",0,2016-12-08,"12","2016",0,28.06,"-15.075 145.675"
"2936454","2016-12-15T12:00:00Z",-13.875,144.025,"0.0",0,"28.51","0.19",0,2016-12-15,"12","2016",0,28.51,"-13.875 144.025"
"2936536","2016-12-15T12:00:00Z",-13.925,144.075,"0.0",0,"28.43","0.13",0,2016-12-15,"12","2016",0,28.43,"-13.925 144.075"
"2936538","2016-12-15T12:00:00Z",-13.925,144.175,"0.0",0,"28.25","0.07",0,2016-12-15,"12","2016",0,28.25,"-13.925 144.175"
"2936539","2016-12-15T12:00:00Z",-13.925,144.225,"0.0",0,"28.22","0.09",0,2016-12-15,"12","2016",0,28.22,"-13.925 144.225"
"2936624","2016-12-15T12:00:00Z",-13.975,144.425,"0.0",0,"28.330000000000002","0.25",0,2016-12-15,"12","2016",0,28.33,"-13.975 144.425"
"2936705","2016-12-15T12:00:00Z",-14.025,144.425,"0.0",0,"28.36","0.24",0,2016-12-15,"12","2016",0,28.36,"-14.025 144.425"
"2937778","2016-12-15T12:00:00Z",-14.675,145.425,"0.0",0,"28.23","0.3",0,2016-12-15,"12","2016",0,28.23,"-14.675 145.425"
"2937782","2016-12-15T12:00:00Z",-14.675,145.625,"0.0",0,"28.2","0.31",0,2016-12-15,"12","2016",0,28.2,"-14.675 145.625"
"2937859","2016-12-15T12:00:00Z",-14.725,145.425,"0.0",0,"28.29","0.35000000000000003",0,2016-12-15,"12","2016",0,28.29,"-14.725 145.425"
"2937941","2016-12-15T12:00:00Z",-14.775,145.475,"0.0",0,"28.29","0.37",0,2016-12-15,"12","2016",0,28.29,"-14.775 145.475"
"2938431","2016-12-15T12:00:00Z",-15.075,145.675,"0.0",0,"28.07","0.24",0,2016-12-15,"12","2016",0,28.07,"-15.075 145.675"
"2971041","2016-12-22T12:00:00Z",-13.875,144.025,"0.0",0,"28.87","0.46",0,2016-12-22,"12","2016",0,28.87,"-13.875 144.025"
"2971123","2016-12-22T12:00:00Z",-13.925,144.075,"0.0",0,"28.85","0.45",0,2016-12-22,"12","2016",0,28.85,"-13.925 144.075"
"2971125","2016-12-22T12:00:00Z",-13.925,144.175,"0.0",0,"28.72","0.44",0,2016-12-22,"12","2016",0,28.72,"-13.925 144.175"
"2971126","2016-12-22T12:00:00Z",-13.925,144.225,"0.0",0,"28.67","0.44",0,2016-12-22,"12","2016",0,28.67,"-13.925 144.225"
"2971211","2016-12-22T12:00:00Z",-13.975,144.425,"0.0",0,"28.8","0.61",0,2016-12-22,"12","2016",0,28.8,"-13.975 144.425"
"2971292","2016-12-22T12:00:00Z",-14.025,144.425,"0.0",0,"28.84","0.61",0,2016-12-22,"12","2016",0,28.84,"-14.025 144.425"
"2972365","2016-12-22T12:00:00Z",-14.675,145.425,"0.0",0,"28.47","0.41000000000000003",0,2016-12-22,"12","2016",0,28.47,"-14.675 145.425"
"2972369","2016-12-22T12:00:00Z",-14.675,145.625,"0.0",0,"28.48","0.47000000000000003",0,2016-12-22,"12","2016",0,28.48,"-14.675 145.625"
"2972446","2016-12-22T12:00:00Z",-14.725,145.425,"0.0",0,"28.52","0.45",0,2016-12-22,"12","2016",0,28.52,"-14.725 145.425"
"2972528","2016-12-22T12:00:00Z",-14.775,145.475,"0.0",0,"28.53","0.48",0,2016-12-22,"12","2016",0,28.53,"-14.775 145.475"
"2973018","2016-12-22T12:00:00Z",-15.075,145.675,"0.0",0,"28.39","0.42",0,2016-12-22,"12","2016",0,28.39,"-15.075 145.675"
"3005628","2016-12-29T12:00:00Z",-13.875,144.025,"0.0",0,"29.05","0.54",0,2016-12-29,"12","2016",0,29.05,"-13.875 144.025"
"3005710","2016-12-29T12:00:00Z",-13.925,144.075,"0.0",0,"29.02","0.53",0,2016-12-29,"12","2016",0,29.02,"-13.925 144.075"
"3005712","2016-12-29T12:00:00Z",-13.925,144.175,"0.0",0,"28.98","0.6",0,2016-12-29,"12","2016",0,28.98,"-13.925 144.175"
"3005713","2016-12-29T12:00:00Z",-13.925,144.225,"0.0",0,"28.97","0.64",0,2016-12-29,"12","2016",0,28.97,"-13.925 144.225"
"3005798","2016-12-29T12:00:00Z",-13.975,144.425,"0.0",0,"28.91","0.62",0,2016-12-29,"12","2016",0,28.91,"-13.975 144.425"
"3005879","2016-12-29T12:00:00Z",-14.025,144.425,"0.0",0,"28.88","0.54",0,2016-12-29,"12","2016",0,28.88,"-14.025 144.425"
"3006952","2016-12-29T12:00:00Z",-14.675,145.425,"0.0",0,"28.52","0.33",0,2016-12-29,"12","2016",0,28.52,"-14.675 145.425"
"3006956","2016-12-29T12:00:00Z",-14.675,145.625,"0.0",0,"28.37","0.24",0,2016-12-29,"12","2016",0,28.37,"-14.675 145.625"
"3007033","2016-12-29T12:00:00Z",-14.725,145.425,"0.0",0,"28.53","0.32",0,2016-12-29,"12","2016",0,28.53,"-14.725 145.425"
"3007115","2016-12-29T12:00:00Z",-14.775,145.475,"0.0",0,"28.52","0.33",0,2016-12-29,"12","2016",0,28.52,"-14.775 145.475"
"3007605","2016-12-29T12:00:00Z",-15.075,145.675,"0.0",0,"28.42","0.31",0,2016-12-29,"12","2016",0,28.42,"-15.075 145.675"
"3040215","2017-01-05T12:00:00Z",-13.875,144.025,"0.0",0,"29.02","0.42",0,2017-01-05,"01","2017",0,29.02,"-13.875 144.025"
"3040297","2017-01-05T12:00:00Z",-13.925,144.075,"0.0",0,"29.04","0.45",0,2017-01-05,"01","2017",0,29.04,"-13.925 144.075"
"3040299","2017-01-05T12:00:00Z",-13.925,144.175,"0.0",0,"29.01","0.53",0,2017-01-05,"01","2017",0,29.01,"-13.925 144.175"
"3040300","2017-01-05T12:00:00Z",-13.925,144.225,"0.0",0,"29.01","0.58",0,2017-01-05,"01","2017",0,29.01,"-13.925 144.225"
"3040385","2017-01-05T12:00:00Z",-13.975,144.425,"0.0",0,"29.04","0.64",0,2017-01-05,"01","2017",0,29.04,"-13.975 144.425"
"3040466","2017-01-05T12:00:00Z",-14.025,144.425,"0.0",0,"29.05","0.6",0,2017-01-05,"01","2017",0,29.05,"-14.025 144.425"
"3041539","2017-01-05T12:00:00Z",-14.675,145.425,"0.0",0,"28.94","0.62",0,2017-01-05,"01","2017",0,28.94,"-14.675 145.425"
"3041543","2017-01-05T12:00:00Z",-14.675,145.625,"0.0",0,"28.88","0.63",0,2017-01-05,"01","2017",0,28.88,"-14.675 145.625"
"3041620","2017-01-05T12:00:00Z",-14.725,145.425,"0.0",0,"28.94","0.6",0,2017-01-05,"01","2017",0,28.94,"-14.725 145.425"
"3041702","2017-01-05T12:00:00Z",-14.775,145.475,"0.0",0,"28.92","0.6",0,2017-01-05,"01","2017",0,28.92,"-14.775 145.475"
"3042192","2017-01-05T12:00:00Z",-15.075,145.675,"0.0",0,"28.96","0.71",0,2017-01-05,"01","2017",0,28.96,"-15.075 145.675"
"3074802","2017-01-12T12:00:00Z",-13.875,144.025,"0.0",0,"29.490000000000002","0.8",0,2017-01-12,"01","2017",0,29.49,"-13.875 144.025"
"3074884","2017-01-12T12:00:00Z",-13.925,144.075,"0.0",0,"29.54","0.85",0,2017-01-12,"01","2017",0,29.54,"-13.925 144.075"
"3074886","2017-01-12T12:00:00Z",-13.925,144.175,"0.0",0,"29.51","0.93",0,2017-01-12,"01","2017",0,29.51,"-13.925 144.175"
"3074887","2017-01-12T12:00:00Z",-13.925,144.225,"0.0",0,"29.5","0.96",0,2017-01-12,"01","2017",0,29.5,"-13.925 144.225"
"3074972","2017-01-12T12:00:00Z",-13.975,144.425,"0.0",0,"29.45","0.9500000000000001",0,2017-01-12,"01","2017",0,29.45,"-13.975 144.425"
"3075053","2017-01-12T12:00:00Z",-14.025,144.425,"0.0",0,"29.45","0.89",0,2017-01-12,"01","2017",0,29.45,"-14.025 144.425"
"3076126","2017-01-12T12:00:00Z",-14.675,145.425,"0.0",0,"29.310000000000002","0.86",0,2017-01-12,"01","2017",0,29.31,"-14.675 145.425"
"3076130","2017-01-12T12:00:00Z",-14.675,145.625,"0.0",0,"29.1","0.73",0,2017-01-12,"01","2017",0,29.1,"-14.675 145.625"
"3076207","2017-01-12T12:00:00Z",-14.725,145.425,"0.0",0,"29.37","0.9",0,2017-01-12,"01","2017",0,29.37,"-14.725 145.425"
"3076289","2017-01-12T12:00:00Z",-14.775,145.475,"0.0",0,"29.330000000000002","0.88",0,2017-01-12,"01","2017",0,29.33,"-14.775 145.475"
"3076779","2017-01-12T12:00:00Z",-15.075,145.675,"0.0",0,"29.29","0.9",0,2017-01-12,"01","2017",0,29.29,"-15.075 145.675"
"3109389","2017-01-19T12:00:00Z",-13.875,144.025,"0.33",0,"30.0","1.28",0,2017-01-19,"01","2017",0.33,30,"-13.875 144.025"
"3109471","2017-01-19T12:00:00Z",-13.925,144.075,"0.34",0,"30.01","1.29",0,2017-01-19,"01","2017",0.34,30.01,"-13.925 144.075"
"3109473","2017-01-19T12:00:00Z",-13.925,144.175,"0.6",0,"29.79","1.18",0,2017-01-19,"01","2017",0.6,29.79,"-13.925 144.175"
"3109474","2017-01-19T12:00:00Z",-13.925,144.225,"0.46",0,"29.7","1.12",0,2017-01-19,"01","2017",0.46,29.7,"-13.925 144.225"
"3109559","2017-01-19T12:00:00Z",-13.975,144.425,"0.32",0,"29.73","1.18",0,2017-01-19,"01","2017",0.32,29.73,"-13.975 144.425"
"3109640","2017-01-19T12:00:00Z",-14.025,144.425,"0.31",0,"29.73","1.12",0,2017-01-19,"01","2017",0.31,29.73,"-14.025 144.425"
"3110713","2017-01-19T12:00:00Z",-14.675,145.425,"0.0",0,"29.32","0.8",0,2017-01-19,"01","2017",0,29.32,"-14.675 145.425"
"3110717","2017-01-19T12:00:00Z",-14.675,145.625,"0.0",0,"29.400000000000002","0.96",0,2017-01-19,"01","2017",0,29.4,"-14.675 145.625"
"3110794","2017-01-19T12:00:00Z",-14.725,145.425,"0.15",0,"29.36","0.8200000000000001",0,2017-01-19,"01","2017",0.15,29.36,"-14.725 145.425"
"3110876","2017-01-19T12:00:00Z",-14.775,145.475,"0.14",0,"29.38","0.86",0,2017-01-19,"01","2017",0.14,29.38,"-14.775 145.475"
"3111366","2017-01-19T12:00:00Z",-15.075,145.675,"0.0",0,"29.3","0.8300000000000001",0,2017-01-19,"01","2017",0,29.3,"-15.075 145.675"
"3143976","2017-01-26T12:00:00Z",-13.875,144.025,"1.76",0,"30.16","1.47",0,2017-01-26,"01","2017",1.76,30.16,"-13.875 144.025"
"3144058","2017-01-26T12:00:00Z",-13.925,144.075,"1.81",0,"30.22","1.53",0,2017-01-26,"01","2017",1.81,30.22,"-13.925 144.075"
"3144060","2017-01-26T12:00:00Z",-13.925,144.175,"2.0100000000000002",0,"29.88","1.27",0,2017-01-26,"01","2017",2.01,29.88,"-13.925 144.175"
"3144061","2017-01-26T12:00:00Z",-13.925,144.225,"1.82",0,"29.78","1.21",0,2017-01-26,"01","2017",1.82,29.78,"-13.925 144.225"
"3144146","2017-01-26T12:00:00Z",-13.975,144.425,"1.57",0,"29.86","1.3",0,2017-01-26,"01","2017",1.57,29.86,"-13.975 144.425"
"3144227","2017-01-26T12:00:00Z",-14.025,144.425,"1.57",0,"29.95","1.34",0,2017-01-26,"01","2017",1.57,29.95,"-14.025 144.425"
"3145300","2017-01-26T12:00:00Z",-14.675,145.425,"1.1",0,"29.810000000000002","1.27",0,2017-01-26,"01","2017",1.1,29.81,"-14.675 145.425"
"3145304","2017-01-26T12:00:00Z",-14.675,145.625,"1.2",0,"29.7","1.23",0,2017-01-26,"01","2017",1.2,29.7,"-14.675 145.625"
"3145381","2017-01-26T12:00:00Z",-14.725,145.425,"1.43",0,"29.86","1.31",0,2017-01-26,"01","2017",1.43,29.86,"-14.725 145.425"
"3145463","2017-01-26T12:00:00Z",-14.775,145.475,"1.41",0,"29.79","1.26",0,2017-01-26,"01","2017",1.41,29.79,"-14.775 145.475"
"3145953","2017-01-26T12:00:00Z",-15.075,145.675,"0.87",0,"29.37","0.87",0,2017-01-26,"01","2017",0.87,29.37,"-15.075 145.675"
"3178563","2017-02-02T12:00:00Z",-13.875,144.025,"3.09",0,"30.09","1.42",0,2017-02-02,"02","2017",3.09,30.09,"-13.875 144.025"
"3178645","2017-02-02T12:00:00Z",-13.925,144.075,"3.15",0,"30.11","1.44",0,2017-02-02,"02","2017",3.15,30.11,"-13.925 144.075"
"3178647","2017-02-02T12:00:00Z",-13.925,144.175,"3.4",0,"30.11","1.51",0,2017-02-02,"02","2017",3.4,30.11,"-13.925 144.175"
"3178648","2017-02-02T12:00:00Z",-13.925,144.225,"3.25",0,"30.13","1.56",0,2017-02-02,"02","2017",3.25,30.13,"-13.925 144.225"
"3178733","2017-02-02T12:00:00Z",-13.975,144.425,"3.0700000000000003",0,"30.16","1.59",0,2017-02-02,"02","2017",3.07,30.16,"-13.975 144.425"
"3178814","2017-02-02T12:00:00Z",-14.025,144.425,"3.08",0,"30.19","1.57",0,2017-02-02,"02","2017",3.08,30.19,"-14.025 144.425"
"3179887","2017-02-02T12:00:00Z",-14.675,145.425,"2.25",0,"29.66","1.1",0,2017-02-02,"02","2017",2.25,29.66,"-14.675 145.425"
"3179891","2017-02-02T12:00:00Z",-14.675,145.625,"2.17",0,"29.59","1.09",0,2017-02-02,"02","2017",2.17,29.59,"-14.675 145.625"
"3179968","2017-02-02T12:00:00Z",-14.725,145.425,"2.61",0,"29.68","1.12",0,2017-02-02,"02","2017",2.61,29.68,"-14.725 145.425"
"3180050","2017-02-02T12:00:00Z",-14.775,145.475,"2.56",0,"29.67","1.12",0,2017-02-02,"02","2017",2.56,29.67,"-14.775 145.475"
"3180540","2017-02-02T12:00:00Z",-15.075,145.675,"1.76",0,"29.6","1.06",0,2017-02-02,"02","2017",1.76,29.6,"-15.075 145.675"
"3213150","2017-02-09T12:00:00Z",-13.875,144.025,"4.41",0,"30.05","1.41",0,2017-02-09,"02","2017",4.41,30.05,"-13.875 144.025"
"3213232","2017-02-09T12:00:00Z",-13.925,144.075,"4.47",0,"30.060000000000002","1.41",0,2017-02-09,"02","2017",4.47,30.06,"-13.925 144.075"
"3213234","2017-02-09T12:00:00Z",-13.925,144.175,"4.76",0,"29.94","1.35",0,2017-02-09,"02","2017",4.76,29.94,"-13.925 144.175"
"3213235","2017-02-09T12:00:00Z",-13.925,144.225,"4.62",0,"29.88","1.32",0,2017-02-09,"02","2017",4.62,29.88,"-13.925 144.225"
"3213320","2017-02-09T12:00:00Z",-13.975,144.425,"4.39",0,"29.830000000000002","1.26",0,2017-02-09,"02","2017",4.39,29.83,"-13.975 144.425"
"3213401","2017-02-09T12:00:00Z",-14.025,144.425,"4.4",0,"29.84","1.22",0,2017-02-09,"02","2017",4.4,29.84,"-14.025 144.425"
"3214474","2017-02-09T12:00:00Z",-14.675,145.425,"2.58",0,"29.39","0.8200000000000001",0,2017-02-09,"02","2017",2.58,29.39,"-14.675 145.425"
"3214478","2017-02-09T12:00:00Z",-14.675,145.625,"2.64",0,"29.47","0.9400000000000001",0,2017-02-09,"02","2017",2.64,29.47,"-14.675 145.625"
"3214555","2017-02-09T12:00:00Z",-14.725,145.425,"2.95",0,"29.36","0.78",0,2017-02-09,"02","2017",2.95,29.36,"-14.725 145.425"
"3214637","2017-02-09T12:00:00Z",-14.775,145.475,"2.88",0,"29.330000000000002","0.76",0,2017-02-09,"02","2017",2.88,29.33,"-14.775 145.475"
"3215127","2017-02-09T12:00:00Z",-15.075,145.675,"1.92",0,"29.14","0.5700000000000001",0,2017-02-09,"02","2017",1.92,29.14,"-15.075 145.675"
"3247737","2017-02-16T12:00:00Z",-13.875,144.025,"5.03",0,"29.53","0.92",0,2017-02-16,"02","2017",5.03,29.53,"-13.875 144.025"
"3247819","2017-02-16T12:00:00Z",-13.925,144.075,"5.11",0,"29.560000000000002","0.9400000000000001",0,2017-02-16,"02","2017",5.11,29.56,"-13.925 144.075"
"3247821","2017-02-16T12:00:00Z",-13.925,144.175,"5.5600000000000005",0,"29.48","0.91",0,2017-02-16,"02","2017",5.56,29.48,"-13.925 144.175"
"3247822","2017-02-16T12:00:00Z",-13.925,144.225,"5.57",0,"29.45","0.9",0,2017-02-16,"02","2017",5.57,29.45,"-13.925 144.225"
"3247907","2017-02-16T12:00:00Z",-13.975,144.425,"5.34",0,"29.43","0.87",0,2017-02-16,"02","2017",5.34,29.43,"-13.975 144.425"
"3247988","2017-02-16T12:00:00Z",-14.025,144.425,"5.2",0,"29.47","0.87",0,2017-02-16,"02","2017",5.2,29.47,"-14.025 144.425"
"3249061","2017-02-16T12:00:00Z",-14.675,145.425,"2.73",0,"29.2","0.63",0,2017-02-16,"02","2017",2.73,29.2,"-14.675 145.425"
"3249065","2017-02-16T12:00:00Z",-14.675,145.625,"2.7800000000000002",0,"29.240000000000002","0.6900000000000001",0,2017-02-16,"02","2017",2.78,29.24,"-14.675 145.625"
"3249142","2017-02-16T12:00:00Z",-14.725,145.425,"2.95",0,"29.19","0.62",0,2017-02-16,"02","2017",2.95,29.19,"-14.725 145.425"
"3249224","2017-02-16T12:00:00Z",-14.775,145.475,"2.88",0,"29.19","0.63",0,2017-02-16,"02","2017",2.88,29.19,"-14.775 145.475"
"3249714","2017-02-16T12:00:00Z",-15.075,145.675,"1.92",0,"29.35","0.77",0,2017-02-16,"02","2017",1.92,29.35,"-15.075 145.675"
"3282324","2017-02-23T12:00:00Z",-13.875,144.025,"6.23",0,"29.73","1.21",0,2017-02-23,"02","2017",6.23,29.73,"-13.875 144.025"
"3282406","2017-02-23T12:00:00Z",-13.925,144.075,"6.34",0,"29.82","1.3",0,2017-02-23,"02","2017",6.34,29.82,"-13.925 144.075"
"3282408","2017-02-23T12:00:00Z",-13.925,144.175,"6.84",0,"29.86","1.3900000000000001",0,2017-02-23,"02","2017",6.84,29.86,"-13.925 144.175"
"3282409","2017-02-23T12:00:00Z",-13.925,144.225,"6.86",0,"29.810000000000002","1.36",0,2017-02-23,"02","2017",6.86,29.81,"-13.925 144.225"
"3282494","2017-02-23T12:00:00Z",-13.975,144.425,"6.38",0,"29.62","1.17",0,2017-02-23,"02","2017",6.38,29.62,"-13.975 144.425"
"3282575","2017-02-23T12:00:00Z",-14.025,144.425,"6.23",0,"29.69","1.2",0,2017-02-23,"02","2017",6.23,29.69,"-14.025 144.425"
"3283648","2017-02-23T12:00:00Z",-14.675,145.425,"3.59",0,"29.94","1.48",0,2017-02-23,"02","2017",3.59,29.94,"-14.675 145.425"
"3283652","2017-02-23T12:00:00Z",-14.675,145.625,"3.66",0,"29.87","1.42",0,2017-02-23,"02","2017",3.66,29.87,"-14.675 145.625"
"3283729","2017-02-23T12:00:00Z",-14.725,145.425,"3.66",0,"29.97","1.51",0,2017-02-23,"02","2017",3.66,29.97,"-14.725 145.425"
"3283811","2017-02-23T12:00:00Z",-14.775,145.475,"3.46",0,"30.0","1.55",0,2017-02-23,"02","2017",3.46,30,"-14.775 145.475"
"3284301","2017-02-23T12:00:00Z",-15.075,145.675,"2.41",0,"29.71","1.25",0,2017-02-23,"02","2017",2.41,29.71,"-15.075 145.675"
"3316911","2017-03-02T12:00:00Z",-13.875,144.025,"6.38",0,"29.51","1.08",0,2017-03-02,"03","2017",6.38,29.51,"-13.875 144.025"
"3316993","2017-03-02T12:00:00Z",-13.925,144.075,"6.65",0,"29.51","1.08",0,2017-03-02,"03","2017",6.65,29.51,"-13.925 144.075"
"3316995","2017-03-02T12:00:00Z",-13.925,144.175,"7.3",0,"29.46","1.09",0,2017-03-02,"03","2017",7.3,29.46,"-13.925 144.175"
"3316996","2017-03-02T12:00:00Z",-13.925,144.225,"7.32",0,"29.45","1.1",0,2017-03-02,"03","2017",7.32,29.45,"-13.925 144.225"
"3317081","2017-03-02T12:00:00Z",-13.975,144.425,"6.890000000000001",0,"29.52","1.18",0,2017-03-02,"03","2017",6.89,29.52,"-13.975 144.425"
"3317162","2017-03-02T12:00:00Z",-14.025,144.425,"6.71",0,"29.57","1.2",0,2017-03-02,"03","2017",6.71,29.57,"-14.025 144.425"
"3318235","2017-03-02T12:00:00Z",-14.675,145.425,"4.18",0,"29.52","1.18",0,2017-03-02,"03","2017",4.18,29.52,"-14.675 145.425"
"3318239","2017-03-02T12:00:00Z",-14.675,145.625,"4.37",0,"29.560000000000002","1.21",0,2017-03-02,"03","2017",4.37,29.56,"-14.675 145.625"
"3318316","2017-03-02T12:00:00Z",-14.725,145.425,"4.26",0,"29.490000000000002","1.1500000000000001",0,2017-03-02,"03","2017",4.26,29.49,"-14.725 145.425"
"3318398","2017-03-02T12:00:00Z",-14.775,145.475,"4.05",0,"29.44","1.11",0,2017-03-02,"03","2017",4.05,29.44,"-14.775 145.475"
"3318888","2017-03-02T12:00:00Z",-15.075,145.675,"2.74",0,"29.37","1.03",0,2017-03-02,"03","2017",2.74,29.37,"-15.075 145.675"
"3351498","2017-03-09T12:00:00Z",-13.875,144.025,"6.38",0,"29.490000000000002","1.1500000000000001",0,2017-03-09,"03","2017",6.38,29.49,"-13.875 144.025"
"3351580","2017-03-09T12:00:00Z",-13.925,144.075,"6.65",0,"29.48","1.1400000000000001",0,2017-03-09,"03","2017",6.65,29.48,"-13.925 144.075"
"3351582","2017-03-09T12:00:00Z",-13.925,144.175,"7.44",0,"29.47","1.2",0,2017-03-09,"03","2017",7.44,29.47,"-13.925 144.175"
"3351583","2017-03-09T12:00:00Z",-13.925,144.225,"7.48",0,"29.47","1.22",0,2017-03-09,"03","2017",7.48,29.47,"-13.925 144.225"
"3351668","2017-03-09T12:00:00Z",-13.975,144.425,"7.21",0,"29.46","1.23",0,2017-03-09,"03","2017",7.21,29.46,"-13.975 144.425"
"3351749","2017-03-09T12:00:00Z",-14.025,144.425,"7.0200000000000005",0,"29.43","1.17",0,2017-03-09,"03","2017",7.02,29.43,"-14.025 144.425"
"3352822","2017-03-09T12:00:00Z",-14.675,145.425,"4.68",0,"29.89","1.67",0,2017-03-09,"03","2017",4.68,29.89,"-14.675 145.425"
"3352826","2017-03-09T12:00:00Z",-14.675,145.625,"4.91",0,"30.03","1.78",0,2017-03-09,"03","2017",4.91,30.03,"-14.675 145.625"
"3352903","2017-03-09T12:00:00Z",-14.725,145.425,"4.7700000000000005",0,"29.91","1.69",0,2017-03-09,"03","2017",4.77,29.91,"-14.725 145.425"
"3352985","2017-03-09T12:00:00Z",-14.775,145.475,"4.55",0,"29.91","1.69",0,2017-03-09,"03","2017",4.55,29.91,"-14.775 145.475"
"3353475","2017-03-09T12:00:00Z",-15.075,145.675,"3.43",0,"29.97","1.75",0,2017-03-09,"03","2017",3.43,29.97,"-15.075 145.675"
"3386085","2017-03-16T12:00:00Z",-13.875,144.025,"6.87",0,"29.490000000000002","1.25",0,2017-03-16,"03","2017",6.87,29.49,"-13.875 144.025"
"3386167","2017-03-16T12:00:00Z",-13.925,144.075,"7.140000000000001",0,"29.48","1.25",0,2017-03-16,"03","2017",7.14,29.48,"-13.925 144.075"
"3386169","2017-03-16T12:00:00Z",-13.925,144.175,"7.91",0,"29.37","1.21",0,2017-03-16,"03","2017",7.91,29.37,"-13.925 144.175"
"3386170","2017-03-16T12:00:00Z",-13.925,144.225,"7.79",0,"29.34","1.21",0,2017-03-16,"03","2017",7.79,29.34,"-13.925 144.225"
"3386255","2017-03-16T12:00:00Z",-13.975,144.425,"7.21",0,"29.36","1.26",0,2017-03-16,"03","2017",7.21,29.36,"-13.975 144.425"
"3386336","2017-03-16T12:00:00Z",-14.025,144.425,"7.0200000000000005",0,"29.39","1.26",0,2017-03-16,"03","2017",7.02,29.39,"-14.025 144.425"
"3387409","2017-03-16T12:00:00Z",-14.675,145.425,"5.49",0,"29.61","1.52",0,2017-03-16,"03","2017",5.49,29.61,"-14.675 145.425"
"3387413","2017-03-16T12:00:00Z",-14.675,145.625,"6.03",0,"29.57","1.43",0,2017-03-16,"03","2017",6.03,29.57,"-14.675 145.625"
"3387490","2017-03-16T12:00:00Z",-14.725,145.425,"5.59",0,"29.650000000000002","1.56",0,2017-03-16,"03","2017",5.59,29.65,"-14.725 145.425"
"3387572","2017-03-16T12:00:00Z",-14.775,145.475,"5.53",0,"29.650000000000002","1.56",0,2017-03-16,"03","2017",5.53,29.65,"-14.775 145.475"
"3388062","2017-03-16T12:00:00Z",-15.075,145.675,"4.45",0,"29.68","1.59",0,2017-03-16,"03","2017",4.45,29.68,"-15.075 145.675"
"3420672","2017-03-23T12:00:00Z",-13.875,144.025,"8.21",0,"30.12","2.1",0,2017-03-23,"03","2017",8.21,30.12,"-13.875 144.025"
"3420754","2017-03-23T12:00:00Z",-13.925,144.075,"8.52",0,"30.11","2.1",0,2017-03-23,"03","2017",8.52,30.11,"-13.925 144.075"
"3420756","2017-03-23T12:00:00Z",-13.925,144.175,"9.39",0,"30.1","2.15",0,2017-03-23,"03","2017",9.39,30.1,"-13.925 144.175"
"3420757","2017-03-23T12:00:00Z",-13.925,144.225,"9.31",0,"30.09","2.16",0,2017-03-23,"03","2017",9.31,30.09,"-13.925 144.225"
"3420842","2017-03-23T12:00:00Z",-13.975,144.425,"8.75",0,"30.05","2.13",0,2017-03-23,"03","2017",8.75,30.05,"-13.975 144.425"
"3420923","2017-03-23T12:00:00Z",-14.025,144.425,"8.53",0,"30.09","2.16",0,2017-03-23,"03","2017",8.53,30.09,"-14.025 144.425"
"3421996","2017-03-23T12:00:00Z",-14.675,145.425,"7.07",0,"30.02","2.16",0,2017-03-23,"03","2017",7.07,30.02,"-14.675 145.425"
"3422000","2017-03-23T12:00:00Z",-14.675,145.625,"7.55",0,"29.96","2.0300000000000002",0,2017-03-23,"03","2017",7.55,29.96,"-14.675 145.625"
"3422077","2017-03-23T12:00:00Z",-14.725,145.425,"7.16",0,"30.0","2.14",0,2017-03-23,"03","2017",7.16,30,"-14.725 145.425"
"3422159","2017-03-23T12:00:00Z",-14.775,145.475,"7.09",0,"30.0","2.14",0,2017-03-23,"03","2017",7.09,30,"-14.775 145.475"
"3422649","2017-03-23T12:00:00Z",-15.075,145.675,"6.22",0,"30.55","2.67",0,2017-03-23,"03","2017",6.22,30.55,"-15.075 145.675"
"3455259","2017-03-30T12:00:00Z",-13.875,144.025,"9.4",0,"29.87","2.07",0,2017-03-30,"03","2017",9.4,29.87,"-13.875 144.025"
"3455341","2017-03-30T12:00:00Z",-13.925,144.075,"9.73",0,"30.01","2.22",0,2017-03-30,"03","2017",9.73,30.01,"-13.925 144.075"
"3455343","2017-03-30T12:00:00Z",-13.925,144.175,"10.65",0,"30.060000000000002","2.32",0,2017-03-30,"03","2017",10.65,30.06,"-13.925 144.175"
"3455344","2017-03-30T12:00:00Z",-13.925,144.225,"10.57",0,"29.990000000000002","2.27",0,2017-03-30,"03","2017",10.57,29.99,"-13.925 144.225"
"3455429","2017-03-30T12:00:00Z",-13.975,144.425,"9.950000000000001",0,"29.67","1.94",0,2017-03-30,"03","2017",9.95,29.67,"-13.975 144.425"
"3455510","2017-03-30T12:00:00Z",-14.025,144.425,"9.73",0,"29.91","2.18",0,2017-03-30,"03","2017",9.73,29.91,"-14.025 144.425"
"3456583","2017-03-30T12:00:00Z",-14.675,145.425,"8.34",0,"30.34","2.7",0,2017-03-30,"03","2017",8.34,30.34,"-14.675 145.425"
"3456587","2017-03-30T12:00:00Z",-14.675,145.625,"8.790000000000001",0,"30.1","2.38",0,2017-03-30,"03","2017",8.79,30.1,"-14.675 145.625"
"3456664","2017-03-30T12:00:00Z",-14.725,145.425,"8.46",0,"30.37","2.73",0,2017-03-30,"03","2017",8.46,30.37,"-14.725 145.425"
"3456746","2017-03-30T12:00:00Z",-14.775,145.475,"8.370000000000001",0,"30.32","2.68",0,2017-03-30,"03","2017",8.37,30.32,"-14.775 145.475"
"3457236","2017-03-30T12:00:00Z",-15.075,145.675,"7.2",0,"29.580000000000002","1.9100000000000001",0,2017-03-30,"03","2017",7.2,29.58,"-15.075 145.675"
"3489846","2017-04-06T12:00:00Z",-13.875,144.025,"9.77",0,"28.810000000000002","1.24",0,2017-04-06,"04","2017",9.77,28.81,"-13.875 144.025"
"3489928","2017-04-06T12:00:00Z",-13.925,144.075,"10.28",0,"28.85","1.29",0,2017-04-06,"04","2017",10.28,28.85,"-13.925 144.075"
"3489930","2017-04-06T12:00:00Z",-13.925,144.175,"11.26",0,"28.87","1.35",0,2017-04-06,"04","2017",11.26,28.87,"-13.925 144.175"
"3489931","2017-04-06T12:00:00Z",-13.925,144.225,"11.200000000000001",0,"28.89","1.3800000000000001",0,2017-04-06,"04","2017",11.2,28.89,"-13.925 144.225"
"3490016","2017-04-06T12:00:00Z",-13.975,144.425,"10.47",0,"29.12","1.58",0,2017-04-06,"04","2017",10.47,29.12,"-13.975 144.425"
"3490097","2017-04-06T12:00:00Z",-14.025,144.425,"10.27",0,"29.150000000000002","1.61",0,2017-04-06,"04","2017",10.27,29.15,"-14.025 144.425"
"3491170","2017-04-06T12:00:00Z",-14.675,145.425,"8.99",0,"29.060000000000002","1.6400000000000001",0,2017-04-06,"04","2017",8.99,29.06,"-14.675 145.425"
"3491174","2017-04-06T12:00:00Z",-14.675,145.625,"9.38",0,"29.1","1.6",0,2017-04-06,"04","2017",9.38,29.1,"-14.675 145.625"
"3491251","2017-04-06T12:00:00Z",-14.725,145.425,"9.120000000000001",0,"29.060000000000002","1.6500000000000001",0,2017-04-06,"04","2017",9.12,29.06,"-14.725 145.425"
"3491333","2017-04-06T12:00:00Z",-14.775,145.475,"9.01",0,"29.05","1.6300000000000001",0,2017-04-06,"04","2017",9.01,29.05,"-14.775 145.475"
"3491823","2017-04-06T12:00:00Z",-15.075,145.675,"7.74",0,"29.18","1.71",0,2017-04-06,"04","2017",7.74,29.18,"-15.075 145.675"
"3524433","2017-04-13T12:00:00Z",-13.875,144.025,"9.44",0,"28.61","1.26",0,2017-04-13,"04","2017",9.44,28.61,"-13.875 144.025"
"3524515","2017-04-13T12:00:00Z",-13.925,144.075,"9.94",0,"28.62","1.28",0,2017-04-13,"04","2017",9.94,28.62,"-13.925 144.075"
"3524517","2017-04-13T12:00:00Z",-13.925,144.175,"10.66",0,"28.580000000000002","1.27",0,2017-04-13,"04","2017",10.66,28.58,"-13.925 144.175"
"3524518","2017-04-13T12:00:00Z",-13.925,144.225,"10.74",0,"28.54","1.23",0,2017-04-13,"04","2017",10.74,28.54,"-13.925 144.225"
"3524603","2017-04-13T12:00:00Z",-13.975,144.425,"10.15",0,"28.45","1.1",0,2017-04-13,"04","2017",10.15,28.45,"-13.975 144.425"
"3524684","2017-04-13T12:00:00Z",-14.025,144.425,"9.96",0,"28.44","1.1",0,2017-04-13,"04","2017",9.96,28.44,"-14.025 144.425"
"3525757","2017-04-13T12:00:00Z",-14.675,145.425,"8.99",0,"28.32","1.1300000000000001",0,2017-04-13,"04","2017",8.99,28.32,"-14.675 145.425"
"3525761","2017-04-13T12:00:00Z",-14.675,145.625,"9.38",0,"28.46","1.17",0,2017-04-13,"04","2017",9.38,28.46,"-14.675 145.625"
"3525838","2017-04-13T12:00:00Z",-14.725,145.425,"8.97",0,"28.330000000000002","1.1500000000000001",0,2017-04-13,"04","2017",8.97,28.33,"-14.725 145.425"
"3525920","2017-04-13T12:00:00Z",-14.775,145.475,"8.870000000000001",0,"28.400000000000002","1.21",0,2017-04-13,"04","2017",8.87,28.4,"-14.775 145.475"
"3526410","2017-04-13T12:00:00Z",-15.075,145.675,"7.74",0,"28.490000000000002","1.23",0,2017-04-13,"04","2017",7.74,28.49,"-15.075 145.675"
"3559020","2017-04-20T12:00:00Z",-13.875,144.025,"8.02",0,"27.54","0.46",0,2017-04-20,"04","2017",8.02,27.54,"-13.875 144.025"
"3559102","2017-04-20T12:00:00Z",-13.925,144.075,"8.47",0,"27.53","0.46",0,2017-04-20,"04","2017",8.47,27.53,"-13.925 144.075"
"3559104","2017-04-20T12:00:00Z",-13.925,144.175,"9.25",0,"27.580000000000002","0.54",0,2017-04-20,"04","2017",9.25,27.58,"-13.925 144.175"
"3559105","2017-04-20T12:00:00Z",-13.925,144.225,"9.38",0,"27.63","0.58",0,2017-04-20,"04","2017",9.38,27.63,"-13.925 144.225"
"3559190","2017-04-20T12:00:00Z",-13.975,144.425,"8.89",0,"27.7","0.61",0,2017-04-20,"04","2017",8.89,27.7,"-13.975 144.425"
"3559271","2017-04-20T12:00:00Z",-14.025,144.425,"8.700000000000001",0,"27.580000000000002","0.51",0,2017-04-20,"04","2017",8.7,27.58,"-14.025 144.425"
"3560344","2017-04-20T12:00:00Z",-14.675,145.425,"7.890000000000001",0,"27.57","0.65",0,2017-04-20,"04","2017",7.89,27.57,"-14.675 145.425"
"3560348","2017-04-20T12:00:00Z",-14.675,145.625,"8.18",0,"27.7","0.66",0,2017-04-20,"04","2017",8.18,27.7,"-14.675 145.625"
"3560425","2017-04-20T12:00:00Z",-14.725,145.425,"7.69",0,"27.560000000000002","0.66",0,2017-04-20,"04","2017",7.69,27.56,"-14.725 145.425"
"3560507","2017-04-20T12:00:00Z",-14.775,145.475,"7.61",0,"27.62","0.7000000000000001",0,2017-04-20,"04","2017",7.61,27.62,"-14.775 145.475"
"3560997","2017-04-20T12:00:00Z",-15.075,145.675,"6.87",0,"27.76","0.75",0,2017-04-20,"04","2017",6.87,27.76,"-15.075 145.675"
"3593607","2017-04-27T12:00:00Z",-13.875,144.025,"6.69",0,"27.64","0.85",0,2017-04-27,"04","2017",6.69,27.64,"-13.875 144.025"
"3593689","2017-04-27T12:00:00Z",-13.925,144.075,"7.13",0,"27.62","0.84",0,2017-04-27,"04","2017",7.13,27.62,"-13.925 144.075"
"3593691","2017-04-27T12:00:00Z",-13.925,144.175,"7.86",0,"27.62","0.87",0,2017-04-27,"04","2017",7.86,27.62,"-13.925 144.175"
"3593692","2017-04-27T12:00:00Z",-13.925,144.225,"7.95",0,"27.68","0.92",0,2017-04-27,"04","2017",7.95,27.68,"-13.925 144.225"
"3593777","2017-04-27T12:00:00Z",-13.975,144.425,"7.4",0,"27.810000000000002","1.01",0,2017-04-27,"04","2017",7.4,27.81,"-13.975 144.425"
"3593858","2017-04-27T12:00:00Z",-14.025,144.425,"7.19",0,"27.7","0.93",0,2017-04-27,"04","2017",7.19,27.7,"-14.025 144.425"
"3594931","2017-04-27T12:00:00Z",-14.675,145.425,"6.74",0,"27.85","1.23",0,2017-04-27,"04","2017",6.74,27.85,"-14.675 145.425"
"3594935","2017-04-27T12:00:00Z",-14.675,145.625,"7.21",0,"28.04","1.27",0,2017-04-27,"04","2017",7.21,28.04,"-14.675 145.625"
"3595012","2017-04-27T12:00:00Z",-14.725,145.425,"6.51",0,"27.79","1.19",0,2017-04-27,"04","2017",6.51,27.79,"-14.725 145.425"
"3595094","2017-04-27T12:00:00Z",-14.775,145.475,"6.46",0,"27.830000000000002","1.21",0,2017-04-27,"04","2017",6.46,27.83,"-14.775 145.475"
"3595584","2017-04-27T12:00:00Z",-15.075,145.675,"5.97",0,"27.580000000000002","0.8300000000000001",0,2017-04-27,"04","2017",5.97,27.58,"-15.075 145.675"
"3628194","2017-05-04T12:00:00Z",-13.875,144.025,"5.36",0,"27.03","0.53",0,2017-05-04,"05","2017",5.36,27.03,"-13.875 144.025"
"3628276","2017-05-04T12:00:00Z",-13.925,144.075,"5.8100000000000005",0,"26.990000000000002","0.5",0,2017-05-04,"05","2017",5.81,26.99,"-13.925 144.075"
"3628278","2017-05-04T12:00:00Z",-13.925,144.175,"6.5",0,"26.990000000000002","0.53",0,2017-05-04,"05","2017",6.5,26.99,"-13.925 144.175"
"3628279","2017-05-04T12:00:00Z",-13.925,144.225,"6.58",0,"27.03","0.56",0,2017-05-04,"05","2017",6.58,27.03,"-13.925 144.225"
"3628364","2017-05-04T12:00:00Z",-13.975,144.425,"6.07",0,"27.1","0.6",0,2017-05-04,"05","2017",6.07,27.1,"-13.975 144.425"
"3628445","2017-05-04T12:00:00Z",-14.025,144.425,"5.87",0,"26.97","0.5",0,2017-05-04,"05","2017",5.87,26.97,"-14.025 144.425"
"3629518","2017-05-04T12:00:00Z",-14.675,145.425,"6.41",0,"26.78","0.45",0,2017-05-04,"05","2017",6.41,26.78,"-14.675 145.425"
"3629522","2017-05-04T12:00:00Z",-14.675,145.625,"6.75",0,"27.150000000000002","0.64",0,2017-05-04,"05","2017",6.75,27.15,"-14.675 145.625"
"3629599","2017-05-04T12:00:00Z",-14.725,145.425,"6.18",0,"26.76","0.46",0,2017-05-04,"05","2017",6.18,26.76,"-14.725 145.425"
"3629681","2017-05-04T12:00:00Z",-14.775,145.475,"6.13",0,"26.85","0.53",0,2017-05-04,"05","2017",6.13,26.85,"-14.775 145.475"
"3630171","2017-05-04T12:00:00Z",-15.075,145.675,"5.82",0,"27.150000000000002","0.67",0,2017-05-04,"05","2017",5.82,27.15,"-15.075 145.675"
"3662781","2017-05-11T12:00:00Z",-13.875,144.025,"4.74",0,"26.5","0.28",0,2017-05-11,"05","2017",4.74,26.5,"-13.875 144.025"
"3662863","2017-05-11T12:00:00Z",-13.925,144.075,"5.17",0,"26.42","0.21",0,2017-05-11,"05","2017",5.17,26.42,"-13.925 144.075"
"3662865","2017-05-11T12:00:00Z",-13.925,144.175,"5.7",0,"26.43","0.25",0,2017-05-11,"05","2017",5.7,26.43,"-13.925 144.175"
"3662866","2017-05-11T12:00:00Z",-13.925,144.225,"5.63",0,"26.5","0.32",0,2017-05-11,"05","2017",5.63,26.5,"-13.925 144.225"
"3662951","2017-05-11T12:00:00Z",-13.975,144.425,"5.13",0,"26.61","0.4",0,2017-05-11,"05","2017",5.13,26.61,"-13.975 144.425"
"3663032","2017-05-11T12:00:00Z",-14.025,144.425,"5.07",0,"26.5","0.33",0,2017-05-11,"05","2017",5.07,26.5,"-14.025 144.425"
"3664105","2017-05-11T12:00:00Z",-14.675,145.425,"6.2700000000000005",0,"26.42","0.39",0,2017-05-11,"05","2017",6.27,26.42,"-14.675 145.425"
"3664109","2017-05-11T12:00:00Z",-14.675,145.625,"6.6000000000000005",0,"26.67","0.43",0,2017-05-11,"05","2017",6.6,26.67,"-14.675 145.625"
"3664186","2017-05-11T12:00:00Z",-14.725,145.425,"6.18",0,"26.36","0.37",0,2017-05-11,"05","2017",6.18,26.36,"-14.725 145.425"
"3664268","2017-05-11T12:00:00Z",-14.775,145.475,"6.13",0,"26.42","0.4",0,2017-05-11,"05","2017",6.13,26.42,"-14.775 145.475"
"3664758","2017-05-11T12:00:00Z",-15.075,145.675,"5.82",0,"26.72","0.5",0,2017-05-11,"05","2017",5.82,26.72,"-15.075 145.675"
"3697368","2017-05-18T12:00:00Z",-13.875,144.025,"3.54",0,"26.080000000000002","0.17",0,2017-05-18,"05","2017",3.54,26.08,"-13.875 144.025"
"3697450","2017-05-18T12:00:00Z",-13.925,144.075,"3.95",0,"26.03","0.13",0,2017-05-18,"05","2017",3.95,26.03,"-13.925 144.075"
"3697452","2017-05-18T12:00:00Z",-13.925,144.175,"4.42",0,"26.04","0.17",0,2017-05-18,"05","2017",4.42,26.04,"-13.925 144.175"
"3697453","2017-05-18T12:00:00Z",-13.925,144.225,"4.34",0,"26.14","0.26",0,2017-05-18,"05","2017",4.34,26.14,"-13.925 144.225"
"3697538","2017-05-18T12:00:00Z",-13.975,144.425,"4.09",0,"26.51","0.6",0,2017-05-18,"05","2017",4.09,26.51,"-13.975 144.425"
"3697619","2017-05-18T12:00:00Z",-14.025,144.425,"4.04",0,"26.26","0.4",0,2017-05-18,"05","2017",4.04,26.26,"-14.025 144.425"
"3698692","2017-05-18T12:00:00Z",-14.675,145.425,"5.4",0,"26.2","0.48",0,2017-05-18,"05","2017",5.4,26.2,"-14.675 145.425"
"3698696","2017-05-18T12:00:00Z",-14.675,145.625,"5.73",0,"26.650000000000002","0.67",0,2017-05-18,"05","2017",5.73,26.65,"-14.675 145.625"
"3698773","2017-05-18T12:00:00Z",-14.725,145.425,"5.46",0,"26.11","0.43",0,2017-05-18,"05","2017",5.46,26.11,"-14.725 145.425"
"3698855","2017-05-18T12:00:00Z",-14.775,145.475,"5.5600000000000005",0,"26.18","0.46",0,2017-05-18,"05","2017",5.56,26.18,"-14.775 145.475"
"3699345","2017-05-18T12:00:00Z",-15.075,145.675,"5.33",0,"26.310000000000002","0.37",0,2017-05-18,"05","2017",5.33,26.31,"-15.075 145.675"
"3731955","2017-05-25T12:00:00Z",-13.875,144.025,"3.39",0,"25.88","0.3",0,2017-05-25,"05","2017",3.39,25.88,"-13.875 144.025"
"3732037","2017-05-25T12:00:00Z",-13.925,144.075,"3.64",0,"25.8","0.24",0,2017-05-25,"05","2017",3.64,25.8,"-13.925 144.075"
"3732039","2017-05-25T12:00:00Z",-13.925,144.175,"3.96",0,"25.830000000000002","0.28",0,2017-05-25,"05","2017",3.96,25.83,"-13.925 144.175"
"3732040","2017-05-25T12:00:00Z",-13.925,144.225,"3.88",0,"25.900000000000002","0.34",0,2017-05-25,"05","2017",3.88,25.9,"-13.925 144.225"
"3732125","2017-05-25T12:00:00Z",-13.975,144.425,"3.58",0,"26.1","0.5",0,2017-05-25,"05","2017",3.58,26.1,"-13.975 144.425"
"3732206","2017-05-25T12:00:00Z",-14.025,144.425,"3.56",0,"25.900000000000002","0.37",0,2017-05-25,"05","2017",3.56,25.9,"-14.025 144.425"
"3733279","2017-05-25T12:00:00Z",-14.675,145.425,"4.8100000000000005",0,"25.85","0.44",0,2017-05-25,"05","2017",4.81,25.85,"-14.675 145.425"
"3733283","2017-05-25T12:00:00Z",-14.675,145.625,"5.01",0,"26.48","0.77",0,2017-05-25,"05","2017",5.01,26.48,"-14.675 145.625"
"3733360","2017-05-25T12:00:00Z",-14.725,145.425,"4.87",0,"25.740000000000002","0.37",0,2017-05-25,"05","2017",4.87,25.74,"-14.725 145.425"
"3733442","2017-05-25T12:00:00Z",-14.775,145.475,"4.97",0,"25.8","0.39",0,2017-05-25,"05","2017",4.97,25.8,"-14.775 145.475"
"3733932","2017-05-25T12:00:00Z",-15.075,145.675,"5.0",0,"26.14","0.5",0,2017-05-25,"05","2017",5,26.14,"-15.075 145.675"
"3766542","2017-06-01T12:00:00Z",-13.875,144.025,"3.39",0,"25.5","0.25",0,2017-06-01,"06","2017",3.39,25.5,"-13.875 144.025"
"3766624","2017-06-01T12:00:00Z",-13.925,144.075,"3.64",0,"25.45","0.22",0,2017-06-01,"06","2017",3.64,25.45,"-13.925 144.075"
"3766626","2017-06-01T12:00:00Z",-13.925,144.175,"3.81",0,"25.46","0.24",0,2017-06-01,"06","2017",3.81,25.46,"-13.925 144.175"
"3766627","2017-06-01T12:00:00Z",-13.925,144.225,"3.72",0,"25.52","0.28",0,2017-06-01,"06","2017",3.72,25.52,"-13.925 144.225"
"3766712","2017-06-01T12:00:00Z",-13.975,144.425,"3.2600000000000002",0,"25.57","0.27",0,2017-06-01,"06","2017",3.26,25.57,"-13.975 144.425"
"3766793","2017-06-01T12:00:00Z",-14.025,144.425,"3.25",0,"25.42","0.22",0,2017-06-01,"06","2017",3.25,25.42,"-14.025 144.425"
"3767866","2017-06-01T12:00:00Z",-14.675,145.425,"4.32",0,"25.41","0.32",0,2017-06-01,"06","2017",4.32,25.41,"-14.675 145.425"
"3767870","2017-06-01T12:00:00Z",-14.675,145.625,"4.47",0,"25.66","0.22",0,2017-06-01,"06","2017",4.47,25.66,"-14.675 145.625"
"3767947","2017-06-01T12:00:00Z",-14.725,145.425,"4.36",0,"25.330000000000002","0.28",0,2017-06-01,"06","2017",4.36,25.33,"-14.725 145.425"
"3768029","2017-06-01T12:00:00Z",-14.775,145.475,"4.46",0,"25.36","0.26",0,2017-06-01,"06","2017",4.46,25.36,"-14.775 145.475"
"3768519","2017-06-01T12:00:00Z",-15.075,145.675,"4.3",0,"25.76","0.41000000000000003",0,2017-06-01,"06","2017",4.3,25.76,"-15.075 145.675"
"3801129","2017-06-08T12:00:00Z",-13.875,144.025,"2.91",0,"24.91","-0.01",0,2017-06-08,"06","2017",2.91,24.91,"-13.875 144.025"
"3801211","2017-06-08T12:00:00Z",-13.925,144.075,"3.15",0,"24.76","-0.13",0,2017-06-08,"06","2017",3.15,24.76,"-13.925 144.075"
"3801213","2017-06-08T12:00:00Z",-13.925,144.175,"3.35",0,"24.91","0.01",0,2017-06-08,"06","2017",3.35,24.91,"-13.925 144.175"
"3801214","2017-06-08T12:00:00Z",-13.925,144.225,"3.41",0,"25.12","0.2",0,2017-06-08,"06","2017",3.41,25.12,"-13.925 144.225"
"3801299","2017-06-08T12:00:00Z",-13.975,144.425,"3.2600000000000002",0,"25.52","0.53",0,2017-06-08,"06","2017",3.26,25.52,"-13.975 144.425"
"3801380","2017-06-08T12:00:00Z",-14.025,144.425,"3.25",0,"25.19","0.31",0,2017-06-08,"06","2017",3.25,25.19,"-14.025 144.425"
"3802453","2017-06-08T12:00:00Z",-14.675,145.425,"3.5100000000000002",0,"25.09","0.32",0,2017-06-08,"06","2017",3.51,25.09,"-14.675 145.425"
"3802457","2017-06-08T12:00:00Z",-14.675,145.625,"3.35",0,"25.63","0.45",0,2017-06-08,"06","2017",3.35,25.63,"-14.675 145.625"
"3802534","2017-06-08T12:00:00Z",-14.725,145.425,"3.5300000000000002",0,"24.990000000000002","0.26",0,2017-06-08,"06","2017",3.53,24.99,"-14.725 145.425"
"3802616","2017-06-08T12:00:00Z",-14.775,145.475,"3.48",0,"25.080000000000002","0.29",0,2017-06-08,"06","2017",3.48,25.08,"-14.775 145.475"
"3803106","2017-06-08T12:00:00Z",-15.075,145.675,"3.2800000000000002",0,"25.310000000000002","0.26",0,2017-06-08,"06","2017",3.28,25.31,"-15.075 145.675"
"3835716","2017-06-15T12:00:00Z",-13.875,144.025,"1.56",0,"24.52","-0.07",0,2017-06-15,"06","2017",1.56,24.52,"-13.875 144.025"
"3835798","2017-06-15T12:00:00Z",-13.925,144.075,"1.77",0,"24.45","-0.11",0,2017-06-15,"06","2017",1.77,24.45,"-13.925 144.075"
"3835800","2017-06-15T12:00:00Z",-13.925,144.175,"1.87",0,"24.580000000000002","0.01",0,2017-06-15,"06","2017",1.87,24.58,"-13.925 144.175"
"3835801","2017-06-15T12:00:00Z",-13.925,144.225,"1.8900000000000001",0,"24.64","0.04",0,2017-06-15,"06","2017",1.89,24.64,"-13.925 144.225"
"3835886","2017-06-15T12:00:00Z",-13.975,144.425,"1.72",0,"24.61","-0.08",0,2017-06-15,"06","2017",1.72,24.61,"-13.975 144.425"
"3835967","2017-06-15T12:00:00Z",-14.025,144.425,"1.74",0,"24.43","-0.12",0,2017-06-15,"06","2017",1.74,24.43,"-14.025 144.425"
"3837040","2017-06-15T12:00:00Z",-14.675,145.425,"1.92",0,"24.09","-0.36",0,2017-06-15,"06","2017",1.92,24.09,"-14.675 145.425"
"3837044","2017-06-15T12:00:00Z",-14.675,145.625,"1.83",0,"24.71","-0.2",0,2017-06-15,"06","2017",1.83,24.71,"-14.675 145.625"
"3837121","2017-06-15T12:00:00Z",-14.725,145.425,"1.96",0,"23.990000000000002","-0.42",0,2017-06-15,"06","2017",1.96,23.99,"-14.725 145.425"
"3837203","2017-06-15T12:00:00Z",-14.775,145.475,"1.92",0,"24.09","-0.39",0,2017-06-15,"06","2017",1.92,24.09,"-14.775 145.475"
"3837693","2017-06-15T12:00:00Z",-15.075,145.675,"1.52",0,"24.490000000000002","-0.26",0,2017-06-15,"06","2017",1.52,24.49,"-15.075 145.675"
"3870303","2017-06-22T12:00:00Z",-13.875,144.025,"0.37",0,"24.080000000000002","-0.33",0,2017-06-22,"06","2017",0.37,24.08,"-13.875 144.025"
"3870385","2017-06-22T12:00:00Z",-13.925,144.075,"0.55",0,"23.95","-0.43",0,2017-06-22,"06","2017",0.55,23.95,"-13.925 144.075"
"3870387","2017-06-22T12:00:00Z",-13.925,144.175,"0.61",0,"24.18","-0.22",0,2017-06-22,"06","2017",0.61,24.18,"-13.925 144.175"
"3870388","2017-06-22T12:00:00Z",-13.925,144.225,"0.63",0,"24.43","-0.01",0,2017-06-22,"06","2017",0.63,24.43,"-13.925 144.225"
"3870473","2017-06-22T12:00:00Z",-13.975,144.425,"0.51",0,"24.93","0.38",0,2017-06-22,"06","2017",0.51,24.93,"-13.975 144.425"
"3870554","2017-06-22T12:00:00Z",-14.025,144.425,"0.54",0,"24.53","0.12",0,2017-06-22,"06","2017",0.54,24.53,"-14.025 144.425"
"3871627","2017-06-22T12:00:00Z",-14.675,145.425,"0.65",0,"23.97","-0.32",0,2017-06-22,"06","2017",0.65,23.97,"-14.675 145.425"
"3871631","2017-06-22T12:00:00Z",-14.675,145.625,"0.59",0,"24.84","0.08",0,2017-06-22,"06","2017",0.59,24.84,"-14.675 145.625"
"3871708","2017-06-22T12:00:00Z",-14.725,145.425,"0.66",0,"23.88","-0.36",0,2017-06-22,"06","2017",0.66,23.88,"-14.725 145.425"
"3871790","2017-06-22T12:00:00Z",-14.775,145.475,"0.64",0,"24.060000000000002","-0.25",0,2017-06-22,"06","2017",0.64,24.06,"-14.775 145.475"
"3872280","2017-06-22T12:00:00Z",-15.075,145.675,"0.54",0,"24.82","0.2",0,2017-06-22,"06","2017",0.54,24.82,"-15.075 145.675"
"3904890","2017-06-29T12:00:00Z",-13.875,144.025,"0.0",0,"24.51","0.29",0,2017-06-29,"06","2017",0,24.51,"-13.875 144.025"
"3904972","2017-06-29T12:00:00Z",-13.925,144.075,"0.0",0,"24.44","0.24",0,2017-06-29,"06","2017",0,24.44,"-13.925 144.075"
"3904974","2017-06-29T12:00:00Z",-13.925,144.175,"0.0",0,"24.52","0.29",0,2017-06-29,"06","2017",0,24.52,"-13.925 144.175"
"3904975","2017-06-29T12:00:00Z",-13.925,144.225,"0.0",0,"24.560000000000002","0.28",0,2017-06-29,"06","2017",0,24.56,"-13.925 144.225"
"3905060","2017-06-29T12:00:00Z",-13.975,144.425,"0.0",0,"24.63","0.22",0,2017-06-29,"06","2017",0,24.63,"-13.975 144.425"
"3905141","2017-06-29T12:00:00Z",-14.025,144.425,"0.0",0,"24.51","0.25",0,2017-06-29,"06","2017",0,24.51,"-14.025 144.425"
"3906214","2017-06-29T12:00:00Z",-14.675,145.425,"0.0",0,"24.060000000000002","-0.06",0,2017-06-29,"06","2017",0,24.06,"-14.675 145.425"
"3906218","2017-06-29T12:00:00Z",-14.675,145.625,"0.0",0,"24.51","-0.1",0,2017-06-29,"06","2017",0,24.51,"-14.675 145.625"
"3906295","2017-06-29T12:00:00Z",-14.725,145.425,"0.0",0,"23.98","-0.1",0,2017-06-29,"06","2017",0,23.98,"-14.725 145.425"
"3906377","2017-06-29T12:00:00Z",-14.775,145.475,"0.0",0,"24.05","-0.1",0,2017-06-29,"06","2017",0,24.05,"-14.775 145.475"
"3906867","2017-06-29T12:00:00Z",-15.075,145.675,"0.0",0,"24.38","-0.1",0,2017-06-29,"06","2017",0,24.38,"-15.075 145.675"
"3939477","2017-07-06T12:00:00Z",-13.875,144.025,"0.0",0,"24.580000000000002","0.54",0,2017-07-06,"07","2017",0,24.58,"-13.875 144.025"
"3939559","2017-07-06T12:00:00Z",-13.925,144.075,"0.0",0,"24.57","0.56",0,2017-07-06,"07","2017",0,24.57,"-13.925 144.075"
"3939561","2017-07-06T12:00:00Z",-13.925,144.175,"0.0",0,"24.66","0.59",0,2017-07-06,"07","2017",0,24.66,"-13.925 144.175"
"3939562","2017-07-06T12:00:00Z",-13.925,144.225,"0.0",0,"24.740000000000002","0.62",0,2017-07-06,"07","2017",0,24.74,"-13.925 144.225"
"3939647","2017-07-06T12:00:00Z",-13.975,144.425,"0.0",0,"24.96","0.6900000000000001",0,2017-07-06,"07","2017",0,24.96,"-13.975 144.425"
"3939728","2017-07-06T12:00:00Z",-14.025,144.425,"0.0",0,"24.810000000000002","0.6900000000000001",0,2017-07-06,"07","2017",0,24.81,"-14.025 144.425"
"3940801","2017-07-06T12:00:00Z",-14.675,145.425,"0.0",0,"24.46","0.5",0,2017-07-06,"07","2017",0,24.46,"-14.675 145.425"
"3940805","2017-07-06T12:00:00Z",-14.675,145.625,"0.0",0,"25.03","0.58",0,2017-07-06,"07","2017",0,25.03,"-14.675 145.625"
"3940882","2017-07-06T12:00:00Z",-14.725,145.425,"0.0",0,"24.38","0.47000000000000003",0,2017-07-06,"07","2017",0,24.38,"-14.725 145.425"
"3940964","2017-07-06T12:00:00Z",-14.775,145.475,"0.0",0,"24.490000000000002","0.51",0,2017-07-06,"07","2017",0,24.49,"-14.775 145.475"
"3941454","2017-07-06T12:00:00Z",-15.075,145.675,"0.0",0,"24.79","0.44",0,2017-07-06,"07","2017",0,24.79,"-15.075 145.675"
"3974064","2017-07-13T12:00:00Z",-13.875,144.025,"0.0",0,"24.41","0.56",0,2017-07-13,"07","2017",0,24.41,"-13.875 144.025"
"3974146","2017-07-13T12:00:00Z",-13.925,144.075,"0.0",0,"24.38","0.55",0,2017-07-13,"07","2017",0,24.38,"-13.925 144.075"
"3974148","2017-07-13T12:00:00Z",-13.925,144.175,"0.0",0,"24.51","0.61",0,2017-07-13,"07","2017",0,24.51,"-13.925 144.175"
"3974149","2017-07-13T12:00:00Z",-13.925,144.225,"0.0",0,"24.62","0.65",0,2017-07-13,"07","2017",0,24.62,"-13.925 144.225"
"3974234","2017-07-13T12:00:00Z",-13.975,144.425,"0.0",0,"24.84","0.71",0,2017-07-13,"07","2017",0,24.84,"-13.975 144.425"
"3974315","2017-07-13T12:00:00Z",-14.025,144.425,"0.0",0,"24.69","0.72",0,2017-07-13,"07","2017",0,24.69,"-14.025 144.425"
"3975388","2017-07-13T12:00:00Z",-14.675,145.425,"0.0",0,"24.66","0.86",0,2017-07-13,"07","2017",0,24.66,"-14.675 145.425"
"3975392","2017-07-13T12:00:00Z",-14.675,145.625,"0.0",0,"25.21","0.91",0,2017-07-13,"07","2017",0,25.21,"-14.675 145.625"
"3975469","2017-07-13T12:00:00Z",-14.725,145.425,"0.0",0,"24.59","0.84",0,2017-07-13,"07","2017",0,24.59,"-14.725 145.425"
"3975551","2017-07-13T12:00:00Z",-14.775,145.475,"0.0",0,"24.67","0.85",0,2017-07-13,"07","2017",0,24.67,"-14.775 145.475"
"3976041","2017-07-13T12:00:00Z",-15.075,145.675,"0.0",0,"24.98","0.76",0,2017-07-13,"07","2017",0,24.98,"-15.075 145.675"
"4008651","2017-07-20T12:00:00Z",-13.875,144.025,"0.0",0,"24.43","0.64",0,2017-07-20,"07","2017",0,24.43,"-13.875 144.025"
"4008733","2017-07-20T12:00:00Z",-13.925,144.075,"0.0",0,"24.400000000000002","0.63",0,2017-07-20,"07","2017",0,24.4,"-13.925 144.075"
"4008735","2017-07-20T12:00:00Z",-13.925,144.175,"0.0",0,"24.47","0.63",0,2017-07-20,"07","2017",0,24.47,"-13.925 144.175"
"4008736","2017-07-20T12:00:00Z",-13.925,144.225,"0.0",0,"24.59","0.68",0,2017-07-20,"07","2017",0,24.59,"-13.925 144.225"
"4008821","2017-07-20T12:00:00Z",-13.975,144.425,"0.0",0,"24.91","0.8300000000000001",0,2017-07-20,"07","2017",0,24.91,"-13.975 144.425"
"4008902","2017-07-20T12:00:00Z",-14.025,144.425,"0.0",0,"24.67","0.75",0,2017-07-20,"07","2017",0,24.67,"-14.025 144.425"
"4009975","2017-07-20T12:00:00Z",-14.675,145.425,"0.0",0,"24.52","0.77",0,2017-07-20,"07","2017",0,24.52,"-14.675 145.425"
"4009979","2017-07-20T12:00:00Z",-14.675,145.625,"0.0",0,"25.1","0.87",0,2017-07-20,"07","2017",0,25.1,"-14.675 145.625"
"4010056","2017-07-20T12:00:00Z",-14.725,145.425,"0.0",0,"24.42","0.72",0,2017-07-20,"07","2017",0,24.42,"-14.725 145.425"
"4010138","2017-07-20T12:00:00Z",-14.775,145.475,"0.0",0,"24.490000000000002","0.73",0,2017-07-20,"07","2017",0,24.49,"-14.775 145.475"
"4010628","2017-07-20T12:00:00Z",-15.075,145.675,"0.0",0,"25.05","0.9",0,2017-07-20,"07","2017",0,25.05,"-15.075 145.675"
"4043238","2017-07-27T12:00:00Z",-13.875,144.025,"0.0",0,"24.34","0.56",0,2017-07-27,"07","2017",0,24.34,"-13.875 144.025"
"4043320","2017-07-27T12:00:00Z",-13.925,144.075,"0.0",0,"24.32","0.5700000000000001",0,2017-07-27,"07","2017",0,24.32,"-13.925 144.075"
"4043322","2017-07-27T12:00:00Z",-13.925,144.175,"0.0",0,"24.54","0.71",0,2017-07-27,"07","2017",0,24.54,"-13.925 144.175"
"4043323","2017-07-27T12:00:00Z",-13.925,144.225,"0.0",0,"24.7","0.81",0,2017-07-27,"07","2017",0,24.7,"-13.925 144.225"
"4043408","2017-07-27T12:00:00Z",-13.975,144.425,"0.0",0,"24.95","0.89",0,2017-07-27,"07","2017",0,24.95,"-13.975 144.425"
"4043489","2017-07-27T12:00:00Z",-14.025,144.425,"0.0",0,"24.73","0.8300000000000001",0,2017-07-27,"07","2017",0,24.73,"-14.025 144.425"
"4044562","2017-07-27T12:00:00Z",-14.675,145.425,"0.0",0,"24.57","0.8300000000000001",0,2017-07-27,"07","2017",0,24.57,"-14.675 145.425"
"4044566","2017-07-27T12:00:00Z",-14.675,145.625,"0.0",0,"25.150000000000002","0.96",0,2017-07-27,"07","2017",0,25.15,"-14.675 145.625"
"4044643","2017-07-27T12:00:00Z",-14.725,145.425,"0.0",0,"24.5","0.81",0,2017-07-27,"07","2017",0,24.5,"-14.725 145.425"
"4044725","2017-07-27T12:00:00Z",-14.775,145.475,"0.0",0,"24.6","0.85",0,2017-07-27,"07","2017",0,24.6,"-14.775 145.475"
"4045215","2017-07-27T12:00:00Z",-15.075,145.675,"0.0",0,"25.14","1.03",0,2017-07-27,"07","2017",0,25.14,"-15.075 145.675"
"4077825","2017-08-03T12:00:00Z",-13.875,144.025,"0.0",0,"24.55","0.79",0,2017-08-03,"08","2017",0,24.55,"-13.875 144.025"
"4077907","2017-08-03T12:00:00Z",-13.925,144.075,"0.0",0,"24.54","0.8",0,2017-08-03,"08","2017",0,24.54,"-13.925 144.075"
"4077909","2017-08-03T12:00:00Z",-13.925,144.175,"0.0",0,"24.76","0.9500000000000001",0,2017-08-03,"08","2017",0,24.76,"-13.925 144.175"
"4077910","2017-08-03T12:00:00Z",-13.925,144.225,"0.0",0,"24.85","0.97",0,2017-08-03,"08","2017",0,24.85,"-13.925 144.225"
"4077995","2017-08-03T12:00:00Z",-13.975,144.425,"0.0",0,"24.900000000000002","0.87",0,2017-08-03,"08","2017",0,24.9,"-13.975 144.425"
"4078076","2017-08-03T12:00:00Z",-14.025,144.425,"0.0",0,"24.75","0.86",0,2017-08-03,"08","2017",0,24.75,"-14.025 144.425"
"4079149","2017-08-03T12:00:00Z",-14.675,145.425,"0.0",0,"24.46","0.72",0,2017-08-03,"08","2017",0,24.46,"-14.675 145.425"
"4079153","2017-08-03T12:00:00Z",-14.675,145.625,"0.0",0,"24.94","0.78",0,2017-08-03,"08","2017",0,24.94,"-14.675 145.625"
"4079230","2017-08-03T12:00:00Z",-14.725,145.425,"0.0",0,"24.34","0.65",0,2017-08-03,"08","2017",0,24.34,"-14.725 145.425"
"4079312","2017-08-03T12:00:00Z",-14.775,145.475,"0.0",0,"24.42","0.68",0,2017-08-03,"08","2017",0,24.42,"-14.775 145.475"
"4079802","2017-08-03T12:00:00Z",-15.075,145.675,"0.0",0,"24.76","0.7000000000000001",0,2017-08-03,"08","2017",0,24.76,"-15.075 145.675"
"4112412","2017-08-10T12:00:00Z",-13.875,144.025,"0.0",0,"24.66","0.91",0,2017-08-10,"08","2017",0,24.66,"-13.875 144.025"
"4112494","2017-08-10T12:00:00Z",-13.925,144.075,"0.0",0,"24.62","0.9",0,2017-08-10,"08","2017",0,24.62,"-13.925 144.075"
"4112496","2017-08-10T12:00:00Z",-13.925,144.175,"0.0",0,"24.73","0.93",0,2017-08-10,"08","2017",0,24.73,"-13.925 144.175"
"4112497","2017-08-10T12:00:00Z",-13.925,144.225,"0.0",0,"24.84","0.98",0,2017-08-10,"08","2017",0,24.84,"-13.925 144.225"
"4112582","2017-08-10T12:00:00Z",-13.975,144.425,"0.0",0,"25.16","1.1500000000000001",0,2017-08-10,"08","2017",0,25.16,"-13.975 144.425"
"4112663","2017-08-10T12:00:00Z",-14.025,144.425,"0.0",0,"25.04","1.17",0,2017-08-10,"08","2017",0,25.04,"-14.025 144.425"
"4113736","2017-08-10T12:00:00Z",-14.675,145.425,"0.0",0,"25.060000000000002","1.33",0,2017-08-10,"08","2017",0,25.06,"-14.675 145.425"
"4113740","2017-08-10T12:00:00Z",-14.675,145.625,"0.0",0,"25.43","1.31",0,2017-08-10,"08","2017",0,25.43,"-14.675 145.625"
"4113817","2017-08-10T12:00:00Z",-14.725,145.425,"0.0",0,"24.97","1.29",0,2017-08-10,"08","2017",0,24.97,"-14.725 145.425"
"4113899","2017-08-10T12:00:00Z",-14.775,145.475,"0.0",0,"24.990000000000002","1.26",0,2017-08-10,"08","2017",0,24.99,"-14.775 145.475"
"4114389","2017-08-10T12:00:00Z",-15.075,145.675,"0.0",0,"25.5","1.48",0,2017-08-10,"08","2017",0,25.5,"-15.075 145.675"
"4146999","2017-08-17T12:00:00Z",-13.875,144.025,"0.0",0,"24.79","1.0",0,2017-08-17,"08","2017",0,24.79,"-13.875 144.025"
"4147081","2017-08-17T12:00:00Z",-13.925,144.075,"0.0",0,"24.740000000000002","0.98",0,2017-08-17,"08","2017",0,24.74,"-13.925 144.075"
"4147083","2017-08-17T12:00:00Z",-13.925,144.175,"0.0",0,"24.86","1.02",0,2017-08-17,"08","2017",0,24.86,"-13.925 144.175"
"4147084","2017-08-17T12:00:00Z",-13.925,144.225,"0.0",0,"24.95","1.06",0,2017-08-17,"08","2017",0,24.95,"-13.925 144.225"
"4147169","2017-08-17T12:00:00Z",-13.975,144.425,"0.0",0,"25.11","1.07",0,2017-08-17,"08","2017",0,25.11,"-13.975 144.425"
"4147250","2017-08-17T12:00:00Z",-14.025,144.425,"0.0",0,"24.95","1.04",0,2017-08-17,"08","2017",0,24.95,"-14.025 144.425"
"4148323","2017-08-17T12:00:00Z",-14.675,145.425,"0.0",0,"24.990000000000002","1.21",0,2017-08-17,"08","2017",0,24.99,"-14.675 145.425"
"4148327","2017-08-17T12:00:00Z",-14.675,145.625,"0.0",0,"25.37","1.24",0,2017-08-17,"08","2017",0,25.37,"-14.675 145.625"
"4148404","2017-08-17T12:00:00Z",-14.725,145.425,"0.0",0,"24.900000000000002","1.17",0,2017-08-17,"08","2017",0,24.9,"-14.725 145.425"
"4148486","2017-08-17T12:00:00Z",-14.775,145.475,"0.0",0,"24.96","1.19",0,2017-08-17,"08","2017",0,24.96,"-14.775 145.475"
"4148976","2017-08-17T12:00:00Z",-15.075,145.675,"0.0",0,"25.39","1.36",0,2017-08-17,"08","2017",0,25.39,"-15.075 145.675"
"4181586","2017-08-24T12:00:00Z",-13.875,144.025,"0.0",0,"24.43","0.46",0,2017-08-24,"08","2017",0,24.43,"-13.875 144.025"
"4181668","2017-08-24T12:00:00Z",-13.925,144.075,"0.0",0,"24.42","0.48",0,2017-08-24,"08","2017",0,24.42,"-13.925 144.075"
"4181670","2017-08-24T12:00:00Z",-13.925,144.175,"0.0",0,"24.6","0.6",0,2017-08-24,"08","2017",0,24.6,"-13.925 144.175"
"4181671","2017-08-24T12:00:00Z",-13.925,144.225,"0.0",0,"24.740000000000002","0.7000000000000001",0,2017-08-24,"08","2017",0,24.74,"-13.925 144.225"
"4181756","2017-08-24T12:00:00Z",-13.975,144.425,"0.0",0,"25.02","0.84",0,2017-08-24,"08","2017",0,25.02,"-13.975 144.425"
"4181837","2017-08-24T12:00:00Z",-14.025,144.425,"0.0",0,"24.86","0.79",0,2017-08-24,"08","2017",0,24.86,"-14.025 144.425"
"4182910","2017-08-24T12:00:00Z",-14.675,145.425,"0.0",0,"24.72","0.77",0,2017-08-24,"08","2017",0,24.72,"-14.675 145.425"
"4182914","2017-08-24T12:00:00Z",-14.675,145.625,"0.0",0,"25.04","0.79",0,2017-08-24,"08","2017",0,25.04,"-14.675 145.625"
"4182991","2017-08-24T12:00:00Z",-14.725,145.425,"0.0",0,"24.64","0.74",0,2017-08-24,"08","2017",0,24.64,"-14.725 145.425"
"4183073","2017-08-24T12:00:00Z",-14.775,145.475,"0.0",0,"24.68","0.75",0,2017-08-24,"08","2017",0,24.68,"-14.775 145.475"
"4183563","2017-08-24T12:00:00Z",-15.075,145.675,"0.0",0,"24.990000000000002","0.8300000000000001",0,2017-08-24,"08","2017",0,24.99,"-15.075 145.675"
"4216173","2017-08-31T12:00:00Z",-13.875,144.025,"0.0",0,"24.330000000000002","0.19",0,2017-08-31,"08","2017",0,24.33,"-13.875 144.025"
"4216255","2017-08-31T12:00:00Z",-13.925,144.075,"0.0",0,"24.32","0.2",0,2017-08-31,"08","2017",0,24.32,"-13.925 144.075"
"4216257","2017-08-31T12:00:00Z",-13.925,144.175,"0.0",0,"24.400000000000002","0.24",0,2017-08-31,"08","2017",0,24.4,"-13.925 144.175"
"4216258","2017-08-31T12:00:00Z",-13.925,144.225,"0.0",0,"24.490000000000002","0.29",0,2017-08-31,"08","2017",0,24.49,"-13.925 144.225"
"4216343","2017-08-31T12:00:00Z",-13.975,144.425,"0.0",0,"24.650000000000002","0.33",0,2017-08-31,"08","2017",0,24.65,"-13.975 144.425"
"4216424","2017-08-31T12:00:00Z",-14.025,144.425,"0.0",0,"24.52","0.29",0,2017-08-31,"08","2017",0,24.52,"-14.025 144.425"
"4217497","2017-08-31T12:00:00Z",-14.675,145.425,"0.0",0,"24.64","0.52",0,2017-08-31,"08","2017",0,24.64,"-14.675 145.425"
"4217501","2017-08-31T12:00:00Z",-14.675,145.625,"0.0",0,"24.94","0.5700000000000001",0,2017-08-31,"08","2017",0,24.94,"-14.675 145.625"
"4217578","2017-08-31T12:00:00Z",-14.725,145.425,"0.0",0,"24.61","0.54",0,2017-08-31,"08","2017",0,24.61,"-14.725 145.425"
"4217660","2017-08-31T12:00:00Z",-14.775,145.475,"0.0",0,"24.67","0.5700000000000001",0,2017-08-31,"08","2017",0,24.67,"-14.775 145.475"
"4218150","2017-08-31T12:00:00Z",-15.075,145.675,"0.0",0,"24.98","0.6900000000000001",0,2017-08-31,"08","2017",0,24.98,"-15.075 145.675"
"4250760","2017-09-07T12:00:00Z",-13.875,144.025,"0.0",0,"24.650000000000002","0.33",0,2017-09-07,"09","2017",0,24.65,"-13.875 144.025"
"4250842","2017-09-07T12:00:00Z",-13.925,144.075,"0.0",0,"24.57","0.27",0,2017-09-07,"09","2017",0,24.57,"-13.925 144.075"
"4250844","2017-09-07T12:00:00Z",-13.925,144.175,"0.0",0,"24.54","0.22",0,2017-09-07,"09","2017",0,24.54,"-13.925 144.175"
"4250845","2017-09-07T12:00:00Z",-13.925,144.225,"0.0",0,"24.6","0.25",0,2017-09-07,"09","2017",0,24.6,"-13.925 144.225"
"4250930","2017-09-07T12:00:00Z",-13.975,144.425,"0.0",0,"24.900000000000002","0.44",0,2017-09-07,"09","2017",0,24.9,"-13.975 144.425"
"4251011","2017-09-07T12:00:00Z",-14.025,144.425,"0.0",0,"24.79","0.4",0,2017-09-07,"09","2017",0,24.79,"-14.025 144.425"
"4252084","2017-09-07T12:00:00Z",-14.675,145.425,"0.0",0,"24.69","0.4",0,2017-09-07,"09","2017",0,24.69,"-14.675 145.425"
"4252088","2017-09-07T12:00:00Z",-14.675,145.625,"0.0",0,"24.830000000000002","0.33",0,2017-09-07,"09","2017",0,24.83,"-14.675 145.625"
"4252165","2017-09-07T12:00:00Z",-14.725,145.425,"0.0",0,"24.6","0.36",0,2017-09-07,"09","2017",0,24.6,"-14.725 145.425"
"4252247","2017-09-07T12:00:00Z",-14.775,145.475,"0.0",0,"24.59","0.33",0,2017-09-07,"09","2017",0,24.59,"-14.775 145.475"
"4252737","2017-09-07T12:00:00Z",-15.075,145.675,"0.0",0,"25.02","0.6",0,2017-09-07,"09","2017",0,25.02,"-15.075 145.675"
"4285347","2017-09-14T12:00:00Z",-13.875,144.025,"0.0",0,"24.52","0.03",0,2017-09-14,"09","2017",0,24.52,"-13.875 144.025"
"4285429","2017-09-14T12:00:00Z",-13.925,144.075,"0.0",0,"24.44","-0.03",0,2017-09-14,"09","2017",0,24.44,"-13.925 144.075"
"4285431","2017-09-14T12:00:00Z",-13.925,144.175,"0.0",0,"24.44","-0.04",0,2017-09-14,"09","2017",0,24.44,"-13.925 144.175"
"4285432","2017-09-14T12:00:00Z",-13.925,144.225,"0.0",0,"24.51","0.01",0,2017-09-14,"09","2017",0,24.51,"-13.925 144.225"
"4285517","2017-09-14T12:00:00Z",-13.975,144.425,"0.0",0,"24.77","0.17",0,2017-09-14,"09","2017",0,24.77,"-13.975 144.425"
"4285598","2017-09-14T12:00:00Z",-14.025,144.425,"0.0",0,"24.66","0.1",0,2017-09-14,"09","2017",0,24.66,"-14.025 144.425"
"4286671","2017-09-14T12:00:00Z",-14.675,145.425,"0.0",0,"24.89","0.43",0,2017-09-14,"09","2017",0,24.89,"-14.675 145.425"
"4286675","2017-09-14T12:00:00Z",-14.675,145.625,"0.0",0,"25.11","0.49",0,2017-09-14,"09","2017",0,25.11,"-14.675 145.625"
"4286752","2017-09-14T12:00:00Z",-14.725,145.425,"0.0",0,"24.830000000000002","0.41000000000000003",0,2017-09-14,"09","2017",0,24.83,"-14.725 145.425"
"4286834","2017-09-14T12:00:00Z",-14.775,145.475,"0.0",0,"24.84","0.41000000000000003",0,2017-09-14,"09","2017",0,24.84,"-14.775 145.475"
"4287324","2017-09-14T12:00:00Z",-15.075,145.675,"0.0",0,"24.8","0.25",0,2017-09-14,"09","2017",0,24.8,"-15.075 145.675"
"4319934","2017-09-21T12:00:00Z",-13.875,144.025,"0.0",0,"24.84","0.07",0,2017-09-21,"09","2017",0,24.84,"-13.875 144.025"
"4320016","2017-09-21T12:00:00Z",-13.925,144.075,"0.0",0,"24.84","0.08",0,2017-09-21,"09","2017",0,24.84,"-13.925 144.075"
"4320018","2017-09-21T12:00:00Z",-13.925,144.175,"0.0",0,"24.810000000000002","0.07",0,2017-09-21,"09","2017",0,24.81,"-13.925 144.175"
"4320019","2017-09-21T12:00:00Z",-13.925,144.225,"0.0",0,"24.79","0.03",0,2017-09-21,"09","2017",0,24.79,"-13.925 144.225"
"4320104","2017-09-21T12:00:00Z",-13.975,144.425,"0.0",0,"24.8","-0.04",0,2017-09-21,"09","2017",0,24.8,"-13.975 144.425"
"4320185","2017-09-21T12:00:00Z",-14.025,144.425,"0.0",0,"24.810000000000002","-0.01",0,2017-09-21,"09","2017",0,24.81,"-14.025 144.425"
"4321258","2017-09-21T12:00:00Z",-14.675,145.425,"0.0",0,"24.61","-0.11",0,2017-09-21,"09","2017",0,24.61,"-14.675 145.425"
"4321262","2017-09-21T12:00:00Z",-14.675,145.625,"0.0",0,"24.84","0.0",0,2017-09-21,"09","2017",0,24.84,"-14.675 145.625"
"4321339","2017-09-21T12:00:00Z",-14.725,145.425,"0.0",0,"24.55","-0.14",0,2017-09-21,"09","2017",0,24.55,"-14.725 145.425"
"4321421","2017-09-21T12:00:00Z",-14.775,145.475,"0.0",0,"24.59","-0.11",0,2017-09-21,"09","2017",0,24.59,"-14.775 145.475"
"4321911","2017-09-21T12:00:00Z",-15.075,145.675,"0.0",0,"24.73","-0.06",0,2017-09-21,"09","2017",0,24.73,"-15.075 145.675"
"4354521","2017-09-28T12:00:00Z",-13.875,144.025,"0.0",0,"25.330000000000002","0.26",0,2017-09-28,"09","2017",0,25.33,"-13.875 144.025"
"4354603","2017-09-28T12:00:00Z",-13.925,144.075,"0.0",0,"25.310000000000002","0.25",0,2017-09-28,"09","2017",0,25.31,"-13.925 144.075"
"4354605","2017-09-28T12:00:00Z",-13.925,144.175,"0.0",0,"25.28","0.25",0,2017-09-28,"09","2017",0,25.28,"-13.925 144.175"
"4354606","2017-09-28T12:00:00Z",-13.925,144.225,"0.0",0,"25.28","0.25",0,2017-09-28,"09","2017",0,25.28,"-13.925 144.225"
"4354691","2017-09-28T12:00:00Z",-13.975,144.425,"0.0",0,"25.32","0.22",0,2017-09-28,"09","2017",0,25.32,"-13.975 144.425"
"4354772","2017-09-28T12:00:00Z",-14.025,144.425,"0.0",0,"25.310000000000002","0.22",0,2017-09-28,"09","2017",0,25.31,"-14.025 144.425"
"4355845","2017-09-28T12:00:00Z",-14.675,145.425,"0.0",0,"25.36","0.36",0,2017-09-28,"09","2017",0,25.36,"-14.675 145.425"
"4355849","2017-09-28T12:00:00Z",-14.675,145.625,"0.0",0,"25.490000000000002","0.41000000000000003",0,2017-09-28,"09","2017",0,25.49,"-14.675 145.625"
"4355926","2017-09-28T12:00:00Z",-14.725,145.425,"0.0",0,"25.29","0.3",0,2017-09-28,"09","2017",0,25.29,"-14.725 145.425"
"4356008","2017-09-28T12:00:00Z",-14.775,145.475,"0.0",0,"25.27","0.29",0,2017-09-28,"09","2017",0,25.27,"-14.775 145.475"
"4356498","2017-09-28T12:00:00Z",-15.075,145.675,"0.0",0,"25.26","0.21",0,2017-09-28,"09","2017",0,25.26,"-15.075 145.675"
"4389108","2017-10-05T12:00:00Z",-13.875,144.025,"0.0",0,"26.07","0.7000000000000001",0,2017-10-05,"10","2017",0,26.07,"-13.875 144.025"
"4389190","2017-10-05T12:00:00Z",-13.925,144.075,"0.0",0,"26.07","0.71",0,2017-10-05,"10","2017",0,26.07,"-13.925 144.075"
"4389192","2017-10-05T12:00:00Z",-13.925,144.175,"0.0",0,"25.85","0.54",0,2017-10-05,"10","2017",0,25.85,"-13.925 144.175"
"4389193","2017-10-05T12:00:00Z",-13.925,144.225,"0.0",0,"25.740000000000002","0.43",0,2017-10-05,"10","2017",0,25.74,"-13.925 144.225"
"4389278","2017-10-05T12:00:00Z",-13.975,144.425,"0.0",0,"25.66","0.3",0,2017-10-05,"10","2017",0,25.66,"-13.975 144.425"
"4389359","2017-10-05T12:00:00Z",-14.025,144.425,"0.0",0,"25.69","0.32",0,2017-10-05,"10","2017",0,25.69,"-14.025 144.425"
"4390432","2017-10-05T12:00:00Z",-14.675,145.425,"0.0",0,"25.5","0.21",0,2017-10-05,"10","2017",0,25.5,"-14.675 145.425"
"4390436","2017-10-05T12:00:00Z",-14.675,145.625,"0.0",0,"25.490000000000002","0.17",0,2017-10-05,"10","2017",0,25.49,"-14.675 145.625"
"4390513","2017-10-05T12:00:00Z",-14.725,145.425,"0.0",0,"25.51","0.23",0,2017-10-05,"10","2017",0,25.51,"-14.725 145.425"
"4390595","2017-10-05T12:00:00Z",-14.775,145.475,"0.0",0,"25.51","0.24",0,2017-10-05,"10","2017",0,25.51,"-14.775 145.475"
"4391085","2017-10-05T12:00:00Z",-15.075,145.675,"0.0",0,"25.54","0.24",0,2017-10-05,"10","2017",0,25.54,"-15.075 145.675"
"4423695","2017-10-12T12:00:00Z",-13.875,144.025,"0.0",0,"26.36","0.7000000000000001",0,2017-10-12,"10","2017",0,26.36,"-13.875 144.025"
"4423777","2017-10-12T12:00:00Z",-13.925,144.075,"0.0",0,"26.45","0.79",0,2017-10-12,"10","2017",0,26.45,"-13.925 144.075"
"4423779","2017-10-12T12:00:00Z",-13.925,144.175,"0.0",0,"26.48","0.88",0,2017-10-12,"10","2017",0,26.48,"-13.925 144.175"
"4423780","2017-10-12T12:00:00Z",-13.925,144.225,"0.0",0,"26.46","0.88",0,2017-10-12,"10","2017",0,26.46,"-13.925 144.225"
"4423865","2017-10-12T12:00:00Z",-13.975,144.425,"0.0",0,"26.42","0.8",0,2017-10-12,"10","2017",0,26.42,"-13.975 144.425"
"4423946","2017-10-12T12:00:00Z",-14.025,144.425,"0.0",0,"26.46","0.8200000000000001",0,2017-10-12,"10","2017",0,26.46,"-14.025 144.425"
"4425019","2017-10-12T12:00:00Z",-14.675,145.425,"0.0",0,"26.21","0.64",0,2017-10-12,"10","2017",0,26.21,"-14.675 145.425"
"4425023","2017-10-12T12:00:00Z",-14.675,145.625,"0.0",0,"26.1","0.54",0,2017-10-12,"10","2017",0,26.1,"-14.675 145.625"
"4425100","2017-10-12T12:00:00Z",-14.725,145.425,"0.0",0,"26.22","0.65",0,2017-10-12,"10","2017",0,26.22,"-14.725 145.425"
"4425182","2017-10-12T12:00:00Z",-14.775,145.475,"0.0",0,"26.17","0.61",0,2017-10-12,"10","2017",0,26.17,"-14.775 145.475"
"4425672","2017-10-12T12:00:00Z",-15.075,145.675,"0.0",0,"26.14","0.58",0,2017-10-12,"10","2017",0,26.14,"-15.075 145.675"
"4458282","2017-10-19T12:00:00Z",-13.875,144.025,"0.0",0,"26.240000000000002","0.24",0,2017-10-19,"10","2017",0,26.24,"-13.875 144.025"
"4458364","2017-10-19T12:00:00Z",-13.925,144.075,"0.0",0,"26.2","0.21",0,2017-10-19,"10","2017",0,26.2,"-13.925 144.075"
"4458366","2017-10-19T12:00:00Z",-13.925,144.175,"0.0",0,"26.11","0.19",0,2017-10-19,"10","2017",0,26.11,"-13.925 144.175"
"4458367","2017-10-19T12:00:00Z",-13.925,144.225,"0.0",0,"26.1","0.21",0,2017-10-19,"10","2017",0,26.1,"-13.925 144.225"
"4458452","2017-10-19T12:00:00Z",-13.975,144.425,"0.0",0,"26.22","0.31",0,2017-10-19,"10","2017",0,26.22,"-13.975 144.425"
"4458533","2017-10-19T12:00:00Z",-14.025,144.425,"0.0",0,"26.25","0.3",0,2017-10-19,"10","2017",0,26.25,"-14.025 144.425"
"4459606","2017-10-19T12:00:00Z",-14.675,145.425,"0.0",0,"25.96","0.09",0,2017-10-19,"10","2017",0,25.96,"-14.675 145.425"
"4459610","2017-10-19T12:00:00Z",-14.675,145.625,"0.0",0,"25.93","0.09",0,2017-10-19,"10","2017",0,25.93,"-14.675 145.625"
"4459687","2017-10-19T12:00:00Z",-14.725,145.425,"0.0",0,"25.96","0.07",0,2017-10-19,"10","2017",0,25.96,"-14.725 145.425"
"4459769","2017-10-19T12:00:00Z",-14.775,145.475,"0.0",0,"25.93","0.06",0,2017-10-19,"10","2017",0,25.93,"-14.775 145.475"
"4460259","2017-10-19T12:00:00Z",-15.075,145.675,"0.0",0,"25.900000000000002","0.05",0,2017-10-19,"10","2017",0,25.9,"-15.075 145.675"
"4492869","2017-10-26T12:00:00Z",-13.875,144.025,"0.0",0,"26.59","0.24",0,2017-10-26,"10","2017",0,26.59,"-13.875 144.025"
"4492951","2017-10-26T12:00:00Z",-13.925,144.075,"0.0",0,"26.580000000000002","0.23",0,2017-10-26,"10","2017",0,26.58,"-13.925 144.075"
"4492953","2017-10-26T12:00:00Z",-13.925,144.175,"0.0",0,"26.47","0.21",0,2017-10-26,"10","2017",0,26.47,"-13.925 144.175"
"4492954","2017-10-26T12:00:00Z",-13.925,144.225,"0.0",0,"26.42","0.19",0,2017-10-26,"10","2017",0,26.42,"-13.925 144.225"
"4493039","2017-10-26T12:00:00Z",-13.975,144.425,"0.0",0,"26.37","0.14",0,2017-10-26,"10","2017",0,26.37,"-13.975 144.425"
"4493120","2017-10-26T12:00:00Z",-14.025,144.425,"0.0",0,"26.39","0.12",0,2017-10-26,"10","2017",0,26.39,"-14.025 144.425"
"4494193","2017-10-26T12:00:00Z",-14.675,145.425,"0.0",0,"26.27","0.07",0,2017-10-26,"10","2017",0,26.27,"-14.675 145.425"
"4494197","2017-10-26T12:00:00Z",-14.675,145.625,"0.0",0,"26.27","0.13",0,2017-10-26,"10","2017",0,26.27,"-14.675 145.625"
"4494274","2017-10-26T12:00:00Z",-14.725,145.425,"0.0",0,"26.29","0.08",0,2017-10-26,"10","2017",0,26.29,"-14.725 145.425"
"4494356","2017-10-26T12:00:00Z",-14.775,145.475,"0.0",0,"26.3","0.11",0,2017-10-26,"10","2017",0,26.3,"-14.775 145.475"
"4494846","2017-10-26T12:00:00Z",-15.075,145.675,"0.0",0,"26.26","0.11",0,2017-10-26,"10","2017",0,26.26,"-15.075 145.675"
"4527456","2017-11-02T12:00:00Z",-13.875,144.025,"0.0",0,"27.98","1.27",0,2017-11-02,"11","2017",0,27.98,"-13.875 144.025"
"4527538","2017-11-02T12:00:00Z",-13.925,144.075,"0.0",0,"27.990000000000002","1.29",0,2017-11-02,"11","2017",0,27.99,"-13.925 144.075"
"4527540","2017-11-02T12:00:00Z",-13.925,144.175,"0.0",0,"27.85","1.24",0,2017-11-02,"11","2017",0,27.85,"-13.925 144.175"
"4527541","2017-11-02T12:00:00Z",-13.925,144.225,"0.0",0,"27.77","1.2",0,2017-11-02,"11","2017",0,27.77,"-13.925 144.225"
"4527626","2017-11-02T12:00:00Z",-13.975,144.425,"0.0",0,"27.580000000000002","1.03",0,2017-11-02,"11","2017",0,27.58,"-13.975 144.425"
"4527707","2017-11-02T12:00:00Z",-14.025,144.425,"0.0",0,"27.61","1.01",0,2017-11-02,"11","2017",0,27.61,"-14.025 144.425"
"4528780","2017-11-02T12:00:00Z",-14.675,145.425,"0.0",0,"27.44","0.92",0,2017-11-02,"11","2017",0,27.44,"-14.675 145.425"
"4528784","2017-11-02T12:00:00Z",-14.675,145.625,"0.0",0,"27.32","0.87",0,2017-11-02,"11","2017",0,27.32,"-14.675 145.625"
"4528861","2017-11-02T12:00:00Z",-14.725,145.425,"0.0",0,"27.5","0.96",0,2017-11-02,"11","2017",0,27.5,"-14.725 145.425"
"4528943","2017-11-02T12:00:00Z",-14.775,145.475,"0.0",0,"27.48","0.96",0,2017-11-02,"11","2017",0,27.48,"-14.775 145.475"
"4529433","2017-11-02T12:00:00Z",-15.075,145.675,"0.0",0,"27.41","0.9500000000000001",0,2017-11-02,"11","2017",0,27.41,"-15.075 145.675"
"4562043","2017-11-09T12:00:00Z",-13.875,144.025,"0.0",0,"27.67","0.6",0,2017-11-09,"11","2017",0,27.67,"-13.875 144.025"
"4562125","2017-11-09T12:00:00Z",-13.925,144.075,"0.0",0,"27.68","0.62",0,2017-11-09,"11","2017",0,27.68,"-13.925 144.075"
"4562127","2017-11-09T12:00:00Z",-13.925,144.175,"0.0",0,"27.5","0.55",0,2017-11-09,"11","2017",0,27.5,"-13.925 144.175"
"4562128","2017-11-09T12:00:00Z",-13.925,144.225,"0.0",0,"27.45","0.54",0,2017-11-09,"11","2017",0,27.45,"-13.925 144.225"
"4562213","2017-11-09T12:00:00Z",-13.975,144.425,"0.0",0,"27.42","0.55",0,2017-11-09,"11","2017",0,27.42,"-13.975 144.425"
"4562294","2017-11-09T12:00:00Z",-14.025,144.425,"0.0",0,"27.47","0.55",0,2017-11-09,"11","2017",0,27.47,"-14.025 144.425"
"4563367","2017-11-09T12:00:00Z",-14.675,145.425,"0.0",0,"27.330000000000002","0.49",0,2017-11-09,"11","2017",0,27.33,"-14.675 145.425"
"4563371","2017-11-09T12:00:00Z",-14.675,145.625,"0.0",0,"27.330000000000002","0.5700000000000001",0,2017-11-09,"11","2017",0,27.33,"-14.675 145.625"
"4563448","2017-11-09T12:00:00Z",-14.725,145.425,"0.0",0,"27.38","0.52",0,2017-11-09,"11","2017",0,27.38,"-14.725 145.425"
"4563530","2017-11-09T12:00:00Z",-14.775,145.475,"0.0",0,"27.38","0.53",0,2017-11-09,"11","2017",0,27.38,"-14.775 145.475"
"4564020","2017-11-09T12:00:00Z",-15.075,145.675,"0.0",0,"27.26","0.49",0,2017-11-09,"11","2017",0,27.26,"-15.075 145.675"
"4596630","2017-11-16T12:00:00Z",-13.875,144.025,"0.0",0,"27.47","0.06",0,2017-11-16,"11","2017",0,27.47,"-13.875 144.025"
"4596712","2017-11-16T12:00:00Z",-13.925,144.075,"0.0",0,"27.46","0.07",0,2017-11-16,"11","2017",0,27.46,"-13.925 144.075"
"4596714","2017-11-16T12:00:00Z",-13.925,144.175,"0.0",0,"27.42","0.14",0,2017-11-16,"11","2017",0,27.42,"-13.925 144.175"
"4596715","2017-11-16T12:00:00Z",-13.925,144.225,"0.0",0,"27.39","0.16",0,2017-11-16,"11","2017",0,27.39,"-13.925 144.225"
"4596800","2017-11-16T12:00:00Z",-13.975,144.425,"0.0",0,"27.42","0.25",0,2017-11-16,"11","2017",0,27.42,"-13.975 144.425"
"4596881","2017-11-16T12:00:00Z",-14.025,144.425,"0.0",0,"27.36","0.13",0,2017-11-16,"11","2017",0,27.36,"-14.025 144.425"
"4597954","2017-11-16T12:00:00Z",-14.675,145.425,"0.0",0,"27.16","0.01",0,2017-11-16,"11","2017",0,27.16,"-14.675 145.425"
"4597958","2017-11-16T12:00:00Z",-14.675,145.625,"0.0",0,"27.34","0.29",0,2017-11-16,"11","2017",0,27.34,"-14.675 145.625"
"4598035","2017-11-16T12:00:00Z",-14.725,145.425,"0.0",0,"27.150000000000002","-0.02",0,2017-11-16,"11","2017",0,27.15,"-14.725 145.425"
"4598117","2017-11-16T12:00:00Z",-14.775,145.475,"0.0",0,"27.14","-0.02",0,2017-11-16,"11","2017",0,27.14,"-14.775 145.475"
"4598607","2017-11-16T12:00:00Z",-15.075,145.675,"0.0",0,"27.14","0.08",0,2017-11-16,"11","2017",0,27.14,"-15.075 145.675"
"4631217","2017-11-23T12:00:00Z",-13.875,144.025,"0.0",0,"27.54","-0.09",0,2017-11-23,"11","2017",0,27.54,"-13.875 144.025"
"4631299","2017-11-23T12:00:00Z",-13.925,144.075,"0.0",0,"27.52","-0.09",0,2017-11-23,"11","2017",0,27.52,"-13.925 144.075"
"4631301","2017-11-23T12:00:00Z",-13.925,144.175,"0.0",0,"27.45","-0.05",0,2017-11-23,"11","2017",0,27.45,"-13.925 144.175"
"4631302","2017-11-23T12:00:00Z",-13.925,144.225,"0.0",0,"27.45","0.0",0,2017-11-23,"11","2017",0,27.45,"-13.925 144.225"
"4631387","2017-11-23T12:00:00Z",-13.975,144.425,"0.0",0,"27.44","0.05",0,2017-11-23,"11","2017",0,27.44,"-13.975 144.425"
"4631468","2017-11-23T12:00:00Z",-14.025,144.425,"0.0",0,"27.400000000000002","-0.05",0,2017-11-23,"11","2017",0,27.4,"-14.025 144.425"
"4632541","2017-11-23T12:00:00Z",-14.675,145.425,"0.0",0,"27.38","0.04",0,2017-11-23,"11","2017",0,27.38,"-14.675 145.425"
"4632545","2017-11-23T12:00:00Z",-14.675,145.625,"0.0",0,"27.43","0.18",0,2017-11-23,"11","2017",0,27.43,"-14.675 145.625"
"4632622","2017-11-23T12:00:00Z",-14.725,145.425,"0.0",0,"27.38","0.03",0,2017-11-23,"11","2017",0,27.38,"-14.725 145.425"
"4632704","2017-11-23T12:00:00Z",-14.775,145.475,"0.0",0,"27.42","0.08",0,2017-11-23,"11","2017",0,27.42,"-14.775 145.475"
"4633194","2017-11-23T12:00:00Z",-15.075,145.675,"0.0",0,"27.330000000000002","0.09",0,2017-11-23,"11","2017",0,27.33,"-15.075 145.675"
"4665804","2017-11-30T12:00:00Z",-13.875,144.025,"0.0",0,"28.080000000000002","0.23",0,2017-11-30,"11","2017",0,28.08,"-13.875 144.025"
"4665886","2017-11-30T12:00:00Z",-13.925,144.075,"0.0",0,"28.080000000000002","0.25",0,2017-11-30,"11","2017",0,28.08,"-13.925 144.075"
"4665888","2017-11-30T12:00:00Z",-13.925,144.175,"0.0",0,"28.0","0.28",0,2017-11-30,"11","2017",0,28,"-13.925 144.175"
"4665889","2017-11-30T12:00:00Z",-13.925,144.225,"0.0",0,"27.95","0.29",0,2017-11-30,"11","2017",0,27.95,"-13.925 144.225"
"4665974","2017-11-30T12:00:00Z",-13.975,144.425,"0.0",0,"27.900000000000002","0.29",0,2017-11-30,"11","2017",0,27.9,"-13.975 144.425"
"4666055","2017-11-30T12:00:00Z",-14.025,144.425,"0.0",0,"27.95","0.29",0,2017-11-30,"11","2017",0,27.95,"-14.025 144.425"
"4667128","2017-11-30T12:00:00Z",-14.675,145.425,"0.0",0,"28.0","0.48",0,2017-11-30,"11","2017",0,28,"-14.675 145.425"
"4667132","2017-11-30T12:00:00Z",-14.675,145.625,"0.0",0,"27.91","0.46",0,2017-11-30,"11","2017",0,27.91,"-14.675 145.625"
"4667209","2017-11-30T12:00:00Z",-14.725,145.425,"0.0",0,"28.01","0.47000000000000003",0,2017-11-30,"11","2017",0,28.01,"-14.725 145.425"
"4667291","2017-11-30T12:00:00Z",-14.775,145.475,"0.0",0,"27.97","0.45",0,2017-11-30,"11","2017",0,27.97,"-14.775 145.475"
"4667781","2017-11-30T12:00:00Z",-15.075,145.675,"0.0",0,"27.87","0.44",0,2017-11-30,"11","2017",0,27.87,"-15.075 145.675"
"4700391","2017-12-07T12:00:00Z",-13.875,144.025,"0.0",0,"28.84","0.77",0,2017-12-07,"12","2017",0,28.84,"-13.875 144.025"
"4700473","2017-12-07T12:00:00Z",-13.925,144.075,"0.0",0,"28.8","0.75",0,2017-12-07,"12","2017",0,28.8,"-13.925 144.075"
"4700475","2017-12-07T12:00:00Z",-13.925,144.175,"0.0",0,"28.560000000000002","0.63",0,2017-12-07,"12","2017",0,28.56,"-13.925 144.175"
"4700476","2017-12-07T12:00:00Z",-13.925,144.225,"0.0",0,"28.47","0.59",0,2017-12-07,"12","2017",0,28.47,"-13.925 144.225"
"4700561","2017-12-07T12:00:00Z",-13.975,144.425,"0.0",0,"28.330000000000002","0.5",0,2017-12-07,"12","2017",0,28.33,"-13.975 144.425"
"4700642","2017-12-07T12:00:00Z",-14.025,144.425,"0.0",0,"28.36","0.49",0,2017-12-07,"12","2017",0,28.36,"-14.025 144.425"
"4701715","2017-12-07T12:00:00Z",-14.675,145.425,"0.0",0,"28.55","0.84",0,2017-12-07,"12","2017",0,28.55,"-14.675 145.425"
"4701719","2017-12-07T12:00:00Z",-14.675,145.625,"0.0",0,"28.38","0.72",0,2017-12-07,"12","2017",0,28.38,"-14.675 145.625"
"4701796","2017-12-07T12:00:00Z",-14.725,145.425,"0.0",0,"28.57","0.84",0,2017-12-07,"12","2017",0,28.57,"-14.725 145.425"
"4701878","2017-12-07T12:00:00Z",-14.775,145.475,"0.0",0,"28.51","0.8",0,2017-12-07,"12","2017",0,28.51,"-14.775 145.475"
"4702368","2017-12-07T12:00:00Z",-15.075,145.675,"0.0",0,"28.3","0.68",0,2017-12-07,"12","2017",0,28.3,"-15.075 145.675"
"4734978","2017-12-14T12:00:00Z",-13.875,144.025,"0.0",0,"28.26","-0.03",0,2017-12-14,"12","2017",0,28.26,"-13.875 144.025"
"4735060","2017-12-14T12:00:00Z",-13.925,144.075,"0.0",0,"28.240000000000002","-0.03",0,2017-12-14,"12","2017",0,28.24,"-13.925 144.075"
"4735062","2017-12-14T12:00:00Z",-13.925,144.175,"0.0",0,"28.080000000000002","-0.07",0,2017-12-14,"12","2017",0,28.08,"-13.925 144.175"
"4735063","2017-12-14T12:00:00Z",-13.925,144.225,"0.0",0,"28.07","-0.03",0,2017-12-14,"12","2017",0,28.07,"-13.925 144.225"
"4735148","2017-12-14T12:00:00Z",-13.975,144.425,"0.0",0,"28.11","0.06",0,2017-12-14,"12","2017",0,28.11,"-13.975 144.425"
"4735229","2017-12-14T12:00:00Z",-14.025,144.425,"0.0",0,"28.21","0.12",0,2017-12-14,"12","2017",0,28.21,"-14.025 144.425"
"4736302","2017-12-14T12:00:00Z",-14.675,145.425,"0.0",0,"28.44","0.54",0,2017-12-14,"12","2017",0,28.44,"-14.675 145.425"
"4736306","2017-12-14T12:00:00Z",-14.675,145.625,"0.0",0,"28.28","0.42",0,2017-12-14,"12","2017",0,28.28,"-14.675 145.625"
"4736383","2017-12-14T12:00:00Z",-14.725,145.425,"0.0",0,"28.490000000000002","0.58",0,2017-12-14,"12","2017",0,28.49,"-14.725 145.425"
"4736465","2017-12-14T12:00:00Z",-14.775,145.475,"0.0",0,"28.46","0.5700000000000001",0,2017-12-14,"12","2017",0,28.46,"-14.775 145.475"
"4736955","2017-12-14T12:00:00Z",-15.075,145.675,"0.0",0,"28.27","0.47000000000000003",0,2017-12-14,"12","2017",0,28.27,"-15.075 145.675"
"4769565","2017-12-21T12:00:00Z",-13.875,144.025,"0.0",0,"28.78","0.38",0,2017-12-21,"12","2017",0,28.78,"-13.875 144.025"
"4769647","2017-12-21T12:00:00Z",-13.925,144.075,"0.0",0,"28.8","0.42",0,2017-12-21,"12","2017",0,28.8,"-13.925 144.075"
"4769649","2017-12-21T12:00:00Z",-13.925,144.175,"0.0",0,"28.650000000000002","0.38",0,2017-12-21,"12","2017",0,28.65,"-13.925 144.175"
"4769650","2017-12-21T12:00:00Z",-13.925,144.225,"0.0",0,"28.62","0.4",0,2017-12-21,"12","2017",0,28.62,"-13.925 144.225"
"4769735","2017-12-21T12:00:00Z",-13.975,144.425,"0.0",0,"28.44","0.27",0,2017-12-21,"12","2017",0,28.44,"-13.975 144.425"
"4769816","2017-12-21T12:00:00Z",-14.025,144.425,"0.0",0,"28.43","0.22",0,2017-12-21,"12","2017",0,28.43,"-14.025 144.425"
"4770889","2017-12-21T12:00:00Z",-14.675,145.425,"0.0",0,"28.560000000000002","0.52",0,2017-12-21,"12","2017",0,28.56,"-14.675 145.425"
"4770893","2017-12-21T12:00:00Z",-14.675,145.625,"0.0",0,"28.43","0.44",0,2017-12-21,"12","2017",0,28.43,"-14.675 145.625"
"4770970","2017-12-21T12:00:00Z",-14.725,145.425,"0.0",0,"28.61","0.56",0,2017-12-21,"12","2017",0,28.61,"-14.725 145.425"
"4771052","2017-12-21T12:00:00Z",-14.775,145.475,"0.0",0,"28.580000000000002","0.55",0,2017-12-21,"12","2017",0,28.58,"-14.775 145.475"
"4771542","2017-12-21T12:00:00Z",-15.075,145.675,"0.0",0,"28.51","0.56",0,2017-12-21,"12","2017",0,28.51,"-15.075 145.675"
"4804152","2017-12-28T12:00:00Z",-13.875,144.025,"0.0",0,"29.32","0.8300000000000001",0,2017-12-28,"12","2017",0,29.32,"-13.875 144.025"
"4804234","2017-12-28T12:00:00Z",-13.925,144.075,"0.0",0,"29.23","0.75",0,2017-12-28,"12","2017",0,29.23,"-13.925 144.075"
"4804236","2017-12-28T12:00:00Z",-13.925,144.175,"0.0",0,"29.060000000000002","0.7000000000000001",0,2017-12-28,"12","2017",0,29.06,"-13.925 144.175"
"4804237","2017-12-28T12:00:00Z",-13.925,144.225,"0.0",0,"28.96","0.64",0,2017-12-28,"12","2017",0,28.96,"-13.925 144.225"
"4804322","2017-12-28T12:00:00Z",-13.975,144.425,"0.0",0,"28.8","0.52",0,2017-12-28,"12","2017",0,28.8,"-13.975 144.425"
"4804403","2017-12-28T12:00:00Z",-14.025,144.425,"0.0",0,"28.900000000000002","0.5700000000000001",0,2017-12-28,"12","2017",0,28.9,"-14.025 144.425"
"4805476","2017-12-28T12:00:00Z",-14.675,145.425,"0.0",0,"28.59","0.42",0,2017-12-28,"12","2017",0,28.59,"-14.675 145.425"
"4805480","2017-12-28T12:00:00Z",-14.675,145.625,"0.0",0,"28.560000000000002","0.45",0,2017-12-28,"12","2017",0,28.56,"-14.675 145.625"
"4805557","2017-12-28T12:00:00Z",-14.725,145.425,"0.0",0,"28.6","0.41000000000000003",0,2017-12-28,"12","2017",0,28.6,"-14.725 145.425"
"4805639","2017-12-28T12:00:00Z",-14.775,145.475,"0.0",0,"28.580000000000002","0.41000000000000003",0,2017-12-28,"12","2017",0,28.58,"-14.775 145.475"
"4806129","2017-12-28T12:00:00Z",-15.075,145.675,"0.0",0,"28.62","0.53",0,2017-12-28,"12","2017",0,28.62,"-15.075 145.675"
"4838739","2018-01-04T12:00:00Z",-13.875,144.025,"0.0",0,"29.51","0.93",0,2018-01-04,"01","2018",0,29.51,"-13.875 144.025"
"4838821","2018-01-04T12:00:00Z",-13.925,144.075,"0.0",0,"29.490000000000002","0.91",0,2018-01-04,"01","2018",0,29.49,"-13.925 144.075"
"4838823","2018-01-04T12:00:00Z",-13.925,144.175,"0.0",0,"29.3","0.84",0,2018-01-04,"01","2018",0,29.3,"-13.925 144.175"
"4838824","2018-01-04T12:00:00Z",-13.925,144.225,"0.0",0,"29.22","0.8",0,2018-01-04,"01","2018",0,29.22,"-13.925 144.225"
"4838909","2018-01-04T12:00:00Z",-13.975,144.425,"0.0",0,"29.18","0.8",0,2018-01-04,"01","2018",0,29.18,"-13.975 144.425"
"4838990","2018-01-04T12:00:00Z",-14.025,144.425,"0.0",0,"29.19","0.75",0,2018-01-04,"01","2018",0,29.19,"-14.025 144.425"
"4840063","2018-01-04T12:00:00Z",-14.675,145.425,"0.0",0,"29.17","0.87",0,2018-01-04,"01","2018",0,29.17,"-14.675 145.425"
"4840067","2018-01-04T12:00:00Z",-14.675,145.625,"0.0",0,"29.09","0.86",0,2018-01-04,"01","2018",0,29.09,"-14.675 145.625"
"4840144","2018-01-04T12:00:00Z",-14.725,145.425,"0.0",0,"29.18","0.86",0,2018-01-04,"01","2018",0,29.18,"-14.725 145.425"
"4840226","2018-01-04T12:00:00Z",-14.775,145.475,"0.0",0,"29.13","0.8300000000000001",0,2018-01-04,"01","2018",0,29.13,"-14.775 145.475"
"4840716","2018-01-04T12:00:00Z",-15.075,145.675,"0.0",0,"29.34","1.11",0,2018-01-04,"01","2018",0,29.34,"-15.075 145.675"
"4873326","2018-01-11T12:00:00Z",-13.875,144.025,"0.0",0,"29.17","0.49",0,2018-01-11,"01","2018",0,29.17,"-13.875 144.025"
"4873408","2018-01-11T12:00:00Z",-13.925,144.075,"0.0",0,"29.16","0.49",0,2018-01-11,"01","2018",0,29.16,"-13.925 144.075"
"4873410","2018-01-11T12:00:00Z",-13.925,144.175,"0.0",0,"29.13","0.5700000000000001",0,2018-01-11,"01","2018",0,29.13,"-13.925 144.175"
"4873411","2018-01-11T12:00:00Z",-13.925,144.225,"0.0",0,"29.14","0.62",0,2018-01-11,"01","2018",0,29.14,"-13.925 144.225"
"4873496","2018-01-11T12:00:00Z",-13.975,144.425,"0.0",0,"29.19","0.7000000000000001",0,2018-01-11,"01","2018",0,29.19,"-13.975 144.425"
"4873577","2018-01-11T12:00:00Z",-14.025,144.425,"0.0",0,"29.23","0.68",0,2018-01-11,"01","2018",0,29.23,"-14.025 144.425"
"4874650","2018-01-11T12:00:00Z",-14.675,145.425,"0.0",0,"28.85","0.41000000000000003",0,2018-01-11,"01","2018",0,28.85,"-14.675 145.425"
"4874654","2018-01-11T12:00:00Z",-14.675,145.625,"0.0",0,"28.96","0.61",0,2018-01-11,"01","2018",0,28.96,"-14.675 145.625"
"4874731","2018-01-11T12:00:00Z",-14.725,145.425,"0.0",0,"28.87","0.42",0,2018-01-11,"01","2018",0,28.87,"-14.725 145.425"
"4874813","2018-01-11T12:00:00Z",-14.775,145.475,"0.0",0,"28.87","0.44",0,2018-01-11,"01","2018",0,28.87,"-14.775 145.475"
"4875303","2018-01-11T12:00:00Z",-15.075,145.675,"0.0",0,"28.92","0.55",0,2018-01-11,"01","2018",0,28.92,"-15.075 145.675"
"4907913","2018-01-18T12:00:00Z",-13.875,144.025,"0.0",0,"29.21","0.49",0,2018-01-18,"01","2018",0,29.21,"-13.875 144.025"
"4907995","2018-01-18T12:00:00Z",-13.925,144.075,"0.0",0,"29.17","0.45",0,2018-01-18,"01","2018",0,29.17,"-13.925 144.075"
"4907997","2018-01-18T12:00:00Z",-13.925,144.175,"0.0",0,"29.12","0.5",0,2018-01-18,"01","2018",0,29.12,"-13.925 144.175"
"4907998","2018-01-18T12:00:00Z",-13.925,144.225,"0.0",0,"29.1","0.52",0,2018-01-18,"01","2018",0,29.1,"-13.925 144.225"
"4908083","2018-01-18T12:00:00Z",-13.975,144.425,"0.0",0,"29.01","0.46",0,2018-01-18,"01","2018",0,29.01,"-13.975 144.425"
"4908164","2018-01-18T12:00:00Z",-14.025,144.425,"0.0",0,"29.02","0.41000000000000003",0,2018-01-18,"01","2018",0,29.02,"-14.025 144.425"
"4909237","2018-01-18T12:00:00Z",-14.675,145.425,"0.0",0,"28.68","0.16",0,2018-01-18,"01","2018",0,28.68,"-14.675 145.425"
"4909241","2018-01-18T12:00:00Z",-14.675,145.625,"0.0",0,"28.740000000000002","0.31",0,2018-01-18,"01","2018",0,28.74,"-14.675 145.625"
"4909318","2018-01-18T12:00:00Z",-14.725,145.425,"0.0",0,"28.7","0.16",0,2018-01-18,"01","2018",0,28.7,"-14.725 145.425"
"4909400","2018-01-18T12:00:00Z",-14.775,145.475,"0.0",0,"28.71","0.19",0,2018-01-18,"01","2018",0,28.71,"-14.775 145.475"
"4909890","2018-01-18T12:00:00Z",-15.075,145.675,"0.0",0,"28.75","0.29",0,2018-01-18,"01","2018",0,28.75,"-15.075 145.675"
"4942500","2018-01-25T12:00:00Z",-13.875,144.025,"0.0",0,"29.0","0.31",0,2018-01-25,"01","2018",0,29,"-13.875 144.025"
"4942582","2018-01-25T12:00:00Z",-13.925,144.075,"0.0",0,"28.96","0.26",0,2018-01-25,"01","2018",0,28.96,"-13.925 144.075"
"4942584","2018-01-25T12:00:00Z",-13.925,144.175,"0.0",0,"28.96","0.35000000000000003",0,2018-01-25,"01","2018",0,28.96,"-13.925 144.175"
"4942585","2018-01-25T12:00:00Z",-13.925,144.225,"0.0",0,"28.97","0.4",0,2018-01-25,"01","2018",0,28.97,"-13.925 144.225"
"4942670","2018-01-25T12:00:00Z",-13.975,144.425,"0.0",0,"29.03","0.47000000000000003",0,2018-01-25,"01","2018",0,29.03,"-13.975 144.425"
"4942751","2018-01-25T12:00:00Z",-14.025,144.425,"0.0",0,"29.0","0.39",0,2018-01-25,"01","2018",0,29,"-14.025 144.425"
"4943824","2018-01-25T12:00:00Z",-14.675,145.425,"0.0",0,"29.14","0.6",0,2018-01-25,"01","2018",0,29.14,"-14.675 145.425"
"4943828","2018-01-25T12:00:00Z",-14.675,145.625,"0.0",0,"29.22","0.75",0,2018-01-25,"01","2018",0,29.22,"-14.675 145.625"
"4943905","2018-01-25T12:00:00Z",-14.725,145.425,"0.0",0,"29.11","0.56",0,2018-01-25,"01","2018",0,29.11,"-14.725 145.425"
"4943987","2018-01-25T12:00:00Z",-14.775,145.475,"0.0",0,"29.11","0.58",0,2018-01-25,"01","2018",0,29.11,"-14.775 145.475"
"4944477","2018-01-25T12:00:00Z",-15.075,145.675,"0.0",0,"29.080000000000002","0.58",0,2018-01-25,"01","2018",0,29.08,"-15.075 145.675"
"4977087","2018-02-01T12:00:00Z",-13.875,144.025,"0.0",0,"29.35","0.68",0,2018-02-01,"02","2018",0,29.35,"-13.875 144.025"
"4977169","2018-02-01T12:00:00Z",-13.925,144.075,"0.0",0,"29.37","0.6900000000000001",0,2018-02-01,"02","2018",0,29.37,"-13.925 144.075"
"4977171","2018-02-01T12:00:00Z",-13.925,144.175,"0.0",0,"29.28","0.68",0,2018-02-01,"02","2018",0,29.28,"-13.925 144.175"
"4977172","2018-02-01T12:00:00Z",-13.925,144.225,"0.0",0,"29.22","0.65",0,2018-02-01,"02","2018",0,29.22,"-13.925 144.225"
"4977257","2018-02-01T12:00:00Z",-13.975,144.425,"0.0",0,"29.18","0.61",0,2018-02-01,"02","2018",0,29.18,"-13.975 144.425"
"4977338","2018-02-01T12:00:00Z",-14.025,144.425,"0.0",0,"29.18","0.56",0,2018-02-01,"02","2018",0,29.18,"-14.025 144.425"
"4978411","2018-02-01T12:00:00Z",-14.675,145.425,"0.0",0,"29.240000000000002","0.6900000000000001",0,2018-02-01,"02","2018",0,29.24,"-14.675 145.425"
"4978415","2018-02-01T12:00:00Z",-14.675,145.625,"0.0",0,"29.12","0.62",0,2018-02-01,"02","2018",0,29.12,"-14.675 145.625"
"4978492","2018-02-01T12:00:00Z",-14.725,145.425,"0.0",0,"29.27","0.71",0,2018-02-01,"02","2018",0,29.27,"-14.725 145.425"
"4978574","2018-02-01T12:00:00Z",-14.775,145.475,"0.0",0,"29.240000000000002","0.6900000000000001",0,2018-02-01,"02","2018",0,29.24,"-14.775 145.475"
"4979064","2018-02-01T12:00:00Z",-15.075,145.675,"0.0",0,"29.11","0.58",0,2018-02-01,"02","2018",0,29.11,"-15.075 145.675"
"5011674","2018-02-08T12:00:00Z",-13.875,144.025,"0.0",0,"29.11","0.47000000000000003",0,2018-02-08,"02","2018",0,29.11,"-13.875 144.025"
"5011756","2018-02-08T12:00:00Z",-13.925,144.075,"0.15",0,"29.12","0.47000000000000003",0,2018-02-08,"02","2018",0.15,29.12,"-13.925 144.075"
"5011758","2018-02-08T12:00:00Z",-13.925,144.175,"0.0",0,"29.03","0.44",0,2018-02-08,"02","2018",0,29.03,"-13.925 144.175"
"5011759","2018-02-08T12:00:00Z",-13.925,144.225,"0.0",0,"29.01","0.45",0,2018-02-08,"02","2018",0,29.01,"-13.925 144.225"
"5011844","2018-02-08T12:00:00Z",-13.975,144.425,"0.0",0,"29.1","0.53",0,2018-02-08,"02","2018",0,29.1,"-13.975 144.425"
"5011925","2018-02-08T12:00:00Z",-14.025,144.425,"0.0",0,"29.150000000000002","0.53",0,2018-02-08,"02","2018",0,29.15,"-14.025 144.425"
"5012998","2018-02-08T12:00:00Z",-14.675,145.425,"0.0",0,"28.93","0.36",0,2018-02-08,"02","2018",0,28.93,"-14.675 145.425"
"5013002","2018-02-08T12:00:00Z",-14.675,145.625,"0.0",0,"28.94","0.41000000000000003",0,2018-02-08,"02","2018",0,28.94,"-14.675 145.625"
"5013079","2018-02-08T12:00:00Z",-14.725,145.425,"0.3",0,"28.93","0.35000000000000003",0,2018-02-08,"02","2018",0.3,28.93,"-14.725 145.425"
"5013161","2018-02-08T12:00:00Z",-14.775,145.475,"0.29",0,"28.92","0.36",0,2018-02-08,"02","2018",0.29,28.92,"-14.775 145.475"
"5013651","2018-02-08T12:00:00Z",-15.075,145.675,"0.0",0,"28.900000000000002","0.33",0,2018-02-08,"02","2018",0,28.9,"-15.075 145.675"
"5046261","2018-02-15T12:00:00Z",-13.875,144.025,"0.0",0,"29.05","0.43",0,2018-02-15,"02","2018",0,29.05,"-13.875 144.025"
"5046343","2018-02-15T12:00:00Z",-13.925,144.075,"0.15",0,"29.04","0.41000000000000003",0,2018-02-15,"02","2018",0.15,29.04,"-13.925 144.075"
"5046345","2018-02-15T12:00:00Z",-13.925,144.175,"0.0",0,"28.95","0.37",0,2018-02-15,"02","2018",0,28.95,"-13.925 144.175"
"5046346","2018-02-15T12:00:00Z",-13.925,144.225,"0.0",0,"28.92","0.36",0,2018-02-15,"02","2018",0,28.92,"-13.925 144.225"
"5046431","2018-02-15T12:00:00Z",-13.975,144.425,"0.0",0,"28.88","0.3",0,2018-02-15,"02","2018",0,28.88,"-13.975 144.425"
"5046512","2018-02-15T12:00:00Z",-14.025,144.425,"0.0",0,"28.91","0.29",0,2018-02-15,"02","2018",0,28.91,"-14.025 144.425"
"5047585","2018-02-15T12:00:00Z",-14.675,145.425,"0.0",0,"28.79","0.2",0,2018-02-15,"02","2018",0,28.79,"-14.675 145.425"
"5047589","2018-02-15T12:00:00Z",-14.675,145.625,"0.0",0,"28.69","0.13",0,2018-02-15,"02","2018",0,28.69,"-14.675 145.625"
"5047666","2018-02-15T12:00:00Z",-14.725,145.425,"0.3",0,"28.79","0.2",0,2018-02-15,"02","2018",0.3,28.79,"-14.725 145.425"
"5047748","2018-02-15T12:00:00Z",-14.775,145.475,"0.29",0,"28.75","0.17",0,2018-02-15,"02","2018",0.29,28.75,"-14.775 145.475"
"5048238","2018-02-15T12:00:00Z",-15.075,145.675,"0.0",0,"28.560000000000002","-0.04",0,2018-02-15,"02","2018",0,28.56,"-15.075 145.675"
"5080848","2018-02-22T12:00:00Z",-13.875,144.025,"0.61",0,"29.8","1.27",0,2018-02-22,"02","2018",0.61,29.8,"-13.875 144.025"
"5080930","2018-02-22T12:00:00Z",-13.925,144.075,"0.77",0,"29.830000000000002","1.29",0,2018-02-22,"02","2018",0.77,29.83,"-13.925 144.075"
"5080932","2018-02-22T12:00:00Z",-13.925,144.175,"0.61",0,"29.72","1.24",0,2018-02-22,"02","2018",0.61,29.72,"-13.925 144.175"
"5080933","2018-02-22T12:00:00Z",-13.925,144.225,"0.32",0,"29.67","1.21",0,2018-02-22,"02","2018",0.32,29.67,"-13.925 144.225"
"5081018","2018-02-22T12:00:00Z",-13.975,144.425,"0.16",0,"29.57","1.1",0,2018-02-22,"02","2018",0.16,29.57,"-13.975 144.425"
"5081099","2018-02-22T12:00:00Z",-14.025,144.425,"0.16",0,"29.61","1.11",0,2018-02-22,"02","2018",0.16,29.61,"-14.025 144.425"
"5082172","2018-02-22T12:00:00Z",-14.675,145.425,"0.2",0,"29.47","1.0",0,2018-02-22,"02","2018",0.2,29.47,"-14.675 145.425"
"5082176","2018-02-22T12:00:00Z",-14.675,145.625,"0.15",0,"29.39","0.93",0,2018-02-22,"02","2018",0.15,29.39,"-14.675 145.625"
"5082253","2018-02-22T12:00:00Z",-14.725,145.425,"0.5",0,"29.5","1.03",0,2018-02-22,"02","2018",0.5,29.5,"-14.725 145.425"
"5082335","2018-02-22T12:00:00Z",-14.775,145.475,"0.49",0,"29.490000000000002","1.02",0,2018-02-22,"02","2018",0.49,29.49,"-14.775 145.475"
"5082825","2018-02-22T12:00:00Z",-15.075,145.675,"0.0",0,"29.53","1.05",0,2018-02-22,"02","2018",0,29.53,"-15.075 145.675"
"5115435","2018-03-01T12:00:00Z",-13.875,144.025,"0.77",0,"29.26","0.8200000000000001",0,2018-03-01,"03","2018",0.77,29.26,"-13.875 144.025"
"5115517","2018-03-01T12:00:00Z",-13.925,144.075,"0.9400000000000001",0,"29.29","0.85",0,2018-03-01,"03","2018",0.94,29.29,"-13.925 144.075"
"5115519","2018-03-01T12:00:00Z",-13.925,144.175,"0.8",0,"29.3","0.92",0,2018-03-01,"03","2018",0.8,29.3,"-13.925 144.175"
"5115520","2018-03-01T12:00:00Z",-13.925,144.225,"0.51",0,"29.3","0.9400000000000001",0,2018-03-01,"03","2018",0.51,29.3,"-13.925 144.225"
"5115605","2018-03-01T12:00:00Z",-13.975,144.425,"0.5",0,"29.32","0.97",0,2018-03-01,"03","2018",0.5,29.32,"-13.975 144.425"
"5115686","2018-03-01T12:00:00Z",-14.025,144.425,"0.49",0,"29.34","0.9500000000000001",0,2018-03-01,"03","2018",0.49,29.34,"-14.025 144.425"
"5116759","2018-03-01T12:00:00Z",-14.675,145.425,"0.35000000000000003",0,"29.13","0.78",0,2018-03-01,"03","2018",0.35,29.13,"-14.675 145.425"
"5116763","2018-03-01T12:00:00Z",-14.675,145.625,"0.15",0,"29.09","0.73",0,2018-03-01,"03","2018",0.15,29.09,"-14.675 145.625"
"5116840","2018-03-01T12:00:00Z",-14.725,145.425,"0.66",0,"29.18","0.8300000000000001",0,2018-03-01,"03","2018",0.66,29.18,"-14.725 145.425"
"5116922","2018-03-01T12:00:00Z",-14.775,145.475,"0.64",0,"29.19","0.84",0,2018-03-01,"03","2018",0.64,29.19,"-14.775 145.475"
"5117412","2018-03-01T12:00:00Z",-15.075,145.675,"0.0",0,"29.36","1.0",0,2018-03-01,"03","2018",0,29.36,"-15.075 145.675"
"5150022","2018-03-08T12:00:00Z",-13.875,144.025,"0.77",0,"29.16","0.8",0,2018-03-08,"03","2018",0.77,29.16,"-13.875 144.025"
"5150104","2018-03-08T12:00:00Z",-13.925,144.075,"0.9400000000000001",0,"29.14","0.79",0,2018-03-08,"03","2018",0.94,29.14,"-13.925 144.075"
"5150106","2018-03-08T12:00:00Z",-13.925,144.175,"0.8",0,"29.080000000000002","0.79",0,2018-03-08,"03","2018",0.8,29.08,"-13.925 144.175"
"5150107","2018-03-08T12:00:00Z",-13.925,144.225,"0.51",0,"29.05","0.79",0,2018-03-08,"03","2018",0.51,29.05,"-13.925 144.225"
"5150192","2018-03-08T12:00:00Z",-13.975,144.425,"0.5",0,"28.97","0.73",0,2018-03-08,"03","2018",0.5,28.97,"-13.975 144.425"
"5150273","2018-03-08T12:00:00Z",-14.025,144.425,"0.49",0,"28.97","0.7000000000000001",0,2018-03-08,"03","2018",0.49,28.97,"-14.025 144.425"
"5151346","2018-03-08T12:00:00Z",-14.675,145.425,"0.35000000000000003",0,"29.05","0.81",0,2018-03-08,"03","2018",0.35,29.05,"-14.675 145.425"
"5151350","2018-03-08T12:00:00Z",-14.675,145.625,"0.15",0,"29.11","0.84",0,2018-03-08,"03","2018",0.15,29.11,"-14.675 145.625"
"5151427","2018-03-08T12:00:00Z",-14.725,145.425,"0.66",0,"29.03","0.79",0,2018-03-08,"03","2018",0.66,29.03,"-14.725 145.425"
"5151509","2018-03-08T12:00:00Z",-14.775,145.475,"0.64",0,"29.04","0.81",0,2018-03-08,"03","2018",0.64,29.04,"-14.775 145.475"
"5151999","2018-03-08T12:00:00Z",-15.075,145.675,"0.0",0,"29.07","0.8300000000000001",0,2018-03-08,"03","2018",0,29.07,"-15.075 145.675"
"5184609","2018-03-15T12:00:00Z",-13.875,144.025,"0.77",0,"28.77","0.5",0,2018-03-15,"03","2018",0.77,28.77,"-13.875 144.025"
"5184691","2018-03-15T12:00:00Z",-13.925,144.075,"0.9400000000000001",0,"28.75","0.49",0,2018-03-15,"03","2018",0.94,28.75,"-13.925 144.075"
"5184693","2018-03-15T12:00:00Z",-13.925,144.175,"0.8",0,"28.76","0.5700000000000001",0,2018-03-15,"03","2018",0.8,28.76,"-13.925 144.175"
"5184694","2018-03-15T12:00:00Z",-13.925,144.225,"0.51",0,"28.740000000000002","0.58",0,2018-03-15,"03","2018",0.51,28.74,"-13.925 144.225"
"5184779","2018-03-15T12:00:00Z",-13.975,144.425,"0.5",0,"28.6","0.47000000000000003",0,2018-03-15,"03","2018",0.5,28.6,"-13.975 144.425"
"5184860","2018-03-15T12:00:00Z",-14.025,144.425,"0.49",0,"28.560000000000002","0.4",0,2018-03-15,"03","2018",0.49,28.56,"-14.025 144.425"
"5185933","2018-03-15T12:00:00Z",-14.675,145.425,"0.35000000000000003",0,"28.55","0.43",0,2018-03-15,"03","2018",0.35,28.55,"-14.675 145.425"
"5185937","2018-03-15T12:00:00Z",-14.675,145.625,"0.15",0,"28.69","0.52",0,2018-03-15,"03","2018",0.15,28.69,"-14.675 145.625"
"5186014","2018-03-15T12:00:00Z",-14.725,145.425,"0.66",0,"28.52","0.4",0,2018-03-15,"03","2018",0.66,28.52,"-14.725 145.425"
"5186096","2018-03-15T12:00:00Z",-14.775,145.475,"0.64",0,"28.54","0.42",0,2018-03-15,"03","2018",0.64,28.54,"-14.775 145.475"
"5186586","2018-03-15T12:00:00Z",-15.075,145.675,"0.0",0,"28.560000000000002","0.44",0,2018-03-15,"03","2018",0,28.56,"-15.075 145.675"
"5219196","2018-03-22T12:00:00Z",-13.875,144.025,"0.77",0,"28.37","0.32",0,2018-03-22,"03","2018",0.77,28.37,"-13.875 144.025"
"5219278","2018-03-22T12:00:00Z",-13.925,144.075,"0.9400000000000001",0,"28.34","0.3",0,2018-03-22,"03","2018",0.94,28.34,"-13.925 144.075"
"5219280","2018-03-22T12:00:00Z",-13.925,144.175,"0.8",0,"28.3","0.32",0,2018-03-22,"03","2018",0.8,28.3,"-13.925 144.175"
"5219281","2018-03-22T12:00:00Z",-13.925,144.225,"0.51",0,"28.27","0.32",0,2018-03-22,"03","2018",0.51,28.27,"-13.925 144.225"
"5219366","2018-03-22T12:00:00Z",-13.975,144.425,"0.5",0,"28.2","0.26",0,2018-03-22,"03","2018",0.5,28.2,"-13.975 144.425"
"5219447","2018-03-22T12:00:00Z",-14.025,144.425,"0.49",0,"28.17","0.21",0,2018-03-22,"03","2018",0.49,28.17,"-14.025 144.425"
"5220520","2018-03-22T12:00:00Z",-14.675,145.425,"0.35000000000000003",0,"28.36","0.46",0,2018-03-22,"03","2018",0.35,28.36,"-14.675 145.425"
"5220524","2018-03-22T12:00:00Z",-14.675,145.625,"0.15",0,"28.62","0.66",0,2018-03-22,"03","2018",0.15,28.62,"-14.675 145.625"
"5220601","2018-03-22T12:00:00Z",-14.725,145.425,"0.66",0,"28.310000000000002","0.42",0,2018-03-22,"03","2018",0.66,28.31,"-14.725 145.425"
"5220683","2018-03-22T12:00:00Z",-14.775,145.475,"0.64",0,"28.32","0.42",0,2018-03-22,"03","2018",0.64,28.32,"-14.775 145.475"
"5221173","2018-03-22T12:00:00Z",-15.075,145.675,"0.0",0,"28.51","0.6",0,2018-03-22,"03","2018",0,28.51,"-15.075 145.675"
"5253783","2018-03-29T12:00:00Z",-13.875,144.025,"0.77",0,"28.35","0.52",0,2018-03-29,"03","2018",0.77,28.35,"-13.875 144.025"
"5253865","2018-03-29T12:00:00Z",-13.925,144.075,"0.9400000000000001",0,"28.36","0.54",0,2018-03-29,"03","2018",0.94,28.36,"-13.925 144.075"
"5253867","2018-03-29T12:00:00Z",-13.925,144.175,"0.8",0,"28.32","0.55",0,2018-03-29,"03","2018",0.8,28.32,"-13.925 144.175"
"5253868","2018-03-29T12:00:00Z",-13.925,144.225,"0.51",0,"28.330000000000002","0.58",0,2018-03-29,"03","2018",0.51,28.33,"-13.925 144.225"
"5253953","2018-03-29T12:00:00Z",-13.975,144.425,"0.5",0,"28.28","0.52",0,2018-03-29,"03","2018",0.5,28.28,"-13.975 144.425"
"5254034","2018-03-29T12:00:00Z",-14.025,144.425,"0.49",0,"28.25","0.49",0,2018-03-29,"03","2018",0.49,28.25,"-14.025 144.425"
"5255107","2018-03-29T12:00:00Z",-14.675,145.425,"0.35000000000000003",0,"28.43","0.76",0,2018-03-29,"03","2018",0.35,28.43,"-14.675 145.425"
"5255111","2018-03-29T12:00:00Z",-14.675,145.625,"0.15",0,"28.73","0.98",0,2018-03-29,"03","2018",0.15,28.73,"-14.675 145.625"
"5255188","2018-03-29T12:00:00Z",-14.725,145.425,"0.66",0,"28.43","0.76",0,2018-03-29,"03","2018",0.66,28.43,"-14.725 145.425"
"5255270","2018-03-29T12:00:00Z",-14.775,145.475,"0.64",0,"28.46","0.79",0,2018-03-29,"03","2018",0.64,28.46,"-14.775 145.475"
"5255760","2018-03-29T12:00:00Z",-15.075,145.675,"0.0",0,"28.52","0.8200000000000001",0,2018-03-29,"03","2018",0,28.52,"-15.075 145.675"
"5288370","2018-04-05T12:00:00Z",-13.875,144.025,"0.77",0,"28.85","1.24",0,2018-04-05,"04","2018",0.77,28.85,"-13.875 144.025"
"5288452","2018-04-05T12:00:00Z",-13.925,144.075,"0.9400000000000001",0,"28.86","1.26",0,2018-04-05,"04","2018",0.94,28.86,"-13.925 144.075"
"5288454","2018-04-05T12:00:00Z",-13.925,144.175,"0.8",0,"28.72","1.17",0,2018-04-05,"04","2018",0.8,28.72,"-13.925 144.175"
"5288455","2018-04-05T12:00:00Z",-13.925,144.225,"0.51",0,"28.66","1.12",0,2018-04-05,"04","2018",0.51,28.66,"-13.925 144.225"
"5288540","2018-04-05T12:00:00Z",-13.975,144.425,"0.5",0,"28.66","1.09",0,2018-04-05,"04","2018",0.5,28.66,"-13.975 144.425"
"5288621","2018-04-05T12:00:00Z",-14.025,144.425,"0.49",0,"28.71","1.1500000000000001",0,2018-04-05,"04","2018",0.49,28.71,"-14.025 144.425"
"5289694","2018-04-05T12:00:00Z",-14.675,145.425,"0.35000000000000003",0,"28.34","0.89",0,2018-04-05,"04","2018",0.35,28.34,"-14.675 145.425"
"5289698","2018-04-05T12:00:00Z",-14.675,145.625,"0.15",0,"28.400000000000002","0.87",0,2018-04-05,"04","2018",0.15,28.4,"-14.675 145.625"
"5289775","2018-04-05T12:00:00Z",-14.725,145.425,"0.66",0,"28.35","0.91",0,2018-04-05,"04","2018",0.66,28.35,"-14.725 145.425"
"5289857","2018-04-05T12:00:00Z",-14.775,145.475,"0.64",0,"28.35","0.9",0,2018-04-05,"04","2018",0.64,28.35,"-14.775 145.475"
"5290347","2018-04-05T12:00:00Z",-15.075,145.675,"0.0",0,"28.34","0.84",0,2018-04-05,"04","2018",0,28.34,"-15.075 145.675"
"5322957","2018-04-12T12:00:00Z",-13.875,144.025,"0.77",0,"28.23","0.85",0,2018-04-12,"04","2018",0.77,28.23,"-13.875 144.025"
"5323039","2018-04-12T12:00:00Z",-13.925,144.075,"0.9400000000000001",0,"28.19","0.8200000000000001",0,2018-04-12,"04","2018",0.94,28.19,"-13.925 144.075"
"5323041","2018-04-12T12:00:00Z",-13.925,144.175,"0.8",0,"28.12","0.78",0,2018-04-12,"04","2018",0.8,28.12,"-13.925 144.175"
"5323042","2018-04-12T12:00:00Z",-13.925,144.225,"0.51",0,"28.09","0.75",0,2018-04-12,"04","2018",0.51,28.09,"-13.925 144.225"
"5323127","2018-04-12T12:00:00Z",-13.975,144.425,"0.5",0,"28.080000000000002","0.7000000000000001",0,2018-04-12,"04","2018",0.5,28.08,"-13.975 144.425"
"5323208","2018-04-12T12:00:00Z",-14.025,144.425,"0.49",0,"28.12","0.75",0,2018-04-12,"04","2018",0.49,28.12,"-14.025 144.425"
"5324281","2018-04-12T12:00:00Z",-14.675,145.425,"0.35000000000000003",0,"27.86","0.63",0,2018-04-12,"04","2018",0.35,27.86,"-14.675 145.425"
"5324285","2018-04-12T12:00:00Z",-14.675,145.625,"0.15",0,"27.96","0.64",0,2018-04-12,"04","2018",0.15,27.96,"-14.675 145.625"
"5324362","2018-04-12T12:00:00Z",-14.725,145.425,"0.66",0,"27.84","0.62",0,2018-04-12,"04","2018",0.66,27.84,"-14.725 145.425"
"5324444","2018-04-12T12:00:00Z",-14.775,145.475,"0.64",0,"27.88","0.65",0,2018-04-12,"04","2018",0.64,27.88,"-14.775 145.475"
"5324934","2018-04-12T12:00:00Z",-15.075,145.675,"0.0",0,"27.8","0.51",0,2018-04-12,"04","2018",0,27.8,"-15.075 145.675"
"5357544","2018-04-19T12:00:00Z",-13.875,144.025,"0.77",0,"27.91","0.79",0,2018-04-19,"04","2018",0.77,27.91,"-13.875 144.025"
"5357626","2018-04-19T12:00:00Z",-13.925,144.075,"0.9400000000000001",0,"27.88","0.77",0,2018-04-19,"04","2018",0.94,27.88,"-13.925 144.075"
"5357628","2018-04-19T12:00:00Z",-13.925,144.175,"0.8",0,"27.740000000000002","0.66",0,2018-04-19,"04","2018",0.8,27.74,"-13.925 144.175"
"5357629","2018-04-19T12:00:00Z",-13.925,144.225,"0.51",0,"27.71","0.62",0,2018-04-19,"04","2018",0.51,27.71,"-13.925 144.225"
"5357714","2018-04-19T12:00:00Z",-13.975,144.425,"0.5",0,"27.72","0.59",0,2018-04-19,"04","2018",0.5,27.72,"-13.975 144.425"
"5357795","2018-04-19T12:00:00Z",-14.025,144.425,"0.49",0,"27.7","0.59",0,2018-04-19,"04","2018",0.49,27.7,"-14.025 144.425"
"5358868","2018-04-19T12:00:00Z",-14.675,145.425,"0.35000000000000003",0,"27.57","0.61",0,2018-04-19,"04","2018",0.35,27.57,"-14.675 145.425"
"5358872","2018-04-19T12:00:00Z",-14.675,145.625,"0.15",0,"27.67","0.59",0,2018-04-19,"04","2018",0.15,27.67,"-14.675 145.625"
"5358949","2018-04-19T12:00:00Z",-14.725,145.425,"0.66",0,"27.54","0.59",0,2018-04-19,"04","2018",0.66,27.54,"-14.725 145.425"
"5359031","2018-04-19T12:00:00Z",-14.775,145.475,"0.64",0,"27.57","0.61",0,2018-04-19,"04","2018",0.64,27.57,"-14.775 145.475"
"5359521","2018-04-19T12:00:00Z",-15.075,145.675,"0.0",0,"27.6","0.55",0,2018-04-19,"04","2018",0,27.6,"-15.075 145.675"
"5392131","2018-04-26T12:00:00Z",-13.875,144.025,"0.77",0,"27.46","0.62",0,2018-04-26,"04","2018",0.77,27.46,"-13.875 144.025"
"5392213","2018-04-26T12:00:00Z",-13.925,144.075,"0.9400000000000001",0,"27.44","0.61",0,2018-04-26,"04","2018",0.94,27.44,"-13.925 144.075"
"5392215","2018-04-26T12:00:00Z",-13.925,144.175,"0.8",0,"27.310000000000002","0.51",0,2018-04-26,"04","2018",0.8,27.31,"-13.925 144.175"
"5392216","2018-04-26T12:00:00Z",-13.925,144.225,"0.51",0,"27.21","0.41000000000000003",0,2018-04-26,"04","2018",0.51,27.21,"-13.925 144.225"
"5392301","2018-04-26T12:00:00Z",-13.975,144.425,"0.5",0,"27.35","0.51",0,2018-04-26,"04","2018",0.5,27.35,"-13.975 144.425"
"5392382","2018-04-26T12:00:00Z",-14.025,144.425,"0.49",0,"27.310000000000002","0.5",0,2018-04-26,"04","2018",0.49,27.31,"-14.025 144.425"
"5393455","2018-04-26T12:00:00Z",-14.675,145.425,"0.35000000000000003",0,"27.37","0.71",0,2018-04-26,"04","2018",0.35,27.37,"-14.675 145.425"
"5393459","2018-04-26T12:00:00Z",-14.675,145.625,"0.15",0,"27.57","0.76",0,2018-04-26,"04","2018",0.15,27.57,"-14.675 145.625"
"5393536","2018-04-26T12:00:00Z",-14.725,145.425,"0.66",0,"27.36","0.72",0,2018-04-26,"04","2018",0.66,27.36,"-14.725 145.425"
"5393618","2018-04-26T12:00:00Z",-14.775,145.475,"0.64",0,"27.400000000000002","0.74",0,2018-04-26,"04","2018",0.64,27.4,"-14.775 145.475"
"5394108","2018-04-26T12:00:00Z",-15.075,145.675,"0.0",0,"27.44","0.65",0,2018-04-26,"04","2018",0,27.44,"-15.075 145.675"
"5426718","2018-05-03T12:00:00Z",-13.875,144.025,"0.77",0,"26.650000000000002","0.1",0,2018-05-03,"05","2018",0.77,26.65,"-13.875 144.025"
"5426800","2018-05-03T12:00:00Z",-13.925,144.075,"0.79",0,"26.61","0.07",0,2018-05-03,"05","2018",0.79,26.61,"-13.925 144.075"
"5426802","2018-05-03T12:00:00Z",-13.925,144.175,"0.8",0,"26.6","0.09",0,2018-05-03,"05","2018",0.8,26.6,"-13.925 144.175"
"5426803","2018-05-03T12:00:00Z",-13.925,144.225,"0.51",0,"26.64","0.13",0,2018-05-03,"05","2018",0.51,26.64,"-13.925 144.225"
"5426888","2018-05-03T12:00:00Z",-13.975,144.425,"0.5",0,"26.72","0.18",0,2018-05-03,"05","2018",0.5,26.72,"-13.975 144.425"
"5426969","2018-05-03T12:00:00Z",-14.025,144.425,"0.49",0,"26.63","0.12",0,2018-05-03,"05","2018",0.49,26.63,"-14.025 144.425"
"5428042","2018-05-03T12:00:00Z",-14.675,145.425,"0.35000000000000003",0,"26.68","0.31",0,2018-05-03,"05","2018",0.35,26.68,"-14.675 145.425"
"5428046","2018-05-03T12:00:00Z",-14.675,145.625,"0.15",0,"26.79","0.24",0,2018-05-03,"05","2018",0.15,26.79,"-14.675 145.625"
"5428123","2018-05-03T12:00:00Z",-14.725,145.425,"0.36",0,"26.63","0.29",0,2018-05-03,"05","2018",0.36,26.63,"-14.725 145.425"
"5428205","2018-05-03T12:00:00Z",-14.775,145.475,"0.35000000000000003",0,"26.64","0.28",0,2018-05-03,"05","2018",0.35,26.64,"-14.775 145.475"
"5428695","2018-05-03T12:00:00Z",-15.075,145.675,"0.0",0,"26.76","0.24",0,2018-05-03,"05","2018",0,26.76,"-15.075 145.675"
"5461305","2018-05-10T12:00:00Z",-13.875,144.025,"0.77",0,"26.580000000000002","0.32",0,2018-05-10,"05","2018",0.77,26.58,"-13.875 144.025"
"5461387","2018-05-10T12:00:00Z",-13.925,144.075,"0.79",0,"26.59","0.34",0,2018-05-10,"05","2018",0.79,26.59,"-13.925 144.075"
"5461389","2018-05-10T12:00:00Z",-13.925,144.175,"0.8",0,"26.59","0.37",0,2018-05-10,"05","2018",0.8,26.59,"-13.925 144.175"
"5461390","2018-05-10T12:00:00Z",-13.925,144.225,"0.51",0,"26.6","0.38",0,2018-05-10,"05","2018",0.51,26.6,"-13.925 144.225"
"5461475","2018-05-10T12:00:00Z",-13.975,144.425,"0.5",0,"26.61","0.36",0,2018-05-10,"05","2018",0.5,26.61,"-13.975 144.425"
"5461556","2018-05-10T12:00:00Z",-14.025,144.425,"0.49",0,"26.560000000000002","0.35000000000000003",0,2018-05-10,"05","2018",0.49,26.56,"-14.025 144.425"
"5462629","2018-05-10T12:00:00Z",-14.675,145.425,"0.35000000000000003",0,"26.53","0.46",0,2018-05-10,"05","2018",0.35,26.53,"-14.675 145.425"
"5462633","2018-05-10T12:00:00Z",-14.675,145.625,"0.15",0,"26.73","0.45",0,2018-05-10,"05","2018",0.15,26.73,"-14.675 145.625"
"5462710","2018-05-10T12:00:00Z",-14.725,145.425,"0.36",0,"26.52","0.48",0,2018-05-10,"05","2018",0.36,26.52,"-14.725 145.425"
"5462792","2018-05-10T12:00:00Z",-14.775,145.475,"0.35000000000000003",0,"26.580000000000002","0.52",0,2018-05-10,"05","2018",0.35,26.58,"-14.775 145.475"
"5463282","2018-05-10T12:00:00Z",-15.075,145.675,"0.0",0,"26.57","0.31",0,2018-05-10,"05","2018",0,26.57,"-15.075 145.675"
"5495892","2018-05-17T12:00:00Z",-13.875,144.025,"0.16",0,"25.84","-0.12",0,2018-05-17,"05","2018",0.16,25.84,"-13.875 144.025"
"5495974","2018-05-17T12:00:00Z",-13.925,144.075,"0.17",0,"25.810000000000002","-0.13",0,2018-05-17,"05","2018",0.17,25.81,"-13.925 144.075"
"5495976","2018-05-17T12:00:00Z",-13.925,144.175,"0.19",0,"25.830000000000002","-0.09",0,2018-05-17,"05","2018",0.19,25.83,"-13.925 144.175"
"5495977","2018-05-17T12:00:00Z",-13.925,144.225,"0.19",0,"25.86","-0.07",0,2018-05-17,"05","2018",0.19,25.86,"-13.925 144.225"
"5496062","2018-05-17T12:00:00Z",-13.975,144.425,"0.34",0,"25.88","-0.07",0,2018-05-17,"05","2018",0.34,25.88,"-13.975 144.425"
"5496143","2018-05-17T12:00:00Z",-14.025,144.425,"0.34",0,"25.79","-0.12",0,2018-05-17,"05","2018",0.34,25.79,"-14.025 144.425"
"5497216","2018-05-17T12:00:00Z",-14.675,145.425,"0.15",0,"25.82","0.05",0,2018-05-17,"05","2018",0.15,25.82,"-14.675 145.425"
"5497220","2018-05-17T12:00:00Z",-14.675,145.625,"0.0",0,"26.09","0.08",0,2018-05-17,"05","2018",0,26.09,"-14.675 145.625"
"5497297","2018-05-17T12:00:00Z",-14.725,145.425,"0.16",0,"25.76","0.03",0,2018-05-17,"05","2018",0.16,25.76,"-14.725 145.425"
"5497379","2018-05-17T12:00:00Z",-14.775,145.475,"0.15",0,"25.79","0.03",0,2018-05-17,"05","2018",0.15,25.79,"-14.775 145.475"
"5497869","2018-05-17T12:00:00Z",-15.075,145.675,"0.0",0,"25.94","-0.04",0,2018-05-17,"05","2018",0,25.94,"-15.075 145.675"
"5530479","2018-05-24T12:00:00Z",-13.875,144.025,"0.0",0,"25.400000000000002","-0.23",0,2018-05-24,"05","2018",0,25.4,"-13.875 144.025"
"5530561","2018-05-24T12:00:00Z",-13.925,144.075,"0.0",0,"25.32","-0.29",0,2018-05-24,"05","2018",0,25.32,"-13.925 144.075"
"5530563","2018-05-24T12:00:00Z",-13.925,144.175,"0.0",0,"25.32","-0.27",0,2018-05-24,"05","2018",0,25.32,"-13.925 144.175"
"5530564","2018-05-24T12:00:00Z",-13.925,144.225,"0.0",0,"25.38","-0.23",0,2018-05-24,"05","2018",0,25.38,"-13.925 144.225"
"5530649","2018-05-24T12:00:00Z",-13.975,144.425,"0.0",0,"25.55","-0.1",0,2018-05-24,"05","2018",0,25.55,"-13.975 144.425"
"5530730","2018-05-24T12:00:00Z",-14.025,144.425,"0.0",0,"25.36","-0.22",0,2018-05-24,"05","2018",0,25.36,"-14.025 144.425"
"5531803","2018-05-24T12:00:00Z",-14.675,145.425,"0.0",0,"25.35","-0.1",0,2018-05-24,"05","2018",0,25.35,"-14.675 145.425"
"5531807","2018-05-24T12:00:00Z",-14.675,145.625,"0.0",0,"25.79","0.04",0,2018-05-24,"05","2018",0,25.79,"-14.675 145.625"
"5531884","2018-05-24T12:00:00Z",-14.725,145.425,"0.0",0,"25.26","-0.15",0,2018-05-24,"05","2018",0,25.26,"-14.725 145.425"
"5531966","2018-05-24T12:00:00Z",-14.775,145.475,"0.0",0,"25.310000000000002","-0.14",0,2018-05-24,"05","2018",0,25.31,"-14.775 145.475"
"5532456","2018-05-24T12:00:00Z",-15.075,145.675,"0.0",0,"25.63","-0.06",0,2018-05-24,"05","2018",0,25.63,"-15.075 145.675"
"5565066","2018-05-31T12:00:00Z",-13.875,144.025,"0.0",0,"24.95","-0.35000000000000003",0,2018-05-31,"05","2018",0,24.95,"-13.875 144.025"
"5565148","2018-05-31T12:00:00Z",-13.925,144.075,"0.0",0,"24.88","-0.4",0,2018-05-31,"05","2018",0,24.88,"-13.925 144.075"
"5565150","2018-05-31T12:00:00Z",-13.925,144.175,"0.0",0,"25.01","-0.26",0,2018-05-31,"05","2018",0,25.01,"-13.925 144.175"
"5565151","2018-05-31T12:00:00Z",-13.925,144.225,"0.0",0,"25.150000000000002","-0.14",0,2018-05-31,"05","2018",0,25.15,"-13.925 144.225"
"5565236","2018-05-31T12:00:00Z",-13.975,144.425,"0.0",0,"25.48","0.14",0,2018-05-31,"05","2018",0,25.48,"-13.975 144.425"
"5565317","2018-05-31T12:00:00Z",-14.025,144.425,"0.0",0,"25.26","0.01",0,2018-05-31,"05","2018",0,25.26,"-14.025 144.425"
"5566390","2018-05-31T12:00:00Z",-14.675,145.425,"0.0",0,"25.03","-0.1",0,2018-05-31,"05","2018",0,25.03,"-14.675 145.425"
"5566394","2018-05-31T12:00:00Z",-14.675,145.625,"0.0",0,"25.51","0.03",0,2018-05-31,"05","2018",0,25.51,"-14.675 145.625"
"5566471","2018-05-31T12:00:00Z",-14.725,145.425,"0.0",0,"24.96","-0.13",0,2018-05-31,"05","2018",0,24.96,"-14.725 145.425"
"5566553","2018-05-31T12:00:00Z",-14.775,145.475,"0.0",0,"25.07","-0.07",0,2018-05-31,"05","2018",0,25.07,"-14.775 145.475"
"5567043","2018-05-31T12:00:00Z",-15.075,145.675,"0.0",0,"25.32","-0.07",0,2018-05-31,"05","2018",0,25.32,"-15.075 145.675"
"5599653","2018-06-07T12:00:00Z",-13.875,144.025,"0.0",0,"24.35","-0.62",0,2018-06-07,"06","2018",0,24.35,"-13.875 144.025"
"5599735","2018-06-07T12:00:00Z",-13.925,144.075,"0.0",0,"24.32","-0.62",0,2018-06-07,"06","2018",0,24.32,"-13.925 144.075"
"5599737","2018-06-07T12:00:00Z",-13.925,144.175,"0.0",0,"24.51","-0.43",0,2018-06-07,"06","2018",0,24.51,"-13.925 144.175"
"5599738","2018-06-07T12:00:00Z",-13.925,144.225,"0.0",0,"24.66","-0.31",0,2018-06-07,"06","2018",0,24.66,"-13.925 144.225"
"5599823","2018-06-07T12:00:00Z",-13.975,144.425,"0.0",0,"24.94","-0.1",0,2018-06-07,"06","2018",0,24.94,"-13.975 144.425"
"5599904","2018-06-07T12:00:00Z",-14.025,144.425,"0.0",0,"24.64","-0.28",0,2018-06-07,"06","2018",0,24.64,"-14.025 144.425"
"5600977","2018-06-07T12:00:00Z",-14.675,145.425,"0.0",0,"24.43","-0.38",0,2018-06-07,"06","2018",0,24.43,"-14.675 145.425"
"5600981","2018-06-07T12:00:00Z",-14.675,145.625,"0.0",0,"25.17","-0.04",0,2018-06-07,"06","2018",0,25.17,"-14.675 145.625"
"5601058","2018-06-07T12:00:00Z",-14.725,145.425,"0.0",0,"24.36","-0.41000000000000003",0,2018-06-07,"06","2018",0,24.36,"-14.725 145.425"
"5601140","2018-06-07T12:00:00Z",-14.775,145.475,"0.0",0,"24.48","-0.35000000000000003",0,2018-06-07,"06","2018",0,24.48,"-14.775 145.475"
"5601630","2018-06-07T12:00:00Z",-15.075,145.675,"0.0",0,"24.95","-0.14",0,2018-06-07,"06","2018",0,24.95,"-15.075 145.675"
"5634240","2018-06-14T12:00:00Z",-13.875,144.025,"0.0",0,"24.85","0.21",0,2018-06-14,"06","2018",0,24.85,"-13.875 144.025"
"5634322","2018-06-14T12:00:00Z",-13.925,144.075,"0.0",0,"24.78","0.17",0,2018-06-14,"06","2018",0,24.78,"-13.925 144.075"
"5634324","2018-06-14T12:00:00Z",-13.925,144.175,"0.0",0,"24.92","0.3",0,2018-06-14,"06","2018",0,24.92,"-13.925 144.175"
"5634325","2018-06-14T12:00:00Z",-13.925,144.225,"0.0",0,"24.990000000000002","0.34",0,2018-06-14,"06","2018",0,24.99,"-13.925 144.225"
"5634410","2018-06-14T12:00:00Z",-13.975,144.425,"0.0",0,"25.28","0.55",0,2018-06-14,"06","2018",0,25.28,"-13.975 144.425"
"5634491","2018-06-14T12:00:00Z",-14.025,144.425,"0.0",0,"25.16","0.56",0,2018-06-14,"06","2018",0,25.16,"-14.025 144.425"
"5635564","2018-06-14T12:00:00Z",-14.675,145.425,"0.0",0,"24.62","0.12",0,2018-06-14,"06","2018",0,24.62,"-14.675 145.425"
"5635568","2018-06-14T12:00:00Z",-14.675,145.625,"0.0",0,"24.89","-0.06",0,2018-06-14,"06","2018",0,24.89,"-14.675 145.625"
"5635645","2018-06-14T12:00:00Z",-14.725,145.425,"0.0",0,"24.55","0.09",0,2018-06-14,"06","2018",0,24.55,"-14.725 145.425"
"5635727","2018-06-14T12:00:00Z",-14.775,145.475,"0.0",0,"24.580000000000002","0.06",0,2018-06-14,"06","2018",0,24.58,"-14.775 145.475"
"5636217","2018-06-14T12:00:00Z",-15.075,145.675,"0.0",0,"24.84","0.05",0,2018-06-14,"06","2018",0,24.84,"-15.075 145.675"
"5668827","2018-06-21T12:00:00Z",-13.875,144.025,"0.0",0,"23.990000000000002","-0.44",0,2018-06-21,"06","2018",0,23.99,"-13.875 144.025"
"5668909","2018-06-21T12:00:00Z",-13.925,144.075,"0.0",0,"23.94","-0.46",0,2018-06-21,"06","2018",0,23.94,"-13.925 144.075"
"5668911","2018-06-21T12:00:00Z",-13.925,144.175,"0.0",0,"24.11","-0.32",0,2018-06-21,"06","2018",0,24.11,"-13.925 144.175"
"5668912","2018-06-21T12:00:00Z",-13.925,144.225,"0.0",0,"24.3","-0.16",0,2018-06-21,"06","2018",0,24.3,"-13.925 144.225"
"5668997","2018-06-21T12:00:00Z",-13.975,144.425,"0.0",0,"24.67","0.1",0,2018-06-21,"06","2018",0,24.67,"-13.975 144.425"
"5669078","2018-06-21T12:00:00Z",-14.025,144.425,"0.0",0,"24.39","-0.04",0,2018-06-21,"06","2018",0,24.39,"-14.025 144.425"
"5670151","2018-06-21T12:00:00Z",-14.675,145.425,"0.0",0,"24.09","-0.22",0,2018-06-21,"06","2018",0,24.09,"-14.675 145.425"
"5670155","2018-06-21T12:00:00Z",-14.675,145.625,"0.0",0,"24.69","-0.09",0,2018-06-21,"06","2018",0,24.69,"-14.675 145.625"
"5670232","2018-06-21T12:00:00Z",-14.725,145.425,"0.0",0,"24.03","-0.24",0,2018-06-21,"06","2018",0,24.03,"-14.725 145.425"
"5670314","2018-06-21T12:00:00Z",-14.775,145.475,"0.0",0,"24.1","-0.24",0,2018-06-21,"06","2018",0,24.1,"-14.775 145.475"
"5670804","2018-06-21T12:00:00Z",-15.075,145.675,"0.0",0,"24.650000000000002","0.01",0,2018-06-21,"06","2018",0,24.65,"-15.075 145.675"
"5703414","2018-06-28T12:00:00Z",-13.875,144.025,"0.0",0,"24.400000000000002","0.15",0,2018-06-28,"06","2018",0,24.4,"-13.875 144.025"
"5703496","2018-06-28T12:00:00Z",-13.925,144.075,"0.0",0,"24.38","0.16",0,2018-06-28,"06","2018",0,24.38,"-13.925 144.075"
"5703498","2018-06-28T12:00:00Z",-13.925,144.175,"0.0",0,"24.48","0.22",0,2018-06-28,"06","2018",0,24.48,"-13.925 144.175"
"5703499","2018-06-28T12:00:00Z",-13.925,144.225,"0.0",0,"24.560000000000002","0.25",0,2018-06-28,"06","2018",0,24.56,"-13.925 144.225"
"5703584","2018-06-28T12:00:00Z",-13.975,144.425,"0.0",0,"24.79","0.36",0,2018-06-28,"06","2018",0,24.79,"-13.975 144.425"
"5703665","2018-06-28T12:00:00Z",-14.025,144.425,"0.0",0,"24.63","0.35000000000000003",0,2018-06-28,"06","2018",0,24.63,"-14.025 144.425"
"5704738","2018-06-28T12:00:00Z",-14.675,145.425,"0.0",0,"24.25","0.1",0,2018-06-28,"06","2018",0,24.25,"-14.675 145.425"
"5704742","2018-06-28T12:00:00Z",-14.675,145.625,"0.0",0,"24.810000000000002","0.18",0,2018-06-28,"06","2018",0,24.81,"-14.675 145.625"
"5704819","2018-06-28T12:00:00Z",-14.725,145.425,"0.0",0,"24.19","0.09",0,2018-06-28,"06","2018",0,24.19,"-14.725 145.425"
"5704901","2018-06-28T12:00:00Z",-14.775,145.475,"0.0",0,"24.27","0.1",0,2018-06-28,"06","2018",0,24.27,"-14.775 145.475"
"5705391","2018-06-28T12:00:00Z",-15.075,145.675,"0.0",0,"24.650000000000002","0.15",0,2018-06-28,"06","2018",0,24.65,"-15.075 145.675"
"5738001","2018-07-05T12:00:00Z",-13.875,144.025,"0.0",0,"24.3","0.24",0,2018-07-05,"07","2018",0,24.3,"-13.875 144.025"
"5738083","2018-07-05T12:00:00Z",-13.925,144.075,"0.0",0,"24.28","0.24",0,2018-07-05,"07","2018",0,24.28,"-13.925 144.075"
"5738085","2018-07-05T12:00:00Z",-13.925,144.175,"0.0",0,"24.38","0.29",0,2018-07-05,"07","2018",0,24.38,"-13.925 144.175"
"5738086","2018-07-05T12:00:00Z",-13.925,144.225,"0.0",0,"24.47","0.32",0,2018-07-05,"07","2018",0,24.47,"-13.925 144.225"
"5738171","2018-07-05T12:00:00Z",-13.975,144.425,"0.0",0,"24.67","0.38",0,2018-07-05,"07","2018",0,24.67,"-13.975 144.425"
"5738252","2018-07-05T12:00:00Z",-14.025,144.425,"0.0",0,"24.51","0.37",0,2018-07-05,"07","2018",0,24.51,"-14.025 144.425"
"5739325","2018-07-05T12:00:00Z",-14.675,145.425,"0.0",0,"24.36","0.38",0,2018-07-05,"07","2018",0,24.36,"-14.675 145.425"
"5739329","2018-07-05T12:00:00Z",-14.675,145.625,"0.0",0,"25.03","0.55",0,2018-07-05,"07","2018",0,25.03,"-14.675 145.625"
"5739406","2018-07-05T12:00:00Z",-14.725,145.425,"0.0",0,"24.29","0.35000000000000003",0,2018-07-05,"07","2018",0,24.29,"-14.725 145.425"
"5739488","2018-07-05T12:00:00Z",-14.775,145.475,"0.0",0,"24.35","0.34",0,2018-07-05,"07","2018",0,24.35,"-14.775 145.475"
"5739978","2018-07-05T12:00:00Z",-15.075,145.675,"0.0",0,"24.92","0.55",0,2018-07-05,"07","2018",0,24.92,"-15.075 145.675"
"5772588","2018-07-12T12:00:00Z",-13.875,144.025,"0.0",0,"24.240000000000002","0.36",0,2018-07-12,"07","2018",0,24.24,"-13.875 144.025"
"5772670","2018-07-12T12:00:00Z",-13.925,144.075,"0.0",0,"24.17","0.31",0,2018-07-12,"07","2018",0,24.17,"-13.925 144.075"
"5772672","2018-07-12T12:00:00Z",-13.925,144.175,"0.0",0,"24.240000000000002","0.32",0,2018-07-12,"07","2018",0,24.24,"-13.925 144.175"
"5772673","2018-07-12T12:00:00Z",-13.925,144.225,"0.0",0,"24.310000000000002","0.32",0,2018-07-12,"07","2018",0,24.31,"-13.925 144.225"
"5772758","2018-07-12T12:00:00Z",-13.975,144.425,"0.0",0,"24.43","0.28",0,2018-07-12,"07","2018",0,24.43,"-13.975 144.425"
"5772839","2018-07-12T12:00:00Z",-14.025,144.425,"0.0",0,"24.22","0.23",0,2018-07-12,"07","2018",0,24.22,"-14.025 144.425"
"5773912","2018-07-12T12:00:00Z",-14.675,145.425,"0.0",0,"24.05","0.23",0,2018-07-12,"07","2018",0,24.05,"-14.675 145.425"
"5773916","2018-07-12T12:00:00Z",-14.675,145.625,"0.0",0,"24.64","0.31",0,2018-07-12,"07","2018",0,24.64,"-14.675 145.625"
"5773993","2018-07-12T12:00:00Z",-14.725,145.425,"0.0",0,"23.97","0.2",0,2018-07-12,"07","2018",0,23.97,"-14.725 145.425"
"5774075","2018-07-12T12:00:00Z",-14.775,145.475,"0.0",0,"24.09","0.25",0,2018-07-12,"07","2018",0,24.09,"-14.775 145.475"
"5774565","2018-07-12T12:00:00Z",-15.075,145.675,"0.0",0,"24.5","0.26",0,2018-07-12,"07","2018",0,24.5,"-15.075 145.675"
"5807175","2018-07-19T12:00:00Z",-13.875,144.025,"0.0",0,"24.22","0.43",0,2018-07-19,"07","2018",0,24.22,"-13.875 144.025"
"5807257","2018-07-19T12:00:00Z",-13.925,144.075,"0.0",0,"24.17","0.4",0,2018-07-19,"07","2018",0,24.17,"-13.925 144.075"
"5807259","2018-07-19T12:00:00Z",-13.925,144.175,"0.0",0,"24.19","0.35000000000000003",0,2018-07-19,"07","2018",0,24.19,"-13.925 144.175"
"5807260","2018-07-19T12:00:00Z",-13.925,144.225,"0.0",0,"24.27","0.36",0,2018-07-19,"07","2018",0,24.27,"-13.925 144.225"
"5807345","2018-07-19T12:00:00Z",-13.975,144.425,"0.0",0,"24.59","0.51",0,2018-07-19,"07","2018",0,24.59,"-13.975 144.425"
"5807426","2018-07-19T12:00:00Z",-14.025,144.425,"0.0",0,"24.41","0.49",0,2018-07-19,"07","2018",0,24.41,"-14.025 144.425"
"5808499","2018-07-19T12:00:00Z",-14.675,145.425,"0.0",0,"23.830000000000002","0.08",0,2018-07-19,"07","2018",0,23.83,"-14.675 145.425"
"5808503","2018-07-19T12:00:00Z",-14.675,145.625,"0.0",0,"24.38","0.14",0,2018-07-19,"07","2018",0,24.38,"-14.675 145.625"
"5808580","2018-07-19T12:00:00Z",-14.725,145.425,"0.0",0,"23.8","0.1",0,2018-07-19,"07","2018",0,23.8,"-14.725 145.425"
"5808662","2018-07-19T12:00:00Z",-14.775,145.475,"0.0",0,"23.94","0.18",0,2018-07-19,"07","2018",0,23.94,"-14.775 145.475"
"5809152","2018-07-19T12:00:00Z",-15.075,145.675,"0.0",0,"24.2","0.04",0,2018-07-19,"07","2018",0,24.2,"-15.075 145.675"
"5841762","2018-07-26T12:00:00Z",-13.875,144.025,"0.0",0,"24.41","0.63",0,2018-07-26,"07","2018",0,24.41,"-13.875 144.025"
"5841844","2018-07-26T12:00:00Z",-13.925,144.075,"0.0",0,"24.330000000000002","0.5700000000000001",0,2018-07-26,"07","2018",0,24.33,"-13.925 144.075"
"5841846","2018-07-26T12:00:00Z",-13.925,144.175,"0.0",0,"24.38","0.55",0,2018-07-26,"07","2018",0,24.38,"-13.925 144.175"
"5841847","2018-07-26T12:00:00Z",-13.925,144.225,"0.0",0,"24.46","0.56",0,2018-07-26,"07","2018",0,24.46,"-13.925 144.225"
"5841932","2018-07-26T12:00:00Z",-13.975,144.425,"0.0",0,"24.77","0.71",0,2018-07-26,"07","2018",0,24.77,"-13.975 144.425"
"5842013","2018-07-26T12:00:00Z",-14.025,144.425,"0.0",0,"24.64","0.73",0,2018-07-26,"07","2018",0,24.64,"-14.025 144.425"
"5843086","2018-07-26T12:00:00Z",-14.675,145.425,"0.0",0,"24.2","0.46",0,2018-07-26,"07","2018",0,24.2,"-14.675 145.425"
"5843090","2018-07-26T12:00:00Z",-14.675,145.625,"0.0",0,"24.68","0.48",0,2018-07-26,"07","2018",0,24.68,"-14.675 145.625"
"5843167","2018-07-26T12:00:00Z",-14.725,145.425,"0.0",0,"24.12","0.43",0,2018-07-26,"07","2018",0,24.12,"-14.725 145.425"
"5843249","2018-07-26T12:00:00Z",-14.775,145.475,"0.0",0,"24.18","0.43",0,2018-07-26,"07","2018",0,24.18,"-14.775 145.475"
"5843739","2018-07-26T12:00:00Z",-15.075,145.675,"0.0",0,"24.61","0.5",0,2018-07-26,"07","2018",0,24.61,"-15.075 145.675"
"5876349","2018-08-02T12:00:00Z",-13.875,144.025,"0.0",0,"24.21","0.44",0,2018-08-02,"08","2018",0,24.21,"-13.875 144.025"
"5876431","2018-08-02T12:00:00Z",-13.925,144.075,"0.0",0,"24.17","0.43",0,2018-08-02,"08","2018",0,24.17,"-13.925 144.075"
"5876433","2018-08-02T12:00:00Z",-13.925,144.175,"0.0",0,"24.32","0.5",0,2018-08-02,"08","2018",0,24.32,"-13.925 144.175"
"5876434","2018-08-02T12:00:00Z",-13.925,144.225,"0.0",0,"24.44","0.56",0,2018-08-02,"08","2018",0,24.44,"-13.925 144.225"
"5876519","2018-08-02T12:00:00Z",-13.975,144.425,"0.0",0,"24.72","0.68",0,2018-08-02,"08","2018",0,24.72,"-13.975 144.425"
"5876600","2018-08-02T12:00:00Z",-14.025,144.425,"0.0",0,"24.560000000000002","0.67",0,2018-08-02,"08","2018",0,24.56,"-14.025 144.425"
"5877673","2018-08-02T12:00:00Z",-14.675,145.425,"0.0",0,"24.41","0.67",0,2018-08-02,"08","2018",0,24.41,"-14.675 145.425"
"5877677","2018-08-02T12:00:00Z",-14.675,145.625,"0.0",0,"24.91","0.75",0,2018-08-02,"08","2018",0,24.91,"-14.675 145.625"
"5877754","2018-08-02T12:00:00Z",-14.725,145.425,"0.0",0,"24.29","0.6",0,2018-08-02,"08","2018",0,24.29,"-14.725 145.425"
"5877836","2018-08-02T12:00:00Z",-14.775,145.475,"0.0",0,"24.34","0.6",0,2018-08-02,"08","2018",0,24.34,"-14.775 145.475"
"5878326","2018-08-02T12:00:00Z",-15.075,145.675,"0.0",0,"24.94","0.87",0,2018-08-02,"08","2018",0,24.94,"-15.075 145.675"
"5910936","2018-08-09T12:00:00Z",-13.875,144.025,"0.0",0,"24.490000000000002","0.74",0,2018-08-09,"08","2018",0,24.49,"-13.875 144.025"
"5911018","2018-08-09T12:00:00Z",-13.925,144.075,"0.0",0,"24.44","0.72",0,2018-08-09,"08","2018",0,24.44,"-13.925 144.075"
"5911020","2018-08-09T12:00:00Z",-13.925,144.175,"0.0",0,"24.48","0.68",0,2018-08-09,"08","2018",0,24.48,"-13.925 144.175"
"5911021","2018-08-09T12:00:00Z",-13.925,144.225,"0.0",0,"24.560000000000002","0.7000000000000001",0,2018-08-09,"08","2018",0,24.56,"-13.925 144.225"
"5911106","2018-08-09T12:00:00Z",-13.975,144.425,"0.0",0,"24.92","0.9",0,2018-08-09,"08","2018",0,24.92,"-13.975 144.425"
"5911187","2018-08-09T12:00:00Z",-14.025,144.425,"0.0",0,"24.79","0.92",0,2018-08-09,"08","2018",0,24.79,"-14.025 144.425"
"5912260","2018-08-09T12:00:00Z",-14.675,145.425,"0.0",0,"24.59","0.86",0,2018-08-09,"08","2018",0,24.59,"-14.675 145.425"
"5912264","2018-08-09T12:00:00Z",-14.675,145.625,"0.0",0,"25.080000000000002","0.96",0,2018-08-09,"08","2018",0,25.08,"-14.675 145.625"
"5912341","2018-08-09T12:00:00Z",-14.725,145.425,"0.0",0,"24.5","0.8200000000000001",0,2018-08-09,"08","2018",0,24.5,"-14.725 145.425"
"5912423","2018-08-09T12:00:00Z",-14.775,145.475,"0.0",0,"24.53","0.8",0,2018-08-09,"08","2018",0,24.53,"-14.775 145.475"
"5912913","2018-08-09T12:00:00Z",-15.075,145.675,"0.0",0,"24.96","0.93",0,2018-08-09,"08","2018",0,24.96,"-15.075 145.675"
"5945523","2018-08-16T12:00:00Z",-13.875,144.025,"0.0",0,"24.39","0.62",0,2018-08-16,"08","2018",0,24.39,"-13.875 144.025"
"5945605","2018-08-16T12:00:00Z",-13.925,144.075,"0.0",0,"24.36","0.62",0,2018-08-16,"08","2018",0,24.36,"-13.925 144.075"
"5945607","2018-08-16T12:00:00Z",-13.925,144.175,"0.0",0,"24.47","0.66",0,2018-08-16,"08","2018",0,24.47,"-13.925 144.175"
"5945608","2018-08-16T12:00:00Z",-13.925,144.225,"0.0",0,"24.57","0.7000000000000001",0,2018-08-16,"08","2018",0,24.57,"-13.925 144.225"
"5945693","2018-08-16T12:00:00Z",-13.975,144.425,"0.0",0,"24.82","0.8",0,2018-08-16,"08","2018",0,24.82,"-13.975 144.425"
"5945774","2018-08-16T12:00:00Z",-14.025,144.425,"0.0",0,"24.71","0.8300000000000001",0,2018-08-16,"08","2018",0,24.71,"-14.025 144.425"
"5946847","2018-08-16T12:00:00Z",-14.675,145.425,"0.0",0,"24.43","0.68",0,2018-08-16,"08","2018",0,24.43,"-14.675 145.425"
"5946851","2018-08-16T12:00:00Z",-14.675,145.625,"0.0",0,"24.95","0.84",0,2018-08-16,"08","2018",0,24.95,"-14.675 145.625"
"5946928","2018-08-16T12:00:00Z",-14.725,145.425,"0.0",0,"24.310000000000002","0.61",0,2018-08-16,"08","2018",0,24.31,"-14.725 145.425"
"5947010","2018-08-16T12:00:00Z",-14.775,145.475,"0.0",0,"24.36","0.62",0,2018-08-16,"08","2018",0,24.36,"-14.775 145.475"
"5947500","2018-08-16T12:00:00Z",-15.075,145.675,"0.0",0,"24.93","0.92",0,2018-08-16,"08","2018",0,24.93,"-15.075 145.675"
"5980110","2018-08-23T12:00:00Z",-13.875,144.025,"0.0",0,"24.17","0.23",0,2018-08-23,"08","2018",0,24.17,"-13.875 144.025"
"5980192","2018-08-23T12:00:00Z",-13.925,144.075,"0.0",0,"24.11","0.2",0,2018-08-23,"08","2018",0,24.11,"-13.925 144.075"
"5980194","2018-08-23T12:00:00Z",-13.925,144.175,"0.0",0,"24.22","0.25",0,2018-08-23,"08","2018",0,24.22,"-13.925 144.175"
"5980195","2018-08-23T12:00:00Z",-13.925,144.225,"0.0",0,"24.310000000000002","0.29",0,2018-08-23,"08","2018",0,24.31,"-13.925 144.225"
"5980280","2018-08-23T12:00:00Z",-13.975,144.425,"0.0",0,"24.63","0.47000000000000003",0,2018-08-23,"08","2018",0,24.63,"-13.975 144.425"
"5980361","2018-08-23T12:00:00Z",-14.025,144.425,"0.0",0,"24.5","0.45",0,2018-08-23,"08","2018",0,24.5,"-14.025 144.425"
"5981434","2018-08-23T12:00:00Z",-14.675,145.425,"0.0",0,"24.330000000000002","0.41000000000000003",0,2018-08-23,"08","2018",0,24.33,"-14.675 145.425"
"5981438","2018-08-23T12:00:00Z",-14.675,145.625,"0.0",0,"24.63","0.4",0,2018-08-23,"08","2018",0,24.63,"-14.675 145.625"
"5981515","2018-08-23T12:00:00Z",-14.725,145.425,"0.0",0,"24.240000000000002","0.36",0,2018-08-23,"08","2018",0,24.24,"-14.725 145.425"
"5981597","2018-08-23T12:00:00Z",-14.775,145.475,"0.0",0,"24.28","0.37",0,2018-08-23,"08","2018",0,24.28,"-14.775 145.475"
"5982087","2018-08-23T12:00:00Z",-15.075,145.675,"0.0",0,"24.63","0.49",0,2018-08-23,"08","2018",0,24.63,"-15.075 145.675"
"6014697","2018-08-30T12:00:00Z",-13.875,144.025,"0.0",0,"24.38","0.26",0,2018-08-30,"08","2018",0,24.38,"-13.875 144.025"
"6014779","2018-08-30T12:00:00Z",-13.925,144.075,"0.0",0,"24.330000000000002","0.24",0,2018-08-30,"08","2018",0,24.33,"-13.925 144.075"
"6014781","2018-08-30T12:00:00Z",-13.925,144.175,"0.0",0,"24.38","0.25",0,2018-08-30,"08","2018",0,24.38,"-13.925 144.175"
"6014782","2018-08-30T12:00:00Z",-13.925,144.225,"0.0",0,"24.45","0.28",0,2018-08-30,"08","2018",0,24.45,"-13.925 144.225"
"6014867","2018-08-30T12:00:00Z",-13.975,144.425,"0.0",0,"24.650000000000002","0.35000000000000003",0,2018-08-30,"08","2018",0,24.65,"-13.975 144.425"
"6014948","2018-08-30T12:00:00Z",-14.025,144.425,"0.0",0,"24.560000000000002","0.35000000000000003",0,2018-08-30,"08","2018",0,24.56,"-14.025 144.425"
"6016021","2018-08-30T12:00:00Z",-14.675,145.425,"0.0",0,"24.580000000000002","0.49",0,2018-08-30,"08","2018",0,24.58,"-14.675 145.425"
"6016025","2018-08-30T12:00:00Z",-14.675,145.625,"0.0",0,"24.91","0.55",0,2018-08-30,"08","2018",0,24.91,"-14.675 145.625"
"6016102","2018-08-30T12:00:00Z",-14.725,145.425,"0.0",0,"24.54","0.49",0,2018-08-30,"08","2018",0,24.54,"-14.725 145.425"
"6016184","2018-08-30T12:00:00Z",-14.775,145.475,"0.0",0,"24.54","0.47000000000000003",0,2018-08-30,"08","2018",0,24.54,"-14.775 145.475"
"6016674","2018-08-30T12:00:00Z",-15.075,145.675,"0.0",0,"24.85","0.58",0,2018-08-30,"08","2018",0,24.85,"-15.075 145.675"
"6049284","2018-09-06T12:00:00Z",-13.875,144.025,"0.0",0,"24.79","0.5",0,2018-09-06,"09","2018",0,24.79,"-13.875 144.025"
"6049366","2018-09-06T12:00:00Z",-13.925,144.075,"0.0",0,"24.76","0.49",0,2018-09-06,"09","2018",0,24.76,"-13.925 144.075"
"6049368","2018-09-06T12:00:00Z",-13.925,144.175,"0.0",0,"24.75","0.46",0,2018-09-06,"09","2018",0,24.75,"-13.925 144.175"
"6049369","2018-09-06T12:00:00Z",-13.925,144.225,"0.0",0,"24.76","0.43",0,2018-09-06,"09","2018",0,24.76,"-13.925 144.225"
"6049454","2018-09-06T12:00:00Z",-13.975,144.425,"0.0",0,"25.05","0.61",0,2018-09-06,"09","2018",0,25.05,"-13.975 144.425"
"6049535","2018-09-06T12:00:00Z",-14.025,144.425,"0.0",0,"24.94","0.5700000000000001",0,2018-09-06,"09","2018",0,24.94,"-14.025 144.425"
"6050608","2018-09-06T12:00:00Z",-14.675,145.425,"0.0",0,"24.990000000000002","0.73",0,2018-09-06,"09","2018",0,24.99,"-14.675 145.425"
"6050612","2018-09-06T12:00:00Z",-14.675,145.625,"0.0",0,"25.21","0.73",0,2018-09-06,"09","2018",0,25.21,"-14.675 145.625"
"6050689","2018-09-06T12:00:00Z",-14.725,145.425,"0.0",0,"24.93","0.71",0,2018-09-06,"09","2018",0,24.93,"-14.725 145.425"
"6050771","2018-09-06T12:00:00Z",-14.775,145.475,"0.0",0,"24.93","0.6900000000000001",0,2018-09-06,"09","2018",0,24.93,"-14.775 145.475"
"6051261","2018-09-06T12:00:00Z",-15.075,145.675,"0.0",0,"25.12","0.72",0,2018-09-06,"09","2018",0,25.12,"-15.075 145.675"
"6083871","2018-09-13T12:00:00Z",-13.875,144.025,"0.0",0,"24.95","0.48",0,2018-09-13,"09","2018",0,24.95,"-13.875 144.025"
"6083953","2018-09-13T12:00:00Z",-13.925,144.075,"0.0",0,"24.92","0.47000000000000003",0,2018-09-13,"09","2018",0,24.92,"-13.925 144.075"
"6083955","2018-09-13T12:00:00Z",-13.925,144.175,"0.0",0,"24.94","0.49",0,2018-09-13,"09","2018",0,24.94,"-13.925 144.175"
"6083956","2018-09-13T12:00:00Z",-13.925,144.225,"0.0",0,"25.0","0.52",0,2018-09-13,"09","2018",0,25,"-13.925 144.225"
"6084041","2018-09-13T12:00:00Z",-13.975,144.425,"0.0",0,"25.18","0.6",0,2018-09-13,"09","2018",0,25.18,"-13.975 144.425"
"6084122","2018-09-13T12:00:00Z",-14.025,144.425,"0.0",0,"25.14","0.61",0,2018-09-13,"09","2018",0,25.14,"-14.025 144.425"
"6085195","2018-09-13T12:00:00Z",-14.675,145.425,"0.0",0,"24.92","0.49",0,2018-09-13,"09","2018",0,24.92,"-14.675 145.425"
"6085199","2018-09-13T12:00:00Z",-14.675,145.625,"0.0",0,"25.18","0.58",0,2018-09-13,"09","2018",0,25.18,"-14.675 145.625"
"6085276","2018-09-13T12:00:00Z",-14.725,145.425,"0.0",0,"24.88","0.49",0,2018-09-13,"09","2018",0,24.88,"-14.725 145.425"
"6085358","2018-09-13T12:00:00Z",-14.775,145.475,"0.0",0,"24.92","0.52",0,2018-09-13,"09","2018",0,24.92,"-14.775 145.475"
"6085848","2018-09-13T12:00:00Z",-15.075,145.675,"0.0",0,"25.11","0.58",0,2018-09-13,"09","2018",0,25.11,"-15.075 145.675"
"6118458","2018-09-20T12:00:00Z",-13.875,144.025,"0.0",0,"25.16","0.43",0,2018-09-20,"09","2018",0,25.16,"-13.875 144.025"
"6118540","2018-09-20T12:00:00Z",-13.925,144.075,"0.0",0,"25.09","0.37",0,2018-09-20,"09","2018",0,25.09,"-13.925 144.075"
"6118542","2018-09-20T12:00:00Z",-13.925,144.175,"0.0",0,"25.060000000000002","0.36",0,2018-09-20,"09","2018",0,25.06,"-13.925 144.175"
"6118543","2018-09-20T12:00:00Z",-13.925,144.225,"0.0",0,"25.07","0.35000000000000003",0,2018-09-20,"09","2018",0,25.07,"-13.925 144.225"
"6118628","2018-09-20T12:00:00Z",-13.975,144.425,"0.0",0,"25.03","0.23",0,2018-09-20,"09","2018",0,25.03,"-13.975 144.425"
"6118709","2018-09-20T12:00:00Z",-14.025,144.425,"0.0",0,"25.01","0.23",0,2018-09-20,"09","2018",0,25.01,"-14.025 144.425"
"6119782","2018-09-20T12:00:00Z",-14.675,145.425,"0.0",0,"25.13","0.45",0,2018-09-20,"09","2018",0,25.13,"-14.675 145.425"
"6119786","2018-09-20T12:00:00Z",-14.675,145.625,"0.0",0,"25.240000000000002","0.43",0,2018-09-20,"09","2018",0,25.24,"-14.675 145.625"
"6119863","2018-09-20T12:00:00Z",-14.725,145.425,"0.0",0,"25.05","0.4",0,2018-09-20,"09","2018",0,25.05,"-14.725 145.425"
"6119945","2018-09-20T12:00:00Z",-14.775,145.475,"0.0",0,"25.05","0.4",0,2018-09-20,"09","2018",0,25.05,"-14.775 145.475"
"6120435","2018-09-20T12:00:00Z",-15.075,145.675,"0.0",0,"25.1","0.35000000000000003",0,2018-09-20,"09","2018",0,25.1,"-15.075 145.675"
"6153045","2018-09-27T12:00:00Z",-13.875,144.025,"0.0",0,"24.740000000000002","-0.29",0,2018-09-27,"09","2018",0,24.74,"-13.875 144.025"
"6153127","2018-09-27T12:00:00Z",-13.925,144.075,"0.0",0,"24.67","-0.35000000000000003",0,2018-09-27,"09","2018",0,24.67,"-13.925 144.075"
"6153129","2018-09-27T12:00:00Z",-13.925,144.175,"0.0",0,"24.72","-0.27",0,2018-09-27,"09","2018",0,24.72,"-13.925 144.175"
"6153130","2018-09-27T12:00:00Z",-13.925,144.225,"0.0",0,"24.78","-0.21",0,2018-09-27,"09","2018",0,24.78,"-13.925 144.225"
"6153215","2018-09-27T12:00:00Z",-13.975,144.425,"0.0",0,"24.900000000000002","-0.16",0,2018-09-27,"09","2018",0,24.9,"-13.975 144.425"
"6153296","2018-09-27T12:00:00Z",-14.025,144.425,"0.0",0,"24.82","-0.23",0,2018-09-27,"09","2018",0,24.82,"-14.025 144.425"
"6154369","2018-09-27T12:00:00Z",-14.675,145.425,"0.0",0,"24.76","-0.2",0,2018-09-27,"09","2018",0,24.76,"-14.675 145.425"
"6154373","2018-09-27T12:00:00Z",-14.675,145.625,"0.0",0,"24.94","-0.11",0,2018-09-27,"09","2018",0,24.94,"-14.675 145.625"
"6154450","2018-09-27T12:00:00Z",-14.725,145.425,"0.0",0,"24.72","-0.22",0,2018-09-27,"09","2018",0,24.72,"-14.725 145.425"
"6154532","2018-09-27T12:00:00Z",-14.775,145.475,"0.0",0,"24.75","-0.19",0,2018-09-27,"09","2018",0,24.75,"-14.775 145.475"
"6155022","2018-09-27T12:00:00Z",-15.075,145.675,"0.0",0,"24.93","-0.08",0,2018-09-27,"09","2018",0,24.93,"-15.075 145.675"
"6187632","2018-10-04T12:00:00Z",-13.875,144.025,"0.0",0,"24.42","-0.9",0,2018-10-04,"10","2018",0,24.42,"-13.875 144.025"
"6187714","2018-10-04T12:00:00Z",-13.925,144.075,"0.0",0,"24.36","-0.96",0,2018-10-04,"10","2018",0,24.36,"-13.925 144.075"
"6187716","2018-10-04T12:00:00Z",-13.925,144.175,"0.0",0,"24.400000000000002","-0.87",0,2018-10-04,"10","2018",0,24.4,"-13.925 144.175"
"6187717","2018-10-04T12:00:00Z",-13.925,144.225,"0.0",0,"24.45","-0.8200000000000001",0,2018-10-04,"10","2018",0,24.45,"-13.925 144.225"
"6187802","2018-10-04T12:00:00Z",-13.975,144.425,"0.0",0,"24.64","-0.68",0,2018-10-04,"10","2018",0,24.64,"-13.975 144.425"
"6187883","2018-10-04T12:00:00Z",-14.025,144.425,"0.0",0,"24.54","-0.79",0,2018-10-04,"10","2018",0,24.54,"-14.025 144.425"
"6188956","2018-10-04T12:00:00Z",-14.675,145.425,"0.0",0,"24.43","-0.8200000000000001",0,2018-10-04,"10","2018",0,24.43,"-14.675 145.425"
"6188960","2018-10-04T12:00:00Z",-14.675,145.625,"0.0",0,"24.64","-0.65",0,2018-10-04,"10","2018",0,24.64,"-14.675 145.625"
"6189037","2018-10-04T12:00:00Z",-14.725,145.425,"0.0",0,"24.42","-0.8200000000000001",0,2018-10-04,"10","2018",0,24.42,"-14.725 145.425"
"6189119","2018-10-04T12:00:00Z",-14.775,145.475,"0.0",0,"24.47","-0.76",0,2018-10-04,"10","2018",0,24.47,"-14.775 145.475"
"6189609","2018-10-04T12:00:00Z",-15.075,145.675,"0.0",0,"24.68","-0.59",0,2018-10-04,"10","2018",0,24.68,"-15.075 145.675"
"6222219","2018-10-11T12:00:00Z",-13.875,144.025,"0.0",0,"25.5","-0.12",0,2018-10-11,"10","2018",0,25.5,"-13.875 144.025"
"6222301","2018-10-11T12:00:00Z",-13.925,144.075,"0.0",0,"25.43","-0.19",0,2018-10-11,"10","2018",0,25.43,"-13.925 144.075"
"6222303","2018-10-11T12:00:00Z",-13.925,144.175,"0.0",0,"25.22","-0.34",0,2018-10-11,"10","2018",0,25.22,"-13.925 144.175"
"6222304","2018-10-11T12:00:00Z",-13.925,144.225,"0.0",0,"25.150000000000002","-0.39",0,2018-10-11,"10","2018",0,25.15,"-13.925 144.225"
"6222389","2018-10-11T12:00:00Z",-13.975,144.425,"0.0",0,"25.25","-0.33",0,2018-10-11,"10","2018",0,25.25,"-13.975 144.425"
"6222470","2018-10-11T12:00:00Z",-14.025,144.425,"0.0",0,"25.26","-0.34",0,2018-10-11,"10","2018",0,25.26,"-14.025 144.425"
"6223543","2018-10-11T12:00:00Z",-14.675,145.425,"0.0",0,"25.41","-0.12",0,2018-10-11,"10","2018",0,25.41,"-14.675 145.425"
"6223547","2018-10-11T12:00:00Z",-14.675,145.625,"0.0",0,"25.71","0.19",0,2018-10-11,"10","2018",0,25.71,"-14.675 145.625"
"6223624","2018-10-11T12:00:00Z",-14.725,145.425,"0.0",0,"25.39","-0.14",0,2018-10-11,"10","2018",0,25.39,"-14.725 145.425"
"6223706","2018-10-11T12:00:00Z",-14.775,145.475,"0.0",0,"25.42","-0.1",0,2018-10-11,"10","2018",0,25.42,"-14.775 145.475"
"6224196","2018-10-11T12:00:00Z",-15.075,145.675,"0.0",0,"25.55","0.03",0,2018-10-11,"10","2018",0,25.55,"-15.075 145.675"
"6256806","2018-10-18T12:00:00Z",-13.875,144.025,"0.0",0,"26.41","0.47000000000000003",0,2018-10-18,"10","2018",0,26.41,"-13.875 144.025"
"6256888","2018-10-18T12:00:00Z",-13.925,144.075,"0.0",0,"26.38","0.44",0,2018-10-18,"10","2018",0,26.38,"-13.925 144.075"
"6256890","2018-10-18T12:00:00Z",-13.925,144.175,"0.0",0,"26.25","0.38",0,2018-10-18,"10","2018",0,26.25,"-13.925 144.175"
"6256891","2018-10-18T12:00:00Z",-13.925,144.225,"0.0",0,"26.2","0.35000000000000003",0,2018-10-18,"10","2018",0,26.2,"-13.925 144.225"
"6256976","2018-10-18T12:00:00Z",-13.975,144.425,"0.0",0,"26.150000000000002","0.28",0,2018-10-18,"10","2018",0,26.15,"-13.975 144.425"
"6257057","2018-10-18T12:00:00Z",-14.025,144.425,"0.0",0,"26.22","0.32",0,2018-10-18,"10","2018",0,26.22,"-14.025 144.425"
"6258130","2018-10-18T12:00:00Z",-14.675,145.425,"0.0",0,"26.27","0.44",0,2018-10-18,"10","2018",0,26.27,"-14.675 145.425"
"6258134","2018-10-18T12:00:00Z",-14.675,145.625,"0.0",0,"26.310000000000002","0.52",0,2018-10-18,"10","2018",0,26.31,"-14.675 145.625"
"6258211","2018-10-18T12:00:00Z",-14.725,145.425,"0.0",0,"26.28","0.44",0,2018-10-18,"10","2018",0,26.28,"-14.725 145.425"
"6258293","2018-10-18T12:00:00Z",-14.775,145.475,"0.0",0,"26.26","0.44",0,2018-10-18,"10","2018",0,26.26,"-14.775 145.475"
"6258783","2018-10-18T12:00:00Z",-15.075,145.675,"0.0",0,"26.18","0.38",0,2018-10-18,"10","2018",0,26.18,"-15.075 145.675"
"6291393","2018-10-25T12:00:00Z",-13.875,144.025,"0.0",0,"26.54","0.24",0,2018-10-25,"10","2018",0,26.54,"-13.875 144.025"
"6291475","2018-10-25T12:00:00Z",-13.925,144.075,"0.0",0,"26.59","0.29",0,2018-10-25,"10","2018",0,26.59,"-13.925 144.075"
"6291477","2018-10-25T12:00:00Z",-13.925,144.175,"0.0",0,"26.47","0.26",0,2018-10-25,"10","2018",0,26.47,"-13.925 144.175"
"6291478","2018-10-25T12:00:00Z",-13.925,144.225,"0.0",0,"26.41","0.23",0,2018-10-25,"10","2018",0,26.41,"-13.925 144.225"
"6291563","2018-10-25T12:00:00Z",-13.975,144.425,"0.0",0,"26.310000000000002","0.13",0,2018-10-25,"10","2018",0,26.31,"-13.975 144.425"
"6291644","2018-10-25T12:00:00Z",-14.025,144.425,"0.0",0,"26.38","0.16",0,2018-10-25,"10","2018",0,26.38,"-14.025 144.425"
"6292717","2018-10-25T12:00:00Z",-14.675,145.425,"0.0",0,"26.51","0.36",0,2018-10-25,"10","2018",0,26.51,"-14.675 145.425"
"6292721","2018-10-25T12:00:00Z",-14.675,145.625,"0.0",0,"26.55","0.45",0,2018-10-25,"10","2018",0,26.55,"-14.675 145.625"
"6292798","2018-10-25T12:00:00Z",-14.725,145.425,"0.0",0,"26.54","0.38",0,2018-10-25,"10","2018",0,26.54,"-14.725 145.425"
"6292880","2018-10-25T12:00:00Z",-14.775,145.475,"0.0",0,"26.55","0.4",0,2018-10-25,"10","2018",0,26.55,"-14.775 145.475"
"6293370","2018-10-25T12:00:00Z",-15.075,145.675,"0.0",0,"26.59","0.48",0,2018-10-25,"10","2018",0,26.59,"-15.075 145.675"
"6325980","2018-11-01T12:00:00Z",-13.875,144.025,"0.0",0,"27.3","0.64",0,2018-11-01,"11","2018",0,27.3,"-13.875 144.025"
"6326062","2018-11-01T12:00:00Z",-13.925,144.075,"0.0",0,"27.240000000000002","0.59",0,2018-11-01,"11","2018",0,27.24,"-13.925 144.075"
"6326064","2018-11-01T12:00:00Z",-13.925,144.175,"0.0",0,"27.080000000000002","0.52",0,2018-11-01,"11","2018",0,27.08,"-13.925 144.175"
"6326065","2018-11-01T12:00:00Z",-13.925,144.225,"0.0",0,"27.02","0.5",0,2018-11-01,"11","2018",0,27.02,"-13.925 144.225"
"6326150","2018-11-01T12:00:00Z",-13.975,144.425,"0.0",0,"26.89","0.39",0,2018-11-01,"11","2018",0,26.89,"-13.975 144.425"
"6326231","2018-11-01T12:00:00Z",-14.025,144.425,"0.0",0,"26.990000000000002","0.44",0,2018-11-01,"11","2018",0,26.99,"-14.025 144.425"
"6327304","2018-11-01T12:00:00Z",-14.675,145.425,"0.0",0,"26.66","0.19",0,2018-11-01,"11","2018",0,26.66,"-14.675 145.425"
"6327308","2018-11-01T12:00:00Z",-14.675,145.625,"0.0",0,"26.62","0.21",0,2018-11-01,"11","2018",0,26.62,"-14.675 145.625"
"6327385","2018-11-01T12:00:00Z",-14.725,145.425,"0.0",0,"26.64","0.15",0,2018-11-01,"11","2018",0,26.64,"-14.725 145.425"
"6327467","2018-11-01T12:00:00Z",-14.775,145.475,"0.0",0,"26.61","0.13",0,2018-11-01,"11","2018",0,26.61,"-14.775 145.475"
"6327957","2018-11-01T12:00:00Z",-15.075,145.675,"0.0",0,"26.67","0.25",0,2018-11-01,"11","2018",0,26.67,"-15.075 145.675"
"6360567","2018-11-08T12:00:00Z",-13.875,144.025,"0.0",0,"27.46","0.44",0,2018-11-08,"11","2018",0,27.46,"-13.875 144.025"
"6360649","2018-11-08T12:00:00Z",-13.925,144.075,"0.0",0,"27.44","0.43",0,2018-11-08,"11","2018",0,27.44,"-13.925 144.075"
"6360651","2018-11-08T12:00:00Z",-13.925,144.175,"0.0",0,"27.21","0.31",0,2018-11-08,"11","2018",0,27.21,"-13.925 144.175"
"6360652","2018-11-08T12:00:00Z",-13.925,144.225,"0.0",0,"27.1","0.24",0,2018-11-08,"11","2018",0,27.1,"-13.925 144.225"
"6360737","2018-11-08T12:00:00Z",-13.975,144.425,"0.0",0,"27.060000000000002","0.24",0,2018-11-08,"11","2018",0,27.06,"-13.975 144.425"
"6360818","2018-11-08T12:00:00Z",-14.025,144.425,"0.0",0,"27.14","0.27",0,2018-11-08,"11","2018",0,27.14,"-14.025 144.425"
"6361891","2018-11-08T12:00:00Z",-14.675,145.425,"0.0",0,"27.07","0.27",0,2018-11-08,"11","2018",0,27.07,"-14.675 145.425"
"6361895","2018-11-08T12:00:00Z",-14.675,145.625,"0.0",0,"27.07","0.36",0,2018-11-08,"11","2018",0,27.07,"-14.675 145.625"
"6361972","2018-11-08T12:00:00Z",-14.725,145.425,"0.0",0,"27.12","0.31",0,2018-11-08,"11","2018",0,27.12,"-14.725 145.425"
"6362054","2018-11-08T12:00:00Z",-14.775,145.475,"0.0",0,"27.080000000000002","0.28",0,2018-11-08,"11","2018",0,27.08,"-14.775 145.475"
"6362544","2018-11-08T12:00:00Z",-15.075,145.675,"0.0",0,"26.98","0.26",0,2018-11-08,"11","2018",0,26.98,"-15.075 145.675"
"6395154","2018-11-15T12:00:00Z",-13.875,144.025,"0.0",0,"27.59","0.21",0,2018-11-15,"11","2018",0,27.59,"-13.875 144.025"
"6395236","2018-11-15T12:00:00Z",-13.925,144.075,"0.0",0,"27.51","0.15",0,2018-11-15,"11","2018",0,27.51,"-13.925 144.075"
"6395238","2018-11-15T12:00:00Z",-13.925,144.175,"0.0",0,"27.41","0.16",0,2018-11-15,"11","2018",0,27.41,"-13.925 144.175"
"6395239","2018-11-15T12:00:00Z",-13.925,144.225,"0.0",0,"27.38","0.18",0,2018-11-15,"11","2018",0,27.38,"-13.925 144.225"
"6395324","2018-11-15T12:00:00Z",-13.975,144.425,"0.0",0,"27.36","0.22",0,2018-11-15,"11","2018",0,27.36,"-13.975 144.425"
"6395405","2018-11-15T12:00:00Z",-14.025,144.425,"0.0",0,"27.41","0.21",0,2018-11-15,"11","2018",0,27.41,"-14.025 144.425"
"6396478","2018-11-15T12:00:00Z",-14.675,145.425,"0.0",0,"27.2","0.08",0,2018-11-15,"11","2018",0,27.2,"-14.675 145.425"
"6396482","2018-11-15T12:00:00Z",-14.675,145.625,"0.0",0,"27.21","0.19",0,2018-11-15,"11","2018",0,27.21,"-14.675 145.625"
"6396559","2018-11-15T12:00:00Z",-14.725,145.425,"0.0",0,"27.21","0.07",0,2018-11-15,"11","2018",0,27.21,"-14.725 145.425"
"6396641","2018-11-15T12:00:00Z",-14.775,145.475,"0.0",0,"27.19","0.06",0,2018-11-15,"11","2018",0,27.19,"-14.775 145.475"
"6397131","2018-11-15T12:00:00Z",-15.075,145.675,"0.0",0,"27.26","0.23",0,2018-11-15,"11","2018",0,27.26,"-15.075 145.675"
"6429741","2018-11-22T12:00:00Z",-13.875,144.025,"0.0",0,"27.8","0.2",0,2018-11-22,"11","2018",0,27.8,"-13.875 144.025"
"6429823","2018-11-22T12:00:00Z",-13.925,144.075,"0.0",0,"27.76","0.18",0,2018-11-22,"11","2018",0,27.76,"-13.925 144.075"
"6429825","2018-11-22T12:00:00Z",-13.925,144.175,"0.0",0,"27.64","0.17",0,2018-11-22,"11","2018",0,27.64,"-13.925 144.175"
"6429826","2018-11-22T12:00:00Z",-13.925,144.225,"0.0",0,"27.560000000000002","0.14",0,2018-11-22,"11","2018",0,27.56,"-13.925 144.225"
"6429911","2018-11-22T12:00:00Z",-13.975,144.425,"0.0",0,"27.41","0.05",0,2018-11-22,"11","2018",0,27.41,"-13.975 144.425"
"6429992","2018-11-22T12:00:00Z",-14.025,144.425,"0.0",0,"27.43","0.02",0,2018-11-22,"11","2018",0,27.43,"-14.025 144.425"
"6431065","2018-11-22T12:00:00Z",-14.675,145.425,"0.0",0,"27.44","0.13",0,2018-11-22,"11","2018",0,27.44,"-14.675 145.425"
"6431069","2018-11-22T12:00:00Z",-14.675,145.625,"0.0",0,"27.43","0.21",0,2018-11-22,"11","2018",0,27.43,"-14.675 145.625"
"6431146","2018-11-22T12:00:00Z",-14.725,145.425,"0.0",0,"27.47","0.14",0,2018-11-22,"11","2018",0,27.47,"-14.725 145.425"
"6431228","2018-11-22T12:00:00Z",-14.775,145.475,"0.0",0,"27.46","0.15",0,2018-11-22,"11","2018",0,27.46,"-14.775 145.475"
"6431718","2018-11-22T12:00:00Z",-15.075,145.675,"0.0",0,"27.39","0.17",0,2018-11-22,"11","2018",0,27.39,"-15.075 145.675"
"6464328","2018-11-29T12:00:00Z",-13.875,144.025,"0.0",0,"28.78","0.96",0,2018-11-29,"11","2018",0,28.78,"-13.875 144.025"
"6464410","2018-11-29T12:00:00Z",-13.925,144.075,"0.0",0,"28.78","0.98",0,2018-11-29,"11","2018",0,28.78,"-13.925 144.075"
"6464412","2018-11-29T12:00:00Z",-13.925,144.175,"0.0",0,"28.55","0.87",0,2018-11-29,"11","2018",0,28.55,"-13.925 144.175"
"6464413","2018-11-29T12:00:00Z",-13.925,144.225,"0.0",0,"28.45","0.8200000000000001",0,2018-11-29,"11","2018",0,28.45,"-13.925 144.225"
"6464498","2018-11-29T12:00:00Z",-13.975,144.425,"0.0",0,"28.25","0.67",0,2018-11-29,"11","2018",0,28.25,"-13.975 144.425"
"6464579","2018-11-29T12:00:00Z",-14.025,144.425,"0.0",0,"28.34","0.71",0,2018-11-29,"11","2018",0,28.34,"-14.025 144.425"
"6465652","2018-11-29T12:00:00Z",-14.675,145.425,"0.0",0,"28.150000000000002","0.65",0,2018-11-29,"11","2018",0,28.15,"-14.675 145.425"
"6465656","2018-11-29T12:00:00Z",-14.675,145.625,"0.0",0,"27.93","0.5",0,2018-11-29,"11","2018",0,27.93,"-14.675 145.625"
"6465733","2018-11-29T12:00:00Z",-14.725,145.425,"0.0",0,"28.19","0.68",0,2018-11-29,"11","2018",0,28.19,"-14.725 145.425"
"6465815","2018-11-29T12:00:00Z",-14.775,145.475,"0.0",0,"28.12","0.62",0,2018-11-29,"11","2018",0,28.12,"-14.775 145.475"
"6466305","2018-11-29T12:00:00Z",-15.075,145.675,"0.0",0,"28.12","0.72",0,2018-11-29,"11","2018",0,28.12,"-15.075 145.675"
"6498915","2018-12-06T12:00:00Z",-13.875,144.025,"0.0",0,"29.42","1.3800000000000001",0,2018-12-06,"12","2018",0,29.42,"-13.875 144.025"
"6498997","2018-12-06T12:00:00Z",-13.925,144.075,"0.0",0,"29.38","1.36",0,2018-12-06,"12","2018",0,29.38,"-13.925 144.075"
"6498999","2018-12-06T12:00:00Z",-13.925,144.175,"0.0",0,"29.22","1.32",0,2018-12-06,"12","2018",0,29.22,"-13.925 144.175"
"6499000","2018-12-06T12:00:00Z",-13.925,144.225,"0.0",0,"29.16","1.31",0,2018-12-06,"12","2018",0,29.16,"-13.925 144.225"
"6499085","2018-12-06T12:00:00Z",-13.975,144.425,"0.0",0,"29.060000000000002","1.26",0,2018-12-06,"12","2018",0,29.06,"-13.975 144.425"
"6499166","2018-12-06T12:00:00Z",-14.025,144.425,"0.0",0,"29.1","1.26",0,2018-12-06,"12","2018",0,29.1,"-14.025 144.425"
"6500239","2018-12-06T12:00:00Z",-14.675,145.425,"0.0",0,"28.91","1.22",0,2018-12-06,"12","2018",0,28.91,"-14.675 145.425"
"6500243","2018-12-06T12:00:00Z",-14.675,145.625,"0.0",0,"29.11","1.48",0,2018-12-06,"12","2018",0,29.11,"-14.675 145.625"
"6500320","2018-12-06T12:00:00Z",-14.725,145.425,"0.0",0,"28.89","1.19",0,2018-12-06,"12","2018",0,28.89,"-14.725 145.425"
"6500402","2018-12-06T12:00:00Z",-14.775,145.475,"0.0",0,"28.900000000000002","1.22",0,2018-12-06,"12","2018",0,28.9,"-14.775 145.475"
"6500892","2018-12-06T12:00:00Z",-15.075,145.675,"0.0",0,"29.16","1.57",0,2018-12-06,"12","2018",0,29.16,"-15.075 145.675"
"6533502","2018-12-13T12:00:00Z",-13.875,144.025,"0.0",0,"29.55","1.29",0,2018-12-13,"12","2018",0,29.55,"-13.875 144.025"
"6533584","2018-12-13T12:00:00Z",-13.925,144.075,"0.0",0,"29.51","1.27",0,2018-12-13,"12","2018",0,29.51,"-13.925 144.075"
"6533586","2018-12-13T12:00:00Z",-13.925,144.175,"0.0",0,"29.43","1.31",0,2018-12-13,"12","2018",0,29.43,"-13.925 144.175"
"6533587","2018-12-13T12:00:00Z",-13.925,144.225,"0.0",0,"29.38","1.31",0,2018-12-13,"12","2018",0,29.38,"-13.925 144.225"
"6533672","2018-12-13T12:00:00Z",-13.975,144.425,"0.0",0,"29.400000000000002","1.3800000000000001",0,2018-12-13,"12","2018",0,29.4,"-13.975 144.425"
"6533753","2018-12-13T12:00:00Z",-14.025,144.425,"0.0",0,"29.43","1.37",0,2018-12-13,"12","2018",0,29.43,"-14.025 144.425"
"6534826","2018-12-13T12:00:00Z",-14.675,145.425,"0.0",0,"28.92","1.04",0,2018-12-13,"12","2018",0,28.92,"-14.675 145.425"
"6534830","2018-12-13T12:00:00Z",-14.675,145.625,"0.0",0,"29.03","1.2",0,2018-12-13,"12","2018",0,29.03,"-14.675 145.625"
"6534907","2018-12-13T12:00:00Z",-14.725,145.425,"0.0",0,"28.89","1.0",0,2018-12-13,"12","2018",0,28.89,"-14.725 145.425"
"6534989","2018-12-13T12:00:00Z",-14.775,145.475,"0.0",0,"28.89","1.02",0,2018-12-13,"12","2018",0,28.89,"-14.775 145.475"
"6535479","2018-12-13T12:00:00Z",-15.075,145.675,"0.0",0,"29.04","1.26",0,2018-12-13,"12","2018",0,29.04,"-15.075 145.675"
"6568089","2018-12-20T12:00:00Z",-13.875,144.025,"0.31",0,"29.84","1.45",0,2018-12-20,"12","2018",0.31,29.84,"-13.875 144.025"
"6568171","2018-12-20T12:00:00Z",-13.925,144.075,"0.33",0,"29.92","1.55",0,2018-12-20,"12","2018",0.33,29.92,"-13.925 144.075"
"6568173","2018-12-20T12:00:00Z",-13.925,144.175,"0.34",0,"29.8","1.55",0,2018-12-20,"12","2018",0.34,29.8,"-13.925 144.175"
"6568174","2018-12-20T12:00:00Z",-13.925,144.225,"0.33",0,"29.75","1.55",0,2018-12-20,"12","2018",0.33,29.75,"-13.925 144.225"
"6568259","2018-12-20T12:00:00Z",-13.975,144.425,"0.3",0,"29.68","1.52",0,2018-12-20,"12","2018",0.3,29.68,"-13.975 144.425"
"6568340","2018-12-20T12:00:00Z",-14.025,144.425,"0.32",0,"29.77","1.57",0,2018-12-20,"12","2018",0.32,29.77,"-14.025 144.425"
"6569413","2018-12-20T12:00:00Z",-14.675,145.425,"0.0",0,"29.29","1.27",0,2018-12-20,"12","2018",0,29.29,"-14.675 145.425"
"6569417","2018-12-20T12:00:00Z",-14.675,145.625,"0.0",0,"29.150000000000002","1.17",0,2018-12-20,"12","2018",0,29.15,"-14.675 145.625"
"6569494","2018-12-20T12:00:00Z",-14.725,145.425,"0.0",0,"29.34","1.3",0,2018-12-20,"12","2018",0,29.34,"-14.725 145.425"
"6569576","2018-12-20T12:00:00Z",-14.775,145.475,"0.0",0,"29.36","1.34",0,2018-12-20,"12","2018",0,29.36,"-14.775 145.475"
"6570066","2018-12-20T12:00:00Z",-15.075,145.675,"0.0",0,"29.38","1.45",0,2018-12-20,"12","2018",0,29.38,"-15.075 145.675"
"6602676","2018-12-27T12:00:00Z",-13.875,144.025,"0.75",0,"29.41","0.93",0,2018-12-27,"12","2018",0.75,29.41,"-13.875 144.025"
"6602758","2018-12-27T12:00:00Z",-13.925,144.075,"0.78",0,"29.400000000000002","0.93",0,2018-12-27,"12","2018",0.78,29.4,"-13.925 144.075"
"6602760","2018-12-27T12:00:00Z",-13.925,144.175,"0.64",0,"29.34","0.99",0,2018-12-27,"12","2018",0.64,29.34,"-13.925 144.175"
"6602761","2018-12-27T12:00:00Z",-13.925,144.225,"0.64",0,"29.310000000000002","1.01",0,2018-12-27,"12","2018",0.64,29.31,"-13.925 144.225"
"6602846","2018-12-27T12:00:00Z",-13.975,144.425,"0.59",0,"29.21","0.9500000000000001",0,2018-12-27,"12","2018",0.59,29.21,"-13.975 144.425"
"6602927","2018-12-27T12:00:00Z",-14.025,144.425,"0.62",0,"29.22","0.91",0,2018-12-27,"12","2018",0.62,29.22,"-14.025 144.425"
"6604000","2018-12-27T12:00:00Z",-14.675,145.425,"0.49",0,"29.060000000000002","0.91",0,2018-12-27,"12","2018",0.49,29.06,"-14.675 145.425"
"6604004","2018-12-27T12:00:00Z",-14.675,145.625,"0.47000000000000003",0,"29.03","0.93",0,2018-12-27,"12","2018",0.47,29.03,"-14.675 145.625"
"6604081","2018-12-27T12:00:00Z",-14.725,145.425,"0.51",0,"29.07","0.9",0,2018-12-27,"12","2018",0.51,29.07,"-14.725 145.425"
"6604163","2018-12-27T12:00:00Z",-14.775,145.475,"0.49",0,"29.05","0.9",0,2018-12-27,"12","2018",0.49,29.05,"-14.775 145.475"
"6604653","2018-12-27T12:00:00Z",-15.075,145.675,"0.0",0,"28.91","0.84",0,2018-12-27,"12","2018",0,28.91,"-15.075 145.675"
"6637263","2019-01-03T12:00:00Z",-13.875,144.025,"0.75",0,"28.98","0.41000000000000003",0,2019-01-03,"01","2019",0.75,28.98,"-13.875 144.025"
"6637345","2019-01-03T12:00:00Z",-13.925,144.075,"0.78",0,"28.96","0.4",0,2019-01-03,"01","2019",0.78,28.96,"-13.925 144.075"
"6637347","2019-01-03T12:00:00Z",-13.925,144.175,"0.64",0,"28.85","0.4",0,2019-01-03,"01","2019",0.64,28.85,"-13.925 144.175"
"6637348","2019-01-03T12:00:00Z",-13.925,144.225,"0.64",0,"28.8","0.39",0,2019-01-03,"01","2019",0.64,28.8,"-13.925 144.225"
"6637433","2019-01-03T12:00:00Z",-13.975,144.425,"0.59",0,"28.75","0.38",0,2019-01-03,"01","2019",0.59,28.75,"-13.975 144.425"
"6637514","2019-01-03T12:00:00Z",-14.025,144.425,"0.62",0,"28.79","0.37",0,2019-01-03,"01","2019",0.62,28.79,"-14.025 144.425"
"6638587","2019-01-03T12:00:00Z",-14.675,145.425,"0.49",0,"28.48","0.19",0,2019-01-03,"01","2019",0.49,28.48,"-14.675 145.425"
"6638591","2019-01-03T12:00:00Z",-14.675,145.625,"0.47000000000000003",0,"28.400000000000002","0.19",0,2019-01-03,"01","2019",0.47,28.4,"-14.675 145.625"
"6638668","2019-01-03T12:00:00Z",-14.725,145.425,"0.51",0,"28.47","0.17",0,2019-01-03,"01","2019",0.51,28.47,"-14.725 145.425"
"6638750","2019-01-03T12:00:00Z",-14.775,145.475,"0.49",0,"28.43","0.15",0,2019-01-03,"01","2019",0.49,28.43,"-14.775 145.475"
"6639240","2019-01-03T12:00:00Z",-15.075,145.675,"0.0",0,"28.29","0.08",0,2019-01-03,"01","2019",0,28.29,"-15.075 145.675"
"6671850","2019-01-10T12:00:00Z",-13.875,144.025,"0.75",0,"29.37","0.71",0,2019-01-10,"01","2019",0.75,29.37,"-13.875 144.025"
"6671932","2019-01-10T12:00:00Z",-13.925,144.075,"0.78",0,"29.41","0.75",0,2019-01-10,"01","2019",0.78,29.41,"-13.925 144.075"
"6671934","2019-01-10T12:00:00Z",-13.925,144.175,"0.64",0,"29.25","0.7000000000000001",0,2019-01-10,"01","2019",0.64,29.25,"-13.925 144.175"
"6671935","2019-01-10T12:00:00Z",-13.925,144.225,"0.64",0,"29.150000000000002","0.64",0,2019-01-10,"01","2019",0.64,29.15,"-13.925 144.225"
"6672020","2019-01-10T12:00:00Z",-13.975,144.425,"0.59",0,"28.95","0.48",0,2019-01-10,"01","2019",0.59,28.95,"-13.975 144.425"
"6672101","2019-01-10T12:00:00Z",-14.025,144.425,"0.62",0,"29.01","0.48",0,2019-01-10,"01","2019",0.62,29.01,"-14.025 144.425"
"6673174","2019-01-10T12:00:00Z",-14.675,145.425,"0.49",0,"28.84","0.42",0,2019-01-10,"01","2019",0.49,28.84,"-14.675 145.425"
"6673178","2019-01-10T12:00:00Z",-14.675,145.625,"0.47000000000000003",0,"28.71","0.38",0,2019-01-10,"01","2019",0.47,28.71,"-14.675 145.625"
"6673255","2019-01-10T12:00:00Z",-14.725,145.425,"0.51",0,"28.86","0.43",0,2019-01-10,"01","2019",0.51,28.86,"-14.725 145.425"
"6673337","2019-01-10T12:00:00Z",-14.775,145.475,"0.49",0,"28.85","0.44",0,2019-01-10,"01","2019",0.49,28.85,"-14.775 145.475"
"6673827","2019-01-10T12:00:00Z",-15.075,145.675,"0.0",0,"28.67","0.32",0,2019-01-10,"01","2019",0,28.67,"-15.075 145.675"
"6706437","2019-01-17T12:00:00Z",-13.875,144.025,"0.75",0,"28.88","0.16",0,2019-01-17,"01","2019",0.75,28.88,"-13.875 144.025"
"6706519","2019-01-17T12:00:00Z",-13.925,144.075,"0.78",0,"28.87","0.15",0,2019-01-17,"01","2019",0.78,28.87,"-13.925 144.075"
"6706521","2019-01-17T12:00:00Z",-13.925,144.175,"0.64",0,"28.76","0.14",0,2019-01-17,"01","2019",0.64,28.76,"-13.925 144.175"
"6706522","2019-01-17T12:00:00Z",-13.925,144.225,"0.64",0,"28.72","0.14",0,2019-01-17,"01","2019",0.64,28.72,"-13.925 144.225"
"6706607","2019-01-17T12:00:00Z",-13.975,144.425,"0.59",0,"28.71","0.16",0,2019-01-17,"01","2019",0.59,28.71,"-13.975 144.425"
"6706688","2019-01-17T12:00:00Z",-14.025,144.425,"0.62",0,"28.79","0.18",0,2019-01-17,"01","2019",0.62,28.79,"-14.025 144.425"
"6707761","2019-01-17T12:00:00Z",-14.675,145.425,"0.49",0,"28.560000000000002","0.04",0,2019-01-17,"01","2019",0.49,28.56,"-14.675 145.425"
"6707765","2019-01-17T12:00:00Z",-14.675,145.625,"0.47000000000000003",0,"28.51","0.08",0,2019-01-17,"01","2019",0.47,28.51,"-14.675 145.625"
"6707842","2019-01-17T12:00:00Z",-14.725,145.425,"0.51",0,"28.54","0.01",0,2019-01-17,"01","2019",0.51,28.54,"-14.725 145.425"
"6707924","2019-01-17T12:00:00Z",-14.775,145.475,"0.49",0,"28.52","0.01",0,2019-01-17,"01","2019",0.49,28.52,"-14.775 145.475"
"6708414","2019-01-17T12:00:00Z",-15.075,145.675,"0.0",0,"28.560000000000002","0.1",0,2019-01-17,"01","2019",0,28.56,"-15.075 145.675"
"6741024","2019-01-24T12:00:00Z",-13.875,144.025,"0.75",0,"28.98","0.28",0,2019-01-24,"01","2019",0.75,28.98,"-13.875 144.025"
"6741106","2019-01-24T12:00:00Z",-13.925,144.075,"0.78",0,"28.98","0.28",0,2019-01-24,"01","2019",0.78,28.98,"-13.925 144.075"
"6741108","2019-01-24T12:00:00Z",-13.925,144.175,"0.64",0,"28.900000000000002","0.29",0,2019-01-24,"01","2019",0.64,28.9,"-13.925 144.175"
"6741109","2019-01-24T12:00:00Z",-13.925,144.225,"0.64",0,"28.88","0.31",0,2019-01-24,"01","2019",0.64,28.88,"-13.925 144.225"
"6741194","2019-01-24T12:00:00Z",-13.975,144.425,"0.59",0,"28.85","0.29",0,2019-01-24,"01","2019",0.59,28.85,"-13.975 144.425"
"6741275","2019-01-24T12:00:00Z",-14.025,144.425,"0.62",0,"28.87","0.26",0,2019-01-24,"01","2019",0.62,28.87,"-14.025 144.425"
"6742348","2019-01-24T12:00:00Z",-14.675,145.425,"0.49",0,"28.68","0.15",0,2019-01-24,"01","2019",0.49,28.68,"-14.675 145.425"
"6742352","2019-01-24T12:00:00Z",-14.675,145.625,"0.47000000000000003",0,"28.8","0.34",0,2019-01-24,"01","2019",0.47,28.8,"-14.675 145.625"
"6742429","2019-01-24T12:00:00Z",-14.725,145.425,"0.51",0,"28.68","0.13",0,2019-01-24,"01","2019",0.51,28.68,"-14.725 145.425"
"6742511","2019-01-24T12:00:00Z",-14.775,145.475,"0.49",0,"28.69","0.16",0,2019-01-24,"01","2019",0.49,28.69,"-14.775 145.475"
"6743001","2019-01-24T12:00:00Z",-15.075,145.675,"0.0",0,"28.740000000000002","0.25",0,2019-01-24,"01","2019",0,28.74,"-15.075 145.675"
"6775611","2019-01-31T12:00:00Z",-13.875,144.025,"0.75",0,"28.94","0.27",0,2019-01-31,"01","2019",0.75,28.94,"-13.875 144.025"
"6775693","2019-01-31T12:00:00Z",-13.925,144.075,"0.78",0,"28.96","0.28",0,2019-01-31,"01","2019",0.78,28.96,"-13.925 144.075"
"6775695","2019-01-31T12:00:00Z",-13.925,144.175,"0.64",0,"28.93","0.33",0,2019-01-31,"01","2019",0.64,28.93,"-13.925 144.175"
"6775696","2019-01-31T12:00:00Z",-13.925,144.225,"0.64",0,"28.91","0.34",0,2019-01-31,"01","2019",0.64,28.91,"-13.925 144.225"
"6775781","2019-01-31T12:00:00Z",-13.975,144.425,"0.59",0,"28.89","0.32",0,2019-01-31,"01","2019",0.59,28.89,"-13.975 144.425"
"6775862","2019-01-31T12:00:00Z",-14.025,144.425,"0.62",0,"28.91","0.29",0,2019-01-31,"01","2019",0.62,28.91,"-14.025 144.425"
"6776935","2019-01-31T12:00:00Z",-14.675,145.425,"0.49",0,"28.67","0.12",0,2019-01-31,"01","2019",0.49,28.67,"-14.675 145.425"
"6776939","2019-01-31T12:00:00Z",-14.675,145.625,"0.47000000000000003",0,"28.57","0.08",0,2019-01-31,"01","2019",0.47,28.57,"-14.675 145.625"
"6777016","2019-01-31T12:00:00Z",-14.725,145.425,"0.51",0,"28.69","0.13",0,2019-01-31,"01","2019",0.51,28.69,"-14.725 145.425"
"6777098","2019-01-31T12:00:00Z",-14.775,145.475,"0.49",0,"28.68","0.13",0,2019-01-31,"01","2019",0.49,28.68,"-14.775 145.475"
"6777588","2019-01-31T12:00:00Z",-15.075,145.675,"0.0",0,"28.64","0.11",0,2019-01-31,"01","2019",0,28.64,"-15.075 145.675"
"6810198","2019-02-07T12:00:00Z",-13.875,144.025,"0.75",0,"28.490000000000002","-0.16",0,2019-02-07,"02","2019",0.75,28.49,"-13.875 144.025"
"6810280","2019-02-07T12:00:00Z",-13.925,144.075,"0.78",0,"28.53","-0.13",0,2019-02-07,"02","2019",0.78,28.53,"-13.925 144.075"
"6810282","2019-02-07T12:00:00Z",-13.925,144.175,"0.64",0,"28.38","-0.21",0,2019-02-07,"02","2019",0.64,28.38,"-13.925 144.175"
"6810283","2019-02-07T12:00:00Z",-13.925,144.225,"0.64",0,"28.310000000000002","-0.26",0,2019-02-07,"02","2019",0.64,28.31,"-13.925 144.225"
"6810368","2019-02-07T12:00:00Z",-13.975,144.425,"0.59",0,"28.19","-0.38",0,2019-02-07,"02","2019",0.59,28.19,"-13.975 144.425"
"6810449","2019-02-07T12:00:00Z",-14.025,144.425,"0.62",0,"28.28","-0.34",0,2019-02-07,"02","2019",0.62,28.28,"-14.025 144.425"
"6811522","2019-02-07T12:00:00Z",-14.675,145.425,"0.49",0,"28.05","-0.52",0,2019-02-07,"02","2019",0.49,28.05,"-14.675 145.425"
"6811526","2019-02-07T12:00:00Z",-14.675,145.625,"0.47000000000000003",0,"28.11","-0.41000000000000003",0,2019-02-07,"02","2019",0.47,28.11,"-14.675 145.625"
"6811603","2019-02-07T12:00:00Z",-14.725,145.425,"0.51",0,"28.150000000000002","-0.42",0,2019-02-07,"02","2019",0.51,28.15,"-14.725 145.425"
"6811685","2019-02-07T12:00:00Z",-14.775,145.475,"0.49",0,"28.21","-0.35000000000000003",0,2019-02-07,"02","2019",0.49,28.21,"-14.775 145.475"
"6812175","2019-02-07T12:00:00Z",-15.075,145.675,"0.0",0,"28.490000000000002","-0.07",0,2019-02-07,"02","2019",0,28.49,"-15.075 145.675"
"6844785","2019-02-14T12:00:00Z",-13.875,144.025,"0.75",0,"29.16","0.54",0,2019-02-14,"02","2019",0.75,29.16,"-13.875 144.025"
"6844867","2019-02-14T12:00:00Z",-13.925,144.075,"0.78",0,"29.26","0.63",0,2019-02-14,"02","2019",0.78,29.26,"-13.925 144.075"
"6844869","2019-02-14T12:00:00Z",-13.925,144.175,"0.64",0,"29.23","0.65",0,2019-02-14,"02","2019",0.64,29.23,"-13.925 144.175"
"6844870","2019-02-14T12:00:00Z",-13.925,144.225,"0.64",0,"29.17","0.61",0,2019-02-14,"02","2019",0.64,29.17,"-13.925 144.225"
"6844955","2019-02-14T12:00:00Z",-13.975,144.425,"0.59",0,"28.87","0.29",0,2019-02-14,"02","2019",0.59,28.87,"-13.975 144.425"
"6845036","2019-02-14T12:00:00Z",-14.025,144.425,"0.62",0,"28.93","0.31",0,2019-02-14,"02","2019",0.62,28.93,"-14.025 144.425"
"6846109","2019-02-14T12:00:00Z",-14.675,145.425,"0.49",0,"29.1","0.51",0,2019-02-14,"02","2019",0.49,29.1,"-14.675 145.425"
"6846113","2019-02-14T12:00:00Z",-14.675,145.625,"0.47000000000000003",0,"28.96","0.4",0,2019-02-14,"02","2019",0.47,28.96,"-14.675 145.625"
"6846190","2019-02-14T12:00:00Z",-14.725,145.425,"0.51",0,"29.14","0.55",0,2019-02-14,"02","2019",0.51,29.14,"-14.725 145.425"
"6846272","2019-02-14T12:00:00Z",-14.775,145.475,"0.49",0,"29.17","0.59",0,2019-02-14,"02","2019",0.49,29.17,"-14.775 145.475"
"6846762","2019-02-14T12:00:00Z",-15.075,145.675,"0.0",0,"29.3","0.7000000000000001",0,2019-02-14,"02","2019",0,29.3,"-15.075 145.675"
"6879372","2019-02-21T12:00:00Z",-13.875,144.025,"0.75",0,"28.51","-0.03",0,2019-02-21,"02","2019",0.75,28.51,"-13.875 144.025"
"6879454","2019-02-21T12:00:00Z",-13.925,144.075,"0.78",0,"28.62","0.07",0,2019-02-21,"02","2019",0.78,28.62,"-13.925 144.075"
"6879456","2019-02-21T12:00:00Z",-13.925,144.175,"0.64",0,"28.61","0.11",0,2019-02-21,"02","2019",0.64,28.61,"-13.925 144.175"
"6879457","2019-02-21T12:00:00Z",-13.925,144.225,"0.64",0,"28.51","0.04",0,2019-02-21,"02","2019",0.64,28.51,"-13.925 144.225"
"6879542","2019-02-21T12:00:00Z",-13.975,144.425,"0.59",0,"28.27","-0.21",0,2019-02-21,"02","2019",0.59,28.27,"-13.975 144.425"
"6879623","2019-02-21T12:00:00Z",-14.025,144.425,"0.62",0,"28.5","-0.02",0,2019-02-21,"02","2019",0.62,28.5,"-14.025 144.425"
"6880696","2019-02-21T12:00:00Z",-14.675,145.425,"0.49",0,"29.34","0.85",0,2019-02-21,"02","2019",0.49,29.34,"-14.675 145.425"
"6880700","2019-02-21T12:00:00Z",-14.675,145.625,"0.47000000000000003",0,"29.11","0.63",0,2019-02-21,"02","2019",0.47,29.11,"-14.675 145.625"
"6880777","2019-02-21T12:00:00Z",-14.725,145.425,"0.51",0,"29.43","0.9400000000000001",0,2019-02-21,"02","2019",0.51,29.43,"-14.725 145.425"
"6880859","2019-02-21T12:00:00Z",-14.775,145.475,"0.49",0,"29.44","0.96",0,2019-02-21,"02","2019",0.49,29.44,"-14.775 145.475"
"6881349","2019-02-21T12:00:00Z",-15.075,145.675,"0.0",0,"29.52","1.02",0,2019-02-21,"02","2019",0,29.52,"-15.075 145.675"
"6913959","2019-02-28T12:00:00Z",-13.875,144.025,"0.75",0,"28.36","-0.1",0,2019-02-28,"02","2019",0.75,28.36,"-13.875 144.025"
"6914041","2019-02-28T12:00:00Z",-13.925,144.075,"0.78",0,"28.41","-0.05",0,2019-02-28,"02","2019",0.78,28.41,"-13.925 144.075"
"6914043","2019-02-28T12:00:00Z",-13.925,144.175,"0.64",0,"28.48","0.08",0,2019-02-28,"02","2019",0.64,28.48,"-13.925 144.175"
"6914044","2019-02-28T12:00:00Z",-13.925,144.225,"0.64",0,"28.490000000000002","0.12",0,2019-02-28,"02","2019",0.64,28.49,"-13.925 144.225"
"6914129","2019-02-28T12:00:00Z",-13.975,144.425,"0.59",0,"28.580000000000002","0.21",0,2019-02-28,"02","2019",0.59,28.58,"-13.975 144.425"
"6914210","2019-02-28T12:00:00Z",-14.025,144.425,"0.62",0,"28.66","0.25",0,2019-02-28,"02","2019",0.62,28.66,"-14.025 144.425"
"6915283","2019-02-28T12:00:00Z",-14.675,145.425,"0.49",0,"28.64","0.27",0,2019-02-28,"02","2019",0.49,28.64,"-14.675 145.425"
"6915287","2019-02-28T12:00:00Z",-14.675,145.625,"0.47000000000000003",0,"28.67","0.29",0,2019-02-28,"02","2019",0.47,28.67,"-14.675 145.625"
"6915364","2019-02-28T12:00:00Z",-14.725,145.425,"0.66",0,"28.68","0.31",0,2019-02-28,"02","2019",0.66,28.68,"-14.725 145.425"
"6915446","2019-02-28T12:00:00Z",-14.775,145.475,"0.63",0,"28.66","0.29",0,2019-02-28,"02","2019",0.63,28.66,"-14.775 145.475"
"6915936","2019-02-28T12:00:00Z",-15.075,145.675,"0.0",0,"28.67","0.29",0,2019-02-28,"02","2019",0,28.67,"-15.075 145.675"
"6948546","2019-03-07T12:00:00Z",-13.875,144.025,"0.75",0,"28.7","0.33",0,2019-03-07,"03","2019",0.75,28.7,"-13.875 144.025"
"6948628","2019-03-07T12:00:00Z",-13.925,144.075,"0.78",0,"28.67","0.3",0,2019-03-07,"03","2019",0.78,28.67,"-13.925 144.075"
"6948630","2019-03-07T12:00:00Z",-13.925,144.175,"0.64",0,"28.650000000000002","0.35000000000000003",0,2019-03-07,"03","2019",0.64,28.65,"-13.925 144.175"
"6948631","2019-03-07T12:00:00Z",-13.925,144.225,"0.64",0,"28.650000000000002","0.38",0,2019-03-07,"03","2019",0.64,28.65,"-13.925 144.225"
"6948716","2019-03-07T12:00:00Z",-13.975,144.425,"0.59",0,"28.67","0.41000000000000003",0,2019-03-07,"03","2019",0.59,28.67,"-13.975 144.425"
"6948797","2019-03-07T12:00:00Z",-14.025,144.425,"0.62",0,"28.7","0.41000000000000003",0,2019-03-07,"03","2019",0.62,28.7,"-14.025 144.425"
"6949870","2019-03-07T12:00:00Z",-14.675,145.425,"0.49",0,"28.87","0.62",0,2019-03-07,"03","2019",0.49,28.87,"-14.675 145.425"
"6949874","2019-03-07T12:00:00Z",-14.675,145.625,"0.47000000000000003",0,"28.85","0.5700000000000001",0,2019-03-07,"03","2019",0.47,28.85,"-14.675 145.625"
"6949951","2019-03-07T12:00:00Z",-14.725,145.425,"0.66",0,"28.88","0.63",0,2019-03-07,"03","2019",0.66,28.88,"-14.725 145.425"
"6950033","2019-03-07T12:00:00Z",-14.775,145.475,"0.63",0,"28.87","0.62",0,2019-03-07,"03","2019",0.63,28.87,"-14.775 145.475"
"6950523","2019-03-07T12:00:00Z",-15.075,145.675,"0.0",0,"28.78","0.52",0,2019-03-07,"03","2019",0,28.78,"-15.075 145.675"
"6983133","2019-03-14T12:00:00Z",-13.875,144.025,"0.44",0,"29.05","0.77",0,2019-03-14,"03","2019",0.44,29.05,"-13.875 144.025"
"6983215","2019-03-14T12:00:00Z",-13.925,144.075,"0.45",0,"29.03","0.76",0,2019-03-14,"03","2019",0.45,29.03,"-13.925 144.075"
"6983217","2019-03-14T12:00:00Z",-13.925,144.175,"0.3",0,"28.97","0.77",0,2019-03-14,"03","2019",0.3,28.97,"-13.925 144.175"
"6983218","2019-03-14T12:00:00Z",-13.925,144.225,"0.3",0,"28.94","0.77",0,2019-03-14,"03","2019",0.3,28.94,"-13.925 144.225"
"6983303","2019-03-14T12:00:00Z",-13.975,144.425,"0.29",0,"28.86","0.71",0,2019-03-14,"03","2019",0.29,28.86,"-13.975 144.425"
"6983384","2019-03-14T12:00:00Z",-14.025,144.425,"0.3",0,"28.88","0.7000000000000001",0,2019-03-14,"03","2019",0.3,28.88,"-14.025 144.425"
"6984457","2019-03-14T12:00:00Z",-14.675,145.425,"0.49",0,"28.82","0.68",0,2019-03-14,"03","2019",0.49,28.82,"-14.675 145.425"
"6984461","2019-03-14T12:00:00Z",-14.675,145.625,"0.47000000000000003",0,"28.7","0.52",0,2019-03-14,"03","2019",0.47,28.7,"-14.675 145.625"
"6984538","2019-03-14T12:00:00Z",-14.725,145.425,"0.66",0,"28.830000000000002","0.6900000000000001",0,2019-03-14,"03","2019",0.66,28.83,"-14.725 145.425"
"6984620","2019-03-14T12:00:00Z",-14.775,145.475,"0.63",0,"28.810000000000002","0.67",0,2019-03-14,"03","2019",0.63,28.81,"-14.775 145.475"
"6985110","2019-03-14T12:00:00Z",-15.075,145.675,"0.0",0,"28.490000000000002","0.35000000000000003",0,2019-03-14,"03","2019",0,28.49,"-15.075 145.675"
"7017720","2019-03-21T12:00:00Z",-13.875,144.025,"0.0",0,"28.69","0.61",0,2019-03-21,"03","2019",0,28.69,"-13.875 144.025"
"7017802","2019-03-21T12:00:00Z",-13.925,144.075,"0.0",0,"28.66","0.59",0,2019-03-21,"03","2019",0,28.66,"-13.925 144.075"
"7017804","2019-03-21T12:00:00Z",-13.925,144.175,"0.0",0,"28.57","0.56",0,2019-03-21,"03","2019",0,28.57,"-13.925 144.175"
"7017805","2019-03-21T12:00:00Z",-13.925,144.225,"0.0",0,"28.53","0.55",0,2019-03-21,"03","2019",0,28.53,"-13.925 144.225"
"7017890","2019-03-21T12:00:00Z",-13.975,144.425,"0.0",0,"28.44","0.47000000000000003",0,2019-03-21,"03","2019",0,28.44,"-13.975 144.425"
"7017971","2019-03-21T12:00:00Z",-14.025,144.425,"0.0",0,"28.45","0.46",0,2019-03-21,"03","2019",0,28.45,"-14.025 144.425"
"7019044","2019-03-21T12:00:00Z",-14.675,145.425,"0.0",0,"28.45","0.52",0,2019-03-21,"03","2019",0,28.45,"-14.675 145.425"
"7019048","2019-03-21T12:00:00Z",-14.675,145.625,"0.0",0,"28.51","0.52",0,2019-03-21,"03","2019",0,28.51,"-14.675 145.625"
"7019125","2019-03-21T12:00:00Z",-14.725,145.425,"0.15",0,"28.46","0.53",0,2019-03-21,"03","2019",0.15,28.46,"-14.725 145.425"
"7019207","2019-03-21T12:00:00Z",-14.775,145.475,"0.15",0,"28.48","0.55",0,2019-03-21,"03","2019",0.15,28.48,"-14.775 145.475"
"7019697","2019-03-21T12:00:00Z",-15.075,145.675,"0.0",0,"28.53","0.59",0,2019-03-21,"03","2019",0,28.53,"-15.075 145.675"
"7052307","2019-03-28T12:00:00Z",-13.875,144.025,"0.0",0,"29.34","1.48",0,2019-03-28,"03","2019",0,29.34,"-13.875 144.025"
"7052389","2019-03-28T12:00:00Z",-13.925,144.075,"0.0",0,"29.400000000000002","1.55",0,2019-03-28,"03","2019",0,29.4,"-13.925 144.075"
"7052391","2019-03-28T12:00:00Z",-13.925,144.175,"0.0",0,"29.46","1.6600000000000001",0,2019-03-28,"03","2019",0,29.46,"-13.925 144.175"
"7052392","2019-03-28T12:00:00Z",-13.925,144.225,"0.0",0,"29.43","1.6500000000000001",0,2019-03-28,"03","2019",0,29.43,"-13.925 144.225"
"7052477","2019-03-28T12:00:00Z",-13.975,144.425,"0.0",0,"29.16","1.3800000000000001",0,2019-03-28,"03","2019",0,29.16,"-13.975 144.425"
"7052558","2019-03-28T12:00:00Z",-14.025,144.425,"0.0",0,"29.21","1.42",0,2019-03-28,"03","2019",0,29.21,"-14.025 144.425"
"7053631","2019-03-28T12:00:00Z",-14.675,145.425,"0.0",0,"29.34","1.6400000000000001",0,2019-03-28,"03","2019",0,29.34,"-14.675 145.425"
"7053635","2019-03-28T12:00:00Z",-14.675,145.625,"0.0",0,"29.22","1.44",0,2019-03-28,"03","2019",0,29.22,"-14.675 145.625"
"7053712","2019-03-28T12:00:00Z",-14.725,145.425,"0.15",0,"29.35","1.6500000000000001",0,2019-03-28,"03","2019",0.15,29.35,"-14.725 145.425"
"7053794","2019-03-28T12:00:00Z",-14.775,145.475,"0.15",0,"29.330000000000002","1.6300000000000001",0,2019-03-28,"03","2019",0.15,29.33,"-14.775 145.475"
"7054284","2019-03-28T12:00:00Z",-15.075,145.675,"0.0",0,"29.29","1.56",0,2019-03-28,"03","2019",0,29.29,"-15.075 145.675"
"7086894","2019-04-04T12:00:00Z",-13.875,144.025,"0.0",0,"28.2","0.56",0,2019-04-04,"04","2019",0,28.2,"-13.875 144.025"
"7086976","2019-04-04T12:00:00Z",-13.925,144.075,"0.0",0,"28.13","0.5",0,2019-04-04,"04","2019",0,28.13,"-13.925 144.075"
"7086978","2019-04-04T12:00:00Z",-13.925,144.175,"0.0",0,"28.02","0.44",0,2019-04-04,"04","2019",0,28.02,"-13.925 144.175"
"7086979","2019-04-04T12:00:00Z",-13.925,144.225,"0.0",0,"28.02","0.45",0,2019-04-04,"04","2019",0,28.02,"-13.925 144.225"
"7087064","2019-04-04T12:00:00Z",-13.975,144.425,"0.0",0,"28.26","0.67",0,2019-04-04,"04","2019",0,28.26,"-13.975 144.425"
"7087145","2019-04-04T12:00:00Z",-14.025,144.425,"0.0",0,"28.25","0.66",0,2019-04-04,"04","2019",0,28.25,"-14.025 144.425"
"7088218","2019-04-04T12:00:00Z",-14.675,145.425,"0.0",0,"28.400000000000002","0.92",0,2019-04-04,"04","2019",0,28.4,"-14.675 145.425"
"7088222","2019-04-04T12:00:00Z",-14.675,145.625,"0.0",0,"28.6","1.04",0,2019-04-04,"04","2019",0,28.6,"-14.675 145.625"
"7088299","2019-04-04T12:00:00Z",-14.725,145.425,"0.15",0,"28.45","0.98",0,2019-04-04,"04","2019",0.15,28.45,"-14.725 145.425"
"7088381","2019-04-04T12:00:00Z",-14.775,145.475,"0.15",0,"28.51","1.03",0,2019-04-04,"04","2019",0.15,28.51,"-14.775 145.475"
"7088871","2019-04-04T12:00:00Z",-15.075,145.675,"0.0",0,"28.400000000000002","0.87",0,2019-04-04,"04","2019",0,28.4,"-15.075 145.675"
"7121481","2019-04-11T12:00:00Z",-13.875,144.025,"0.0",0,"27.96","0.54",0,2019-04-11,"04","2019",0,27.96,"-13.875 144.025"
"7121563","2019-04-11T12:00:00Z",-13.925,144.075,"0.0",0,"28.0","0.59",0,2019-04-11,"04","2019",0,28,"-13.925 144.075"
"7121565","2019-04-11T12:00:00Z",-13.925,144.175,"0.0",0,"28.080000000000002","0.71",0,2019-04-11,"04","2019",0,28.08,"-13.925 144.175"
"7121566","2019-04-11T12:00:00Z",-13.925,144.225,"0.0",0,"28.12","0.75",0,2019-04-11,"04","2019",0,28.12,"-13.925 144.225"
"7121651","2019-04-11T12:00:00Z",-13.975,144.425,"0.0",0,"28.330000000000002","0.92",0,2019-04-11,"04","2019",0,28.33,"-13.975 144.425"
"7121732","2019-04-11T12:00:00Z",-14.025,144.425,"0.0",0,"28.310000000000002","0.92",0,2019-04-11,"04","2019",0,28.31,"-14.025 144.425"
"7122805","2019-04-11T12:00:00Z",-14.675,145.425,"0.0",0,"28.3","1.04",0,2019-04-11,"04","2019",0,28.3,"-14.675 145.425"
"7122809","2019-04-11T12:00:00Z",-14.675,145.625,"0.0",0,"28.14","0.79",0,2019-04-11,"04","2019",0,28.14,"-14.675 145.625"
"7122886","2019-04-11T12:00:00Z",-14.725,145.425,"0.15",0,"28.28","1.03",0,2019-04-11,"04","2019",0.15,28.28,"-14.725 145.425"
"7122968","2019-04-11T12:00:00Z",-14.775,145.475,"0.15",0,"28.27","1.01",0,2019-04-11,"04","2019",0.15,28.27,"-14.775 145.475"
"7123458","2019-04-11T12:00:00Z",-15.075,145.675,"0.0",0,"28.21","0.89",0,2019-04-11,"04","2019",0,28.21,"-15.075 145.675"
"7156068","2019-04-18T12:00:00Z",-13.875,144.025,"0.0",0,"27.32","0.15",0,2019-04-18,"04","2019",0,27.32,"-13.875 144.025"
"7156150","2019-04-18T12:00:00Z",-13.925,144.075,"0.0",0,"27.29","0.13",0,2019-04-18,"04","2019",0,27.29,"-13.925 144.075"
"7156152","2019-04-18T12:00:00Z",-13.925,144.175,"0.0",0,"27.26","0.13",0,2019-04-18,"04","2019",0,27.26,"-13.925 144.175"
"7156153","2019-04-18T12:00:00Z",-13.925,144.225,"0.0",0,"27.27","0.14",0,2019-04-18,"04","2019",0,27.27,"-13.925 144.225"
"7156238","2019-04-18T12:00:00Z",-13.975,144.425,"0.0",0,"27.3","0.13",0,2019-04-18,"04","2019",0,27.3,"-13.975 144.425"
"7156319","2019-04-18T12:00:00Z",-14.025,144.425,"0.0",0,"27.23","0.08",0,2019-04-18,"04","2019",0,27.23,"-14.025 144.425"
"7157392","2019-04-18T12:00:00Z",-14.675,145.425,"0.0",0,"27.36","0.36",0,2019-04-18,"04","2019",0,27.36,"-14.675 145.425"
"7157396","2019-04-18T12:00:00Z",-14.675,145.625,"0.0",0,"27.63","0.51",0,2019-04-18,"04","2019",0,27.63,"-14.675 145.625"
"7157473","2019-04-18T12:00:00Z",-14.725,145.425,"0.15",0,"27.330000000000002","0.34",0,2019-04-18,"04","2019",0.15,27.33,"-14.725 145.425"
"7157555","2019-04-18T12:00:00Z",-14.775,145.475,"0.15",0,"27.400000000000002","0.4",0,2019-04-18,"04","2019",0.15,27.4,"-14.775 145.475"
"7158045","2019-04-18T12:00:00Z",-15.075,145.675,"0.0",0,"27.62","0.53",0,2019-04-18,"04","2019",0,27.62,"-15.075 145.675"
"7190655","2019-04-25T12:00:00Z",-13.875,144.025,"0.0",0,"27.48","0.6",0,2019-04-25,"04","2019",0,27.48,"-13.875 144.025"
"7190737","2019-04-25T12:00:00Z",-13.925,144.075,"0.0",0,"27.490000000000002","0.62",0,2019-04-25,"04","2019",0,27.49,"-13.925 144.075"
"7190739","2019-04-25T12:00:00Z",-13.925,144.175,"0.0",0,"27.41","0.5700000000000001",0,2019-04-25,"04","2019",0,27.41,"-13.925 144.175"
"7190740","2019-04-25T12:00:00Z",-13.925,144.225,"0.0",0,"27.400000000000002","0.56",0,2019-04-25,"04","2019",0,27.4,"-13.925 144.225"
"7190825","2019-04-25T12:00:00Z",-13.975,144.425,"0.0",0,"27.39","0.51",0,2019-04-25,"04","2019",0,27.39,"-13.975 144.425"
"7190906","2019-04-25T12:00:00Z",-14.025,144.425,"0.0",0,"27.36","0.51",0,2019-04-25,"04","2019",0,27.36,"-14.025 144.425"
"7191979","2019-04-25T12:00:00Z",-14.675,145.425,"0.0",0,"27.330000000000002","0.62",0,2019-04-25,"04","2019",0,27.33,"-14.675 145.425"
"7191983","2019-04-25T12:00:00Z",-14.675,145.625,"0.0",0,"27.57","0.72",0,2019-04-25,"04","2019",0,27.57,"-14.675 145.625"
"7192060","2019-04-25T12:00:00Z",-14.725,145.425,"0.15",0,"27.32","0.63",0,2019-04-25,"04","2019",0.15,27.32,"-14.725 145.425"
"7192142","2019-04-25T12:00:00Z",-14.775,145.475,"0.15",0,"27.38","0.68",0,2019-04-25,"04","2019",0.15,27.38,"-14.775 145.475"
"7192632","2019-04-25T12:00:00Z",-15.075,145.675,"0.0",0,"27.62","0.8",0,2019-04-25,"04","2019",0,27.62,"-15.075 145.675"
"7225242","2019-05-02T12:00:00Z",-13.875,144.025,"0.0",0,"27.28","0.6900000000000001",0,2019-05-02,"05","2019",0,27.28,"-13.875 144.025"
"7225324","2019-05-02T12:00:00Z",-13.925,144.075,"0.0",0,"27.26","0.68",0,2019-05-02,"05","2019",0,27.26,"-13.925 144.075"
"7225326","2019-05-02T12:00:00Z",-13.925,144.175,"0.0",0,"27.26","0.71",0,2019-05-02,"05","2019",0,27.26,"-13.925 144.175"
"7225327","2019-05-02T12:00:00Z",-13.925,144.225,"0.0",0,"27.29","0.74",0,2019-05-02,"05","2019",0,27.29,"-13.925 144.225"
"7225412","2019-05-02T12:00:00Z",-13.975,144.425,"0.0",0,"27.34","0.75",0,2019-05-02,"05","2019",0,27.34,"-13.975 144.425"
"7225493","2019-05-02T12:00:00Z",-14.025,144.425,"0.0",0,"27.25","0.7000000000000001",0,2019-05-02,"05","2019",0,27.25,"-14.025 144.425"
"7226566","2019-05-02T12:00:00Z",-14.675,145.425,"0.0",0,"27.48","1.07",0,2019-05-02,"05","2019",0,27.48,"-14.675 145.425"
"7226570","2019-05-02T12:00:00Z",-14.675,145.625,"0.0",0,"27.73","1.1500000000000001",0,2019-05-02,"05","2019",0,27.73,"-14.675 145.625"
"7226647","2019-05-02T12:00:00Z",-14.725,145.425,"0.15",0,"27.43","1.05",0,2019-05-02,"05","2019",0.15,27.43,"-14.725 145.425"
"7226729","2019-05-02T12:00:00Z",-14.775,145.475,"0.15",0,"27.48","1.08",0,2019-05-02,"05","2019",0.15,27.48,"-14.775 145.475"
"7227219","2019-05-02T12:00:00Z",-15.075,145.675,"0.0",0,"27.61","1.05",0,2019-05-02,"05","2019",0,27.61,"-15.075 145.675"
"7259829","2019-05-09T12:00:00Z",-13.875,144.025,"0.0",0,"27.02","0.72",0,2019-05-09,"05","2019",0,27.02,"-13.875 144.025"
"7259911","2019-05-09T12:00:00Z",-13.925,144.075,"0.0",0,"26.990000000000002","0.7000000000000001",0,2019-05-09,"05","2019",0,26.99,"-13.925 144.075"
"7259913","2019-05-09T12:00:00Z",-13.925,144.175,"0.0",0,"27.01","0.75",0,2019-05-09,"05","2019",0,27.01,"-13.925 144.175"
"7259914","2019-05-09T12:00:00Z",-13.925,144.225,"0.0",0,"27.05","0.78",0,2019-05-09,"05","2019",0,27.05,"-13.925 144.225"
"7259999","2019-05-09T12:00:00Z",-13.975,144.425,"0.0",0,"27.04","0.75",0,2019-05-09,"05","2019",0,27.04,"-13.975 144.425"
"7260080","2019-05-09T12:00:00Z",-14.025,144.425,"0.0",0,"26.94","0.68",0,2019-05-09,"05","2019",0,26.94,"-14.025 144.425"
"7261153","2019-05-09T12:00:00Z",-14.675,145.425,"0.0",0,"26.76","0.65",0,2019-05-09,"05","2019",0,26.76,"-14.675 145.425"
"7261157","2019-05-09T12:00:00Z",-14.675,145.625,"0.0",0,"27.150000000000002","0.8300000000000001",0,2019-05-09,"05","2019",0,27.15,"-14.675 145.625"
"7261234","2019-05-09T12:00:00Z",-14.725,145.425,"0.15",0,"26.7","0.62",0,2019-05-09,"05","2019",0.15,26.7,"-14.725 145.425"
"7261316","2019-05-09T12:00:00Z",-14.775,145.475,"0.15",0,"26.79","0.68",0,2019-05-09,"05","2019",0.15,26.79,"-14.775 145.475"
"7261806","2019-05-09T12:00:00Z",-15.075,145.675,"0.0",0,"26.97","0.67",0,2019-05-09,"05","2019",0,26.97,"-15.075 145.675"
"7294416","2019-05-16T12:00:00Z",-13.875,144.025,"0.0",0,"26.48","0.48",0,2019-05-16,"05","2019",0,26.48,"-13.875 144.025"
"7294498","2019-05-16T12:00:00Z",-13.925,144.075,"0.0",0,"26.41","0.42",0,2019-05-16,"05","2019",0,26.41,"-13.925 144.075"
"7294500","2019-05-16T12:00:00Z",-13.925,144.175,"0.0",0,"26.41","0.45",0,2019-05-16,"05","2019",0,26.41,"-13.925 144.175"
"7294501","2019-05-16T12:00:00Z",-13.925,144.225,"0.0",0,"26.45","0.48",0,2019-05-16,"05","2019",0,26.45,"-13.925 144.225"
"7294586","2019-05-16T12:00:00Z",-13.975,144.425,"0.0",0,"26.37","0.37",0,2019-05-16,"05","2019",0,26.37,"-13.975 144.425"
"7294667","2019-05-16T12:00:00Z",-14.025,144.425,"0.0",0,"26.19","0.24",0,2019-05-16,"05","2019",0,26.19,"-14.025 144.425"
"7295740","2019-05-16T12:00:00Z",-14.675,145.425,"0.0",0,"26.07","0.26",0,2019-05-16,"05","2019",0,26.07,"-14.675 145.425"
"7295744","2019-05-16T12:00:00Z",-14.675,145.625,"0.0",0,"26.7","0.65",0,2019-05-16,"05","2019",0,26.7,"-14.675 145.625"
"7295821","2019-05-16T12:00:00Z",-14.725,145.425,"0.15",0,"26.01","0.24",0,2019-05-16,"05","2019",0.15,26.01,"-14.725 145.425"
"7295903","2019-05-16T12:00:00Z",-14.775,145.475,"0.15",0,"26.150000000000002","0.34",0,2019-05-16,"05","2019",0.15,26.15,"-14.775 145.475"
"7296393","2019-05-16T12:00:00Z",-15.075,145.675,"0.0",0,"26.59","0.56",0,2019-05-16,"05","2019",0,26.59,"-15.075 145.675"
"7329003","2019-05-23T12:00:00Z",-13.875,144.025,"0.0",0,"25.95","0.28",0,2019-05-23,"05","2019",0,25.95,"-13.875 144.025"
"7329085","2019-05-23T12:00:00Z",-13.925,144.075,"0.0",0,"25.88","0.22",0,2019-05-23,"05","2019",0,25.88,"-13.925 144.075"
"7329087","2019-05-23T12:00:00Z",-13.925,144.175,"0.0",0,"25.88","0.24",0,2019-05-23,"05","2019",0,25.88,"-13.925 144.175"
"7329088","2019-05-23T12:00:00Z",-13.925,144.225,"0.0",0,"25.91","0.26",0,2019-05-23,"05","2019",0,25.91,"-13.925 144.225"
"7329173","2019-05-23T12:00:00Z",-13.975,144.425,"0.0",0,"25.97","0.28",0,2019-05-23,"05","2019",0,25.97,"-13.975 144.425"
"7329254","2019-05-23T12:00:00Z",-14.025,144.425,"0.0",0,"25.830000000000002","0.2",0,2019-05-23,"05","2019",0,25.83,"-14.025 144.425"
"7330327","2019-05-23T12:00:00Z",-14.675,145.425,"0.0",0,"25.86","0.36",0,2019-05-23,"05","2019",0,25.86,"-14.675 145.425"
"7330331","2019-05-23T12:00:00Z",-14.675,145.625,"0.0",0,"26.26","0.47000000000000003",0,2019-05-23,"05","2019",0,26.26,"-14.675 145.625"
"7330408","2019-05-23T12:00:00Z",-14.725,145.425,"0.0",0,"25.810000000000002","0.35000000000000003",0,2019-05-23,"05","2019",0,25.81,"-14.725 145.425"
"7330490","2019-05-23T12:00:00Z",-14.775,145.475,"0.0",0,"25.91","0.41000000000000003",0,2019-05-23,"05","2019",0,25.91,"-14.775 145.475"
"7330980","2019-05-23T12:00:00Z",-15.075,145.675,"0.0",0,"26.22","0.49",0,2019-05-23,"05","2019",0,26.22,"-15.075 145.675"
"7363590","2019-05-30T12:00:00Z",-13.875,144.025,"0.0",0,"26.03","0.6900000000000001",0,2019-05-30,"05","2019",0,26.03,"-13.875 144.025"
"7363672","2019-05-30T12:00:00Z",-13.925,144.075,"0.0",0,"25.97","0.65",0,2019-05-30,"05","2019",0,25.97,"-13.925 144.075"
"7363674","2019-05-30T12:00:00Z",-13.925,144.175,"0.0",0,"26.01","0.7000000000000001",0,2019-05-30,"05","2019",0,26.01,"-13.925 144.175"
"7363675","2019-05-30T12:00:00Z",-13.925,144.225,"0.0",0,"26.060000000000002","0.73",0,2019-05-30,"05","2019",0,26.06,"-13.925 144.225"
"7363760","2019-05-30T12:00:00Z",-13.975,144.425,"0.0",0,"26.13","0.74",0,2019-05-30,"05","2019",0,26.13,"-13.975 144.425"
"7363841","2019-05-30T12:00:00Z",-14.025,144.425,"0.0",0,"26.0","0.7000000000000001",0,2019-05-30,"05","2019",0,26,"-14.025 144.425"
"7364914","2019-05-30T12:00:00Z",-14.675,145.425,"0.0",0,"25.900000000000002","0.72",0,2019-05-30,"05","2019",0,25.9,"-14.675 145.425"
"7364918","2019-05-30T12:00:00Z",-14.675,145.625,"0.0",0,"26.21","0.6900000000000001",0,2019-05-30,"05","2019",0,26.21,"-14.675 145.625"
"7364995","2019-05-30T12:00:00Z",-14.725,145.425,"0.0",0,"25.8","0.66",0,2019-05-30,"05","2019",0,25.8,"-14.725 145.425"
"7365077","2019-05-30T12:00:00Z",-14.775,145.475,"0.0",0,"25.830000000000002","0.64",0,2019-05-30,"05","2019",0,25.83,"-14.775 145.475"
"7365567","2019-05-30T12:00:00Z",-15.075,145.675,"0.0",0,"25.96","0.53",0,2019-05-30,"05","2019",0,25.96,"-15.075 145.675"
"7398177","2019-06-06T12:00:00Z",-13.875,144.025,"0.0",0,"25.48","0.47000000000000003",0,2019-06-06,"06","2019",0,25.48,"-13.875 144.025"
"7398259","2019-06-06T12:00:00Z",-13.925,144.075,"0.0",0,"25.46","0.47000000000000003",0,2019-06-06,"06","2019",0,25.46,"-13.925 144.075"
"7398261","2019-06-06T12:00:00Z",-13.925,144.175,"0.0",0,"25.53","0.54",0,2019-06-06,"06","2019",0,25.53,"-13.925 144.175"
"7398262","2019-06-06T12:00:00Z",-13.925,144.225,"0.0",0,"25.57","0.56",0,2019-06-06,"06","2019",0,25.57,"-13.925 144.225"
"7398347","2019-06-06T12:00:00Z",-13.975,144.425,"0.0",0,"25.650000000000002","0.5700000000000001",0,2019-06-06,"06","2019",0,25.65,"-13.975 144.425"
"7398428","2019-06-06T12:00:00Z",-14.025,144.425,"0.0",0,"25.560000000000002","0.59",0,2019-06-06,"06","2019",0,25.56,"-14.025 144.425"
"7399501","2019-06-06T12:00:00Z",-14.675,145.425,"0.0",0,"25.75","0.89",0,2019-06-06,"06","2019",0,25.75,"-14.675 145.425"
"7399505","2019-06-06T12:00:00Z",-14.675,145.625,"0.0",0,"26.080000000000002","0.8300000000000001",0,2019-06-06,"06","2019",0,26.08,"-14.675 145.625"
"7399582","2019-06-06T12:00:00Z",-14.725,145.425,"0.0",0,"25.68","0.86",0,2019-06-06,"06","2019",0,25.68,"-14.725 145.425"
"7399664","2019-06-06T12:00:00Z",-14.775,145.475,"0.0",0,"25.71","0.8300000000000001",0,2019-06-06,"06","2019",0,25.71,"-14.775 145.475"
"7400154","2019-06-06T12:00:00Z",-15.075,145.675,"0.0",0,"25.84","0.71",0,2019-06-06,"06","2019",0,25.84,"-15.075 145.675"
"7432764","2019-06-13T12:00:00Z",-13.875,144.025,"0.0",0,"24.68","0.0",0,2019-06-13,"06","2019",0,24.68,"-13.875 144.025"
"7432846","2019-06-13T12:00:00Z",-13.925,144.075,"0.0",0,"24.64","-0.02",0,2019-06-13,"06","2019",0,24.64,"-13.925 144.075"
"7432848","2019-06-13T12:00:00Z",-13.925,144.175,"0.0",0,"24.7","0.04",0,2019-06-13,"06","2019",0,24.7,"-13.925 144.175"
"7432849","2019-06-13T12:00:00Z",-13.925,144.225,"0.0",0,"24.8","0.11",0,2019-06-13,"06","2019",0,24.8,"-13.925 144.225"
"7432934","2019-06-13T12:00:00Z",-13.975,144.425,"0.0",0,"25.150000000000002","0.37",0,2019-06-13,"06","2019",0,25.15,"-13.975 144.425"
"7433015","2019-06-13T12:00:00Z",-14.025,144.425,"0.0",0,"24.93","0.29",0,2019-06-13,"06","2019",0,24.93,"-14.025 144.425"
"7434088","2019-06-13T12:00:00Z",-14.675,145.425,"0.0",0,"24.79","0.25",0,2019-06-13,"06","2019",0,24.79,"-14.675 145.425"
"7434092","2019-06-13T12:00:00Z",-14.675,145.625,"0.0",0,"25.3","0.31",0,2019-06-13,"06","2019",0,25.3,"-14.675 145.625"
"7434169","2019-06-13T12:00:00Z",-14.725,145.425,"0.0",0,"24.69","0.19",0,2019-06-13,"06","2019",0,24.69,"-14.725 145.425"
"7434251","2019-06-13T12:00:00Z",-14.775,145.475,"0.0",0,"24.830000000000002","0.26",0,2019-06-13,"06","2019",0,24.83,"-14.775 145.475"
"7434741","2019-06-13T12:00:00Z",-15.075,145.675,"0.0",0,"25.21","0.37",0,2019-06-13,"06","2019",0,25.21,"-15.075 145.675"
"7467351","2019-06-20T12:00:00Z",-13.875,144.025,"0.0",0,"24.36","-0.1",0,2019-06-20,"06","2019",0,24.36,"-13.875 144.025"
"7467433","2019-06-20T12:00:00Z",-13.925,144.075,"0.0",0,"24.27","-0.16",0,2019-06-20,"06","2019",0,24.27,"-13.925 144.075"
"7467435","2019-06-20T12:00:00Z",-13.925,144.175,"0.0",0,"24.400000000000002","-0.05",0,2019-06-20,"06","2019",0,24.4,"-13.925 144.175"
"7467436","2019-06-20T12:00:00Z",-13.925,144.225,"0.0",0,"24.53","0.04",0,2019-06-20,"06","2019",0,24.53,"-13.925 144.225"
"7467521","2019-06-20T12:00:00Z",-13.975,144.425,"0.0",0,"24.7","0.11",0,2019-06-20,"06","2019",0,24.7,"-13.975 144.425"
"7467602","2019-06-20T12:00:00Z",-14.025,144.425,"0.0",0,"24.51","0.06",0,2019-06-20,"06","2019",0,24.51,"-14.025 144.425"
"7468675","2019-06-20T12:00:00Z",-14.675,145.425,"0.0",0,"24.55","0.22",0,2019-06-20,"06","2019",0,24.55,"-14.675 145.425"
"7468679","2019-06-20T12:00:00Z",-14.675,145.625,"0.0",0,"24.91","0.11",0,2019-06-20,"06","2019",0,24.91,"-14.675 145.625"
"7468756","2019-06-20T12:00:00Z",-14.725,145.425,"0.0",0,"24.5","0.21",0,2019-06-20,"06","2019",0,24.5,"-14.725 145.425"
"7468838","2019-06-20T12:00:00Z",-14.775,145.475,"0.0",0,"24.560000000000002","0.2",0,2019-06-20,"06","2019",0,24.56,"-14.775 145.475"
"7469328","2019-06-20T12:00:00Z",-15.075,145.675,"0.0",0,"24.82","0.16",0,2019-06-20,"06","2019",0,24.82,"-15.075 145.675"
"7501938","2019-06-27T12:00:00Z",-13.875,144.025,"0.0",0,"24.05","-0.22",0,2019-06-27,"06","2019",0,24.05,"-13.875 144.025"
"7502020","2019-06-27T12:00:00Z",-13.925,144.075,"0.0",0,"23.96","-0.29",0,2019-06-27,"06","2019",0,23.96,"-13.925 144.075"
"7502022","2019-06-27T12:00:00Z",-13.925,144.175,"0.0",0,"24.02","-0.26",0,2019-06-27,"06","2019",0,24.02,"-13.925 144.175"
"7502023","2019-06-27T12:00:00Z",-13.925,144.225,"0.0",0,"24.1","-0.23",0,2019-06-27,"06","2019",0,24.1,"-13.925 144.225"
"7502108","2019-06-27T12:00:00Z",-13.975,144.425,"0.0",0,"24.240000000000002","-0.21",0,2019-06-27,"06","2019",0,24.24,"-13.975 144.425"
"7502189","2019-06-27T12:00:00Z",-14.025,144.425,"0.0",0,"24.03","-0.27",0,2019-06-27,"06","2019",0,24.03,"-14.025 144.425"
"7503262","2019-06-27T12:00:00Z",-14.675,145.425,"0.0",0,"23.98","-0.19",0,2019-06-27,"06","2019",0,23.98,"-14.675 145.425"
"7503266","2019-06-27T12:00:00Z",-14.675,145.625,"0.0",0,"24.61","-0.04",0,2019-06-27,"06","2019",0,24.61,"-14.675 145.625"
"7503343","2019-06-27T12:00:00Z",-14.725,145.425,"0.0",0,"23.93","-0.2",0,2019-06-27,"06","2019",0,23.93,"-14.725 145.425"
"7503425","2019-06-27T12:00:00Z",-14.775,145.475,"0.0",0,"24.1","-0.1",0,2019-06-27,"06","2019",0,24.1,"-14.775 145.475"
"7503915","2019-06-27T12:00:00Z",-15.075,145.675,"0.0",0,"24.650000000000002","0.13",0,2019-06-27,"06","2019",0,24.65,"-15.075 145.675"
"7536525","2019-07-04T12:00:00Z",-13.875,144.025,"0.0",0,"24.0","-0.09",0,2019-07-04,"07","2019",0,24,"-13.875 144.025"
"7536607","2019-07-04T12:00:00Z",-13.925,144.075,"0.0",0,"23.89","-0.18",0,2019-07-04,"07","2019",0,23.89,"-13.925 144.075"
"7536609","2019-07-04T12:00:00Z",-13.925,144.175,"0.0",0,"23.97","-0.14",0,2019-07-04,"07","2019",0,23.97,"-13.925 144.175"
"7536610","2019-07-04T12:00:00Z",-13.925,144.225,"0.0",0,"24.1","-0.07",0,2019-07-04,"07","2019",0,24.1,"-13.925 144.225"
"7536695","2019-07-04T12:00:00Z",-13.975,144.425,"0.0",0,"24.36","0.05",0,2019-07-04,"07","2019",0,24.36,"-13.975 144.425"
"7536776","2019-07-04T12:00:00Z",-14.025,144.425,"0.0",0,"24.12","-0.04",0,2019-07-04,"07","2019",0,24.12,"-14.025 144.425"
"7537849","2019-07-04T12:00:00Z",-14.675,145.425,"0.0",0,"23.81","-0.2",0,2019-07-04,"07","2019",0,23.81,"-14.675 145.425"
"7537853","2019-07-04T12:00:00Z",-14.675,145.625,"0.0",0,"24.42","-0.08",0,2019-07-04,"07","2019",0,24.42,"-14.675 145.625"
"7537930","2019-07-04T12:00:00Z",-14.725,145.425,"0.0",0,"23.73","-0.23",0,2019-07-04,"07","2019",0,23.73,"-14.725 145.425"
"7538012","2019-07-04T12:00:00Z",-14.775,145.475,"0.0",0,"23.86","-0.17",0,2019-07-04,"07","2019",0,23.86,"-14.775 145.475"
"7538502","2019-07-04T12:00:00Z",-15.075,145.675,"0.0",0,"24.18","-0.21",0,2019-07-04,"07","2019",0,24.18,"-15.075 145.675"
"7571112","2019-07-11T12:00:00Z",-13.875,144.025,"0.0",0,"24.21","0.3",0,2019-07-11,"07","2019",0,24.21,"-13.875 144.025"
"7571194","2019-07-11T12:00:00Z",-13.925,144.075,"0.0",0,"24.17","0.29",0,2019-07-11,"07","2019",0,24.17,"-13.925 144.075"
"7571196","2019-07-11T12:00:00Z",-13.925,144.175,"0.0",0,"24.28","0.33",0,2019-07-11,"07","2019",0,24.28,"-13.925 144.175"
"7571197","2019-07-11T12:00:00Z",-13.925,144.225,"0.0",0,"24.41","0.4",0,2019-07-11,"07","2019",0,24.41,"-13.925 144.225"
"7571282","2019-07-11T12:00:00Z",-13.975,144.425,"0.0",0,"24.650000000000002","0.48",0,2019-07-11,"07","2019",0,24.65,"-13.975 144.425"
"7571363","2019-07-11T12:00:00Z",-14.025,144.425,"0.0",0,"24.44","0.43",0,2019-07-11,"07","2019",0,24.44,"-14.025 144.425"
"7572436","2019-07-11T12:00:00Z",-14.675,145.425,"0.0",0,"24.26","0.42",0,2019-07-11,"07","2019",0,24.26,"-14.675 145.425"
"7572440","2019-07-11T12:00:00Z",-14.675,145.625,"0.0",0,"24.7","0.35000000000000003",0,2019-07-11,"07","2019",0,24.7,"-14.675 145.625"
"7572517","2019-07-11T12:00:00Z",-14.725,145.425,"0.0",0,"24.16","0.37",0,2019-07-11,"07","2019",0,24.16,"-14.725 145.425"
"7572599","2019-07-11T12:00:00Z",-14.775,145.475,"0.0",0,"24.21","0.35000000000000003",0,2019-07-11,"07","2019",0,24.21,"-14.775 145.475"
"7573089","2019-07-11T12:00:00Z",-15.075,145.675,"0.0",0,"24.52","0.26",0,2019-07-11,"07","2019",0,24.52,"-15.075 145.675"
"7605699","2019-07-18T12:00:00Z",-13.875,144.025,"0.0",0,"23.6","-0.19",0,2019-07-18,"07","2019",0,23.6,"-13.875 144.025"
"7605781","2019-07-18T12:00:00Z",-13.925,144.075,"0.0",0,"23.54","-0.23",0,2019-07-18,"07","2019",0,23.54,"-13.925 144.075"
"7605783","2019-07-18T12:00:00Z",-13.925,144.175,"0.0",0,"23.77","-0.07",0,2019-07-18,"07","2019",0,23.77,"-13.925 144.175"
"7605784","2019-07-18T12:00:00Z",-13.925,144.225,"0.0",0,"23.93","0.02",0,2019-07-18,"07","2019",0,23.93,"-13.925 144.225"
"7605869","2019-07-18T12:00:00Z",-13.975,144.425,"0.0",0,"24.21","0.13",0,2019-07-18,"07","2019",0,24.21,"-13.975 144.425"
"7605950","2019-07-18T12:00:00Z",-14.025,144.425,"0.0",0,"24.01","0.09",0,2019-07-18,"07","2019",0,24.01,"-14.025 144.425"
"7607023","2019-07-18T12:00:00Z",-14.675,145.425,"0.0",0,"23.34","-0.41000000000000003",0,2019-07-18,"07","2019",0,23.34,"-14.675 145.425"
"7607027","2019-07-18T12:00:00Z",-14.675,145.625,"0.0",0,"23.84","-0.4",0,2019-07-18,"07","2019",0,23.84,"-14.675 145.625"
"7607104","2019-07-18T12:00:00Z",-14.725,145.425,"0.0",0,"23.25","-0.45",0,2019-07-18,"07","2019",0,23.25,"-14.725 145.425"
"7607186","2019-07-18T12:00:00Z",-14.775,145.475,"0.0",0,"23.330000000000002","-0.44",0,2019-07-18,"07","2019",0,23.33,"-14.775 145.475"
"7607676","2019-07-18T12:00:00Z",-15.075,145.675,"0.0",0,"23.87","-0.29",0,2019-07-18,"07","2019",0,23.87,"-15.075 145.675"
"7640286","2019-07-25T12:00:00Z",-13.875,144.025,"0.0",0,"23.26","-0.52",0,2019-07-25,"07","2019",0,23.26,"-13.875 144.025"
"7640368","2019-07-25T12:00:00Z",-13.925,144.075,"0.0",0,"23.21","-0.55",0,2019-07-25,"07","2019",0,23.21,"-13.925 144.075"
"7640370","2019-07-25T12:00:00Z",-13.925,144.175,"0.0",0,"23.400000000000002","-0.43",0,2019-07-25,"07","2019",0,23.4,"-13.925 144.175"
"7640371","2019-07-25T12:00:00Z",-13.925,144.225,"0.0",0,"23.61","-0.29",0,2019-07-25,"07","2019",0,23.61,"-13.925 144.225"
"7640456","2019-07-25T12:00:00Z",-13.975,144.425,"0.0",0,"23.900000000000002","-0.16",0,2019-07-25,"07","2019",0,23.9,"-13.975 144.425"
"7640537","2019-07-25T12:00:00Z",-14.025,144.425,"0.0",0,"23.55","-0.36",0,2019-07-25,"07","2019",0,23.55,"-14.025 144.425"
"7641610","2019-07-25T12:00:00Z",-14.675,145.425,"0.0",0,"23.27","-0.47000000000000003",0,2019-07-25,"07","2019",0,23.27,"-14.675 145.425"
"7641614","2019-07-25T12:00:00Z",-14.675,145.625,"0.0",0,"24.150000000000002","-0.06",0,2019-07-25,"07","2019",0,24.15,"-14.675 145.625"
"7641691","2019-07-25T12:00:00Z",-14.725,145.425,"0.0",0,"23.23","-0.46",0,2019-07-25,"07","2019",0,23.23,"-14.725 145.425"
"7641773","2019-07-25T12:00:00Z",-14.775,145.475,"0.0",0,"23.41","-0.34",0,2019-07-25,"07","2019",0,23.41,"-14.775 145.475"
"7642263","2019-07-25T12:00:00Z",-15.075,145.675,"0.0",0,"24.02","-0.1",0,2019-07-25,"07","2019",0,24.02,"-15.075 145.675"
"7674873","2019-08-01T12:00:00Z",-13.875,144.025,"0.0",0,"23.46","-0.31",0,2019-08-01,"08","2019",0,23.46,"-13.875 144.025"
"7674955","2019-08-01T12:00:00Z",-13.925,144.075,"0.0",0,"23.37","-0.37",0,2019-08-01,"08","2019",0,23.37,"-13.925 144.075"
"7674957","2019-08-01T12:00:00Z",-13.925,144.175,"0.0",0,"23.52","-0.3",0,2019-08-01,"08","2019",0,23.52,"-13.925 144.175"
"7674958","2019-08-01T12:00:00Z",-13.925,144.225,"0.0",0,"23.650000000000002","-0.23",0,2019-08-01,"08","2019",0,23.65,"-13.925 144.225"
"7675043","2019-08-01T12:00:00Z",-13.975,144.425,"0.0",0,"23.92","-0.12",0,2019-08-01,"08","2019",0,23.92,"-13.975 144.425"
"7675124","2019-08-01T12:00:00Z",-14.025,144.425,"0.0",0,"23.71","-0.18",0,2019-08-01,"08","2019",0,23.71,"-14.025 144.425"
"7676197","2019-08-01T12:00:00Z",-14.675,145.425,"0.0",0,"23.2","-0.54",0,2019-08-01,"08","2019",0,23.2,"-14.675 145.425"
"7676201","2019-08-01T12:00:00Z",-14.675,145.625,"0.0",0,"23.92","-0.25",0,2019-08-01,"08","2019",0,23.92,"-14.675 145.625"
"7676278","2019-08-01T12:00:00Z",-14.725,145.425,"0.0",0,"23.14","-0.55",0,2019-08-01,"08","2019",0,23.14,"-14.725 145.425"
"7676360","2019-08-01T12:00:00Z",-14.775,145.475,"0.0",0,"23.240000000000002","-0.5",0,2019-08-01,"08","2019",0,23.24,"-14.775 145.475"
"7676850","2019-08-01T12:00:00Z",-15.075,145.675,"0.0",0,"23.89","-0.19",0,2019-08-01,"08","2019",0,23.89,"-15.075 145.675"
"7709460","2019-08-08T12:00:00Z",-13.875,144.025,"0.0",0,"23.59","-0.16",0,2019-08-08,"08","2019",0,23.59,"-13.875 144.025"
"7709542","2019-08-08T12:00:00Z",-13.925,144.075,"0.0",0,"23.5","-0.23",0,2019-08-08,"08","2019",0,23.5,"-13.925 144.075"
"7709544","2019-08-08T12:00:00Z",-13.925,144.175,"0.0",0,"23.55","-0.25",0,2019-08-08,"08","2019",0,23.55,"-13.925 144.175"
"7709545","2019-08-08T12:00:00Z",-13.925,144.225,"0.0",0,"23.59","-0.28",0,2019-08-08,"08","2019",0,23.59,"-13.925 144.225"
"7709630","2019-08-08T12:00:00Z",-13.975,144.425,"0.0",0,"23.66","-0.36",0,2019-08-08,"08","2019",0,23.66,"-13.975 144.425"
"7709711","2019-08-08T12:00:00Z",-14.025,144.425,"0.0",0,"23.51","-0.37",0,2019-08-08,"08","2019",0,23.51,"-14.025 144.425"
"7710784","2019-08-08T12:00:00Z",-14.675,145.425,"0.0",0,"23.53","-0.2",0,2019-08-08,"08","2019",0,23.53,"-14.675 145.425"
"7710788","2019-08-08T12:00:00Z",-14.675,145.625,"0.0",0,"24.07","-0.06",0,2019-08-08,"08","2019",0,24.07,"-14.675 145.625"
"7710865","2019-08-08T12:00:00Z",-14.725,145.425,"0.0",0,"23.43","-0.25",0,2019-08-08,"08","2019",0,23.43,"-14.725 145.425"
"7710947","2019-08-08T12:00:00Z",-14.775,145.475,"0.0",0,"23.56","-0.17",0,2019-08-08,"08","2019",0,23.56,"-14.775 145.475"
"7711437","2019-08-08T12:00:00Z",-15.075,145.675,"0.0",0,"23.75","-0.28",0,2019-08-08,"08","2019",0,23.75,"-15.075 145.675"
"7744047","2019-08-15T12:00:00Z",-13.875,144.025,"0.0",0,"23.82","0.08",0,2019-08-15,"08","2019",0,23.82,"-13.875 144.025"
"7744129","2019-08-15T12:00:00Z",-13.925,144.075,"0.0",0,"23.76","0.05",0,2019-08-15,"08","2019",0,23.76,"-13.925 144.075"
"7744131","2019-08-15T12:00:00Z",-13.925,144.175,"0.0",0,"23.84","0.05",0,2019-08-15,"08","2019",0,23.84,"-13.925 144.175"
"7744132","2019-08-15T12:00:00Z",-13.925,144.225,"0.0",0,"23.91","0.06",0,2019-08-15,"08","2019",0,23.91,"-13.925 144.225"
"7744217","2019-08-15T12:00:00Z",-13.975,144.425,"0.0",0,"24.03","0.03",0,2019-08-15,"08","2019",0,24.03,"-13.975 144.425"
"7744298","2019-08-15T12:00:00Z",-14.025,144.425,"0.0",0,"23.91","0.05",0,2019-08-15,"08","2019",0,23.91,"-14.025 144.425"
"7745371","2019-08-15T12:00:00Z",-14.675,145.425,"0.0",0,"23.28","-0.45",0,2019-08-15,"08","2019",0,23.28,"-14.675 145.425"
"7745375","2019-08-15T12:00:00Z",-14.675,145.625,"0.0",0,"23.75","-0.34",0,2019-08-15,"08","2019",0,23.75,"-14.675 145.625"
"7745452","2019-08-15T12:00:00Z",-14.725,145.425,"0.0",0,"23.17","-0.51",0,2019-08-15,"08","2019",0,23.17,"-14.725 145.425"
"7745534","2019-08-15T12:00:00Z",-14.775,145.475,"0.0",0,"23.21","-0.51",0,2019-08-15,"08","2019",0,23.21,"-14.775 145.475"
"7746024","2019-08-15T12:00:00Z",-15.075,145.675,"0.0",0,"23.490000000000002","-0.5",0,2019-08-15,"08","2019",0,23.49,"-15.075 145.675"
"7778634","2019-08-22T12:00:00Z",-13.875,144.025,"0.0",0,"23.48","-0.44",0,2019-08-22,"08","2019",0,23.48,"-13.875 144.025"
"7778716","2019-08-22T12:00:00Z",-13.925,144.075,"0.0",0,"23.41","-0.48",0,2019-08-22,"08","2019",0,23.41,"-13.925 144.075"
"7778718","2019-08-22T12:00:00Z",-13.925,144.175,"0.0",0,"23.51","-0.44",0,2019-08-22,"08","2019",0,23.51,"-13.925 144.175"
"7778719","2019-08-22T12:00:00Z",-13.925,144.225,"0.0",0,"23.650000000000002","-0.35000000000000003",0,2019-08-22,"08","2019",0,23.65,"-13.925 144.225"
"7778804","2019-08-22T12:00:00Z",-13.975,144.425,"0.0",0,"23.900000000000002","-0.24",0,2019-08-22,"08","2019",0,23.9,"-13.975 144.425"
"7778885","2019-08-22T12:00:00Z",-14.025,144.425,"0.0",0,"23.62","-0.4",0,2019-08-22,"08","2019",0,23.62,"-14.025 144.425"
"7779958","2019-08-22T12:00:00Z",-14.675,145.425,"0.0",0,"23.5","-0.4",0,2019-08-22,"08","2019",0,23.5,"-14.675 145.425"
"7779962","2019-08-22T12:00:00Z",-14.675,145.625,"0.0",0,"24.2","-0.01",0,2019-08-22,"08","2019",0,24.2,"-14.675 145.625"
"7780039","2019-08-22T12:00:00Z",-14.725,145.425,"0.0",0,"23.48","-0.37",0,2019-08-22,"08","2019",0,23.48,"-14.725 145.425"
"7780121","2019-08-22T12:00:00Z",-14.775,145.475,"0.0",0,"23.650000000000002","-0.23",0,2019-08-22,"08","2019",0,23.65,"-14.775 145.475"
"7780611","2019-08-22T12:00:00Z",-15.075,145.675,"0.0",0,"24.2","0.08",0,2019-08-22,"08","2019",0,24.2,"-15.075 145.675"
"7813221","2019-08-29T12:00:00Z",-13.875,144.025,"0.0",0,"24.02","-0.07",0,2019-08-29,"08","2019",0,24.02,"-13.875 144.025"
"7813303","2019-08-29T12:00:00Z",-13.925,144.075,"0.0",0,"23.96","-0.11",0,2019-08-29,"08","2019",0,23.96,"-13.925 144.075"
"7813305","2019-08-29T12:00:00Z",-13.925,144.175,"0.0",0,"24.04","-0.07",0,2019-08-29,"08","2019",0,24.04,"-13.925 144.175"
"7813306","2019-08-29T12:00:00Z",-13.925,144.225,"0.0",0,"24.12","-0.03",0,2019-08-29,"08","2019",0,24.12,"-13.925 144.225"
"7813391","2019-08-29T12:00:00Z",-13.975,144.425,"0.0",0,"24.42","0.14",0,2019-08-29,"08","2019",0,24.42,"-13.975 144.425"
"7813472","2019-08-29T12:00:00Z",-14.025,144.425,"0.0",0,"24.19","0.0",0,2019-08-29,"08","2019",0,24.19,"-14.025 144.425"
"7814545","2019-08-29T12:00:00Z",-14.675,145.425,"0.0",0,"23.98","-0.09",0,2019-08-29,"08","2019",0,23.98,"-14.675 145.425"
"7814549","2019-08-29T12:00:00Z",-14.675,145.625,"0.0",0,"24.44","0.1",0,2019-08-29,"08","2019",0,24.44,"-14.675 145.625"
"7814626","2019-08-29T12:00:00Z",-14.725,145.425,"0.0",0,"23.89","-0.13",0,2019-08-29,"08","2019",0,23.89,"-14.725 145.425"
"7814708","2019-08-29T12:00:00Z",-14.775,145.475,"0.0",0,"23.95","-0.1",0,2019-08-29,"08","2019",0,23.95,"-14.775 145.475"
"7815198","2019-08-29T12:00:00Z",-15.075,145.675,"0.0",0,"24.35","0.1",0,2019-08-29,"08","2019",0,24.35,"-15.075 145.675"
"7847808","2019-09-05T12:00:00Z",-13.875,144.025,"0.0",0,"23.87","-0.4",0,2019-09-05,"09","2019",0,23.87,"-13.875 144.025"
"7847890","2019-09-05T12:00:00Z",-13.925,144.075,"0.0",0,"23.830000000000002","-0.42",0,2019-09-05,"09","2019",0,23.83,"-13.925 144.075"
"7847892","2019-09-05T12:00:00Z",-13.925,144.175,"0.0",0,"23.95","-0.32",0,2019-09-05,"09","2019",0,23.95,"-13.925 144.175"
"7847893","2019-09-05T12:00:00Z",-13.925,144.225,"0.0",0,"24.03","-0.27",0,2019-09-05,"09","2019",0,24.03,"-13.925 144.225"
"7847978","2019-09-05T12:00:00Z",-13.975,144.425,"0.0",0,"24.240000000000002","-0.18",0,2019-09-05,"09","2019",0,24.24,"-13.975 144.425"
"7848059","2019-09-05T12:00:00Z",-14.025,144.425,"0.0",0,"24.080000000000002","-0.27",0,2019-09-05,"09","2019",0,24.08,"-14.025 144.425"
"7849132","2019-09-05T12:00:00Z",-14.675,145.425,"0.0",0,"23.97","-0.27",0,2019-09-05,"09","2019",0,23.97,"-14.675 145.425"
"7849136","2019-09-05T12:00:00Z",-14.675,145.625,"0.0",0,"24.22","-0.24",0,2019-09-05,"09","2019",0,24.22,"-14.675 145.625"
"7849213","2019-09-05T12:00:00Z",-14.725,145.425,"0.0",0,"23.86","-0.33",0,2019-09-05,"09","2019",0,23.86,"-14.725 145.425"
"7849295","2019-09-05T12:00:00Z",-14.775,145.475,"0.0",0,"23.85","-0.36",0,2019-09-05,"09","2019",0,23.85,"-14.775 145.475"
"7849785","2019-09-05T12:00:00Z",-15.075,145.675,"0.0",0,"24.1","-0.28",0,2019-09-05,"09","2019",0,24.1,"-15.075 145.675"
"7882395","2019-09-12T12:00:00Z",-13.875,144.025,"0.0",0,"23.650000000000002","-0.79",0,2019-09-12,"09","2019",0,23.65,"-13.875 144.025"
"7882477","2019-09-12T12:00:00Z",-13.925,144.075,"0.0",0,"23.62","-0.8",0,2019-09-12,"09","2019",0,23.62,"-13.925 144.075"
"7882479","2019-09-12T12:00:00Z",-13.925,144.175,"0.0",0,"23.76","-0.67",0,2019-09-12,"09","2019",0,23.76,"-13.925 144.175"
"7882480","2019-09-12T12:00:00Z",-13.925,144.225,"0.0",0,"23.900000000000002","-0.56",0,2019-09-12,"09","2019",0,23.9,"-13.925 144.225"
"7882565","2019-09-12T12:00:00Z",-13.975,144.425,"0.0",0,"24.240000000000002","-0.32",0,2019-09-12,"09","2019",0,24.24,"-13.975 144.425"
"7882646","2019-09-12T12:00:00Z",-14.025,144.425,"0.0",0,"24.05","-0.46",0,2019-09-12,"09","2019",0,24.05,"-14.025 144.425"
"7883719","2019-09-12T12:00:00Z",-14.675,145.425,"0.0",0,"23.77","-0.64",0,2019-09-12,"09","2019",0,23.77,"-14.675 145.425"
"7883723","2019-09-12T12:00:00Z",-14.675,145.625,"0.0",0,"24.19","-0.4",0,2019-09-12,"09","2019",0,24.19,"-14.675 145.625"
"7883800","2019-09-12T12:00:00Z",-14.725,145.425,"0.0",0,"23.71","-0.66",0,2019-09-12,"09","2019",0,23.71,"-14.725 145.425"
"7883882","2019-09-12T12:00:00Z",-14.775,145.475,"0.0",0,"23.73","-0.65",0,2019-09-12,"09","2019",0,23.73,"-14.775 145.475"
"7884372","2019-09-12T12:00:00Z",-15.075,145.675,"0.0",0,"24.0","-0.51",0,2019-09-12,"09","2019",0,24,"-15.075 145.675"
"7916982","2019-09-19T12:00:00Z",-13.875,144.025,"0.0",0,"24.2","-0.49",0,2019-09-19,"09","2019",0,24.2,"-13.875 144.025"
"7917064","2019-09-19T12:00:00Z",-13.925,144.075,"0.0",0,"24.13","-0.54",0,2019-09-19,"09","2019",0,24.13,"-13.925 144.075"
"7917066","2019-09-19T12:00:00Z",-13.925,144.175,"0.0",0,"24.21","-0.45",0,2019-09-19,"09","2019",0,24.21,"-13.925 144.175"
"7917067","2019-09-19T12:00:00Z",-13.925,144.225,"0.0",0,"24.3","-0.38",0,2019-09-19,"09","2019",0,24.3,"-13.925 144.225"
"7917152","2019-09-19T12:00:00Z",-13.975,144.425,"0.0",0,"24.5","-0.27",0,2019-09-19,"09","2019",0,24.5,"-13.975 144.425"
"7917233","2019-09-19T12:00:00Z",-14.025,144.425,"0.0",0,"24.35","-0.39",0,2019-09-19,"09","2019",0,24.35,"-14.025 144.425"
"7918306","2019-09-19T12:00:00Z",-14.675,145.425,"0.0",0,"23.830000000000002","-0.81",0,2019-09-19,"09","2019",0,23.83,"-14.675 145.425"
"7918310","2019-09-19T12:00:00Z",-14.675,145.625,"0.0",0,"24.17","-0.61",0,2019-09-19,"09","2019",0,24.17,"-14.675 145.625"
"7918387","2019-09-19T12:00:00Z",-14.725,145.425,"0.0",0,"23.79","-0.8200000000000001",0,2019-09-19,"09","2019",0,23.79,"-14.725 145.425"
"7918469","2019-09-19T12:00:00Z",-14.775,145.475,"0.0",0,"23.84","-0.77",0,2019-09-19,"09","2019",0,23.84,"-14.775 145.475"
"7918959","2019-09-19T12:00:00Z",-15.075,145.675,"0.0",0,"24.07","-0.65",0,2019-09-19,"09","2019",0,24.07,"-15.075 145.675"
"7951569","2019-09-26T12:00:00Z",-13.875,144.025,"0.0",0,"24.36","-0.63",0,2019-09-26,"09","2019",0,24.36,"-13.875 144.025"
"7951651","2019-09-26T12:00:00Z",-13.925,144.075,"0.0",0,"24.32","-0.65",0,2019-09-26,"09","2019",0,24.32,"-13.925 144.075"
"7951653","2019-09-26T12:00:00Z",-13.925,144.175,"0.0",0,"24.3","-0.65",0,2019-09-26,"09","2019",0,24.3,"-13.925 144.175"
"7951654","2019-09-26T12:00:00Z",-13.925,144.225,"0.0",0,"24.3","-0.65",0,2019-09-26,"09","2019",0,24.3,"-13.925 144.225"
"7951739","2019-09-26T12:00:00Z",-13.975,144.425,"0.0",0,"24.37","-0.66",0,2019-09-26,"09","2019",0,24.37,"-13.975 144.425"
"7951820","2019-09-26T12:00:00Z",-14.025,144.425,"0.0",0,"24.310000000000002","-0.7000000000000001",0,2019-09-26,"09","2019",0,24.31,"-14.025 144.425"
"7952893","2019-09-26T12:00:00Z",-14.675,145.425,"0.0",0,"24.240000000000002","-0.68",0,2019-09-26,"09","2019",0,24.24,"-14.675 145.425"
"7952897","2019-09-26T12:00:00Z",-14.675,145.625,"0.0",0,"24.43","-0.58",0,2019-09-26,"09","2019",0,24.43,"-14.675 145.625"
"7952974","2019-09-26T12:00:00Z",-14.725,145.425,"0.0",0,"24.21","-0.6900000000000001",0,2019-09-26,"09","2019",0,24.21,"-14.725 145.425"
"7953056","2019-09-26T12:00:00Z",-14.775,145.475,"0.0",0,"24.22","-0.68",0,2019-09-26,"09","2019",0,24.22,"-14.775 145.475"
"7953546","2019-09-26T12:00:00Z",-15.075,145.675,"0.0",0,"24.5","-0.47000000000000003",0,2019-09-26,"09","2019",0,24.5,"-15.075 145.675"
"7986156","2019-10-03T12:00:00Z",-13.875,144.025,"0.0",0,"24.44","-0.84",0,2019-10-03,"10","2019",0,24.44,"-13.875 144.025"
"7986238","2019-10-03T12:00:00Z",-13.925,144.075,"0.0",0,"24.44","-0.8300000000000001",0,2019-10-03,"10","2019",0,24.44,"-13.925 144.075"
"7986240","2019-10-03T12:00:00Z",-13.925,144.175,"0.0",0,"24.44","-0.79",0,2019-10-03,"10","2019",0,24.44,"-13.925 144.175"
"7986241","2019-10-03T12:00:00Z",-13.925,144.225,"0.0",0,"24.47","-0.76",0,2019-10-03,"10","2019",0,24.47,"-13.925 144.225"
"7986326","2019-10-03T12:00:00Z",-13.975,144.425,"0.0",0,"24.59","-0.7000000000000001",0,2019-10-03,"10","2019",0,24.59,"-13.975 144.425"
"7986407","2019-10-03T12:00:00Z",-14.025,144.425,"0.0",0,"24.560000000000002","-0.73",0,2019-10-03,"10","2019",0,24.56,"-14.025 144.425"
"7987480","2019-10-03T12:00:00Z",-14.675,145.425,"0.0",0,"24.44","-0.77",0,2019-10-03,"10","2019",0,24.44,"-14.675 145.425"
"7987484","2019-10-03T12:00:00Z",-14.675,145.625,"0.0",0,"24.64","-0.61",0,2019-10-03,"10","2019",0,24.64,"-14.675 145.625"
"7987561","2019-10-03T12:00:00Z",-14.725,145.425,"0.0",0,"24.41","-0.79",0,2019-10-03,"10","2019",0,24.41,"-14.725 145.425"
"7987643","2019-10-03T12:00:00Z",-14.775,145.475,"0.0",0,"24.42","-0.77",0,2019-10-03,"10","2019",0,24.42,"-14.775 145.475"
"7988133","2019-10-03T12:00:00Z",-15.075,145.675,"0.0",0,"24.53","-0.7000000000000001",0,2019-10-03,"10","2019",0,24.53,"-15.075 145.675"
"8020743","2019-10-10T12:00:00Z",-13.875,144.025,"0.0",0,"24.91","-0.67",0,2019-10-10,"10","2019",0,24.91,"-13.875 144.025"
"8020825","2019-10-10T12:00:00Z",-13.925,144.075,"0.0",0,"24.86","-0.71",0,2019-10-10,"10","2019",0,24.86,"-13.925 144.075"
"8020827","2019-10-10T12:00:00Z",-13.925,144.175,"0.0",0,"24.830000000000002","-0.6900000000000001",0,2019-10-10,"10","2019",0,24.83,"-13.925 144.175"
"8020828","2019-10-10T12:00:00Z",-13.925,144.225,"0.0",0,"24.82","-0.68",0,2019-10-10,"10","2019",0,24.82,"-13.925 144.225"
"8020913","2019-10-10T12:00:00Z",-13.975,144.425,"0.0",0,"24.79","-0.76",0,2019-10-10,"10","2019",0,24.79,"-13.975 144.425"
"8020994","2019-10-10T12:00:00Z",-14.025,144.425,"0.0",0,"24.740000000000002","-0.8200000000000001",0,2019-10-10,"10","2019",0,24.74,"-14.025 144.425"
"8022067","2019-10-10T12:00:00Z",-14.675,145.425,"0.0",0,"24.72","-0.77",0,2019-10-10,"10","2019",0,24.72,"-14.675 145.425"
"8022071","2019-10-10T12:00:00Z",-14.675,145.625,"0.0",0,"24.86","-0.63",0,2019-10-10,"10","2019",0,24.86,"-14.675 145.625"
"8022148","2019-10-10T12:00:00Z",-14.725,145.425,"0.0",0,"24.72","-0.77",0,2019-10-10,"10","2019",0,24.72,"-14.725 145.425"
"8022230","2019-10-10T12:00:00Z",-14.775,145.475,"0.0",0,"24.740000000000002","-0.74",0,2019-10-10,"10","2019",0,24.74,"-14.775 145.475"
"8022720","2019-10-10T12:00:00Z",-15.075,145.675,"0.0",0,"24.86","-0.63",0,2019-10-10,"10","2019",0,24.86,"-15.075 145.675"
"8055330","2019-10-17T12:00:00Z",-13.875,144.025,"0.0",0,"25.39","-0.5",0,2019-10-17,"10","2019",0,25.39,"-13.875 144.025"
"8055412","2019-10-17T12:00:00Z",-13.925,144.075,"0.0",0,"25.41","-0.48",0,2019-10-17,"10","2019",0,25.41,"-13.925 144.075"
"8055414","2019-10-17T12:00:00Z",-13.925,144.175,"0.0",0,"25.3","-0.52",0,2019-10-17,"10","2019",0,25.3,"-13.925 144.175"
"8055415","2019-10-17T12:00:00Z",-13.925,144.225,"0.0",0,"25.28","-0.52",0,2019-10-17,"10","2019",0,25.28,"-13.925 144.225"
"8055500","2019-10-17T12:00:00Z",-13.975,144.425,"0.0",0,"25.32","-0.5",0,2019-10-17,"10","2019",0,25.32,"-13.975 144.425"
"8055581","2019-10-17T12:00:00Z",-14.025,144.425,"0.0",0,"25.28","-0.5700000000000001",0,2019-10-17,"10","2019",0,25.28,"-14.025 144.425"
"8056654","2019-10-17T12:00:00Z",-14.675,145.425,"0.0",0,"25.26","-0.52",0,2019-10-17,"10","2019",0,25.26,"-14.675 145.425"
"8056658","2019-10-17T12:00:00Z",-14.675,145.625,"0.0",0,"25.45","-0.3",0,2019-10-17,"10","2019",0,25.45,"-14.675 145.625"
"8056735","2019-10-17T12:00:00Z",-14.725,145.425,"0.0",0,"25.26","-0.53",0,2019-10-17,"10","2019",0,25.26,"-14.725 145.425"
"8056817","2019-10-17T12:00:00Z",-14.775,145.475,"0.0",0,"25.26","-0.51",0,2019-10-17,"10","2019",0,25.26,"-14.775 145.475"
"8057307","2019-10-17T12:00:00Z",-15.075,145.675,"0.0",0,"25.400000000000002","-0.36",0,2019-10-17,"10","2019",0,25.4,"-15.075 145.675"
"8089917","2019-10-24T12:00:00Z",-13.875,144.025,"0.0",0,"25.830000000000002","-0.42",0,2019-10-24,"10","2019",0,25.83,"-13.875 144.025"
"8089999","2019-10-24T12:00:00Z",-13.925,144.075,"0.0",0,"25.8","-0.45",0,2019-10-24,"10","2019",0,25.8,"-13.925 144.075"
"8090001","2019-10-24T12:00:00Z",-13.925,144.175,"0.0",0,"25.71","-0.45",0,2019-10-24,"10","2019",0,25.71,"-13.925 144.175"
"8090002","2019-10-24T12:00:00Z",-13.925,144.225,"0.0",0,"25.69","-0.45",0,2019-10-24,"10","2019",0,25.69,"-13.925 144.225"
"8090087","2019-10-24T12:00:00Z",-13.975,144.425,"0.0",0,"25.66","-0.48",0,2019-10-24,"10","2019",0,25.66,"-13.975 144.425"
"8090168","2019-10-24T12:00:00Z",-14.025,144.425,"0.0",0,"25.72","-0.46",0,2019-10-24,"10","2019",0,25.72,"-14.025 144.425"
"8091241","2019-10-24T12:00:00Z",-14.675,145.425,"0.0",0,"25.67","-0.44",0,2019-10-24,"10","2019",0,25.67,"-14.675 145.425"
"8091245","2019-10-24T12:00:00Z",-14.675,145.625,"0.0",0,"25.62","-0.43",0,2019-10-24,"10","2019",0,25.62,"-14.675 145.625"
"8091322","2019-10-24T12:00:00Z",-14.725,145.425,"0.0",0,"25.69","-0.43",0,2019-10-24,"10","2019",0,25.69,"-14.725 145.425"
"8091404","2019-10-24T12:00:00Z",-14.775,145.475,"0.0",0,"25.67","-0.43",0,2019-10-24,"10","2019",0,25.67,"-14.775 145.475"
"8091894","2019-10-24T12:00:00Z",-15.075,145.675,"0.0",0,"25.71","-0.35000000000000003",0,2019-10-24,"10","2019",0,25.71,"-15.075 145.675"
"8124504","2019-10-31T12:00:00Z",-13.875,144.025,"0.0",0,"26.05","-0.56",0,2019-10-31,"10","2019",0,26.05,"-13.875 144.025"
"8124586","2019-10-31T12:00:00Z",-13.925,144.075,"0.0",0,"26.060000000000002","-0.54",0,2019-10-31,"10","2019",0,26.06,"-13.925 144.075"
"8124588","2019-10-31T12:00:00Z",-13.925,144.175,"0.0",0,"25.990000000000002","-0.52",0,2019-10-31,"10","2019",0,25.99,"-13.925 144.175"
"8124589","2019-10-31T12:00:00Z",-13.925,144.225,"0.0",0,"25.93","-0.54",0,2019-10-31,"10","2019",0,25.93,"-13.925 144.225"
"8124674","2019-10-31T12:00:00Z",-13.975,144.425,"0.0",0,"25.76","-0.7000000000000001",0,2019-10-31,"10","2019",0,25.76,"-13.975 144.425"
"8124755","2019-10-31T12:00:00Z",-14.025,144.425,"0.0",0,"25.77","-0.73",0,2019-10-31,"10","2019",0,25.77,"-14.025 144.425"
"8125828","2019-10-31T12:00:00Z",-14.675,145.425,"0.0",0,"25.75","-0.68",0,2019-10-31,"10","2019",0,25.75,"-14.675 145.425"
"8125832","2019-10-31T12:00:00Z",-14.675,145.625,"0.0",0,"25.88","-0.48",0,2019-10-31,"10","2019",0,25.88,"-14.675 145.625"
"8125909","2019-10-31T12:00:00Z",-14.725,145.425,"0.0",0,"25.72","-0.72",0,2019-10-31,"10","2019",0,25.72,"-14.725 145.425"
"8125991","2019-10-31T12:00:00Z",-14.775,145.475,"0.0",0,"25.7","-0.73",0,2019-10-31,"10","2019",0,25.7,"-14.775 145.475"
"8126481","2019-10-31T12:00:00Z",-15.075,145.675,"0.0",0,"25.73","-0.64",0,2019-10-31,"10","2019",0,25.73,"-15.075 145.675"
"8159091","2019-11-07T12:00:00Z",-13.875,144.025,"0.0",0,"26.62","-0.35000000000000003",0,2019-11-07,"11","2019",0,26.62,"-13.875 144.025"
"8159173","2019-11-07T12:00:00Z",-13.925,144.075,"0.0",0,"26.6","-0.35000000000000003",0,2019-11-07,"11","2019",0,26.6,"-13.925 144.075"
"8159175","2019-11-07T12:00:00Z",-13.925,144.175,"0.0",0,"26.46","-0.4",0,2019-11-07,"11","2019",0,26.46,"-13.925 144.175"
"8159176","2019-11-07T12:00:00Z",-13.925,144.225,"0.0",0,"26.43","-0.38",0,2019-11-07,"11","2019",0,26.43,"-13.925 144.225"
"8159261","2019-11-07T12:00:00Z",-13.975,144.425,"0.0",0,"26.44","-0.34",0,2019-11-07,"11","2019",0,26.44,"-13.975 144.425"
"8159342","2019-11-07T12:00:00Z",-14.025,144.425,"0.0",0,"26.48","-0.35000000000000003",0,2019-11-07,"11","2019",0,26.48,"-14.025 144.425"
"8160415","2019-11-07T12:00:00Z",-14.675,145.425,"0.0",0,"26.560000000000002","-0.19",0,2019-11-07,"11","2019",0,26.56,"-14.675 145.425"
"8160419","2019-11-07T12:00:00Z",-14.675,145.625,"0.0",0,"26.63","-0.04",0,2019-11-07,"11","2019",0,26.63,"-14.675 145.625"
"8160496","2019-11-07T12:00:00Z",-14.725,145.425,"0.0",0,"26.560000000000002","-0.21",0,2019-11-07,"11","2019",0,26.56,"-14.725 145.425"
"8160578","2019-11-07T12:00:00Z",-14.775,145.475,"0.0",0,"26.580000000000002","-0.18",0,2019-11-07,"11","2019",0,26.58,"-14.775 145.475"
"8161068","2019-11-07T12:00:00Z",-15.075,145.675,"0.0",0,"26.580000000000002","-0.1",0,2019-11-07,"11","2019",0,26.58,"-15.075 145.675"
"8193678","2019-11-14T12:00:00Z",-13.875,144.025,"0.0",0,"26.86","-0.47000000000000003",0,2019-11-14,"11","2019",0,26.86,"-13.875 144.025"
"8193760","2019-11-14T12:00:00Z",-13.925,144.075,"0.0",0,"26.830000000000002","-0.48",0,2019-11-14,"11","2019",0,26.83,"-13.925 144.075"
"8193762","2019-11-14T12:00:00Z",-13.925,144.175,"0.0",0,"26.650000000000002","-0.55",0,2019-11-14,"11","2019",0,26.65,"-13.925 144.175"
"8193763","2019-11-14T12:00:00Z",-13.925,144.225,"0.0",0,"26.57","-0.58",0,2019-11-14,"11","2019",0,26.57,"-13.925 144.225"
"8193848","2019-11-14T12:00:00Z",-13.975,144.425,"0.0",0,"26.45","-0.64",0,2019-11-14,"11","2019",0,26.45,"-13.975 144.425"
"8193929","2019-11-14T12:00:00Z",-14.025,144.425,"0.0",0,"26.52","-0.63",0,2019-11-14,"11","2019",0,26.52,"-14.025 144.425"
"8195002","2019-11-14T12:00:00Z",-14.675,145.425,"0.0",0,"26.39","-0.68",0,2019-11-14,"11","2019",0,26.39,"-14.675 145.425"
"8195006","2019-11-14T12:00:00Z",-14.675,145.625,"0.0",0,"26.51","-0.47000000000000003",0,2019-11-14,"11","2019",0,26.51,"-14.675 145.625"
"8195083","2019-11-14T12:00:00Z",-14.725,145.425,"0.0",0,"26.41","-0.68",0,2019-11-14,"11","2019",0,26.41,"-14.725 145.425"
"8195165","2019-11-14T12:00:00Z",-14.775,145.475,"0.0",0,"26.400000000000002","-0.68",0,2019-11-14,"11","2019",0,26.4,"-14.775 145.475"
"8195655","2019-11-14T12:00:00Z",-15.075,145.675,"0.0",0,"26.51","-0.48",0,2019-11-14,"11","2019",0,26.51,"-15.075 145.675"
"8228265","2019-11-21T12:00:00Z",-13.875,144.025,"0.0",0,"27.18","-0.39",0,2019-11-21,"11","2019",0,27.18,"-13.875 144.025"
"8228347","2019-11-21T12:00:00Z",-13.925,144.075,"0.0",0,"27.150000000000002","-0.4",0,2019-11-21,"11","2019",0,27.15,"-13.925 144.075"
"8228349","2019-11-21T12:00:00Z",-13.925,144.175,"0.0",0,"26.92","-0.52",0,2019-11-21,"11","2019",0,26.92,"-13.925 144.175"
"8228350","2019-11-21T12:00:00Z",-13.925,144.225,"0.0",0,"26.8","-0.59",0,2019-11-21,"11","2019",0,26.8,"-13.925 144.225"
"8228435","2019-11-21T12:00:00Z",-13.975,144.425,"0.0",0,"26.71","-0.62",0,2019-11-21,"11","2019",0,26.71,"-13.975 144.425"
"8228516","2019-11-21T12:00:00Z",-14.025,144.425,"0.0",0,"26.82","-0.56",0,2019-11-21,"11","2019",0,26.82,"-14.025 144.425"
"8229589","2019-11-21T12:00:00Z",-14.675,145.425,"0.0",0,"26.57","-0.71",0,2019-11-21,"11","2019",0,26.57,"-14.675 145.425"
"8229593","2019-11-21T12:00:00Z",-14.675,145.625,"0.0",0,"26.62","-0.5700000000000001",0,2019-11-21,"11","2019",0,26.62,"-14.675 145.625"
"8229670","2019-11-21T12:00:00Z",-14.725,145.425,"0.0",0,"26.59","-0.71",0,2019-11-21,"11","2019",0,26.59,"-14.725 145.425"
"8229752","2019-11-21T12:00:00Z",-14.775,145.475,"0.0",0,"26.59","-0.7000000000000001",0,2019-11-21,"11","2019",0,26.59,"-14.775 145.475"
"8230242","2019-11-21T12:00:00Z",-15.075,145.675,"0.0",0,"26.55","-0.64",0,2019-11-21,"11","2019",0,26.55,"-15.075 145.675"
"8262852","2019-11-28T12:00:00Z",-13.875,144.025,"0.0",0,"27.61","-0.18",0,2019-11-28,"11","2019",0,27.61,"-13.875 144.025"
"8262934","2019-11-28T12:00:00Z",-13.925,144.075,"0.0",0,"27.560000000000002","-0.21",0,2019-11-28,"11","2019",0,27.56,"-13.925 144.075"
"8262936","2019-11-28T12:00:00Z",-13.925,144.175,"0.0",0,"27.25","-0.4",0,2019-11-28,"11","2019",0,27.25,"-13.925 144.175"
"8262937","2019-11-28T12:00:00Z",-13.925,144.225,"0.0",0,"27.14","-0.46",0,2019-11-28,"11","2019",0,27.14,"-13.925 144.225"
"8263022","2019-11-28T12:00:00Z",-13.975,144.425,"0.0",0,"27.150000000000002","-0.4",0,2019-11-28,"11","2019",0,27.15,"-13.975 144.425"
"8263103","2019-11-28T12:00:00Z",-14.025,144.425,"0.0",0,"27.2","-0.4",0,2019-11-28,"11","2019",0,27.2,"-14.025 144.425"
"8264176","2019-11-28T12:00:00Z",-14.675,145.425,"0.0",0,"26.97","-0.5",0,2019-11-28,"11","2019",0,26.97,"-14.675 145.425"
"8264180","2019-11-28T12:00:00Z",-14.675,145.625,"0.0",0,"26.96","-0.44",0,2019-11-28,"11","2019",0,26.96,"-14.675 145.625"
"8264257","2019-11-28T12:00:00Z",-14.725,145.425,"0.0",0,"27.04","-0.45",0,2019-11-28,"11","2019",0,27.04,"-14.725 145.425"
"8264339","2019-11-28T12:00:00Z",-14.775,145.475,"0.0",0,"27.03","-0.44",0,2019-11-28,"11","2019",0,27.03,"-14.775 145.475"
"8264829","2019-11-28T12:00:00Z",-15.075,145.675,"0.0",0,"26.98","-0.4",0,2019-11-28,"11","2019",0,26.98,"-15.075 145.675"
"8297439","2019-12-05T12:00:00Z",-13.875,144.025,"0.0",0,"28.400000000000002","0.39",0,2019-12-05,"12","2019",0,28.4,"-13.875 144.025"
"8297521","2019-12-05T12:00:00Z",-13.925,144.075,"0.0",0,"28.39","0.4",0,2019-12-05,"12","2019",0,28.39,"-13.925 144.075"
"8297523","2019-12-05T12:00:00Z",-13.925,144.175,"0.0",0,"28.26","0.39",0,2019-12-05,"12","2019",0,28.26,"-13.925 144.175"
"8297524","2019-12-05T12:00:00Z",-13.925,144.225,"0.0",0,"28.2","0.38",0,2019-12-05,"12","2019",0,28.2,"-13.925 144.225"
"8297609","2019-12-05T12:00:00Z",-13.975,144.425,"0.0",0,"28.11","0.34",0,2019-12-05,"12","2019",0,28.11,"-13.975 144.425"
"8297690","2019-12-05T12:00:00Z",-14.025,144.425,"0.0",0,"28.16","0.35000000000000003",0,2019-12-05,"12","2019",0,28.16,"-14.025 144.425"
"8298763","2019-12-05T12:00:00Z",-14.675,145.425,"0.0",0,"28.12","0.46",0,2019-12-05,"12","2019",0,28.12,"-14.675 145.425"
"8298767","2019-12-05T12:00:00Z",-14.675,145.625,"0.0",0,"27.93","0.33",0,2019-12-05,"12","2019",0,27.93,"-14.675 145.625"
"8298844","2019-12-05T12:00:00Z",-14.725,145.425,"0.0",0,"28.16","0.49",0,2019-12-05,"12","2019",0,28.16,"-14.725 145.425"
"8298926","2019-12-05T12:00:00Z",-14.775,145.475,"0.0",0,"28.1","0.44",0,2019-12-05,"12","2019",0,28.1,"-14.775 145.475"
"8299416","2019-12-05T12:00:00Z",-15.075,145.675,"0.0",0,"27.68","0.12",0,2019-12-05,"12","2019",0,27.68,"-15.075 145.675"
"8332026","2019-12-12T12:00:00Z",-13.875,144.025,"0.0",0,"28.46","0.23",0,2019-12-12,"12","2019",0,28.46,"-13.875 144.025"
"8332108","2019-12-12T12:00:00Z",-13.925,144.075,"0.0",0,"28.44","0.23",0,2019-12-12,"12","2019",0,28.44,"-13.925 144.075"
"8332110","2019-12-12T12:00:00Z",-13.925,144.175,"0.0",0,"28.29","0.2",0,2019-12-12,"12","2019",0,28.29,"-13.925 144.175"
"8332111","2019-12-12T12:00:00Z",-13.925,144.225,"0.0",0,"28.25","0.21",0,2019-12-12,"12","2019",0,28.25,"-13.925 144.225"
"8332196","2019-12-12T12:00:00Z",-13.975,144.425,"0.0",0,"28.28","0.29",0,2019-12-12,"12","2019",0,28.28,"-13.975 144.425"
"8332277","2019-12-12T12:00:00Z",-14.025,144.425,"0.0",0,"28.36","0.33",0,2019-12-12,"12","2019",0,28.36,"-14.025 144.425"
"8333350","2019-12-12T12:00:00Z",-14.675,145.425,"0.0",0,"27.86","0.01",0,2019-12-12,"12","2019",0,27.86,"-14.675 145.425"
"8333354","2019-12-12T12:00:00Z",-14.675,145.625,"0.0",0,"27.86","0.06",0,2019-12-12,"12","2019",0,27.86,"-14.675 145.625"
"8333431","2019-12-12T12:00:00Z",-14.725,145.425,"0.0",0,"27.830000000000002","-0.03",0,2019-12-12,"12","2019",0,27.83,"-14.725 145.425"
"8333513","2019-12-12T12:00:00Z",-14.775,145.475,"0.0",0,"27.79","-0.05",0,2019-12-12,"12","2019",0,27.79,"-14.775 145.475"
"8334003","2019-12-12T12:00:00Z",-15.075,145.675,"0.0",0,"27.900000000000002","0.15",0,2019-12-12,"12","2019",0,27.9,"-15.075 145.675"
"8366613","2019-12-19T12:00:00Z",-13.875,144.025,"0.0",0,"28.63","0.26",0,2019-12-19,"12","2019",0,28.63,"-13.875 144.025"
"8366695","2019-12-19T12:00:00Z",-13.925,144.075,"0.0",0,"28.61","0.25",0,2019-12-19,"12","2019",0,28.61,"-13.925 144.075"
"8366697","2019-12-19T12:00:00Z",-13.925,144.175,"0.0",0,"28.48","0.24",0,2019-12-19,"12","2019",0,28.48,"-13.925 144.175"
"8366698","2019-12-19T12:00:00Z",-13.925,144.225,"0.0",0,"28.44","0.25",0,2019-12-19,"12","2019",0,28.44,"-13.925 144.225"
"8366783","2019-12-19T12:00:00Z",-13.975,144.425,"0.0",0,"28.400000000000002","0.26",0,2019-12-19,"12","2019",0,28.4,"-13.975 144.425"
"8366864","2019-12-19T12:00:00Z",-14.025,144.425,"0.0",0,"28.42","0.24",0,2019-12-19,"12","2019",0,28.42,"-14.025 144.425"
"8367937","2019-12-19T12:00:00Z",-14.675,145.425,"0.0",0,"27.990000000000002","-0.01",0,2019-12-19,"12","2019",0,27.99,"-14.675 145.425"
"8367941","2019-12-19T12:00:00Z",-14.675,145.625,"0.0",0,"28.060000000000002","0.1",0,2019-12-19,"12","2019",0,28.06,"-14.675 145.625"
"8368018","2019-12-19T12:00:00Z",-14.725,145.425,"0.0",0,"27.97","-0.05",0,2019-12-19,"12","2019",0,27.97,"-14.725 145.425"
"8368100","2019-12-19T12:00:00Z",-14.775,145.475,"0.0",0,"27.92","-0.08",0,2019-12-19,"12","2019",0,27.92,"-14.775 145.475"
"8368590","2019-12-19T12:00:00Z",-15.075,145.675,"0.0",0,"27.97","0.06",0,2019-12-19,"12","2019",0,27.97,"-15.075 145.675"
"8401200","2019-12-26T12:00:00Z",-13.875,144.025,"0.0",0,"28.87","0.4",0,2019-12-26,"12","2019",0,28.87,"-13.875 144.025"
"8401282","2019-12-26T12:00:00Z",-13.925,144.075,"0.0",0,"28.84","0.39",0,2019-12-26,"12","2019",0,28.84,"-13.925 144.075"
"8401284","2019-12-26T12:00:00Z",-13.925,144.175,"0.0",0,"28.72","0.38",0,2019-12-26,"12","2019",0,28.72,"-13.925 144.175"
"8401285","2019-12-26T12:00:00Z",-13.925,144.225,"0.0",0,"28.69","0.4",0,2019-12-26,"12","2019",0,28.69,"-13.925 144.225"
"8401370","2019-12-26T12:00:00Z",-13.975,144.425,"0.0",0,"28.63","0.38",0,2019-12-26,"12","2019",0,28.63,"-13.975 144.425"
"8401451","2019-12-26T12:00:00Z",-14.025,144.425,"0.0",0,"28.62","0.33",0,2019-12-26,"12","2019",0,28.62,"-14.025 144.425"
"8402524","2019-12-26T12:00:00Z",-14.675,145.425,"0.0",0,"28.37","0.23",0,2019-12-26,"12","2019",0,28.37,"-14.675 145.425"
"8402528","2019-12-26T12:00:00Z",-14.675,145.625,"0.0",0,"28.45","0.37",0,2019-12-26,"12","2019",0,28.45,"-14.675 145.625"
"8402605","2019-12-26T12:00:00Z",-14.725,145.425,"0.0",0,"28.400000000000002","0.25",0,2019-12-26,"12","2019",0,28.4,"-14.725 145.425"
"8402687","2019-12-26T12:00:00Z",-14.775,145.475,"0.0",0,"28.38","0.25",0,2019-12-26,"12","2019",0,28.38,"-14.775 145.475"
"8403177","2019-12-26T12:00:00Z",-15.075,145.675,"0.0",0,"28.400000000000002","0.35000000000000003",0,2019-12-26,"12","2019",0,28.4,"-15.075 145.675"
"8435787","2020-01-02T12:00:00Z",-13.875,144.025,"0.0",0,"29.25","0.6900000000000001",0,2020-01-02,"01","2020",0,29.25,"-13.875 144.025"
"8435869","2020-01-02T12:00:00Z",-13.925,144.075,"0.0",0,"29.19","0.64",0,2020-01-02,"01","2020",0,29.19,"-13.925 144.075"
"8435871","2020-01-02T12:00:00Z",-13.925,144.175,"0.0",0,"28.97","0.53",0,2020-01-02,"01","2020",0,28.97,"-13.925 144.175"
"8435872","2020-01-02T12:00:00Z",-13.925,144.225,"0.0",0,"28.93","0.54",0,2020-01-02,"01","2020",0,28.93,"-13.925 144.225"
"8435957","2020-01-02T12:00:00Z",-13.975,144.425,"0.0",0,"28.92","0.5700000000000001",0,2020-01-02,"01","2020",0,28.92,"-13.975 144.425"
"8436038","2020-01-02T12:00:00Z",-14.025,144.425,"0.0",0,"28.98","0.58",0,2020-01-02,"01","2020",0,28.98,"-14.025 144.425"
"8437111","2020-01-02T12:00:00Z",-14.675,145.425,"0.0",0,"28.8","0.53",0,2020-01-02,"01","2020",0,28.8,"-14.675 145.425"
"8437115","2020-01-02T12:00:00Z",-14.675,145.625,"0.0",0,"28.85","0.65",0,2020-01-02,"01","2020",0,28.85,"-14.675 145.625"
"8437192","2020-01-02T12:00:00Z",-14.725,145.425,"0.0",0,"28.79","0.51",0,2020-01-02,"01","2020",0,28.79,"-14.725 145.425"
"8437274","2020-01-02T12:00:00Z",-14.775,145.475,"0.0",0,"28.79","0.53",0,2020-01-02,"01","2020",0,28.79,"-14.775 145.475"
"8437764","2020-01-02T12:00:00Z",-15.075,145.675,"0.0",0,"28.8","0.61",0,2020-01-02,"01","2020",0,28.8,"-15.075 145.675"
"8470374","2020-01-09T12:00:00Z",-13.875,144.025,"0.0",0,"29.240000000000002","0.59",0,2020-01-09,"01","2020",0,29.24,"-13.875 144.025"
"8470456","2020-01-09T12:00:00Z",-13.925,144.075,"0.0",0,"29.240000000000002","0.59",0,2020-01-09,"01","2020",0,29.24,"-13.925 144.075"
"8470458","2020-01-09T12:00:00Z",-13.925,144.175,"0.0",0,"29.2","0.67",0,2020-01-09,"01","2020",0,29.2,"-13.925 144.175"
"8470459","2020-01-09T12:00:00Z",-13.925,144.225,"0.0",0,"29.18","0.6900000000000001",0,2020-01-09,"01","2020",0,29.18,"-13.925 144.225"
"8470544","2020-01-09T12:00:00Z",-13.975,144.425,"0.0",0,"29.19","0.73",0,2020-01-09,"01","2020",0,29.19,"-13.975 144.425"
"8470625","2020-01-09T12:00:00Z",-14.025,144.425,"0.0",0,"29.22","0.7000000000000001",0,2020-01-09,"01","2020",0,29.22,"-14.025 144.425"
"8471698","2020-01-09T12:00:00Z",-14.675,145.425,"0.0",0,"29.07","0.67",0,2020-01-09,"01","2020",0,29.07,"-14.675 145.425"
"8471702","2020-01-09T12:00:00Z",-14.675,145.625,"0.0",0,"29.080000000000002","0.76",0,2020-01-09,"01","2020",0,29.08,"-14.675 145.625"
"8471779","2020-01-09T12:00:00Z",-14.725,145.425,"0.0",0,"29.060000000000002","0.64",0,2020-01-09,"01","2020",0,29.06,"-14.725 145.425"
"8471861","2020-01-09T12:00:00Z",-14.775,145.475,"0.0",0,"29.03","0.63",0,2020-01-09,"01","2020",0,29.03,"-14.775 145.475"
"8472351","2020-01-09T12:00:00Z",-15.075,145.675,"0.0",0,"28.82","0.49",0,2020-01-09,"01","2020",0,28.82,"-15.075 145.675"
"8504961","2020-01-16T12:00:00Z",-13.875,144.025,"0.0",0,"29.650000000000002","0.92",0,2020-01-16,"01","2020",0,29.65,"-13.875 144.025"
"8505043","2020-01-16T12:00:00Z",-13.925,144.075,"0.0",0,"29.59","0.86",0,2020-01-16,"01","2020",0,29.59,"-13.925 144.075"
"8505045","2020-01-16T12:00:00Z",-13.925,144.175,"0.0",0,"29.45","0.8300000000000001",0,2020-01-16,"01","2020",0,29.45,"-13.925 144.175"
"8505046","2020-01-16T12:00:00Z",-13.925,144.225,"0.0",0,"29.41","0.8300000000000001",0,2020-01-16,"01","2020",0,29.41,"-13.925 144.225"
"8505131","2020-01-16T12:00:00Z",-13.975,144.425,"0.0",0,"29.36","0.81",0,2020-01-16,"01","2020",0,29.36,"-13.975 144.425"
"8505212","2020-01-16T12:00:00Z",-14.025,144.425,"0.0",0,"29.39","0.78",0,2020-01-16,"01","2020",0,29.39,"-14.025 144.425"
"8506285","2020-01-16T12:00:00Z",-14.675,145.425,"0.0",0,"29.1","0.59",0,2020-01-16,"01","2020",0,29.1,"-14.675 145.425"
"8506289","2020-01-16T12:00:00Z",-14.675,145.625,"0.0",0,"29.05","0.63",0,2020-01-16,"01","2020",0,29.05,"-14.675 145.625"
"8506366","2020-01-16T12:00:00Z",-14.725,145.425,"0.0",0,"29.12","0.59",0,2020-01-16,"01","2020",0,29.12,"-14.725 145.425"
"8506448","2020-01-16T12:00:00Z",-14.775,145.475,"0.0",0,"29.080000000000002","0.5700000000000001",0,2020-01-16,"01","2020",0,29.08,"-14.775 145.475"
"8506938","2020-01-16T12:00:00Z",-15.075,145.675,"0.0",0,"28.900000000000002","0.45",0,2020-01-16,"01","2020",0,28.9,"-15.075 145.675"
"8539548","2020-01-23T12:00:00Z",-13.875,144.025,"0.15",0,"29.330000000000002","0.63",0,2020-01-23,"01","2020",0.15,29.33,"-13.875 144.025"
"8539630","2020-01-23T12:00:00Z",-13.925,144.075,"0.15",0,"29.28","0.58",0,2020-01-23,"01","2020",0.15,29.28,"-13.925 144.075"
"8539632","2020-01-23T12:00:00Z",-13.925,144.175,"0.14",0,"29.240000000000002","0.63",0,2020-01-23,"01","2020",0.14,29.24,"-13.925 144.175"
"8539633","2020-01-23T12:00:00Z",-13.925,144.225,"0.29",0,"29.240000000000002","0.67",0,2020-01-23,"01","2020",0.29,29.24,"-13.925 144.225"
"8539718","2020-01-23T12:00:00Z",-13.975,144.425,"0.16",0,"29.32","0.76",0,2020-01-23,"01","2020",0.16,29.32,"-13.975 144.425"
"8539799","2020-01-23T12:00:00Z",-14.025,144.425,"0.16",0,"29.34","0.73",0,2020-01-23,"01","2020",0.16,29.34,"-14.025 144.425"
"8540872","2020-01-23T12:00:00Z",-14.675,145.425,"0.17",0,"29.76","1.23",0,2020-01-23,"01","2020",0.17,29.76,"-14.675 145.425"
"8540876","2020-01-23T12:00:00Z",-14.675,145.625,"0.17",0,"29.78","1.32",0,2020-01-23,"01","2020",0.17,29.78,"-14.675 145.625"
"8540953","2020-01-23T12:00:00Z",-14.725,145.425,"0.17",0,"29.76","1.21",0,2020-01-23,"01","2020",0.17,29.76,"-14.725 145.425"
"8541035","2020-01-23T12:00:00Z",-14.775,145.475,"0.17",0,"29.740000000000002","1.21",0,2020-01-23,"01","2020",0.17,29.74,"-14.775 145.475"
"8541525","2020-01-23T12:00:00Z",-15.075,145.675,"0.16",0,"29.69","1.2",0,2020-01-23,"01","2020",0.16,29.69,"-15.075 145.675"
"8574135","2020-01-30T12:00:00Z",-13.875,144.025,"0.3",0,"29.71","1.03",0,2020-01-30,"01","2020",0.3,29.71,"-13.875 144.025"
"8574217","2020-01-30T12:00:00Z",-13.925,144.075,"0.6",0,"29.73","1.05",0,2020-01-30,"01","2020",0.6,29.73,"-13.925 144.075"
"8574219","2020-01-30T12:00:00Z",-13.925,144.175,"0.79",0,"29.67","1.07",0,2020-01-30,"01","2020",0.79,29.67,"-13.925 144.175"
"8574220","2020-01-30T12:00:00Z",-13.925,144.225,"0.93",0,"29.64","1.07",0,2020-01-30,"01","2020",0.93,29.64,"-13.925 144.225"
"8574305","2020-01-30T12:00:00Z",-13.975,144.425,"0.3",0,"29.580000000000002","1.02",0,2020-01-30,"01","2020",0.3,29.58,"-13.975 144.425"
"8574386","2020-01-30T12:00:00Z",-14.025,144.425,"0.16",0,"29.61","1.0",0,2020-01-30,"01","2020",0.16,29.61,"-14.025 144.425"
"8575459","2020-01-30T12:00:00Z",-14.675,145.425,"1.32",0,"29.85","1.3",0,2020-01-30,"01","2020",1.32,29.85,"-14.675 145.425"
"8575463","2020-01-30T12:00:00Z",-14.675,145.625,"1.31",0,"29.72","1.23",0,2020-01-30,"01","2020",1.31,29.72,"-14.675 145.625"
"8575540","2020-01-30T12:00:00Z",-14.725,145.425,"1.35",0,"29.86","1.3",0,2020-01-30,"01","2020",1.35,29.86,"-14.725 145.425"
"8575622","2020-01-30T12:00:00Z",-14.775,145.475,"1.35",0,"29.830000000000002","1.29",0,2020-01-30,"01","2020",1.35,29.83,"-14.775 145.475"
"8576112","2020-01-30T12:00:00Z",-15.075,145.675,"1.36",0,"29.64","1.12",0,2020-01-30,"01","2020",1.36,29.64,"-15.075 145.675"
"8608722","2020-02-06T12:00:00Z",-13.875,144.025,"0.64",0,"29.96","1.31",0,2020-02-06,"02","2020",0.64,29.96,"-13.875 144.025"
"8608804","2020-02-06T12:00:00Z",-13.925,144.075,"0.9500000000000001",0,"29.97","1.31",0,2020-02-06,"02","2020",0.95,29.97,"-13.925 144.075"
"8608806","2020-02-06T12:00:00Z",-13.925,144.175,"1.44",0,"29.85","1.26",0,2020-02-06,"02","2020",1.44,29.85,"-13.925 144.175"
"8608807","2020-02-06T12:00:00Z",-13.925,144.225,"1.73",0,"29.76","1.19",0,2020-02-06,"02","2020",1.73,29.76,"-13.925 144.225"
"8608892","2020-02-06T12:00:00Z",-13.975,144.425,"1.07",0,"29.7","1.1300000000000001",0,2020-02-06,"02","2020",1.07,29.7,"-13.975 144.425"
"8608973","2020-02-06T12:00:00Z",-14.025,144.425,"0.75",0,"29.69","1.07",0,2020-02-06,"02","2020",0.75,29.69,"-14.025 144.425"
"8610046","2020-02-06T12:00:00Z",-14.675,145.425,"1.6600000000000001",0,"29.63","1.06",0,2020-02-06,"02","2020",1.66,29.63,"-14.675 145.425"
"8610050","2020-02-06T12:00:00Z",-14.675,145.625,"1.98",0,"29.69","1.17",0,2020-02-06,"02","2020",1.98,29.69,"-14.675 145.625"
"8610127","2020-02-06T12:00:00Z",-14.725,145.425,"1.68",0,"29.650000000000002","1.08",0,2020-02-06,"02","2020",1.68,29.65,"-14.725 145.425"
"8610209","2020-02-06T12:00:00Z",-14.775,145.475,"1.69",0,"29.64","1.08",0,2020-02-06,"02","2020",1.69,29.64,"-14.775 145.475"
"8610699","2020-02-06T12:00:00Z",-15.075,145.675,"1.67",0,"29.64","1.08",0,2020-02-06,"02","2020",1.67,29.64,"-15.075 145.675"
"8643309","2020-02-13T12:00:00Z",-13.875,144.025,"1.82",0,"29.98","1.35",0,2020-02-13,"02","2020",1.82,29.98,"-13.875 144.025"
"8643391","2020-02-13T12:00:00Z",-13.925,144.075,"2.17",0,"30.060000000000002","1.42",0,2020-02-13,"02","2020",2.17,30.06,"-13.925 144.075"
"8643393","2020-02-13T12:00:00Z",-13.925,144.175,"2.48",0,"29.85","1.27",0,2020-02-13,"02","2020",2.48,29.85,"-13.925 144.175"
"8643394","2020-02-13T12:00:00Z",-13.925,144.225,"2.88",0,"29.77","1.21",0,2020-02-13,"02","2020",2.88,29.77,"-13.925 144.225"
"8643479","2020-02-13T12:00:00Z",-13.975,144.425,"2.05",0,"29.57","0.99",0,2020-02-13,"02","2020",2.05,29.57,"-13.975 144.425"
"8643560","2020-02-13T12:00:00Z",-14.025,144.425,"1.87",0,"29.650000000000002","1.03",0,2020-02-13,"02","2020",1.87,29.65,"-14.025 144.425"
"8644633","2020-02-13T12:00:00Z",-14.675,145.425,"2.67",0,"29.38","0.8",0,2020-02-13,"02","2020",2.67,29.38,"-14.675 145.425"
"8644637","2020-02-13T12:00:00Z",-14.675,145.625,"3.0300000000000002",0,"29.23","0.68",0,2020-02-13,"02","2020",3.03,29.23,"-14.675 145.625"
"8644714","2020-02-13T12:00:00Z",-14.725,145.425,"2.74",0,"29.47","0.88",0,2020-02-13,"02","2020",2.74,29.47,"-14.725 145.425"
"8644796","2020-02-13T12:00:00Z",-14.775,145.475,"2.7600000000000002",0,"29.53","0.9500000000000001",0,2020-02-13,"02","2020",2.76,29.53,"-14.775 145.475"
"8645286","2020-02-13T12:00:00Z",-15.075,145.675,"2.67",0,"29.59","1.0",0,2020-02-13,"02","2020",2.67,29.59,"-15.075 145.675"
"8677896","2020-02-20T12:00:00Z",-13.875,144.025,"3.15",0,"30.05","1.49",0,2020-02-20,"02","2020",3.15,30.05,"-13.875 144.025"
"8677978","2020-02-20T12:00:00Z",-13.925,144.075,"3.54",0,"30.060000000000002","1.49",0,2020-02-20,"02","2020",3.54,30.06,"-13.925 144.075"
"8677980","2020-02-20T12:00:00Z",-13.925,144.175,"3.84",0,"29.900000000000002","1.3900000000000001",0,2020-02-20,"02","2020",3.84,29.9,"-13.925 144.175"
"8677981","2020-02-20T12:00:00Z",-13.925,144.225,"4.21",0,"29.84","1.35",0,2020-02-20,"02","2020",4.21,29.84,"-13.925 144.225"
"8678066","2020-02-20T12:00:00Z",-13.975,144.425,"3.3200000000000003",0,"29.75","1.25",0,2020-02-20,"02","2020",3.32,29.75,"-13.975 144.425"
"8678147","2020-02-20T12:00:00Z",-14.025,144.425,"3.24",0,"29.84","1.3",0,2020-02-20,"02","2020",3.24,29.84,"-14.025 144.425"
"8679220","2020-02-20T12:00:00Z",-14.675,145.425,"2.67",0,"29.5","0.99",0,2020-02-20,"02","2020",2.67,29.5,"-14.675 145.425"
"8679224","2020-02-20T12:00:00Z",-14.675,145.625,"3.5500000000000003",0,"29.76","1.27",0,2020-02-20,"02","2020",3.55,29.76,"-14.675 145.625"
"8679301","2020-02-20T12:00:00Z",-14.725,145.425,"2.74",0,"29.490000000000002","0.98",0,2020-02-20,"02","2020",2.74,29.49,"-14.725 145.425"
"8679383","2020-02-20T12:00:00Z",-14.775,145.475,"2.7600000000000002",0,"29.5","1.0",0,2020-02-20,"02","2020",2.76,29.5,"-14.775 145.475"
"8679873","2020-02-20T12:00:00Z",-15.075,145.675,"3.33",0,"29.78","1.26",0,2020-02-20,"02","2020",3.33,29.78,"-15.075 145.675"
"8712483","2020-02-27T12:00:00Z",-13.875,144.025,"3.69",0,"29.6","1.12",0,2020-02-27,"02","2020",3.69,29.6,"-13.875 144.025"
"8712565","2020-02-27T12:00:00Z",-13.925,144.075,"4.09",0,"29.67","1.19",0,2020-02-27,"02","2020",4.09,29.67,"-13.925 144.075"
"8712567","2020-02-27T12:00:00Z",-13.925,144.175,"4.39",0,"29.55","1.1300000000000001",0,2020-02-27,"02","2020",4.39,29.55,"-13.925 144.175"
"8712568","2020-02-27T12:00:00Z",-13.925,144.225,"4.76",0,"29.46","1.07",0,2020-02-27,"02","2020",4.76,29.46,"-13.925 144.225"
"8712653","2020-02-27T12:00:00Z",-13.975,144.425,"3.8200000000000003",0,"29.2","0.81",0,2020-02-27,"02","2020",3.82,29.2,"-13.975 144.425"
"8712734","2020-02-27T12:00:00Z",-14.025,144.425,"3.74",0,"29.32","0.89",0,2020-02-27,"02","2020",3.74,29.32,"-14.025 144.425"
"8713807","2020-02-27T12:00:00Z",-14.675,145.425,"3.0",0,"29.55","1.1500000000000001",0,2020-02-27,"02","2020",3,29.55,"-14.675 145.425"
"8713811","2020-02-27T12:00:00Z",-14.675,145.625,"4.63",0,"29.87","1.47",0,2020-02-27,"02","2020",4.63,29.87,"-14.675 145.625"
"8713888","2020-02-27T12:00:00Z",-14.725,145.425,"3.0700000000000003",0,"29.580000000000002","1.18",0,2020-02-27,"02","2020",3.07,29.58,"-14.725 145.425"
"8713970","2020-02-27T12:00:00Z",-14.775,145.475,"3.39",0,"29.61","1.22",0,2020-02-27,"02","2020",3.39,29.61,"-14.775 145.475"
"8714460","2020-02-27T12:00:00Z",-15.075,145.675,"4.15",0,"29.71","1.31",0,2020-02-27,"02","2020",4.15,29.71,"-15.075 145.675"
"8747070","2020-03-05T12:00:00Z",-13.875,144.025,"4.36",0,"30.13","1.74",0,2020-03-05,"03","2020",4.36,30.13,"-13.875 144.025"
"8747152","2020-03-05T12:00:00Z",-13.925,144.075,"4.76",0,"30.11","1.72",0,2020-03-05,"03","2020",4.76,30.11,"-13.925 144.075"
"8747154","2020-03-05T12:00:00Z",-13.925,144.175,"5.2",0,"29.97","1.6500000000000001",0,2020-03-05,"03","2020",5.2,29.97,"-13.925 144.175"
"8747155","2020-03-05T12:00:00Z",-13.925,144.225,"5.57",0,"29.93","1.6300000000000001",0,2020-03-05,"03","2020",5.57,29.93,"-13.925 144.225"
"8747240","2020-03-05T12:00:00Z",-13.975,144.425,"4.16",0,"29.93","1.6400000000000001",0,2020-03-05,"03","2020",4.16,29.93,"-13.975 144.425"
"8747321","2020-03-05T12:00:00Z",-14.025,144.425,"3.93",0,"29.94","1.62",0,2020-03-05,"03","2020",3.93,29.94,"-14.025 144.425"
"8748394","2020-03-05T12:00:00Z",-14.675,145.425,"3.84",0,"29.88","1.6",0,2020-03-05,"03","2020",3.84,29.88,"-14.675 145.425"
"8748398","2020-03-05T12:00:00Z",-14.675,145.625,"6.05",0,"30.0","1.7",0,2020-03-05,"03","2020",6.05,30,"-14.675 145.625"
"8748475","2020-03-05T12:00:00Z",-14.725,145.425,"3.9",0,"29.84","1.56",0,2020-03-05,"03","2020",3.9,29.84,"-14.725 145.425"
"8748557","2020-03-05T12:00:00Z",-14.775,145.475,"4.08",0,"29.8","1.52",0,2020-03-05,"03","2020",4.08,29.8,"-14.775 145.475"
"8749047","2020-03-05T12:00:00Z",-15.075,145.675,"5.38",0,"29.810000000000002","1.52",0,2020-03-05,"03","2020",5.38,29.81,"-15.075 145.675"
"8781657","2020-03-12T12:00:00Z",-13.875,144.025,"5.39",0,"29.78","1.47",0,2020-03-12,"03","2020",5.39,29.78,"-13.875 144.025"
"8781739","2020-03-12T12:00:00Z",-13.925,144.075,"5.76",0,"29.73","1.43",0,2020-03-12,"03","2020",5.76,29.73,"-13.925 144.075"
"8781741","2020-03-12T12:00:00Z",-13.925,144.175,"6.4",0,"29.7","1.47",0,2020-03-12,"03","2020",6.4,29.7,"-13.925 144.175"
"8781742","2020-03-12T12:00:00Z",-13.925,144.225,"6.8100000000000005",0,"29.71","1.51",0,2020-03-12,"03","2020",6.81,29.71,"-13.925 144.225"
"8781827","2020-03-12T12:00:00Z",-13.975,144.425,"5.49",0,"29.79","1.61",0,2020-03-12,"03","2020",5.49,29.79,"-13.975 144.425"
"8781908","2020-03-12T12:00:00Z",-14.025,144.425,"5.2",0,"29.75","1.54",0,2020-03-12,"03","2020",5.2,29.75,"-14.025 144.425"
"8782981","2020-03-12T12:00:00Z",-14.675,145.425,"5.15",0,"29.75","1.58",0,2020-03-12,"03","2020",5.15,29.75,"-14.675 145.425"
"8782985","2020-03-12T12:00:00Z",-14.675,145.625,"7.59",0,"30.0","1.79",0,2020-03-12,"03","2020",7.59,30,"-14.675 145.625"
"8783062","2020-03-12T12:00:00Z",-14.725,145.425,"5.16",0,"29.7","1.53",0,2020-03-12,"03","2020",5.16,29.7,"-14.725 145.425"
"8783144","2020-03-12T12:00:00Z",-14.775,145.475,"5.34",0,"29.71","1.54",0,2020-03-12,"03","2020",5.34,29.71,"-14.775 145.475"
"8783634","2020-03-12T12:00:00Z",-15.075,145.675,"6.72",0,"29.87","1.7",0,2020-03-12,"03","2020",6.72,29.87,"-15.075 145.675"
"8816244","2020-03-19T12:00:00Z",-13.875,144.025,"5.39",0,"28.830000000000002","0.6900000000000001",0,2020-03-19,"03","2020",5.39,28.83,"-13.875 144.025"
"8816326","2020-03-19T12:00:00Z",-13.925,144.075,"5.76",0,"28.86","0.73",0,2020-03-19,"03","2020",5.76,28.86,"-13.925 144.075"
"8816328","2020-03-19T12:00:00Z",-13.925,144.175,"6.54",0,"28.900000000000002","0.8300000000000001",0,2020-03-19,"03","2020",6.54,28.9,"-13.925 144.175"
"8816329","2020-03-19T12:00:00Z",-13.925,144.225,"7.11",0,"28.91","0.87",0,2020-03-19,"03","2020",7.11,28.91,"-13.925 144.225"
"8816414","2020-03-19T12:00:00Z",-13.975,144.425,"5.8",0,"28.93","0.91",0,2020-03-19,"03","2020",5.8,28.93,"-13.975 144.425"
"8816495","2020-03-19T12:00:00Z",-14.025,144.425,"5.3500000000000005",0,"28.900000000000002","0.85",0,2020-03-19,"03","2020",5.35,28.9,"-14.025 144.425"
"8817568","2020-03-19T12:00:00Z",-14.675,145.425,"5.3",0,"28.75","0.76",0,2020-03-19,"03","2020",5.3,28.75,"-14.675 145.425"
"8817572","2020-03-19T12:00:00Z",-14.675,145.625,"7.92",0,"28.86","0.81",0,2020-03-19,"03","2020",7.92,28.86,"-14.675 145.625"
"8817649","2020-03-19T12:00:00Z",-14.725,145.425,"5.16",0,"28.73","0.74",0,2020-03-19,"03","2020",5.16,28.73,"-14.725 145.425"
"8817731","2020-03-19T12:00:00Z",-14.775,145.475,"5.48",0,"28.73","0.74",0,2020-03-19,"03","2020",5.48,28.73,"-14.775 145.475"
"8818221","2020-03-19T12:00:00Z",-15.075,145.675,"7.0200000000000005",0,"28.86","0.86",0,2020-03-19,"03","2020",7.02,28.86,"-15.075 145.675"
"8850831","2020-03-26T12:00:00Z",-13.875,144.025,"5.39",0,"28.64","0.72",0,2020-03-26,"03","2020",5.39,28.64,"-13.875 144.025"
"8850913","2020-03-26T12:00:00Z",-13.925,144.075,"5.76",0,"28.650000000000002","0.74",0,2020-03-26,"03","2020",5.76,28.65,"-13.925 144.075"
"8850915","2020-03-26T12:00:00Z",-13.925,144.175,"6.54",0,"28.6","0.74",0,2020-03-26,"03","2020",6.54,28.6,"-13.925 144.175"
"8850916","2020-03-26T12:00:00Z",-13.925,144.225,"7.11",0,"28.57","0.73",0,2020-03-26,"03","2020",7.11,28.57,"-13.925 144.225"
"8851001","2020-03-26T12:00:00Z",-13.975,144.425,"5.8",0,"28.490000000000002","0.65",0,2020-03-26,"03","2020",5.8,28.49,"-13.975 144.425"
"8851082","2020-03-26T12:00:00Z",-14.025,144.425,"5.3500000000000005",0,"28.48","0.63",0,2020-03-26,"03","2020",5.35,28.48,"-14.025 144.425"
"8852155","2020-03-26T12:00:00Z",-14.675,145.425,"5.3",0,"28.1","0.33",0,2020-03-26,"03","2020",5.3,28.1,"-14.675 145.425"
"8852159","2020-03-26T12:00:00Z",-14.675,145.625,"7.92",0,"28.14","0.3",0,2020-03-26,"03","2020",7.92,28.14,"-14.675 145.625"
"8852236","2020-03-26T12:00:00Z",-14.725,145.425,"5.16",0,"28.080000000000002","0.31",0,2020-03-26,"03","2020",5.16,28.08,"-14.725 145.425"
"8852318","2020-03-26T12:00:00Z",-14.775,145.475,"5.48",0,"28.09","0.32",0,2020-03-26,"03","2020",5.48,28.09,"-14.775 145.475"
"8852808","2020-03-26T12:00:00Z",-15.075,145.675,"7.0200000000000005",0,"28.29","0.5",0,2020-03-26,"03","2020",7.02,28.29,"-15.075 145.675"
"8885418","2020-04-02T12:00:00Z",-13.875,144.025,"5.39",0,"28.25","0.55",0,2020-04-02,"04","2020",5.39,28.25,"-13.875 144.025"
"8885500","2020-04-02T12:00:00Z",-13.925,144.075,"5.76",0,"28.25","0.56",0,2020-04-02,"04","2020",5.76,28.25,"-13.925 144.075"
"8885502","2020-04-02T12:00:00Z",-13.925,144.175,"6.54",0,"28.21","0.5700000000000001",0,2020-04-02,"04","2020",6.54,28.21,"-13.925 144.175"
"8885503","2020-04-02T12:00:00Z",-13.925,144.225,"7.11",0,"28.21","0.58",0,2020-04-02,"04","2020",7.11,28.21,"-13.925 144.225"
"8885588","2020-04-02T12:00:00Z",-13.975,144.425,"5.8",0,"28.2","0.55",0,2020-04-02,"04","2020",5.8,28.2,"-13.975 144.425"
"8885669","2020-04-02T12:00:00Z",-14.025,144.425,"5.3500000000000005",0,"28.14","0.49",0,2020-04-02,"04","2020",5.35,28.14,"-14.025 144.425"
"8886742","2020-04-02T12:00:00Z",-14.675,145.425,"5.3",0,"28.13","0.58",0,2020-04-02,"04","2020",5.3,28.13,"-14.675 145.425"
"8886746","2020-04-02T12:00:00Z",-14.675,145.625,"7.92",0,"28.21","0.59",0,2020-04-02,"04","2020",7.92,28.21,"-14.675 145.625"
"8886823","2020-04-02T12:00:00Z",-14.725,145.425,"5.16",0,"28.11","0.5700000000000001",0,2020-04-02,"04","2020",5.16,28.11,"-14.725 145.425"
"8886905","2020-04-02T12:00:00Z",-14.775,145.475,"5.48",0,"28.16","0.61",0,2020-04-02,"04","2020",5.48,28.16,"-14.775 145.475"
"8887395","2020-04-02T12:00:00Z",-15.075,145.675,"7.0200000000000005",0,"28.18","0.59",0,2020-04-02,"04","2020",7.02,28.18,"-15.075 145.675"
"8920005","2020-04-09T12:00:00Z",-13.875,144.025,"5.39",0,"28.240000000000002","0.76",0,2020-04-09,"04","2020",5.39,28.24,"-13.875 144.025"
"8920087","2020-04-09T12:00:00Z",-13.925,144.075,"5.76",0,"28.17","0.7000000000000001",0,2020-04-09,"04","2020",5.76,28.17,"-13.925 144.075"
"8920089","2020-04-09T12:00:00Z",-13.925,144.175,"6.54",0,"28.0","0.5700000000000001",0,2020-04-09,"04","2020",6.54,28,"-13.925 144.175"
"8920090","2020-04-09T12:00:00Z",-13.925,144.225,"7.11",0,"27.96","0.53",0,2020-04-09,"04","2020",7.11,27.96,"-13.925 144.225"
"8920175","2020-04-09T12:00:00Z",-13.975,144.425,"5.8",0,"28.080000000000002","0.62",0,2020-04-09,"04","2020",5.8,28.08,"-13.975 144.425"
"8920256","2020-04-09T12:00:00Z",-14.025,144.425,"5.3500000000000005",0,"28.060000000000002","0.61",0,2020-04-09,"04","2020",5.35,28.06,"-14.025 144.425"
"8921329","2020-04-09T12:00:00Z",-14.675,145.425,"5.3",0,"28.150000000000002","0.8300000000000001",0,2020-04-09,"04","2020",5.3,28.15,"-14.675 145.425"
"8921333","2020-04-09T12:00:00Z",-14.675,145.625,"7.92",0,"28.16","0.75",0,2020-04-09,"04","2020",7.92,28.16,"-14.675 145.625"
"8921410","2020-04-09T12:00:00Z",-14.725,145.425,"5.16",0,"28.12","0.81",0,2020-04-09,"04","2020",5.16,28.12,"-14.725 145.425"
"8921492","2020-04-09T12:00:00Z",-14.775,145.475,"5.48",0,"28.11","0.79",0,2020-04-09,"04","2020",5.48,28.11,"-14.775 145.475"
"8921982","2020-04-09T12:00:00Z",-15.075,145.675,"7.0200000000000005",0,"28.12","0.74",0,2020-04-09,"04","2020",7.02,28.12,"-15.075 145.675"
"8954592","2020-04-16T12:00:00Z",-13.875,144.025,"5.24",0,"28.13","0.88",0,2020-04-16,"04","2020",5.24,28.13,"-13.875 144.025"
"8954674","2020-04-16T12:00:00Z",-13.925,144.075,"5.61",0,"28.13","0.89",0,2020-04-16,"04","2020",5.61,28.13,"-13.925 144.075"
"8954676","2020-04-16T12:00:00Z",-13.925,144.175,"6.4",0,"28.080000000000002","0.87",0,2020-04-16,"04","2020",6.4,28.08,"-13.925 144.175"
"8954677","2020-04-16T12:00:00Z",-13.925,144.225,"6.82",0,"28.080000000000002","0.87",0,2020-04-16,"04","2020",6.82,28.08,"-13.925 144.225"
"8954762","2020-04-16T12:00:00Z",-13.975,144.425,"5.64",0,"28.080000000000002","0.8200000000000001",0,2020-04-16,"04","2020",5.64,28.08,"-13.975 144.425"
"8954843","2020-04-16T12:00:00Z",-14.025,144.425,"5.19",0,"28.04","0.8",0,2020-04-16,"04","2020",5.19,28.04,"-14.025 144.425"
"8955916","2020-04-16T12:00:00Z",-14.675,145.425,"5.13",0,"28.09","1.0",0,2020-04-16,"04","2020",5.13,28.09,"-14.675 145.425"
"8955920","2020-04-16T12:00:00Z",-14.675,145.625,"7.75",0,"28.16","0.97",0,2020-04-16,"04","2020",7.75,28.16,"-14.675 145.625"
"8955997","2020-04-16T12:00:00Z",-14.725,145.425,"4.99",0,"28.07","0.99",0,2020-04-16,"04","2020",4.99,28.07,"-14.725 145.425"
"8956079","2020-04-16T12:00:00Z",-14.775,145.475,"5.32",0,"28.1","1.01",0,2020-04-16,"04","2020",5.32,28.1,"-14.775 145.475"
"8956569","2020-04-16T12:00:00Z",-15.075,145.675,"6.86",0,"28.09","0.93",0,2020-04-16,"04","2020",6.86,28.09,"-15.075 145.675"
"8989179","2020-04-23T12:00:00Z",-13.875,144.025,"5.09",0,"28.2","1.24",0,2020-04-23,"04","2020",5.09,28.2,"-13.875 144.025"
"8989261","2020-04-23T12:00:00Z",-13.925,144.075,"5.16",0,"28.16","1.21",0,2020-04-23,"04","2020",5.16,28.16,"-13.925 144.075"
"8989263","2020-04-23T12:00:00Z",-13.925,144.175,"5.75",0,"28.03","1.11",0,2020-04-23,"04","2020",5.75,28.03,"-13.925 144.175"
"8989264","2020-04-23T12:00:00Z",-13.925,144.225,"6.18",0,"28.0","1.08",0,2020-04-23,"04","2020",6.18,28,"-13.925 144.225"
"8989349","2020-04-23T12:00:00Z",-13.975,144.425,"5.5",0,"28.09","1.1300000000000001",0,2020-04-23,"04","2020",5.5,28.09,"-13.975 144.425"
"8989430","2020-04-23T12:00:00Z",-14.025,144.425,"5.19",0,"28.060000000000002","1.12",0,2020-04-23,"04","2020",5.19,28.06,"-14.025 144.425"
"8990503","2020-04-23T12:00:00Z",-14.675,145.425,"3.98",0,"28.02","1.23",0,2020-04-23,"04","2020",3.98,28.02,"-14.675 145.425"
"8990507","2020-04-23T12:00:00Z",-14.675,145.625,"6.61",0,"28.150000000000002","1.22",0,2020-04-23,"04","2020",6.61,28.15,"-14.675 145.625"
"8990584","2020-04-23T12:00:00Z",-14.725,145.425,"3.8200000000000003",0,"28.01","1.24",0,2020-04-23,"04","2020",3.82,28.01,"-14.725 145.425"
"8990666","2020-04-23T12:00:00Z",-14.775,145.475,"4.13",0,"28.03","1.24",0,2020-04-23,"04","2020",4.13,28.03,"-14.775 145.475"
"8991156","2020-04-23T12:00:00Z",-15.075,145.675,"5.65",0,"28.01","1.11",0,2020-04-23,"04","2020",5.65,28.01,"-15.075 145.675"
"9023766","2020-04-30T12:00:00Z",-13.875,144.025,"4.74",0,"27.92","1.25",0,2020-04-30,"04","2020",4.74,27.92,"-13.875 144.025"
"9023848","2020-04-30T12:00:00Z",-13.925,144.075,"4.8100000000000005",0,"27.86","1.2",0,2020-04-30,"04","2020",4.81,27.86,"-13.925 144.075"
"9023850","2020-04-30T12:00:00Z",-13.925,144.175,"5.1000000000000005",0,"27.87","1.24",0,2020-04-30,"04","2020",5.1,27.87,"-13.925 144.175"
"9023851","2020-04-30T12:00:00Z",-13.925,144.225,"5.38",0,"27.94","1.31",0,2020-04-30,"04","2020",5.38,27.94,"-13.925 144.225"
"9023936","2020-04-30T12:00:00Z",-13.975,144.425,"4.73",0,"28.07","1.4000000000000001",0,2020-04-30,"04","2020",4.73,28.07,"-13.975 144.425"
"9024017","2020-04-30T12:00:00Z",-14.025,144.425,"4.6000000000000005",0,"27.97","1.33",0,2020-04-30,"04","2020",4.6,27.97,"-14.025 144.425"
"9025090","2020-04-30T12:00:00Z",-14.675,145.425,"3.64",0,"27.7","1.21",0,2020-04-30,"04","2020",3.64,27.7,"-14.675 145.425"
"9025094","2020-04-30T12:00:00Z",-14.675,145.625,"5.95",0,"27.89","1.23",0,2020-04-30,"04","2020",5.95,27.89,"-14.675 145.625"
"9025171","2020-04-30T12:00:00Z",-14.725,145.425,"3.48",0,"27.67","1.2",0,2020-04-30,"04","2020",3.48,27.67,"-14.725 145.425"
"9025253","2020-04-30T12:00:00Z",-14.775,145.475,"3.79",0,"27.7","1.21",0,2020-04-30,"04","2020",3.79,27.7,"-14.775 145.475"
"9025743","2020-04-30T12:00:00Z",-15.075,145.675,"5.3500000000000005",0,"27.78","1.1500000000000001",0,2020-04-30,"04","2020",5.35,27.78,"-15.075 145.675"
"9058353","2020-05-07T12:00:00Z",-13.875,144.025,"3.5700000000000003",0,"26.85","0.47000000000000003",0,2020-05-07,"05","2020",3.57,26.85,"-13.875 144.025"
"9058435","2020-05-07T12:00:00Z",-13.925,144.075,"3.59",0,"26.79","0.42",0,2020-05-07,"05","2020",3.59,26.79,"-13.925 144.075"
"9058437","2020-05-07T12:00:00Z",-13.925,144.175,"4.0600000000000005",0,"26.8","0.46",0,2020-05-07,"05","2020",4.06,26.8,"-13.925 144.175"
"9058438","2020-05-07T12:00:00Z",-13.925,144.225,"4.23",0,"26.85","0.5",0,2020-05-07,"05","2020",4.23,26.85,"-13.925 144.225"
"9058523","2020-05-07T12:00:00Z",-13.975,144.425,"3.75",0,"27.04","0.66",0,2020-05-07,"05","2020",3.75,27.04,"-13.975 144.425"
"9058604","2020-05-07T12:00:00Z",-14.025,144.425,"3.48",0,"26.88","0.54",0,2020-05-07,"05","2020",3.48,26.88,"-14.025 144.425"
"9059677","2020-05-07T12:00:00Z",-14.675,145.425,"2.63",0,"26.92","0.72",0,2020-05-07,"05","2020",2.63,26.92,"-14.675 145.425"
"9059681","2020-05-07T12:00:00Z",-14.675,145.625,"4.89",0,"27.27","0.88",0,2020-05-07,"05","2020",4.89,27.27,"-14.675 145.625"
"9059758","2020-05-07T12:00:00Z",-14.725,145.425,"2.42",0,"26.900000000000002","0.73",0,2020-05-07,"05","2020",2.42,26.9,"-14.725 145.425"
"9059840","2020-05-07T12:00:00Z",-14.775,145.475,"2.73",0,"26.990000000000002","0.8",0,2020-05-07,"05","2020",2.73,26.99,"-14.775 145.475"
"9060330","2020-05-07T12:00:00Z",-15.075,145.675,"4.34",0,"27.38","1.01",0,2020-05-07,"05","2020",4.34,27.38,"-15.075 145.675"
"9092940","2020-05-14T12:00:00Z",-13.875,144.025,"2.24",0,"26.42","0.33",0,2020-05-14,"05","2020",2.24,26.42,"-13.875 144.025"
"9093022","2020-05-14T12:00:00Z",-13.925,144.075,"2.22",0,"26.34","0.26",0,2020-05-14,"05","2020",2.22,26.34,"-13.925 144.075"
"9093024","2020-05-14T12:00:00Z",-13.925,144.175,"2.7",0,"26.43","0.38",0,2020-05-14,"05","2020",2.7,26.43,"-13.925 144.175"
"9093025","2020-05-14T12:00:00Z",-13.925,144.225,"2.89",0,"26.52","0.46",0,2020-05-14,"05","2020",2.89,26.52,"-13.925 144.225"
"9093110","2020-05-14T12:00:00Z",-13.975,144.425,"2.49",0,"26.62","0.54",0,2020-05-14,"05","2020",2.49,26.62,"-13.975 144.425"
"9093191","2020-05-14T12:00:00Z",-14.025,144.425,"2.11",0,"26.47","0.43",0,2020-05-14,"05","2020",2.11,26.47,"-14.025 144.425"
"9094264","2020-05-14T12:00:00Z",-14.675,145.425,"2.63",0,"26.63","0.73",0,2020-05-14,"05","2020",2.63,26.63,"-14.675 145.425"
"9094268","2020-05-14T12:00:00Z",-14.675,145.625,"4.38",0,"26.95","0.8200000000000001",0,2020-05-14,"05","2020",4.38,26.95,"-14.675 145.625"
"9094345","2020-05-14T12:00:00Z",-14.725,145.425,"2.42",0,"26.62","0.76",0,2020-05-14,"05","2020",2.42,26.62,"-14.725 145.425"
"9094427","2020-05-14T12:00:00Z",-14.775,145.475,"2.73",0,"26.7","0.81",0,2020-05-14,"05","2020",2.73,26.7,"-14.775 145.475"
"9094917","2020-05-14T12:00:00Z",-15.075,145.675,"3.69",0,"26.95","0.84",0,2020-05-14,"05","2020",3.69,26.95,"-15.075 145.675"
"9127527","2020-05-21T12:00:00Z",-13.875,144.025,"1.7",0,"26.1","0.33",0,2020-05-21,"05","2020",1.7,26.1,"-13.875 144.025"
"9127609","2020-05-21T12:00:00Z",-13.925,144.075,"1.68",0,"26.060000000000002","0.31",0,2020-05-21,"05","2020",1.68,26.06,"-13.925 144.075"
"9127611","2020-05-21T12:00:00Z",-13.925,144.175,"2.15",0,"26.14","0.41000000000000003",0,2020-05-21,"05","2020",2.15,26.14,"-13.925 144.175"
"9127612","2020-05-21T12:00:00Z",-13.925,144.225,"2.35",0,"26.22","0.47000000000000003",0,2020-05-21,"05","2020",2.35,26.22,"-13.925 144.225"
"9127697","2020-05-21T12:00:00Z",-13.975,144.425,"1.98",0,"26.36","0.58",0,2020-05-21,"05","2020",1.98,26.36,"-13.975 144.425"
"9127778","2020-05-21T12:00:00Z",-14.025,144.425,"1.61",0,"26.21","0.49",0,2020-05-21,"05","2020",1.61,26.21,"-14.025 144.425"
"9128851","2020-05-21T12:00:00Z",-14.675,145.425,"2.3000000000000003",0,"26.28","0.6900000000000001",0,2020-05-21,"05","2020",2.3,26.28,"-14.675 145.425"
"9128855","2020-05-21T12:00:00Z",-14.675,145.625,"3.29",0,"26.580000000000002","0.72",0,2020-05-21,"05","2020",3.29,26.58,"-14.675 145.625"
"9128932","2020-05-21T12:00:00Z",-14.725,145.425,"2.09",0,"26.23","0.68",0,2020-05-21,"05","2020",2.09,26.23,"-14.725 145.425"
"9129014","2020-05-21T12:00:00Z",-14.775,145.475,"2.09",0,"26.29","0.71",0,2020-05-21,"05","2020",2.09,26.29,"-14.775 145.475"
"9129504","2020-05-21T12:00:00Z",-15.075,145.675,"2.86",0,"26.41","0.6",0,2020-05-21,"05","2020",2.86,26.41,"-15.075 145.675"
"9162114","2020-05-28T12:00:00Z",-13.875,144.025,"1.02",0,"25.46","0.02",0,2020-05-28,"05","2020",1.02,25.46,"-13.875 144.025"
"9162196","2020-05-28T12:00:00Z",-13.925,144.075,"1.0",0,"25.37","-0.05",0,2020-05-28,"05","2020",1,25.37,"-13.925 144.075"
"9162198","2020-05-28T12:00:00Z",-13.925,144.175,"1.34",0,"25.53","0.12",0,2020-05-28,"05","2020",1.34,25.53,"-13.925 144.175"
"9162199","2020-05-28T12:00:00Z",-13.925,144.225,"1.54",0,"25.650000000000002","0.23",0,2020-05-28,"05","2020",1.54,25.65,"-13.925 144.225"
"9162284","2020-05-28T12:00:00Z",-13.975,144.425,"1.6500000000000001",0,"25.86","0.39",0,2020-05-28,"05","2020",1.65,25.86,"-13.975 144.425"
"9162365","2020-05-28T12:00:00Z",-14.025,144.425,"1.42",0,"25.66","0.27",0,2020-05-28,"05","2020",1.42,25.66,"-14.025 144.425"
"9163438","2020-05-28T12:00:00Z",-14.675,145.425,"1.46",0,"25.44","0.17",0,2020-05-28,"05","2020",1.46,25.44,"-14.675 145.425"
"9163442","2020-05-28T12:00:00Z",-14.675,145.625,"1.87",0,"25.77","0.17",0,2020-05-28,"05","2020",1.87,25.77,"-14.675 145.625"
"9163519","2020-05-28T12:00:00Z",-14.725,145.425,"1.26",0,"25.400000000000002","0.17",0,2020-05-28,"05","2020",1.26,25.4,"-14.725 145.425"
"9163601","2020-05-28T12:00:00Z",-14.775,145.475,"1.4000000000000001",0,"25.5","0.22",0,2020-05-28,"05","2020",1.4,25.5,"-14.775 145.475"
"9164091","2020-05-28T12:00:00Z",-15.075,145.675,"1.6300000000000001",0,"25.96","0.44",0,2020-05-28,"05","2020",1.63,25.96,"-15.075 145.675"
"9196701","2020-06-04T12:00:00Z",-13.875,144.025,"0.0",0,"25.21","0.1",0,2020-06-04,"06","2020",0,25.21,"-13.875 144.025"
"9196783","2020-06-04T12:00:00Z",-13.925,144.075,"0.0",0,"25.17","0.08",0,2020-06-04,"06","2020",0,25.17,"-13.925 144.075"
"9196785","2020-06-04T12:00:00Z",-13.925,144.175,"0.14",0,"25.25","0.17",0,2020-06-04,"06","2020",0.14,25.25,"-13.925 144.175"
"9196786","2020-06-04T12:00:00Z",-13.925,144.225,"0.29",0,"25.310000000000002","0.21",0,2020-06-04,"06","2020",0.29,25.31,"-13.925 144.225"
"9196871","2020-06-04T12:00:00Z",-13.975,144.425,"0.31",0,"25.35","0.18",0,2020-06-04,"06","2020",0.31,25.35,"-13.975 144.425"
"9196952","2020-06-04T12:00:00Z",-14.025,144.425,"0.15",0,"25.23","0.17",0,2020-06-04,"06","2020",0.15,25.23,"-14.025 144.425"
"9198025","2020-06-04T12:00:00Z",-14.675,145.425,"0.15",0,"25.18","0.23",0,2020-06-04,"06","2020",0.15,25.18,"-14.675 145.425"
"9198029","2020-06-04T12:00:00Z",-14.675,145.625,"0.33",0,"25.77","0.44",0,2020-06-04,"06","2020",0.33,25.77,"-14.675 145.625"
"9198106","2020-06-04T12:00:00Z",-14.725,145.425,"0.0",0,"25.09","0.18",0,2020-06-04,"06","2020",0,25.09,"-14.725 145.425"
"9198188","2020-06-04T12:00:00Z",-14.775,145.475,"0.14",0,"25.2","0.23",0,2020-06-04,"06","2020",0.14,25.2,"-14.775 145.475"
"9198678","2020-06-04T12:00:00Z",-15.075,145.675,"0.3",0,"25.68","0.46",0,2020-06-04,"06","2020",0.3,25.68,"-15.075 145.675"
"9231288","2020-06-11T12:00:00Z",-13.875,144.025,"0.0",0,"25.11","0.33",0,2020-06-11,"06","2020",0,25.11,"-13.875 144.025"
"9231370","2020-06-11T12:00:00Z",-13.925,144.075,"0.0",0,"25.03","0.28",0,2020-06-11,"06","2020",0,25.03,"-13.925 144.075"
"9231372","2020-06-11T12:00:00Z",-13.925,144.175,"0.0",0,"25.16","0.4",0,2020-06-11,"06","2020",0,25.16,"-13.925 144.175"
"9231373","2020-06-11T12:00:00Z",-13.925,144.225,"0.0",0,"25.25","0.47000000000000003",0,2020-06-11,"06","2020",0,25.25,"-13.925 144.225"
"9231458","2020-06-11T12:00:00Z",-13.975,144.425,"0.0",0,"25.45","0.59",0,2020-06-11,"06","2020",0,25.45,"-13.975 144.425"
"9231539","2020-06-11T12:00:00Z",-14.025,144.425,"0.0",0,"25.330000000000002","0.59",0,2020-06-11,"06","2020",0,25.33,"-14.025 144.425"
"9232612","2020-06-11T12:00:00Z",-14.675,145.425,"0.0",0,"25.150000000000002","0.52",0,2020-06-11,"06","2020",0,25.15,"-14.675 145.425"
"9232616","2020-06-11T12:00:00Z",-14.675,145.625,"0.0",0,"25.59","0.53",0,2020-06-11,"06","2020",0,25.59,"-14.675 145.625"
"9232693","2020-06-11T12:00:00Z",-14.725,145.425,"0.0",0,"25.05","0.46",0,2020-06-11,"06","2020",0,25.05,"-14.725 145.425"
"9232775","2020-06-11T12:00:00Z",-14.775,145.475,"0.0",0,"25.12","0.46",0,2020-06-11,"06","2020",0,25.12,"-14.775 145.475"
"9233265","2020-06-11T12:00:00Z",-15.075,145.675,"0.0",0,"25.42","0.5",0,2020-06-11,"06","2020",0,25.42,"-15.075 145.675"
"9265875","2020-06-18T12:00:00Z",-13.875,144.025,"0.0",0,"25.1","0.59",0,2020-06-18,"06","2020",0,25.1,"-13.875 144.025"
"9265957","2020-06-18T12:00:00Z",-13.925,144.075,"0.0",0,"25.07","0.59",0,2020-06-18,"06","2020",0,25.07,"-13.925 144.075"
"9265959","2020-06-18T12:00:00Z",-13.925,144.175,"0.0",0,"25.12","0.62",0,2020-06-18,"06","2020",0,25.12,"-13.925 144.175"
"9265960","2020-06-18T12:00:00Z",-13.925,144.225,"0.0",0,"25.2","0.67",0,2020-06-18,"06","2020",0,25.2,"-13.925 144.225"
"9266045","2020-06-18T12:00:00Z",-13.975,144.425,"0.0",0,"25.32","0.6900000000000001",0,2020-06-18,"06","2020",0,25.32,"-13.975 144.425"
"9266126","2020-06-18T12:00:00Z",-14.025,144.425,"0.0",0,"25.16","0.67",0,2020-06-18,"06","2020",0,25.16,"-14.025 144.425"
"9267199","2020-06-18T12:00:00Z",-14.675,145.425,"0.0",0,"25.09","0.71",0,2020-06-18,"06","2020",0,25.09,"-14.675 145.425"
"9267203","2020-06-18T12:00:00Z",-14.675,145.625,"0.0",0,"25.46","0.62",0,2020-06-18,"06","2020",0,25.46,"-14.675 145.625"
"9267280","2020-06-18T12:00:00Z",-14.725,145.425,"0.0",0,"25.03","0.6900000000000001",0,2020-06-18,"06","2020",0,25.03,"-14.725 145.425"
"9267362","2020-06-18T12:00:00Z",-14.775,145.475,"0.0",0,"25.1","0.6900000000000001",0,2020-06-18,"06","2020",0,25.1,"-14.775 145.475"
"9267852","2020-06-18T12:00:00Z",-15.075,145.675,"0.0",0,"25.240000000000002","0.55",0,2020-06-18,"06","2020",0,25.24,"-15.075 145.675"
"9300462","2020-06-25T12:00:00Z",-13.875,144.025,"0.0",0,"24.830000000000002","0.5",0,2020-06-25,"06","2020",0,24.83,"-13.875 144.025"
"9300544","2020-06-25T12:00:00Z",-13.925,144.075,"0.0",0,"24.76","0.46",0,2020-06-25,"06","2020",0,24.76,"-13.925 144.075"
"9300546","2020-06-25T12:00:00Z",-13.925,144.175,"0.0",0,"24.84","0.51",0,2020-06-25,"06","2020",0,24.84,"-13.925 144.175"
"9300547","2020-06-25T12:00:00Z",-13.925,144.225,"0.0",0,"24.89","0.52",0,2020-06-25,"06","2020",0,24.89,"-13.925 144.225"
"9300632","2020-06-25T12:00:00Z",-13.975,144.425,"0.0",0,"24.92","0.43",0,2020-06-25,"06","2020",0,24.92,"-13.975 144.425"
"9300713","2020-06-25T12:00:00Z",-14.025,144.425,"0.0",0,"24.79","0.45",0,2020-06-25,"06","2020",0,24.79,"-14.025 144.425"
"9301786","2020-06-25T12:00:00Z",-14.675,145.425,"0.0",0,"24.740000000000002","0.52",0,2020-06-25,"06","2020",0,24.74,"-14.675 145.425"
"9301790","2020-06-25T12:00:00Z",-14.675,145.625,"0.0",0,"25.18","0.49",0,2020-06-25,"06","2020",0,25.18,"-14.675 145.625"
"9301867","2020-06-25T12:00:00Z",-14.725,145.425,"0.0",0,"24.64","0.47000000000000003",0,2020-06-25,"06","2020",0,24.64,"-14.725 145.425"
"9301949","2020-06-25T12:00:00Z",-14.775,145.475,"0.0",0,"24.68","0.44",0,2020-06-25,"06","2020",0,24.68,"-14.775 145.475"
"9302439","2020-06-25T12:00:00Z",-15.075,145.675,"0.0",0,"24.98","0.42",0,2020-06-25,"06","2020",0,24.98,"-15.075 145.675"
"9335049","2020-07-02T12:00:00Z",-13.875,144.025,"0.0",0,"24.64","0.5",0,2020-07-02,"07","2020",0,24.64,"-13.875 144.025"
"9335131","2020-07-02T12:00:00Z",-13.925,144.075,"0.0",0,"24.61","0.49",0,2020-07-02,"07","2020",0,24.61,"-13.925 144.075"
"9335133","2020-07-02T12:00:00Z",-13.925,144.175,"0.0",0,"24.82","0.66",0,2020-07-02,"07","2020",0,24.82,"-13.925 144.175"
"9335134","2020-07-02T12:00:00Z",-13.925,144.225,"0.0",0,"24.94","0.73",0,2020-07-02,"07","2020",0,24.94,"-13.925 144.225"
"9335219","2020-07-02T12:00:00Z",-13.975,144.425,"0.0",0,"25.16","0.81",0,2020-07-02,"07","2020",0,25.16,"-13.975 144.425"
"9335300","2020-07-02T12:00:00Z",-14.025,144.425,"0.0",0,"24.96","0.76",0,2020-07-02,"07","2020",0,24.96,"-14.025 144.425"
"9336373","2020-07-02T12:00:00Z",-14.675,145.425,"0.0",0,"24.39","0.34",0,2020-07-02,"07","2020",0,24.39,"-14.675 145.425"
"9336377","2020-07-02T12:00:00Z",-14.675,145.625,"0.0",0,"25.29","0.75",0,2020-07-02,"07","2020",0,25.29,"-14.675 145.625"
"9336454","2020-07-02T12:00:00Z",-14.725,145.425,"0.0",0,"24.28","0.27",0,2020-07-02,"07","2020",0,24.28,"-14.725 145.425"
"9336536","2020-07-02T12:00:00Z",-14.775,145.475,"0.0",0,"24.400000000000002","0.32",0,2020-07-02,"07","2020",0,24.4,"-14.775 145.475"
"9337026","2020-07-02T12:00:00Z",-15.075,145.675,"0.0",0,"25.080000000000002","0.65",0,2020-07-02,"07","2020",0,25.08,"-15.075 145.675"
"9369636","2020-07-09T12:00:00Z",-13.875,144.025,"0.0",0,"24.12","0.16",0,2020-07-09,"07","2020",0,24.12,"-13.875 144.025"
"9369718","2020-07-09T12:00:00Z",-13.925,144.075,"0.0",0,"24.1","0.16",0,2020-07-09,"07","2020",0,24.1,"-13.925 144.075"
"9369720","2020-07-09T12:00:00Z",-13.925,144.175,"0.0",0,"24.34","0.35000000000000003",0,2020-07-09,"07","2020",0,24.34,"-13.925 144.175"
"9369721","2020-07-09T12:00:00Z",-13.925,144.225,"0.0",0,"24.51","0.45",0,2020-07-09,"07","2020",0,24.51,"-13.925 144.225"
"9369806","2020-07-09T12:00:00Z",-13.975,144.425,"0.0",0,"24.85","0.64",0,2020-07-09,"07","2020",0,24.85,"-13.975 144.425"
"9369887","2020-07-09T12:00:00Z",-14.025,144.425,"0.0",0,"24.63","0.58",0,2020-07-09,"07","2020",0,24.63,"-14.025 144.425"
"9370960","2020-07-09T12:00:00Z",-14.675,145.425,"0.0",0,"24.37","0.48",0,2020-07-09,"07","2020",0,24.37,"-14.675 145.425"
"9370964","2020-07-09T12:00:00Z",-14.675,145.625,"0.0",0,"25.29","0.9",0,2020-07-09,"07","2020",0,25.29,"-14.675 145.625"
"9371041","2020-07-09T12:00:00Z",-14.725,145.425,"0.0",0,"24.240000000000002","0.4",0,2020-07-09,"07","2020",0,24.24,"-14.725 145.425"
"9371123","2020-07-09T12:00:00Z",-14.775,145.475,"0.0",0,"24.38","0.47000000000000003",0,2020-07-09,"07","2020",0,24.38,"-14.775 145.475"
"9371613","2020-07-09T12:00:00Z",-15.075,145.675,"0.0",0,"25.22","0.93",0,2020-07-09,"07","2020",0,25.22,"-15.075 145.675"
"9404223","2020-07-16T12:00:00Z",-13.875,144.025,"0.0",0,"24.16","0.36",0,2020-07-16,"07","2020",0,24.16,"-13.875 144.025"
"9404305","2020-07-16T12:00:00Z",-13.925,144.075,"0.0",0,"24.1","0.32",0,2020-07-16,"07","2020",0,24.1,"-13.925 144.075"
"9404307","2020-07-16T12:00:00Z",-13.925,144.175,"0.0",0,"24.3","0.45",0,2020-07-16,"07","2020",0,24.3,"-13.925 144.175"
"9404308","2020-07-16T12:00:00Z",-13.925,144.225,"0.0",0,"24.5","0.58",0,2020-07-16,"07","2020",0,24.5,"-13.925 144.225"
"9404393","2020-07-16T12:00:00Z",-13.975,144.425,"0.0",0,"25.060000000000002","0.97",0,2020-07-16,"07","2020",0,25.06,"-13.975 144.425"
"9404474","2020-07-16T12:00:00Z",-14.025,144.425,"0.0",0,"24.75","0.8200000000000001",0,2020-07-16,"07","2020",0,24.75,"-14.025 144.425"
"9405547","2020-07-16T12:00:00Z",-14.675,145.425,"0.0",0,"24.53","0.78",0,2020-07-16,"07","2020",0,24.53,"-14.675 145.425"
"9405551","2020-07-16T12:00:00Z",-14.675,145.625,"0.0",0,"25.240000000000002","0.99",0,2020-07-16,"07","2020",0,25.24,"-14.675 145.625"
"9405628","2020-07-16T12:00:00Z",-14.725,145.425,"0.0",0,"24.42","0.72",0,2020-07-16,"07","2020",0,24.42,"-14.725 145.425"
"9405710","2020-07-16T12:00:00Z",-14.775,145.475,"0.0",0,"24.490000000000002","0.72",0,2020-07-16,"07","2020",0,24.49,"-14.775 145.475"
"9406200","2020-07-16T12:00:00Z",-15.075,145.675,"0.0",0,"25.18","1.01",0,2020-07-16,"07","2020",0,25.18,"-15.075 145.675"
"9438810","2020-07-23T12:00:00Z",-13.875,144.025,"0.0",0,"24.27","0.49",0,2020-07-23,"07","2020",0,24.27,"-13.875 144.025"
"9438892","2020-07-23T12:00:00Z",-13.925,144.075,"0.0",0,"24.240000000000002","0.48",0,2020-07-23,"07","2020",0,24.24,"-13.925 144.075"
"9438894","2020-07-23T12:00:00Z",-13.925,144.175,"0.0",0,"24.47","0.64",0,2020-07-23,"07","2020",0,24.47,"-13.925 144.175"
"9438895","2020-07-23T12:00:00Z",-13.925,144.225,"0.0",0,"24.63","0.73",0,2020-07-23,"07","2020",0,24.63,"-13.925 144.225"
"9438980","2020-07-23T12:00:00Z",-13.975,144.425,"0.0",0,"25.060000000000002","0.99",0,2020-07-23,"07","2020",0,25.06,"-13.975 144.425"
"9439061","2020-07-23T12:00:00Z",-14.025,144.425,"0.0",0,"24.810000000000002","0.9",0,2020-07-23,"07","2020",0,24.81,"-14.025 144.425"
"9440134","2020-07-23T12:00:00Z",-14.675,145.425,"0.0",0,"24.48","0.74",0,2020-07-23,"07","2020",0,24.48,"-14.675 145.425"
"9440138","2020-07-23T12:00:00Z",-14.675,145.625,"0.0",0,"25.240000000000002","1.02",0,2020-07-23,"07","2020",0,25.24,"-14.675 145.625"
"9440215","2020-07-23T12:00:00Z",-14.725,145.425,"0.0",0,"24.400000000000002","0.71",0,2020-07-23,"07","2020",0,24.4,"-14.725 145.425"
"9440297","2020-07-23T12:00:00Z",-14.775,145.475,"0.0",0,"24.54","0.78",0,2020-07-23,"07","2020",0,24.54,"-14.775 145.475"
"9440787","2020-07-23T12:00:00Z",-15.075,145.675,"0.0",0,"25.17","1.04",0,2020-07-23,"07","2020",0,25.17,"-15.075 145.675"
"9473397","2020-07-30T12:00:00Z",-13.875,144.025,"0.0",0,"24.04","0.27",0,2020-07-30,"07","2020",0,24.04,"-13.875 144.025"
"9473479","2020-07-30T12:00:00Z",-13.925,144.075,"0.0",0,"23.97","0.22",0,2020-07-30,"07","2020",0,23.97,"-13.925 144.075"
"9473481","2020-07-30T12:00:00Z",-13.925,144.175,"0.0",0,"24.11","0.29",0,2020-07-30,"07","2020",0,24.11,"-13.925 144.175"
"9473482","2020-07-30T12:00:00Z",-13.925,144.225,"0.0",0,"24.330000000000002","0.44",0,2020-07-30,"07","2020",0,24.33,"-13.925 144.225"
"9473567","2020-07-30T12:00:00Z",-13.975,144.425,"0.0",0,"24.88","0.8300000000000001",0,2020-07-30,"07","2020",0,24.88,"-13.975 144.425"
"9473648","2020-07-30T12:00:00Z",-14.025,144.425,"0.0",0,"24.560000000000002","0.66",0,2020-07-30,"07","2020",0,24.56,"-14.025 144.425"
"9474721","2020-07-30T12:00:00Z",-14.675,145.425,"0.0",0,"24.2","0.46",0,2020-07-30,"07","2020",0,24.2,"-14.675 145.425"
"9474725","2020-07-30T12:00:00Z",-14.675,145.625,"0.0",0,"24.8","0.62",0,2020-07-30,"07","2020",0,24.8,"-14.675 145.625"
"9474802","2020-07-30T12:00:00Z",-14.725,145.425,"0.0",0,"24.12","0.43",0,2020-07-30,"07","2020",0,24.12,"-14.725 145.425"
"9474884","2020-07-30T12:00:00Z",-14.775,145.475,"0.0",0,"24.23","0.48",0,2020-07-30,"07","2020",0,24.23,"-14.775 145.475"
"9475374","2020-07-30T12:00:00Z",-15.075,145.675,"0.0",0,"24.79","0.7000000000000001",0,2020-07-30,"07","2020",0,24.79,"-15.075 145.675"
"9507984","2020-08-06T12:00:00Z",-13.875,144.025,"0.0",0,"24.17","0.41000000000000003",0,2020-08-06,"08","2020",0,24.17,"-13.875 144.025"
"9508066","2020-08-06T12:00:00Z",-13.925,144.075,"0.0",0,"24.11","0.38",0,2020-08-06,"08","2020",0,24.11,"-13.925 144.075"
"9508068","2020-08-06T12:00:00Z",-13.925,144.175,"0.0",0,"24.22","0.41000000000000003",0,2020-08-06,"08","2020",0,24.22,"-13.925 144.175"
"9508069","2020-08-06T12:00:00Z",-13.925,144.225,"0.0",0,"24.310000000000002","0.44",0,2020-08-06,"08","2020",0,24.31,"-13.925 144.225"
"9508154","2020-08-06T12:00:00Z",-13.975,144.425,"0.0",0,"24.57","0.54",0,2020-08-06,"08","2020",0,24.57,"-13.975 144.425"
"9508235","2020-08-06T12:00:00Z",-14.025,144.425,"0.0",0,"24.41","0.53",0,2020-08-06,"08","2020",0,24.41,"-14.025 144.425"
"9509308","2020-08-06T12:00:00Z",-14.675,145.425,"0.0",0,"24.26","0.52",0,2020-08-06,"08","2020",0,24.26,"-14.675 145.425"
"9509312","2020-08-06T12:00:00Z",-14.675,145.625,"0.0",0,"24.72","0.58",0,2020-08-06,"08","2020",0,24.72,"-14.675 145.625"
"9509389","2020-08-06T12:00:00Z",-14.725,145.425,"0.0",0,"24.18","0.49",0,2020-08-06,"08","2020",0,24.18,"-14.725 145.425"
"9509471","2020-08-06T12:00:00Z",-14.775,145.475,"0.0",0,"24.26","0.53",0,2020-08-06,"08","2020",0,24.26,"-14.775 145.475"
"9509961","2020-08-06T12:00:00Z",-15.075,145.675,"0.0",0,"24.61","0.56",0,2020-08-06,"08","2020",0,24.61,"-15.075 145.675"
"9542571","2020-08-13T12:00:00Z",-13.875,144.025,"0.0",0,"25.01","1.27",0,2020-08-13,"08","2020",0,25.01,"-13.875 144.025"
"9542653","2020-08-13T12:00:00Z",-13.925,144.075,"0.0",0,"24.990000000000002","1.28",0,2020-08-13,"08","2020",0,24.99,"-13.925 144.075"
"9542655","2020-08-13T12:00:00Z",-13.925,144.175,"0.0",0,"24.95","1.16",0,2020-08-13,"08","2020",0,24.95,"-13.925 144.175"
"9542656","2020-08-13T12:00:00Z",-13.925,144.225,"0.0",0,"24.97","1.12",0,2020-08-13,"08","2020",0,24.97,"-13.925 144.225"
"9542741","2020-08-13T12:00:00Z",-13.975,144.425,"0.0",0,"25.1","1.09",0,2020-08-13,"08","2020",0,25.1,"-13.975 144.425"
"9542822","2020-08-13T12:00:00Z",-14.025,144.425,"0.0",0,"24.990000000000002","1.1300000000000001",0,2020-08-13,"08","2020",0,24.99,"-14.025 144.425"
"9543895","2020-08-13T12:00:00Z",-14.675,145.425,"0.0",0,"24.88","1.1500000000000001",0,2020-08-13,"08","2020",0,24.88,"-14.675 145.425"
"9543899","2020-08-13T12:00:00Z",-14.675,145.625,"0.0",0,"25.53","1.43",0,2020-08-13,"08","2020",0,25.53,"-14.675 145.625"
"9543976","2020-08-13T12:00:00Z",-14.725,145.425,"0.0",0,"24.84","1.16",0,2020-08-13,"08","2020",0,24.84,"-14.725 145.425"
"9544058","2020-08-13T12:00:00Z",-14.775,145.475,"0.0",0,"24.93","1.21",0,2020-08-13,"08","2020",0,24.93,"-14.775 145.475"
"9544548","2020-08-13T12:00:00Z",-15.075,145.675,"0.0",0,"25.580000000000002","1.58",0,2020-08-13,"08","2020",0,25.58,"-15.075 145.675"
"9577158","2020-08-20T12:00:00Z",-13.875,144.025,"0.0",0,"25.2","1.33",0,2020-08-20,"08","2020",0,25.2,"-13.875 144.025"
"9577240","2020-08-20T12:00:00Z",-13.925,144.075,"0.0",0,"25.17","1.33",0,2020-08-20,"08","2020",0,25.17,"-13.925 144.075"
"9577242","2020-08-20T12:00:00Z",-13.925,144.175,"0.0",0,"25.09","1.19",0,2020-08-20,"08","2020",0,25.09,"-13.925 144.175"
"9577243","2020-08-20T12:00:00Z",-13.925,144.225,"0.0",0,"25.07","1.11",0,2020-08-20,"08","2020",0,25.07,"-13.925 144.225"
"9577328","2020-08-20T12:00:00Z",-13.975,144.425,"0.0",0,"25.150000000000002","1.05",0,2020-08-20,"08","2020",0,25.15,"-13.975 144.425"
"9577409","2020-08-20T12:00:00Z",-14.025,144.425,"0.0",0,"25.080000000000002","1.1",0,2020-08-20,"08","2020",0,25.08,"-14.025 144.425"
"9578482","2020-08-20T12:00:00Z",-14.675,145.425,"0.0",0,"25.27","1.42",0,2020-08-20,"08","2020",0,25.27,"-14.675 145.425"
"9578486","2020-08-20T12:00:00Z",-14.675,145.625,"0.0",0,"25.57","1.3900000000000001",0,2020-08-20,"08","2020",0,25.57,"-14.675 145.625"
"9578563","2020-08-20T12:00:00Z",-14.725,145.425,"0.0",0,"25.2","1.4000000000000001",0,2020-08-20,"08","2020",0,25.2,"-14.725 145.425"
"9578645","2020-08-20T12:00:00Z",-14.775,145.475,"0.0",0,"25.2","1.36",0,2020-08-20,"08","2020",0,25.2,"-14.775 145.475"
"9579135","2020-08-20T12:00:00Z",-15.075,145.675,"0.0",0,"25.39","1.31",0,2020-08-20,"08","2020",0,25.39,"-15.075 145.675"
"9611745","2020-08-27T12:00:00Z",-13.875,144.025,"0.0",0,"24.8","0.76",0,2020-08-27,"08","2020",0,24.8,"-13.875 144.025"
"9611827","2020-08-27T12:00:00Z",-13.925,144.075,"0.0",0,"24.77","0.75",0,2020-08-27,"08","2020",0,24.77,"-13.925 144.075"
"9611829","2020-08-27T12:00:00Z",-13.925,144.175,"0.0",0,"24.89","0.8300000000000001",0,2020-08-27,"08","2020",0,24.89,"-13.925 144.175"
"9611830","2020-08-27T12:00:00Z",-13.925,144.225,"0.0",0,"24.97","0.86",0,2020-08-27,"08","2020",0,24.97,"-13.925 144.225"
"9611915","2020-08-27T12:00:00Z",-13.975,144.425,"0.0",0,"25.14","0.9",0,2020-08-27,"08","2020",0,25.14,"-13.975 144.425"
"9611996","2020-08-27T12:00:00Z",-14.025,144.425,"0.0",0,"24.97","0.8300000000000001",0,2020-08-27,"08","2020",0,24.97,"-14.025 144.425"
"9613069","2020-08-27T12:00:00Z",-14.675,145.425,"0.0",0,"24.900000000000002","0.88",0,2020-08-27,"08","2020",0,24.9,"-14.675 145.425"
"9613073","2020-08-27T12:00:00Z",-14.675,145.625,"0.0",0,"25.400000000000002","1.1",0,2020-08-27,"08","2020",0,25.4,"-14.675 145.625"
"9613150","2020-08-27T12:00:00Z",-14.725,145.425,"0.0",0,"24.85","0.88",0,2020-08-27,"08","2020",0,24.85,"-14.725 145.425"
"9613232","2020-08-27T12:00:00Z",-14.775,145.475,"0.0",0,"24.92","0.92",0,2020-08-27,"08","2020",0,24.92,"-14.775 145.475"
"9613722","2020-08-27T12:00:00Z",-15.075,145.675,"0.0",0,"25.36","1.1500000000000001",0,2020-08-27,"08","2020",0,25.36,"-15.075 145.675"
"9646332","2020-09-03T12:00:00Z",-13.875,144.025,"0.0",0,"24.72","0.5",0,2020-09-03,"09","2020",0,24.72,"-13.875 144.025"
"9646414","2020-09-03T12:00:00Z",-13.925,144.075,"0.0",0,"24.71","0.52",0,2020-09-03,"09","2020",0,24.71,"-13.925 144.075"
"9646416","2020-09-03T12:00:00Z",-13.925,144.175,"0.0",0,"24.82","0.59",0,2020-09-03,"09","2020",0,24.82,"-13.925 144.175"
"9646417","2020-09-03T12:00:00Z",-13.925,144.225,"0.0",0,"24.95","0.6900000000000001",0,2020-09-03,"09","2020",0,24.95,"-13.925 144.225"
"9646502","2020-09-03T12:00:00Z",-13.975,144.425,"0.0",0,"25.25","0.87",0,2020-09-03,"09","2020",0,25.25,"-13.975 144.425"
"9646583","2020-09-03T12:00:00Z",-14.025,144.425,"0.0",0,"25.03","0.73",0,2020-09-03,"09","2020",0,25.03,"-14.025 144.425"
"9647656","2020-09-03T12:00:00Z",-14.675,145.425,"0.0",0,"24.87","0.68",0,2020-09-03,"09","2020",0,24.87,"-14.675 145.425"
"9647660","2020-09-03T12:00:00Z",-14.675,145.625,"0.0",0,"25.36","0.93",0,2020-09-03,"09","2020",0,25.36,"-14.675 145.625"
"9647737","2020-09-03T12:00:00Z",-14.725,145.425,"0.0",0,"24.82","0.67",0,2020-09-03,"09","2020",0,24.82,"-14.725 145.425"
"9647819","2020-09-03T12:00:00Z",-14.775,145.475,"0.0",0,"24.93","0.76",0,2020-09-03,"09","2020",0,24.93,"-14.775 145.475"
"9648309","2020-09-03T12:00:00Z",-15.075,145.675,"0.0",0,"25.35","1.0",0,2020-09-03,"09","2020",0,25.35,"-15.075 145.675"
"9680919","2020-09-10T12:00:00Z",-13.875,144.025,"0.0",0,"24.79","0.4",0,2020-09-10,"09","2020",0,24.79,"-13.875 144.025"
"9681001","2020-09-10T12:00:00Z",-13.925,144.075,"0.0",0,"24.77","0.4",0,2020-09-10,"09","2020",0,24.77,"-13.925 144.075"
"9681003","2020-09-10T12:00:00Z",-13.925,144.175,"0.0",0,"24.87","0.48",0,2020-09-10,"09","2020",0,24.87,"-13.925 144.175"
"9681004","2020-09-10T12:00:00Z",-13.925,144.225,"0.0",0,"24.94","0.53",0,2020-09-10,"09","2020",0,24.94,"-13.925 144.225"
"9681089","2020-09-10T12:00:00Z",-13.975,144.425,"0.0",0,"25.060000000000002","0.54",0,2020-09-10,"09","2020",0,25.06,"-13.975 144.425"
"9681170","2020-09-10T12:00:00Z",-14.025,144.425,"0.0",0,"24.900000000000002","0.44",0,2020-09-10,"09","2020",0,24.9,"-14.025 144.425"
"9682243","2020-09-10T12:00:00Z",-14.675,145.425,"0.0",0,"24.88","0.52",0,2020-09-10,"09","2020",0,24.88,"-14.675 145.425"
"9682247","2020-09-10T12:00:00Z",-14.675,145.625,"0.0",0,"25.29","0.74",0,2020-09-10,"09","2020",0,25.29,"-14.675 145.625"
"9682324","2020-09-10T12:00:00Z",-14.725,145.425,"0.0",0,"24.830000000000002","0.51",0,2020-09-10,"09","2020",0,24.83,"-14.725 145.425"
"9682406","2020-09-10T12:00:00Z",-14.775,145.475,"0.0",0,"24.92","0.59",0,2020-09-10,"09","2020",0,24.92,"-14.775 145.475"
"9682896","2020-09-10T12:00:00Z",-15.075,145.675,"0.0",0,"25.23","0.75",0,2020-09-10,"09","2020",0,25.23,"-15.075 145.675"
"9715506","2020-09-17T12:00:00Z",-13.875,144.025,"0.0",0,"25.0","0.4",0,2020-09-17,"09","2020",0,25,"-13.875 144.025"
"9715588","2020-09-17T12:00:00Z",-13.925,144.075,"0.0",0,"24.94","0.35000000000000003",0,2020-09-17,"09","2020",0,24.94,"-13.925 144.075"
"9715590","2020-09-17T12:00:00Z",-13.925,144.175,"0.0",0,"24.990000000000002","0.41000000000000003",0,2020-09-17,"09","2020",0,24.99,"-13.925 144.175"
"9715591","2020-09-17T12:00:00Z",-13.925,144.225,"0.0",0,"25.02","0.42",0,2020-09-17,"09","2020",0,25.02,"-13.925 144.225"
"9715676","2020-09-17T12:00:00Z",-13.975,144.425,"0.0",0,"25.09","0.4",0,2020-09-17,"09","2020",0,25.09,"-13.975 144.425"
"9715757","2020-09-17T12:00:00Z",-14.025,144.425,"0.0",0,"25.01","0.35000000000000003",0,2020-09-17,"09","2020",0,25.01,"-14.025 144.425"
"9716830","2020-09-17T12:00:00Z",-14.675,145.425,"0.0",0,"24.84","0.28",0,2020-09-17,"09","2020",0,24.84,"-14.675 145.425"
"9716834","2020-09-17T12:00:00Z",-14.675,145.625,"0.0",0,"25.14","0.43",0,2020-09-17,"09","2020",0,25.14,"-14.675 145.625"
"9716911","2020-09-17T12:00:00Z",-14.725,145.425,"0.0",0,"24.78","0.26",0,2020-09-17,"09","2020",0,24.78,"-14.725 145.425"
"9716993","2020-09-17T12:00:00Z",-14.775,145.475,"0.0",0,"24.830000000000002","0.3",0,2020-09-17,"09","2020",0,24.83,"-14.775 145.475"
"9717483","2020-09-17T12:00:00Z",-15.075,145.675,"0.0",0,"25.11","0.47000000000000003",0,2020-09-17,"09","2020",0,25.11,"-15.075 145.675"
"9750093","2020-09-24T12:00:00Z",-13.875,144.025,"0.0",0,"25.57","0.67",0,2020-09-24,"09","2020",0,25.57,"-13.875 144.025"
"9750175","2020-09-24T12:00:00Z",-13.925,144.075,"0.0",0,"25.560000000000002","0.67",0,2020-09-24,"09","2020",0,25.56,"-13.925 144.075"
"9750177","2020-09-24T12:00:00Z",-13.925,144.175,"0.0",0,"25.51","0.64",0,2020-09-24,"09","2020",0,25.51,"-13.925 144.175"
"9750178","2020-09-24T12:00:00Z",-13.925,144.225,"0.0",0,"25.5","0.63",0,2020-09-24,"09","2020",0,25.5,"-13.925 144.225"
"9750263","2020-09-24T12:00:00Z",-13.975,144.425,"0.0",0,"25.54","0.59",0,2020-09-24,"09","2020",0,25.54,"-13.975 144.425"
"9750344","2020-09-24T12:00:00Z",-14.025,144.425,"0.0",0,"25.490000000000002","0.56",0,2020-09-24,"09","2020",0,25.49,"-14.025 144.425"
"9751417","2020-09-24T12:00:00Z",-14.675,145.425,"0.0",0,"25.71","0.87",0,2020-09-24,"09","2020",0,25.71,"-14.675 145.425"
"9751421","2020-09-24T12:00:00Z",-14.675,145.625,"0.0",0,"25.84","0.89",0,2020-09-24,"09","2020",0,25.84,"-14.675 145.625"
"9751498","2020-09-24T12:00:00Z",-14.725,145.425,"0.0",0,"25.650000000000002","0.8300000000000001",0,2020-09-24,"09","2020",0,25.65,"-14.725 145.425"
"9751580","2020-09-24T12:00:00Z",-14.775,145.475,"0.0",0,"25.64","0.8200000000000001",0,2020-09-24,"09","2020",0,25.64,"-14.775 145.475"
"9752070","2020-09-24T12:00:00Z",-15.075,145.675,"0.0",0,"25.76","0.86",0,2020-09-24,"09","2020",0,25.76,"-15.075 145.675"
"9784680","2020-10-01T12:00:00Z",-13.875,144.025,"0.0",0,"25.69","0.49",0,2020-10-01,"10","2020",0,25.69,"-13.875 144.025"
"9784762","2020-10-01T12:00:00Z",-13.925,144.075,"0.0",0,"25.68","0.49",0,2020-10-01,"10","2020",0,25.68,"-13.925 144.075"
"9784764","2020-10-01T12:00:00Z",-13.925,144.175,"0.0",0,"25.73","0.58",0,2020-10-01,"10","2020",0,25.73,"-13.925 144.175"
"9784765","2020-10-01T12:00:00Z",-13.925,144.225,"0.0",0,"25.78","0.63",0,2020-10-01,"10","2020",0,25.78,"-13.925 144.225"
"9784850","2020-10-01T12:00:00Z",-13.975,144.425,"0.0",0,"25.78","0.5700000000000001",0,2020-10-01,"10","2020",0,25.78,"-13.975 144.425"
"9784931","2020-10-01T12:00:00Z",-14.025,144.425,"0.0",0,"25.740000000000002","0.53",0,2020-10-01,"10","2020",0,25.74,"-14.025 144.425"
"9786004","2020-10-01T12:00:00Z",-14.675,145.425,"0.0",0,"25.54","0.41000000000000003",0,2020-10-01,"10","2020",0,25.54,"-14.675 145.425"
"9786008","2020-10-01T12:00:00Z",-14.675,145.625,"0.0",0,"25.64","0.46",0,2020-10-01,"10","2020",0,25.64,"-14.675 145.625"
"9786085","2020-10-01T12:00:00Z",-14.725,145.425,"0.0",0,"25.47","0.36",0,2020-10-01,"10","2020",0,25.47,"-14.725 145.425"
"9786167","2020-10-01T12:00:00Z",-14.775,145.475,"0.0",0,"25.43","0.32",0,2020-10-01,"10","2020",0,25.43,"-14.775 145.475"
"9786657","2020-10-01T12:00:00Z",-15.075,145.675,"0.0",0,"25.67","0.51",0,2020-10-01,"10","2020",0,25.67,"-15.075 145.675"
"9819267","2020-10-08T12:00:00Z",-13.875,144.025,"0.0",0,"25.400000000000002","-0.09",0,2020-10-08,"10","2020",0,25.4,"-13.875 144.025"
"9819349","2020-10-08T12:00:00Z",-13.925,144.075,"0.0",0,"25.37","-0.12",0,2020-10-08,"10","2020",0,25.37,"-13.925 144.075"
"9819351","2020-10-08T12:00:00Z",-13.925,144.175,"0.0",0,"25.400000000000002","-0.04",0,2020-10-08,"10","2020",0,25.4,"-13.925 144.175"
"9819352","2020-10-08T12:00:00Z",-13.925,144.225,"0.0",0,"25.42","0.0",0,2020-10-08,"10","2020",0,25.42,"-13.925 144.225"
"9819437","2020-10-08T12:00:00Z",-13.975,144.425,"0.0",0,"25.43","-0.04",0,2020-10-08,"10","2020",0,25.43,"-13.975 144.425"
"9819518","2020-10-08T12:00:00Z",-14.025,144.425,"0.0",0,"25.36","-0.12",0,2020-10-08,"10","2020",0,25.36,"-14.025 144.425"
"9820591","2020-10-08T12:00:00Z",-14.675,145.425,"0.0",0,"25.330000000000002","-0.08",0,2020-10-08,"10","2020",0,25.33,"-14.675 145.425"
"9820595","2020-10-08T12:00:00Z",-14.675,145.625,"0.0",0,"25.54","0.12",0,2020-10-08,"10","2020",0,25.54,"-14.675 145.625"
"9820672","2020-10-08T12:00:00Z",-14.725,145.425,"0.0",0,"25.3","-0.11",0,2020-10-08,"10","2020",0,25.3,"-14.725 145.425"
"9820754","2020-10-08T12:00:00Z",-14.775,145.475,"0.0",0,"25.36","-0.03",0,2020-10-08,"10","2020",0,25.36,"-14.775 145.475"
"9821244","2020-10-08T12:00:00Z",-15.075,145.675,"0.0",0,"25.66","0.25",0,2020-10-08,"10","2020",0,25.66,"-15.075 145.675"
"9853854","2020-10-15T12:00:00Z",-13.875,144.025,"0.0",0,"25.68","-0.11",0,2020-10-15,"10","2020",0,25.68,"-13.875 144.025"
"9853936","2020-10-15T12:00:00Z",-13.925,144.075,"0.0",0,"25.650000000000002","-0.14",0,2020-10-15,"10","2020",0,25.65,"-13.925 144.075"
"9853938","2020-10-15T12:00:00Z",-13.925,144.175,"0.0",0,"25.63","-0.09",0,2020-10-15,"10","2020",0,25.63,"-13.925 144.175"
"9853939","2020-10-15T12:00:00Z",-13.925,144.225,"0.0",0,"25.63","-0.07",0,2020-10-15,"10","2020",0,25.63,"-13.925 144.225"
"9854024","2020-10-15T12:00:00Z",-13.975,144.425,"0.0",0,"25.73","0.0",0,2020-10-15,"10","2020",0,25.73,"-13.975 144.425"
"9854105","2020-10-15T12:00:00Z",-14.025,144.425,"0.0",0,"25.69","-0.07",0,2020-10-15,"10","2020",0,25.69,"-14.025 144.425"
"9855178","2020-10-15T12:00:00Z",-14.675,145.425,"0.0",0,"25.650000000000002","-0.04",0,2020-10-15,"10","2020",0,25.65,"-14.675 145.425"
"9855182","2020-10-15T12:00:00Z",-14.675,145.625,"0.0",0,"25.810000000000002","0.15",0,2020-10-15,"10","2020",0,25.81,"-14.675 145.625"
"9855259","2020-10-15T12:00:00Z",-14.725,145.425,"0.0",0,"25.64","-0.06",0,2020-10-15,"10","2020",0,25.64,"-14.725 145.425"
"9855341","2020-10-15T12:00:00Z",-14.775,145.475,"0.0",0,"25.66","-0.02",0,2020-10-15,"10","2020",0,25.66,"-14.775 145.475"
"9855831","2020-10-15T12:00:00Z",-15.075,145.675,"0.0",0,"25.79","0.12",0,2020-10-15,"10","2020",0,25.79,"-15.075 145.675"
"9888441","2020-10-22T12:00:00Z",-13.875,144.025,"0.0",0,"26.37","0.22",0,2020-10-22,"10","2020",0,26.37,"-13.875 144.025"
"9888523","2020-10-22T12:00:00Z",-13.925,144.075,"0.0",0,"26.37","0.23",0,2020-10-22,"10","2020",0,26.37,"-13.925 144.075"
"9888525","2020-10-22T12:00:00Z",-13.925,144.175,"0.0",0,"26.22","0.15",0,2020-10-22,"10","2020",0,26.22,"-13.925 144.175"
"9888526","2020-10-22T12:00:00Z",-13.925,144.225,"0.0",0,"26.17","0.13",0,2020-10-22,"10","2020",0,26.17,"-13.925 144.225"
"9888611","2020-10-22T12:00:00Z",-13.975,144.425,"0.0",0,"26.150000000000002","0.1",0,2020-10-22,"10","2020",0,26.15,"-13.975 144.425"
"9888692","2020-10-22T12:00:00Z",-14.025,144.425,"0.0",0,"26.14","0.05",0,2020-10-22,"10","2020",0,26.14,"-14.025 144.425"
"9889765","2020-10-22T12:00:00Z",-14.675,145.425,"0.0",0,"26.07","0.06",0,2020-10-22,"10","2020",0,26.07,"-14.675 145.425"
"9889769","2020-10-22T12:00:00Z",-14.675,145.625,"0.0",0,"26.12","0.15",0,2020-10-22,"10","2020",0,26.12,"-14.675 145.625"
"9889846","2020-10-22T12:00:00Z",-14.725,145.425,"0.0",0,"26.05","0.02",0,2020-10-22,"10","2020",0,26.05,"-14.725 145.425"
"9889928","2020-10-22T12:00:00Z",-14.775,145.475,"0.0",0,"26.04","0.03",0,2020-10-22,"10","2020",0,26.04,"-14.775 145.475"
"9890418","2020-10-22T12:00:00Z",-15.075,145.675,"0.0",0,"26.080000000000002","0.1",0,2020-10-22,"10","2020",0,26.08,"-15.075 145.675"
"9923028","2020-10-29T12:00:00Z",-13.875,144.025,"0.0",0,"27.93","1.42",0,2020-10-29,"10","2020",0,27.93,"-13.875 144.025"
"9923110","2020-10-29T12:00:00Z",-13.925,144.075,"0.0",0,"27.94","1.44",0,2020-10-29,"10","2020",0,27.94,"-13.925 144.075"
"9923112","2020-10-29T12:00:00Z",-13.925,144.175,"0.0",0,"27.63","1.22",0,2020-10-29,"10","2020",0,27.63,"-13.925 144.175"
"9923113","2020-10-29T12:00:00Z",-13.925,144.225,"0.0",0,"27.5","1.12",0,2020-10-29,"10","2020",0,27.5,"-13.925 144.225"
"9923198","2020-10-29T12:00:00Z",-13.975,144.425,"0.0",0,"27.330000000000002","0.96",0,2020-10-29,"10","2020",0,27.33,"-13.975 144.425"
"9923279","2020-10-29T12:00:00Z",-14.025,144.425,"0.0",0,"27.48","1.07",0,2020-10-29,"10","2020",0,27.48,"-14.025 144.425"
"9924352","2020-10-29T12:00:00Z",-14.675,145.425,"0.0",0,"27.12","0.78",0,2020-10-29,"10","2020",0,27.12,"-14.675 145.425"
"9924356","2020-10-29T12:00:00Z",-14.675,145.625,"0.0",0,"27.21","0.9400000000000001",0,2020-10-29,"10","2020",0,27.21,"-14.675 145.625"
"9924433","2020-10-29T12:00:00Z",-14.725,145.425,"0.0",0,"27.12","0.77",0,2020-10-29,"10","2020",0,27.12,"-14.725 145.425"
"9924515","2020-10-29T12:00:00Z",-14.775,145.475,"0.0",0,"27.12","0.79",0,2020-10-29,"10","2020",0,27.12,"-14.775 145.475"
"9925005","2020-10-29T12:00:00Z",-15.075,145.675,"0.0",0,"27.060000000000002","0.78",0,2020-10-29,"10","2020",0,27.06,"-15.075 145.675"
"9957615","2020-11-05T12:00:00Z",-13.875,144.025,"0.0",0,"27.54","0.67",0,2020-11-05,"11","2020",0,27.54,"-13.875 144.025"
"9957697","2020-11-05T12:00:00Z",-13.925,144.075,"0.0",0,"27.52","0.67",0,2020-11-05,"11","2020",0,27.52,"-13.925 144.075"
"9957699","2020-11-05T12:00:00Z",-13.925,144.175,"0.0",0,"27.400000000000002","0.64",0,2020-11-05,"11","2020",0,27.4,"-13.925 144.175"
"9957700","2020-11-05T12:00:00Z",-13.925,144.225,"0.0",0,"27.36","0.64",0,2020-11-05,"11","2020",0,27.36,"-13.925 144.225"
"9957785","2020-11-05T12:00:00Z",-13.975,144.425,"0.0",0,"27.310000000000002","0.62",0,2020-11-05,"11","2020",0,27.31,"-13.975 144.425"
"9957866","2020-11-05T12:00:00Z",-14.025,144.425,"0.0",0,"27.39","0.65",0,2020-11-05,"11","2020",0,27.39,"-14.025 144.425"
"9958939","2020-11-05T12:00:00Z",-14.675,145.425,"0.0",0,"26.95","0.29",0,2020-11-05,"11","2020",0,26.95,"-14.675 145.425"
"9958943","2020-11-05T12:00:00Z",-14.675,145.625,"0.0",0,"27.17","0.59",0,2020-11-05,"11","2020",0,27.17,"-14.675 145.625"
"9959020","2020-11-05T12:00:00Z",-14.725,145.425,"0.0",0,"26.91","0.23",0,2020-11-05,"11","2020",0,26.91,"-14.725 145.425"
"9959102","2020-11-05T12:00:00Z",-14.775,145.475,"0.0",0,"26.88","0.22",0,2020-11-05,"11","2020",0,26.88,"-14.775 145.475"
"9959592","2020-11-05T12:00:00Z",-15.075,145.675,"0.0",0,"27.09","0.5",0,2020-11-05,"11","2020",0,27.09,"-15.075 145.675"
"9992202","2020-11-12T12:00:00Z",-13.875,144.025,"0.0",0,"27.53","0.3",0,2020-11-12,"11","2020",0,27.53,"-13.875 144.025"
"9992284","2020-11-12T12:00:00Z",-13.925,144.075,"0.0",0,"27.51","0.3",0,2020-11-12,"11","2020",0,27.51,"-13.925 144.075"
"9992286","2020-11-12T12:00:00Z",-13.925,144.175,"0.0",0,"27.39","0.29",0,2020-11-12,"11","2020",0,27.39,"-13.925 144.175"
"9992287","2020-11-12T12:00:00Z",-13.925,144.225,"0.0",0,"27.310000000000002","0.26",0,2020-11-12,"11","2020",0,27.31,"-13.925 144.225"
"9992372","2020-11-12T12:00:00Z",-13.975,144.425,"0.0",0,"27.16","0.16",0,2020-11-12,"11","2020",0,27.16,"-13.975 144.425"
"9992453","2020-11-12T12:00:00Z",-14.025,144.425,"0.0",0,"27.2","0.14",0,2020-11-12,"11","2020",0,27.2,"-14.025 144.425"
"9993526","2020-11-12T12:00:00Z",-14.675,145.425,"0.0",0,"27.05","0.07",0,2020-11-12,"11","2020",0,27.05,"-14.675 145.425"
"9993530","2020-11-12T12:00:00Z",-14.675,145.625,"0.0",0,"27.03","0.14",0,2020-11-12,"11","2020",0,27.03,"-14.675 145.625"
"9993607","2020-11-12T12:00:00Z",-14.725,145.425,"0.0",0,"27.060000000000002","0.06",0,2020-11-12,"11","2020",0,27.06,"-14.725 145.425"
"9993689","2020-11-12T12:00:00Z",-14.775,145.475,"0.0",0,"27.05","0.06",0,2020-11-12,"11","2020",0,27.05,"-14.775 145.475"
"9994179","2020-11-12T12:00:00Z",-15.075,145.675,"0.0",0,"27.04","0.14",0,2020-11-12,"11","2020",0,27.04,"-15.075 145.675"
"10026789","2020-11-19T12:00:00Z",-13.875,144.025,"0.0",0,"27.68","0.17",0,2020-11-19,"11","2020",0,27.68,"-13.875 144.025"
"10026871","2020-11-19T12:00:00Z",-13.925,144.075,"0.0",0,"27.63","0.14",0,2020-11-19,"11","2020",0,27.63,"-13.925 144.075"
"10026873","2020-11-19T12:00:00Z",-13.925,144.175,"0.0",0,"27.57","0.2",0,2020-11-19,"11","2020",0,27.57,"-13.925 144.175"
"10026874","2020-11-19T12:00:00Z",-13.925,144.225,"0.0",0,"27.59","0.27",0,2020-11-19,"11","2020",0,27.59,"-13.925 144.225"
"10026959","2020-11-19T12:00:00Z",-13.975,144.425,"0.0",0,"27.62","0.35000000000000003",0,2020-11-19,"11","2020",0,27.62,"-13.975 144.425"
"10027040","2020-11-19T12:00:00Z",-14.025,144.425,"0.0",0,"27.63","0.31",0,2020-11-19,"11","2020",0,27.63,"-14.025 144.425"
"10028113","2020-11-19T12:00:00Z",-14.675,145.425,"0.0",0,"27.330000000000002","0.1",0,2020-11-19,"11","2020",0,27.33,"-14.675 145.425"
"10028117","2020-11-19T12:00:00Z",-14.675,145.625,"0.0",0,"27.36","0.22",0,2020-11-19,"11","2020",0,27.36,"-14.675 145.625"
"10028194","2020-11-19T12:00:00Z",-14.725,145.425,"0.0",0,"27.36","0.11",0,2020-11-19,"11","2020",0,27.36,"-14.725 145.425"
"10028276","2020-11-19T12:00:00Z",-14.775,145.475,"0.0",0,"27.310000000000002","0.07",0,2020-11-19,"11","2020",0,27.31,"-14.775 145.475"
"10028766","2020-11-19T12:00:00Z",-15.075,145.675,"0.0",0,"27.330000000000002","0.19",0,2020-11-19,"11","2020",0,27.33,"-15.075 145.675"
"10061376","2020-11-26T12:00:00Z",-13.875,144.025,"0.0",0,"28.37","0.65",0,2020-11-26,"11","2020",0,28.37,"-13.875 144.025"
"10061458","2020-11-26T12:00:00Z",-13.925,144.075,"0.0",0,"28.32","0.62",0,2020-11-26,"11","2020",0,28.32,"-13.925 144.075"
"10061460","2020-11-26T12:00:00Z",-13.925,144.175,"0.0",0,"28.1","0.51",0,2020-11-26,"11","2020",0,28.1,"-13.925 144.175"
"10061461","2020-11-26T12:00:00Z",-13.925,144.225,"0.0",0,"28.060000000000002","0.52",0,2020-11-26,"11","2020",0,28.06,"-13.925 144.225"
"10061546","2020-11-26T12:00:00Z",-13.975,144.425,"0.0",0,"27.98","0.5",0,2020-11-26,"11","2020",0,27.98,"-13.975 144.425"
"10061627","2020-11-26T12:00:00Z",-14.025,144.425,"0.0",0,"27.94","0.4",0,2020-11-26,"11","2020",0,27.94,"-14.025 144.425"
"10062700","2020-11-26T12:00:00Z",-14.675,145.425,"0.0",0,"27.61","0.19",0,2020-11-26,"11","2020",0,27.61,"-14.675 145.425"
"10062704","2020-11-26T12:00:00Z",-14.675,145.625,"0.0",0,"27.73","0.39",0,2020-11-26,"11","2020",0,27.73,"-14.675 145.625"
"10062781","2020-11-26T12:00:00Z",-14.725,145.425,"0.0",0,"27.61","0.18",0,2020-11-26,"11","2020",0,27.61,"-14.725 145.425"
"10062863","2020-11-26T12:00:00Z",-14.775,145.475,"0.0",0,"27.59","0.17",0,2020-11-26,"11","2020",0,27.59,"-14.775 145.475"
"10063353","2020-11-26T12:00:00Z",-15.075,145.675,"0.0",0,"27.59","0.27",0,2020-11-26,"11","2020",0,27.59,"-15.075 145.675"
"10095963","2020-12-03T12:00:00Z",-13.875,144.025,"0.0",0,"28.34","0.4",0,2020-12-03,"12","2020",0,28.34,"-13.875 144.025"
"10096045","2020-12-03T12:00:00Z",-13.925,144.075,"0.0",0,"28.330000000000002","0.41000000000000003",0,2020-12-03,"12","2020",0,28.33,"-13.925 144.075"
"10096047","2020-12-03T12:00:00Z",-13.925,144.175,"0.0",0,"28.18","0.37",0,2020-12-03,"12","2020",0,28.18,"-13.925 144.175"
"10096048","2020-12-03T12:00:00Z",-13.925,144.225,"0.0",0,"28.12","0.36",0,2020-12-03,"12","2020",0,28.12,"-13.925 144.225"
"10096133","2020-12-03T12:00:00Z",-13.975,144.425,"0.0",0,"28.080000000000002","0.38",0,2020-12-03,"12","2020",0,28.08,"-13.975 144.425"
"10096214","2020-12-03T12:00:00Z",-14.025,144.425,"0.0",0,"28.12","0.37",0,2020-12-03,"12","2020",0,28.12,"-14.025 144.425"
"10097287","2020-12-03T12:00:00Z",-14.675,145.425,"0.0",0,"27.86","0.25",0,2020-12-03,"12","2020",0,27.86,"-14.675 145.425"
"10097291","2020-12-03T12:00:00Z",-14.675,145.625,"0.0",0,"27.86","0.32",0,2020-12-03,"12","2020",0,27.86,"-14.675 145.625"
"10097368","2020-12-03T12:00:00Z",-14.725,145.425,"0.0",0,"27.84","0.22",0,2020-12-03,"12","2020",0,27.84,"-14.725 145.425"
"10097450","2020-12-03T12:00:00Z",-14.775,145.475,"0.0",0,"27.830000000000002","0.23",0,2020-12-03,"12","2020",0,27.83,"-14.775 145.475"
"10097940","2020-12-03T12:00:00Z",-15.075,145.675,"0.0",0,"27.82","0.31",0,2020-12-03,"12","2020",0,27.82,"-15.075 145.675"
"10130550","2020-12-10T12:00:00Z",-13.875,144.025,"0.0",0,"28.92","0.76",0,2020-12-10,"12","2020",0,28.92,"-13.875 144.025"
"10130632","2020-12-10T12:00:00Z",-13.925,144.075,"0.0",0,"28.93","0.79",0,2020-12-10,"12","2020",0,28.93,"-13.925 144.075"
"10130634","2020-12-10T12:00:00Z",-13.925,144.175,"0.0",0,"28.82","0.8",0,2020-12-10,"12","2020",0,28.82,"-13.925 144.175"
"10130635","2020-12-10T12:00:00Z",-13.925,144.225,"0.0",0,"28.76","0.79",0,2020-12-10,"12","2020",0,28.76,"-13.925 144.225"
"10130720","2020-12-10T12:00:00Z",-13.975,144.425,"0.0",0,"28.580000000000002","0.66",0,2020-12-10,"12","2020",0,28.58,"-13.975 144.425"
"10130801","2020-12-10T12:00:00Z",-14.025,144.425,"0.0",0,"28.580000000000002","0.61",0,2020-12-10,"12","2020",0,28.58,"-14.025 144.425"
"10131874","2020-12-10T12:00:00Z",-14.675,145.425,"0.0",0,"28.52","0.72",0,2020-12-10,"12","2020",0,28.52,"-14.675 145.425"
"10131878","2020-12-10T12:00:00Z",-14.675,145.625,"0.0",0,"28.62","0.88",0,2020-12-10,"12","2020",0,28.62,"-14.675 145.625"
"10131955","2020-12-10T12:00:00Z",-14.725,145.425,"0.0",0,"28.55","0.74",0,2020-12-10,"12","2020",0,28.55,"-14.725 145.425"
"10132037","2020-12-10T12:00:00Z",-14.775,145.475,"0.0",0,"28.560000000000002","0.77",0,2020-12-10,"12","2020",0,28.56,"-14.775 145.475"
"10132527","2020-12-10T12:00:00Z",-15.075,145.675,"0.0",0,"28.47","0.77",0,2020-12-10,"12","2020",0,28.47,"-15.075 145.675"
"10165137","2020-12-17T12:00:00Z",-13.875,144.025,"0.0",0,"29.26","0.91",0,2020-12-17,"12","2020",0,29.26,"-13.875 144.025"
"10165219","2020-12-17T12:00:00Z",-13.925,144.075,"0.0",0,"29.22","0.89",0,2020-12-17,"12","2020",0,29.22,"-13.925 144.075"
"10165221","2020-12-17T12:00:00Z",-13.925,144.175,"0.0",0,"29.12","0.91",0,2020-12-17,"12","2020",0,29.12,"-13.925 144.175"
"10165222","2020-12-17T12:00:00Z",-13.925,144.225,"0.0",0,"29.1","0.9400000000000001",0,2020-12-17,"12","2020",0,29.1,"-13.925 144.225"
"10165307","2020-12-17T12:00:00Z",-13.975,144.425,"0.0",0,"29.16","1.05",0,2020-12-17,"12","2020",0,29.16,"-13.975 144.425"
"10165388","2020-12-17T12:00:00Z",-14.025,144.425,"0.0",0,"29.18","1.03",0,2020-12-17,"12","2020",0,29.18,"-14.025 144.425"
"10166461","2020-12-17T12:00:00Z",-14.675,145.425,"0.0",0,"29.150000000000002","1.18",0,2020-12-17,"12","2020",0,29.15,"-14.675 145.425"
"10166465","2020-12-17T12:00:00Z",-14.675,145.625,"0.0",0,"29.14","1.22",0,2020-12-17,"12","2020",0,29.14,"-14.675 145.625"
"10166542","2020-12-17T12:00:00Z",-14.725,145.425,"0.0",0,"29.150000000000002","1.17",0,2020-12-17,"12","2020",0,29.15,"-14.725 145.425"
"10166624","2020-12-17T12:00:00Z",-14.775,145.475,"0.0",0,"29.12","1.16",0,2020-12-17,"12","2020",0,29.12,"-14.775 145.475"
"10167114","2020-12-17T12:00:00Z",-15.075,145.675,"0.0",0,"29.03","1.16",0,2020-12-17,"12","2020",0,29.03,"-15.075 145.675"
"10199724","2020-12-24T12:00:00Z",-13.875,144.025,"0.72",0,"30.25","1.81",0,2020-12-24,"12","2020",0.72,30.25,"-13.875 144.025"
"10199806","2020-12-24T12:00:00Z",-13.925,144.075,"0.72",0,"30.22","1.8",0,2020-12-24,"12","2020",0.72,30.22,"-13.925 144.075"
"10199808","2020-12-24T12:00:00Z",-13.925,144.175,"0.55",0,"30.01","1.7",0,2020-12-24,"12","2020",0.55,30.01,"-13.925 144.175"
"10199809","2020-12-24T12:00:00Z",-13.925,144.225,"0.54",0,"29.92","1.6600000000000001",0,2020-12-24,"12","2020",0.54,29.92,"-13.925 144.225"
"10199894","2020-12-24T12:00:00Z",-13.975,144.425,"0.53",0,"29.8","1.58",0,2020-12-24,"12","2020",0.53,29.8,"-13.975 144.425"
"10199975","2020-12-24T12:00:00Z",-14.025,144.425,"0.51",0,"29.78","1.52",0,2020-12-24,"12","2020",0.51,29.78,"-14.025 144.425"
"10201048","2020-12-24T12:00:00Z",-14.675,145.425,"0.33",0,"29.73","1.6300000000000001",0,2020-12-24,"12","2020",0.33,29.73,"-14.675 145.425"
"10201052","2020-12-24T12:00:00Z",-14.675,145.625,"0.3",0,"29.59","1.55",0,2020-12-24,"12","2020",0.3,29.59,"-14.675 145.625"
"10201129","2020-12-24T12:00:00Z",-14.725,145.425,"0.33",0,"29.73","1.62",0,2020-12-24,"12","2020",0.33,29.73,"-14.725 145.425"
"10201211","2020-12-24T12:00:00Z",-14.775,145.475,"0.32",0,"29.64","1.55",0,2020-12-24,"12","2020",0.32,29.64,"-14.775 145.475"
"10201701","2020-12-24T12:00:00Z",-15.075,145.675,"0.16",0,"29.5","1.49",0,2020-12-24,"12","2020",0.16,29.5,"-15.075 145.675"
"10234311","2020-12-31T12:00:00Z",-13.875,144.025,"2.27",0,"30.16","1.6300000000000001",0,2020-12-31,"12","2020",2.27,30.16,"-13.875 144.025"
"10234393","2020-12-31T12:00:00Z",-13.925,144.075,"2.24",0,"30.150000000000002","1.6300000000000001",0,2020-12-31,"12","2020",2.24,30.15,"-13.925 144.075"
"10234395","2020-12-31T12:00:00Z",-13.925,144.175,"2.1",0,"30.14","1.73",0,2020-12-31,"12","2020",2.1,30.14,"-13.925 144.175"
"10234396","2020-12-31T12:00:00Z",-13.925,144.225,"2.1",0,"30.14","1.78",0,2020-12-31,"12","2020",2.1,30.14,"-13.925 144.225"
"10234481","2020-12-31T12:00:00Z",-13.975,144.425,"2.0100000000000002",0,"30.150000000000002","1.83",0,2020-12-31,"12","2020",2.01,30.15,"-13.975 144.425"
"10234562","2020-12-31T12:00:00Z",-14.025,144.425,"1.96",0,"30.16","1.79",0,2020-12-31,"12","2020",1.96,30.16,"-14.025 144.425"
"10235635","2020-12-31T12:00:00Z",-14.675,145.425,"1.47",0,"29.740000000000002","1.51",0,2020-12-31,"12","2020",1.47,29.74,"-14.675 145.425"
"10235639","2020-12-31T12:00:00Z",-14.675,145.625,"1.27",0,"29.76","1.6",0,2020-12-31,"12","2020",1.27,29.76,"-14.675 145.625"
"10235716","2020-12-31T12:00:00Z",-14.725,145.425,"1.46",0,"29.68","1.44",0,2020-12-31,"12","2020",1.46,29.68,"-14.725 145.425"
"10235798","2020-12-31T12:00:00Z",-14.775,145.475,"1.4000000000000001",0,"29.62","1.4000000000000001",0,2020-12-31,"12","2020",1.4,29.62,"-14.775 145.475"
"10236288","2020-12-31T12:00:00Z",-15.075,145.675,"0.76",0,"29.6","1.45",0,2020-12-31,"12","2020",0.76,29.6,"-15.075 145.675"
"10268898","2021-01-07T12:00:00Z",-13.875,144.025,"3.21",0,"29.48","0.86",0,2021-01-07,"01","2021",3.21,29.48,"-13.875 144.025"
"10268980","2021-01-07T12:00:00Z",-13.925,144.075,"3.02",0,"29.47","0.85",0,2021-01-07,"01","2021",3.02,29.47,"-13.925 144.075"
"10268982","2021-01-07T12:00:00Z",-13.925,144.175,"3.1",0,"29.48","0.97",0,2021-01-07,"01","2021",3.1,29.48,"-13.925 144.175"
"10268983","2021-01-07T12:00:00Z",-13.925,144.225,"3.14",0,"29.490000000000002","1.03",0,2021-01-07,"01","2021",3.14,29.49,"-13.925 144.225"
"10269068","2021-01-07T12:00:00Z",-13.975,144.425,"3.2800000000000002",0,"29.63","1.2",0,2021-01-07,"01","2021",3.28,29.63,"-13.975 144.425"
"10269149","2021-01-07T12:00:00Z",-14.025,144.425,"3.2",0,"29.650000000000002","1.17",0,2021-01-07,"01","2021",3.2,29.65,"-14.025 144.425"
"10270222","2021-01-07T12:00:00Z",-14.675,145.425,"2.57",0,"29.67","1.31",0,2021-01-07,"01","2021",2.57,29.67,"-14.675 145.425"
"10270226","2021-01-07T12:00:00Z",-14.675,145.625,"2.08",0,"29.53","1.25",0,2021-01-07,"01","2021",2.08,29.53,"-14.675 145.625"
"10270303","2021-01-07T12:00:00Z",-14.725,145.425,"2.5500000000000003",0,"29.71","1.33",0,2021-01-07,"01","2021",2.55,29.71,"-14.725 145.425"
"10270385","2021-01-07T12:00:00Z",-14.775,145.475,"2.47",0,"29.73","1.37",0,2021-01-07,"01","2021",2.47,29.73,"-14.775 145.475"
"10270875","2021-01-07T12:00:00Z",-15.075,145.675,"1.8",0,"29.75","1.46",0,2021-01-07,"01","2021",1.8,29.75,"-15.075 145.675"
"10303485","2021-01-14T12:00:00Z",-13.875,144.025,"3.42",0,"29.64","0.92",0,2021-01-14,"01","2021",3.42,29.64,"-13.875 144.025"
"10303567","2021-01-14T12:00:00Z",-13.925,144.075,"3.25",0,"29.650000000000002","0.93",0,2021-01-14,"01","2021",3.25,29.65,"-13.925 144.075"
"10303569","2021-01-14T12:00:00Z",-13.925,144.175,"3.96",0,"29.62","1.01",0,2021-01-14,"01","2021",3.96,29.62,"-13.925 144.175"
"10303570","2021-01-14T12:00:00Z",-13.925,144.225,"4.18",0,"29.62","1.05",0,2021-01-14,"01","2021",4.18,29.62,"-13.925 144.225"
"10303655","2021-01-14T12:00:00Z",-13.975,144.425,"4.39",0,"29.740000000000002","1.21",0,2021-01-14,"01","2021",4.39,29.74,"-13.975 144.425"
"10303736","2021-01-14T12:00:00Z",-14.025,144.425,"4.3",0,"29.77","1.18",0,2021-01-14,"01","2021",4.3,29.77,"-14.025 144.425"
"10304809","2021-01-14T12:00:00Z",-14.675,145.425,"3.89",0,"29.8","1.31",0,2021-01-14,"01","2021",3.89,29.8,"-14.675 145.425"
"10304813","2021-01-14T12:00:00Z",-14.675,145.625,"3.41",0,"29.73","1.33",0,2021-01-14,"01","2021",3.41,29.73,"-14.675 145.625"
"10304890","2021-01-14T12:00:00Z",-14.725,145.425,"3.88",0,"29.78","1.27",0,2021-01-14,"01","2021",3.88,29.78,"-14.725 145.425"
"10304972","2021-01-14T12:00:00Z",-14.775,145.475,"3.77",0,"29.7","1.21",0,2021-01-14,"01","2021",3.77,29.7,"-14.775 145.475"
"10305462","2021-01-14T12:00:00Z",-15.075,145.675,"2.73",0,"29.42","0.99",0,2021-01-14,"01","2021",2.73,29.42,"-15.075 145.675"
"10338072","2021-01-21T12:00:00Z",-13.875,144.025,"3.5700000000000003",0,"29.23","0.52",0,2021-01-21,"01","2021",3.57,29.23,"-13.875 144.025"
"10338154","2021-01-21T12:00:00Z",-13.925,144.075,"3.25",0,"29.23","0.52",0,2021-01-21,"01","2021",3.25,29.23,"-13.925 144.075"
"10338156","2021-01-21T12:00:00Z",-13.925,144.175,"4.26",0,"29.22","0.61",0,2021-01-21,"01","2021",4.26,29.22,"-13.925 144.175"
"10338157","2021-01-21T12:00:00Z",-13.925,144.225,"4.63",0,"29.22","0.64",0,2021-01-21,"01","2021",4.63,29.22,"-13.925 144.225"
"10338242","2021-01-21T12:00:00Z",-13.975,144.425,"4.71",0,"29.23","0.67",0,2021-01-21,"01","2021",4.71,29.23,"-13.975 144.425"
"10338323","2021-01-21T12:00:00Z",-14.025,144.425,"4.61",0,"29.22","0.61",0,2021-01-21,"01","2021",4.61,29.22,"-14.025 144.425"
"10339396","2021-01-21T12:00:00Z",-14.675,145.425,"3.89",0,"29.22","0.6900000000000001",0,2021-01-21,"01","2021",3.89,29.22,"-14.675 145.425"
"10339400","2021-01-21T12:00:00Z",-14.675,145.625,"3.41",0,"29.21","0.76",0,2021-01-21,"01","2021",3.41,29.21,"-14.675 145.625"
"10339477","2021-01-21T12:00:00Z",-14.725,145.425,"3.88",0,"29.22","0.68",0,2021-01-21,"01","2021",3.88,29.22,"-14.725 145.425"
"10339559","2021-01-21T12:00:00Z",-14.775,145.475,"3.77",0,"29.21","0.6900000000000001",0,2021-01-21,"01","2021",3.77,29.21,"-14.775 145.475"
"10340049","2021-01-21T12:00:00Z",-15.075,145.675,"2.73",0,"29.14","0.66",0,2021-01-21,"01","2021",2.73,29.14,"-15.075 145.675"
"10372659","2021-01-28T12:00:00Z",-13.875,144.025,"3.72",0,"29.19","0.51",0,2021-01-28,"01","2021",3.72,29.19,"-13.875 144.025"
"10372741","2021-01-28T12:00:00Z",-13.925,144.075,"3.54",0,"29.17","0.48",0,2021-01-28,"01","2021",3.54,29.17,"-13.925 144.075"
"10372743","2021-01-28T12:00:00Z",-13.925,144.175,"4.72",0,"29.09","0.49",0,2021-01-28,"01","2021",4.72,29.09,"-13.925 144.175"
"10372744","2021-01-28T12:00:00Z",-13.925,144.225,"5.11",0,"29.05","0.48",0,2021-01-28,"01","2021",5.11,29.05,"-13.925 144.225"
"10372829","2021-01-28T12:00:00Z",-13.975,144.425,"5.01",0,"29.01","0.45",0,2021-01-28,"01","2021",5.01,29.01,"-13.975 144.425"
"10372910","2021-01-28T12:00:00Z",-14.025,144.425,"4.9",0,"29.04","0.43",0,2021-01-28,"01","2021",4.9,29.04,"-14.025 144.425"
"10373983","2021-01-28T12:00:00Z",-14.675,145.425,"3.89",0,"29.1","0.56",0,2021-01-28,"01","2021",3.89,29.1,"-14.675 145.425"
"10373987","2021-01-28T12:00:00Z",-14.675,145.625,"3.41",0,"29.17","0.6900000000000001",0,2021-01-28,"01","2021",3.41,29.17,"-14.675 145.625"
"10374064","2021-01-28T12:00:00Z",-14.725,145.425,"3.88",0,"29.060000000000002","0.5",0,2021-01-28,"01","2021",3.88,29.06,"-14.725 145.425"
"10374146","2021-01-28T12:00:00Z",-14.775,145.475,"3.77",0,"29.03","0.49",0,2021-01-28,"01","2021",3.77,29.03,"-14.775 145.475"
"10374636","2021-01-28T12:00:00Z",-15.075,145.675,"2.73",0,"28.86","0.35000000000000003",0,2021-01-28,"01","2021",2.73,28.86,"-15.075 145.675"
"10407246","2021-02-04T12:00:00Z",-13.875,144.025,"3.87",0,"29.7","1.04",0,2021-02-04,"02","2021",3.87,29.7,"-13.875 144.025"
"10407328","2021-02-04T12:00:00Z",-13.925,144.075,"3.7",0,"29.7","1.03",0,2021-02-04,"02","2021",3.7,29.7,"-13.925 144.075"
"10407330","2021-02-04T12:00:00Z",-13.925,144.175,"4.72",0,"29.54","0.9500000000000001",0,2021-02-04,"02","2021",4.72,29.54,"-13.925 144.175"
"10407331","2021-02-04T12:00:00Z",-13.925,144.225,"5.11",0,"29.47","0.9",0,2021-02-04,"02","2021",5.11,29.47,"-13.925 144.225"
"10407416","2021-02-04T12:00:00Z",-13.975,144.425,"5.01",0,"29.34","0.77",0,2021-02-04,"02","2021",5.01,29.34,"-13.975 144.425"
"10407497","2021-02-04T12:00:00Z",-14.025,144.425,"4.9",0,"29.39","0.77",0,2021-02-04,"02","2021",4.9,29.39,"-14.025 144.425"
"10408570","2021-02-04T12:00:00Z",-14.675,145.425,"3.89",0,"29.32","0.76",0,2021-02-04,"02","2021",3.89,29.32,"-14.675 145.425"
"10408574","2021-02-04T12:00:00Z",-14.675,145.625,"3.41",0,"29.35","0.84",0,2021-02-04,"02","2021",3.41,29.35,"-14.675 145.625"
"10408651","2021-02-04T12:00:00Z",-14.725,145.425,"3.88",0,"29.310000000000002","0.74",0,2021-02-04,"02","2021",3.88,29.31,"-14.725 145.425"
"10408733","2021-02-04T12:00:00Z",-14.775,145.475,"3.77",0,"29.32","0.76",0,2021-02-04,"02","2021",3.77,29.32,"-14.775 145.475"
"10409223","2021-02-04T12:00:00Z",-15.075,145.675,"2.73",0,"29.38","0.8300000000000001",0,2021-02-04,"02","2021",2.73,29.38,"-15.075 145.675"
"10441833","2021-02-11T12:00:00Z",-13.875,144.025,"4.5200000000000005",0,"29.810000000000002","1.18",0,2021-02-11,"02","2021",4.52,29.81,"-13.875 144.025"
"10441915","2021-02-11T12:00:00Z",-13.925,144.075,"4.34",0,"29.77","1.1300000000000001",0,2021-02-11,"02","2021",4.34,29.77,"-13.925 144.075"
"10441917","2021-02-11T12:00:00Z",-13.925,144.175,"5.34",0,"29.650000000000002","1.06",0,2021-02-11,"02","2021",5.34,29.65,"-13.925 144.175"
"10441918","2021-02-11T12:00:00Z",-13.925,144.225,"5.71",0,"29.59","1.03",0,2021-02-11,"02","2021",5.71,29.59,"-13.925 144.225"
"10442003","2021-02-11T12:00:00Z",-13.975,144.425,"5.3100000000000005",0,"29.5","0.92",0,2021-02-11,"02","2021",5.31,29.5,"-13.975 144.425"
"10442084","2021-02-11T12:00:00Z",-14.025,144.425,"5.21",0,"29.55","0.93",0,2021-02-11,"02","2021",5.21,29.55,"-14.025 144.425"
"10443157","2021-02-11T12:00:00Z",-14.675,145.425,"3.89",0,"29.46","0.88",0,2021-02-11,"02","2021",3.89,29.46,"-14.675 145.425"
"10443161","2021-02-11T12:00:00Z",-14.675,145.625,"3.41",0,"29.34","0.8",0,2021-02-11,"02","2021",3.41,29.34,"-14.675 145.625"
"10443238","2021-02-11T12:00:00Z",-14.725,145.425,"3.88",0,"29.5","0.92",0,2021-02-11,"02","2021",3.88,29.5,"-14.725 145.425"
"10443320","2021-02-11T12:00:00Z",-14.775,145.475,"3.77",0,"29.5","0.93",0,2021-02-11,"02","2021",3.77,29.5,"-14.775 145.475"
"10443810","2021-02-11T12:00:00Z",-15.075,145.675,"2.73",0,"29.3","0.72",0,2021-02-11,"02","2021",2.73,29.3,"-15.075 145.675"
"10476420","2021-02-18T12:00:00Z",-13.875,144.025,"4.66",0,"29.55","0.97",0,2021-02-18,"02","2021",4.66,29.55,"-13.875 144.025"
"10476502","2021-02-18T12:00:00Z",-13.925,144.075,"4.79",0,"29.55","0.96",0,2021-02-18,"02","2021",4.79,29.55,"-13.925 144.075"
"10476504","2021-02-18T12:00:00Z",-13.925,144.175,"5.79",0,"29.46","0.92",0,2021-02-18,"02","2021",5.79,29.46,"-13.925 144.175"
"10476505","2021-02-18T12:00:00Z",-13.925,144.225,"6.01",0,"29.43","0.91",0,2021-02-18,"02","2021",6.01,29.43,"-13.925 144.225"
"10476590","2021-02-18T12:00:00Z",-13.975,144.425,"5.3100000000000005",0,"29.330000000000002","0.8",0,2021-02-18,"02","2021",5.31,29.33,"-13.975 144.425"
"10476671","2021-02-18T12:00:00Z",-14.025,144.425,"5.21",0,"29.330000000000002","0.76",0,2021-02-18,"02","2021",5.21,29.33,"-14.025 144.425"
"10477744","2021-02-18T12:00:00Z",-14.675,145.425,"4.2",0,"29.28","0.74",0,2021-02-18,"02","2021",4.2,29.28,"-14.675 145.425"
"10477748","2021-02-18T12:00:00Z",-14.675,145.625,"3.41",0,"29.26","0.74",0,2021-02-18,"02","2021",3.41,29.26,"-14.675 145.625"
"10477825","2021-02-18T12:00:00Z",-14.725,145.425,"4.33",0,"29.310000000000002","0.77",0,2021-02-18,"02","2021",4.33,29.31,"-14.725 145.425"
"10477907","2021-02-18T12:00:00Z",-14.775,145.475,"4.09",0,"29.27","0.74",0,2021-02-18,"02","2021",4.09,29.27,"-14.775 145.475"
"10478397","2021-02-18T12:00:00Z",-15.075,145.675,"2.73",0,"29.3","0.75",0,2021-02-18,"02","2021",2.73,29.3,"-15.075 145.675"
"10511007","2021-02-25T12:00:00Z",-13.875,144.025,"4.8100000000000005",0,"29.32","0.8300000000000001",0,2021-02-25,"02","2021",4.81,29.32,"-13.875 144.025"
"10511089","2021-02-25T12:00:00Z",-13.925,144.075,"4.93",0,"29.27","0.77",0,2021-02-25,"02","2021",4.93,29.27,"-13.925 144.075"
"10511091","2021-02-25T12:00:00Z",-13.925,144.175,"5.94",0,"29.18","0.74",0,2021-02-25,"02","2021",5.94,29.18,"-13.925 144.175"
"10511092","2021-02-25T12:00:00Z",-13.925,144.225,"6.16",0,"29.150000000000002","0.73",0,2021-02-25,"02","2021",6.16,29.15,"-13.925 144.225"
"10511177","2021-02-25T12:00:00Z",-13.975,144.425,"5.3100000000000005",0,"29.080000000000002","0.66",0,2021-02-25,"02","2021",5.31,29.08,"-13.975 144.425"
"10511258","2021-02-25T12:00:00Z",-14.025,144.425,"5.21",0,"29.060000000000002","0.6",0,2021-02-25,"02","2021",5.21,29.06,"-14.025 144.425"
"10512331","2021-02-25T12:00:00Z",-14.675,145.425,"4.2",0,"29.28","0.86",0,2021-02-25,"02","2021",4.2,29.28,"-14.675 145.425"
"10512335","2021-02-25T12:00:00Z",-14.675,145.625,"3.41",0,"29.37","0.9500000000000001",0,2021-02-25,"02","2021",3.41,29.37,"-14.675 145.625"
"10512412","2021-02-25T12:00:00Z",-14.725,145.425,"4.33",0,"29.25","0.8300000000000001",0,2021-02-25,"02","2021",4.33,29.25,"-14.725 145.425"
"10512494","2021-02-25T12:00:00Z",-14.775,145.475,"4.09",0,"29.23","0.81",0,2021-02-25,"02","2021",4.09,29.23,"-14.775 145.475"
"10512984","2021-02-25T12:00:00Z",-15.075,145.675,"2.73",0,"29.330000000000002","0.9",0,2021-02-25,"02","2021",2.73,29.33,"-15.075 145.675"
"10545594","2021-03-04T12:00:00Z",-13.875,144.025,"4.8100000000000005",0,"29.03","0.62",0,2021-03-04,"03","2021",4.81,29.03,"-13.875 144.025"
"10545676","2021-03-04T12:00:00Z",-13.925,144.075,"4.93",0,"29.01","0.6",0,2021-03-04,"03","2021",4.93,29.01,"-13.925 144.075"
"10545678","2021-03-04T12:00:00Z",-13.925,144.175,"5.94",0,"28.990000000000002","0.65",0,2021-03-04,"03","2021",5.94,28.99,"-13.925 144.175"
"10545679","2021-03-04T12:00:00Z",-13.925,144.225,"6.16",0,"28.97","0.65",0,2021-03-04,"03","2021",6.16,28.97,"-13.925 144.225"
"10545764","2021-03-04T12:00:00Z",-13.975,144.425,"5.3100000000000005",0,"28.91","0.6",0,2021-03-04,"03","2021",5.31,28.91,"-13.975 144.425"
"10545845","2021-03-04T12:00:00Z",-14.025,144.425,"5.21",0,"28.87","0.53",0,2021-03-04,"03","2021",5.21,28.87,"-14.025 144.425"
"10546918","2021-03-04T12:00:00Z",-14.675,145.425,"4.2",0,"28.89","0.59",0,2021-03-04,"03","2021",4.2,28.89,"-14.675 145.425"
"10546922","2021-03-04T12:00:00Z",-14.675,145.625,"3.41",0,"29.09","0.77",0,2021-03-04,"03","2021",3.41,29.09,"-14.675 145.625"
"10546999","2021-03-04T12:00:00Z",-14.725,145.425,"4.33",0,"28.86","0.56",0,2021-03-04,"03","2021",4.33,28.86,"-14.725 145.425"
"10547081","2021-03-04T12:00:00Z",-14.775,145.475,"4.09",0,"28.88","0.58",0,2021-03-04,"03","2021",4.09,28.88,"-14.775 145.475"
"10547571","2021-03-04T12:00:00Z",-15.075,145.675,"2.73",0,"29.12","0.81",0,2021-03-04,"03","2021",2.73,29.12,"-15.075 145.675"
"10580181","2021-03-11T12:00:00Z",-13.875,144.025,"4.8100000000000005",0,"28.85","0.53",0,2021-03-11,"03","2021",4.81,28.85,"-13.875 144.025"
"10580263","2021-03-11T12:00:00Z",-13.925,144.075,"4.93",0,"28.82","0.51",0,2021-03-11,"03","2021",4.93,28.82,"-13.925 144.075"
"10580265","2021-03-11T12:00:00Z",-13.925,144.175,"5.94",0,"28.63","0.38",0,2021-03-11,"03","2021",5.94,28.63,"-13.925 144.175"
"10580266","2021-03-11T12:00:00Z",-13.925,144.225,"6.16",0,"28.57","0.35000000000000003",0,2021-03-11,"03","2021",6.16,28.57,"-13.925 144.225"
"10580351","2021-03-11T12:00:00Z",-13.975,144.425,"5.3100000000000005",0,"28.52","0.33",0,2021-03-11,"03","2021",5.31,28.52,"-13.975 144.425"
"10580432","2021-03-11T12:00:00Z",-14.025,144.425,"5.21",0,"28.560000000000002","0.33",0,2021-03-11,"03","2021",5.21,28.56,"-14.025 144.425"
"10581505","2021-03-11T12:00:00Z",-14.675,145.425,"4.2",0,"28.560000000000002","0.37",0,2021-03-11,"03","2021",4.2,28.56,"-14.675 145.425"
"10581509","2021-03-11T12:00:00Z",-14.675,145.625,"3.41",0,"28.44","0.21",0,2021-03-11,"03","2021",3.41,28.44,"-14.675 145.625"
"10581586","2021-03-11T12:00:00Z",-14.725,145.425,"4.33",0,"28.57","0.38",0,2021-03-11,"03","2021",4.33,28.57,"-14.725 145.425"
"10581668","2021-03-11T12:00:00Z",-14.775,145.475,"4.09",0,"28.54","0.35000000000000003",0,2021-03-11,"03","2021",4.09,28.54,"-14.775 145.475"
"10582158","2021-03-11T12:00:00Z",-15.075,145.675,"2.73",0,"28.310000000000002","0.12",0,2021-03-11,"03","2021",2.73,28.31,"-15.075 145.675"
"10614768","2021-03-18T12:00:00Z",-13.875,144.025,"4.09",0,"28.7","0.52",0,2021-03-18,"03","2021",4.09,28.7,"-13.875 144.025"
"10614850","2021-03-18T12:00:00Z",-13.925,144.075,"4.21",0,"28.740000000000002","0.5700000000000001",0,2021-03-18,"03","2021",4.21,28.74,"-13.925 144.075"
"10614852","2021-03-18T12:00:00Z",-13.925,144.175,"5.39",0,"28.64","0.54",0,2021-03-18,"03","2021",5.39,28.64,"-13.925 144.175"
"10614853","2021-03-18T12:00:00Z",-13.925,144.225,"5.62",0,"28.57","0.5",0,2021-03-18,"03","2021",5.62,28.57,"-13.925 144.225"
"10614938","2021-03-18T12:00:00Z",-13.975,144.425,"4.78",0,"28.46","0.41000000000000003",0,2021-03-18,"03","2021",4.78,28.46,"-13.975 144.425"
"10615019","2021-03-18T12:00:00Z",-14.025,144.425,"4.7",0,"28.54","0.47000000000000003",0,2021-03-18,"03","2021",4.7,28.54,"-14.025 144.425"
"10616092","2021-03-18T12:00:00Z",-14.675,145.425,"3.87",0,"28.62","0.6",0,2021-03-18,"03","2021",3.87,28.62,"-14.675 145.425"
"10616096","2021-03-18T12:00:00Z",-14.675,145.625,"3.11",0,"28.51","0.43",0,2021-03-18,"03","2021",3.11,28.51,"-14.675 145.625"
"10616173","2021-03-18T12:00:00Z",-14.725,145.425,"4.0",0,"28.61","0.59",0,2021-03-18,"03","2021",4,28.61,"-14.725 145.425"
"10616255","2021-03-18T12:00:00Z",-14.775,145.475,"3.77",0,"28.59","0.5700000000000001",0,2021-03-18,"03","2021",3.77,28.59,"-14.775 145.475"
"10616745","2021-03-18T12:00:00Z",-15.075,145.675,"2.57",0,"28.44","0.41000000000000003",0,2021-03-18,"03","2021",2.57,28.44,"-15.075 145.675"
"10649355","2021-03-25T12:00:00Z",-13.875,144.025,"2.54",0,"29.64","1.69",0,2021-03-25,"03","2021",2.54,29.64,"-13.875 144.025"
"10649437","2021-03-25T12:00:00Z",-13.925,144.075,"2.69",0,"29.69","1.75",0,2021-03-25,"03","2021",2.69,29.69,"-13.925 144.075"
"10649439","2021-03-25T12:00:00Z",-13.925,144.175,"3.85",0,"29.61","1.72",0,2021-03-25,"03","2021",3.85,29.61,"-13.925 144.175"
"10649440","2021-03-25T12:00:00Z",-13.925,144.225,"4.0600000000000005",0,"29.57","1.7",0,2021-03-25,"03","2021",4.06,29.57,"-13.925 144.225"
"10649525","2021-03-25T12:00:00Z",-13.975,144.425,"3.3000000000000003",0,"29.48","1.62",0,2021-03-25,"03","2021",3.3,29.48,"-13.975 144.425"
"10649606","2021-03-25T12:00:00Z",-14.025,144.425,"3.25",0,"29.560000000000002","1.68",0,2021-03-25,"03","2021",3.25,29.56,"-14.025 144.425"
"10650679","2021-03-25T12:00:00Z",-14.675,145.425,"2.73",0,"29.28","1.48",0,2021-03-25,"03","2021",2.73,29.28,"-14.675 145.425"
"10650683","2021-03-25T12:00:00Z",-14.675,145.625,"2.15",0,"29.16","1.29",0,2021-03-25,"03","2021",2.15,29.16,"-14.675 145.625"
"10650760","2021-03-25T12:00:00Z",-14.725,145.425,"2.88",0,"29.29","1.49",0,2021-03-25,"03","2021",2.88,29.29,"-14.725 145.425"
"10650842","2021-03-25T12:00:00Z",-14.775,145.475,"2.68",0,"29.27","1.47",0,2021-03-25,"03","2021",2.68,29.27,"-14.775 145.475"
"10651332","2021-03-25T12:00:00Z",-15.075,145.675,"1.97",0,"29.16","1.34",0,2021-03-25,"03","2021",1.97,29.16,"-15.075 145.675"
"10683942","2021-04-01T12:00:00Z",-13.875,144.025,"1.6",0,"28.57","0.84",0,2021-04-01,"04","2021",1.6,28.57,"-13.875 144.025"
"10684024","2021-04-01T12:00:00Z",-13.925,144.075,"1.9100000000000001",0,"28.57","0.85",0,2021-04-01,"04","2021",1.91,28.57,"-13.925 144.075"
"10684026","2021-04-01T12:00:00Z",-13.925,144.175,"2.84",0,"28.490000000000002","0.8200000000000001",0,2021-04-01,"04","2021",2.84,28.49,"-13.925 144.175"
"10684027","2021-04-01T12:00:00Z",-13.925,144.225,"3.02",0,"28.46","0.8",0,2021-04-01,"04","2021",3.02,28.46,"-13.925 144.225"
"10684112","2021-04-01T12:00:00Z",-13.975,144.425,"2.0300000000000002",0,"28.47","0.8",0,2021-04-01,"04","2021",2.03,28.47,"-13.975 144.425"
"10684193","2021-04-01T12:00:00Z",-14.025,144.425,"2.0100000000000002",0,"28.51","0.8300000000000001",0,2021-04-01,"04","2021",2.01,28.51,"-14.025 144.425"
"10685266","2021-04-01T12:00:00Z",-14.675,145.425,"1.62",0,"28.37","0.79",0,2021-04-01,"04","2021",1.62,28.37,"-14.675 145.425"
"10685270","2021-04-01T12:00:00Z",-14.675,145.625,"1.34",0,"28.36","0.71",0,2021-04-01,"04","2021",1.34,28.36,"-14.675 145.625"
"10685347","2021-04-01T12:00:00Z",-14.725,145.425,"1.78",0,"28.37","0.8",0,2021-04-01,"04","2021",1.78,28.37,"-14.725 145.425"
"10685429","2021-04-01T12:00:00Z",-14.775,145.475,"1.62",0,"28.35","0.77",0,2021-04-01,"04","2021",1.62,28.35,"-14.775 145.475"
"10685919","2021-04-01T12:00:00Z",-15.075,145.675,"0.93",0,"28.32","0.7000000000000001",0,2021-04-01,"04","2021",0.93,28.32,"-15.075 145.675"
"10718529","2021-04-08T12:00:00Z",-13.875,144.025,"1.3900000000000001",0,"28.55","1.04",0,2021-04-08,"04","2021",1.39,28.55,"-13.875 144.025"
"10718611","2021-04-08T12:00:00Z",-13.925,144.075,"1.68",0,"28.59","1.09",0,2021-04-08,"04","2021",1.68,28.59,"-13.925 144.075"
"10718613","2021-04-08T12:00:00Z",-13.925,144.175,"1.98",0,"28.51","1.05",0,2021-04-08,"04","2021",1.98,28.51,"-13.925 144.175"
"10718614","2021-04-08T12:00:00Z",-13.925,144.225,"1.98",0,"28.44","0.98",0,2021-04-08,"04","2021",1.98,28.44,"-13.925 144.225"
"10718699","2021-04-08T12:00:00Z",-13.975,144.425,"0.92",0,"28.14","0.65",0,2021-04-08,"04","2021",0.92,28.14,"-13.975 144.425"
"10718780","2021-04-08T12:00:00Z",-14.025,144.425,"0.91",0,"28.150000000000002","0.67",0,2021-04-08,"04","2021",0.91,28.15,"-14.025 144.425"
"10719853","2021-04-08T12:00:00Z",-14.675,145.425,"0.3",0,"28.23","0.88",0,2021-04-08,"04","2021",0.3,28.23,"-14.675 145.425"
"10719857","2021-04-08T12:00:00Z",-14.675,145.625,"0.0",0,"28.310000000000002","0.87",0,2021-04-08,"04","2021",0,28.31,"-14.675 145.625"
"10719934","2021-04-08T12:00:00Z",-14.725,145.425,"0.46",0,"28.21","0.86",0,2021-04-08,"04","2021",0.46,28.21,"-14.725 145.425"
"10720016","2021-04-08T12:00:00Z",-14.775,145.475,"0.31",0,"28.22","0.87",0,2021-04-08,"04","2021",0.31,28.22,"-14.775 145.475"
"10720506","2021-04-08T12:00:00Z",-15.075,145.675,"0.0",0,"28.14","0.73",0,2021-04-08,"04","2021",0,28.14,"-15.075 145.675"
"10753116","2021-04-15T12:00:00Z",-13.875,144.025,"1.24",0,"28.03","0.74",0,2021-04-15,"04","2021",1.24,28.03,"-13.875 144.025"
"10753198","2021-04-15T12:00:00Z",-13.925,144.075,"1.68",0,"27.990000000000002","0.71",0,2021-04-15,"04","2021",1.68,27.99,"-13.925 144.075"
"10753200","2021-04-15T12:00:00Z",-13.925,144.175,"1.69",0,"27.8","0.55",0,2021-04-15,"04","2021",1.69,27.8,"-13.925 144.175"
"10753201","2021-04-15T12:00:00Z",-13.925,144.225,"1.53",0,"27.77","0.52",0,2021-04-15,"04","2021",1.53,27.77,"-13.925 144.225"
"10753286","2021-04-15T12:00:00Z",-13.975,144.425,"0.59",0,"27.900000000000002","0.6",0,2021-04-15,"04","2021",0.59,27.9,"-13.975 144.425"
"10753367","2021-04-15T12:00:00Z",-14.025,144.425,"0.6",0,"27.91","0.63",0,2021-04-15,"04","2021",0.6,27.91,"-14.025 144.425"
"10754440","2021-04-15T12:00:00Z",-14.675,145.425,"0.3",0,"27.86","0.73",0,2021-04-15,"04","2021",0.3,27.86,"-14.675 145.425"
"10754444","2021-04-15T12:00:00Z",-14.675,145.625,"0.0",0,"27.97","0.74",0,2021-04-15,"04","2021",0,27.97,"-14.675 145.625"
"10754521","2021-04-15T12:00:00Z",-14.725,145.425,"0.46",0,"27.87","0.75",0,2021-04-15,"04","2021",0.46,27.87,"-14.725 145.425"
"10754603","2021-04-15T12:00:00Z",-14.775,145.475,"0.31",0,"27.87","0.74",0,2021-04-15,"04","2021",0.31,27.87,"-14.775 145.475"
"10755093","2021-04-15T12:00:00Z",-15.075,145.675,"0.0",0,"27.89","0.6900000000000001",0,2021-04-15,"04","2021",0,27.89,"-15.075 145.675"
"10787703","2021-04-22T12:00:00Z",-13.875,144.025,"1.09",0,"28.330000000000002","1.33",0,2021-04-22,"04","2021",1.09,28.33,"-13.875 144.025"
"10787785","2021-04-22T12:00:00Z",-13.925,144.075,"1.3900000000000001",0,"28.36","1.37",0,2021-04-22,"04","2021",1.39,28.36,"-13.925 144.075"
"10787787","2021-04-22T12:00:00Z",-13.925,144.175,"1.23",0,"28.32","1.36",0,2021-04-22,"04","2021",1.23,28.32,"-13.925 144.175"
"10787788","2021-04-22T12:00:00Z",-13.925,144.225,"1.05",0,"28.310000000000002","1.35",0,2021-04-22,"04","2021",1.05,28.31,"-13.925 144.225"
"10787873","2021-04-22T12:00:00Z",-13.975,144.425,"0.29",0,"28.310000000000002","1.3",0,2021-04-22,"04","2021",0.29,28.31,"-13.975 144.425"
"10787954","2021-04-22T12:00:00Z",-14.025,144.425,"0.31",0,"28.32","1.34",0,2021-04-22,"04","2021",0.31,28.32,"-14.025 144.425"
"10789027","2021-04-22T12:00:00Z",-14.675,145.425,"0.3",0,"28.03","1.2",0,2021-04-22,"04","2021",0.3,28.03,"-14.675 145.425"
"10789031","2021-04-22T12:00:00Z",-14.675,145.625,"0.0",0,"28.2","1.24",0,2021-04-22,"04","2021",0,28.2,"-14.675 145.625"
"10789108","2021-04-22T12:00:00Z",-14.725,145.425,"0.46",0,"28.01","1.19",0,2021-04-22,"04","2021",0.46,28.01,"-14.725 145.425"
"10789190","2021-04-22T12:00:00Z",-14.775,145.475,"0.31",0,"28.02","1.19",0,2021-04-22,"04","2021",0.31,28.02,"-14.775 145.475"
"10789680","2021-04-22T12:00:00Z",-15.075,145.675,"0.0",0,"27.86","0.92",0,2021-04-22,"04","2021",0,27.86,"-15.075 145.675"
"10822290","2021-04-29T12:00:00Z",-13.875,144.025,"0.9400000000000001",0,"27.5","0.79",0,2021-04-29,"04","2021",0.94,27.5,"-13.875 144.025"
"10822372","2021-04-29T12:00:00Z",-13.925,144.075,"1.23",0,"27.45","0.75",0,2021-04-29,"04","2021",1.23,27.45,"-13.925 144.075"
"10822374","2021-04-29T12:00:00Z",-13.925,144.175,"1.23",0,"27.400000000000002","0.73",0,2021-04-29,"04","2021",1.23,27.4,"-13.925 144.175"
"10822375","2021-04-29T12:00:00Z",-13.925,144.225,"1.05",0,"27.400000000000002","0.72",0,2021-04-29,"04","2021",1.05,27.4,"-13.925 144.225"
"10822460","2021-04-29T12:00:00Z",-13.975,144.425,"0.29",0,"27.38","0.67",0,2021-04-29,"04","2021",0.29,27.38,"-13.975 144.425"
"10822541","2021-04-29T12:00:00Z",-14.025,144.425,"0.31",0,"27.32","0.64",0,2021-04-29,"04","2021",0.31,27.32,"-14.025 144.425"
"10823614","2021-04-29T12:00:00Z",-14.675,145.425,"0.3",0,"27.29","0.75",0,2021-04-29,"04","2021",0.3,27.29,"-14.675 145.425"
"10823618","2021-04-29T12:00:00Z",-14.675,145.625,"0.0",0,"27.44","0.74",0,2021-04-29,"04","2021",0,27.44,"-14.675 145.625"
"10823695","2021-04-29T12:00:00Z",-14.725,145.425,"0.46",0,"27.26","0.75",0,2021-04-29,"04","2021",0.46,27.26,"-14.725 145.425"
"10823777","2021-04-29T12:00:00Z",-14.775,145.475,"0.31",0,"27.29","0.76",0,2021-04-29,"04","2021",0.31,27.29,"-14.775 145.475"
"10824267","2021-04-29T12:00:00Z",-15.075,145.675,"0.0",0,"27.18","0.51",0,2021-04-29,"04","2021",0,27.18,"-15.075 145.675"
"10856877","2021-05-06T12:00:00Z",-13.875,144.025,"0.29",0,"27.17","0.75",0,2021-05-06,"05","2021",0.29,27.17,"-13.875 144.025"
"10856959","2021-05-06T12:00:00Z",-13.925,144.075,"0.6",0,"27.11","0.7000000000000001",0,2021-05-06,"05","2021",0.6,27.11,"-13.925 144.075"
"10856961","2021-05-06T12:00:00Z",-13.925,144.175,"0.6",0,"27.01","0.63",0,2021-05-06,"05","2021",0.6,27.01,"-13.925 144.175"
"10856962","2021-05-06T12:00:00Z",-13.925,144.225,"0.45",0,"27.02","0.63",0,2021-05-06,"05","2021",0.45,27.02,"-13.925 144.225"
"10857047","2021-05-06T12:00:00Z",-13.975,144.425,"0.0",0,"26.87","0.45",0,2021-05-06,"05","2021",0,26.87,"-13.975 144.425"
"10857128","2021-05-06T12:00:00Z",-14.025,144.425,"0.0",0,"26.82","0.44",0,2021-05-06,"05","2021",0,26.82,"-14.025 144.425"
"10858201","2021-05-06T12:00:00Z",-14.675,145.425,"0.3",0,"26.8","0.56",0,2021-05-06,"05","2021",0.3,26.8,"-14.675 145.425"
"10858205","2021-05-06T12:00:00Z",-14.675,145.625,"0.0",0,"27.11","0.68",0,2021-05-06,"05","2021",0,27.11,"-14.675 145.625"
"10858282","2021-05-06T12:00:00Z",-14.725,145.425,"0.46",0,"26.75","0.54",0,2021-05-06,"05","2021",0.46,26.75,"-14.725 145.425"
"10858364","2021-05-06T12:00:00Z",-14.775,145.475,"0.31",0,"26.78","0.55",0,2021-05-06,"05","2021",0.31,26.78,"-14.775 145.475"
"10858854","2021-05-06T12:00:00Z",-15.075,145.675,"0.0",0,"26.97","0.56",0,2021-05-06,"05","2021",0,26.97,"-15.075 145.675"
"10891464","2021-05-13T12:00:00Z",-13.875,144.025,"0.15",0,"27.43","1.3",0,2021-05-13,"05","2021",0.15,27.43,"-13.875 144.025"
"10891546","2021-05-13T12:00:00Z",-13.925,144.075,"0.14",0,"27.38","1.26",0,2021-05-13,"05","2021",0.14,27.38,"-13.925 144.075"
"10891548","2021-05-13T12:00:00Z",-13.925,144.175,"0.15",0,"27.22","1.1300000000000001",0,2021-05-13,"05","2021",0.15,27.22,"-13.925 144.175"
"10891549","2021-05-13T12:00:00Z",-13.925,144.225,"0.15",0,"27.2","1.1",0,2021-05-13,"05","2021",0.15,27.2,"-13.925 144.225"
"10891634","2021-05-13T12:00:00Z",-13.975,144.425,"0.0",0,"27.28","1.16",0,2021-05-13,"05","2021",0,27.28,"-13.975 144.425"
"10891715","2021-05-13T12:00:00Z",-14.025,144.425,"0.0",0,"27.23","1.1400000000000001",0,2021-05-13,"05","2021",0,27.23,"-14.025 144.425"
"10892788","2021-05-13T12:00:00Z",-14.675,145.425,"0.0",0,"27.150000000000002","1.21",0,2021-05-13,"05","2021",0,27.15,"-14.675 145.425"
"10892792","2021-05-13T12:00:00Z",-14.675,145.625,"0.0",0,"27.66","1.49",0,2021-05-13,"05","2021",0,27.66,"-14.675 145.625"
"10892869","2021-05-13T12:00:00Z",-14.725,145.425,"0.0",0,"27.05","1.1400000000000001",0,2021-05-13,"05","2021",0,27.05,"-14.725 145.425"
"10892951","2021-05-13T12:00:00Z",-14.775,145.475,"0.0",0,"27.080000000000002","1.1400000000000001",0,2021-05-13,"05","2021",0,27.08,"-14.775 145.475"
"10893441","2021-05-13T12:00:00Z",-15.075,145.675,"0.0",0,"27.45","1.3",0,2021-05-13,"05","2021",0,27.45,"-15.075 145.675"
"10926051","2021-05-20T12:00:00Z",-13.875,144.025,"0.0",0,"26.2","0.39",0,2021-05-20,"05","2021",0,26.2,"-13.875 144.025"
"10926133","2021-05-20T12:00:00Z",-13.925,144.075,"0.0",0,"26.12","0.32",0,2021-05-20,"05","2021",0,26.12,"-13.925 144.075"
"10926135","2021-05-20T12:00:00Z",-13.925,144.175,"0.0",0,"26.11","0.33",0,2021-05-20,"05","2021",0,26.11,"-13.925 144.175"
"10926136","2021-05-20T12:00:00Z",-13.925,144.225,"0.0",0,"26.25","0.46",0,2021-05-20,"05","2021",0,26.25,"-13.925 144.225"
"10926221","2021-05-20T12:00:00Z",-13.975,144.425,"0.0",0,"26.55","0.73",0,2021-05-20,"05","2021",0,26.55,"-13.975 144.425"
"10926302","2021-05-20T12:00:00Z",-14.025,144.425,"0.0",0,"26.3","0.53",0,2021-05-20,"05","2021",0,26.3,"-14.025 144.425"
"10927375","2021-05-20T12:00:00Z",-14.675,145.425,"0.0",0,"26.19","0.56",0,2021-05-20,"05","2021",0,26.19,"-14.675 145.425"
"10927379","2021-05-20T12:00:00Z",-14.675,145.625,"0.0",0,"26.59","0.6900000000000001",0,2021-05-20,"05","2021",0,26.59,"-14.675 145.625"
"10927456","2021-05-20T12:00:00Z",-14.725,145.425,"0.0",0,"26.14","0.55",0,2021-05-20,"05","2021",0,26.14,"-14.725 145.425"
"10927538","2021-05-20T12:00:00Z",-14.775,145.475,"0.0",0,"26.23","0.6",0,2021-05-20,"05","2021",0,26.23,"-14.775 145.475"
"10928028","2021-05-20T12:00:00Z",-15.075,145.675,"0.0",0,"26.490000000000002","0.63",0,2021-05-20,"05","2021",0,26.49,"-15.075 145.675"
"10960638","2021-05-27T12:00:00Z",-13.875,144.025,"0.0",0,"25.48","0.0",0,2021-05-27,"05","2021",0,25.48,"-13.875 144.025"
"10960720","2021-05-27T12:00:00Z",-13.925,144.075,"0.0",0,"25.43","-0.04",0,2021-05-27,"05","2021",0,25.43,"-13.925 144.075"
"10960722","2021-05-27T12:00:00Z",-13.925,144.175,"0.0",0,"25.47","0.02",0,2021-05-27,"05","2021",0,25.47,"-13.925 144.175"
"10960723","2021-05-27T12:00:00Z",-13.925,144.225,"0.0",0,"25.55","0.08",0,2021-05-27,"05","2021",0,25.55,"-13.925 144.225"
"10960808","2021-05-27T12:00:00Z",-13.975,144.425,"0.0",0,"25.69","0.17",0,2021-05-27,"05","2021",0,25.69,"-13.975 144.425"
"10960889","2021-05-27T12:00:00Z",-14.025,144.425,"0.0",0,"25.55","0.11",0,2021-05-27,"05","2021",0,25.55,"-14.025 144.425"
"10961962","2021-05-27T12:00:00Z",-14.675,145.425,"0.0",0,"25.59","0.28",0,2021-05-27,"05","2021",0,25.59,"-14.675 145.425"
"10961966","2021-05-27T12:00:00Z",-14.675,145.625,"0.0",0,"26.03","0.4",0,2021-05-27,"05","2021",0,26.03,"-14.675 145.625"
"10962043","2021-05-27T12:00:00Z",-14.725,145.425,"0.0",0,"25.53","0.26",0,2021-05-27,"05","2021",0,25.53,"-14.725 145.425"
"10962125","2021-05-27T12:00:00Z",-14.775,145.475,"0.0",0,"25.59","0.27",0,2021-05-27,"05","2021",0,25.59,"-14.775 145.475"
"10962615","2021-05-27T12:00:00Z",-15.075,145.675,"0.0",0,"25.89","0.33",0,2021-05-27,"05","2021",0,25.89,"-15.075 145.675"
"10995225","2021-06-03T12:00:00Z",-13.875,144.025,"0.0",0,"25.04","-0.12",0,2021-06-03,"06","2021",0,25.04,"-13.875 144.025"
"10995307","2021-06-03T12:00:00Z",-13.925,144.075,"0.0",0,"24.990000000000002","-0.14",0,2021-06-03,"06","2021",0,24.99,"-13.925 144.075"
"10995309","2021-06-03T12:00:00Z",-13.925,144.175,"0.0",0,"24.98","-0.15",0,2021-06-03,"06","2021",0,24.98,"-13.925 144.175"
"10995310","2021-06-03T12:00:00Z",-13.925,144.225,"0.0",0,"25.09","-0.06",0,2021-06-03,"06","2021",0,25.09,"-13.925 144.225"
"10995395","2021-06-03T12:00:00Z",-13.975,144.425,"0.0",0,"25.25","0.04",0,2021-06-03,"06","2021",0,25.25,"-13.975 144.425"
"10995476","2021-06-03T12:00:00Z",-14.025,144.425,"0.0",0,"25.02","-0.09",0,2021-06-03,"06","2021",0,25.02,"-14.025 144.425"
"10996549","2021-06-03T12:00:00Z",-14.675,145.425,"0.0",0,"25.01","0.01",0,2021-06-03,"06","2021",0,25.01,"-14.675 145.425"
"10996553","2021-06-03T12:00:00Z",-14.675,145.625,"0.0",0,"25.57","0.2",0,2021-06-03,"06","2021",0,25.57,"-14.675 145.625"
"10996630","2021-06-03T12:00:00Z",-14.725,145.425,"0.0",0,"24.93","-0.03",0,2021-06-03,"06","2021",0,24.93,"-14.725 145.425"
"10996712","2021-06-03T12:00:00Z",-14.775,145.475,"0.0",0,"25.02","0.01",0,2021-06-03,"06","2021",0,25.02,"-14.775 145.475"
"10997202","2021-06-03T12:00:00Z",-15.075,145.675,"0.0",0,"25.42","0.16",0,2021-06-03,"06","2021",0,25.42,"-15.075 145.675"
"11029812","2021-06-10T12:00:00Z",-13.875,144.025,"0.0",0,"25.45","0.62",0,2021-06-10,"06","2021",0,25.45,"-13.875 144.025"
"11029894","2021-06-10T12:00:00Z",-13.925,144.075,"0.0",0,"25.38","0.58",0,2021-06-10,"06","2021",0,25.38,"-13.925 144.075"
"11029896","2021-06-10T12:00:00Z",-13.925,144.175,"0.0",0,"25.38","0.58",0,2021-06-10,"06","2021",0,25.38,"-13.925 144.175"
"11029897","2021-06-10T12:00:00Z",-13.925,144.225,"0.0",0,"25.44","0.61",0,2021-06-10,"06","2021",0,25.44,"-13.925 144.225"
"11029982","2021-06-10T12:00:00Z",-13.975,144.425,"0.0",0,"25.57","0.66",0,2021-06-10,"06","2021",0,25.57,"-13.975 144.425"
"11030063","2021-06-10T12:00:00Z",-14.025,144.425,"0.0",0,"25.42","0.64",0,2021-06-10,"06","2021",0,25.42,"-14.025 144.425"
"11031136","2021-06-10T12:00:00Z",-14.675,145.425,"0.0",0,"25.150000000000002","0.47000000000000003",0,2021-06-10,"06","2021",0,25.15,"-14.675 145.425"
"11031140","2021-06-10T12:00:00Z",-14.675,145.625,"0.0",0,"25.900000000000002","0.8",0,2021-06-10,"06","2021",0,25.9,"-14.675 145.625"
"11031217","2021-06-10T12:00:00Z",-14.725,145.425,"0.0",0,"25.05","0.41000000000000003",0,2021-06-10,"06","2021",0,25.05,"-14.725 145.425"
"11031299","2021-06-10T12:00:00Z",-14.775,145.475,"0.0",0,"25.13","0.43",0,2021-06-10,"06","2021",0,25.13,"-14.775 145.475"
"11031789","2021-06-10T12:00:00Z",-15.075,145.675,"0.0",0,"25.47","0.51",0,2021-06-10,"06","2021",0,25.47,"-15.075 145.675"
"11064399","2021-06-17T12:00:00Z",-13.875,144.025,"0.0",0,"26.1","1.56",0,2021-06-17,"06","2021",0,26.1,"-13.875 144.025"
"11064481","2021-06-17T12:00:00Z",-13.925,144.075,"0.0",0,"26.03","1.52",0,2021-06-17,"06","2021",0,26.03,"-13.925 144.075"
"11064483","2021-06-17T12:00:00Z",-13.925,144.175,"0.0",0,"26.07","1.55",0,2021-06-17,"06","2021",0,26.07,"-13.925 144.175"
"11064484","2021-06-17T12:00:00Z",-13.925,144.225,"0.0",0,"26.17","1.62",0,2021-06-17,"06","2021",0,26.17,"-13.925 144.225"
"11064569","2021-06-17T12:00:00Z",-13.975,144.425,"0.0",0,"26.53","1.8800000000000001",0,2021-06-17,"06","2021",0,26.53,"-13.975 144.425"
"11064650","2021-06-17T12:00:00Z",-14.025,144.425,"0.0",0,"26.37","1.86",0,2021-06-17,"06","2021",0,26.37,"-14.025 144.425"
"11065723","2021-06-17T12:00:00Z",-14.675,145.425,"0.0",0,"26.37","1.97",0,2021-06-17,"06","2021",0,26.37,"-14.675 145.425"
"11065727","2021-06-17T12:00:00Z",-14.675,145.625,"0.0",0,"26.64","1.77",0,2021-06-17,"06","2021",0,26.64,"-14.675 145.625"
"11065804","2021-06-17T12:00:00Z",-14.725,145.425,"0.0",0,"26.32","1.96",0,2021-06-17,"06","2021",0,26.32,"-14.725 145.425"
"11065886","2021-06-17T12:00:00Z",-14.775,145.475,"0.0",0,"26.34","1.9100000000000001",0,2021-06-17,"06","2021",0,26.34,"-14.775 145.475"
"11066376","2021-06-17T12:00:00Z",-15.075,145.675,"0.0",0,"26.38","1.67",0,2021-06-17,"06","2021",0,26.38,"-15.075 145.675"
"11098986","2021-06-24T12:00:00Z",-13.875,144.025,"0.0",0,"25.32","0.97",0,2021-06-24,"06","2021",0,25.32,"-13.875 144.025"
"11099068","2021-06-24T12:00:00Z",-13.925,144.075,"0.0",0,"25.26","0.93",0,2021-06-24,"06","2021",0,25.26,"-13.925 144.075"
"11099070","2021-06-24T12:00:00Z",-13.925,144.175,"0.0",0,"25.42","1.07",0,2021-06-24,"06","2021",0,25.42,"-13.925 144.175"
"11099071","2021-06-24T12:00:00Z",-13.925,144.225,"0.0",0,"25.53","1.1300000000000001",0,2021-06-24,"06","2021",0,25.53,"-13.925 144.225"
"11099156","2021-06-24T12:00:00Z",-13.975,144.425,"0.0",0,"25.830000000000002","1.32",0,2021-06-24,"06","2021",0,25.83,"-13.975 144.425"
"11099237","2021-06-24T12:00:00Z",-14.025,144.425,"0.0",0,"25.64","1.28",0,2021-06-24,"06","2021",0,25.64,"-14.025 144.425"
"11100310","2021-06-24T12:00:00Z",-14.675,145.425,"0.0",0,"25.38","1.1400000000000001",0,2021-06-24,"06","2021",0,25.38,"-14.675 145.425"
"11100314","2021-06-24T12:00:00Z",-14.675,145.625,"0.0",0,"26.080000000000002","1.36",0,2021-06-24,"06","2021",0,26.08,"-14.675 145.625"
"11100391","2021-06-24T12:00:00Z",-14.725,145.425,"0.0",0,"25.25","1.05",0,2021-06-24,"06","2021",0,25.25,"-14.725 145.425"
"11100473","2021-06-24T12:00:00Z",-14.775,145.475,"0.0",0,"25.35","1.08",0,2021-06-24,"06","2021",0,25.35,"-14.775 145.475"
"11100963","2021-06-24T12:00:00Z",-15.075,145.675,"0.0",0,"25.900000000000002","1.32",0,2021-06-24,"06","2021",0,25.9,"-15.075 145.675"
"11133573","2021-07-01T12:00:00Z",-13.875,144.025,"0.0",0,"25.490000000000002","1.32",0,2021-07-01,"07","2021",0,25.49,"-13.875 144.025"
"11133655","2021-07-01T12:00:00Z",-13.925,144.075,"0.0",0,"25.43","1.29",0,2021-07-01,"07","2021",0,25.43,"-13.925 144.075"
"11133657","2021-07-01T12:00:00Z",-13.925,144.175,"0.0",0,"25.42","1.23",0,2021-07-01,"07","2021",0,25.42,"-13.925 144.175"
"11133658","2021-07-01T12:00:00Z",-13.925,144.225,"0.0",0,"25.48","1.24",0,2021-07-01,"07","2021",0,25.48,"-13.925 144.225"
"11133743","2021-07-01T12:00:00Z",-13.975,144.425,"0.0",0,"25.77","1.4000000000000001",0,2021-07-01,"07","2021",0,25.77,"-13.975 144.425"
"11133824","2021-07-01T12:00:00Z",-14.025,144.425,"0.0",0,"25.6","1.3800000000000001",0,2021-07-01,"07","2021",0,25.6,"-14.025 144.425"
"11134897","2021-07-01T12:00:00Z",-14.675,145.425,"0.0",0,"25.32","1.24",0,2021-07-01,"07","2021",0,25.32,"-14.675 145.425"
"11134901","2021-07-01T12:00:00Z",-14.675,145.625,"0.0",0,"25.88","1.32",0,2021-07-01,"07","2021",0,25.88,"-14.675 145.625"
"11134978","2021-07-01T12:00:00Z",-14.725,145.425,"0.0",0,"25.27","1.24",0,2021-07-01,"07","2021",0,25.27,"-14.725 145.425"
"11135060","2021-07-01T12:00:00Z",-14.775,145.475,"0.0",0,"25.38","1.28",0,2021-07-01,"07","2021",0,25.38,"-14.775 145.475"
"11135550","2021-07-01T12:00:00Z",-15.075,145.675,"0.0",0,"25.73","1.28",0,2021-07-01,"07","2021",0,25.73,"-15.075 145.675"
"11168160","2021-07-08T12:00:00Z",-13.875,144.025,"0.0",0,"25.32","1.34",0,2021-07-08,"07","2021",0,25.32,"-13.875 144.025"
"11168242","2021-07-08T12:00:00Z",-13.925,144.075,"0.0",0,"25.25","1.29",0,2021-07-08,"07","2021",0,25.25,"-13.925 144.075"
"11168244","2021-07-08T12:00:00Z",-13.925,144.175,"0.0",0,"25.21","1.19",0,2021-07-08,"07","2021",0,25.21,"-13.925 144.175"
"11168245","2021-07-08T12:00:00Z",-13.925,144.225,"0.0",0,"25.26","1.18",0,2021-07-08,"07","2021",0,25.26,"-13.925 144.225"
"11168330","2021-07-08T12:00:00Z",-13.975,144.425,"0.0",0,"25.5","1.27",0,2021-07-08,"07","2021",0,25.5,"-13.975 144.425"
"11168411","2021-07-08T12:00:00Z",-14.025,144.425,"0.0",0,"25.310000000000002","1.24",0,2021-07-08,"07","2021",0,25.31,"-14.025 144.425"
"11169484","2021-07-08T12:00:00Z",-14.675,145.425,"0.0",0,"24.96","1.05",0,2021-07-08,"07","2021",0,24.96,"-14.675 145.425"
"11169488","2021-07-08T12:00:00Z",-14.675,145.625,"0.0",0,"25.47","1.06",0,2021-07-08,"07","2021",0,25.47,"-14.675 145.625"
"11169565","2021-07-08T12:00:00Z",-14.725,145.425,"0.0",0,"24.93","1.06",0,2021-07-08,"07","2021",0,24.93,"-14.725 145.425"
"11169647","2021-07-08T12:00:00Z",-14.775,145.475,"0.0",0,"25.02","1.08",0,2021-07-08,"07","2021",0,25.02,"-14.775 145.475"
"11170137","2021-07-08T12:00:00Z",-15.075,145.675,"0.0",0,"25.330000000000002","1.02",0,2021-07-08,"07","2021",0,25.33,"-15.075 145.675"
"11202747","2021-07-15T12:00:00Z",-13.875,144.025,"0.0",0,"25.18","1.3800000000000001",0,2021-07-15,"07","2021",0,25.18,"-13.875 144.025"
"11202829","2021-07-15T12:00:00Z",-13.925,144.075,"0.0",0,"25.13","1.35",0,2021-07-15,"07","2021",0,25.13,"-13.925 144.075"
"11202831","2021-07-15T12:00:00Z",-13.925,144.175,"0.0",0,"25.11","1.26",0,2021-07-15,"07","2021",0,25.11,"-13.925 144.175"
"11202832","2021-07-15T12:00:00Z",-13.925,144.225,"0.0",0,"25.13","1.21",0,2021-07-15,"07","2021",0,25.13,"-13.925 144.225"
"11202917","2021-07-15T12:00:00Z",-13.975,144.425,"0.0",0,"25.1","1.01",0,2021-07-15,"07","2021",0,25.1,"-13.975 144.425"
"11202998","2021-07-15T12:00:00Z",-14.025,144.425,"0.0",0,"24.97","1.04",0,2021-07-15,"07","2021",0,24.97,"-14.025 144.425"
"11204071","2021-07-15T12:00:00Z",-14.675,145.425,"0.0",0,"24.87","1.12",0,2021-07-15,"07","2021",0,24.87,"-14.675 145.425"
"11204075","2021-07-15T12:00:00Z",-14.675,145.625,"0.0",0,"25.400000000000002","1.1400000000000001",0,2021-07-15,"07","2021",0,25.4,"-14.675 145.625"
"11204152","2021-07-15T12:00:00Z",-14.725,145.425,"0.0",0,"24.79","1.09",0,2021-07-15,"07","2021",0,24.79,"-14.725 145.425"
"11204234","2021-07-15T12:00:00Z",-14.775,145.475,"0.0",0,"24.86","1.09",0,2021-07-15,"07","2021",0,24.86,"-14.775 145.475"
"11204724","2021-07-15T12:00:00Z",-15.075,145.675,"0.0",0,"25.11","0.93",0,2021-07-15,"07","2021",0,25.11,"-15.075 145.675"
"11237334","2021-07-22T12:00:00Z",-13.875,144.025,"0.0",0,"25.37","1.58",0,2021-07-22,"07","2021",0,25.37,"-13.875 144.025"
"11237416","2021-07-22T12:00:00Z",-13.925,144.075,"0.0",0,"25.25","1.49",0,2021-07-22,"07","2021",0,25.25,"-13.925 144.075"
"11237418","2021-07-22T12:00:00Z",-13.925,144.175,"0.0",0,"25.2","1.36",0,2021-07-22,"07","2021",0,25.2,"-13.925 144.175"
"11237419","2021-07-22T12:00:00Z",-13.925,144.225,"0.0",0,"25.240000000000002","1.34",0,2021-07-22,"07","2021",0,25.24,"-13.925 144.225"
"11237504","2021-07-22T12:00:00Z",-13.975,144.425,"0.0",0,"25.48","1.41",0,2021-07-22,"07","2021",0,25.48,"-13.975 144.425"
"11237585","2021-07-22T12:00:00Z",-14.025,144.425,"0.0",0,"25.35","1.44",0,2021-07-22,"07","2021",0,25.35,"-14.025 144.425"
"11238658","2021-07-22T12:00:00Z",-14.675,145.425,"0.0",0,"25.27","1.52",0,2021-07-22,"07","2021",0,25.27,"-14.675 145.425"
"11238662","2021-07-22T12:00:00Z",-14.675,145.625,"0.0",0,"25.69","1.47",0,2021-07-22,"07","2021",0,25.69,"-14.675 145.625"
"11238739","2021-07-22T12:00:00Z",-14.725,145.425,"0.0",0,"25.150000000000002","1.45",0,2021-07-22,"07","2021",0,25.15,"-14.725 145.425"
"11238821","2021-07-22T12:00:00Z",-14.775,145.475,"0.0",0,"25.16","1.4000000000000001",0,2021-07-22,"07","2021",0,25.16,"-14.775 145.475"
"11239311","2021-07-22T12:00:00Z",-15.075,145.675,"0.0",0,"25.44","1.3",0,2021-07-22,"07","2021",0,25.44,"-15.075 145.675"
"11271921","2021-07-29T12:00:00Z",-13.875,144.025,"0.0",0,"25.42","1.6500000000000001",0,2021-07-29,"07","2021",0,25.42,"-13.875 144.025"
"11272003","2021-07-29T12:00:00Z",-13.925,144.075,"0.0",0,"25.35","1.6",0,2021-07-29,"07","2021",0,25.35,"-13.925 144.075"
"11272005","2021-07-29T12:00:00Z",-13.925,144.175,"0.0",0,"25.400000000000002","1.58",0,2021-07-29,"07","2021",0,25.4,"-13.925 144.175"
"11272006","2021-07-29T12:00:00Z",-13.925,144.225,"0.0",0,"25.51","1.62",0,2021-07-29,"07","2021",0,25.51,"-13.925 144.225"
"11272091","2021-07-29T12:00:00Z",-13.975,144.425,"0.0",0,"25.72","1.67",0,2021-07-29,"07","2021",0,25.72,"-13.975 144.425"
"11272172","2021-07-29T12:00:00Z",-14.025,144.425,"0.0",0,"25.53","1.6300000000000001",0,2021-07-29,"07","2021",0,25.53,"-14.025 144.425"
"11273245","2021-07-29T12:00:00Z",-14.675,145.425,"0.0",0,"25.19","1.45",0,2021-07-29,"07","2021",0,25.19,"-14.675 145.425"
"11273249","2021-07-29T12:00:00Z",-14.675,145.625,"0.0",0,"25.62","1.44",0,2021-07-29,"07","2021",0,25.62,"-14.675 145.625"
"11273326","2021-07-29T12:00:00Z",-14.725,145.425,"0.0",0,"25.150000000000002","1.46",0,2021-07-29,"07","2021",0,25.15,"-14.725 145.425"
"11273408","2021-07-29T12:00:00Z",-14.775,145.475,"0.0",0,"25.23","1.48",0,2021-07-29,"07","2021",0,25.23,"-14.775 145.475"
"11273898","2021-07-29T12:00:00Z",-15.075,145.675,"0.0",0,"25.67","1.58",0,2021-07-29,"07","2021",0,25.67,"-15.075 145.675"
"11306508","2021-08-05T12:00:00Z",-13.875,144.025,"0.0",0,"25.310000000000002","1.55",0,2021-08-05,"08","2021",0,25.31,"-13.875 144.025"
"11306590","2021-08-05T12:00:00Z",-13.925,144.075,"0.0",0,"25.25","1.52",0,2021-08-05,"08","2021",0,25.25,"-13.925 144.075"
"11306592","2021-08-05T12:00:00Z",-13.925,144.175,"0.0",0,"25.310000000000002","1.5",0,2021-08-05,"08","2021",0,25.31,"-13.925 144.175"
"11306593","2021-08-05T12:00:00Z",-13.925,144.225,"0.0",0,"25.400000000000002","1.53",0,2021-08-05,"08","2021",0,25.4,"-13.925 144.225"
"11306678","2021-08-05T12:00:00Z",-13.975,144.425,"0.0",0,"25.62","1.59",0,2021-08-05,"08","2021",0,25.62,"-13.975 144.425"
"11306759","2021-08-05T12:00:00Z",-14.025,144.425,"0.0",0,"25.47","1.59",0,2021-08-05,"08","2021",0,25.47,"-14.025 144.425"
"11307832","2021-08-05T12:00:00Z",-14.675,145.425,"0.0",0,"25.41","1.67",0,2021-08-05,"08","2021",0,25.41,"-14.675 145.425"
"11307836","2021-08-05T12:00:00Z",-14.675,145.625,"0.0",0,"25.79","1.6500000000000001",0,2021-08-05,"08","2021",0,25.79,"-14.675 145.625"
"11307913","2021-08-05T12:00:00Z",-14.725,145.425,"0.0",0,"25.330000000000002","1.6400000000000001",0,2021-08-05,"08","2021",0,25.33,"-14.725 145.425"
"11307995","2021-08-05T12:00:00Z",-14.775,145.475,"0.0",0,"25.37","1.6300000000000001",0,2021-08-05,"08","2021",0,25.37,"-14.775 145.475"
"11308485","2021-08-05T12:00:00Z",-15.075,145.675,"0.0",0,"25.66","1.61",0,2021-08-05,"08","2021",0,25.66,"-15.075 145.675"
"11341095","2021-08-12T12:00:00Z",-13.875,144.025,"0.0",0,"24.830000000000002","1.08",0,2021-08-12,"08","2021",0,24.83,"-13.875 144.025"
"11341177","2021-08-12T12:00:00Z",-13.925,144.075,"0.0",0,"24.79","1.07",0,2021-08-12,"08","2021",0,24.79,"-13.925 144.075"
"11341179","2021-08-12T12:00:00Z",-13.925,144.175,"0.0",0,"24.79","0.99",0,2021-08-12,"08","2021",0,24.79,"-13.925 144.175"
"11341180","2021-08-12T12:00:00Z",-13.925,144.225,"0.0",0,"24.85","0.99",0,2021-08-12,"08","2021",0,24.85,"-13.925 144.225"
"11341265","2021-08-12T12:00:00Z",-13.975,144.425,"0.0",0,"24.91","0.9",0,2021-08-12,"08","2021",0,24.91,"-13.975 144.425"
"11341346","2021-08-12T12:00:00Z",-14.025,144.425,"0.0",0,"24.78","0.91",0,2021-08-12,"08","2021",0,24.78,"-14.025 144.425"
"11342419","2021-08-12T12:00:00Z",-14.675,145.425,"0.0",0,"24.84","1.11",0,2021-08-12,"08","2021",0,24.84,"-14.675 145.425"
"11342423","2021-08-12T12:00:00Z",-14.675,145.625,"0.0",0,"25.37","1.26",0,2021-08-12,"08","2021",0,25.37,"-14.675 145.625"
"11342500","2021-08-12T12:00:00Z",-14.725,145.425,"0.0",0,"24.73","1.05",0,2021-08-12,"08","2021",0,24.73,"-14.725 145.425"
"11342582","2021-08-12T12:00:00Z",-14.775,145.475,"0.0",0,"24.810000000000002","1.09",0,2021-08-12,"08","2021",0,24.81,"-14.775 145.475"
"11343072","2021-08-12T12:00:00Z",-15.075,145.675,"0.0",0,"25.26","1.25",0,2021-08-12,"08","2021",0,25.26,"-15.075 145.675"
"11375682","2021-08-19T12:00:00Z",-13.875,144.025,"0.0",0,"24.72","0.88",0,2021-08-19,"08","2021",0,24.72,"-13.875 144.025"
"11375764","2021-08-19T12:00:00Z",-13.925,144.075,"0.0",0,"24.64","0.8300000000000001",0,2021-08-19,"08","2021",0,24.64,"-13.925 144.075"
"11375766","2021-08-19T12:00:00Z",-13.925,144.175,"0.0",0,"24.810000000000002","0.93",0,2021-08-19,"08","2021",0,24.81,"-13.925 144.175"
"11375767","2021-08-19T12:00:00Z",-13.925,144.225,"0.0",0,"24.97","1.03",0,2021-08-19,"08","2021",0,24.97,"-13.925 144.225"
"11375852","2021-08-19T12:00:00Z",-13.975,144.425,"0.0",0,"25.26","1.18",0,2021-08-19,"08","2021",0,25.26,"-13.975 144.425"
"11375933","2021-08-19T12:00:00Z",-14.025,144.425,"0.0",0,"25.09","1.1400000000000001",0,2021-08-19,"08","2021",0,25.09,"-14.025 144.425"
"11377006","2021-08-19T12:00:00Z",-14.675,145.425,"0.0",0,"24.77","0.9400000000000001",0,2021-08-19,"08","2021",0,24.77,"-14.675 145.425"
"11377010","2021-08-19T12:00:00Z",-14.675,145.625,"0.0",0,"25.16","1.0",0,2021-08-19,"08","2021",0,25.16,"-14.675 145.625"
"11377087","2021-08-19T12:00:00Z",-14.725,145.425,"0.0",0,"24.69","0.91",0,2021-08-19,"08","2021",0,24.69,"-14.725 145.425"
"11377169","2021-08-19T12:00:00Z",-14.775,145.475,"0.0",0,"24.73","0.92",0,2021-08-19,"08","2021",0,24.73,"-14.775 145.475"
"11377659","2021-08-19T12:00:00Z",-15.075,145.675,"0.0",0,"25.0","0.9400000000000001",0,2021-08-19,"08","2021",0,25,"-15.075 145.675"
"11410269","2021-08-26T12:00:00Z",-13.875,144.025,"0.0",0,"25.22","1.2",0,2021-08-26,"08","2021",0,25.22,"-13.875 144.025"
"11410351","2021-08-26T12:00:00Z",-13.925,144.075,"0.0",0,"25.19","1.2",0,2021-08-26,"08","2021",0,25.19,"-13.925 144.075"
"11410353","2021-08-26T12:00:00Z",-13.925,144.175,"0.0",0,"25.18","1.1400000000000001",0,2021-08-26,"08","2021",0,25.18,"-13.925 144.175"
"11410354","2021-08-26T12:00:00Z",-13.925,144.225,"0.0",0,"25.26","1.17",0,2021-08-26,"08","2021",0,25.26,"-13.925 144.225"
"11410439","2021-08-26T12:00:00Z",-13.975,144.425,"0.0",0,"25.57","1.35",0,2021-08-26,"08","2021",0,25.57,"-13.975 144.425"
"11410520","2021-08-26T12:00:00Z",-14.025,144.425,"0.0",0,"25.400000000000002","1.28",0,2021-08-26,"08","2021",0,25.4,"-14.025 144.425"
"11411593","2021-08-26T12:00:00Z",-14.675,145.425,"0.0",0,"25.150000000000002","1.1500000000000001",0,2021-08-26,"08","2021",0,25.15,"-14.675 145.425"
"11411597","2021-08-26T12:00:00Z",-14.675,145.625,"0.0",0,"25.63","1.34",0,2021-08-26,"08","2021",0,25.63,"-14.675 145.625"
"11411674","2021-08-26T12:00:00Z",-14.725,145.425,"0.0",0,"25.05","1.1",0,2021-08-26,"08","2021",0,25.05,"-14.725 145.425"
"11411756","2021-08-26T12:00:00Z",-14.775,145.475,"0.0",0,"25.080000000000002","1.1",0,2021-08-26,"08","2021",0,25.08,"-14.775 145.475"
"11412246","2021-08-26T12:00:00Z",-15.075,145.675,"0.0",0,"25.6","1.4000000000000001",0,2021-08-26,"08","2021",0,25.6,"-15.075 145.675"
"11444856","2021-09-02T12:00:00Z",-13.875,144.025,"0.0",0,"25.68","1.49",0,2021-09-02,"09","2021",0,25.68,"-13.875 144.025"
"11444938","2021-09-02T12:00:00Z",-13.925,144.075,"0.0",0,"25.66","1.49",0,2021-09-02,"09","2021",0,25.66,"-13.925 144.075"
"11444940","2021-09-02T12:00:00Z",-13.925,144.175,"0.0",0,"25.7","1.5",0,2021-09-02,"09","2021",0,25.7,"-13.925 144.175"
"11444941","2021-09-02T12:00:00Z",-13.925,144.225,"0.0",0,"25.740000000000002","1.5",0,2021-09-02,"09","2021",0,25.74,"-13.925 144.225"
"11445026","2021-09-02T12:00:00Z",-13.975,144.425,"0.0",0,"25.830000000000002","1.47",0,2021-09-02,"09","2021",0,25.83,"-13.975 144.425"
"11445107","2021-09-02T12:00:00Z",-14.025,144.425,"0.0",0,"25.740000000000002","1.46",0,2021-09-02,"09","2021",0,25.74,"-14.025 144.425"
"11446180","2021-09-02T12:00:00Z",-14.675,145.425,"0.0",0,"25.41","1.24",0,2021-09-02,"09","2021",0,25.41,"-14.675 145.425"
"11446184","2021-09-02T12:00:00Z",-14.675,145.625,"0.0",0,"25.76","1.35",0,2021-09-02,"09","2021",0,25.76,"-14.675 145.625"
"11446261","2021-09-02T12:00:00Z",-14.725,145.425,"0.0",0,"25.38","1.26",0,2021-09-02,"09","2021",0,25.38,"-14.725 145.425"
"11446343","2021-09-02T12:00:00Z",-14.775,145.475,"0.0",0,"25.42","1.28",0,2021-09-02,"09","2021",0,25.42,"-14.775 145.475"
"11446833","2021-09-02T12:00:00Z",-15.075,145.675,"0.0",0,"25.67","1.34",0,2021-09-02,"09","2021",0,25.67,"-15.075 145.675"
"11479443","2021-09-09T12:00:00Z",-13.875,144.025,"0.0",0,"25.38","1.01",0,2021-09-09,"09","2021",0,25.38,"-13.875 144.025"
"11479525","2021-09-09T12:00:00Z",-13.925,144.075,"0.0",0,"25.34","0.99",0,2021-09-09,"09","2021",0,25.34,"-13.925 144.075"
"11479527","2021-09-09T12:00:00Z",-13.925,144.175,"0.0",0,"25.37","1.01",0,2021-09-09,"09","2021",0,25.37,"-13.925 144.175"
"11479528","2021-09-09T12:00:00Z",-13.925,144.225,"0.0",0,"25.39","1.0",0,2021-09-09,"09","2021",0,25.39,"-13.925 144.225"
"11479613","2021-09-09T12:00:00Z",-13.975,144.425,"0.0",0,"25.39","0.89",0,2021-09-09,"09","2021",0,25.39,"-13.975 144.425"
"11479694","2021-09-09T12:00:00Z",-14.025,144.425,"0.0",0,"25.310000000000002","0.87",0,2021-09-09,"09","2021",0,25.31,"-14.025 144.425"
"11480767","2021-09-09T12:00:00Z",-14.675,145.425,"0.0",0,"25.35","1.02",0,2021-09-09,"09","2021",0,25.35,"-14.675 145.425"
"11480771","2021-09-09T12:00:00Z",-14.675,145.625,"0.0",0,"25.650000000000002","1.12",0,2021-09-09,"09","2021",0,25.65,"-14.675 145.625"
"11480848","2021-09-09T12:00:00Z",-14.725,145.425,"0.0",0,"25.26","0.97",0,2021-09-09,"09","2021",0,25.26,"-14.725 145.425"
"11480930","2021-09-09T12:00:00Z",-14.775,145.475,"0.0",0,"25.28","0.97",0,2021-09-09,"09","2021",0,25.28,"-14.775 145.475"
"11481420","2021-09-09T12:00:00Z",-15.075,145.675,"0.0",0,"25.43","0.97",0,2021-09-09,"09","2021",0,25.43,"-15.075 145.675"
"11514030","2021-09-16T12:00:00Z",-13.875,144.025,"0.0",0,"25.14","0.58",0,2021-09-16,"09","2021",0,25.14,"-13.875 144.025"
"11514112","2021-09-16T12:00:00Z",-13.925,144.075,"0.0",0,"25.09","0.55",0,2021-09-16,"09","2021",0,25.09,"-13.925 144.075"
"11514114","2021-09-16T12:00:00Z",-13.925,144.175,"0.0",0,"25.13","0.59",0,2021-09-16,"09","2021",0,25.13,"-13.925 144.175"
"11514115","2021-09-16T12:00:00Z",-13.925,144.225,"0.0",0,"25.21","0.65",0,2021-09-16,"09","2021",0,25.21,"-13.925 144.225"
"11514200","2021-09-16T12:00:00Z",-13.975,144.425,"0.0",0,"25.41","0.75",0,2021-09-16,"09","2021",0,25.41,"-13.975 144.425"
"11514281","2021-09-16T12:00:00Z",-14.025,144.425,"0.0",0,"25.27","0.65",0,2021-09-16,"09","2021",0,25.27,"-14.025 144.425"
"11515354","2021-09-16T12:00:00Z",-14.675,145.425,"0.0",0,"25.12","0.6",0,2021-09-16,"09","2021",0,25.12,"-14.675 145.425"
"11515358","2021-09-16T12:00:00Z",-14.675,145.625,"0.0",0,"25.490000000000002","0.8200000000000001",0,2021-09-16,"09","2021",0,25.49,"-14.675 145.625"
"11515435","2021-09-16T12:00:00Z",-14.725,145.425,"0.0",0,"25.03","0.55",0,2021-09-16,"09","2021",0,25.03,"-14.725 145.425"
"11515517","2021-09-16T12:00:00Z",-14.775,145.475,"0.0",0,"25.060000000000002","0.5700000000000001",0,2021-09-16,"09","2021",0,25.06,"-14.775 145.475"
"11516007","2021-09-16T12:00:00Z",-15.075,145.675,"0.0",0,"25.35","0.74",0,2021-09-16,"09","2021",0,25.35,"-15.075 145.675"
"11548617","2021-09-23T12:00:00Z",-13.875,144.025,"0.0",0,"24.52","-0.34",0,2021-09-23,"09","2021",0,24.52,"-13.875 144.025"
"11548699","2021-09-23T12:00:00Z",-13.925,144.075,"0.0",0,"24.48","-0.36",0,2021-09-23,"09","2021",0,24.48,"-13.925 144.075"
"11548701","2021-09-23T12:00:00Z",-13.925,144.175,"0.0",0,"24.580000000000002","-0.25",0,2021-09-23,"09","2021",0,24.58,"-13.925 144.175"
"11548702","2021-09-23T12:00:00Z",-13.925,144.225,"0.0",0,"24.7","-0.13",0,2021-09-23,"09","2021",0,24.7,"-13.925 144.225"
"11548787","2021-09-23T12:00:00Z",-13.975,144.425,"0.0",0,"24.900000000000002","-0.02",0,2021-09-23,"09","2021",0,24.9,"-13.975 144.425"
"11548868","2021-09-23T12:00:00Z",-14.025,144.425,"0.0",0,"24.73","-0.16",0,2021-09-23,"09","2021",0,24.73,"-14.025 144.425"
"11549941","2021-09-23T12:00:00Z",-14.675,145.425,"0.0",0,"24.55","-0.25",0,2021-09-23,"09","2021",0,24.55,"-14.675 145.425"
"11549945","2021-09-23T12:00:00Z",-14.675,145.625,"0.0",0,"25.01","0.1",0,2021-09-23,"09","2021",0,25.01,"-14.675 145.625"
"11550022","2021-09-23T12:00:00Z",-14.725,145.425,"0.0",0,"24.48","-0.3",0,2021-09-23,"09","2021",0,24.48,"-14.725 145.425"
"11550104","2021-09-23T12:00:00Z",-14.775,145.475,"0.0",0,"24.54","-0.24",0,2021-09-23,"09","2021",0,24.54,"-14.775 145.475"
"11550594","2021-09-23T12:00:00Z",-15.075,145.675,"0.0",0,"24.85","-0.01",0,2021-09-23,"09","2021",0,24.85,"-15.075 145.675"
"11583204","2021-09-30T12:00:00Z",-13.875,144.025,"0.0",0,"25.14","-0.01",0,2021-09-30,"09","2021",0,25.14,"-13.875 144.025"
"11583286","2021-09-30T12:00:00Z",-13.925,144.075,"0.0",0,"25.1","-0.05",0,2021-09-30,"09","2021",0,25.1,"-13.925 144.075"
"11583288","2021-09-30T12:00:00Z",-13.925,144.175,"0.0",0,"25.07","-0.04",0,2021-09-30,"09","2021",0,25.07,"-13.925 144.175"
"11583289","2021-09-30T12:00:00Z",-13.925,144.225,"0.0",0,"25.12","0.01",0,2021-09-30,"09","2021",0,25.12,"-13.925 144.225"
"11583374","2021-09-30T12:00:00Z",-13.975,144.425,"0.0",0,"25.38","0.21",0,2021-09-30,"09","2021",0,25.38,"-13.975 144.425"
"11583455","2021-09-30T12:00:00Z",-14.025,144.425,"0.0",0,"25.240000000000002","0.07",0,2021-09-30,"09","2021",0,25.24,"-14.025 144.425"
"11584528","2021-09-30T12:00:00Z",-14.675,145.425,"0.0",0,"25.14","0.06",0,2021-09-30,"09","2021",0,25.14,"-14.675 145.425"
"11584532","2021-09-30T12:00:00Z",-14.675,145.625,"0.0",0,"25.46","0.31",0,2021-09-30,"09","2021",0,25.46,"-14.675 145.625"
"11584609","2021-09-30T12:00:00Z",-14.725,145.425,"0.0",0,"25.1","0.03",0,2021-09-30,"09","2021",0,25.1,"-14.725 145.425"
"11584691","2021-09-30T12:00:00Z",-14.775,145.475,"0.0",0,"25.16","0.1",0,2021-09-30,"09","2021",0,25.16,"-14.775 145.475"
"11585181","2021-09-30T12:00:00Z",-15.075,145.675,"0.0",0,"25.36","0.24",0,2021-09-30,"09","2021",0,25.36,"-15.075 145.675"
"11617791","2021-10-07T12:00:00Z",-13.875,144.025,"0.0",0,"26.6","1.1500000000000001",0,2021-10-07,"10","2021",0,26.6,"-13.875 144.025"
"11617873","2021-10-07T12:00:00Z",-13.925,144.075,"0.0",0,"26.560000000000002","1.11",0,2021-10-07,"10","2021",0,26.56,"-13.925 144.075"
"11617875","2021-10-07T12:00:00Z",-13.925,144.175,"0.0",0,"26.34","0.9500000000000001",0,2021-10-07,"10","2021",0,26.34,"-13.925 144.175"
"11617876","2021-10-07T12:00:00Z",-13.925,144.225,"0.0",0,"26.25","0.86",0,2021-10-07,"10","2021",0,26.25,"-13.925 144.225"
"11617961","2021-10-07T12:00:00Z",-13.975,144.425,"0.0",0,"26.09","0.66",0,2021-10-07,"10","2021",0,26.09,"-13.975 144.425"
"11618042","2021-10-07T12:00:00Z",-14.025,144.425,"0.0",0,"26.080000000000002","0.63",0,2021-10-07,"10","2021",0,26.08,"-14.025 144.425"
"11619115","2021-10-07T12:00:00Z",-14.675,145.425,"0.0",0,"26.13","0.76",0,2021-10-07,"10","2021",0,26.13,"-14.675 145.425"
"11619119","2021-10-07T12:00:00Z",-14.675,145.625,"0.0",0,"26.3","0.91",0,2021-10-07,"10","2021",0,26.3,"-14.675 145.625"
"11619196","2021-10-07T12:00:00Z",-14.725,145.425,"0.0",0,"26.13","0.77",0,2021-10-07,"10","2021",0,26.13,"-14.725 145.425"
"11619278","2021-10-07T12:00:00Z",-14.775,145.475,"0.0",0,"26.13","0.78",0,2021-10-07,"10","2021",0,26.13,"-14.775 145.475"
"11619768","2021-10-07T12:00:00Z",-15.075,145.675,"0.0",0,"26.22","0.84",0,2021-10-07,"10","2021",0,26.22,"-15.075 145.675"
"11652378","2021-10-14T12:00:00Z",-13.875,144.025,"0.0",0,"27.080000000000002","1.33",0,2021-10-14,"10","2021",0,27.08,"-13.875 144.025"
"11652460","2021-10-14T12:00:00Z",-13.925,144.075,"0.0",0,"27.03","1.28",0,2021-10-14,"10","2021",0,27.03,"-13.925 144.075"
"11652462","2021-10-14T12:00:00Z",-13.925,144.175,"0.0",0,"26.84","1.16",0,2021-10-14,"10","2021",0,26.84,"-13.925 144.175"
"11652463","2021-10-14T12:00:00Z",-13.925,144.225,"0.0",0,"26.78","1.12",0,2021-10-14,"10","2021",0,26.78,"-13.925 144.225"
"11652548","2021-10-14T12:00:00Z",-13.975,144.425,"0.0",0,"26.7","1.01",0,2021-10-14,"10","2021",0,26.7,"-13.975 144.425"
"11652629","2021-10-14T12:00:00Z",-14.025,144.425,"0.0",0,"26.67","0.9500000000000001",0,2021-10-14,"10","2021",0,26.67,"-14.025 144.425"
"11653702","2021-10-14T12:00:00Z",-14.675,145.425,"0.0",0,"26.79","1.1400000000000001",0,2021-10-14,"10","2021",0,26.79,"-14.675 145.425"
"11653706","2021-10-14T12:00:00Z",-14.675,145.625,"0.0",0,"26.82","1.19",0,2021-10-14,"10","2021",0,26.82,"-14.675 145.625"
"11653783","2021-10-14T12:00:00Z",-14.725,145.425,"0.0",0,"26.810000000000002","1.1500000000000001",0,2021-10-14,"10","2021",0,26.81,"-14.725 145.425"
"11653865","2021-10-14T12:00:00Z",-14.775,145.475,"0.0",0,"26.82","1.18",0,2021-10-14,"10","2021",0,26.82,"-14.775 145.475"
"11654355","2021-10-14T12:00:00Z",-15.075,145.675,"0.0",0,"26.82","1.19",0,2021-10-14,"10","2021",0,26.82,"-15.075 145.675"
"11686965","2021-10-21T12:00:00Z",-13.875,144.025,"0.0",0,"28.16","2.06",0,2021-10-21,"10","2021",0,28.16,"-13.875 144.025"
"11687047","2021-10-21T12:00:00Z",-13.925,144.075,"0.0",0,"28.21","2.12",0,2021-10-21,"10","2021",0,28.21,"-13.925 144.075"
"11687049","2021-10-21T12:00:00Z",-13.925,144.175,"0.0",0,"27.94","1.92",0,2021-10-21,"10","2021",0,27.94,"-13.925 144.175"
"11687050","2021-10-21T12:00:00Z",-13.925,144.225,"0.0",0,"27.82","1.83",0,2021-10-21,"10","2021",0,27.82,"-13.925 144.225"
"11687135","2021-10-21T12:00:00Z",-13.975,144.425,"0.0",0,"27.650000000000002","1.6500000000000001",0,2021-10-21,"10","2021",0,27.65,"-13.975 144.425"
"11687216","2021-10-21T12:00:00Z",-14.025,144.425,"0.0",0,"27.63","1.59",0,2021-10-21,"10","2021",0,27.63,"-14.025 144.425"
"11688289","2021-10-21T12:00:00Z",-14.675,145.425,"0.0",0,"27.78","1.81",0,2021-10-21,"10","2021",0,27.78,"-14.675 145.425"
"11688293","2021-10-21T12:00:00Z",-14.675,145.625,"0.0",0,"27.67","1.75",0,2021-10-21,"10","2021",0,27.67,"-14.675 145.625"
"11688370","2021-10-21T12:00:00Z",-14.725,145.425,"0.0",0,"27.82","1.84",0,2021-10-21,"10","2021",0,27.82,"-14.725 145.425"
"11688452","2021-10-21T12:00:00Z",-14.775,145.475,"0.0",0,"27.71","1.75",0,2021-10-21,"10","2021",0,27.71,"-14.775 145.475"
"11688942","2021-10-21T12:00:00Z",-15.075,145.675,"0.0",0,"27.67","1.74",0,2021-10-21,"10","2021",0,27.67,"-15.075 145.675"
"11721552","2021-10-28T12:00:00Z",-13.875,144.025,"0.0",0,"27.75","1.29",0,2021-10-28,"10","2021",0,27.75,"-13.875 144.025"
"11721634","2021-10-28T12:00:00Z",-13.925,144.075,"0.0",0,"27.7","1.25",0,2021-10-28,"10","2021",0,27.7,"-13.925 144.075"
"11721636","2021-10-28T12:00:00Z",-13.925,144.175,"0.0",0,"27.59","1.23",0,2021-10-28,"10","2021",0,27.59,"-13.925 144.175"
"11721637","2021-10-28T12:00:00Z",-13.925,144.225,"0.0",0,"27.580000000000002","1.25",0,2021-10-28,"10","2021",0,27.58,"-13.925 144.225"
"11721722","2021-10-28T12:00:00Z",-13.975,144.425,"0.0",0,"27.61","1.29",0,2021-10-28,"10","2021",0,27.61,"-13.975 144.425"
"11721803","2021-10-28T12:00:00Z",-14.025,144.425,"0.0",0,"27.650000000000002","1.29",0,2021-10-28,"10","2021",0,27.65,"-14.025 144.425"
"11722876","2021-10-28T12:00:00Z",-14.675,145.425,"0.0",0,"27.400000000000002","1.11",0,2021-10-28,"10","2021",0,27.4,"-14.675 145.425"
"11722880","2021-10-28T12:00:00Z",-14.675,145.625,"0.0",0,"27.48","1.25",0,2021-10-28,"10","2021",0,27.48,"-14.675 145.625"
"11722957","2021-10-28T12:00:00Z",-14.725,145.425,"0.0",0,"27.38","1.08",0,2021-10-28,"10","2021",0,27.38,"-14.725 145.425"
"11723039","2021-10-28T12:00:00Z",-14.775,145.475,"0.0",0,"27.36","1.07",0,2021-10-28,"10","2021",0,27.36,"-14.775 145.475"
"11723529","2021-10-28T12:00:00Z",-15.075,145.675,"0.0",0,"27.38","1.1400000000000001",0,2021-10-28,"10","2021",0,27.38,"-15.075 145.675"
"11756139","2021-11-04T12:00:00Z",-13.875,144.025,"0.0",0,"27.93","1.11",0,2021-11-04,"11","2021",0,27.93,"-13.875 144.025"
"11756221","2021-11-04T12:00:00Z",-13.925,144.075,"0.0",0,"27.91","1.11",0,2021-11-04,"11","2021",0,27.91,"-13.925 144.075"
"11756223","2021-11-04T12:00:00Z",-13.925,144.175,"0.0",0,"27.830000000000002","1.12",0,2021-11-04,"11","2021",0,27.83,"-13.925 144.175"
"11756224","2021-11-04T12:00:00Z",-13.925,144.225,"0.0",0,"27.810000000000002","1.1400000000000001",0,2021-11-04,"11","2021",0,27.81,"-13.925 144.225"
"11756309","2021-11-04T12:00:00Z",-13.975,144.425,"0.0",0,"27.810000000000002","1.17",0,2021-11-04,"11","2021",0,27.81,"-13.975 144.425"
"11756390","2021-11-04T12:00:00Z",-14.025,144.425,"0.0",0,"27.87","1.18",0,2021-11-04,"11","2021",0,27.87,"-14.025 144.425"
"11757463","2021-11-04T12:00:00Z",-14.675,145.425,"0.0",0,"27.650000000000002","1.04",0,2021-11-04,"11","2021",0,27.65,"-14.675 145.425"
"11757467","2021-11-04T12:00:00Z",-14.675,145.625,"0.0",0,"27.61","1.07",0,2021-11-04,"11","2021",0,27.61,"-14.675 145.625"
"11757544","2021-11-04T12:00:00Z",-14.725,145.425,"0.0",0,"27.66","1.03",0,2021-11-04,"11","2021",0,27.66,"-14.725 145.425"
"11757626","2021-11-04T12:00:00Z",-14.775,145.475,"0.0",0,"27.63","1.01",0,2021-11-04,"11","2021",0,27.63,"-14.775 145.475"
"11758116","2021-11-04T12:00:00Z",-15.075,145.675,"0.0",0,"27.59","1.04",0,2021-11-04,"11","2021",0,27.59,"-15.075 145.675"
"11790726","2021-11-11T12:00:00Z",-13.875,144.025,"0.0",0,"28.69","1.52",0,2021-11-11,"11","2021",0,28.69,"-13.875 144.025"
"11790808","2021-11-11T12:00:00Z",-13.925,144.075,"0.0",0,"28.580000000000002","1.42",0,2021-11-11,"11","2021",0,28.58,"-13.925 144.075"
"11790810","2021-11-11T12:00:00Z",-13.925,144.175,"0.0",0,"28.3","1.25",0,2021-11-11,"11","2021",0,28.3,"-13.925 144.175"
"11790811","2021-11-11T12:00:00Z",-13.925,144.225,"0.0",0,"28.22","1.21",0,2021-11-11,"11","2021",0,28.22,"-13.925 144.225"
"11790896","2021-11-11T12:00:00Z",-13.975,144.425,"0.0",0,"28.060000000000002","1.1",0,2021-11-11,"11","2021",0,28.06,"-13.975 144.425"
"11790977","2021-11-11T12:00:00Z",-14.025,144.425,"0.0",0,"28.1","1.09",0,2021-11-11,"11","2021",0,28.1,"-14.025 144.425"
"11792050","2021-11-11T12:00:00Z",-14.675,145.425,"0.0",0,"28.14","1.2",0,2021-11-11,"11","2021",0,28.14,"-14.675 145.425"
"11792054","2021-11-11T12:00:00Z",-14.675,145.625,"0.0",0,"28.41","1.57",0,2021-11-11,"11","2021",0,28.41,"-14.675 145.625"
"11792131","2021-11-11T12:00:00Z",-14.725,145.425,"0.0",0,"28.16","1.21",0,2021-11-11,"11","2021",0,28.16,"-14.725 145.425"
"11792213","2021-11-11T12:00:00Z",-14.775,145.475,"0.0",0,"28.19","1.25",0,2021-11-11,"11","2021",0,28.19,"-14.775 145.475"
"11792703","2021-11-11T12:00:00Z",-15.075,145.675,"0.0",0,"28.22","1.37",0,2021-11-11,"11","2021",0,28.22,"-15.075 145.675"
"11825313","2021-11-18T12:00:00Z",-13.875,144.025,"0.0",0,"29.2","1.73",0,2021-11-18,"11","2021",0,29.2,"-13.875 144.025"
"11825395","2021-11-18T12:00:00Z",-13.925,144.075,"0.0",0,"29.16","1.71",0,2021-11-18,"11","2021",0,29.16,"-13.925 144.075"
"11825397","2021-11-18T12:00:00Z",-13.925,144.175,"0.0",0,"28.93","1.59",0,2021-11-18,"11","2021",0,28.93,"-13.925 144.175"
"11825398","2021-11-18T12:00:00Z",-13.925,144.225,"0.0",0,"28.87","1.58",0,2021-11-18,"11","2021",0,28.87,"-13.925 144.225"
"11825483","2021-11-18T12:00:00Z",-13.975,144.425,"0.0",0,"28.8","1.57",0,2021-11-18,"11","2021",0,28.8,"-13.975 144.425"
"11825564","2021-11-18T12:00:00Z",-14.025,144.425,"0.0",0,"28.86","1.57",0,2021-11-18,"11","2021",0,28.86,"-14.025 144.425"
"11826637","2021-11-18T12:00:00Z",-14.675,145.425,"0.0",0,"28.64","1.44",0,2021-11-18,"11","2021",0,28.64,"-14.675 145.425"
"11826641","2021-11-18T12:00:00Z",-14.675,145.625,"0.0",0,"28.580000000000002","1.47",0,2021-11-18,"11","2021",0,28.58,"-14.675 145.625"
"11826718","2021-11-18T12:00:00Z",-14.725,145.425,"0.0",0,"28.66","1.44",0,2021-11-18,"11","2021",0,28.66,"-14.725 145.425"
"11826800","2021-11-18T12:00:00Z",-14.775,145.475,"0.0",0,"28.6","1.3900000000000001",0,2021-11-18,"11","2021",0,28.6,"-14.775 145.475"
"11827290","2021-11-18T12:00:00Z",-15.075,145.675,"0.0",0,"28.53","1.42",0,2021-11-18,"11","2021",0,28.53,"-15.075 145.675"
"11859900","2021-11-25T12:00:00Z",-13.875,144.025,"0.0",0,"29.060000000000002","1.37",0,2021-11-25,"11","2021",0,29.06,"-13.875 144.025"
"11859982","2021-11-25T12:00:00Z",-13.925,144.075,"0.0",0,"29.0","1.33",0,2021-11-25,"11","2021",0,29,"-13.925 144.075"
"11859984","2021-11-25T12:00:00Z",-13.925,144.175,"0.0",0,"28.89","1.33",0,2021-11-25,"11","2021",0,28.89,"-13.925 144.175"
"11859985","2021-11-25T12:00:00Z",-13.925,144.225,"0.0",0,"28.85","1.34",0,2021-11-25,"11","2021",0,28.85,"-13.925 144.225"
"11860070","2021-11-25T12:00:00Z",-13.975,144.425,"0.0",0,"28.82","1.37",0,2021-11-25,"11","2021",0,28.82,"-13.975 144.425"
"11860151","2021-11-25T12:00:00Z",-14.025,144.425,"0.0",0,"28.88","1.37",0,2021-11-25,"11","2021",0,28.88,"-14.025 144.425"
"11861224","2021-11-25T12:00:00Z",-14.675,145.425,"0.0",0,"28.78","1.3900000000000001",0,2021-11-25,"11","2021",0,28.78,"-14.675 145.425"
"11861228","2021-11-25T12:00:00Z",-14.675,145.625,"0.0",0,"28.73","1.42",0,2021-11-25,"11","2021",0,28.73,"-14.675 145.625"
"11861305","2021-11-25T12:00:00Z",-14.725,145.425,"0.0",0,"28.78","1.37",0,2021-11-25,"11","2021",0,28.78,"-14.725 145.425"
"11861387","2021-11-25T12:00:00Z",-14.775,145.475,"0.0",0,"28.740000000000002","1.35",0,2021-11-25,"11","2021",0,28.74,"-14.775 145.475"
"11861877","2021-11-25T12:00:00Z",-15.075,145.675,"0.0",0,"28.560000000000002","1.26",0,2021-11-25,"11","2021",0,28.56,"-15.075 145.675"
"11894487","2021-12-02T12:00:00Z",-13.875,144.025,"0.15",0,"29.7","1.79",0,2021-12-02,"12","2021",0.15,29.7,"-13.875 144.025"
"11894569","2021-12-02T12:00:00Z",-13.925,144.075,"0.15",0,"29.68","1.79",0,2021-12-02,"12","2021",0.15,29.68,"-13.925 144.075"
"11894571","2021-12-02T12:00:00Z",-13.925,144.175,"0.0",0,"29.55","1.77",0,2021-12-02,"12","2021",0,29.55,"-13.925 144.175"
"11894572","2021-12-02T12:00:00Z",-13.925,144.225,"0.0",0,"29.490000000000002","1.76",0,2021-12-02,"12","2021",0,29.49,"-13.925 144.225"
"11894657","2021-12-02T12:00:00Z",-13.975,144.425,"0.0",0,"29.28","1.61",0,2021-12-02,"12","2021",0,29.28,"-13.975 144.425"
"11894738","2021-12-02T12:00:00Z",-14.025,144.425,"0.0",0,"29.27","1.55",0,2021-12-02,"12","2021",0,29.27,"-14.025 144.425"
"11895811","2021-12-02T12:00:00Z",-14.675,145.425,"0.0",0,"29.35","1.77",0,2021-12-02,"12","2021",0,29.35,"-14.675 145.425"
"11895815","2021-12-02T12:00:00Z",-14.675,145.625,"0.0",0,"29.38","1.87",0,2021-12-02,"12","2021",0,29.38,"-14.675 145.625"
"11895892","2021-12-02T12:00:00Z",-14.725,145.425,"0.0",0,"29.32","1.73",0,2021-12-02,"12","2021",0,29.32,"-14.725 145.425"
"11895974","2021-12-02T12:00:00Z",-14.775,145.475,"0.0",0,"29.27","1.69",0,2021-12-02,"12","2021",0,29.27,"-14.775 145.475"
"11896464","2021-12-02T12:00:00Z",-15.075,145.675,"0.0",0,"29.32","1.84",0,2021-12-02,"12","2021",0,29.32,"-15.075 145.675"
"11929074","2021-12-09T12:00:00Z",-13.875,144.025,"0.52",0,"29.72","1.59",0,2021-12-09,"12","2021",0.52,29.72,"-13.875 144.025"
"11929156","2021-12-09T12:00:00Z",-13.925,144.075,"0.51",0,"29.650000000000002","1.54",0,2021-12-09,"12","2021",0.51,29.65,"-13.925 144.075"
"11929158","2021-12-09T12:00:00Z",-13.925,144.175,"0.34",0,"29.52","1.53",0,2021-12-09,"12","2021",0.34,29.52,"-13.925 144.175"
"11929159","2021-12-09T12:00:00Z",-13.925,144.225,"0.33",0,"29.48","1.54",0,2021-12-09,"12","2021",0.33,29.48,"-13.925 144.225"
"11929244","2021-12-09T12:00:00Z",-13.975,144.425,"0.14",0,"29.44","1.55",0,2021-12-09,"12","2021",0.14,29.44,"-13.975 144.425"
"11929325","2021-12-09T12:00:00Z",-14.025,144.425,"0.0",0,"29.46","1.52",0,2021-12-09,"12","2021",0,29.46,"-14.025 144.425"
"11930398","2021-12-09T12:00:00Z",-14.675,145.425,"0.0",0,"29.18","1.41",0,2021-12-09,"12","2021",0,29.18,"-14.675 145.425"
"11930402","2021-12-09T12:00:00Z",-14.675,145.625,"0.0",0,"29.28","1.56",0,2021-12-09,"12","2021",0,29.28,"-14.675 145.625"
"11930479","2021-12-09T12:00:00Z",-14.725,145.425,"0.0",0,"29.19","1.41",0,2021-12-09,"12","2021",0,29.19,"-14.725 145.425"
"11930561","2021-12-09T12:00:00Z",-14.775,145.475,"0.0",0,"29.16","1.4000000000000001",0,2021-12-09,"12","2021",0,29.16,"-14.775 145.475"
"11931051","2021-12-09T12:00:00Z",-15.075,145.675,"0.0",0,"29.09","1.42",0,2021-12-09,"12","2021",0,29.09,"-15.075 145.675"
"11963661","2021-12-16T12:00:00Z",-13.875,144.025,"1.67",0,"29.64","1.31",0,2021-12-16,"12","2021",1.67,29.64,"-13.875 144.025"
"11963743","2021-12-16T12:00:00Z",-13.925,144.075,"1.61",0,"29.59","1.28",0,2021-12-16,"12","2021",1.61,29.59,"-13.925 144.075"
"11963745","2021-12-16T12:00:00Z",-13.925,144.175,"1.22",0,"29.39","1.2",0,2021-12-16,"12","2021",1.22,29.39,"-13.925 144.175"
"11963746","2021-12-16T12:00:00Z",-13.925,144.225,"1.19",0,"29.36","1.22",0,2021-12-16,"12","2021",1.19,29.36,"-13.925 144.225"
"11963831","2021-12-16T12:00:00Z",-13.975,144.425,"0.9400000000000001",0,"29.43","1.33",0,2021-12-16,"12","2021",0.94,29.43,"-13.975 144.425"
"11963912","2021-12-16T12:00:00Z",-14.025,144.425,"0.78",0,"29.45","1.31",0,2021-12-16,"12","2021",0.78,29.45,"-14.025 144.425"
"11964985","2021-12-16T12:00:00Z",-14.675,145.425,"0.46",0,"29.37","1.42",0,2021-12-16,"12","2021",0.46,29.37,"-14.675 145.425"
"11964989","2021-12-16T12:00:00Z",-14.675,145.625,"0.81",0,"29.47","1.56",0,2021-12-16,"12","2021",0.81,29.47,"-14.675 145.625"
"11965066","2021-12-16T12:00:00Z",-14.725,145.425,"0.46",0,"29.38","1.42",0,2021-12-16,"12","2021",0.46,29.38,"-14.725 145.425"
"11965148","2021-12-16T12:00:00Z",-14.775,145.475,"0.45",0,"29.36","1.42",0,2021-12-16,"12","2021",0.45,29.36,"-14.775 145.475"
"11965638","2021-12-16T12:00:00Z",-15.075,145.675,"0.44",0,"29.34","1.49",0,2021-12-16,"12","2021",0.44,29.34,"-15.075 145.675"
"11998248","2021-12-23T12:00:00Z",-13.875,144.025,"2.14",0,"29.69","1.26",0,2021-12-23,"12","2021",2.14,29.69,"-13.875 144.025"
"11998330","2021-12-23T12:00:00Z",-13.925,144.075,"1.9000000000000001",0,"29.66","1.25",0,2021-12-23,"12","2021",1.9,29.66,"-13.925 144.075"
"11998332","2021-12-23T12:00:00Z",-13.925,144.175,"1.67",0,"29.57","1.28",0,2021-12-23,"12","2021",1.67,29.57,"-13.925 144.175"
"11998333","2021-12-23T12:00:00Z",-13.925,144.225,"1.6500000000000001",0,"29.54","1.29",0,2021-12-23,"12","2021",1.65,29.54,"-13.925 144.225"
"11998418","2021-12-23T12:00:00Z",-13.975,144.425,"0.9400000000000001",0,"29.46","1.26",0,2021-12-23,"12","2021",0.94,29.46,"-13.975 144.425"
"11998499","2021-12-23T12:00:00Z",-14.025,144.425,"0.78",0,"29.45","1.2",0,2021-12-23,"12","2021",0.78,29.45,"-14.025 144.425"
"11999572","2021-12-23T12:00:00Z",-14.675,145.425,"0.46",0,"29.400000000000002","1.32",0,2021-12-23,"12","2021",0.46,29.4,"-14.675 145.425"
"11999576","2021-12-23T12:00:00Z",-14.675,145.625,"0.96",0,"29.55","1.52",0,2021-12-23,"12","2021",0.96,29.55,"-14.675 145.625"
"11999653","2021-12-23T12:00:00Z",-14.725,145.425,"0.46",0,"29.39","1.3",0,2021-12-23,"12","2021",0.46,29.39,"-14.725 145.425"
"11999735","2021-12-23T12:00:00Z",-14.775,145.475,"0.45",0,"29.38","1.31",0,2021-12-23,"12","2021",0.45,29.38,"-14.775 145.475"
"12000225","2021-12-23T12:00:00Z",-15.075,145.675,"0.44",0,"29.46","1.47",0,2021-12-23,"12","2021",0.44,29.46,"-15.075 145.675"
"12032835","2021-12-30T12:00:00Z",-13.875,144.025,"2.8000000000000003",0,"29.650000000000002","1.1300000000000001",0,2021-12-30,"12","2021",2.8,29.65,"-13.875 144.025"
"12032917","2021-12-30T12:00:00Z",-13.925,144.075,"2.4",0,"29.61","1.1",0,2021-12-30,"12","2021",2.4,29.61,"-13.925 144.075"
"12032919","2021-12-30T12:00:00Z",-13.925,144.175,"2.48",0,"29.57","1.18",0,2021-12-30,"12","2021",2.48,29.57,"-13.925 144.175"
"12032920","2021-12-30T12:00:00Z",-13.925,144.225,"2.62",0,"29.55","1.2",0,2021-12-30,"12","2021",2.62,29.55,"-13.925 144.225"
"12033005","2021-12-30T12:00:00Z",-13.975,144.425,"1.8900000000000001",0,"29.48","1.17",0,2021-12-30,"12","2021",1.89,29.48,"-13.975 144.425"
"12033086","2021-12-30T12:00:00Z",-14.025,144.425,"1.3800000000000001",0,"29.43","1.07",0,2021-12-30,"12","2021",1.38,29.43,"-14.025 144.425"
"12034159","2021-12-30T12:00:00Z",-14.675,145.425,"0.78",0,"29.09","0.88",0,2021-12-30,"12","2021",0.78,29.09,"-14.675 145.425"
"12034163","2021-12-30T12:00:00Z",-14.675,145.625,"1.84",0,"29.150000000000002","1.0",0,2021-12-30,"12","2021",1.84,29.15,"-14.675 145.625"
"12034240","2021-12-30T12:00:00Z",-14.725,145.425,"0.64",0,"29.07","0.84",0,2021-12-30,"12","2021",0.64,29.07,"-14.725 145.425"
"12034322","2021-12-30T12:00:00Z",-14.775,145.475,"0.78",0,"29.09","0.88",0,2021-12-30,"12","2021",0.78,29.09,"-14.775 145.475"
"12034812","2021-12-30T12:00:00Z",-15.075,145.675,"1.11",0,"29.21","1.08",0,2021-12-30,"12","2021",1.11,29.21,"-15.075 145.675"
"12067422","2022-01-06T12:00:00Z",-13.875,144.025,"2.95",0,"29.67","1.06",0,2022-01-06,"01","2022",2.95,29.67,"-13.875 144.025"
"12067504","2022-01-06T12:00:00Z",-13.925,144.075,"2.7",0,"29.73","1.12",0,2022-01-06,"01","2022",2.7,29.73,"-13.925 144.075"
"12067506","2022-01-06T12:00:00Z",-13.925,144.175,"2.94",0,"29.69","1.2",0,2022-01-06,"01","2022",2.94,29.69,"-13.925 144.175"
"12067507","2022-01-06T12:00:00Z",-13.925,144.225,"3.08",0,"29.67","1.22",0,2022-01-06,"01","2022",3.08,29.67,"-13.925 144.225"
"12067592","2022-01-06T12:00:00Z",-13.975,144.425,"2.34",0,"29.64","1.23",0,2022-01-06,"01","2022",2.34,29.64,"-13.975 144.425"
"12067673","2022-01-06T12:00:00Z",-14.025,144.425,"1.67",0,"29.650000000000002","1.18",0,2022-01-06,"01","2022",1.67,29.65,"-14.025 144.425"
"12068746","2022-01-06T12:00:00Z",-14.675,145.425,"1.57",0,"29.580000000000002","1.24",0,2022-01-06,"01","2022",1.57,29.58,"-14.675 145.425"
"12068750","2022-01-06T12:00:00Z",-14.675,145.625,"2.15",0,"29.41","1.1400000000000001",0,2022-01-06,"01","2022",2.15,29.41,"-14.675 145.625"
"12068827","2022-01-06T12:00:00Z",-14.725,145.425,"1.59",0,"29.61","1.25",0,2022-01-06,"01","2022",1.59,29.61,"-14.725 145.425"
"12068909","2022-01-06T12:00:00Z",-14.775,145.475,"1.87",0,"29.580000000000002","1.24",0,2022-01-06,"01","2022",1.87,29.58,"-14.775 145.475"
"12069399","2022-01-06T12:00:00Z",-15.075,145.675,"1.11",0,"29.39","1.12",0,2022-01-06,"01","2022",1.11,29.39,"-15.075 145.675"
"12102009","2022-01-13T12:00:00Z",-13.875,144.025,"3.24",0,"29.34","0.64",0,2022-01-13,"01","2022",3.24,29.34,"-13.875 144.025"
"12102091","2022-01-13T12:00:00Z",-13.925,144.075,"3.02",0,"29.35","0.65",0,2022-01-13,"01","2022",3.02,29.35,"-13.925 144.075"
"12102093","2022-01-13T12:00:00Z",-13.925,144.175,"3.2600000000000002",0,"29.29","0.7000000000000001",0,2022-01-13,"01","2022",3.26,29.29,"-13.925 144.175"
"12102094","2022-01-13T12:00:00Z",-13.925,144.225,"3.4",0,"29.27","0.72",0,2022-01-13,"01","2022",3.4,29.27,"-13.925 144.225"
"12102179","2022-01-13T12:00:00Z",-13.975,144.425,"2.34",0,"29.22","0.7000000000000001",0,2022-01-13,"01","2022",2.34,29.22,"-13.975 144.425"
"12102260","2022-01-13T12:00:00Z",-14.025,144.425,"1.67",0,"29.23","0.65",0,2022-01-13,"01","2022",1.67,29.23,"-14.025 144.425"
"12103333","2022-01-13T12:00:00Z",-14.675,145.425,"1.8800000000000001",0,"29.1","0.63",0,2022-01-13,"01","2022",1.88,29.1,"-14.675 145.425"
"12103337","2022-01-13T12:00:00Z",-14.675,145.625,"2.47",0,"29.17","0.78",0,2022-01-13,"01","2022",2.47,29.17,"-14.675 145.625"
"12103414","2022-01-13T12:00:00Z",-14.725,145.425,"1.9100000000000001",0,"29.13","0.64",0,2022-01-13,"01","2022",1.91,29.13,"-14.725 145.425"
"12103496","2022-01-13T12:00:00Z",-14.775,145.475,"2.0300000000000002",0,"29.12","0.65",0,2022-01-13,"01","2022",2.03,29.12,"-14.775 145.475"
"12103986","2022-01-13T12:00:00Z",-15.075,145.675,"1.27",0,"29.03","0.62",0,2022-01-13,"01","2022",1.27,29.03,"-15.075 145.675"
"12136596","2022-01-20T12:00:00Z",-13.875,144.025,"3.24",0,"29.42","0.71",0,2022-01-20,"01","2022",3.24,29.42,"-13.875 144.025"
"12136678","2022-01-20T12:00:00Z",-13.925,144.075,"3.16",0,"29.46","0.75",0,2022-01-20,"01","2022",3.16,29.46,"-13.925 144.075"
"12136680","2022-01-20T12:00:00Z",-13.925,144.175,"3.41",0,"29.52","0.91",0,2022-01-20,"01","2022",3.41,29.52,"-13.925 144.175"
"12136681","2022-01-20T12:00:00Z",-13.925,144.225,"3.7",0,"29.560000000000002","0.98",0,2022-01-20,"01","2022",3.7,29.56,"-13.925 144.225"
"12136766","2022-01-20T12:00:00Z",-13.975,144.425,"2.97",0,"29.66","1.11",0,2022-01-20,"01","2022",2.97,29.66,"-13.975 144.425"
"12136847","2022-01-20T12:00:00Z",-14.025,144.425,"2.15",0,"29.69","1.08",0,2022-01-20,"01","2022",2.15,29.69,"-14.025 144.425"
"12137920","2022-01-20T12:00:00Z",-14.675,145.425,"2.04",0,"29.52","1.0",0,2022-01-20,"01","2022",2.04,29.52,"-14.675 145.425"
"12137924","2022-01-20T12:00:00Z",-14.675,145.625,"2.64",0,"29.45","1.01",0,2022-01-20,"01","2022",2.64,29.45,"-14.675 145.625"
"12138001","2022-01-20T12:00:00Z",-14.725,145.425,"2.07",0,"29.51","0.97",0,2022-01-20,"01","2022",2.07,29.51,"-14.725 145.425"
"12138083","2022-01-20T12:00:00Z",-14.775,145.475,"2.19",0,"29.46","0.9400000000000001",0,2022-01-20,"01","2022",2.19,29.46,"-14.775 145.475"
"12138573","2022-01-20T12:00:00Z",-15.075,145.675,"1.42",0,"29.51","1.04",0,2022-01-20,"01","2022",1.42,29.51,"-15.075 145.675"
"12171183","2022-01-27T12:00:00Z",-13.875,144.025,"3.69",0,"29.76","1.07",0,2022-01-27,"01","2022",3.69,29.76,"-13.875 144.025"
"12171265","2022-01-27T12:00:00Z",-13.925,144.075,"3.46",0,"29.71","1.02",0,2022-01-27,"01","2022",3.46,29.71,"-13.925 144.075"
"12171267","2022-01-27T12:00:00Z",-13.925,144.175,"4.18",0,"29.68","1.08",0,2022-01-27,"01","2022",4.18,29.68,"-13.925 144.175"
"12171268","2022-01-27T12:00:00Z",-13.925,144.225,"4.49",0,"29.68","1.11",0,2022-01-27,"01","2022",4.49,29.68,"-13.925 144.225"
"12171353","2022-01-27T12:00:00Z",-13.975,144.425,"3.74",0,"29.67","1.11",0,2022-01-27,"01","2022",3.74,29.67,"-13.975 144.425"
"12171434","2022-01-27T12:00:00Z",-14.025,144.425,"2.75",0,"29.63","1.02",0,2022-01-27,"01","2022",2.75,29.63,"-14.025 144.425"
"12172507","2022-01-27T12:00:00Z",-14.675,145.425,"2.04",0,"29.45","0.91",0,2022-01-27,"01","2022",2.04,29.45,"-14.675 145.425"
"12172511","2022-01-27T12:00:00Z",-14.675,145.625,"2.64",0,"29.46","0.99",0,2022-01-27,"01","2022",2.64,29.46,"-14.675 145.625"
"12172588","2022-01-27T12:00:00Z",-14.725,145.425,"2.07",0,"29.44","0.89",0,2022-01-27,"01","2022",2.07,29.44,"-14.725 145.425"
"12172670","2022-01-27T12:00:00Z",-14.775,145.475,"2.19",0,"29.43","0.89",0,2022-01-27,"01","2022",2.19,29.43,"-14.775 145.475"
"12173160","2022-01-27T12:00:00Z",-15.075,145.675,"1.42",0,"29.330000000000002","0.8200000000000001",0,2022-01-27,"01","2022",1.42,29.33,"-15.075 145.675"
"12205770","2022-02-03T12:00:00Z",-13.875,144.025,"3.99",0,"29.5","0.84",0,2022-02-03,"02","2022",3.99,29.5,"-13.875 144.025"
"12205852","2022-02-03T12:00:00Z",-13.925,144.075,"3.6",0,"29.490000000000002","0.8200000000000001",0,2022-02-03,"02","2022",3.6,29.49,"-13.925 144.075"
"12205854","2022-02-03T12:00:00Z",-13.925,144.175,"4.49",0,"29.48","0.88",0,2022-02-03,"02","2022",4.49,29.48,"-13.925 144.175"
"12205855","2022-02-03T12:00:00Z",-13.925,144.225,"4.96",0,"29.490000000000002","0.92",0,2022-02-03,"02","2022",4.96,29.49,"-13.925 144.225"
"12205940","2022-02-03T12:00:00Z",-13.975,144.425,"4.2",0,"29.5","0.93",0,2022-02-03,"02","2022",4.2,29.5,"-13.975 144.425"
"12206021","2022-02-03T12:00:00Z",-14.025,144.425,"2.9",0,"29.47","0.85",0,2022-02-03,"02","2022",2.9,29.47,"-14.025 144.425"
"12207094","2022-02-03T12:00:00Z",-14.675,145.425,"2.04",0,"29.35","0.79",0,2022-02-03,"02","2022",2.04,29.35,"-14.675 145.425"
"12207098","2022-02-03T12:00:00Z",-14.675,145.625,"2.64",0,"29.53","1.02",0,2022-02-03,"02","2022",2.64,29.53,"-14.675 145.625"
"12207175","2022-02-03T12:00:00Z",-14.725,145.425,"2.07",0,"29.330000000000002","0.76",0,2022-02-03,"02","2022",2.07,29.33,"-14.725 145.425"
"12207257","2022-02-03T12:00:00Z",-14.775,145.475,"2.19",0,"29.34","0.79",0,2022-02-03,"02","2022",2.19,29.34,"-14.775 145.475"
"12207747","2022-02-03T12:00:00Z",-15.075,145.675,"1.42",0,"29.46","0.92",0,2022-02-03,"02","2022",1.42,29.46,"-15.075 145.675"
"12240357","2022-02-10T12:00:00Z",-13.875,144.025,"3.99",0,"29.18","0.54",0,2022-02-10,"02","2022",3.99,29.18,"-13.875 144.025"
"12240439","2022-02-10T12:00:00Z",-13.925,144.075,"3.6",0,"29.150000000000002","0.5",0,2022-02-10,"02","2022",3.6,29.15,"-13.925 144.075"
"12240441","2022-02-10T12:00:00Z",-13.925,144.175,"4.49",0,"29.0","0.41000000000000003",0,2022-02-10,"02","2022",4.49,29,"-13.925 144.175"
"12240442","2022-02-10T12:00:00Z",-13.925,144.225,"4.96",0,"28.990000000000002","0.43",0,2022-02-10,"02","2022",4.96,28.99,"-13.925 144.225"
"12240527","2022-02-10T12:00:00Z",-13.975,144.425,"4.2",0,"29.01","0.43",0,2022-02-10,"02","2022",4.2,29.01,"-13.975 144.425"
"12240608","2022-02-10T12:00:00Z",-14.025,144.425,"2.9",0,"29.0","0.38",0,2022-02-10,"02","2022",2.9,29,"-14.025 144.425"
"12241681","2022-02-10T12:00:00Z",-14.675,145.425,"2.04",0,"29.0","0.42",0,2022-02-10,"02","2022",2.04,29,"-14.675 145.425"
"12241685","2022-02-10T12:00:00Z",-14.675,145.625,"2.64",0,"29.03","0.49",0,2022-02-10,"02","2022",2.64,29.03,"-14.675 145.625"
"12241762","2022-02-10T12:00:00Z",-14.725,145.425,"2.07",0,"29.01","0.43",0,2022-02-10,"02","2022",2.07,29.01,"-14.725 145.425"
"12241844","2022-02-10T12:00:00Z",-14.775,145.475,"2.19",0,"29.0","0.43",0,2022-02-10,"02","2022",2.19,29,"-14.775 145.475"
"12242334","2022-02-10T12:00:00Z",-15.075,145.675,"1.42",0,"29.080000000000002","0.5",0,2022-02-10,"02","2022",1.42,29.08,"-15.075 145.675"
"12274944","2022-02-17T12:00:00Z",-13.875,144.025,"3.99",0,"29.13","0.54",0,2022-02-17,"02","2022",3.99,29.13,"-13.875 144.025"
"12275026","2022-02-17T12:00:00Z",-13.925,144.075,"3.6",0,"29.1","0.5",0,2022-02-17,"02","2022",3.6,29.1,"-13.925 144.075"
"12275028","2022-02-17T12:00:00Z",-13.925,144.175,"4.49",0,"29.04","0.49",0,2022-02-17,"02","2022",4.49,29.04,"-13.925 144.175"
"12275029","2022-02-17T12:00:00Z",-13.925,144.225,"4.96",0,"29.02","0.49",0,2022-02-17,"02","2022",4.96,29.02,"-13.925 144.225"
"12275114","2022-02-17T12:00:00Z",-13.975,144.425,"4.2",0,"28.93","0.38",0,2022-02-17,"02","2022",4.2,28.93,"-13.975 144.425"
"12275195","2022-02-17T12:00:00Z",-14.025,144.425,"2.9",0,"28.94","0.35000000000000003",0,2022-02-17,"02","2022",2.9,28.94,"-14.025 144.425"
"12276268","2022-02-17T12:00:00Z",-14.675,145.425,"2.04",0,"29.12","0.56",0,2022-02-17,"02","2022",2.04,29.12,"-14.675 145.425"
"12276272","2022-02-17T12:00:00Z",-14.675,145.625,"2.64",0,"29.17","0.64",0,2022-02-17,"02","2022",2.64,29.17,"-14.675 145.625"
"12276349","2022-02-17T12:00:00Z",-14.725,145.425,"2.07",0,"29.14","0.58",0,2022-02-17,"02","2022",2.07,29.14,"-14.725 145.425"
"12276431","2022-02-17T12:00:00Z",-14.775,145.475,"2.19",0,"29.14","0.59",0,2022-02-17,"02","2022",2.19,29.14,"-14.775 145.475"
"12276921","2022-02-17T12:00:00Z",-15.075,145.675,"1.42",0,"29.150000000000002","0.58",0,2022-02-17,"02","2022",1.42,29.15,"-15.075 145.675"
"12309531","2022-02-24T12:00:00Z",-13.875,144.025,"3.84",0,"29.53","1.02",0,2022-02-24,"02","2022",3.84,29.53,"-13.875 144.025"
"12309613","2022-02-24T12:00:00Z",-13.925,144.075,"3.45",0,"29.580000000000002","1.07",0,2022-02-24,"02","2022",3.45,29.58,"-13.925 144.075"
"12309615","2022-02-24T12:00:00Z",-13.925,144.175,"4.49",0,"29.580000000000002","1.1300000000000001",0,2022-02-24,"02","2022",4.49,29.58,"-13.925 144.175"
"12309616","2022-02-24T12:00:00Z",-13.925,144.225,"5.1000000000000005",0,"29.59","1.16",0,2022-02-24,"02","2022",5.1,29.59,"-13.925 144.225"
"12309701","2022-02-24T12:00:00Z",-13.975,144.425,"4.3500000000000005",0,"29.66","1.22",0,2022-02-24,"02","2022",4.35,29.66,"-13.975 144.425"
"12309782","2022-02-24T12:00:00Z",-14.025,144.425,"3.0500000000000003",0,"29.71","1.24",0,2022-02-24,"02","2022",3.05,29.71,"-14.025 144.425"
"12310855","2022-02-24T12:00:00Z",-14.675,145.425,"2.04",0,"29.42","0.98",0,2022-02-24,"02","2022",2.04,29.42,"-14.675 145.425"
"12310859","2022-02-24T12:00:00Z",-14.675,145.625,"2.64",0,"29.5","1.07",0,2022-02-24,"02","2022",2.64,29.5,"-14.675 145.625"
"12310936","2022-02-24T12:00:00Z",-14.725,145.425,"2.07",0,"29.41","0.97",0,2022-02-24,"02","2022",2.07,29.41,"-14.725 145.425"
"12311018","2022-02-24T12:00:00Z",-14.775,145.475,"2.19",0,"29.41","0.98",0,2022-02-24,"02","2022",2.19,29.41,"-14.775 145.475"
"12311508","2022-02-24T12:00:00Z",-15.075,145.675,"1.42",0,"29.490000000000002","1.04",0,2022-02-24,"02","2022",1.42,29.49,"-15.075 145.675"
"12344118","2022-03-03T12:00:00Z",-13.875,144.025,"3.93",0,"29.89","1.47",0,2022-03-03,"03","2022",3.93,29.89,"-13.875 144.025"
"12344200","2022-03-03T12:00:00Z",-13.925,144.075,"3.77",0,"30.060000000000002","1.6400000000000001",0,2022-03-03,"03","2022",3.77,30.06,"-13.925 144.075"
"12344202","2022-03-03T12:00:00Z",-13.925,144.175,"5.0",0,"29.990000000000002","1.6300000000000001",0,2022-03-03,"03","2022",5,29.99,"-13.925 144.175"
"12344203","2022-03-03T12:00:00Z",-13.925,144.225,"5.6000000000000005",0,"29.88","1.55",0,2022-03-03,"03","2022",5.6,29.88,"-13.925 144.225"
"12344288","2022-03-03T12:00:00Z",-13.975,144.425,"4.37",0,"29.52","1.2",0,2022-03-03,"03","2022",4.37,29.52,"-13.975 144.425"
"12344369","2022-03-03T12:00:00Z",-14.025,144.425,"3.81",0,"29.650000000000002","1.29",0,2022-03-03,"03","2022",3.81,29.65,"-14.025 144.425"
"12345442","2022-03-03T12:00:00Z",-14.675,145.425,"3.0700000000000003",0,"29.830000000000002","1.51",0,2022-03-03,"03","2022",3.07,29.83,"-14.675 145.425"
"12345446","2022-03-03T12:00:00Z",-14.675,145.625,"3.5500000000000003",0,"29.63","1.29",0,2022-03-03,"03","2022",3.55,29.63,"-14.675 145.625"
"12345523","2022-03-03T12:00:00Z",-14.725,145.425,"3.11",0,"29.86","1.54",0,2022-03-03,"03","2022",3.11,29.86,"-14.725 145.425"
"12345605","2022-03-03T12:00:00Z",-14.775,145.475,"3.24",0,"29.88","1.56",0,2022-03-03,"03","2022",3.24,29.88,"-14.775 145.475"
"12346095","2022-03-03T12:00:00Z",-15.075,145.675,"2.37",0,"29.75","1.42",0,2022-03-03,"03","2022",2.37,29.75,"-15.075 145.675"
"12378705","2022-03-10T12:00:00Z",-13.875,144.025,"4.2",0,"30.28","1.95",0,2022-03-10,"03","2022",4.2,30.28,"-13.875 144.025"
"12378787","2022-03-10T12:00:00Z",-13.925,144.075,"4.16",0,"30.25","1.92",0,2022-03-10,"03","2022",4.16,30.25,"-13.925 144.075"
"12378789","2022-03-10T12:00:00Z",-13.925,144.175,"5.61",0,"30.13","1.87",0,2022-03-10,"03","2022",5.61,30.13,"-13.925 144.175"
"12378790","2022-03-10T12:00:00Z",-13.925,144.225,"6.23",0,"30.150000000000002","1.92",0,2022-03-10,"03","2022",6.23,30.15,"-13.925 144.225"
"12378875","2022-03-10T12:00:00Z",-13.975,144.425,"4.84",0,"30.310000000000002","2.1",0,2022-03-10,"03","2022",4.84,30.31,"-13.975 144.425"
"12378956","2022-03-10T12:00:00Z",-14.025,144.425,"4.46",0,"30.38","2.14",0,2022-03-10,"03","2022",4.46,30.38,"-14.025 144.425"
"12380029","2022-03-10T12:00:00Z",-14.675,145.425,"3.14",0,"30.080000000000002","1.8800000000000001",0,2022-03-10,"03","2022",3.14,30.08,"-14.675 145.425"
"12380033","2022-03-10T12:00:00Z",-14.675,145.625,"3.2800000000000002",0,"30.150000000000002","1.9100000000000001",0,2022-03-10,"03","2022",3.28,30.15,"-14.675 145.625"
"12380110","2022-03-10T12:00:00Z",-14.725,145.425,"3.2",0,"30.1","1.9000000000000001",0,2022-03-10,"03","2022",3.2,30.1,"-14.725 145.425"
"12380192","2022-03-10T12:00:00Z",-14.775,145.475,"3.34",0,"30.09","1.8900000000000001",0,2022-03-10,"03","2022",3.34,30.09,"-14.775 145.475"
"12380682","2022-03-10T12:00:00Z",-15.075,145.675,"2.79",0,"30.18","1.97",0,2022-03-10,"03","2022",2.79,30.18,"-15.075 145.675"
"12413292","2022-03-17T12:00:00Z",-13.875,144.025,"4.3",0,"29.46","1.25",0,2022-03-17,"03","2022",4.3,29.46,"-13.875 144.025"
"12413374","2022-03-17T12:00:00Z",-13.925,144.075,"4.42",0,"29.48","1.28",0,2022-03-17,"03","2022",4.42,29.48,"-13.925 144.075"
"12413376","2022-03-17T12:00:00Z",-13.925,144.175,"5.75",0,"29.54","1.41",0,2022-03-17,"03","2022",5.75,29.54,"-13.925 144.175"
"12413377","2022-03-17T12:00:00Z",-13.925,144.225,"6.390000000000001",0,"29.57","1.47",0,2022-03-17,"03","2022",6.39,29.57,"-13.925 144.225"
"12413462","2022-03-17T12:00:00Z",-13.975,144.425,"5.78",0,"29.7","1.62",0,2022-03-17,"03","2022",5.78,29.7,"-13.975 144.425"
"12413543","2022-03-17T12:00:00Z",-14.025,144.425,"5.41",0,"29.71","1.61",0,2022-03-17,"03","2022",5.41,29.71,"-14.025 144.425"
"12414616","2022-03-17T12:00:00Z",-14.675,145.425,"4.05",0,"29.73","1.67",0,2022-03-17,"03","2022",4.05,29.73,"-14.675 145.425"
"12414620","2022-03-17T12:00:00Z",-14.675,145.625,"4.3",0,"29.91","1.8",0,2022-03-17,"03","2022",4.3,29.91,"-14.675 145.625"
"12414697","2022-03-17T12:00:00Z",-14.725,145.425,"4.1",0,"29.69","1.6300000000000001",0,2022-03-17,"03","2022",4.1,29.69,"-14.725 145.425"
"12414779","2022-03-17T12:00:00Z",-14.775,145.475,"4.25",0,"29.71","1.6500000000000001",0,2022-03-17,"03","2022",4.25,29.71,"-14.775 145.475"
"12415269","2022-03-17T12:00:00Z",-15.075,145.675,"3.88",0,"29.77","1.71",0,2022-03-17,"03","2022",3.88,29.77,"-15.075 145.675"
"12447879","2022-03-24T12:00:00Z",-13.875,144.025,"3.64",0,"29.44","1.45",0,2022-03-24,"03","2022",3.64,29.44,"-13.875 144.025"
"12447961","2022-03-24T12:00:00Z",-13.925,144.075,"3.92",0,"29.44","1.46",0,2022-03-24,"03","2022",3.92,29.44,"-13.925 144.075"
"12447963","2022-03-24T12:00:00Z",-13.925,144.175,"4.94",0,"29.41","1.49",0,2022-03-24,"03","2022",4.94,29.41,"-13.925 144.175"
"12447964","2022-03-24T12:00:00Z",-13.925,144.225,"5.41",0,"29.400000000000002","1.5",0,2022-03-24,"03","2022",5.41,29.4,"-13.925 144.225"
"12448049","2022-03-24T12:00:00Z",-13.975,144.425,"4.83",0,"29.36","1.47",0,2022-03-24,"03","2022",4.83,29.36,"-13.975 144.425"
"12448130","2022-03-24T12:00:00Z",-14.025,144.425,"4.8100000000000005",0,"29.35","1.45",0,2022-03-24,"03","2022",4.81,29.35,"-14.025 144.425"
"12449203","2022-03-24T12:00:00Z",-14.675,145.425,"3.73",0,"29.16","1.33",0,2022-03-24,"03","2022",3.73,29.16,"-14.675 145.425"
"12449207","2022-03-24T12:00:00Z",-14.675,145.625,"3.42",0,"29.21","1.31",0,2022-03-24,"03","2022",3.42,29.21,"-14.675 145.625"
"12449284","2022-03-24T12:00:00Z",-14.725,145.425,"3.93",0,"29.19","1.36",0,2022-03-24,"03","2022",3.93,29.19,"-14.725 145.425"
"12449366","2022-03-24T12:00:00Z",-14.775,145.475,"3.92",0,"29.28","1.45",0,2022-03-24,"03","2022",3.92,29.28,"-14.775 145.475"
"12449856","2022-03-24T12:00:00Z",-15.075,145.675,"3.21",0,"28.82","0.97",0,2022-03-24,"03","2022",3.21,28.82,"-15.075 145.675"
"12482466","2022-03-31T12:00:00Z",-13.875,144.025,"3.49",0,"29.5","1.74",0,2022-03-31,"03","2022",3.49,29.5,"-13.875 144.025"
"12482548","2022-03-31T12:00:00Z",-13.925,144.075,"3.62",0,"29.52","1.77",0,2022-03-31,"03","2022",3.62,29.52,"-13.925 144.075"
"12482550","2022-03-31T12:00:00Z",-13.925,144.175,"4.48",0,"29.34","1.6400000000000001",0,2022-03-31,"03","2022",4.48,29.34,"-13.925 144.175"
"12482551","2022-03-31T12:00:00Z",-13.925,144.225,"4.95",0,"29.240000000000002","1.55",0,2022-03-31,"03","2022",4.95,29.24,"-13.925 144.225"
"12482636","2022-03-31T12:00:00Z",-13.975,144.425,"4.39",0,"29.080000000000002","1.3800000000000001",0,2022-03-31,"03","2022",4.39,29.08,"-13.975 144.425"
"12482717","2022-03-31T12:00:00Z",-14.025,144.425,"4.51",0,"29.14","1.43",0,2022-03-31,"03","2022",4.51,29.14,"-14.025 144.425"
"12483790","2022-03-31T12:00:00Z",-14.675,145.425,"2.94",0,"29.09","1.48",0,2022-03-31,"03","2022",2.94,29.09,"-14.675 145.425"
"12483794","2022-03-31T12:00:00Z",-14.675,145.625,"3.11",0,"29.3","1.62",0,2022-03-31,"03","2022",3.11,29.3,"-14.675 145.625"
"12483871","2022-03-31T12:00:00Z",-14.725,145.425,"2.97",0,"29.1","1.5",0,2022-03-31,"03","2022",2.97,29.1,"-14.725 145.425"
"12483953","2022-03-31T12:00:00Z",-14.775,145.475,"2.83",0,"29.13","1.52",0,2022-03-31,"03","2022",2.83,29.13,"-14.775 145.475"
"12484443","2022-03-31T12:00:00Z",-15.075,145.675,"3.21",0,"29.09","1.44",0,2022-03-31,"03","2022",3.21,29.09,"-15.075 145.675"
"12517053","2022-04-07T12:00:00Z",-13.875,144.025,"3.2",0,"29.28","1.74",0,2022-04-07,"04","2022",3.2,29.28,"-13.875 144.025"
"12517135","2022-04-07T12:00:00Z",-13.925,144.075,"3.3000000000000003",0,"29.22","1.69",0,2022-04-07,"04","2022",3.3,29.22,"-13.925 144.075"
"12517137","2022-04-07T12:00:00Z",-13.925,144.175,"4.16",0,"28.990000000000002","1.5",0,2022-04-07,"04","2022",4.16,28.99,"-13.925 144.175"
"12517138","2022-04-07T12:00:00Z",-13.925,144.225,"4.63",0,"28.95","1.47",0,2022-04-07,"04","2022",4.63,28.95,"-13.925 144.225"
"12517223","2022-04-07T12:00:00Z",-13.975,144.425,"4.39",0,"29.02","1.51",0,2022-04-07,"04","2022",4.39,29.02,"-13.975 144.425"
"12517304","2022-04-07T12:00:00Z",-14.025,144.425,"4.51",0,"29.03","1.52",0,2022-04-07,"04","2022",4.51,29.03,"-14.025 144.425"
"12518377","2022-04-07T12:00:00Z",-14.675,145.425,"2.63",0,"28.87","1.48",0,2022-04-07,"04","2022",2.63,28.87,"-14.675 145.425"
"12518381","2022-04-07T12:00:00Z",-14.675,145.625,"2.79",0,"29.18","1.71",0,2022-04-07,"04","2022",2.79,29.18,"-14.675 145.625"
"12518458","2022-04-07T12:00:00Z",-14.725,145.425,"2.65",0,"28.85","1.47",0,2022-04-07,"04","2022",2.65,28.85,"-14.725 145.425"
"12518540","2022-04-07T12:00:00Z",-14.775,145.475,"2.66",0,"28.86","1.47",0,2022-04-07,"04","2022",2.66,28.86,"-14.775 145.475"
"12519030","2022-04-07T12:00:00Z",-15.075,145.675,"3.06",0,"29.060000000000002","1.62",0,2022-04-07,"04","2022",3.06,29.06,"-15.075 145.675"
"12551640","2022-04-14T12:00:00Z",-13.875,144.025,"3.2",0,"29.04","1.72",0,2022-04-14,"04","2022",3.2,29.04,"-13.875 144.025"
"12551722","2022-04-14T12:00:00Z",-13.925,144.075,"3.16",0,"29.02","1.71",0,2022-04-14,"04","2022",3.16,29.02,"-13.925 144.075"
"12551724","2022-04-14T12:00:00Z",-13.925,144.175,"4.01",0,"28.990000000000002","1.71",0,2022-04-14,"04","2022",4.01,28.99,"-13.925 144.175"
"12551725","2022-04-14T12:00:00Z",-13.925,144.225,"4.33",0,"28.98","1.7",0,2022-04-14,"04","2022",4.33,28.98,"-13.925 144.225"
"12551810","2022-04-14T12:00:00Z",-13.975,144.425,"3.7600000000000002",0,"28.94","1.61",0,2022-04-14,"04","2022",3.76,28.94,"-13.975 144.425"
"12551891","2022-04-14T12:00:00Z",-14.025,144.425,"4.04",0,"28.91","1.6",0,2022-04-14,"04","2022",4.04,28.91,"-14.025 144.425"
"12552964","2022-04-14T12:00:00Z",-14.675,145.425,"2.47",0,"28.51","1.35",0,2022-04-14,"04","2022",2.47,28.51,"-14.675 145.425"
"12552968","2022-04-14T12:00:00Z",-14.675,145.625,"2.62",0,"28.72","1.46",0,2022-04-14,"04","2022",2.62,28.72,"-14.675 145.625"
"12553045","2022-04-14T12:00:00Z",-14.725,145.425,"2.49",0,"28.490000000000002","1.34",0,2022-04-14,"04","2022",2.49,28.49,"-14.725 145.425"
"12553127","2022-04-14T12:00:00Z",-14.775,145.475,"2.5100000000000002",0,"28.51","1.35",0,2022-04-14,"04","2022",2.51,28.51,"-14.775 145.475"
"12553617","2022-04-14T12:00:00Z",-15.075,145.675,"2.9",0,"28.650000000000002","1.42",0,2022-04-14,"04","2022",2.9,28.65,"-15.075 145.675"
"12586227","2022-04-21T12:00:00Z",-13.875,144.025,"2.74",0,"28.26","1.22",0,2022-04-21,"04","2022",2.74,28.26,"-13.875 144.025"
"12586309","2022-04-21T12:00:00Z",-13.925,144.075,"2.86",0,"28.25","1.22",0,2022-04-21,"04","2022",2.86,28.25,"-13.925 144.075"
"12586311","2022-04-21T12:00:00Z",-13.925,144.175,"3.24",0,"28.28","1.28",0,2022-04-21,"04","2022",3.24,28.28,"-13.925 144.175"
"12586312","2022-04-21T12:00:00Z",-13.925,144.225,"3.54",0,"28.310000000000002","1.31",0,2022-04-21,"04","2022",3.54,28.31,"-13.925 144.225"
"12586397","2022-04-21T12:00:00Z",-13.975,144.425,"2.98",0,"28.38","1.33",0,2022-04-21,"04","2022",2.98,28.38,"-13.975 144.425"
"12586478","2022-04-21T12:00:00Z",-14.025,144.425,"3.44",0,"28.310000000000002","1.29",0,2022-04-21,"04","2022",3.44,28.31,"-14.025 144.425"
"12587551","2022-04-21T12:00:00Z",-14.675,145.425,"2.47",0,"28.080000000000002","1.2",0,2022-04-21,"04","2022",2.47,28.08,"-14.675 145.425"
"12587555","2022-04-21T12:00:00Z",-14.675,145.625,"2.62",0,"28.47","1.47",0,2022-04-21,"04","2022",2.62,28.47,"-14.675 145.625"
"12587632","2022-04-21T12:00:00Z",-14.725,145.425,"2.49",0,"28.03","1.17",0,2022-04-21,"04","2022",2.49,28.03,"-14.725 145.425"
"12587714","2022-04-21T12:00:00Z",-14.775,145.475,"2.5100000000000002",0,"28.09","1.22",0,2022-04-21,"04","2022",2.51,28.09,"-14.775 145.475"
"12588204","2022-04-21T12:00:00Z",-15.075,145.675,"2.9",0,"28.400000000000002","1.43",0,2022-04-21,"04","2022",2.9,28.4,"-15.075 145.675"
"12620814","2022-04-28T12:00:00Z",-13.875,144.025,"2.45",0,"28.150000000000002","1.4000000000000001",0,2022-04-28,"04","2022",2.45,28.15,"-13.875 144.025"
"12620896","2022-04-28T12:00:00Z",-13.925,144.075,"2.72",0,"28.09","1.35",0,2022-04-28,"04","2022",2.72,28.09,"-13.925 144.075"
"12620898","2022-04-28T12:00:00Z",-13.925,144.175,"2.93",0,"28.060000000000002","1.35",0,2022-04-28,"04","2022",2.93,28.06,"-13.925 144.175"
"12620899","2022-04-28T12:00:00Z",-13.925,144.225,"3.0700000000000003",0,"28.080000000000002","1.36",0,2022-04-28,"04","2022",3.07,28.08,"-13.925 144.225"
"12620984","2022-04-28T12:00:00Z",-13.975,144.425,"2.5300000000000002",0,"28.19","1.44",0,2022-04-28,"04","2022",2.53,28.19,"-13.975 144.425"
"12621065","2022-04-28T12:00:00Z",-14.025,144.425,"3.29",0,"28.07","1.34",0,2022-04-28,"04","2022",3.29,28.07,"-14.025 144.425"
"12622138","2022-04-28T12:00:00Z",-14.675,145.425,"2.47",0,"27.94","1.36",0,2022-04-28,"04","2022",2.47,27.94,"-14.675 145.425"
"12622142","2022-04-28T12:00:00Z",-14.675,145.625,"2.62",0,"28.240000000000002","1.5",0,2022-04-28,"04","2022",2.62,28.24,"-14.675 145.625"
"12622219","2022-04-28T12:00:00Z",-14.725,145.425,"2.49",0,"27.900000000000002","1.34",0,2022-04-28,"04","2022",2.49,27.9,"-14.725 145.425"
"12622301","2022-04-28T12:00:00Z",-14.775,145.475,"2.5100000000000002",0,"27.98","1.4000000000000001",0,2022-04-28,"04","2022",2.51,27.98,"-14.775 145.475"
"12622791","2022-04-28T12:00:00Z",-15.075,145.675,"2.9",0,"28.05","1.34",0,2022-04-28,"04","2022",2.9,28.05,"-15.075 145.675"
"12655401","2022-05-05T12:00:00Z",-13.875,144.025,"2.45",0,"27.73","1.27",0,2022-05-05,"05","2022",2.45,27.73,"-13.875 144.025"
"12655483","2022-05-05T12:00:00Z",-13.925,144.075,"2.72",0,"27.68","1.23",0,2022-05-05,"05","2022",2.72,27.68,"-13.925 144.075"
"12655485","2022-05-05T12:00:00Z",-13.925,144.175,"2.93",0,"27.7","1.28",0,2022-05-05,"05","2022",2.93,27.7,"-13.925 144.175"
"12655486","2022-05-05T12:00:00Z",-13.925,144.225,"3.0700000000000003",0,"27.75","1.32",0,2022-05-05,"05","2022",3.07,27.75,"-13.925 144.225"
"12655571","2022-05-05T12:00:00Z",-13.975,144.425,"2.5300000000000002",0,"27.86","1.4000000000000001",0,2022-05-05,"05","2022",2.53,27.86,"-13.975 144.425"
"12655652","2022-05-05T12:00:00Z",-14.025,144.425,"3.29",0,"27.72","1.29",0,2022-05-05,"05","2022",3.29,27.72,"-14.025 144.425"
"12656725","2022-05-05T12:00:00Z",-14.675,145.425,"2.47",0,"27.6","1.32",0,2022-05-05,"05","2022",2.47,27.6,"-14.675 145.425"
"12656729","2022-05-05T12:00:00Z",-14.675,145.625,"2.62",0,"27.93","1.46",0,2022-05-05,"05","2022",2.62,27.93,"-14.675 145.625"
"12656806","2022-05-05T12:00:00Z",-14.725,145.425,"2.49",0,"27.560000000000002","1.31",0,2022-05-05,"05","2022",2.49,27.56,"-14.725 145.425"
"12656888","2022-05-05T12:00:00Z",-14.775,145.475,"2.5100000000000002",0,"27.61","1.33",0,2022-05-05,"05","2022",2.51,27.61,"-14.775 145.475"
"12657378","2022-05-05T12:00:00Z",-15.075,145.675,"2.9",0,"27.84","1.3900000000000001",0,2022-05-05,"05","2022",2.9,27.84,"-15.075 145.675"
"12689988","2022-05-12T12:00:00Z",-13.875,144.025,"2.45",0,"27.64","1.47",0,2022-05-12,"05","2022",2.45,27.64,"-13.875 144.025"
"12690070","2022-05-12T12:00:00Z",-13.925,144.075,"2.72",0,"27.64","1.48",0,2022-05-12,"05","2022",2.72,27.64,"-13.925 144.075"
"12690072","2022-05-12T12:00:00Z",-13.925,144.175,"2.93",0,"27.64","1.51",0,2022-05-12,"05","2022",2.93,27.64,"-13.925 144.175"
"12690073","2022-05-12T12:00:00Z",-13.925,144.225,"3.0700000000000003",0,"27.66","1.52",0,2022-05-12,"05","2022",3.07,27.66,"-13.925 144.225"
"12690158","2022-05-12T12:00:00Z",-13.975,144.425,"2.5300000000000002",0,"27.64","1.47",0,2022-05-12,"05","2022",2.53,27.64,"-13.975 144.425"
"12690239","2022-05-12T12:00:00Z",-14.025,144.425,"3.29",0,"27.57","1.44",0,2022-05-12,"05","2022",3.29,27.57,"-14.025 144.425"
"12691312","2022-05-12T12:00:00Z",-14.675,145.425,"2.47",0,"27.490000000000002","1.5",0,2022-05-12,"05","2022",2.47,27.49,"-14.675 145.425"
"12691316","2022-05-12T12:00:00Z",-14.675,145.625,"2.62",0,"27.72","1.52",0,2022-05-12,"05","2022",2.62,27.72,"-14.675 145.625"
"12691393","2022-05-12T12:00:00Z",-14.725,145.425,"2.49",0,"27.44","1.49",0,2022-05-12,"05","2022",2.49,27.44,"-14.725 145.425"
"12691475","2022-05-12T12:00:00Z",-14.775,145.475,"2.5100000000000002",0,"27.5","1.52",0,2022-05-12,"05","2022",2.51,27.5,"-14.775 145.475"
"12691965","2022-05-12T12:00:00Z",-15.075,145.675,"2.9",0,"27.650000000000002","1.47",0,2022-05-12,"05","2022",2.9,27.65,"-15.075 145.675"
"12724575","2022-05-19T12:00:00Z",-13.875,144.025,"2.45",0,"27.78","1.92",0,2022-05-19,"05","2022",2.45,27.78,"-13.875 144.025"
"12724657","2022-05-19T12:00:00Z",-13.925,144.075,"2.72",0,"27.740000000000002","1.8900000000000001",0,2022-05-19,"05","2022",2.72,27.74,"-13.925 144.075"
"12724659","2022-05-19T12:00:00Z",-13.925,144.175,"2.93",0,"27.59","1.77",0,2022-05-19,"05","2022",2.93,27.59,"-13.925 144.175"
"12724660","2022-05-19T12:00:00Z",-13.925,144.225,"2.93",0,"27.55","1.71",0,2022-05-19,"05","2022",2.93,27.55,"-13.925 144.225"
"12724745","2022-05-19T12:00:00Z",-13.975,144.425,"2.37",0,"27.580000000000002","1.71",0,2022-05-19,"05","2022",2.37,27.58,"-13.975 144.425"
"12724826","2022-05-19T12:00:00Z",-14.025,144.425,"3.13",0,"27.57","1.76",0,2022-05-19,"05","2022",3.13,27.57,"-14.025 144.425"
"12725899","2022-05-19T12:00:00Z",-14.675,145.425,"2.47",0,"27.560000000000002","1.8800000000000001",0,2022-05-19,"05","2022",2.47,27.56,"-14.675 145.425"
"12725903","2022-05-19T12:00:00Z",-14.675,145.625,"2.62",0,"27.88","1.94",0,2022-05-19,"05","2022",2.62,27.88,"-14.675 145.625"
"12725980","2022-05-19T12:00:00Z",-14.725,145.425,"2.49",0,"27.55","1.9100000000000001",0,2022-05-19,"05","2022",2.49,27.55,"-14.725 145.425"
"12726062","2022-05-19T12:00:00Z",-14.775,145.475,"2.5100000000000002",0,"27.61","1.94",0,2022-05-19,"05","2022",2.51,27.61,"-14.775 145.475"
"12726552","2022-05-19T12:00:00Z",-15.075,145.675,"2.9",0,"27.650000000000002","1.75",0,2022-05-19,"05","2022",2.9,27.65,"-15.075 145.675"
"12759162","2022-05-26T12:00:00Z",-13.875,144.025,"1.98",0,"27.38","1.85",0,2022-05-26,"05","2022",1.98,27.38,"-13.875 144.025"
"12759244","2022-05-26T12:00:00Z",-13.925,144.075,"2.05",0,"27.32","1.81",0,2022-05-26,"05","2022",2.05,27.32,"-13.925 144.075"
"12759246","2022-05-26T12:00:00Z",-13.925,144.175,"2.08",0,"27.28","1.78",0,2022-05-26,"05","2022",2.08,27.28,"-13.925 144.175"
"12759247","2022-05-26T12:00:00Z",-13.925,144.225,"2.1",0,"27.32","1.8",0,2022-05-26,"05","2022",2.1,27.32,"-13.925 144.225"
"12759332","2022-05-26T12:00:00Z",-13.975,144.425,"2.21",0,"27.330000000000002","1.77",0,2022-05-26,"05","2022",2.21,27.33,"-13.975 144.425"
"12759413","2022-05-26T12:00:00Z",-14.025,144.425,"2.38",0,"27.21","1.72",0,2022-05-26,"05","2022",2.38,27.21,"-14.025 144.425"
"12760486","2022-05-26T12:00:00Z",-14.675,145.425,"1.44",0,"27.05","1.69",0,2022-05-26,"05","2022",1.44,27.05,"-14.675 145.425"
"12760490","2022-05-26T12:00:00Z",-14.675,145.625,"1.71",0,"27.310000000000002","1.6400000000000001",0,2022-05-26,"05","2022",1.71,27.31,"-14.675 145.625"
"12760567","2022-05-26T12:00:00Z",-14.725,145.425,"1.45",0,"27.02","1.7",0,2022-05-26,"05","2022",1.45,27.02,"-14.725 145.425"
"12760649","2022-05-26T12:00:00Z",-14.775,145.475,"1.46",0,"27.09","1.73",0,2022-05-26,"05","2022",1.46,27.09,"-14.775 145.475"
"12761139","2022-05-26T12:00:00Z",-15.075,145.675,"1.95",0,"27.22","1.62",0,2022-05-26,"05","2022",1.95,27.22,"-15.075 145.675"
"12793749","2022-06-02T12:00:00Z",-13.875,144.025,"0.56",0,"27.12","1.92",0,2022-06-02,"06","2022",0.56,27.12,"-13.875 144.025"
"12793831","2022-06-02T12:00:00Z",-13.925,144.075,"0.55",0,"27.060000000000002","1.8800000000000001",0,2022-06-02,"06","2022",0.55,27.06,"-13.925 144.075"
"12793833","2022-06-02T12:00:00Z",-13.925,144.175,"0.58",0,"26.990000000000002","1.82",0,2022-06-02,"06","2022",0.58,26.99,"-13.925 144.175"
"12793834","2022-06-02T12:00:00Z",-13.925,144.225,"0.61",0,"26.98","1.78",0,2022-06-02,"06","2022",0.61,26.98,"-13.925 144.225"
"12793919","2022-06-02T12:00:00Z",-13.975,144.425,"0.9400000000000001",0,"26.93","1.67",0,2022-06-02,"06","2022",0.94,26.93,"-13.975 144.425"
"12794000","2022-06-02T12:00:00Z",-14.025,144.425,"0.9500000000000001",0,"26.88","1.72",0,2022-06-02,"06","2022",0.95,26.88,"-14.025 144.425"
"12795073","2022-06-02T12:00:00Z",-14.675,145.425,"0.91",0,"26.85","1.81",0,2022-06-02,"06","2022",0.91,26.85,"-14.675 145.425"
"12795077","2022-06-02T12:00:00Z",-14.675,145.625,"1.18",0,"27.12","1.72",0,2022-06-02,"06","2022",1.18,27.12,"-14.675 145.625"
"12795154","2022-06-02T12:00:00Z",-14.725,145.425,"0.9",0,"26.810000000000002","1.81",0,2022-06-02,"06","2022",0.9,26.81,"-14.725 145.425"
"12795236","2022-06-02T12:00:00Z",-14.775,145.475,"0.91",0,"26.88","1.83",0,2022-06-02,"06","2022",0.91,26.88,"-14.775 145.475"
"12795726","2022-06-02T12:00:00Z",-15.075,145.675,"1.09",0,"27.01","1.71",0,2022-06-02,"06","2022",1.09,27.01,"-15.075 145.675"
"12828336","2022-06-09T12:00:00Z",-13.875,144.025,"0.0",0,"26.71","1.84",0,2022-06-09,"06","2022",0,26.71,"-13.875 144.025"
"12828418","2022-06-09T12:00:00Z",-13.925,144.075,"0.0",0,"26.72","1.87",0,2022-06-09,"06","2022",0,26.72,"-13.925 144.075"
"12828420","2022-06-09T12:00:00Z",-13.925,144.175,"0.0",0,"26.78","1.93",0,2022-06-09,"06","2022",0,26.78,"-13.925 144.175"
"12828421","2022-06-09T12:00:00Z",-13.925,144.225,"0.0",0,"26.82","1.95",0,2022-06-09,"06","2022",0,26.82,"-13.925 144.225"
"12828506","2022-06-09T12:00:00Z",-13.975,144.425,"0.0",0,"26.85","1.9000000000000001",0,2022-06-09,"06","2022",0,26.85,"-13.975 144.425"
"12828587","2022-06-09T12:00:00Z",-14.025,144.425,"0.0",0,"26.77","1.94",0,2022-06-09,"06","2022",0,26.77,"-14.025 144.425"
"12829660","2022-06-09T12:00:00Z",-14.675,145.425,"0.0",0,"26.490000000000002","1.77",0,2022-06-09,"06","2022",0,26.49,"-14.675 145.425"
"12829664","2022-06-09T12:00:00Z",-14.675,145.625,"0.0",0,"26.740000000000002","1.6",0,2022-06-09,"06","2022",0,26.74,"-14.675 145.625"
"12829741","2022-06-09T12:00:00Z",-14.725,145.425,"0.0",0,"26.44","1.76",0,2022-06-09,"06","2022",0,26.44,"-14.725 145.425"
"12829823","2022-06-09T12:00:00Z",-14.775,145.475,"0.0",0,"26.490000000000002","1.74",0,2022-06-09,"06","2022",0,26.49,"-14.775 145.475"
"12830313","2022-06-09T12:00:00Z",-15.075,145.675,"0.0",0,"26.79","1.78",0,2022-06-09,"06","2022",0,26.79,"-15.075 145.675"
"12862923","2022-06-16T12:00:00Z",-13.875,144.025,"0.0",0,"25.82","1.26",0,2022-06-16,"06","2022",0,25.82,"-13.875 144.025"
"12863005","2022-06-16T12:00:00Z",-13.925,144.075,"0.0",0,"25.77","1.24",0,2022-06-16,"06","2022",0,25.77,"-13.925 144.075"
"12863007","2022-06-16T12:00:00Z",-13.925,144.175,"0.0",0,"25.71","1.16",0,2022-06-16,"06","2022",0,25.71,"-13.925 144.175"
"12863008","2022-06-16T12:00:00Z",-13.925,144.225,"0.0",0,"25.73","1.1500000000000001",0,2022-06-16,"06","2022",0,25.73,"-13.925 144.225"
"12863093","2022-06-16T12:00:00Z",-13.975,144.425,"0.0",0,"25.68","1.01",0,2022-06-16,"06","2022",0,25.68,"-13.975 144.425"
"12863174","2022-06-16T12:00:00Z",-14.025,144.425,"0.0",0,"25.52","0.99",0,2022-06-16,"06","2022",0,25.52,"-14.025 144.425"
"12864247","2022-06-16T12:00:00Z",-14.675,145.425,"0.0",0,"25.46","1.03",0,2022-06-16,"06","2022",0,25.46,"-14.675 145.425"
"12864251","2022-06-16T12:00:00Z",-14.675,145.625,"0.0",0,"26.16","1.27",0,2022-06-16,"06","2022",0,26.16,"-14.675 145.625"
"12864328","2022-06-16T12:00:00Z",-14.725,145.425,"0.0",0,"25.35","0.96",0,2022-06-16,"06","2022",0,25.35,"-14.725 145.425"
"12864410","2022-06-16T12:00:00Z",-14.775,145.475,"0.0",0,"25.46","1.0",0,2022-06-16,"06","2022",0,25.46,"-14.775 145.475"
"12864900","2022-06-16T12:00:00Z",-15.075,145.675,"0.0",0,"25.85","1.12",0,2022-06-16,"06","2022",0,25.85,"-15.075 145.675"
"12897510","2022-06-23T12:00:00Z",-13.875,144.025,"0.0",0,"25.32","0.9400000000000001",0,2022-06-23,"06","2022",0,25.32,"-13.875 144.025"
"12897592","2022-06-23T12:00:00Z",-13.925,144.075,"0.0",0,"25.29","0.9400000000000001",0,2022-06-23,"06","2022",0,25.29,"-13.925 144.075"
"12897594","2022-06-23T12:00:00Z",-13.925,144.175,"0.0",0,"25.37","0.99",0,2022-06-23,"06","2022",0,25.37,"-13.925 144.175"
"12897595","2022-06-23T12:00:00Z",-13.925,144.225,"0.0",0,"25.47","1.05",0,2022-06-23,"06","2022",0,25.47,"-13.925 144.225"
"12897680","2022-06-23T12:00:00Z",-13.975,144.425,"0.0",0,"25.55","1.02",0,2022-06-23,"06","2022",0,25.55,"-13.975 144.425"
"12897761","2022-06-23T12:00:00Z",-14.025,144.425,"0.0",0,"25.29","0.91",0,2022-06-23,"06","2022",0,25.29,"-14.025 144.425"
"12898834","2022-06-23T12:00:00Z",-14.675,145.425,"0.0",0,"25.11","0.85",0,2022-06-23,"06","2022",0,25.11,"-14.675 145.425"
"12898838","2022-06-23T12:00:00Z",-14.675,145.625,"0.0",0,"25.77","1.03",0,2022-06-23,"06","2022",0,25.77,"-14.675 145.625"
"12898915","2022-06-23T12:00:00Z",-14.725,145.425,"0.0",0,"25.02","0.8",0,2022-06-23,"06","2022",0,25.02,"-14.725 145.425"
"12898997","2022-06-23T12:00:00Z",-14.775,145.475,"0.0",0,"25.17","0.88",0,2022-06-23,"06","2022",0,25.17,"-14.775 145.475"
"12899487","2022-06-23T12:00:00Z",-15.075,145.675,"0.0",0,"25.69","1.09",0,2022-06-23,"06","2022",0,25.69,"-15.075 145.675"
"12932097","2022-06-30T12:00:00Z",-13.875,144.025,"0.0",0,"24.990000000000002","0.8",0,2022-06-30,"06","2022",0,24.99,"-13.875 144.025"
"12932179","2022-06-30T12:00:00Z",-13.925,144.075,"0.0",0,"24.91","0.74",0,2022-06-30,"06","2022",0,24.91,"-13.925 144.075"
"12932181","2022-06-30T12:00:00Z",-13.925,144.175,"0.0",0,"25.03","0.8200000000000001",0,2022-06-30,"06","2022",0,25.03,"-13.925 144.175"
"12932182","2022-06-30T12:00:00Z",-13.925,144.225,"0.0",0,"25.22","0.96",0,2022-06-30,"06","2022",0,25.22,"-13.925 144.225"
"12932267","2022-06-30T12:00:00Z",-13.975,144.425,"0.0",0,"25.47","1.08",0,2022-06-30,"06","2022",0,25.47,"-13.975 144.425"
"12932348","2022-06-30T12:00:00Z",-14.025,144.425,"0.0",0,"25.25","1.01",0,2022-06-30,"06","2022",0,25.25,"-14.025 144.425"
"12933421","2022-06-30T12:00:00Z",-14.675,145.425,"0.0",0,"25.17","1.07",0,2022-06-30,"06","2022",0,25.17,"-14.675 145.425"
"12933425","2022-06-30T12:00:00Z",-14.675,145.625,"0.0",0,"26.02","1.44",0,2022-06-30,"06","2022",0,26.02,"-14.675 145.625"
"12933502","2022-06-30T12:00:00Z",-14.725,145.425,"0.0",0,"25.09","1.03",0,2022-06-30,"06","2022",0,25.09,"-14.725 145.425"
"12933584","2022-06-30T12:00:00Z",-14.775,145.475,"0.0",0,"25.32","1.2",0,2022-06-30,"06","2022",0,25.32,"-14.775 145.475"
"12934074","2022-06-30T12:00:00Z",-15.075,145.675,"0.0",0,"25.900000000000002","1.43",0,2022-06-30,"06","2022",0,25.9,"-15.075 145.675"
"12966684","2022-07-07T12:00:00Z",-13.875,144.025,"0.0",0,"25.11","1.1",0,2022-07-07,"07","2022",0,25.11,"-13.875 144.025"
"12966766","2022-07-07T12:00:00Z",-13.925,144.075,"0.0",0,"25.07","1.08",0,2022-07-07,"07","2022",0,25.07,"-13.925 144.075"
"12966768","2022-07-07T12:00:00Z",-13.925,144.175,"0.0",0,"25.240000000000002","1.2",0,2022-07-07,"07","2022",0,25.24,"-13.925 144.175"
"12966769","2022-07-07T12:00:00Z",-13.925,144.225,"0.0",0,"25.34","1.24",0,2022-07-07,"07","2022",0,25.34,"-13.925 144.225"
"12966854","2022-07-07T12:00:00Z",-13.975,144.425,"0.0",0,"25.42","1.17",0,2022-07-07,"07","2022",0,25.42,"-13.975 144.425"
"12966935","2022-07-07T12:00:00Z",-14.025,144.425,"0.0",0,"25.18","1.08",0,2022-07-07,"07","2022",0,25.18,"-14.025 144.425"
"12968008","2022-07-07T12:00:00Z",-14.675,145.425,"0.0",0,"24.44","0.5",0,2022-07-07,"07","2022",0,24.44,"-14.675 145.425"
"12968012","2022-07-07T12:00:00Z",-14.675,145.625,"0.0",0,"25.36","0.93",0,2022-07-07,"07","2022",0,25.36,"-14.675 145.625"
"12968089","2022-07-07T12:00:00Z",-14.725,145.425,"0.0",0,"24.330000000000002","0.44",0,2022-07-07,"07","2022",0,24.33,"-14.725 145.425"
"12968171","2022-07-07T12:00:00Z",-14.775,145.475,"0.0",0,"24.490000000000002","0.53",0,2022-07-07,"07","2022",0,24.49,"-14.775 145.475"
"12968661","2022-07-07T12:00:00Z",-15.075,145.675,"0.0",0,"25.27","0.9400000000000001",0,2022-07-07,"07","2022",0,25.27,"-15.075 145.675"
"13001271","2022-07-14T12:00:00Z",-13.875,144.025,"0.0",0,"24.29","0.46",0,2022-07-14,"07","2022",0,24.29,"-13.875 144.025"
"13001353","2022-07-14T12:00:00Z",-13.925,144.075,"0.0",0,"24.17","0.36",0,2022-07-14,"07","2022",0,24.17,"-13.925 144.075"
"13001355","2022-07-14T12:00:00Z",-13.925,144.175,"0.0",0,"24.39","0.52",0,2022-07-14,"07","2022",0,24.39,"-13.925 144.175"
"13001356","2022-07-14T12:00:00Z",-13.925,144.225,"0.0",0,"24.62","0.68",0,2022-07-14,"07","2022",0,24.62,"-13.925 144.225"
"13001441","2022-07-14T12:00:00Z",-13.975,144.425,"0.0",0,"25.23","1.12",0,2022-07-14,"07","2022",0,25.23,"-13.975 144.425"
"13001522","2022-07-14T12:00:00Z",-14.025,144.425,"0.0",0,"24.98","1.03",0,2022-07-14,"07","2022",0,24.98,"-14.025 144.425"
"13002595","2022-07-14T12:00:00Z",-14.675,145.425,"0.0",0,"24.45","0.68",0,2022-07-14,"07","2022",0,24.45,"-14.675 145.425"
"13002599","2022-07-14T12:00:00Z",-14.675,145.625,"0.0",0,"25.69","1.41",0,2022-07-14,"07","2022",0,25.69,"-14.675 145.625"
"13002676","2022-07-14T12:00:00Z",-14.725,145.425,"0.0",0,"24.240000000000002","0.52",0,2022-07-14,"07","2022",0,24.24,"-14.725 145.425"
"13002758","2022-07-14T12:00:00Z",-14.775,145.475,"0.0",0,"24.45","0.66",0,2022-07-14,"07","2022",0,24.45,"-14.775 145.475"
"13003248","2022-07-14T12:00:00Z",-15.075,145.675,"0.0",0,"25.53","1.33",0,2022-07-14,"07","2022",0,25.53,"-15.075 145.675"
"13035858","2022-07-21T12:00:00Z",-13.875,144.025,"0.0",0,"24.64","0.85",0,2022-07-21,"07","2022",0,24.64,"-13.875 144.025"
"13035940","2022-07-21T12:00:00Z",-13.925,144.075,"0.0",0,"24.47","0.7000000000000001",0,2022-07-21,"07","2022",0,24.47,"-13.925 144.075"
"13035942","2022-07-21T12:00:00Z",-13.925,144.175,"0.0",0,"24.52","0.68",0,2022-07-21,"07","2022",0,24.52,"-13.925 144.175"
"13035943","2022-07-21T12:00:00Z",-13.925,144.225,"0.0",0,"24.67","0.76",0,2022-07-21,"07","2022",0,24.67,"-13.925 144.225"
"13036028","2022-07-21T12:00:00Z",-13.975,144.425,"0.0",0,"25.150000000000002","1.08",0,2022-07-21,"07","2022",0,25.15,"-13.975 144.425"
"13036109","2022-07-21T12:00:00Z",-14.025,144.425,"0.0",0,"24.8","0.88",0,2022-07-21,"07","2022",0,24.8,"-14.025 144.425"
"13037182","2022-07-21T12:00:00Z",-14.675,145.425,"0.0",0,"24.66","0.91",0,2022-07-21,"07","2022",0,24.66,"-14.675 145.425"
"13037186","2022-07-21T12:00:00Z",-14.675,145.625,"0.0",0,"25.7","1.47",0,2022-07-21,"07","2022",0,25.7,"-14.675 145.625"
"13037263","2022-07-21T12:00:00Z",-14.725,145.425,"0.0",0,"24.54","0.84",0,2022-07-21,"07","2022",0,24.54,"-14.725 145.425"
"13037345","2022-07-21T12:00:00Z",-14.775,145.475,"0.0",0,"24.68","0.92",0,2022-07-21,"07","2022",0,24.68,"-14.775 145.475"
"13037835","2022-07-21T12:00:00Z",-15.075,145.675,"0.0",0,"25.5","1.36",0,2022-07-21,"07","2022",0,25.5,"-15.075 145.675"
"13070445","2022-07-28T12:00:00Z",-13.875,144.025,"0.0",0,"24.48","0.71",0,2022-07-28,"07","2022",0,24.48,"-13.875 144.025"
"13070527","2022-07-28T12:00:00Z",-13.925,144.075,"0.0",0,"24.48","0.73",0,2022-07-28,"07","2022",0,24.48,"-13.925 144.075"
"13070529","2022-07-28T12:00:00Z",-13.925,144.175,"0.0",0,"24.77","0.9500000000000001",0,2022-07-28,"07","2022",0,24.77,"-13.925 144.175"
"13070530","2022-07-28T12:00:00Z",-13.925,144.225,"0.0",0,"24.98","1.09",0,2022-07-28,"07","2022",0,24.98,"-13.925 144.225"
"13070615","2022-07-28T12:00:00Z",-13.975,144.425,"0.0",0,"25.5","1.45",0,2022-07-28,"07","2022",0,25.5,"-13.975 144.425"
"13070696","2022-07-28T12:00:00Z",-14.025,144.425,"0.0",0,"25.22","1.32",0,2022-07-28,"07","2022",0,25.22,"-14.025 144.425"
"13071769","2022-07-28T12:00:00Z",-14.675,145.425,"0.0",0,"24.63","0.89",0,2022-07-28,"07","2022",0,24.63,"-14.675 145.425"
"13071773","2022-07-28T12:00:00Z",-14.675,145.625,"0.0",0,"25.61","1.42",0,2022-07-28,"07","2022",0,25.61,"-14.675 145.625"
"13071850","2022-07-28T12:00:00Z",-14.725,145.425,"0.0",0,"24.47","0.78",0,2022-07-28,"07","2022",0,24.47,"-14.725 145.425"
"13071932","2022-07-28T12:00:00Z",-14.775,145.475,"0.0",0,"24.64","0.89",0,2022-07-28,"07","2022",0,24.64,"-14.775 145.475"
"13072422","2022-07-28T12:00:00Z",-15.075,145.675,"0.0",0,"25.44","1.34",0,2022-07-28,"07","2022",0,25.44,"-15.075 145.675"
"13105032","2022-08-04T12:00:00Z",-13.875,144.025,"0.0",0,"24.51","0.75",0,2022-08-04,"08","2022",0,24.51,"-13.875 144.025"
"13105114","2022-08-04T12:00:00Z",-13.925,144.075,"0.0",0,"24.48","0.75",0,2022-08-04,"08","2022",0,24.48,"-13.925 144.075"
"13105116","2022-08-04T12:00:00Z",-13.925,144.175,"0.0",0,"24.64","0.8300000000000001",0,2022-08-04,"08","2022",0,24.64,"-13.925 144.175"
"13105117","2022-08-04T12:00:00Z",-13.925,144.225,"0.0",0,"24.79","0.92",0,2022-08-04,"08","2022",0,24.79,"-13.925 144.225"
"13105202","2022-08-04T12:00:00Z",-13.975,144.425,"0.0",0,"25.16","1.1300000000000001",0,2022-08-04,"08","2022",0,25.16,"-13.975 144.425"
"13105283","2022-08-04T12:00:00Z",-14.025,144.425,"0.0",0,"24.97","1.09",0,2022-08-04,"08","2022",0,24.97,"-14.025 144.425"
"13106356","2022-08-04T12:00:00Z",-14.675,145.425,"0.0",0,"24.84","1.1",0,2022-08-04,"08","2022",0,24.84,"-14.675 145.425"
"13106360","2022-08-04T12:00:00Z",-14.675,145.625,"0.0",0,"25.54","1.3900000000000001",0,2022-08-04,"08","2022",0,25.54,"-14.675 145.625"
"13106437","2022-08-04T12:00:00Z",-14.725,145.425,"0.0",0,"24.68","0.99",0,2022-08-04,"08","2022",0,24.68,"-14.725 145.425"
"13106519","2022-08-04T12:00:00Z",-14.775,145.475,"0.0",0,"24.78","1.04",0,2022-08-04,"08","2022",0,24.78,"-14.775 145.475"
"13107009","2022-08-04T12:00:00Z",-15.075,145.675,"0.0",0,"25.13","1.07",0,2022-08-04,"08","2022",0,25.13,"-15.075 145.675"
"13139619","2022-08-11T12:00:00Z",-13.875,144.025,"0.0",0,"24.76","1.01",0,2022-08-11,"08","2022",0,24.76,"-13.875 144.025"
"13139701","2022-08-11T12:00:00Z",-13.925,144.075,"0.0",0,"24.69","0.97",0,2022-08-11,"08","2022",0,24.69,"-13.925 144.075"
"13139703","2022-08-11T12:00:00Z",-13.925,144.175,"0.0",0,"24.82","1.02",0,2022-08-11,"08","2022",0,24.82,"-13.925 144.175"
"13139704","2022-08-11T12:00:00Z",-13.925,144.225,"0.0",0,"24.94","1.08",0,2022-08-11,"08","2022",0,24.94,"-13.925 144.225"
"13139789","2022-08-11T12:00:00Z",-13.975,144.425,"0.0",0,"25.17","1.16",0,2022-08-11,"08","2022",0,25.17,"-13.975 144.425"
"13139870","2022-08-11T12:00:00Z",-14.025,144.425,"0.0",0,"25.02","1.1500000000000001",0,2022-08-11,"08","2022",0,25.02,"-14.025 144.425"
"13140943","2022-08-11T12:00:00Z",-14.675,145.425,"0.0",0,"24.91","1.18",0,2022-08-11,"08","2022",0,24.91,"-14.675 145.425"
"13140947","2022-08-11T12:00:00Z",-14.675,145.625,"0.0",0,"25.47","1.36",0,2022-08-11,"08","2022",0,25.47,"-14.675 145.625"
"13141024","2022-08-11T12:00:00Z",-14.725,145.425,"0.0",0,"24.79","1.11",0,2022-08-11,"08","2022",0,24.79,"-14.725 145.425"
"13141106","2022-08-11T12:00:00Z",-14.775,145.475,"0.0",0,"24.84","1.11",0,2022-08-11,"08","2022",0,24.84,"-14.775 145.475"
"13141596","2022-08-11T12:00:00Z",-15.075,145.675,"0.0",0,"25.42","1.41",0,2022-08-11,"08","2022",0,25.42,"-15.075 145.675"
"13174206","2022-08-18T12:00:00Z",-13.875,144.025,"0.0",0,"24.67","0.85",0,2022-08-18,"08","2022",0,24.67,"-13.875 144.025"
"13174288","2022-08-18T12:00:00Z",-13.925,144.075,"0.0",0,"24.580000000000002","0.79",0,2022-08-18,"08","2022",0,24.58,"-13.925 144.075"
"13174290","2022-08-18T12:00:00Z",-13.925,144.175,"0.0",0,"24.7","0.84",0,2022-08-18,"08","2022",0,24.7,"-13.925 144.175"
"13174291","2022-08-18T12:00:00Z",-13.925,144.225,"0.0",0,"24.84","0.93",0,2022-08-18,"08","2022",0,24.84,"-13.925 144.225"
"13174376","2022-08-18T12:00:00Z",-13.975,144.425,"0.0",0,"25.150000000000002","1.09",0,2022-08-18,"08","2022",0,25.15,"-13.975 144.425"
"13174457","2022-08-18T12:00:00Z",-14.025,144.425,"0.0",0,"24.96","1.03",0,2022-08-18,"08","2022",0,24.96,"-14.025 144.425"
"13175530","2022-08-18T12:00:00Z",-14.675,145.425,"0.0",0,"24.67","0.87",0,2022-08-18,"08","2022",0,24.67,"-14.675 145.425"
"13175534","2022-08-18T12:00:00Z",-14.675,145.625,"0.0",0,"25.38","1.24",0,2022-08-18,"08","2022",0,25.38,"-14.675 145.625"
"13175611","2022-08-18T12:00:00Z",-14.725,145.425,"0.0",0,"24.580000000000002","0.8300000000000001",0,2022-08-18,"08","2022",0,24.58,"-14.725 145.425"
"13175693","2022-08-18T12:00:00Z",-14.775,145.475,"0.0",0,"24.68","0.89",0,2022-08-18,"08","2022",0,24.68,"-14.775 145.475"
"13176183","2022-08-18T12:00:00Z",-15.075,145.675,"0.0",0,"25.29","1.24",0,2022-08-18,"08","2022",0,25.29,"-15.075 145.675"
"13208793","2022-08-25T12:00:00Z",-13.875,144.025,"0.0",0,"24.75","0.76",0,2022-08-25,"08","2022",0,24.75,"-13.875 144.025"
"13208875","2022-08-25T12:00:00Z",-13.925,144.075,"0.0",0,"24.71","0.75",0,2022-08-25,"08","2022",0,24.71,"-13.925 144.075"
"13208877","2022-08-25T12:00:00Z",-13.925,144.175,"0.0",0,"24.900000000000002","0.88",0,2022-08-25,"08","2022",0,24.9,"-13.925 144.175"
"13208878","2022-08-25T12:00:00Z",-13.925,144.225,"0.0",0,"25.02","0.9500000000000001",0,2022-08-25,"08","2022",0,25.02,"-13.925 144.225"
"13208963","2022-08-25T12:00:00Z",-13.975,144.425,"0.0",0,"25.2","1.0",0,2022-08-25,"08","2022",0,25.2,"-13.975 144.425"
"13209044","2022-08-25T12:00:00Z",-14.025,144.425,"0.0",0,"25.04","0.9500000000000001",0,2022-08-25,"08","2022",0,25.04,"-14.025 144.425"
"13210117","2022-08-25T12:00:00Z",-14.675,145.425,"0.0",0,"24.67","0.7000000000000001",0,2022-08-25,"08","2022",0,24.67,"-14.675 145.425"
"13210121","2022-08-25T12:00:00Z",-14.675,145.625,"0.0",0,"25.23","0.96",0,2022-08-25,"08","2022",0,25.23,"-14.675 145.625"
"13210198","2022-08-25T12:00:00Z",-14.725,145.425,"0.0",0,"24.560000000000002","0.63",0,2022-08-25,"08","2022",0,24.56,"-14.725 145.425"
"13210280","2022-08-25T12:00:00Z",-14.775,145.475,"0.0",0,"24.63","0.67",0,2022-08-25,"08","2022",0,24.63,"-14.775 145.475"
"13210770","2022-08-25T12:00:00Z",-15.075,145.675,"0.0",0,"25.04","0.86",0,2022-08-25,"08","2022",0,25.04,"-15.075 145.675"
"13243380","2022-09-01T12:00:00Z",-13.875,144.025,"0.0",0,"25.11","0.9400000000000001",0,2022-09-01,"09","2022",0,25.11,"-13.875 144.025"
"13243462","2022-09-01T12:00:00Z",-13.925,144.075,"0.0",0,"25.07","0.93",0,2022-09-01,"09","2022",0,25.07,"-13.925 144.075"
"13243464","2022-09-01T12:00:00Z",-13.925,144.175,"0.0",0,"25.1","0.92",0,2022-09-01,"09","2022",0,25.1,"-13.925 144.175"
"13243465","2022-09-01T12:00:00Z",-13.925,144.225,"0.0",0,"25.14","0.92",0,2022-09-01,"09","2022",0,25.14,"-13.925 144.225"
"13243550","2022-09-01T12:00:00Z",-13.975,144.425,"0.0",0,"25.19","0.85",0,2022-09-01,"09","2022",0,25.19,"-13.975 144.425"
"13243631","2022-09-01T12:00:00Z",-14.025,144.425,"0.0",0,"25.07","0.8200000000000001",0,2022-09-01,"09","2022",0,25.07,"-14.025 144.425"
"13244704","2022-09-01T12:00:00Z",-14.675,145.425,"0.0",0,"25.05","0.91",0,2022-09-01,"09","2022",0,25.05,"-14.675 145.425"
"13244708","2022-09-01T12:00:00Z",-14.675,145.625,"0.0",0,"25.59","1.2",0,2022-09-01,"09","2022",0,25.59,"-14.675 145.625"
"13244785","2022-09-01T12:00:00Z",-14.725,145.425,"0.0",0,"24.95","0.85",0,2022-09-01,"09","2022",0,24.95,"-14.725 145.425"
"13244867","2022-09-01T12:00:00Z",-14.775,145.475,"0.0",0,"25.01","0.89",0,2022-09-01,"09","2022",0,25.01,"-14.775 145.475"
"13245357","2022-09-01T12:00:00Z",-15.075,145.675,"0.0",0,"25.27","0.96",0,2022-09-01,"09","2022",0,25.27,"-15.075 145.675"
"13277967","2022-09-08T12:00:00Z",-13.875,144.025,"0.0",0,"25.44","1.1",0,2022-09-08,"09","2022",0,25.44,"-13.875 144.025"
"13278049","2022-09-08T12:00:00Z",-13.925,144.075,"0.0",0,"25.36","1.04",0,2022-09-08,"09","2022",0,25.36,"-13.925 144.075"
"13278051","2022-09-08T12:00:00Z",-13.925,144.175,"0.0",0,"25.310000000000002","0.97",0,2022-09-08,"09","2022",0,25.31,"-13.925 144.175"
"13278052","2022-09-08T12:00:00Z",-13.925,144.225,"0.0",0,"25.36","0.99",0,2022-09-08,"09","2022",0,25.36,"-13.925 144.225"
"13278137","2022-09-08T12:00:00Z",-13.975,144.425,"0.0",0,"25.580000000000002","1.1",0,2022-09-08,"09","2022",0,25.58,"-13.975 144.425"
"13278218","2022-09-08T12:00:00Z",-14.025,144.425,"0.0",0,"25.42","1.0",0,2022-09-08,"09","2022",0,25.42,"-14.025 144.425"
"13279291","2022-09-08T12:00:00Z",-14.675,145.425,"0.0",0,"25.11","0.8",0,2022-09-08,"09","2022",0,25.11,"-14.675 145.425"
"13279295","2022-09-08T12:00:00Z",-14.675,145.625,"0.0",0,"25.55","1.03",0,2022-09-08,"09","2022",0,25.55,"-14.675 145.625"
"13279372","2022-09-08T12:00:00Z",-14.725,145.425,"0.0",0,"25.060000000000002","0.79",0,2022-09-08,"09","2022",0,25.06,"-14.725 145.425"
"13279454","2022-09-08T12:00:00Z",-14.775,145.475,"0.0",0,"25.14","0.85",0,2022-09-08,"09","2022",0,25.14,"-14.775 145.475"
"13279944","2022-09-08T12:00:00Z",-15.075,145.675,"0.0",0,"25.48","1.04",0,2022-09-08,"09","2022",0,25.48,"-15.075 145.675"
"13312554","2022-09-15T12:00:00Z",-13.875,144.025,"0.0",0,"25.810000000000002","1.29",0,2022-09-15,"09","2022",0,25.81,"-13.875 144.025"
"13312636","2022-09-15T12:00:00Z",-13.925,144.075,"0.0",0,"25.77","1.27",0,2022-09-15,"09","2022",0,25.77,"-13.925 144.075"
"13312638","2022-09-15T12:00:00Z",-13.925,144.175,"0.0",0,"25.72","1.22",0,2022-09-15,"09","2022",0,25.72,"-13.925 144.175"
"13312639","2022-09-15T12:00:00Z",-13.925,144.225,"0.0",0,"25.79","1.27",0,2022-09-15,"09","2022",0,25.79,"-13.925 144.225"
"13312724","2022-09-15T12:00:00Z",-13.975,144.425,"0.0",0,"25.93","1.31",0,2022-09-15,"09","2022",0,25.93,"-13.975 144.425"
"13312805","2022-09-15T12:00:00Z",-14.025,144.425,"0.0",0,"25.87","1.29",0,2022-09-15,"09","2022",0,25.87,"-14.025 144.425"
"13313878","2022-09-15T12:00:00Z",-14.675,145.425,"0.0",0,"25.68","1.2",0,2022-09-15,"09","2022",0,25.68,"-14.675 145.425"
"13313882","2022-09-15T12:00:00Z",-14.675,145.625,"0.0",0,"26.240000000000002","1.6",0,2022-09-15,"09","2022",0,26.24,"-14.675 145.625"
"13313959","2022-09-15T12:00:00Z",-14.725,145.425,"0.0",0,"25.61","1.17",0,2022-09-15,"09","2022",0,25.61,"-14.725 145.425"
"13314041","2022-09-15T12:00:00Z",-14.775,145.475,"0.0",0,"25.68","1.23",0,2022-09-15,"09","2022",0,25.68,"-14.775 145.475"
"13314531","2022-09-15T12:00:00Z",-15.075,145.675,"0.0",0,"26.26","1.69",0,2022-09-15,"09","2022",0,26.26,"-15.075 145.675"
"13347141","2022-09-22T12:00:00Z",-13.875,144.025,"0.0",0,"26.94","2.12",0,2022-09-22,"09","2022",0,26.94,"-13.875 144.025"
"13347223","2022-09-22T12:00:00Z",-13.925,144.075,"0.0",0,"26.85","2.05",0,2022-09-22,"09","2022",0,26.85,"-13.925 144.075"
"13347225","2022-09-22T12:00:00Z",-13.925,144.175,"0.0",0,"26.8","2.02",0,2022-09-22,"09","2022",0,26.8,"-13.925 144.175"
"13347226","2022-09-22T12:00:00Z",-13.925,144.225,"0.0",0,"26.82","2.02",0,2022-09-22,"09","2022",0,26.82,"-13.925 144.225"
"13347311","2022-09-22T12:00:00Z",-13.975,144.425,"0.0",0,"27.02","2.14",0,2022-09-22,"09","2022",0,27.02,"-13.975 144.425"
"13347392","2022-09-22T12:00:00Z",-14.025,144.425,"0.0",0,"26.96","2.1",0,2022-09-22,"09","2022",0,26.96,"-14.025 144.425"
"13348465","2022-09-22T12:00:00Z",-14.675,145.425,"0.0",0,"26.91","2.15",0,2022-09-22,"09","2022",0,26.91,"-14.675 145.425"
"13348469","2022-09-22T12:00:00Z",-14.675,145.625,"0.0",0,"27.12","2.24",0,2022-09-22,"09","2022",0,27.12,"-14.675 145.625"
"13348546","2022-09-22T12:00:00Z",-14.725,145.425,"0.0",0,"26.86","2.13",0,2022-09-22,"09","2022",0,26.86,"-14.725 145.425"
"13348628","2022-09-22T12:00:00Z",-14.775,145.475,"0.0",0,"26.84","2.1",0,2022-09-22,"09","2022",0,26.84,"-14.775 145.475"
"13349118","2022-09-22T12:00:00Z",-15.075,145.675,"0.0",0,"26.96","2.13",0,2022-09-22,"09","2022",0,26.96,"-15.075 145.675"
"13381728","2022-09-29T12:00:00Z",-13.875,144.025,"0.0",0,"27.05","1.94",0,2022-09-29,"09","2022",0,27.05,"-13.875 144.025"
"13381810","2022-09-29T12:00:00Z",-13.925,144.075,"0.0",0,"27.04","1.94",0,2022-09-29,"09","2022",0,27.04,"-13.925 144.075"
"13381812","2022-09-29T12:00:00Z",-13.925,144.175,"0.0",0,"27.03","1.96",0,2022-09-29,"09","2022",0,27.03,"-13.925 144.175"
"13381813","2022-09-29T12:00:00Z",-13.925,144.225,"0.0",0,"27.05","1.98",0,2022-09-29,"09","2022",0,27.05,"-13.925 144.225"
"13381898","2022-09-29T12:00:00Z",-13.975,144.425,"0.0",0,"27.16","2.02",0,2022-09-29,"09","2022",0,27.16,"-13.975 144.425"
"13381979","2022-09-29T12:00:00Z",-14.025,144.425,"0.0",0,"27.13","2.0",0,2022-09-29,"09","2022",0,27.13,"-14.025 144.425"
"13383052","2022-09-29T12:00:00Z",-14.675,145.425,"0.0",0,"27.1","2.06",0,2022-09-29,"09","2022",0,27.1,"-14.675 145.425"
"13383056","2022-09-29T12:00:00Z",-14.675,145.625,"0.0",0,"27.2","2.08",0,2022-09-29,"09","2022",0,27.2,"-14.675 145.625"
"13383133","2022-09-29T12:00:00Z",-14.725,145.425,"0.0",0,"27.07","2.04",0,2022-09-29,"09","2022",0,27.07,"-14.725 145.425"
"13383215","2022-09-29T12:00:00Z",-14.775,145.475,"0.0",0,"27.09","2.07",0,2022-09-29,"09","2022",0,27.09,"-14.775 145.475"
"13383705","2022-09-29T12:00:00Z",-15.075,145.675,"0.0",0,"27.14","2.06",0,2022-09-29,"09","2022",0,27.14,"-15.075 145.675"
"13416315","2022-10-06T12:00:00Z",-13.875,144.025,"0.0",0,"27.080000000000002","1.67",0,2022-10-06,"10","2022",0,27.08,"-13.875 144.025"
"13416397","2022-10-06T12:00:00Z",-13.925,144.075,"0.0",0,"27.060000000000002","1.6600000000000001",0,2022-10-06,"10","2022",0,27.06,"-13.925 144.075"
"13416399","2022-10-06T12:00:00Z",-13.925,144.175,"0.0",0,"27.01","1.6600000000000001",0,2022-10-06,"10","2022",0,27.01,"-13.925 144.175"
"13416400","2022-10-06T12:00:00Z",-13.925,144.225,"0.0",0,"26.98","1.6300000000000001",0,2022-10-06,"10","2022",0,26.98,"-13.925 144.225"
"13416485","2022-10-06T12:00:00Z",-13.975,144.425,"0.0",0,"27.04","1.6400000000000001",0,2022-10-06,"10","2022",0,27.04,"-13.975 144.425"
"13416566","2022-10-06T12:00:00Z",-14.025,144.425,"0.0",0,"27.01","1.6",0,2022-10-06,"10","2022",0,27.01,"-14.025 144.425"
"13417639","2022-10-06T12:00:00Z",-14.675,145.425,"0.0",0,"27.01","1.68",0,2022-10-06,"10","2022",0,27.01,"-14.675 145.425"
"13417643","2022-10-06T12:00:00Z",-14.675,145.625,"0.0",0,"27.17","1.82",0,2022-10-06,"10","2022",0,27.17,"-14.675 145.625"
"13417720","2022-10-06T12:00:00Z",-14.725,145.425,"0.0",0,"27.0","1.68",0,2022-10-06,"10","2022",0,27,"-14.725 145.425"
"13417802","2022-10-06T12:00:00Z",-14.775,145.475,"0.0",0,"27.02","1.71",0,2022-10-06,"10","2022",0,27.02,"-14.775 145.475"
"13418292","2022-10-06T12:00:00Z",-15.075,145.675,"0.0",0,"27.2","1.86",0,2022-10-06,"10","2022",0,27.2,"-15.075 145.675"
"13450902","2022-10-13T12:00:00Z",-13.875,144.025,"0.0",0,"27.18","1.47",0,2022-10-13,"10","2022",0,27.18,"-13.875 144.025"
"13450984","2022-10-13T12:00:00Z",-13.925,144.075,"0.0",0,"27.17","1.47",0,2022-10-13,"10","2022",0,27.17,"-13.925 144.075"
"13450986","2022-10-13T12:00:00Z",-13.925,144.175,"0.0",0,"27.14","1.5",0,2022-10-13,"10","2022",0,27.14,"-13.925 144.175"
"13450987","2022-10-13T12:00:00Z",-13.925,144.225,"0.0",0,"27.13","1.51",0,2022-10-13,"10","2022",0,27.13,"-13.925 144.225"
"13451072","2022-10-13T12:00:00Z",-13.975,144.425,"0.0",0,"27.14","1.48",0,2022-10-13,"10","2022",0,27.14,"-13.975 144.425"
"13451153","2022-10-13T12:00:00Z",-14.025,144.425,"0.0",0,"27.16","1.48",0,2022-10-13,"10","2022",0,27.16,"-14.025 144.425"
"13452226","2022-10-13T12:00:00Z",-14.675,145.425,"0.0",0,"27.36","1.75",0,2022-10-13,"10","2022",0,27.36,"-14.675 145.425"
"13452230","2022-10-13T12:00:00Z",-14.675,145.625,"0.0",0,"27.53","1.94",0,2022-10-13,"10","2022",0,27.53,"-14.675 145.625"
"13452307","2022-10-13T12:00:00Z",-14.725,145.425,"0.0",0,"27.3","1.68",0,2022-10-13,"10","2022",0,27.3,"-14.725 145.425"
"13452389","2022-10-13T12:00:00Z",-14.775,145.475,"0.0",0,"27.3","1.7",0,2022-10-13,"10","2022",0,27.3,"-14.775 145.475"
"13452879","2022-10-13T12:00:00Z",-15.075,145.675,"0.0",0,"27.45","1.85",0,2022-10-13,"10","2022",0,27.45,"-15.075 145.675"
"13485489","2022-10-20T12:00:00Z",-13.875,144.025,"0.0",0,"28.07","2.02",0,2022-10-20,"10","2022",0,28.07,"-13.875 144.025"
"13485571","2022-10-20T12:00:00Z",-13.925,144.075,"0.0",0,"28.01","1.97",0,2022-10-20,"10","2022",0,28.01,"-13.925 144.075"
"13485573","2022-10-20T12:00:00Z",-13.925,144.175,"0.0",0,"27.92","1.95",0,2022-10-20,"10","2022",0,27.92,"-13.925 144.175"
"13485574","2022-10-20T12:00:00Z",-13.925,144.225,"0.0",0,"27.89","1.95",0,2022-10-20,"10","2022",0,27.89,"-13.925 144.225"
"13485659","2022-10-20T12:00:00Z",-13.975,144.425,"0.0",0,"27.810000000000002","1.85",0,2022-10-20,"10","2022",0,27.81,"-13.975 144.425"
"13485740","2022-10-20T12:00:00Z",-14.025,144.425,"0.0",0,"27.810000000000002","1.82",0,2022-10-20,"10","2022",0,27.81,"-14.025 144.425"
"13486813","2022-10-20T12:00:00Z",-14.675,145.425,"0.0",0,"27.900000000000002","1.98",0,2022-10-20,"10","2022",0,27.9,"-14.675 145.425"
"13486817","2022-10-20T12:00:00Z",-14.675,145.625,"0.0",0,"28.11","2.23",0,2022-10-20,"10","2022",0,28.11,"-14.675 145.625"
"13486894","2022-10-20T12:00:00Z",-14.725,145.425,"0.0",0,"27.89","1.96",0,2022-10-20,"10","2022",0,27.89,"-14.725 145.425"
"13486976","2022-10-20T12:00:00Z",-14.775,145.475,"0.0",0,"27.89","1.98",0,2022-10-20,"10","2022",0,27.89,"-14.775 145.475"
"13487466","2022-10-20T12:00:00Z",-15.075,145.675,"0.0",0,"27.810000000000002","1.92",0,2022-10-20,"10","2022",0,27.81,"-15.075 145.675"
"13520076","2022-10-27T12:00:00Z",-13.875,144.025,"0.0",0,"28.830000000000002","2.42",0,2022-10-27,"10","2022",0,28.83,"-13.875 144.025"
"13520158","2022-10-27T12:00:00Z",-13.925,144.075,"0.0",0,"28.89","2.49",0,2022-10-27,"10","2022",0,28.89,"-13.925 144.075"
"13520160","2022-10-27T12:00:00Z",-13.925,144.175,"0.0",0,"28.73","2.42",0,2022-10-27,"10","2022",0,28.73,"-13.925 144.175"
"13520161","2022-10-27T12:00:00Z",-13.925,144.225,"0.0",0,"28.62","2.34",0,2022-10-27,"10","2022",0,28.62,"-13.925 144.225"
"13520246","2022-10-27T12:00:00Z",-13.975,144.425,"0.0",0,"28.6","2.32",0,2022-10-27,"10","2022",0,28.6,"-13.975 144.425"
"13520327","2022-10-27T12:00:00Z",-14.025,144.425,"0.0",0,"28.55","2.23",0,2022-10-27,"10","2022",0,28.55,"-14.025 144.425"
"13521400","2022-10-27T12:00:00Z",-14.675,145.425,"0.0",0,"28.52","2.2800000000000002",0,2022-10-27,"10","2022",0,28.52,"-14.675 145.425"
"13521404","2022-10-27T12:00:00Z",-14.675,145.625,"0.0",0,"28.68","2.49",0,2022-10-27,"10","2022",0,28.68,"-14.675 145.625"
"13521481","2022-10-27T12:00:00Z",-14.725,145.425,"0.0",0,"28.560000000000002","2.3000000000000003",0,2022-10-27,"10","2022",0,28.56,"-14.725 145.425"
"13521563","2022-10-27T12:00:00Z",-14.775,145.475,"0.0",0,"28.47","2.23",0,2022-10-27,"10","2022",0,28.47,"-14.775 145.475"
"13522053","2022-10-27T12:00:00Z",-15.075,145.675,"0.0",0,"28.43","2.23",0,2022-10-27,"10","2022",0,28.43,"-15.075 145.675"
"13554663","2022-11-03T12:00:00Z",-13.875,144.025,"0.0",0,"29.07","2.31",0,2022-11-03,"11","2022",0,29.07,"-13.875 144.025"
"13554745","2022-11-03T12:00:00Z",-13.925,144.075,"0.0",0,"29.060000000000002","2.31",0,2022-11-03,"11","2022",0,29.06,"-13.925 144.075"
"13554747","2022-11-03T12:00:00Z",-13.925,144.175,"0.0",0,"28.95","2.29",0,2022-11-03,"11","2022",0,28.95,"-13.925 144.175"
"13554748","2022-11-03T12:00:00Z",-13.925,144.225,"0.0",0,"28.91","2.29",0,2022-11-03,"11","2022",0,28.91,"-13.925 144.225"
"13554833","2022-11-03T12:00:00Z",-13.975,144.425,"0.0",0,"28.990000000000002","2.4",0,2022-11-03,"11","2022",0,28.99,"-13.975 144.425"
"13554914","2022-11-03T12:00:00Z",-14.025,144.425,"0.0",0,"28.98","2.34",0,2022-11-03,"11","2022",0,28.98,"-14.025 144.425"
"13555987","2022-11-03T12:00:00Z",-14.675,145.425,"0.0",0,"28.98","2.41",0,2022-11-03,"11","2022",0,28.98,"-14.675 145.425"
"13555991","2022-11-03T12:00:00Z",-14.675,145.625,"0.0",0,"29.23","2.74",0,2022-11-03,"11","2022",0,29.23,"-14.675 145.625"
"13556068","2022-11-03T12:00:00Z",-14.725,145.425,"0.0",0,"28.92","2.34",0,2022-11-03,"11","2022",0,28.92,"-14.725 145.425"
"13556150","2022-11-03T12:00:00Z",-14.775,145.475,"0.0",0,"28.87","2.3000000000000003",0,2022-11-03,"11","2022",0,28.87,"-14.775 145.475"
"13556640","2022-11-03T12:00:00Z",-15.075,145.675,"0.0",0,"28.93","2.43",0,2022-11-03,"11","2022",0,28.93,"-15.075 145.675"
"13589250","2022-11-10T12:00:00Z",-13.875,144.025,"0.0",0,"28.54","1.42",0,2022-11-10,"11","2022",0,28.54,"-13.875 144.025"
"13589332","2022-11-10T12:00:00Z",-13.925,144.075,"0.0",0,"28.490000000000002","1.3800000000000001",0,2022-11-10,"11","2022",0,28.49,"-13.925 144.075"
"13589334","2022-11-10T12:00:00Z",-13.925,144.175,"0.0",0,"28.42","1.42",0,2022-11-10,"11","2022",0,28.42,"-13.925 144.175"
"13589335","2022-11-10T12:00:00Z",-13.925,144.225,"0.0",0,"28.44","1.48",0,2022-11-10,"11","2022",0,28.44,"-13.925 144.225"
"13589420","2022-11-10T12:00:00Z",-13.975,144.425,"0.0",0,"28.52","1.61",0,2022-11-10,"11","2022",0,28.52,"-13.975 144.425"
"13589501","2022-11-10T12:00:00Z",-14.025,144.425,"0.0",0,"28.47","1.5",0,2022-11-10,"11","2022",0,28.47,"-14.025 144.425"
"13590574","2022-11-10T12:00:00Z",-14.675,145.425,"0.0",0,"28.23","1.34",0,2022-11-10,"11","2022",0,28.23,"-14.675 145.425"
"13590578","2022-11-10T12:00:00Z",-14.675,145.625,"0.0",0,"28.32","1.52",0,2022-11-10,"11","2022",0,28.32,"-14.675 145.625"
"13590655","2022-11-10T12:00:00Z",-14.725,145.425,"0.0",0,"28.23","1.32",0,2022-11-10,"11","2022",0,28.23,"-14.725 145.425"
"13590737","2022-11-10T12:00:00Z",-14.775,145.475,"0.0",0,"28.22","1.32",0,2022-11-10,"11","2022",0,28.22,"-14.775 145.475"
"13591227","2022-11-10T12:00:00Z",-15.075,145.675,"0.0",0,"28.29","1.48",0,2022-11-10,"11","2022",0,28.29,"-15.075 145.675"
"13623837","2022-11-17T12:00:00Z",-13.875,144.025,"0.0",0,"29.05","1.61",0,2022-11-17,"11","2022",0,29.05,"-13.875 144.025"
"13623919","2022-11-17T12:00:00Z",-13.925,144.075,"0.0",0,"28.98","1.56",0,2022-11-17,"11","2022",0,28.98,"-13.925 144.075"
"13623921","2022-11-17T12:00:00Z",-13.925,144.175,"0.0",0,"28.91","1.6",0,2022-11-17,"11","2022",0,28.91,"-13.925 144.175"
"13623922","2022-11-17T12:00:00Z",-13.925,144.225,"0.0",0,"28.86","1.6",0,2022-11-17,"11","2022",0,28.86,"-13.925 144.225"
"13624007","2022-11-17T12:00:00Z",-13.975,144.425,"0.0",0,"28.75","1.55",0,2022-11-17,"11","2022",0,28.75,"-13.975 144.425"
"13624088","2022-11-17T12:00:00Z",-14.025,144.425,"0.0",0,"28.71","1.45",0,2022-11-17,"11","2022",0,28.71,"-14.025 144.425"
"13625161","2022-11-17T12:00:00Z",-14.675,145.425,"0.0",0,"28.68","1.51",0,2022-11-17,"11","2022",0,28.68,"-14.675 145.425"
"13625165","2022-11-17T12:00:00Z",-14.675,145.625,"0.0",0,"28.75","1.67",0,2022-11-17,"11","2022",0,28.75,"-14.675 145.625"
"13625242","2022-11-17T12:00:00Z",-14.725,145.425,"0.0",0,"28.7","1.51",0,2022-11-17,"11","2022",0,28.7,"-14.725 145.425"
"13625324","2022-11-17T12:00:00Z",-14.775,145.475,"0.0",0,"28.72","1.54",0,2022-11-17,"11","2022",0,28.72,"-14.775 145.475"
"13625814","2022-11-17T12:00:00Z",-15.075,145.675,"0.0",0,"28.71","1.6300000000000001",0,2022-11-17,"11","2022",0,28.71,"-15.075 145.675"
"13658424","2022-11-24T12:00:00Z",-13.875,144.025,"0.47000000000000003",0,"29.84","2.18",0,2022-11-24,"11","2022",0.47,29.84,"-13.875 144.025"
"13658506","2022-11-24T12:00:00Z",-13.925,144.075,"0.46",0,"29.8","2.16",0,2022-11-24,"11","2022",0.46,29.8,"-13.925 144.075"
"13658508","2022-11-24T12:00:00Z",-13.925,144.175,"0.0",0,"29.53","2.0",0,2022-11-24,"11","2022",0,29.53,"-13.925 144.175"
"13658509","2022-11-24T12:00:00Z",-13.925,144.225,"0.0",0,"29.39","1.9100000000000001",0,2022-11-24,"11","2022",0,29.39,"-13.925 144.225"
"13658594","2022-11-24T12:00:00Z",-13.975,144.425,"0.0",0,"29.37","1.95",0,2022-11-24,"11","2022",0,29.37,"-13.975 144.425"
"13658675","2022-11-24T12:00:00Z",-14.025,144.425,"0.0",0,"29.34","1.86",0,2022-11-24,"11","2022",0,29.34,"-14.025 144.425"
"13659748","2022-11-24T12:00:00Z",-14.675,145.425,"0.0",0,"29.35","1.99",0,2022-11-24,"11","2022",0,29.35,"-14.675 145.425"
"13659752","2022-11-24T12:00:00Z",-14.675,145.625,"0.0",0,"29.38","2.1",0,2022-11-24,"11","2022",0,29.38,"-14.675 145.625"
"13659829","2022-11-24T12:00:00Z",-14.725,145.425,"0.0",0,"29.400000000000002","2.02",0,2022-11-24,"11","2022",0,29.4,"-14.725 145.425"
"13659911","2022-11-24T12:00:00Z",-14.775,145.475,"0.0",0,"29.36","1.99",0,2022-11-24,"11","2022",0,29.36,"-14.775 145.475"
"13660401","2022-11-24T12:00:00Z",-15.075,145.675,"0.0",0,"29.29","2.02",0,2022-11-24,"11","2022",0,29.29,"-15.075 145.675"
"13693011","2022-12-01T12:00:00Z",-13.875,144.025,"0.99",0,"30.01","2.13",0,2022-12-01,"12","2022",0.99,30.01,"-13.875 144.025"
"13693093","2022-12-01T12:00:00Z",-13.925,144.075,"0.96",0,"29.97","2.11",0,2022-12-01,"12","2022",0.96,29.97,"-13.925 144.075"
"13693095","2022-12-01T12:00:00Z",-13.925,144.175,"0.32",0,"29.82","2.07",0,2022-12-01,"12","2022",0.32,29.82,"-13.925 144.175"
"13693096","2022-12-01T12:00:00Z",-13.925,144.225,"0.17",0,"29.76","2.06",0,2022-12-01,"12","2022",0.17,29.76,"-13.925 144.225"
"13693181","2022-12-01T12:00:00Z",-13.975,144.425,"0.15",0,"29.6","1.96",0,2022-12-01,"12","2022",0.15,29.6,"-13.975 144.425"
"13693262","2022-12-01T12:00:00Z",-14.025,144.425,"0.0",0,"29.61","1.92",0,2022-12-01,"12","2022",0,29.61,"-14.025 144.425"
"13694335","2022-12-01T12:00:00Z",-14.675,145.425,"0.64",0,"29.76","2.21",0,2022-12-01,"12","2022",0.64,29.76,"-14.675 145.425"
"13694339","2022-12-01T12:00:00Z",-14.675,145.625,"1.16",0,"30.12","2.64",0,2022-12-01,"12","2022",1.16,30.12,"-14.675 145.625"
"13694416","2022-12-01T12:00:00Z",-14.725,145.425,"0.62",0,"29.72","2.15",0,2022-12-01,"12","2022",0.62,29.72,"-14.725 145.425"
"13694498","2022-12-01T12:00:00Z",-14.775,145.475,"0.51",0,"29.78","2.23",0,2022-12-01,"12","2022",0.51,29.78,"-14.775 145.475"
"13694988","2022-12-01T12:00:00Z",-15.075,145.675,"0.5",0,"29.810000000000002","2.35",0,2022-12-01,"12","2022",0.5,29.81,"-15.075 145.675"
"13727598","2022-12-08T12:00:00Z",-13.875,144.025,"1.1400000000000001",0,"29.36","1.26",0,2022-12-08,"12","2022",1.14,29.36,"-13.875 144.025"
"13727680","2022-12-08T12:00:00Z",-13.925,144.075,"0.96",0,"29.34","1.26",0,2022-12-08,"12","2022",0.96,29.34,"-13.925 144.075"
"13727682","2022-12-08T12:00:00Z",-13.925,144.175,"0.32",0,"29.16","1.2",0,2022-12-08,"12","2022",0.32,29.16,"-13.925 144.175"
"13727683","2022-12-08T12:00:00Z",-13.925,144.225,"0.17",0,"29.12","1.21",0,2022-12-08,"12","2022",0.17,29.12,"-13.925 144.225"
"13727768","2022-12-08T12:00:00Z",-13.975,144.425,"0.15",0,"29.240000000000002","1.3800000000000001",0,2022-12-08,"12","2022",0.15,29.24,"-13.975 144.425"
"13727849","2022-12-08T12:00:00Z",-14.025,144.425,"0.0",0,"29.19","1.28",0,2022-12-08,"12","2022",0,29.19,"-14.025 144.425"
"13728922","2022-12-08T12:00:00Z",-14.675,145.425,"0.81",0,"29.16","1.42",0,2022-12-08,"12","2022",0.81,29.16,"-14.675 145.425"
"13728926","2022-12-08T12:00:00Z",-14.675,145.625,"1.52",0,"29.330000000000002","1.6400000000000001",0,2022-12-08,"12","2022",1.52,29.33,"-14.675 145.625"
"13729003","2022-12-08T12:00:00Z",-14.725,145.425,"0.79",0,"29.150000000000002","1.4000000000000001",0,2022-12-08,"12","2022",0.79,29.15,"-14.725 145.425"
"13729085","2022-12-08T12:00:00Z",-14.775,145.475,"0.68",0,"29.14","1.4000000000000001",0,2022-12-08,"12","2022",0.68,29.14,"-14.775 145.475"
"13729575","2022-12-08T12:00:00Z",-15.075,145.675,"0.65",0,"29.21","1.57",0,2022-12-08,"12","2022",0.65,29.21,"-15.075 145.675"
"13762185","2022-12-15T12:00:00Z",-13.875,144.025,"1.48",0,"29.91","1.59",0,2022-12-15,"12","2022",1.48,29.91,"-13.875 144.025"
"13762267","2022-12-15T12:00:00Z",-13.925,144.075,"1.3",0,"29.95","1.6500000000000001",0,2022-12-15,"12","2022",1.3,29.95,"-13.925 144.075"
"13762269","2022-12-15T12:00:00Z",-13.925,144.175,"0.66",0,"29.85","1.67",0,2022-12-15,"12","2022",0.66,29.85,"-13.925 144.175"
"13762270","2022-12-15T12:00:00Z",-13.925,144.225,"0.51",0,"29.8","1.67",0,2022-12-15,"12","2022",0.51,29.8,"-13.925 144.225"
"13762355","2022-12-15T12:00:00Z",-13.975,144.425,"0.45",0,"29.73","1.6500000000000001",0,2022-12-15,"12","2022",0.45,29.73,"-13.975 144.425"
"13762436","2022-12-15T12:00:00Z",-14.025,144.425,"0.16",0,"29.76","1.6400000000000001",0,2022-12-15,"12","2022",0.16,29.76,"-14.025 144.425"
"13763509","2022-12-15T12:00:00Z",-14.675,145.425,"0.96",0,"29.62","1.69",0,2022-12-15,"12","2022",0.96,29.62,"-14.675 145.425"
"13763513","2022-12-15T12:00:00Z",-14.675,145.625,"1.67",0,"29.59","1.7",0,2022-12-15,"12","2022",1.67,29.59,"-14.675 145.625"
"13763590","2022-12-15T12:00:00Z",-14.725,145.425,"0.9400000000000001",0,"29.650000000000002","1.71",0,2022-12-15,"12","2022",0.94,29.65,"-14.725 145.425"
"13763672","2022-12-15T12:00:00Z",-14.775,145.475,"0.8200000000000001",0,"29.6","1.68",0,2022-12-15,"12","2022",0.82,29.6,"-14.775 145.475"
"13764162","2022-12-15T12:00:00Z",-15.075,145.675,"0.9400000000000001",0,"29.6","1.77",0,2022-12-15,"12","2022",0.94,29.6,"-15.075 145.675"
"13796772","2022-12-22T12:00:00Z",-13.875,144.025,"2.2",0,"29.59","1.18",0,2022-12-22,"12","2022",2.2,29.59,"-13.875 144.025"
"13796854","2022-12-22T12:00:00Z",-13.925,144.075,"2.0100000000000002",0,"29.560000000000002","1.16",0,2022-12-22,"12","2022",2.01,29.56,"-13.925 144.075"
"13796856","2022-12-22T12:00:00Z",-13.925,144.175,"1.36",0,"29.47","1.19",0,2022-12-22,"12","2022",1.36,29.47,"-13.925 144.175"
"13796857","2022-12-22T12:00:00Z",-13.925,144.225,"1.19",0,"29.44","1.21",0,2022-12-22,"12","2022",1.19,29.44,"-13.925 144.225"
"13796942","2022-12-22T12:00:00Z",-13.975,144.425,"1.08",0,"29.41","1.22",0,2022-12-22,"12","2022",1.08,29.41,"-13.975 144.425"
"13797023","2022-12-22T12:00:00Z",-14.025,144.425,"0.63",0,"29.42","1.19",0,2022-12-22,"12","2022",0.63,29.42,"-14.025 144.425"
"13798096","2022-12-22T12:00:00Z",-14.675,145.425,"1.28",0,"29.25","1.19",0,2022-12-22,"12","2022",1.28,29.25,"-14.675 145.425"
"13798100","2022-12-22T12:00:00Z",-14.675,145.625,"2.15",0,"29.3","1.29",0,2022-12-22,"12","2022",2.15,29.3,"-14.675 145.625"
"13798177","2022-12-22T12:00:00Z",-14.725,145.425,"1.27",0,"29.22","1.1500000000000001",0,2022-12-22,"12","2022",1.27,29.22,"-14.725 145.425"
"13798259","2022-12-22T12:00:00Z",-14.775,145.475,"1.1400000000000001",0,"29.19","1.1400000000000001",0,2022-12-22,"12","2022",1.14,29.19,"-14.775 145.475"
"13798749","2022-12-22T12:00:00Z",-15.075,145.675,"1.1",0,"29.11","1.1400000000000001",0,2022-12-22,"12","2022",1.1,29.11,"-15.075 145.675"
"13831359","2022-12-29T12:00:00Z",-13.875,144.025,"2.35",0,"29.27","0.76",0,2022-12-29,"12","2022",2.35,29.27,"-13.875 144.025"
"13831441","2022-12-29T12:00:00Z",-13.925,144.075,"2.0100000000000002",0,"29.240000000000002","0.75",0,2022-12-29,"12","2022",2.01,29.24,"-13.925 144.075"
"13831443","2022-12-29T12:00:00Z",-13.925,144.175,"1.36",0,"29.16","0.78",0,2022-12-29,"12","2022",1.36,29.16,"-13.925 144.175"
"13831444","2022-12-29T12:00:00Z",-13.925,144.225,"1.19",0,"29.12","0.79",0,2022-12-29,"12","2022",1.19,29.12,"-13.925 144.225"
"13831529","2022-12-29T12:00:00Z",-13.975,144.425,"1.08",0,"29.05","0.76",0,2022-12-29,"12","2022",1.08,29.05,"-13.975 144.425"
"13831610","2022-12-29T12:00:00Z",-14.025,144.425,"0.63",0,"29.05","0.71",0,2022-12-29,"12","2022",0.63,29.05,"-14.025 144.425"
"13832683","2022-12-29T12:00:00Z",-14.675,145.425,"1.28",0,"29.13","0.9400000000000001",0,2022-12-29,"12","2022",1.28,29.13,"-14.675 145.425"
"13832687","2022-12-29T12:00:00Z",-14.675,145.625,"2.15",0,"29.25","1.12",0,2022-12-29,"12","2022",2.15,29.25,"-14.675 145.625"
"13832764","2022-12-29T12:00:00Z",-14.725,145.425,"1.27",0,"29.07","0.86",0,2022-12-29,"12","2022",1.27,29.07,"-14.725 145.425"
"13832846","2022-12-29T12:00:00Z",-14.775,145.475,"1.1400000000000001",0,"29.04","0.85",0,2022-12-29,"12","2022",1.14,29.04,"-14.775 145.475"
"13833336","2022-12-29T12:00:00Z",-15.075,145.675,"1.1",0,"29.02","0.91",0,2022-12-29,"12","2022",1.1,29.02,"-15.075 145.675"
"13865946","2023-01-05T12:00:00Z",-13.875,144.025,"2.35",0,"29.080000000000002","0.48",0,2023-01-05,"01","2023",2.35,29.08,"-13.875 144.025"
"13866028","2023-01-05T12:00:00Z",-13.925,144.075,"2.0100000000000002",0,"29.060000000000002","0.47000000000000003",0,2023-01-05,"01","2023",2.01,29.06,"-13.925 144.075"
"13866030","2023-01-05T12:00:00Z",-13.925,144.175,"1.36",0,"29.0","0.52",0,2023-01-05,"01","2023",1.36,29,"-13.925 144.175"
"13866031","2023-01-05T12:00:00Z",-13.925,144.225,"1.19",0,"28.98","0.55",0,2023-01-05,"01","2023",1.19,28.98,"-13.925 144.225"
"13866116","2023-01-05T12:00:00Z",-13.975,144.425,"1.08",0,"28.92","0.52",0,2023-01-05,"01","2023",1.08,28.92,"-13.975 144.425"
"13866197","2023-01-05T12:00:00Z",-14.025,144.425,"0.63",0,"28.94","0.49",0,2023-01-05,"01","2023",0.63,28.94,"-14.025 144.425"
"13867270","2023-01-05T12:00:00Z",-14.675,145.425,"1.28",0,"29.07","0.75",0,2023-01-05,"01","2023",1.28,29.07,"-14.675 145.425"
"13867274","2023-01-05T12:00:00Z",-14.675,145.625,"2.15",0,"29.14","0.89",0,2023-01-05,"01","2023",2.15,29.14,"-14.675 145.625"
"13867351","2023-01-05T12:00:00Z",-14.725,145.425,"1.27",0,"29.060000000000002","0.72",0,2023-01-05,"01","2023",1.27,29.06,"-14.725 145.425"
"13867433","2023-01-05T12:00:00Z",-14.775,145.475,"1.1400000000000001",0,"29.07","0.75",0,2023-01-05,"01","2023",1.14,29.07,"-14.775 145.475"
"13867923","2023-01-05T12:00:00Z",-15.075,145.675,"1.1",0,"29.1","0.85",0,2023-01-05,"01","2023",1.1,29.1,"-15.075 145.675"
"13900533","2023-01-12T12:00:00Z",-13.875,144.025,"2.35",0,"29.19","0.5",0,2023-01-12,"01","2023",2.35,29.19,"-13.875 144.025"
"13900615","2023-01-12T12:00:00Z",-13.925,144.075,"2.0100000000000002",0,"29.21","0.52",0,2023-01-12,"01","2023",2.01,29.21,"-13.925 144.075"
"13900617","2023-01-12T12:00:00Z",-13.925,144.175,"1.36",0,"29.14","0.56",0,2023-01-12,"01","2023",1.36,29.14,"-13.925 144.175"
"13900618","2023-01-12T12:00:00Z",-13.925,144.225,"1.19",0,"29.12","0.58",0,2023-01-12,"01","2023",1.19,29.12,"-13.925 144.225"
"13900703","2023-01-12T12:00:00Z",-13.975,144.425,"1.08",0,"29.1","0.6",0,2023-01-12,"01","2023",1.08,29.1,"-13.975 144.425"
"13900784","2023-01-12T12:00:00Z",-14.025,144.425,"0.63",0,"29.13","0.5700000000000001",0,2023-01-12,"01","2023",0.63,29.13,"-14.025 144.425"
"13901857","2023-01-12T12:00:00Z",-14.675,145.425,"1.28",0,"29.39","0.9400000000000001",0,2023-01-12,"01","2023",1.28,29.39,"-14.675 145.425"
"13901861","2023-01-12T12:00:00Z",-14.675,145.625,"2.15",0,"29.36","0.99",0,2023-01-12,"01","2023",2.15,29.36,"-14.675 145.625"
"13901938","2023-01-12T12:00:00Z",-14.725,145.425,"1.27",0,"29.42","0.9500000000000001",0,2023-01-12,"01","2023",1.27,29.42,"-14.725 145.425"
"13902020","2023-01-12T12:00:00Z",-14.775,145.475,"1.1400000000000001",0,"29.42","0.97",0,2023-01-12,"01","2023",1.14,29.42,"-14.775 145.475"
"13902510","2023-01-12T12:00:00Z",-15.075,145.675,"1.1",0,"29.48","1.09",0,2023-01-12,"01","2023",1.1,29.48,"-15.075 145.675"
"13935120","2023-01-19T12:00:00Z",-13.875,144.025,"2.35",0,"29.5","0.78",0,2023-01-19,"01","2023",2.35,29.5,"-13.875 144.025"
"13935202","2023-01-19T12:00:00Z",-13.925,144.075,"2.0100000000000002",0,"29.5","0.78",0,2023-01-19,"01","2023",2.01,29.5,"-13.925 144.075"
"13935204","2023-01-19T12:00:00Z",-13.925,144.175,"1.36",0,"29.46","0.85",0,2023-01-19,"01","2023",1.36,29.46,"-13.925 144.175"
"13935205","2023-01-19T12:00:00Z",-13.925,144.225,"1.19",0,"29.44","0.86",0,2023-01-19,"01","2023",1.19,29.44,"-13.925 144.225"
"13935290","2023-01-19T12:00:00Z",-13.975,144.425,"1.08",0,"29.39","0.84",0,2023-01-19,"01","2023",1.08,29.39,"-13.975 144.425"
"13935371","2023-01-19T12:00:00Z",-14.025,144.425,"0.63",0,"29.41","0.8",0,2023-01-19,"01","2023",0.63,29.41,"-14.025 144.425"
"13936444","2023-01-19T12:00:00Z",-14.675,145.425,"1.28",0,"28.91","0.39",0,2023-01-19,"01","2023",1.28,28.91,"-14.675 145.425"
"13936448","2023-01-19T12:00:00Z",-14.675,145.625,"2.15",0,"28.82","0.38",0,2023-01-19,"01","2023",2.15,28.82,"-14.675 145.625"
"13936525","2023-01-19T12:00:00Z",-14.725,145.425,"1.27",0,"28.91","0.37",0,2023-01-19,"01","2023",1.27,28.91,"-14.725 145.425"
"13936607","2023-01-19T12:00:00Z",-14.775,145.475,"1.1400000000000001",0,"28.900000000000002","0.38",0,2023-01-19,"01","2023",1.14,28.9,"-14.775 145.475"
"13937097","2023-01-19T12:00:00Z",-15.075,145.675,"1.1",0,"28.88","0.41000000000000003",0,2023-01-19,"01","2023",1.1,28.88,"-15.075 145.675"
"13969707","2023-01-26T12:00:00Z",-13.875,144.025,"2.35",0,"28.830000000000002","0.14",0,2023-01-26,"01","2023",2.35,28.83,"-13.875 144.025"
"13969789","2023-01-26T12:00:00Z",-13.925,144.075,"2.0100000000000002",0,"28.82","0.13",0,2023-01-26,"01","2023",2.01,28.82,"-13.925 144.075"
"13969791","2023-01-26T12:00:00Z",-13.925,144.175,"1.36",0,"28.73","0.12",0,2023-01-26,"01","2023",1.36,28.73,"-13.925 144.175"
"13969792","2023-01-26T12:00:00Z",-13.925,144.225,"1.19",0,"28.72","0.15",0,2023-01-26,"01","2023",1.19,28.72,"-13.925 144.225"
"13969877","2023-01-26T12:00:00Z",-13.975,144.425,"1.08",0,"28.7","0.14",0,2023-01-26,"01","2023",1.08,28.7,"-13.975 144.425"
"13969958","2023-01-26T12:00:00Z",-14.025,144.425,"0.63",0,"28.71","0.1",0,2023-01-26,"01","2023",0.63,28.71,"-14.025 144.425"
"13971031","2023-01-26T12:00:00Z",-14.675,145.425,"1.28",0,"28.990000000000002","0.45",0,2023-01-26,"01","2023",1.28,28.99,"-14.675 145.425"
"13971035","2023-01-26T12:00:00Z",-14.675,145.625,"2.15",0,"29.01","0.54",0,2023-01-26,"01","2023",2.15,29.01,"-14.675 145.625"
"13971112","2023-01-26T12:00:00Z",-14.725,145.425,"1.27",0,"29.0","0.45",0,2023-01-26,"01","2023",1.27,29,"-14.725 145.425"
"13971194","2023-01-26T12:00:00Z",-14.775,145.475,"1.1400000000000001",0,"28.990000000000002","0.46",0,2023-01-26,"01","2023",1.14,28.99,"-14.775 145.475"
"13971684","2023-01-26T12:00:00Z",-15.075,145.675,"1.1",0,"28.95","0.45",0,2023-01-26,"01","2023",1.1,28.95,"-15.075 145.675"
"14004294","2023-02-02T12:00:00Z",-13.875,144.025,"2.35",0,"29.64","0.97",0,2023-02-02,"02","2023",2.35,29.64,"-13.875 144.025"
"14004376","2023-02-02T12:00:00Z",-13.925,144.075,"2.0100000000000002",0,"29.7","1.03",0,2023-02-02,"02","2023",2.01,29.7,"-13.925 144.075"
"14004378","2023-02-02T12:00:00Z",-13.925,144.175,"1.69",0,"29.77","1.17",0,2023-02-02,"02","2023",1.69,29.77,"-13.925 144.175"
"14004379","2023-02-02T12:00:00Z",-13.925,144.225,"1.54",0,"29.810000000000002","1.24",0,2023-02-02,"02","2023",1.54,29.81,"-13.925 144.225"
"14004464","2023-02-02T12:00:00Z",-13.975,144.425,"1.46",0,"29.88","1.31",0,2023-02-02,"02","2023",1.46,29.88,"-13.975 144.425"
"14004545","2023-02-02T12:00:00Z",-14.025,144.425,"1.01",0,"29.88","1.26",0,2023-02-02,"02","2023",1.01,29.88,"-14.025 144.425"
"14005618","2023-02-02T12:00:00Z",-14.675,145.425,"1.28",0,"28.93","0.37",0,2023-02-02,"02","2023",1.28,28.93,"-14.675 145.425"
"14005622","2023-02-02T12:00:00Z",-14.675,145.625,"2.3000000000000003",0,"29.32","0.8200000000000001",0,2023-02-02,"02","2023",2.3,29.32,"-14.675 145.625"
"14005699","2023-02-02T12:00:00Z",-14.725,145.425,"1.27",0,"28.88","0.32",0,2023-02-02,"02","2023",1.27,28.88,"-14.725 145.425"
"14005781","2023-02-02T12:00:00Z",-14.775,145.475,"1.1400000000000001",0,"28.98","0.43",0,2023-02-02,"02","2023",1.14,28.98,"-14.775 145.475"
"14006271","2023-02-02T12:00:00Z",-15.075,145.675,"1.1",0,"29.12","0.58",0,2023-02-02,"02","2023",1.1,29.12,"-15.075 145.675"
"14038881","2023-02-09T12:00:00Z",-13.875,144.025,"3.0",0,"29.73","1.09",0,2023-02-09,"02","2023",3,29.73,"-13.875 144.025"
"14038963","2023-02-09T12:00:00Z",-13.925,144.075,"2.69",0,"29.68","1.03",0,2023-02-09,"02","2023",2.69,29.68,"-13.925 144.075"
"14038965","2023-02-09T12:00:00Z",-13.925,144.175,"2.37",0,"29.53","0.9400000000000001",0,2023-02-09,"02","2023",2.37,29.53,"-13.925 144.175"
"14038966","2023-02-09T12:00:00Z",-13.925,144.225,"2.35",0,"29.46","0.9",0,2023-02-09,"02","2023",2.35,29.46,"-13.925 144.225"
"14039051","2023-02-09T12:00:00Z",-13.975,144.425,"1.9100000000000001",0,"29.39","0.8200000000000001",0,2023-02-09,"02","2023",1.91,29.39,"-13.975 144.425"
"14039132","2023-02-09T12:00:00Z",-14.025,144.425,"1.46",0,"29.400000000000002","0.78",0,2023-02-09,"02","2023",1.46,29.4,"-14.025 144.425"
"14040205","2023-02-09T12:00:00Z",-14.675,145.425,"1.28",0,"29.330000000000002","0.76",0,2023-02-09,"02","2023",1.28,29.33,"-14.675 145.425"
"14040209","2023-02-09T12:00:00Z",-14.675,145.625,"2.3000000000000003",0,"29.330000000000002","0.8",0,2023-02-09,"02","2023",2.3,29.33,"-14.675 145.625"
"14040286","2023-02-09T12:00:00Z",-14.725,145.425,"1.27",0,"29.34","0.76",0,2023-02-09,"02","2023",1.27,29.34,"-14.725 145.425"
"14040368","2023-02-09T12:00:00Z",-14.775,145.475,"1.1400000000000001",0,"29.3","0.73",0,2023-02-09,"02","2023",1.14,29.3,"-14.775 145.475"
"14040858","2023-02-09T12:00:00Z",-15.075,145.675,"1.1",0,"29.05","0.48",0,2023-02-09,"02","2023",1.1,29.05,"-15.075 145.675"
"14073468","2023-02-16T12:00:00Z",-13.875,144.025,"2.5300000000000002",0,"28.98","0.37",0,2023-02-16,"02","2023",2.53,28.98,"-13.875 144.025"
"14073550","2023-02-16T12:00:00Z",-13.925,144.075,"2.23",0,"28.97","0.35000000000000003",0,2023-02-16,"02","2023",2.23,28.97,"-13.925 144.075"
"14073552","2023-02-16T12:00:00Z",-13.925,144.175,"2.37",0,"28.98","0.41000000000000003",0,2023-02-16,"02","2023",2.37,28.98,"-13.925 144.175"
"14073553","2023-02-16T12:00:00Z",-13.925,144.225,"2.35",0,"29.0","0.45",0,2023-02-16,"02","2023",2.35,29,"-13.925 144.225"
"14073638","2023-02-16T12:00:00Z",-13.975,144.425,"1.9100000000000001",0,"29.11","0.55",0,2023-02-16,"02","2023",1.91,29.11,"-13.975 144.425"
"14073719","2023-02-16T12:00:00Z",-14.025,144.425,"1.46",0,"29.09","0.49",0,2023-02-16,"02","2023",1.46,29.09,"-14.025 144.425"
"14074792","2023-02-16T12:00:00Z",-14.675,145.425,"1.28",0,"29.0","0.43",0,2023-02-16,"02","2023",1.28,29,"-14.675 145.425"
"14074796","2023-02-16T12:00:00Z",-14.675,145.625,"2.3000000000000003",0,"29.01","0.46",0,2023-02-16,"02","2023",2.3,29.01,"-14.675 145.625"
"14074873","2023-02-16T12:00:00Z",-14.725,145.425,"1.27",0,"28.97","0.4",0,2023-02-16,"02","2023",1.27,28.97,"-14.725 145.425"
"14074955","2023-02-16T12:00:00Z",-14.775,145.475,"1.1400000000000001",0,"28.97","0.41000000000000003",0,2023-02-16,"02","2023",1.14,28.97,"-14.775 145.475"
"14075445","2023-02-16T12:00:00Z",-15.075,145.675,"1.1",0,"28.97","0.39",0,2023-02-16,"02","2023",1.1,28.97,"-15.075 145.675"
"14108055","2023-02-23T12:00:00Z",-13.875,144.025,"2.0100000000000002",0,"28.73","0.21",0,2023-02-23,"02","2023",2.01,28.73,"-13.875 144.025"
"14108137","2023-02-23T12:00:00Z",-13.925,144.075,"1.73",0,"28.76","0.24",0,2023-02-23,"02","2023",1.73,28.76,"-13.925 144.075"
"14108139","2023-02-23T12:00:00Z",-13.925,144.175,"2.05",0,"28.73","0.26",0,2023-02-23,"02","2023",2.05,28.73,"-13.925 144.175"
"14108140","2023-02-23T12:00:00Z",-13.925,144.225,"2.18",0,"28.73","0.28",0,2023-02-23,"02","2023",2.18,28.73,"-13.925 144.225"
"14108225","2023-02-23T12:00:00Z",-13.975,144.425,"1.76",0,"28.75","0.3",0,2023-02-23,"02","2023",1.76,28.75,"-13.975 144.425"
"14108306","2023-02-23T12:00:00Z",-14.025,144.425,"1.46",0,"28.75","0.26",0,2023-02-23,"02","2023",1.46,28.75,"-14.025 144.425"
"14109379","2023-02-23T12:00:00Z",-14.675,145.425,"0.64",0,"28.71","0.25",0,2023-02-23,"02","2023",0.64,28.71,"-14.675 145.425"
"14109383","2023-02-23T12:00:00Z",-14.675,145.625,"1.1400000000000001",0,"28.82","0.37",0,2023-02-23,"02","2023",1.14,28.82,"-14.675 145.625"
"14109460","2023-02-23T12:00:00Z",-14.725,145.425,"0.64",0,"28.69","0.23",0,2023-02-23,"02","2023",0.64,28.69,"-14.725 145.425"
"14109542","2023-02-23T12:00:00Z",-14.775,145.475,"0.63",0,"28.69","0.24",0,2023-02-23,"02","2023",0.63,28.69,"-14.775 145.475"
"14110032","2023-02-23T12:00:00Z",-15.075,145.675,"0.59",0,"28.73","0.27",0,2023-02-23,"02","2023",0.59,28.73,"-15.075 145.675"
"14142642","2023-03-02T12:00:00Z",-13.875,144.025,"1.86",0,"29.17","0.74",0,2023-03-02,"03","2023",1.86,29.17,"-13.875 144.025"
"14142724","2023-03-02T12:00:00Z",-13.925,144.075,"1.73",0,"29.13","0.7000000000000001",0,2023-03-02,"03","2023",1.73,29.13,"-13.925 144.075"
"14142726","2023-03-02T12:00:00Z",-13.925,144.175,"2.05",0,"29.150000000000002","0.78",0,2023-03-02,"03","2023",2.05,29.15,"-13.925 144.175"
"14142727","2023-03-02T12:00:00Z",-13.925,144.225,"2.18",0,"29.13","0.78",0,2023-03-02,"03","2023",2.18,29.13,"-13.925 144.225"
"14142812","2023-03-02T12:00:00Z",-13.975,144.425,"1.76",0,"29.0","0.66",0,2023-03-02,"03","2023",1.76,29,"-13.975 144.425"
"14142893","2023-03-02T12:00:00Z",-14.025,144.425,"1.46",0,"29.080000000000002","0.71",0,2023-03-02,"03","2023",1.46,29.08,"-14.025 144.425"
"14143966","2023-03-02T12:00:00Z",-14.675,145.425,"0.47000000000000003",0,"28.89","0.55",0,2023-03-02,"03","2023",0.47,28.89,"-14.675 145.425"
"14143970","2023-03-02T12:00:00Z",-14.675,145.625,"0.78",0,"28.95","0.6",0,2023-03-02,"03","2023",0.78,28.95,"-14.675 145.625"
"14144047","2023-03-02T12:00:00Z",-14.725,145.425,"0.48",0,"28.89","0.55",0,2023-03-02,"03","2023",0.48,28.89,"-14.725 145.425"
"14144129","2023-03-02T12:00:00Z",-14.775,145.475,"0.46",0,"28.89","0.56",0,2023-03-02,"03","2023",0.46,28.89,"-14.775 145.475"
"14144619","2023-03-02T12:00:00Z",-15.075,145.675,"0.44",0,"28.86","0.52",0,2023-03-02,"03","2023",0.44,28.86,"-15.075 145.675"
"14177229","2023-03-09T12:00:00Z",-13.875,144.025,"1.52",0,"28.8","0.46",0,2023-03-09,"03","2023",1.52,28.8,"-13.875 144.025"
"14177311","2023-03-09T12:00:00Z",-13.925,144.075,"1.3900000000000001",0,"28.87","0.53",0,2023-03-09,"03","2023",1.39,28.87,"-13.925 144.075"
"14177313","2023-03-09T12:00:00Z",-13.925,144.175,"1.71",0,"28.85","0.58",0,2023-03-09,"03","2023",1.71,28.85,"-13.925 144.175"
"14177314","2023-03-09T12:00:00Z",-13.925,144.225,"1.85",0,"28.79","0.54",0,2023-03-09,"03","2023",1.85,28.79,"-13.925 144.225"
"14177399","2023-03-09T12:00:00Z",-13.975,144.425,"1.45",0,"28.6","0.37",0,2023-03-09,"03","2023",1.45,28.6,"-13.975 144.425"
"14177480","2023-03-09T12:00:00Z",-14.025,144.425,"1.3",0,"28.76","0.5",0,2023-03-09,"03","2023",1.3,28.76,"-14.025 144.425"
"14178553","2023-03-09T12:00:00Z",-14.675,145.425,"0.32",0,"29.060000000000002","0.84",0,2023-03-09,"03","2023",0.32,29.06,"-14.675 145.425"
"14178557","2023-03-09T12:00:00Z",-14.675,145.625,"0.63",0,"28.97","0.72",0,2023-03-09,"03","2023",0.63,28.97,"-14.675 145.625"
"14178634","2023-03-09T12:00:00Z",-14.725,145.425,"0.32",0,"29.080000000000002","0.86",0,2023-03-09,"03","2023",0.32,29.08,"-14.725 145.425"
"14178716","2023-03-09T12:00:00Z",-14.775,145.475,"0.32",0,"29.09","0.87",0,2023-03-09,"03","2023",0.32,29.09,"-14.775 145.475"
"14179206","2023-03-09T12:00:00Z",-15.075,145.675,"0.15",0,"29.05","0.8300000000000001",0,2023-03-09,"03","2023",0.15,29.05,"-15.075 145.675"
"14211816","2023-03-16T12:00:00Z",-13.875,144.025,"1.12",0,"29.71","1.47",0,2023-03-16,"03","2023",1.12,29.71,"-13.875 144.025"
"14211898","2023-03-16T12:00:00Z",-13.925,144.075,"1.17",0,"29.71","1.48",0,2023-03-16,"03","2023",1.17,29.71,"-13.925 144.075"
"14211900","2023-03-16T12:00:00Z",-13.925,144.175,"1.6500000000000001",0,"29.53","1.37",0,2023-03-16,"03","2023",1.65,29.53,"-13.925 144.175"
"14211901","2023-03-16T12:00:00Z",-13.925,144.225,"1.6500000000000001",0,"29.47","1.34",0,2023-03-16,"03","2023",1.65,29.47,"-13.925 144.225"
"14211986","2023-03-16T12:00:00Z",-13.975,144.425,"1.1500000000000001",0,"29.43","1.33",0,2023-03-16,"03","2023",1.15,29.43,"-13.975 144.425"
"14212067","2023-03-16T12:00:00Z",-14.025,144.425,"1.3",0,"29.45","1.32",0,2023-03-16,"03","2023",1.3,29.45,"-14.025 144.425"
"14213140","2023-03-16T12:00:00Z",-14.675,145.425,"0.31",0,"29.39","1.3",0,2023-03-16,"03","2023",0.31,29.39,"-14.675 145.425"
"14213144","2023-03-16T12:00:00Z",-14.675,145.625,"0.31",0,"29.39","1.25",0,2023-03-16,"03","2023",0.31,29.39,"-14.675 145.625"
"14213221","2023-03-16T12:00:00Z",-14.725,145.425,"0.32",0,"29.42","1.33",0,2023-03-16,"03","2023",0.32,29.42,"-14.725 145.425"
"14213303","2023-03-16T12:00:00Z",-14.775,145.475,"0.32",0,"29.42","1.33",0,2023-03-16,"03","2023",0.32,29.42,"-14.775 145.475"
"14213793","2023-03-16T12:00:00Z",-15.075,145.675,"0.15",0,"29.400000000000002","1.31",0,2023-03-16,"03","2023",0.15,29.4,"-15.075 145.675"
"14246403","2023-03-23T12:00:00Z",-13.875,144.025,"1.12",0,"29.07","1.05",0,2023-03-23,"03","2023",1.12,29.07,"-13.875 144.025"
"14246485","2023-03-23T12:00:00Z",-13.925,144.075,"1.33",0,"29.04","1.03",0,2023-03-23,"03","2023",1.33,29.04,"-13.925 144.075"
"14246487","2023-03-23T12:00:00Z",-13.925,144.175,"1.81",0,"28.97","1.02",0,2023-03-23,"03","2023",1.81,28.97,"-13.925 144.175"
"14246488","2023-03-23T12:00:00Z",-13.925,144.225,"1.8",0,"28.94","1.01",0,2023-03-23,"03","2023",1.8,28.94,"-13.925 144.225"
"14246573","2023-03-23T12:00:00Z",-13.975,144.425,"1.1500000000000001",0,"28.89","0.97",0,2023-03-23,"03","2023",1.15,28.89,"-13.975 144.425"
"14246654","2023-03-23T12:00:00Z",-14.025,144.425,"1.3",0,"28.92","0.99",0,2023-03-23,"03","2023",1.3,28.92,"-14.025 144.425"
"14247727","2023-03-23T12:00:00Z",-14.675,145.425,"0.31",0,"28.990000000000002","1.1300000000000001",0,2023-03-23,"03","2023",0.31,28.99,"-14.675 145.425"
"14247731","2023-03-23T12:00:00Z",-14.675,145.625,"0.31",0,"29.12","1.19",0,2023-03-23,"03","2023",0.31,29.12,"-14.675 145.625"
"14247808","2023-03-23T12:00:00Z",-14.725,145.425,"0.32",0,"28.95","1.09",0,2023-03-23,"03","2023",0.32,28.95,"-14.725 145.425"
"14247890","2023-03-23T12:00:00Z",-14.775,145.475,"0.32",0,"28.93","1.07",0,2023-03-23,"03","2023",0.32,28.93,"-14.775 145.475"
"14248380","2023-03-23T12:00:00Z",-15.075,145.675,"0.15",0,"28.96","1.08",0,2023-03-23,"03","2023",0.15,28.96,"-15.075 145.675"
"14280990","2023-03-30T12:00:00Z",-13.875,144.025,"1.12",0,"28.89","1.09",0,2023-03-30,"03","2023",1.12,28.89,"-13.875 144.025"
"14281072","2023-03-30T12:00:00Z",-13.925,144.075,"1.33",0,"28.830000000000002","1.04",0,2023-03-30,"03","2023",1.33,28.83,"-13.925 144.075"
"14281074","2023-03-30T12:00:00Z",-13.925,144.175,"1.81",0,"28.78","1.04",0,2023-03-30,"03","2023",1.81,28.78,"-13.925 144.175"
"14281075","2023-03-30T12:00:00Z",-13.925,144.225,"1.8",0,"28.77","1.05",0,2023-03-30,"03","2023",1.8,28.77,"-13.925 144.225"
"14281160","2023-03-30T12:00:00Z",-13.975,144.425,"1.1500000000000001",0,"28.76","1.03",0,2023-03-30,"03","2023",1.15,28.76,"-13.975 144.425"
"14281241","2023-03-30T12:00:00Z",-14.025,144.425,"1.3",0,"28.76","1.03",0,2023-03-30,"03","2023",1.3,28.76,"-14.025 144.425"
"14282314","2023-03-30T12:00:00Z",-14.675,145.425,"0.31",0,"28.75","1.11",0,2023-03-30,"03","2023",0.31,28.75,"-14.675 145.425"
"14282318","2023-03-30T12:00:00Z",-14.675,145.625,"0.31",0,"28.84","1.12",0,2023-03-30,"03","2023",0.31,28.84,"-14.675 145.625"
"14282395","2023-03-30T12:00:00Z",-14.725,145.425,"0.32",0,"28.740000000000002","1.1",0,2023-03-30,"03","2023",0.32,28.74,"-14.725 145.425"
"14282477","2023-03-30T12:00:00Z",-14.775,145.475,"0.32",0,"28.77","1.1300000000000001",0,2023-03-30,"03","2023",0.32,28.77,"-14.775 145.475"
"14282967","2023-03-30T12:00:00Z",-15.075,145.675,"0.15",0,"28.830000000000002","1.16",0,2023-03-30,"03","2023",0.15,28.83,"-15.075 145.675"
"14315577","2023-04-06T12:00:00Z",-13.875,144.025,"1.12",0,"29.28","1.71",0,2023-04-06,"04","2023",1.12,29.28,"-13.875 144.025"
"14315659","2023-04-06T12:00:00Z",-13.925,144.075,"1.33",0,"29.29","1.73",0,2023-04-06,"04","2023",1.33,29.29,"-13.925 144.075"
"14315661","2023-04-06T12:00:00Z",-13.925,144.175,"1.81",0,"29.17","1.6500000000000001",0,2023-04-06,"04","2023",1.81,29.17,"-13.925 144.175"
"14315662","2023-04-06T12:00:00Z",-13.925,144.225,"1.8",0,"29.12","1.61",0,2023-04-06,"04","2023",1.8,29.12,"-13.925 144.225"
"14315747","2023-04-06T12:00:00Z",-13.975,144.425,"1.1500000000000001",0,"29.05","1.51",0,2023-04-06,"04","2023",1.15,29.05,"-13.975 144.425"
"14315828","2023-04-06T12:00:00Z",-14.025,144.425,"1.3",0,"29.13","1.59",0,2023-04-06,"04","2023",1.3,29.13,"-14.025 144.425"
"14316901","2023-04-06T12:00:00Z",-14.675,145.425,"0.31",0,"29.05","1.6300000000000001",0,2023-04-06,"04","2023",0.31,29.05,"-14.675 145.425"
"14316905","2023-04-06T12:00:00Z",-14.675,145.625,"0.31",0,"29.02","1.52",0,2023-04-06,"04","2023",0.31,29.02,"-14.675 145.625"
"14316982","2023-04-06T12:00:00Z",-14.725,145.425,"0.32",0,"29.080000000000002","1.67",0,2023-04-06,"04","2023",0.32,29.08,"-14.725 145.425"
"14317064","2023-04-06T12:00:00Z",-14.775,145.475,"0.32",0,"29.080000000000002","1.6600000000000001",0,2023-04-06,"04","2023",0.32,29.08,"-14.775 145.475"
"14317554","2023-04-06T12:00:00Z",-15.075,145.675,"0.15",0,"29.05","1.58",0,2023-04-06,"04","2023",0.15,29.05,"-15.075 145.675"
"14350164","2023-04-13T12:00:00Z",-13.875,144.025,"1.12",0,"29.48","2.13",0,2023-04-13,"04","2023",1.12,29.48,"-13.875 144.025"
"14350246","2023-04-13T12:00:00Z",-13.925,144.075,"1.33",0,"29.490000000000002","2.15",0,2023-04-13,"04","2023",1.33,29.49,"-13.925 144.075"
"14350248","2023-04-13T12:00:00Z",-13.925,144.175,"2.1",0,"29.41","2.1",0,2023-04-13,"04","2023",2.1,29.41,"-13.925 144.175"
"14350249","2023-04-13T12:00:00Z",-13.925,144.225,"2.1",0,"29.37","2.06",0,2023-04-13,"04","2023",2.1,29.37,"-13.925 144.225"
"14350334","2023-04-13T12:00:00Z",-13.975,144.425,"1.3",0,"29.2","1.85",0,2023-04-13,"04","2023",1.3,29.2,"-13.975 144.425"
"14350415","2023-04-13T12:00:00Z",-14.025,144.425,"1.3",0,"29.21","1.87",0,2023-04-13,"04","2023",1.3,29.21,"-14.025 144.425"
"14351488","2023-04-13T12:00:00Z",-14.675,145.425,"0.31",0,"29.36","2.17",0,2023-04-13,"04","2023",0.31,29.36,"-14.675 145.425"
"14351492","2023-04-13T12:00:00Z",-14.675,145.625,"0.31",0,"29.38","2.09",0,2023-04-13,"04","2023",0.31,29.38,"-14.675 145.625"
"14351569","2023-04-13T12:00:00Z",-14.725,145.425,"0.32",0,"29.39","2.21",0,2023-04-13,"04","2023",0.32,29.39,"-14.725 145.425"
"14351651","2023-04-13T12:00:00Z",-14.775,145.475,"0.32",0,"29.41","2.22",0,2023-04-13,"04","2023",0.32,29.41,"-14.775 145.475"
"14352141","2023-04-13T12:00:00Z",-15.075,145.675,"0.31",0,"29.67","2.41",0,2023-04-13,"04","2023",0.31,29.67,"-15.075 145.675"
"14384751","2023-04-20T12:00:00Z",-13.875,144.025,"1.79",0,"29.44","2.36",0,2023-04-20,"04","2023",1.79,29.44,"-13.875 144.025"
"14384833","2023-04-20T12:00:00Z",-13.925,144.075,"2.0100000000000002",0,"29.44","2.37",0,2023-04-20,"04","2023",2.01,29.44,"-13.925 144.075"
"14384835","2023-04-20T12:00:00Z",-13.925,144.175,"2.7800000000000002",0,"29.36","2.32",0,2023-04-20,"04","2023",2.78,29.36,"-13.925 144.175"
"14384836","2023-04-20T12:00:00Z",-13.925,144.225,"2.61",0,"29.330000000000002","2.2800000000000002",0,2023-04-20,"04","2023",2.61,29.33,"-13.925 144.225"
"14384921","2023-04-20T12:00:00Z",-13.975,144.425,"1.61",0,"29.25","2.16",0,2023-04-20,"04","2023",1.61,29.25,"-13.975 144.425"
"14385002","2023-04-20T12:00:00Z",-14.025,144.425,"1.62",0,"29.26","2.19",0,2023-04-20,"04","2023",1.62,29.26,"-14.025 144.425"
"14386075","2023-04-20T12:00:00Z",-14.675,145.425,"0.97",0,"29.19","2.27",0,2023-04-20,"04","2023",0.97,29.19,"-14.675 145.425"
"14386079","2023-04-20T12:00:00Z",-14.675,145.625,"0.62",0,"29.25","2.21",0,2023-04-20,"04","2023",0.62,29.25,"-14.675 145.625"
"14386156","2023-04-20T12:00:00Z",-14.725,145.425,"0.99",0,"29.150000000000002","2.25",0,2023-04-20,"04","2023",0.99,29.15,"-14.725 145.425"
"14386238","2023-04-20T12:00:00Z",-14.775,145.475,"0.96",0,"29.12","2.2",0,2023-04-20,"04","2023",0.96,29.12,"-14.775 145.475"
"14386728","2023-04-20T12:00:00Z",-15.075,145.675,"0.45",0,"29.07","2.06",0,2023-04-20,"04","2023",0.45,29.07,"-15.075 145.675"
"14419338","2023-04-27T12:00:00Z",-13.875,144.025,"1.79",0,"28.14","1.35",0,2023-04-27,"04","2023",1.79,28.14,"-13.875 144.025"
"14419420","2023-04-27T12:00:00Z",-13.925,144.075,"2.0100000000000002",0,"28.14","1.36",0,2023-04-27,"04","2023",2.01,28.14,"-13.925 144.075"
"14419422","2023-04-27T12:00:00Z",-13.925,144.175,"2.45",0,"28.11","1.36",0,2023-04-27,"04","2023",2.45,28.11,"-13.925 144.175"
"14419423","2023-04-27T12:00:00Z",-13.925,144.225,"2.2600000000000002",0,"28.14","1.3800000000000001",0,2023-04-27,"04","2023",2.26,28.14,"-13.925 144.225"
"14419508","2023-04-27T12:00:00Z",-13.975,144.425,"1.23",0,"28.29","1.49",0,2023-04-27,"04","2023",1.23,28.29,"-13.975 144.425"
"14419589","2023-04-27T12:00:00Z",-14.025,144.425,"1.24",0,"28.18","1.41",0,2023-04-27,"04","2023",1.24,28.18,"-14.025 144.425"
"14420662","2023-04-27T12:00:00Z",-14.675,145.425,"0.97",0,"28.02","1.4000000000000001",0,2023-04-27,"04","2023",0.97,28.02,"-14.675 145.425"
"14420666","2023-04-27T12:00:00Z",-14.675,145.625,"0.46",0,"28.35","1.58",0,2023-04-27,"04","2023",0.46,28.35,"-14.675 145.625"
"14420743","2023-04-27T12:00:00Z",-14.725,145.425,"0.99",0,"27.96","1.36",0,2023-04-27,"04","2023",0.99,27.96,"-14.725 145.425"
"14420825","2023-04-27T12:00:00Z",-14.775,145.475,"0.96",0,"28.03","1.41",0,2023-04-27,"04","2023",0.96,28.03,"-14.775 145.475"
"14421315","2023-04-27T12:00:00Z",-15.075,145.675,"0.45",0,"28.27","1.52",0,2023-04-27,"04","2023",0.45,28.27,"-15.075 145.675"
"14453925","2023-05-04T12:00:00Z",-13.875,144.025,"1.1300000000000001",0,"27.78","1.28",0,2023-05-04,"05","2023",1.13,27.78,"-13.875 144.025"
"14454007","2023-05-04T12:00:00Z",-13.925,144.075,"1.34",0,"27.75","1.26",0,2023-05-04,"05","2023",1.34,27.75,"-13.925 144.075"
"14454009","2023-05-04T12:00:00Z",-13.925,144.175,"1.77",0,"27.75","1.29",0,2023-05-04,"05","2023",1.77,27.75,"-13.925 144.175"
"14454010","2023-05-04T12:00:00Z",-13.925,144.225,"1.45",0,"27.79","1.32",0,2023-05-04,"05","2023",1.45,27.79,"-13.925 144.225"
"14454095","2023-05-04T12:00:00Z",-13.975,144.425,"0.78",0,"27.900000000000002","1.4000000000000001",0,2023-05-04,"05","2023",0.78,27.9,"-13.975 144.425"
"14454176","2023-05-04T12:00:00Z",-14.025,144.425,"0.79",0,"27.79","1.32",0,2023-05-04,"05","2023",0.79,27.79,"-14.025 144.425"
"14455249","2023-05-04T12:00:00Z",-14.675,145.425,"0.97",0,"27.740000000000002","1.41",0,2023-05-04,"05","2023",0.97,27.74,"-14.675 145.425"
"14455253","2023-05-04T12:00:00Z",-14.675,145.625,"0.46",0,"28.28","1.77",0,2023-05-04,"05","2023",0.46,28.28,"-14.675 145.625"
"14455330","2023-05-04T12:00:00Z",-14.725,145.425,"0.99",0,"27.68","1.3800000000000001",0,2023-05-04,"05","2023",0.99,27.68,"-14.725 145.425"
"14455412","2023-05-04T12:00:00Z",-14.775,145.475,"0.96",0,"27.740000000000002","1.42",0,2023-05-04,"05","2023",0.96,27.74,"-14.775 145.475"
"14455902","2023-05-04T12:00:00Z",-15.075,145.675,"0.45",0,"28.09","1.61",0,2023-05-04,"05","2023",0.45,28.09,"-15.075 145.675"
"14488512","2023-05-11T12:00:00Z",-13.875,144.025,"1.1300000000000001",0,"27.46","1.24",0,2023-05-11,"05","2023",1.13,27.46,"-13.875 144.025"
"14488594","2023-05-11T12:00:00Z",-13.925,144.075,"1.34",0,"27.38","1.17",0,2023-05-11,"05","2023",1.34,27.38,"-13.925 144.075"
"14488596","2023-05-11T12:00:00Z",-13.925,144.175,"1.77",0,"27.51","1.33",0,2023-05-11,"05","2023",1.77,27.51,"-13.925 144.175"
"14488597","2023-05-11T12:00:00Z",-13.925,144.225,"1.45",0,"27.64","1.46",0,2023-05-11,"05","2023",1.45,27.64,"-13.925 144.225"
"14488682","2023-05-11T12:00:00Z",-13.975,144.425,"0.78",0,"27.87","1.6600000000000001",0,2023-05-11,"05","2023",0.78,27.87,"-13.975 144.425"
"14488763","2023-05-11T12:00:00Z",-14.025,144.425,"0.79",0,"27.63","1.46",0,2023-05-11,"05","2023",0.79,27.63,"-14.025 144.425"
"14489836","2023-05-11T12:00:00Z",-14.675,145.425,"0.97",0,"27.240000000000002","1.21",0,2023-05-11,"05","2023",0.97,27.24,"-14.675 145.425"
"14489840","2023-05-11T12:00:00Z",-14.675,145.625,"0.46",0,"27.97","1.73",0,2023-05-11,"05","2023",0.46,27.97,"-14.675 145.625"
"14489917","2023-05-11T12:00:00Z",-14.725,145.425,"0.99",0,"27.16","1.17",0,2023-05-11,"05","2023",0.99,27.16,"-14.725 145.425"
"14489999","2023-05-11T12:00:00Z",-14.775,145.475,"0.96",0,"27.27","1.25",0,2023-05-11,"05","2023",0.96,27.27,"-14.775 145.475"
"14490489","2023-05-11T12:00:00Z",-15.075,145.675,"0.45",0,"27.92","1.7",0,2023-05-11,"05","2023",0.45,27.92,"-15.075 145.675"
"14523099","2023-05-18T12:00:00Z",-13.875,144.025,"1.1300000000000001",0,"27.09","1.18",0,2023-05-18,"05","2023",1.13,27.09,"-13.875 144.025"
"14523181","2023-05-18T12:00:00Z",-13.925,144.075,"1.34",0,"26.990000000000002","1.09",0,2023-05-18,"05","2023",1.34,26.99,"-13.925 144.075"
"14523183","2023-05-18T12:00:00Z",-13.925,144.175,"1.77",0,"27.05","1.18",0,2023-05-18,"05","2023",1.77,27.05,"-13.925 144.175"
"14523184","2023-05-18T12:00:00Z",-13.925,144.225,"1.45",0,"27.2","1.32",0,2023-05-18,"05","2023",1.45,27.2,"-13.925 144.225"
"14523269","2023-05-18T12:00:00Z",-13.975,144.425,"0.78",0,"27.43","1.52",0,2023-05-18,"05","2023",0.78,27.43,"-13.975 144.425"
"14523350","2023-05-18T12:00:00Z",-14.025,144.425,"0.79",0,"27.16","1.3",0,2023-05-18,"05","2023",0.79,27.16,"-14.025 144.425"
"14524423","2023-05-18T12:00:00Z",-14.675,145.425,"0.97",0,"27.240000000000002","1.52",0,2023-05-18,"05","2023",0.97,27.24,"-14.675 145.425"
"14524427","2023-05-18T12:00:00Z",-14.675,145.625,"0.46",0,"27.96","1.98",0,2023-05-18,"05","2023",0.46,27.96,"-14.675 145.625"
"14524504","2023-05-18T12:00:00Z",-14.725,145.425,"0.99",0,"27.1","1.42",0,2023-05-18,"05","2023",0.99,27.1,"-14.725 145.425"
"14524586","2023-05-18T12:00:00Z",-14.775,145.475,"0.96",0,"27.2","1.48",0,2023-05-18,"05","2023",0.96,27.2,"-14.775 145.475"
"14525076","2023-05-18T12:00:00Z",-15.075,145.675,"0.45",0,"27.77","1.83",0,2023-05-18,"05","2023",0.45,27.77,"-15.075 145.675"
"14557686","2023-05-25T12:00:00Z",-13.875,144.025,"1.1300000000000001",0,"26.09","0.51",0,2023-05-25,"05","2023",1.13,26.09,"-13.875 144.025"
"14557768","2023-05-25T12:00:00Z",-13.925,144.075,"1.34",0,"26.1","0.54",0,2023-05-25,"05","2023",1.34,26.1,"-13.925 144.075"
"14557770","2023-05-25T12:00:00Z",-13.925,144.175,"1.77",0,"26.41","0.86",0,2023-05-25,"05","2023",1.77,26.41,"-13.925 144.175"
"14557771","2023-05-25T12:00:00Z",-13.925,144.225,"1.45",0,"26.580000000000002","1.02",0,2023-05-25,"05","2023",1.45,26.58,"-13.925 144.225"
"14557856","2023-05-25T12:00:00Z",-13.975,144.425,"0.78",0,"26.84","1.24",0,2023-05-25,"05","2023",0.78,26.84,"-13.975 144.425"
"14557937","2023-05-25T12:00:00Z",-14.025,144.425,"0.79",0,"26.6","1.07",0,2023-05-25,"05","2023",0.79,26.6,"-14.025 144.425"
"14559010","2023-05-25T12:00:00Z",-14.675,145.425,"0.97",0,"26.18","0.77",0,2023-05-25,"05","2023",0.97,26.18,"-14.675 145.425"
"14559014","2023-05-25T12:00:00Z",-14.675,145.625,"0.46",0,"27.05","1.34",0,2023-05-25,"05","2023",0.46,27.05,"-14.675 145.625"
"14559091","2023-05-25T12:00:00Z",-14.725,145.425,"0.99",0,"26.04","0.67",0,2023-05-25,"05","2023",0.99,26.04,"-14.725 145.425"
"14559173","2023-05-25T12:00:00Z",-14.775,145.475,"0.96",0,"26.21","0.8",0,2023-05-25,"05","2023",0.96,26.21,"-14.775 145.475"
"14559663","2023-05-25T12:00:00Z",-15.075,145.675,"0.45",0,"27.0","1.36",0,2023-05-25,"05","2023",0.45,27,"-15.075 145.675"
"14592273","2023-06-01T12:00:00Z",-13.875,144.025,"1.1300000000000001",0,"25.28","0.03",0,2023-06-01,"06","2023",1.13,25.28,"-13.875 144.025"
"14592355","2023-06-01T12:00:00Z",-13.925,144.075,"1.34",0,"25.17","-0.06",0,2023-06-01,"06","2023",1.34,25.17,"-13.925 144.075"
"14592357","2023-06-01T12:00:00Z",-13.925,144.175,"1.77",0,"25.46","0.24",0,2023-06-01,"06","2023",1.77,25.46,"-13.925 144.175"
"14592358","2023-06-01T12:00:00Z",-13.925,144.225,"1.45",0,"25.75","0.51",0,2023-06-01,"06","2023",1.45,25.75,"-13.925 144.225"
"14592443","2023-06-01T12:00:00Z",-13.975,144.425,"0.78",0,"26.27","0.97",0,2023-06-01,"06","2023",0.78,26.27,"-13.975 144.425"
"14592524","2023-06-01T12:00:00Z",-14.025,144.425,"0.79",0,"25.89","0.6900000000000001",0,2023-06-01,"06","2023",0.79,25.89,"-14.025 144.425"
"14593597","2023-06-01T12:00:00Z",-14.675,145.425,"0.97",0,"25.810000000000002","0.72",0,2023-06-01,"06","2023",0.97,25.81,"-14.675 145.425"
"14593601","2023-06-01T12:00:00Z",-14.675,145.625,"0.46",0,"26.71","1.27",0,2023-06-01,"06","2023",0.46,26.71,"-14.675 145.625"
"14593678","2023-06-01T12:00:00Z",-14.725,145.425,"0.99",0,"25.66","0.61",0,2023-06-01,"06","2023",0.99,25.66,"-14.725 145.425"
"14593760","2023-06-01T12:00:00Z",-14.775,145.475,"0.96",0,"25.810000000000002","0.71",0,2023-06-01,"06","2023",0.96,25.81,"-14.775 145.475"
"14594250","2023-06-01T12:00:00Z",-15.075,145.675,"0.45",0,"26.68","1.33",0,2023-06-01,"06","2023",0.45,26.68,"-15.075 145.675"
"14626860","2023-06-08T12:00:00Z",-13.875,144.025,"0.81",0,"25.53","0.61",0,2023-06-08,"06","2023",0.81,25.53,"-13.875 144.025"
"14626942","2023-06-08T12:00:00Z",-13.925,144.075,"0.84",0,"25.44","0.55",0,2023-06-08,"06","2023",0.84,25.44,"-13.925 144.075"
"14626944","2023-06-08T12:00:00Z",-13.925,144.175,"1.1300000000000001",0,"25.75","0.85",0,2023-06-08,"06","2023",1.13,25.75,"-13.925 144.175"
"14626945","2023-06-08T12:00:00Z",-13.925,144.225,"0.96",0,"26.04","1.12",0,2023-06-08,"06","2023",0.96,26.04,"-13.925 144.225"
"14627030","2023-06-08T12:00:00Z",-13.975,144.425,"0.46",0,"26.580000000000002","1.59",0,2023-06-08,"06","2023",0.46,26.58,"-13.975 144.425"
"14627111","2023-06-08T12:00:00Z",-14.025,144.425,"0.32",0,"26.23","1.35",0,2023-06-08,"06","2023",0.32,26.23,"-14.025 144.425"
"14628184","2023-06-08T12:00:00Z",-14.675,145.425,"0.66",0,"26.0","1.23",0,2023-06-08,"06","2023",0.66,26,"-14.675 145.425"
"14628188","2023-06-08T12:00:00Z",-14.675,145.625,"0.3",0,"26.91","1.73",0,2023-06-08,"06","2023",0.3,26.91,"-14.675 145.625"
"14628265","2023-06-08T12:00:00Z",-14.725,145.425,"0.67",0,"25.89","1.16",0,2023-06-08,"06","2023",0.67,25.89,"-14.725 145.425"
"14628347","2023-06-08T12:00:00Z",-14.775,145.475,"0.64",0,"26.060000000000002","1.27",0,2023-06-08,"06","2023",0.64,26.06,"-14.775 145.475"
"14628837","2023-06-08T12:00:00Z",-15.075,145.675,"0.3",0,"26.73","1.68",0,2023-06-08,"06","2023",0.3,26.73,"-15.075 145.675"
"14661447","2023-06-15T12:00:00Z",-13.875,144.025,"0.67",0,"25.78","1.19",0,2023-06-15,"06","2023",0.67,25.78,"-13.875 144.025"
"14661529","2023-06-15T12:00:00Z",-13.925,144.075,"0.68",0,"25.67","1.11",0,2023-06-15,"06","2023",0.68,25.67,"-13.925 144.075"
"14661531","2023-06-15T12:00:00Z",-13.925,144.175,"0.97",0,"25.85","1.28",0,2023-06-15,"06","2023",0.97,25.85,"-13.925 144.175"
"14661532","2023-06-15T12:00:00Z",-13.925,144.225,"0.81",0,"26.04","1.44",0,2023-06-15,"06","2023",0.81,26.04,"-13.925 144.225"
"14661617","2023-06-15T12:00:00Z",-13.975,144.425,"0.46",0,"26.5","1.81",0,2023-06-15,"06","2023",0.46,26.5,"-13.975 144.425"
"14661698","2023-06-15T12:00:00Z",-14.025,144.425,"0.32",0,"26.22","1.67",0,2023-06-15,"06","2023",0.32,26.22,"-14.025 144.425"
"14662771","2023-06-15T12:00:00Z",-14.675,145.425,"0.66",0,"26.03","1.58",0,2023-06-15,"06","2023",0.66,26.03,"-14.675 145.425"
"14662775","2023-06-15T12:00:00Z",-14.675,145.625,"0.3",0,"26.7","1.79",0,2023-06-15,"06","2023",0.3,26.7,"-14.675 145.625"
"14662852","2023-06-15T12:00:00Z",-14.725,145.425,"0.67",0,"25.87","1.46",0,2023-06-15,"06","2023",0.67,25.87,"-14.725 145.425"
"14662934","2023-06-15T12:00:00Z",-14.775,145.475,"0.64",0,"25.990000000000002","1.51",0,2023-06-15,"06","2023",0.64,25.99,"-14.775 145.475"
"14663424","2023-06-15T12:00:00Z",-15.075,145.675,"0.3",0,"26.57","1.82",0,2023-06-15,"06","2023",0.3,26.57,"-15.075 145.675"
"14696034","2023-06-22T12:00:00Z",-13.875,144.025,"0.67",0,"25.44","1.03",0,2023-06-22,"06","2023",0.67,25.44,"-13.875 144.025"
"14696116","2023-06-22T12:00:00Z",-13.925,144.075,"0.68",0,"25.35","0.97",0,2023-06-22,"06","2023",0.68,25.35,"-13.925 144.075"
"14696118","2023-06-22T12:00:00Z",-13.925,144.175,"0.97",0,"25.51","1.11",0,2023-06-22,"06","2023",0.97,25.51,"-13.925 144.175"
"14696119","2023-06-22T12:00:00Z",-13.925,144.225,"0.81",0,"25.66","1.22",0,2023-06-22,"06","2023",0.81,25.66,"-13.925 144.225"
"14696204","2023-06-22T12:00:00Z",-13.975,144.425,"0.46",0,"25.990000000000002","1.44",0,2023-06-22,"06","2023",0.46,25.99,"-13.975 144.425"
"14696285","2023-06-22T12:00:00Z",-14.025,144.425,"0.32",0,"25.75","1.34",0,2023-06-22,"06","2023",0.32,25.75,"-14.025 144.425"
"14697358","2023-06-22T12:00:00Z",-14.675,145.425,"0.66",0,"25.61","1.32",0,2023-06-22,"06","2023",0.66,25.61,"-14.675 145.425"
"14697362","2023-06-22T12:00:00Z",-14.675,145.625,"0.3",0,"26.19","1.43",0,2023-06-22,"06","2023",0.3,26.19,"-14.675 145.625"
"14697439","2023-06-22T12:00:00Z",-14.725,145.425,"0.67",0,"25.46","1.22",0,2023-06-22,"06","2023",0.67,25.46,"-14.725 145.425"
"14697521","2023-06-22T12:00:00Z",-14.775,145.475,"0.64",0,"25.53","1.22",0,2023-06-22,"06","2023",0.64,25.53,"-14.775 145.475"
"14698011","2023-06-22T12:00:00Z",-15.075,145.675,"0.3",0,"26.16","1.54",0,2023-06-22,"06","2023",0.3,26.16,"-15.075 145.675"
"14730621","2023-06-29T12:00:00Z",-13.875,144.025,"0.67",0,"25.29","1.07",0,2023-06-29,"06","2023",0.67,25.29,"-13.875 144.025"
"14730703","2023-06-29T12:00:00Z",-13.925,144.075,"0.68",0,"25.25","1.05",0,2023-06-29,"06","2023",0.68,25.25,"-13.925 144.075"
"14730705","2023-06-29T12:00:00Z",-13.925,144.175,"0.97",0,"25.42","1.19",0,2023-06-29,"06","2023",0.97,25.42,"-13.925 144.175"
"14730706","2023-06-29T12:00:00Z",-13.925,144.225,"0.81",0,"25.59","1.31",0,2023-06-29,"06","2023",0.81,25.59,"-13.925 144.225"
"14730791","2023-06-29T12:00:00Z",-13.975,144.425,"0.46",0,"25.91","1.5",0,2023-06-29,"06","2023",0.46,25.91,"-13.975 144.425"
"14730872","2023-06-29T12:00:00Z",-14.025,144.425,"0.32",0,"25.64","1.3800000000000001",0,2023-06-29,"06","2023",0.32,25.64,"-14.025 144.425"
"14731945","2023-06-29T12:00:00Z",-14.675,145.425,"0.66",0,"25.76","1.6400000000000001",0,2023-06-29,"06","2023",0.66,25.76,"-14.675 145.425"
"14731949","2023-06-29T12:00:00Z",-14.675,145.625,"0.3",0,"26.07","1.46",0,2023-06-29,"06","2023",0.3,26.07,"-14.675 145.625"
"14732026","2023-06-29T12:00:00Z",-14.725,145.425,"0.67",0,"25.68","1.6",0,2023-06-29,"06","2023",0.67,25.68,"-14.725 145.425"
"14732108","2023-06-29T12:00:00Z",-14.775,145.475,"0.64",0,"25.78","1.6300000000000001",0,2023-06-29,"06","2023",0.64,25.78,"-14.775 145.475"
"14732598","2023-06-29T12:00:00Z",-15.075,145.675,"0.3",0,"25.990000000000002","1.51",0,2023-06-29,"06","2023",0.3,25.99,"-15.075 145.675"
"14765208","2023-07-06T12:00:00Z",-13.875,144.025,"0.67",0,"25.96","1.92",0,2023-07-06,"07","2023",0.67,25.96,"-13.875 144.025"
"14765290","2023-07-06T12:00:00Z",-13.925,144.075,"0.68",0,"25.95","1.94",0,2023-07-06,"07","2023",0.68,25.95,"-13.925 144.075"
"14765292","2023-07-06T12:00:00Z",-13.925,144.175,"0.68",0,"25.94","1.87",0,2023-07-06,"07","2023",0.68,25.94,"-13.925 144.175"
"14765293","2023-07-06T12:00:00Z",-13.925,144.225,"0.51",0,"26.0","1.8800000000000001",0,2023-07-06,"07","2023",0.51,26,"-13.925 144.225"
"14765378","2023-07-06T12:00:00Z",-13.975,144.425,"0.32",0,"26.310000000000002","2.04",0,2023-07-06,"07","2023",0.32,26.31,"-13.975 144.425"
"14765459","2023-07-06T12:00:00Z",-14.025,144.425,"0.32",0,"26.23","2.11",0,2023-07-06,"07","2023",0.32,26.23,"-14.025 144.425"
"14766532","2023-07-06T12:00:00Z",-14.675,145.425,"0.66",0,"26.240000000000002","2.2800000000000002",0,2023-07-06,"07","2023",0.66,26.24,"-14.675 145.425"
"14766536","2023-07-06T12:00:00Z",-14.675,145.625,"0.3",0,"26.47","2.02",0,2023-07-06,"07","2023",0.3,26.47,"-14.675 145.625"
"14766613","2023-07-06T12:00:00Z",-14.725,145.425,"0.67",0,"26.2","2.29",0,2023-07-06,"07","2023",0.67,26.2,"-14.725 145.425"
"14766695","2023-07-06T12:00:00Z",-14.775,145.475,"0.64",0,"26.240000000000002","2.2600000000000002",0,2023-07-06,"07","2023",0.64,26.24,"-14.775 145.475"
"14767185","2023-07-06T12:00:00Z",-15.075,145.675,"0.14",0,"26.43","2.08",0,2023-07-06,"07","2023",0.14,26.43,"-15.075 145.675"
"14799795","2023-07-13T12:00:00Z",-13.875,144.025,"0.0",0,"25.47","1.62",0,2023-07-13,"07","2023",0,25.47,"-13.875 144.025"
"14799877","2023-07-13T12:00:00Z",-13.925,144.075,"0.0",0,"25.46","1.6300000000000001",0,2023-07-13,"07","2023",0,25.46,"-13.925 144.075"
"14799879","2023-07-13T12:00:00Z",-13.925,144.175,"0.0",0,"25.6","1.7",0,2023-07-13,"07","2023",0,25.6,"-13.925 144.175"
"14799880","2023-07-13T12:00:00Z",-13.925,144.225,"0.0",0,"25.69","1.72",0,2023-07-13,"07","2023",0,25.69,"-13.925 144.225"
"14799965","2023-07-13T12:00:00Z",-13.975,144.425,"0.0",0,"25.89","1.76",0,2023-07-13,"07","2023",0,25.89,"-13.975 144.425"
"14800046","2023-07-13T12:00:00Z",-14.025,144.425,"0.0",0,"25.71","1.74",0,2023-07-13,"07","2023",0,25.71,"-14.025 144.425"
"14801119","2023-07-13T12:00:00Z",-14.675,145.425,"0.0",0,"25.68","1.8800000000000001",0,2023-07-13,"07","2023",0,25.68,"-14.675 145.425"
"14801123","2023-07-13T12:00:00Z",-14.675,145.625,"0.0",0,"26.240000000000002","1.94",0,2023-07-13,"07","2023",0,26.24,"-14.675 145.625"
"14801200","2023-07-13T12:00:00Z",-14.725,145.425,"0.0",0,"25.62","1.87",0,2023-07-13,"07","2023",0,25.62,"-14.725 145.425"
"14801282","2023-07-13T12:00:00Z",-14.775,145.475,"0.0",0,"25.73","1.9100000000000001",0,2023-07-13,"07","2023",0,25.73,"-14.775 145.475"
"14801772","2023-07-13T12:00:00Z",-15.075,145.675,"0.0",0,"26.150000000000002","1.93",0,2023-07-13,"07","2023",0,26.15,"-15.075 145.675"
"14834382","2023-07-20T12:00:00Z",-13.875,144.025,"0.0",0,"25.37","1.58",0,2023-07-20,"07","2023",0,25.37,"-13.875 144.025"
"14834464","2023-07-20T12:00:00Z",-13.925,144.075,"0.0",0,"25.330000000000002","1.56",0,2023-07-20,"07","2023",0,25.33,"-13.925 144.075"
"14834466","2023-07-20T12:00:00Z",-13.925,144.175,"0.0",0,"25.560000000000002","1.72",0,2023-07-20,"07","2023",0,25.56,"-13.925 144.175"
"14834467","2023-07-20T12:00:00Z",-13.925,144.225,"0.0",0,"25.7","1.79",0,2023-07-20,"07","2023",0,25.7,"-13.925 144.225"
"14834552","2023-07-20T12:00:00Z",-13.975,144.425,"0.0",0,"25.96","1.8800000000000001",0,2023-07-20,"07","2023",0,25.96,"-13.975 144.425"
"14834633","2023-07-20T12:00:00Z",-14.025,144.425,"0.0",0,"25.79","1.87",0,2023-07-20,"07","2023",0,25.79,"-14.025 144.425"
"14835706","2023-07-20T12:00:00Z",-14.675,145.425,"0.0",0,"25.36","1.61",0,2023-07-20,"07","2023",0,25.36,"-14.675 145.425"
"14835710","2023-07-20T12:00:00Z",-14.675,145.625,"0.0",0,"25.92","1.69",0,2023-07-20,"07","2023",0,25.92,"-14.675 145.625"
"14835787","2023-07-20T12:00:00Z",-14.725,145.425,"0.0",0,"25.3","1.6",0,2023-07-20,"07","2023",0,25.3,"-14.725 145.425"
"14835869","2023-07-20T12:00:00Z",-14.775,145.475,"0.0",0,"25.43","1.67",0,2023-07-20,"07","2023",0,25.43,"-14.775 145.475"
"14836359","2023-07-20T12:00:00Z",-15.075,145.675,"0.0",0,"25.89","1.74",0,2023-07-20,"07","2023",0,25.89,"-15.075 145.675"
"14868969","2023-07-27T12:00:00Z",-13.875,144.025,"0.0",0,"24.990000000000002","1.21",0,2023-07-27,"07","2023",0,24.99,"-13.875 144.025"
"14869051","2023-07-27T12:00:00Z",-13.925,144.075,"0.0",0,"24.97","1.22",0,2023-07-27,"07","2023",0,24.97,"-13.925 144.075"
"14869053","2023-07-27T12:00:00Z",-13.925,144.175,"0.0",0,"25.14","1.31",0,2023-07-27,"07","2023",0,25.14,"-13.925 144.175"
"14869054","2023-07-27T12:00:00Z",-13.925,144.225,"0.0",0,"25.26","1.37",0,2023-07-27,"07","2023",0,25.26,"-13.925 144.225"
"14869139","2023-07-27T12:00:00Z",-13.975,144.425,"0.0",0,"25.490000000000002","1.43",0,2023-07-27,"07","2023",0,25.49,"-13.975 144.425"
"14869220","2023-07-27T12:00:00Z",-14.025,144.425,"0.0",0,"25.23","1.33",0,2023-07-27,"07","2023",0,25.23,"-14.025 144.425"
"14870293","2023-07-27T12:00:00Z",-14.675,145.425,"0.0",0,"25.04","1.3",0,2023-07-27,"07","2023",0,25.04,"-14.675 145.425"
"14870297","2023-07-27T12:00:00Z",-14.675,145.625,"0.0",0,"25.86","1.67",0,2023-07-27,"07","2023",0,25.86,"-14.675 145.625"
"14870374","2023-07-27T12:00:00Z",-14.725,145.425,"0.0",0,"24.95","1.26",0,2023-07-27,"07","2023",0,24.95,"-14.725 145.425"
"14870456","2023-07-27T12:00:00Z",-14.775,145.475,"0.0",0,"25.080000000000002","1.33",0,2023-07-27,"07","2023",0,25.08,"-14.775 145.475"
"14870946","2023-07-27T12:00:00Z",-15.075,145.675,"0.0",0,"25.72","1.61",0,2023-07-27,"07","2023",0,25.72,"-15.075 145.675"
"14903556","2023-08-03T12:00:00Z",-13.875,144.025,"0.0",0,"24.79","1.03",0,2023-08-03,"08","2023",0,24.79,"-13.875 144.025"
"14903638","2023-08-03T12:00:00Z",-13.925,144.075,"0.0",0,"24.73","0.99",0,2023-08-03,"08","2023",0,24.73,"-13.925 144.075"
"14903640","2023-08-03T12:00:00Z",-13.925,144.175,"0.0",0,"24.900000000000002","1.09",0,2023-08-03,"08","2023",0,24.9,"-13.925 144.175"
"14903641","2023-08-03T12:00:00Z",-13.925,144.225,"0.0",0,"25.04","1.16",0,2023-08-03,"08","2023",0,25.04,"-13.925 144.225"
"14903726","2023-08-03T12:00:00Z",-13.975,144.425,"0.0",0,"25.44","1.41",0,2023-08-03,"08","2023",0,25.44,"-13.975 144.425"
"14903807","2023-08-03T12:00:00Z",-14.025,144.425,"0.0",0,"25.19","1.3",0,2023-08-03,"08","2023",0,25.19,"-14.025 144.425"
"14904880","2023-08-03T12:00:00Z",-14.675,145.425,"0.0",0,"24.95","1.21",0,2023-08-03,"08","2023",0,24.95,"-14.675 145.425"
"14904884","2023-08-03T12:00:00Z",-14.675,145.625,"0.0",0,"25.57","1.41",0,2023-08-03,"08","2023",0,25.57,"-14.675 145.625"
"14904961","2023-08-03T12:00:00Z",-14.725,145.425,"0.0",0,"24.8","1.11",0,2023-08-03,"08","2023",0,24.8,"-14.725 145.425"
"14905043","2023-08-03T12:00:00Z",-14.775,145.475,"0.0",0,"24.900000000000002","1.16",0,2023-08-03,"08","2023",0,24.9,"-14.775 145.475"
"14905533","2023-08-03T12:00:00Z",-15.075,145.675,"0.0",0,"25.48","1.42",0,2023-08-03,"08","2023",0,25.48,"-15.075 145.675"
"14938143","2023-08-10T12:00:00Z",-13.875,144.025,"0.0",0,"24.46","0.71",0,2023-08-10,"08","2023",0,24.46,"-13.875 144.025"
"14938225","2023-08-10T12:00:00Z",-13.925,144.075,"0.0",0,"24.400000000000002","0.68",0,2023-08-10,"08","2023",0,24.4,"-13.925 144.075"
"14938227","2023-08-10T12:00:00Z",-13.925,144.175,"0.0",0,"24.59","0.79",0,2023-08-10,"08","2023",0,24.59,"-13.925 144.175"
"14938228","2023-08-10T12:00:00Z",-13.925,144.225,"0.0",0,"24.77","0.91",0,2023-08-10,"08","2023",0,24.77,"-13.925 144.225"
"14938313","2023-08-10T12:00:00Z",-13.975,144.425,"0.0",0,"25.29","1.28",0,2023-08-10,"08","2023",0,25.29,"-13.975 144.425"
"14938394","2023-08-10T12:00:00Z",-14.025,144.425,"0.0",0,"25.09","1.22",0,2023-08-10,"08","2023",0,25.09,"-14.025 144.425"
"14939467","2023-08-10T12:00:00Z",-14.675,145.425,"0.0",0,"24.310000000000002","0.58",0,2023-08-10,"08","2023",0,24.31,"-14.675 145.425"
"14939471","2023-08-10T12:00:00Z",-14.675,145.625,"0.0",0,"25.26","1.1400000000000001",0,2023-08-10,"08","2023",0,25.26,"-14.675 145.625"
"14939548","2023-08-10T12:00:00Z",-14.725,145.425,"0.0",0,"24.150000000000002","0.47000000000000003",0,2023-08-10,"08","2023",0,24.15,"-14.725 145.425"
"14939630","2023-08-10T12:00:00Z",-14.775,145.475,"0.0",0,"24.240000000000002","0.51",0,2023-08-10,"08","2023",0,24.24,"-14.775 145.475"
"14940120","2023-08-10T12:00:00Z",-15.075,145.675,"0.0",0,"25.01","0.99",0,2023-08-10,"08","2023",0,25.01,"-15.075 145.675"
"14972730","2023-08-17T12:00:00Z",-13.875,144.025,"0.0",0,"24.41","0.62",0,2023-08-17,"08","2023",0,24.41,"-13.875 144.025"
"14972812","2023-08-17T12:00:00Z",-13.925,144.075,"0.0",0,"24.16","0.4",0,2023-08-17,"08","2023",0,24.16,"-13.925 144.075"
"14972814","2023-08-17T12:00:00Z",-13.925,144.175,"0.0",0,"24.26","0.42",0,2023-08-17,"08","2023",0,24.26,"-13.925 144.175"
"14972815","2023-08-17T12:00:00Z",-13.925,144.225,"0.0",0,"24.46","0.5700000000000001",0,2023-08-17,"08","2023",0,24.46,"-13.925 144.225"
"14972900","2023-08-17T12:00:00Z",-13.975,144.425,"0.0",0,"24.810000000000002","0.77",0,2023-08-17,"08","2023",0,24.81,"-13.975 144.425"
"14972981","2023-08-17T12:00:00Z",-14.025,144.425,"0.0",0,"24.6","0.6900000000000001",0,2023-08-17,"08","2023",0,24.6,"-14.025 144.425"
"14974054","2023-08-17T12:00:00Z",-14.675,145.425,"0.0",0,"24.5","0.72",0,2023-08-17,"08","2023",0,24.5,"-14.675 145.425"
"14974058","2023-08-17T12:00:00Z",-14.675,145.625,"0.0",0,"25.19","1.06",0,2023-08-17,"08","2023",0,25.19,"-14.675 145.625"
"14974135","2023-08-17T12:00:00Z",-14.725,145.425,"0.0",0,"24.29","0.56",0,2023-08-17,"08","2023",0,24.29,"-14.725 145.425"
"14974217","2023-08-17T12:00:00Z",-14.775,145.475,"0.0",0,"24.35","0.58",0,2023-08-17,"08","2023",0,24.35,"-14.775 145.475"
"14974707","2023-08-17T12:00:00Z",-15.075,145.675,"0.0",0,"25.17","1.1400000000000001",0,2023-08-17,"08","2023",0,25.17,"-15.075 145.675"
"15007317","2023-08-24T12:00:00Z",-13.875,144.025,"0.0",0,"24.54","0.5700000000000001",0,2023-08-24,"08","2023",0,24.54,"-13.875 144.025"
"15007399","2023-08-24T12:00:00Z",-13.925,144.075,"0.0",0,"24.51","0.5700000000000001",0,2023-08-24,"08","2023",0,24.51,"-13.925 144.075"
"15007401","2023-08-24T12:00:00Z",-13.925,144.175,"0.0",0,"24.64","0.64",0,2023-08-24,"08","2023",0,24.64,"-13.925 144.175"
"15007402","2023-08-24T12:00:00Z",-13.925,144.225,"0.0",0,"24.79","0.75",0,2023-08-24,"08","2023",0,24.79,"-13.925 144.225"
"15007487","2023-08-24T12:00:00Z",-13.975,144.425,"0.0",0,"25.27","1.09",0,2023-08-24,"08","2023",0,25.27,"-13.975 144.425"
"15007568","2023-08-24T12:00:00Z",-14.025,144.425,"0.0",0,"24.990000000000002","0.92",0,2023-08-24,"08","2023",0,24.99,"-14.025 144.425"
"15008641","2023-08-24T12:00:00Z",-14.675,145.425,"0.0",0,"24.41","0.46",0,2023-08-24,"08","2023",0,24.41,"-14.675 145.425"
"15008645","2023-08-24T12:00:00Z",-14.675,145.625,"0.0",0,"25.16","0.91",0,2023-08-24,"08","2023",0,25.16,"-14.675 145.625"
"15008722","2023-08-24T12:00:00Z",-14.725,145.425,"0.0",0,"24.34","0.44",0,2023-08-24,"08","2023",0,24.34,"-14.725 145.425"
"15008804","2023-08-24T12:00:00Z",-14.775,145.475,"0.0",0,"24.48","0.55",0,2023-08-24,"08","2023",0,24.48,"-14.775 145.475"
"15009294","2023-08-24T12:00:00Z",-15.075,145.675,"0.0",0,"25.13","0.97",0,2023-08-24,"08","2023",0,25.13,"-15.075 145.675"
"15041904","2023-08-31T12:00:00Z",-13.875,144.025,"0.0",0,"24.490000000000002","0.35000000000000003",0,2023-08-31,"08","2023",0,24.49,"-13.875 144.025"
"15041986","2023-08-31T12:00:00Z",-13.925,144.075,"0.0",0,"24.42","0.3",0,2023-08-31,"08","2023",0,24.42,"-13.925 144.075"
"15041988","2023-08-31T12:00:00Z",-13.925,144.175,"0.0",0,"24.51","0.35000000000000003",0,2023-08-31,"08","2023",0,24.51,"-13.925 144.175"
"15041989","2023-08-31T12:00:00Z",-13.925,144.225,"0.0",0,"24.55","0.35000000000000003",0,2023-08-31,"08","2023",0,24.55,"-13.925 144.225"
"15042074","2023-08-31T12:00:00Z",-13.975,144.425,"0.0",0,"24.64","0.32",0,2023-08-31,"08","2023",0,24.64,"-13.975 144.425"
"15042155","2023-08-31T12:00:00Z",-14.025,144.425,"0.0",0,"24.45","0.22",0,2023-08-31,"08","2023",0,24.45,"-14.025 144.425"
"15043228","2023-08-31T12:00:00Z",-14.675,145.425,"0.0",0,"24.5","0.38",0,2023-08-31,"08","2023",0,24.5,"-14.675 145.425"
"15043232","2023-08-31T12:00:00Z",-14.675,145.625,"0.0",0,"25.11","0.74",0,2023-08-31,"08","2023",0,25.11,"-14.675 145.625"
"15043309","2023-08-31T12:00:00Z",-14.725,145.425,"0.0",0,"24.38","0.31",0,2023-08-31,"08","2023",0,24.38,"-14.725 145.425"
"15043391","2023-08-31T12:00:00Z",-14.775,145.475,"0.0",0,"24.45","0.35000000000000003",0,2023-08-31,"08","2023",0,24.45,"-14.775 145.475"
"15043881","2023-08-31T12:00:00Z",-15.075,145.675,"0.0",0,"24.87","0.58",0,2023-08-31,"08","2023",0,24.87,"-15.075 145.675"
"15076491","2023-09-07T12:00:00Z",-13.875,144.025,"0.0",0,"24.79","0.47000000000000003",0,2023-09-07,"09","2023",0,24.79,"-13.875 144.025"
"15076573","2023-09-07T12:00:00Z",-13.925,144.075,"0.0",0,"24.79","0.49",0,2023-09-07,"09","2023",0,24.79,"-13.925 144.075"
"15076575","2023-09-07T12:00:00Z",-13.925,144.175,"0.0",0,"24.76","0.44",0,2023-09-07,"09","2023",0,24.76,"-13.925 144.175"
"15076576","2023-09-07T12:00:00Z",-13.925,144.225,"0.0",0,"24.810000000000002","0.46",0,2023-09-07,"09","2023",0,24.81,"-13.925 144.225"
"15076661","2023-09-07T12:00:00Z",-13.975,144.425,"0.0",0,"24.95","0.49",0,2023-09-07,"09","2023",0,24.95,"-13.975 144.425"
"15076742","2023-09-07T12:00:00Z",-14.025,144.425,"0.0",0,"24.8","0.41000000000000003",0,2023-09-07,"09","2023",0,24.8,"-14.025 144.425"
"15077815","2023-09-07T12:00:00Z",-14.675,145.425,"0.0",0,"25.14","0.85",0,2023-09-07,"09","2023",0,25.14,"-14.675 145.425"
"15077819","2023-09-07T12:00:00Z",-14.675,145.625,"0.0",0,"25.61","1.11",0,2023-09-07,"09","2023",0,25.61,"-14.675 145.625"
"15077896","2023-09-07T12:00:00Z",-14.725,145.425,"0.0",0,"25.0","0.76",0,2023-09-07,"09","2023",0,25,"-14.725 145.425"
"15077978","2023-09-07T12:00:00Z",-14.775,145.475,"0.0",0,"25.04","0.78",0,2023-09-07,"09","2023",0,25.04,"-14.775 145.475"
"15078468","2023-09-07T12:00:00Z",-15.075,145.675,"0.0",0,"25.5","1.08",0,2023-09-07,"09","2023",0,25.5,"-15.075 145.675"
"15111078","2023-09-14T12:00:00Z",-13.875,144.025,"0.0",0,"24.59","0.1",0,2023-09-14,"09","2023",0,24.59,"-13.875 144.025"
"15111160","2023-09-14T12:00:00Z",-13.925,144.075,"0.0",0,"24.57","0.1",0,2023-09-14,"09","2023",0,24.57,"-13.925 144.075"
"15111162","2023-09-14T12:00:00Z",-13.925,144.175,"0.0",0,"24.73","0.25",0,2023-09-14,"09","2023",0,24.73,"-13.925 144.175"
"15111163","2023-09-14T12:00:00Z",-13.925,144.225,"0.0",0,"24.84","0.34",0,2023-09-14,"09","2023",0,24.84,"-13.925 144.225"
"15111248","2023-09-14T12:00:00Z",-13.975,144.425,"0.0",0,"25.07","0.47000000000000003",0,2023-09-14,"09","2023",0,25.07,"-13.975 144.425"
"15111329","2023-09-14T12:00:00Z",-14.025,144.425,"0.0",0,"24.91","0.35000000000000003",0,2023-09-14,"09","2023",0,24.91,"-14.025 144.425"
"15112402","2023-09-14T12:00:00Z",-14.675,145.425,"0.0",0,"24.78","0.32",0,2023-09-14,"09","2023",0,24.78,"-14.675 145.425"
"15112406","2023-09-14T12:00:00Z",-14.675,145.625,"0.0",0,"25.25","0.63",0,2023-09-14,"09","2023",0,25.25,"-14.675 145.625"
"15112483","2023-09-14T12:00:00Z",-14.725,145.425,"0.0",0,"24.72","0.3",0,2023-09-14,"09","2023",0,24.72,"-14.725 145.425"
"15112565","2023-09-14T12:00:00Z",-14.775,145.475,"0.0",0,"24.8","0.37",0,2023-09-14,"09","2023",0,24.8,"-14.775 145.475"
"15113055","2023-09-14T12:00:00Z",-15.075,145.675,"0.0",0,"25.16","0.61",0,2023-09-14,"09","2023",0,25.16,"-15.075 145.675"
"15145665","2023-09-21T12:00:00Z",-13.875,144.025,"0.0",0,"25.150000000000002","0.38",0,2023-09-21,"09","2023",0,25.15,"-13.875 144.025"
"15145747","2023-09-21T12:00:00Z",-13.925,144.075,"0.0",0,"25.13","0.37",0,2023-09-21,"09","2023",0,25.13,"-13.925 144.075"
"15145749","2023-09-21T12:00:00Z",-13.925,144.175,"0.0",0,"25.150000000000002","0.41000000000000003",0,2023-09-21,"09","2023",0,25.15,"-13.925 144.175"
"15145750","2023-09-21T12:00:00Z",-13.925,144.225,"0.0",0,"25.19","0.43",0,2023-09-21,"09","2023",0,25.19,"-13.925 144.225"
"15145835","2023-09-21T12:00:00Z",-13.975,144.425,"0.0",0,"25.36","0.52",0,2023-09-21,"09","2023",0,25.36,"-13.975 144.425"
"15145916","2023-09-21T12:00:00Z",-14.025,144.425,"0.0",0,"25.25","0.43",0,2023-09-21,"09","2023",0,25.25,"-14.025 144.425"
"15146989","2023-09-21T12:00:00Z",-14.675,145.425,"0.0",0,"25.23","0.51",0,2023-09-21,"09","2023",0,25.23,"-14.675 145.425"
"15146993","2023-09-21T12:00:00Z",-14.675,145.625,"0.0",0,"25.44","0.6",0,2023-09-21,"09","2023",0,25.44,"-14.675 145.625"
"15147070","2023-09-21T12:00:00Z",-14.725,145.425,"0.0",0,"25.17","0.48",0,2023-09-21,"09","2023",0,25.17,"-14.725 145.425"
"15147152","2023-09-21T12:00:00Z",-14.775,145.475,"0.0",0,"25.19","0.49",0,2023-09-21,"09","2023",0,25.19,"-14.775 145.475"
"15147642","2023-09-21T12:00:00Z",-15.075,145.675,"0.0",0,"25.37","0.58",0,2023-09-21,"09","2023",0,25.37,"-15.075 145.675"
"15180252","2023-09-28T12:00:00Z",-13.875,144.025,"0.0",0,"25.09","0.02",0,2023-09-28,"09","2023",0,25.09,"-13.875 144.025"
"15180334","2023-09-28T12:00:00Z",-13.925,144.075,"0.0",0,"25.060000000000002","0.0",0,2023-09-28,"09","2023",0,25.06,"-13.925 144.075"
"15180336","2023-09-28T12:00:00Z",-13.925,144.175,"0.0",0,"25.07","0.04",0,2023-09-28,"09","2023",0,25.07,"-13.925 144.175"
"15180337","2023-09-28T12:00:00Z",-13.925,144.225,"0.0",0,"25.11","0.08",0,2023-09-28,"09","2023",0,25.11,"-13.925 144.225"
"15180422","2023-09-28T12:00:00Z",-13.975,144.425,"0.0",0,"25.19","0.09",0,2023-09-28,"09","2023",0,25.19,"-13.975 144.425"
"15180503","2023-09-28T12:00:00Z",-14.025,144.425,"0.0",0,"25.09","0.0",0,2023-09-28,"09","2023",0,25.09,"-14.025 144.425"
"15181576","2023-09-28T12:00:00Z",-14.675,145.425,"0.0",0,"24.990000000000002","-0.01",0,2023-09-28,"09","2023",0,24.99,"-14.675 145.425"
"15181580","2023-09-28T12:00:00Z",-14.675,145.625,"0.0",0,"25.310000000000002","0.23",0,2023-09-28,"09","2023",0,25.31,"-14.675 145.625"
"15181657","2023-09-28T12:00:00Z",-14.725,145.425,"0.0",0,"24.92","-0.07",0,2023-09-28,"09","2023",0,24.92,"-14.725 145.425"
"15181739","2023-09-28T12:00:00Z",-14.775,145.475,"0.0",0,"24.990000000000002","0.01",0,2023-09-28,"09","2023",0,24.99,"-14.775 145.475"
"15182229","2023-09-28T12:00:00Z",-15.075,145.675,"0.0",0,"25.240000000000002","0.19",0,2023-09-28,"09","2023",0,25.24,"-15.075 145.675"
"15214839","2023-10-05T12:00:00Z",-13.875,144.025,"0.0",0,"25.53","0.16",0,2023-10-05,"10","2023",0,25.53,"-13.875 144.025"
"15214921","2023-10-05T12:00:00Z",-13.925,144.075,"0.0",0,"25.48","0.12",0,2023-10-05,"10","2023",0,25.48,"-13.925 144.075"
"15214923","2023-10-05T12:00:00Z",-13.925,144.175,"0.0",0,"25.36","0.05",0,2023-10-05,"10","2023",0,25.36,"-13.925 144.175"
"15214924","2023-10-05T12:00:00Z",-13.925,144.225,"0.0",0,"25.34","0.03",0,2023-10-05,"10","2023",0,25.34,"-13.925 144.225"
"15215009","2023-10-05T12:00:00Z",-13.975,144.425,"0.0",0,"25.41","0.05",0,2023-10-05,"10","2023",0,25.41,"-13.975 144.425"
"15215090","2023-10-05T12:00:00Z",-14.025,144.425,"0.0",0,"25.34","-0.03",0,2023-10-05,"10","2023",0,25.34,"-14.025 144.425"
"15216163","2023-10-05T12:00:00Z",-14.675,145.425,"0.0",0,"25.45","0.16",0,2023-10-05,"10","2023",0,25.45,"-14.675 145.425"
"15216167","2023-10-05T12:00:00Z",-14.675,145.625,"0.0",0,"25.6","0.28",0,2023-10-05,"10","2023",0,25.6,"-14.675 145.625"
"15216244","2023-10-05T12:00:00Z",-14.725,145.425,"0.0",0,"25.400000000000002","0.12",0,2023-10-05,"10","2023",0,25.4,"-14.725 145.425"
"15216326","2023-10-05T12:00:00Z",-14.775,145.475,"0.0",0,"25.39","0.12",0,2023-10-05,"10","2023",0,25.39,"-14.775 145.475"
"15216816","2023-10-05T12:00:00Z",-15.075,145.675,"0.0",0,"25.53","0.23",0,2023-10-05,"10","2023",0,25.53,"-15.075 145.675"
"15249426","2023-10-12T12:00:00Z",-13.875,144.025,"0.0",0,"25.62","-0.04",0,2023-10-12,"10","2023",0,25.62,"-13.875 144.025"
"15249508","2023-10-12T12:00:00Z",-13.925,144.075,"0.0",0,"25.61","-0.05",0,2023-10-12,"10","2023",0,25.61,"-13.925 144.075"
"15249510","2023-10-12T12:00:00Z",-13.925,144.175,"0.0",0,"25.580000000000002","-0.02",0,2023-10-12,"10","2023",0,25.58,"-13.925 144.175"
"15249511","2023-10-12T12:00:00Z",-13.925,144.225,"0.0",0,"25.59","0.01",0,2023-10-12,"10","2023",0,25.59,"-13.925 144.225"
"15249596","2023-10-12T12:00:00Z",-13.975,144.425,"0.0",0,"25.64","0.02",0,2023-10-12,"10","2023",0,25.64,"-13.975 144.425"
"15249677","2023-10-12T12:00:00Z",-14.025,144.425,"0.0",0,"25.63","-0.01",0,2023-10-12,"10","2023",0,25.63,"-14.025 144.425"
"15250750","2023-10-12T12:00:00Z",-14.675,145.425,"0.0",0,"25.53","-0.04",0,2023-10-12,"10","2023",0,25.53,"-14.675 145.425"
"15250754","2023-10-12T12:00:00Z",-14.675,145.625,"0.0",0,"25.67","0.11",0,2023-10-12,"10","2023",0,25.67,"-14.675 145.625"
"15250831","2023-10-12T12:00:00Z",-14.725,145.425,"0.0",0,"25.5","-0.07",0,2023-10-12,"10","2023",0,25.5,"-14.725 145.425"
"15250913","2023-10-12T12:00:00Z",-14.775,145.475,"0.0",0,"25.5","-0.06",0,2023-10-12,"10","2023",0,25.5,"-14.775 145.475"
"15251403","2023-10-12T12:00:00Z",-15.075,145.675,"0.0",0,"25.650000000000002","0.09",0,2023-10-12,"10","2023",0,25.65,"-15.075 145.675"
"15284013","2023-10-19T12:00:00Z",-13.875,144.025,"0.0",0,"25.88","-0.12",0,2023-10-19,"10","2023",0,25.88,"-13.875 144.025"
"15284095","2023-10-19T12:00:00Z",-13.925,144.075,"0.0",0,"25.89","-0.1",0,2023-10-19,"10","2023",0,25.89,"-13.925 144.075"
"15284097","2023-10-19T12:00:00Z",-13.925,144.175,"0.0",0,"25.87","-0.05",0,2023-10-19,"10","2023",0,25.87,"-13.925 144.175"
"15284098","2023-10-19T12:00:00Z",-13.925,144.225,"0.0",0,"25.89","0.0",0,2023-10-19,"10","2023",0,25.89,"-13.925 144.225"
"15284183","2023-10-19T12:00:00Z",-13.975,144.425,"0.0",0,"26.01","0.1",0,2023-10-19,"10","2023",0,26.01,"-13.975 144.425"
"15284264","2023-10-19T12:00:00Z",-14.025,144.425,"0.0",0,"25.94","-0.01",0,2023-10-19,"10","2023",0,25.94,"-14.025 144.425"
"15285337","2023-10-19T12:00:00Z",-14.675,145.425,"0.0",0,"25.78","-0.09",0,2023-10-19,"10","2023",0,25.78,"-14.675 145.425"
"15285341","2023-10-19T12:00:00Z",-14.675,145.625,"0.0",0,"25.990000000000002","0.15",0,2023-10-19,"10","2023",0,25.99,"-14.675 145.625"
"15285418","2023-10-19T12:00:00Z",-14.725,145.425,"0.0",0,"25.740000000000002","-0.15",0,2023-10-19,"10","2023",0,25.74,"-14.725 145.425"
"15285500","2023-10-19T12:00:00Z",-14.775,145.475,"0.0",0,"25.740000000000002","-0.13",0,2023-10-19,"10","2023",0,25.74,"-14.775 145.475"
"15285990","2023-10-19T12:00:00Z",-15.075,145.675,"0.0",0,"25.93","0.08",0,2023-10-19,"10","2023",0,25.93,"-15.075 145.675"
"15318600","2023-10-26T12:00:00Z",-13.875,144.025,"0.0",0,"26.26","-0.09",0,2023-10-26,"10","2023",0,26.26,"-13.875 144.025"
"15318682","2023-10-26T12:00:00Z",-13.925,144.075,"0.0",0,"26.25","-0.1",0,2023-10-26,"10","2023",0,26.25,"-13.925 144.075"
"15318684","2023-10-26T12:00:00Z",-13.925,144.175,"0.0",0,"26.14","-0.12",0,2023-10-26,"10","2023",0,26.14,"-13.925 144.175"
"15318685","2023-10-26T12:00:00Z",-13.925,144.225,"0.0",0,"26.080000000000002","-0.15",0,2023-10-26,"10","2023",0,26.08,"-13.925 144.225"
"15318770","2023-10-26T12:00:00Z",-13.975,144.425,"0.0",0,"26.02","-0.21",0,2023-10-26,"10","2023",0,26.02,"-13.975 144.425"
"15318851","2023-10-26T12:00:00Z",-14.025,144.425,"0.0",0,"26.0","-0.27",0,2023-10-26,"10","2023",0,26,"-14.025 144.425"
"15319924","2023-10-26T12:00:00Z",-14.675,145.425,"0.0",0,"26.150000000000002","-0.05",0,2023-10-26,"10","2023",0,26.15,"-14.675 145.425"
"15319928","2023-10-26T12:00:00Z",-14.675,145.625,"0.0",0,"26.17","0.03",0,2023-10-26,"10","2023",0,26.17,"-14.675 145.625"
"15320005","2023-10-26T12:00:00Z",-14.725,145.425,"0.0",0,"26.150000000000002","-0.06",0,2023-10-26,"10","2023",0,26.15,"-14.725 145.425"
"15320087","2023-10-26T12:00:00Z",-14.775,145.475,"0.0",0,"26.16","-0.03",0,2023-10-26,"10","2023",0,26.16,"-14.775 145.475"
"15320577","2023-10-26T12:00:00Z",-15.075,145.675,"0.0",0,"26.150000000000002","0.0",0,2023-10-26,"10","2023",0,26.15,"-15.075 145.675"
"15353187","2023-11-02T12:00:00Z",-13.875,144.025,"0.0",0,"26.16","-0.55",0,2023-11-02,"11","2023",0,26.16,"-13.875 144.025"
"15353269","2023-11-02T12:00:00Z",-13.925,144.075,"0.0",0,"26.12","-0.58",0,2023-11-02,"11","2023",0,26.12,"-13.925 144.075"
"15353271","2023-11-02T12:00:00Z",-13.925,144.175,"0.0",0,"26.080000000000002","-0.53",0,2023-11-02,"11","2023",0,26.08,"-13.925 144.175"
"15353272","2023-11-02T12:00:00Z",-13.925,144.225,"0.0",0,"26.1","-0.47000000000000003",0,2023-11-02,"11","2023",0,26.1,"-13.925 144.225"
"15353357","2023-11-02T12:00:00Z",-13.975,144.425,"0.0",0,"26.22","-0.33",0,2023-11-02,"11","2023",0,26.22,"-13.975 144.425"
"15353438","2023-11-02T12:00:00Z",-14.025,144.425,"0.0",0,"26.2","-0.4",0,2023-11-02,"11","2023",0,26.2,"-14.025 144.425"
"15354511","2023-11-02T12:00:00Z",-14.675,145.425,"0.0",0,"25.94","-0.58",0,2023-11-02,"11","2023",0,25.94,"-14.675 145.425"
"15354515","2023-11-02T12:00:00Z",-14.675,145.625,"0.0",0,"26.04","-0.41000000000000003",0,2023-11-02,"11","2023",0,26.04,"-14.675 145.625"
"15354592","2023-11-02T12:00:00Z",-14.725,145.425,"0.0",0,"25.900000000000002","-0.64",0,2023-11-02,"11","2023",0,25.9,"-14.725 145.425"
"15354674","2023-11-02T12:00:00Z",-14.775,145.475,"0.0",0,"25.89","-0.63",0,2023-11-02,"11","2023",0,25.89,"-14.775 145.475"
"15355164","2023-11-02T12:00:00Z",-15.075,145.675,"0.0",0,"26.0","-0.46",0,2023-11-02,"11","2023",0,26,"-15.075 145.675"
"15387774","2023-11-09T12:00:00Z",-13.875,144.025,"0.0",0,"26.43","-0.64",0,2023-11-09,"11","2023",0,26.43,"-13.875 144.025"
"15387856","2023-11-09T12:00:00Z",-13.925,144.075,"0.0",0,"26.42","-0.64",0,2023-11-09,"11","2023",0,26.42,"-13.925 144.075"
"15387858","2023-11-09T12:00:00Z",-13.925,144.175,"0.0",0,"26.400000000000002","-0.55",0,2023-11-09,"11","2023",0,26.4,"-13.925 144.175"
"15387859","2023-11-09T12:00:00Z",-13.925,144.225,"0.0",0,"26.39","-0.52",0,2023-11-09,"11","2023",0,26.39,"-13.925 144.225"
"15387944","2023-11-09T12:00:00Z",-13.975,144.425,"0.0",0,"26.400000000000002","-0.47000000000000003",0,2023-11-09,"11","2023",0,26.4,"-13.975 144.425"
"15388025","2023-11-09T12:00:00Z",-14.025,144.425,"0.0",0,"26.38","-0.54",0,2023-11-09,"11","2023",0,26.38,"-14.025 144.425"
"15389098","2023-11-09T12:00:00Z",-14.675,145.425,"0.0",0,"26.240000000000002","-0.6",0,2023-11-09,"11","2023",0,26.24,"-14.675 145.425"
"15389102","2023-11-09T12:00:00Z",-14.675,145.625,"0.0",0,"26.34","-0.42",0,2023-11-09,"11","2023",0,26.34,"-14.675 145.625"
"15389179","2023-11-09T12:00:00Z",-14.725,145.425,"0.0",0,"26.240000000000002","-0.62",0,2023-11-09,"11","2023",0,26.24,"-14.725 145.425"
"15389261","2023-11-09T12:00:00Z",-14.775,145.475,"0.0",0,"26.240000000000002","-0.61",0,2023-11-09,"11","2023",0,26.24,"-14.775 145.475"
"15389751","2023-11-09T12:00:00Z",-15.075,145.675,"0.0",0,"26.34","-0.43",0,2023-11-09,"11","2023",0,26.34,"-15.075 145.675"
"15422361","2023-11-16T12:00:00Z",-13.875,144.025,"0.0",0,"26.85","-0.56",0,2023-11-16,"11","2023",0,26.85,"-13.875 144.025"
"15422443","2023-11-16T12:00:00Z",-13.925,144.075,"0.0",0,"26.830000000000002","-0.56",0,2023-11-16,"11","2023",0,26.83,"-13.925 144.075"
"15422445","2023-11-16T12:00:00Z",-13.925,144.175,"0.0",0,"26.72","-0.56",0,2023-11-16,"11","2023",0,26.72,"-13.925 144.175"
"15422446","2023-11-16T12:00:00Z",-13.925,144.225,"0.0",0,"26.67","-0.56",0,2023-11-16,"11","2023",0,26.67,"-13.925 144.225"
"15422531","2023-11-16T12:00:00Z",-13.975,144.425,"0.0",0,"26.64","-0.53",0,2023-11-16,"11","2023",0,26.64,"-13.975 144.425"
"15422612","2023-11-16T12:00:00Z",-14.025,144.425,"0.0",0,"26.61","-0.62",0,2023-11-16,"11","2023",0,26.61,"-14.025 144.425"
"15423685","2023-11-16T12:00:00Z",-14.675,145.425,"0.0",0,"26.59","-0.56",0,2023-11-16,"11","2023",0,26.59,"-14.675 145.425"
"15423689","2023-11-16T12:00:00Z",-14.675,145.625,"0.0",0,"26.6","-0.45",0,2023-11-16,"11","2023",0,26.6,"-14.675 145.625"
"15423766","2023-11-16T12:00:00Z",-14.725,145.425,"0.0",0,"26.6","-0.5700000000000001",0,2023-11-16,"11","2023",0,26.6,"-14.725 145.425"
"15423848","2023-11-16T12:00:00Z",-14.775,145.475,"0.0",0,"26.59","-0.5700000000000001",0,2023-11-16,"11","2023",0,26.59,"-14.775 145.475"
"15424338","2023-11-16T12:00:00Z",-15.075,145.675,"0.0",0,"26.61","-0.45",0,2023-11-16,"11","2023",0,26.61,"-15.075 145.675"
"15456948","2023-11-23T12:00:00Z",-13.875,144.025,"0.0",0,"27.400000000000002","-0.23",0,2023-11-23,"11","2023",0,27.4,"-13.875 144.025"
"15457030","2023-11-23T12:00:00Z",-13.925,144.075,"0.0",0,"27.39","-0.22",0,2023-11-23,"11","2023",0,27.39,"-13.925 144.075"
"15457032","2023-11-23T12:00:00Z",-13.925,144.175,"0.0",0,"27.26","-0.24",0,2023-11-23,"11","2023",0,27.26,"-13.925 144.175"
"15457033","2023-11-23T12:00:00Z",-13.925,144.225,"0.0",0,"27.19","-0.26",0,2023-11-23,"11","2023",0,27.19,"-13.925 144.225"
"15457118","2023-11-23T12:00:00Z",-13.975,144.425,"0.0",0,"27.13","-0.26",0,2023-11-23,"11","2023",0,27.13,"-13.975 144.425"
"15457199","2023-11-23T12:00:00Z",-14.025,144.425,"0.0",0,"27.16","-0.29",0,2023-11-23,"11","2023",0,27.16,"-14.025 144.425"
"15458272","2023-11-23T12:00:00Z",-14.675,145.425,"0.0",0,"26.990000000000002","-0.35000000000000003",0,2023-11-23,"11","2023",0,26.99,"-14.675 145.425"
"15458276","2023-11-23T12:00:00Z",-14.675,145.625,"0.0",0,"27.03","-0.22",0,2023-11-23,"11","2023",0,27.03,"-14.675 145.625"
"15458353","2023-11-23T12:00:00Z",-14.725,145.425,"0.0",0,"26.98","-0.37",0,2023-11-23,"11","2023",0,26.98,"-14.725 145.425"
"15458435","2023-11-23T12:00:00Z",-14.775,145.475,"0.0",0,"26.96","-0.38",0,2023-11-23,"11","2023",0,26.96,"-14.775 145.475"
"15458925","2023-11-23T12:00:00Z",-15.075,145.675,"0.0",0,"26.95","-0.29",0,2023-11-23,"11","2023",0,26.95,"-15.075 145.675"
"15491535","2023-11-30T12:00:00Z",-13.875,144.025,"0.0",0,"28.57","0.72",0,2023-11-30,"11","2023",0,28.57,"-13.875 144.025"
"15491617","2023-11-30T12:00:00Z",-13.925,144.075,"0.0",0,"28.57","0.74",0,2023-11-30,"11","2023",0,28.57,"-13.925 144.075"
"15491619","2023-11-30T12:00:00Z",-13.925,144.175,"0.0",0,"28.35","0.63",0,2023-11-30,"11","2023",0,28.35,"-13.925 144.175"
"15491620","2023-11-30T12:00:00Z",-13.925,144.225,"0.0",0,"28.26","0.6",0,2023-11-30,"11","2023",0,28.26,"-13.925 144.225"
"15491705","2023-11-30T12:00:00Z",-13.975,144.425,"0.0",0,"28.18","0.5700000000000001",0,2023-11-30,"11","2023",0,28.18,"-13.975 144.425"
"15491786","2023-11-30T12:00:00Z",-14.025,144.425,"0.0",0,"28.11","0.45",0,2023-11-30,"11","2023",0,28.11,"-14.025 144.425"
"15492859","2023-11-30T12:00:00Z",-14.675,145.425,"0.0",0,"28.07","0.55",0,2023-11-30,"11","2023",0,28.07,"-14.675 145.425"
"15492863","2023-11-30T12:00:00Z",-14.675,145.625,"0.0",0,"28.01","0.56",0,2023-11-30,"11","2023",0,28.01,"-14.675 145.625"
"15492940","2023-11-30T12:00:00Z",-14.725,145.425,"0.0",0,"28.1","0.56",0,2023-11-30,"11","2023",0,28.1,"-14.725 145.425"
"15493022","2023-11-30T12:00:00Z",-14.775,145.475,"0.0",0,"28.03","0.51",0,2023-11-30,"11","2023",0,28.03,"-14.775 145.475"
"15493512","2023-11-30T12:00:00Z",-15.075,145.675,"0.0",0,"27.95","0.52",0,2023-11-30,"11","2023",0,27.95,"-15.075 145.675"
"15526122","2023-12-07T12:00:00Z",-13.875,144.025,"0.0",0,"28.54","0.47000000000000003",0,2023-12-07,"12","2023",0,28.54,"-13.875 144.025"
"15526204","2023-12-07T12:00:00Z",-13.925,144.075,"0.0",0,"28.52","0.47000000000000003",0,2023-12-07,"12","2023",0,28.52,"-13.925 144.075"
"15526206","2023-12-07T12:00:00Z",-13.925,144.175,"0.0",0,"28.36","0.43",0,2023-12-07,"12","2023",0,28.36,"-13.925 144.175"
"15526207","2023-12-07T12:00:00Z",-13.925,144.225,"0.0",0,"28.37","0.49",0,2023-12-07,"12","2023",0,28.37,"-13.925 144.225"
"15526292","2023-12-07T12:00:00Z",-13.975,144.425,"0.0",0,"28.490000000000002","0.66",0,2023-12-07,"12","2023",0,28.49,"-13.975 144.425"
"15526373","2023-12-07T12:00:00Z",-14.025,144.425,"0.0",0,"28.52","0.65",0,2023-12-07,"12","2023",0,28.52,"-14.025 144.425"
"15527446","2023-12-07T12:00:00Z",-14.675,145.425,"0.0",0,"28.17","0.46",0,2023-12-07,"12","2023",0,28.17,"-14.675 145.425"
"15527450","2023-12-07T12:00:00Z",-14.675,145.625,"0.0",0,"28.310000000000002","0.65",0,2023-12-07,"12","2023",0,28.31,"-14.675 145.625"
"15527527","2023-12-07T12:00:00Z",-14.725,145.425,"0.0",0,"28.150000000000002","0.42",0,2023-12-07,"12","2023",0,28.15,"-14.725 145.425"
"15527609","2023-12-07T12:00:00Z",-14.775,145.475,"0.0",0,"28.09","0.38",0,2023-12-07,"12","2023",0,28.09,"-14.775 145.475"
"15528099","2023-12-07T12:00:00Z",-15.075,145.675,"0.0",0,"28.37","0.75",0,2023-12-07,"12","2023",0,28.37,"-15.075 145.675"
"15560709","2023-12-14T12:00:00Z",-13.875,144.025,"0.0",0,"29.080000000000002","0.79",0,2023-12-14,"12","2023",0,29.08,"-13.875 144.025"
"15560791","2023-12-14T12:00:00Z",-13.925,144.075,"0.0",0,"29.04","0.77",0,2023-12-14,"12","2023",0,29.04,"-13.925 144.075"
"15560793","2023-12-14T12:00:00Z",-13.925,144.175,"0.0",0,"28.93","0.78",0,2023-12-14,"12","2023",0,28.93,"-13.925 144.175"
"15560794","2023-12-14T12:00:00Z",-13.925,144.225,"0.0",0,"28.88","0.78",0,2023-12-14,"12","2023",0,28.88,"-13.925 144.225"
"15560879","2023-12-14T12:00:00Z",-13.975,144.425,"0.0",0,"28.79","0.74",0,2023-12-14,"12","2023",0,28.79,"-13.975 144.425"
"15560960","2023-12-14T12:00:00Z",-14.025,144.425,"0.0",0,"28.810000000000002","0.72",0,2023-12-14,"12","2023",0,28.81,"-14.025 144.425"
"15562033","2023-12-14T12:00:00Z",-14.675,145.425,"0.0",0,"28.17","0.27",0,2023-12-14,"12","2023",0,28.17,"-14.675 145.425"
"15562037","2023-12-14T12:00:00Z",-14.675,145.625,"0.0",0,"28.13","0.27",0,2023-12-14,"12","2023",0,28.13,"-14.675 145.625"
"15562114","2023-12-14T12:00:00Z",-14.725,145.425,"0.0",0,"28.16","0.25",0,2023-12-14,"12","2023",0,28.16,"-14.725 145.425"
"15562196","2023-12-14T12:00:00Z",-14.775,145.475,"0.0",0,"28.150000000000002","0.26",0,2023-12-14,"12","2023",0,28.15,"-14.775 145.475"
"15562686","2023-12-14T12:00:00Z",-15.075,145.675,"0.0",0,"28.09","0.29",0,2023-12-14,"12","2023",0,28.09,"-15.075 145.675"
"15595296","2023-12-21T12:00:00Z",-13.875,144.025,"0.0",0,"28.85","0.45",0,2023-12-21,"12","2023",0,28.85,"-13.875 144.025"
"15595378","2023-12-21T12:00:00Z",-13.925,144.075,"0.0",0,"28.810000000000002","0.43",0,2023-12-21,"12","2023",0,28.81,"-13.925 144.075"
"15595380","2023-12-21T12:00:00Z",-13.925,144.175,"0.0",0,"28.69","0.42",0,2023-12-21,"12","2023",0,28.69,"-13.925 144.175"
"15595381","2023-12-21T12:00:00Z",-13.925,144.225,"0.0",0,"28.63","0.41000000000000003",0,2023-12-21,"12","2023",0,28.63,"-13.925 144.225"
"15595466","2023-12-21T12:00:00Z",-13.975,144.425,"0.0",0,"28.490000000000002","0.32",0,2023-12-21,"12","2023",0,28.49,"-13.975 144.425"
"15595547","2023-12-21T12:00:00Z",-14.025,144.425,"0.0",0,"28.5","0.29",0,2023-12-21,"12","2023",0,28.5,"-14.025 144.425"
"15596620","2023-12-21T12:00:00Z",-14.675,145.425,"0.0",0,"28.13","0.09",0,2023-12-21,"12","2023",0,28.13,"-14.675 145.425"
"15596624","2023-12-21T12:00:00Z",-14.675,145.625,"0.0",0,"28.17","0.18",0,2023-12-21,"12","2023",0,28.17,"-14.675 145.625"
"15596701","2023-12-21T12:00:00Z",-14.725,145.425,"0.0",0,"28.12","0.07",0,2023-12-21,"12","2023",0,28.12,"-14.725 145.425"
"15596783","2023-12-21T12:00:00Z",-14.775,145.475,"0.0",0,"28.1","0.07",0,2023-12-21,"12","2023",0,28.1,"-14.775 145.475"
"15597273","2023-12-21T12:00:00Z",-15.075,145.675,"0.0",0,"28.04","0.09",0,2023-12-21,"12","2023",0,28.04,"-15.075 145.675"
"15629883","2023-12-28T12:00:00Z",-13.875,144.025,"0.0",0,"29.48","0.99",0,2023-12-28,"12","2023",0,29.48,"-13.875 144.025"
"15629965","2023-12-28T12:00:00Z",-13.925,144.075,"0.0",0,"29.560000000000002","1.08",0,2023-12-28,"12","2023",0,29.56,"-13.925 144.075"
"15629967","2023-12-28T12:00:00Z",-13.925,144.175,"0.0",0,"29.52","1.16",0,2023-12-28,"12","2023",0,29.52,"-13.925 144.175"
"15629968","2023-12-28T12:00:00Z",-13.925,144.225,"0.0",0,"29.38","1.06",0,2023-12-28,"12","2023",0,29.38,"-13.925 144.225"
"15630053","2023-12-28T12:00:00Z",-13.975,144.425,"0.0",0,"29.16","0.88",0,2023-12-28,"12","2023",0,29.16,"-13.975 144.425"
"15630134","2023-12-28T12:00:00Z",-14.025,144.425,"0.0",0,"29.400000000000002","1.07",0,2023-12-28,"12","2023",0,29.4,"-14.025 144.425"
"15631207","2023-12-28T12:00:00Z",-14.675,145.425,"0.0",0,"29.42","1.25",0,2023-12-28,"12","2023",0,29.42,"-14.675 145.425"
"15631211","2023-12-28T12:00:00Z",-14.675,145.625,"0.0",0,"29.37","1.26",0,2023-12-28,"12","2023",0,29.37,"-14.675 145.625"
"15631288","2023-12-28T12:00:00Z",-14.725,145.425,"0.0",0,"29.44","1.25",0,2023-12-28,"12","2023",0,29.44,"-14.725 145.425"
"15631370","2023-12-28T12:00:00Z",-14.775,145.475,"0.0",0,"29.48","1.31",0,2023-12-28,"12","2023",0,29.48,"-14.775 145.475"
"15631860","2023-12-28T12:00:00Z",-15.075,145.675,"0.0",0,"29.5","1.41",0,2023-12-28,"12","2023",0,29.5,"-15.075 145.675"
"15664470","2024-01-04T12:00:00Z",-13.875,144.025,"1.3",0,"29.87","1.29",0,2024-01-04,"01","2024",1.3,29.87,"-13.875 144.025"
"15664552","2024-01-04T12:00:00Z",-13.925,144.075,"1.33",0,"29.84","1.26",0,2024-01-04,"01","2024",1.33,29.84,"-13.925 144.075"
"15664554","2024-01-04T12:00:00Z",-13.925,144.175,"1.25",0,"29.66","1.2",0,2024-01-04,"01","2024",1.25,29.66,"-13.925 144.175"
"15664555","2024-01-04T12:00:00Z",-13.925,144.225,"1.19",0,"29.59","1.17",0,2024-01-04,"01","2024",1.19,29.59,"-13.925 144.225"
"15664640","2024-01-04T12:00:00Z",-13.975,144.425,"0.16",0,"29.39","1.01",0,2024-01-04,"01","2024",0.16,29.39,"-13.975 144.425"
"15664721","2024-01-04T12:00:00Z",-14.025,144.425,"0.29",0,"29.35","0.91",0,2024-01-04,"01","2024",0.29,29.35,"-14.025 144.425"
"15665794","2024-01-04T12:00:00Z",-14.675,145.425,"0.14",0,"29.55","1.25",0,2024-01-04,"01","2024",0.14,29.55,"-14.675 145.425"
"15665798","2024-01-04T12:00:00Z",-14.675,145.625,"0.29",0,"29.53","1.3",0,2024-01-04,"01","2024",0.29,29.53,"-14.675 145.625"
"15665875","2024-01-04T12:00:00Z",-14.725,145.425,"0.15",0,"29.5","1.18",0,2024-01-04,"01","2024",0.15,29.5,"-14.725 145.425"
"15665957","2024-01-04T12:00:00Z",-14.775,145.475,"0.15",0,"29.44","1.1400000000000001",0,2024-01-04,"01","2024",0.15,29.44,"-14.775 145.475"
"15666447","2024-01-04T12:00:00Z",-15.075,145.675,"0.16",0,"29.52","1.29",0,2024-01-04,"01","2024",0.16,29.52,"-15.075 145.675"
"15699057","2024-01-11T12:00:00Z",-13.875,144.025,"2.42",0,"29.63","0.9500000000000001",0,2024-01-11,"01","2024",2.42,29.63,"-13.875 144.025"
"15699139","2024-01-11T12:00:00Z",-13.925,144.075,"2.29",0,"29.6","0.93",0,2024-01-11,"01","2024",2.29,29.6,"-13.925 144.075"
"15699141","2024-01-11T12:00:00Z",-13.925,144.175,"2.16",0,"29.490000000000002","0.93",0,2024-01-11,"01","2024",2.16,29.49,"-13.925 144.175"
"15699142","2024-01-11T12:00:00Z",-13.925,144.225,"2.07",0,"29.45","0.93",0,2024-01-11,"01","2024",2.07,29.45,"-13.925 144.225"
"15699227","2024-01-11T12:00:00Z",-13.975,144.425,"0.9400000000000001",0,"29.37","0.88",0,2024-01-11,"01","2024",0.94,29.37,"-13.975 144.425"
"15699308","2024-01-11T12:00:00Z",-14.025,144.425,"0.91",0,"29.400000000000002","0.85",0,2024-01-11,"01","2024",0.91,29.4,"-14.025 144.425"
"15700381","2024-01-11T12:00:00Z",-14.675,145.425,"0.43",0,"29.5","1.06",0,2024-01-11,"01","2024",0.43,29.5,"-14.675 145.425"
"15700385","2024-01-11T12:00:00Z",-14.675,145.625,"1.07",0,"29.6","1.25",0,2024-01-11,"01","2024",1.07,29.6,"-14.675 145.625"
"15700462","2024-01-11T12:00:00Z",-14.725,145.425,"0.58",0,"29.5","1.05",0,2024-01-11,"01","2024",0.58,29.5,"-14.725 145.425"
"15700544","2024-01-11T12:00:00Z",-14.775,145.475,"0.59",0,"29.52","1.09",0,2024-01-11,"01","2024",0.59,29.52,"-14.775 145.475"
"15701034","2024-01-11T12:00:00Z",-15.075,145.675,"1.07",0,"29.66","1.29",0,2024-01-11,"01","2024",1.07,29.66,"-15.075 145.675"
"15733644","2024-01-18T12:00:00Z",-13.875,144.025,"2.57",0,"29.67","0.9500000000000001",0,2024-01-18,"01","2024",2.57,29.67,"-13.875 144.025"
"15733726","2024-01-18T12:00:00Z",-13.925,144.075,"2.44",0,"29.67","0.9500000000000001",0,2024-01-18,"01","2024",2.44,29.67,"-13.925 144.075"
"15733728","2024-01-18T12:00:00Z",-13.925,144.175,"2.31",0,"29.59","0.97",0,2024-01-18,"01","2024",2.31,29.59,"-13.925 144.175"
"15733729","2024-01-18T12:00:00Z",-13.925,144.225,"2.22",0,"29.560000000000002","0.98",0,2024-01-18,"01","2024",2.22,29.56,"-13.925 144.225"
"15733814","2024-01-18T12:00:00Z",-13.975,144.425,"0.9400000000000001",0,"29.5","0.9500000000000001",0,2024-01-18,"01","2024",0.94,29.5,"-13.975 144.425"
"15733895","2024-01-18T12:00:00Z",-14.025,144.425,"0.91",0,"29.51","0.9",0,2024-01-18,"01","2024",0.91,29.51,"-14.025 144.425"
"15734968","2024-01-18T12:00:00Z",-14.675,145.425,"0.43",0,"29.26","0.74",0,2024-01-18,"01","2024",0.43,29.26,"-14.675 145.425"
"15734972","2024-01-18T12:00:00Z",-14.675,145.625,"1.22",0,"29.400000000000002","0.97",0,2024-01-18,"01","2024",1.22,29.4,"-14.675 145.625"
"15735049","2024-01-18T12:00:00Z",-14.725,145.425,"0.58",0,"29.23","0.6900000000000001",0,2024-01-18,"01","2024",0.58,29.23,"-14.725 145.425"
"15735131","2024-01-18T12:00:00Z",-14.775,145.475,"0.59",0,"29.240000000000002","0.72",0,2024-01-18,"01","2024",0.59,29.24,"-14.775 145.475"
"15735621","2024-01-18T12:00:00Z",-15.075,145.675,"1.07",0,"29.36","0.9",0,2024-01-18,"01","2024",1.07,29.36,"-15.075 145.675"
"15768231","2024-01-25T12:00:00Z",-13.875,144.025,"2.57",0,"29.25","0.56",0,2024-01-25,"01","2024",2.57,29.25,"-13.875 144.025"
"15768313","2024-01-25T12:00:00Z",-13.925,144.075,"2.44",0,"29.22","0.52",0,2024-01-25,"01","2024",2.44,29.22,"-13.925 144.075"
"15768315","2024-01-25T12:00:00Z",-13.925,144.175,"2.31",0,"29.14","0.53",0,2024-01-25,"01","2024",2.31,29.14,"-13.925 144.175"
"15768316","2024-01-25T12:00:00Z",-13.925,144.225,"2.22",0,"29.11","0.54",0,2024-01-25,"01","2024",2.22,29.11,"-13.925 144.225"
"15768401","2024-01-25T12:00:00Z",-13.975,144.425,"0.9400000000000001",0,"29.03","0.47000000000000003",0,2024-01-25,"01","2024",0.94,29.03,"-13.975 144.425"
"15768482","2024-01-25T12:00:00Z",-14.025,144.425,"0.91",0,"29.02","0.41000000000000003",0,2024-01-25,"01","2024",0.91,29.02,"-14.025 144.425"
"15769555","2024-01-25T12:00:00Z",-14.675,145.425,"0.43",0,"29.23","0.6900000000000001",0,2024-01-25,"01","2024",0.43,29.23,"-14.675 145.425"
"15769559","2024-01-25T12:00:00Z",-14.675,145.625,"1.37",0,"29.39","0.92",0,2024-01-25,"01","2024",1.37,29.39,"-14.675 145.625"
"15769636","2024-01-25T12:00:00Z",-14.725,145.425,"0.58",0,"29.21","0.66",0,2024-01-25,"01","2024",0.58,29.21,"-14.725 145.425"
"15769718","2024-01-25T12:00:00Z",-14.775,145.475,"0.59",0,"29.23","0.7000000000000001",0,2024-01-25,"01","2024",0.59,29.23,"-14.775 145.475"
"15770208","2024-01-25T12:00:00Z",-15.075,145.675,"1.07",0,"29.37","0.87",0,2024-01-25,"01","2024",1.07,29.37,"-15.075 145.675"
"15802818","2024-02-02T12:00:00Z",-13.875,144.025,"2.57",0,"29.490000000000002","0.8200000000000001",0,2024-02-02,"02","2024",2.57,29.49,"-13.875 144.025"
"15802900","2024-02-02T12:00:00Z",-13.925,144.075,"2.44",0,"29.53","0.86",0,2024-02-02,"02","2024",2.44,29.53,"-13.925 144.075"
"15802902","2024-02-02T12:00:00Z",-13.925,144.175,"2.31",0,"29.45","0.85",0,2024-02-02,"02","2024",2.31,29.45,"-13.925 144.175"
"15802903","2024-02-02T12:00:00Z",-13.925,144.225,"2.22",0,"29.42","0.85",0,2024-02-02,"02","2024",2.22,29.42,"-13.925 144.225"
"15802988","2024-02-02T12:00:00Z",-13.975,144.425,"0.9400000000000001",0,"29.27","0.7000000000000001",0,2024-02-02,"02","2024",0.94,29.27,"-13.975 144.425"
"15803069","2024-02-02T12:00:00Z",-14.025,144.425,"0.91",0,"29.39","0.77",0,2024-02-02,"02","2024",0.91,29.39,"-14.025 144.425"
"15804142","2024-02-02T12:00:00Z",-14.675,145.425,"0.58",0,"28.95","0.39",0,2024-02-02,"02","2024",0.58,28.95,"-14.675 145.425"
"15804146","2024-02-02T12:00:00Z",-14.675,145.625,"1.37",0,"28.75","0.25",0,2024-02-02,"02","2024",1.37,28.75,"-14.675 145.625"
"15804223","2024-02-02T12:00:00Z",-14.725,145.425,"0.73",0,"29.04","0.48",0,2024-02-02,"02","2024",0.73,29.04,"-14.725 145.425"
"15804305","2024-02-02T12:00:00Z",-14.775,145.475,"0.73",0,"29.080000000000002","0.53",0,2024-02-02,"02","2024",0.73,29.08,"-14.775 145.475"
"15804795","2024-02-02T12:00:00Z",-15.075,145.675,"1.07",0,"29.400000000000002","0.86",0,2024-02-02,"02","2024",1.07,29.4,"-15.075 145.675"
"15837405","2024-02-09T12:00:00Z",-13.875,144.025,"3.02",0,"29.79","1.1500000000000001",0,2024-02-09,"02","2024",3.02,29.79,"-13.875 144.025"
"15837487","2024-02-09T12:00:00Z",-13.925,144.075,"2.9",0,"29.830000000000002","1.18",0,2024-02-09,"02","2024",2.9,29.83,"-13.925 144.075"
"15837489","2024-02-09T12:00:00Z",-13.925,144.175,"2.7800000000000002",0,"29.69","1.1",0,2024-02-09,"02","2024",2.78,29.69,"-13.925 144.175"
"15837490","2024-02-09T12:00:00Z",-13.925,144.225,"2.68",0,"29.62","1.06",0,2024-02-09,"02","2024",2.68,29.62,"-13.925 144.225"
"15837575","2024-02-09T12:00:00Z",-13.975,144.425,"1.08",0,"29.53","0.96",0,2024-02-09,"02","2024",1.08,29.53,"-13.975 144.425"
"15837656","2024-02-09T12:00:00Z",-14.025,144.425,"1.06",0,"29.57","0.9500000000000001",0,2024-02-09,"02","2024",1.06,29.57,"-14.025 144.425"
"15838729","2024-02-09T12:00:00Z",-14.675,145.425,"0.74",0,"29.5","0.93",0,2024-02-09,"02","2024",0.74,29.5,"-14.675 145.425"
"15838733","2024-02-09T12:00:00Z",-14.675,145.625,"1.52",0,"29.42","0.89",0,2024-02-09,"02","2024",1.52,29.42,"-14.675 145.625"
"15838810","2024-02-09T12:00:00Z",-14.725,145.425,"1.04",0,"29.6","1.02",0,2024-02-09,"02","2024",1.04,29.6,"-14.725 145.425"
"15838892","2024-02-09T12:00:00Z",-14.775,145.475,"1.05",0,"29.64","1.07",0,2024-02-09,"02","2024",1.05,29.64,"-14.775 145.475"
"15839382","2024-02-09T12:00:00Z",-15.075,145.675,"1.77",0,"29.46","0.89",0,2024-02-09,"02","2024",1.77,29.46,"-15.075 145.675"
"15871992","2024-02-16T12:00:00Z",-13.875,144.025,"3.68",0,"29.82","1.21",0,2024-02-16,"02","2024",3.68,29.82,"-13.875 144.025"
"15872074","2024-02-16T12:00:00Z",-13.925,144.075,"3.75",0,"29.86","1.24",0,2024-02-16,"02","2024",3.75,29.86,"-13.925 144.075"
"15872076","2024-02-16T12:00:00Z",-13.925,144.175,"3.65",0,"29.830000000000002","1.26",0,2024-02-16,"02","2024",3.65,29.83,"-13.925 144.175"
"15872077","2024-02-16T12:00:00Z",-13.925,144.225,"3.5700000000000003",0,"29.82","1.27",0,2024-02-16,"02","2024",3.57,29.82,"-13.925 144.225"
"15872162","2024-02-16T12:00:00Z",-13.975,144.425,"2.0",0,"29.84","1.28",0,2024-02-16,"02","2024",2,29.84,"-13.975 144.425"
"15872243","2024-02-16T12:00:00Z",-14.025,144.425,"1.95",0,"29.85","1.25",0,2024-02-16,"02","2024",1.95,29.85,"-14.025 144.425"
"15873316","2024-02-16T12:00:00Z",-14.675,145.425,"2.06",0,"30.3","1.73",0,2024-02-16,"02","2024",2.06,30.3,"-14.675 145.425"
"15873320","2024-02-16T12:00:00Z",-14.675,145.625,"2.85",0,"30.21","1.6600000000000001",0,2024-02-16,"02","2024",2.85,30.21,"-14.675 145.625"
"15873397","2024-02-16T12:00:00Z",-14.725,145.425,"2.39",0,"30.27","1.7",0,2024-02-16,"02","2024",2.39,30.27,"-14.725 145.425"
"15873479","2024-02-16T12:00:00Z",-14.775,145.475,"2.37",0,"30.240000000000002","1.68",0,2024-02-16,"02","2024",2.37,30.24,"-14.775 145.475"
"15873969","2024-02-16T12:00:00Z",-15.075,145.675,"2.32",0,"30.11","1.53",0,2024-02-16,"02","2024",2.32,30.11,"-15.075 145.675"
"15906579","2024-02-23T12:00:00Z",-13.875,144.025,"4.17",0,"30.03","1.51",0,2024-02-23,"02","2024",4.17,30.03,"-13.875 144.025"
"15906661","2024-02-23T12:00:00Z",-13.925,144.075,"4.4",0,"30.05","1.52",0,2024-02-23,"02","2024",4.4,30.05,"-13.925 144.075"
"15906663","2024-02-23T12:00:00Z",-13.925,144.175,"4.5200000000000005",0,"30.07","1.6",0,2024-02-23,"02","2024",4.52,30.07,"-13.925 144.175"
"15906664","2024-02-23T12:00:00Z",-13.925,144.225,"4.48",0,"30.09","1.6400000000000001",0,2024-02-23,"02","2024",4.48,30.09,"-13.925 144.225"
"15906749","2024-02-23T12:00:00Z",-13.975,144.425,"2.97",0,"30.19","1.73",0,2024-02-23,"02","2024",2.97,30.19,"-13.975 144.425"
"15906830","2024-02-23T12:00:00Z",-14.025,144.425,"2.92",0,"30.27","1.78",0,2024-02-23,"02","2024",2.92,30.27,"-14.025 144.425"
"15907903","2024-02-23T12:00:00Z",-14.675,145.425,"3.31",0,"30.01","1.55",0,2024-02-23,"02","2024",3.31,30.01,"-14.675 145.425"
"15907907","2024-02-23T12:00:00Z",-14.675,145.625,"4.08",0,"29.92","1.47",0,2024-02-23,"02","2024",4.08,29.92,"-14.675 145.625"
"15907984","2024-02-23T12:00:00Z",-14.725,145.425,"3.64",0,"30.02","1.56",0,2024-02-23,"02","2024",3.64,30.02,"-14.725 145.425"
"15908066","2024-02-23T12:00:00Z",-14.775,145.475,"3.61",0,"30.02","1.57",0,2024-02-23,"02","2024",3.61,30.02,"-14.775 145.475"
"15908556","2024-02-23T12:00:00Z",-15.075,145.675,"3.1",0,"29.740000000000002","1.27",0,2024-02-23,"02","2024",3.1,29.74,"-15.075 145.675"
"15941166","2024-03-01T12:00:00Z",-13.875,144.025,"5.76",0,"30.080000000000002","1.6400000000000001",0,2024-03-01,"03","2024",5.76,30.08,"-13.875 144.025"
"15941248","2024-03-01T12:00:00Z",-13.925,144.075,"6.05",0,"30.1","1.6600000000000001",0,2024-03-01,"03","2024",6.05,30.1,"-13.925 144.075"
"15941250","2024-03-01T12:00:00Z",-13.925,144.175,"6.2700000000000005",0,"30.080000000000002","1.7",0,2024-03-01,"03","2024",6.27,30.08,"-13.925 144.175"
"15941251","2024-03-01T12:00:00Z",-13.925,144.225,"6.26",0,"30.09","1.74",0,2024-03-01,"03","2024",6.26,30.09,"-13.925 144.225"
"15941336","2024-03-01T12:00:00Z",-13.975,144.425,"4.72",0,"30.14","1.79",0,2024-03-01,"03","2024",4.72,30.14,"-13.975 144.425"
"15941417","2024-03-01T12:00:00Z",-14.025,144.425,"4.7",0,"30.16","1.78",0,2024-03-01,"03","2024",4.7,30.16,"-14.025 144.425"
"15942490","2024-03-01T12:00:00Z",-14.675,145.425,"4.98",0,"30.080000000000002","1.73",0,2024-03-01,"03","2024",4.98,30.08,"-14.675 145.425"
"15942494","2024-03-01T12:00:00Z",-14.675,145.625,"5.69",0,"29.97","1.61",0,2024-03-01,"03","2024",5.69,29.97,"-14.675 145.625"
"15942571","2024-03-01T12:00:00Z",-14.725,145.425,"5.3",0,"30.09","1.74",0,2024-03-01,"03","2024",5.3,30.09,"-14.725 145.425"
"15942653","2024-03-01T12:00:00Z",-14.775,145.475,"5.26",0,"30.060000000000002","1.72",0,2024-03-01,"03","2024",5.26,30.06,"-14.775 145.475"
"15943143","2024-03-01T12:00:00Z",-15.075,145.675,"4.49",0,"29.94","1.59",0,2024-03-01,"03","2024",4.49,29.94,"-15.075 145.675"
"15975753","2024-03-08T12:00:00Z",-13.875,144.025,"6.96",0,"29.86","1.51",0,2024-03-08,"03","2024",6.96,29.86,"-13.875 144.025"
"15975835","2024-03-08T12:00:00Z",-13.925,144.075,"7.28",0,"29.88","1.53",0,2024-03-08,"03","2024",7.28,29.88,"-13.925 144.075"
"15975837","2024-03-08T12:00:00Z",-13.925,144.175,"7.62",0,"29.900000000000002","1.62",0,2024-03-08,"03","2024",7.62,29.9,"-13.925 144.175"
"15975838","2024-03-08T12:00:00Z",-13.925,144.225,"7.66",0,"29.91","1.6500000000000001",0,2024-03-08,"03","2024",7.66,29.91,"-13.925 144.225"
"15975923","2024-03-08T12:00:00Z",-13.975,144.425,"6.140000000000001",0,"29.93","1.69",0,2024-03-08,"03","2024",6.14,29.93,"-13.975 144.425"
"15976004","2024-03-08T12:00:00Z",-14.025,144.425,"6.09",0,"29.93","1.6600000000000001",0,2024-03-08,"03","2024",6.09,29.93,"-14.025 144.425"
"15977077","2024-03-08T12:00:00Z",-14.675,145.425,"6.25",0,"29.63","1.4000000000000001",0,2024-03-08,"03","2024",6.25,29.63,"-14.675 145.425"
"15977081","2024-03-08T12:00:00Z",-14.675,145.625,"7.07",0,"29.79","1.53",0,2024-03-08,"03","2024",7.07,29.79,"-14.675 145.625"
"15977158","2024-03-08T12:00:00Z",-14.725,145.425,"6.5600000000000005",0,"29.64","1.41",0,2024-03-08,"03","2024",6.56,29.64,"-14.725 145.425"
"15977240","2024-03-08T12:00:00Z",-14.775,145.475,"6.5",0,"29.66","1.43",0,2024-03-08,"03","2024",6.5,29.66,"-14.775 145.475"
"15977730","2024-03-08T12:00:00Z",-15.075,145.675,"5.72",0,"29.73","1.49",0,2024-03-08,"03","2024",5.72,29.73,"-15.075 145.675"
"16010340","2024-03-15T12:00:00Z",-13.875,144.025,"6.96",0,"28.61","0.34",0,2024-03-15,"03","2024",6.96,28.61,"-13.875 144.025"
"16010422","2024-03-15T12:00:00Z",-13.925,144.075,"7.42",0,"28.57","0.31",0,2024-03-15,"03","2024",7.42,28.57,"-13.925 144.075"
"16010424","2024-03-15T12:00:00Z",-13.925,144.175,"7.930000000000001",0,"28.52","0.33",0,2024-03-15,"03","2024",7.93,28.52,"-13.925 144.175"
"16010425","2024-03-15T12:00:00Z",-13.925,144.225,"7.98",0,"28.5","0.34",0,2024-03-15,"03","2024",7.98,28.5,"-13.925 144.225"
"16010510","2024-03-15T12:00:00Z",-13.975,144.425,"6.47",0,"28.54","0.41000000000000003",0,2024-03-15,"03","2024",6.47,28.54,"-13.975 144.425"
"16010591","2024-03-15T12:00:00Z",-14.025,144.425,"6.4",0,"28.52","0.36",0,2024-03-15,"03","2024",6.4,28.52,"-14.025 144.425"
"16011664","2024-03-15T12:00:00Z",-14.675,145.425,"6.25",0,"29.060000000000002","0.9400000000000001",0,2024-03-15,"03","2024",6.25,29.06,"-14.675 145.425"
"16011668","2024-03-15T12:00:00Z",-14.675,145.625,"7.38",0,"29.26","1.09",0,2024-03-15,"03","2024",7.38,29.26,"-14.675 145.625"
"16011745","2024-03-15T12:00:00Z",-14.725,145.425,"6.5600000000000005",0,"29.07","0.9500000000000001",0,2024-03-15,"03","2024",6.56,29.07,"-14.725 145.425"
"16011827","2024-03-15T12:00:00Z",-14.775,145.475,"6.5",0,"29.12","1.0",0,2024-03-15,"03","2024",6.5,29.12,"-14.775 145.475"
"16012317","2024-03-15T12:00:00Z",-15.075,145.675,"6.01",0,"29.26","1.1400000000000001",0,2024-03-15,"03","2024",6.01,29.26,"-15.075 145.675"
"16044927","2024-03-22T12:00:00Z",-13.875,144.025,"6.78",0,"29.13","1.08",0,2024-03-22,"03","2024",6.78,29.13,"-13.875 144.025"
"16045009","2024-03-22T12:00:00Z",-13.925,144.075,"7.23",0,"29.060000000000002","1.02",0,2024-03-22,"03","2024",7.23,29.06,"-13.925 144.075"
"16045011","2024-03-22T12:00:00Z",-13.925,144.175,"7.72",0,"29.05","1.07",0,2024-03-22,"03","2024",7.72,29.05,"-13.925 144.175"
"16045012","2024-03-22T12:00:00Z",-13.925,144.225,"7.79",0,"29.05","1.1",0,2024-03-22,"03","2024",7.79,29.05,"-13.925 144.225"
"16045097","2024-03-22T12:00:00Z",-13.975,144.425,"6.47",0,"29.03","1.09",0,2024-03-22,"03","2024",6.47,29.03,"-13.975 144.425"
"16045178","2024-03-22T12:00:00Z",-14.025,144.425,"6.26",0,"28.98","1.02",0,2024-03-22,"03","2024",6.26,28.98,"-14.025 144.425"
"16046251","2024-03-22T12:00:00Z",-14.675,145.425,"6.11",0,"29.17","1.27",0,2024-03-22,"03","2024",6.11,29.17,"-14.675 145.425"
"16046255","2024-03-22T12:00:00Z",-14.675,145.625,"7.23",0,"29.37","1.41",0,2024-03-22,"03","2024",7.23,29.37,"-14.675 145.625"
"16046332","2024-03-22T12:00:00Z",-14.725,145.425,"6.4",0,"29.12","1.23",0,2024-03-22,"03","2024",6.4,29.12,"-14.725 145.425"
"16046414","2024-03-22T12:00:00Z",-14.775,145.475,"6.34",0,"29.12","1.22",0,2024-03-22,"03","2024",6.34,29.12,"-14.775 145.475"
"16046904","2024-03-22T12:00:00Z",-15.075,145.675,"5.8500000000000005",0,"29.17","1.26",0,2024-03-22,"03","2024",5.85,29.17,"-15.075 145.675"
"16079514","2024-03-29T12:00:00Z",-13.875,144.025,"5.97",0,"29.78","1.95",0,2024-03-29,"03","2024",5.97,29.78,"-13.875 144.025"
"16079596","2024-03-29T12:00:00Z",-13.925,144.075,"6.390000000000001",0,"29.79","1.97",0,2024-03-29,"03","2024",6.39,29.79,"-13.925 144.075"
"16079598","2024-03-29T12:00:00Z",-13.925,144.175,"7.16",0,"29.740000000000002","1.97",0,2024-03-29,"03","2024",7.16,29.74,"-13.925 144.175"
"16079599","2024-03-29T12:00:00Z",-13.925,144.225,"7.3100000000000005",0,"29.73","1.98",0,2024-03-29,"03","2024",7.31,29.73,"-13.925 144.225"
"16079684","2024-03-29T12:00:00Z",-13.975,144.425,"6.83",0,"29.68","1.92",0,2024-03-29,"03","2024",6.83,29.68,"-13.975 144.425"
"16079765","2024-03-29T12:00:00Z",-14.025,144.425,"6.62",0,"29.69","1.93",0,2024-03-29,"03","2024",6.62,29.69,"-14.025 144.425"
"16080838","2024-03-29T12:00:00Z",-14.675,145.425,"6.2700000000000005",0,"29.43","1.76",0,2024-03-29,"03","2024",6.27,29.43,"-14.675 145.425"
"16080842","2024-03-29T12:00:00Z",-14.675,145.625,"7.7700000000000005",0,"29.66","1.9100000000000001",0,2024-03-29,"03","2024",7.77,29.66,"-14.675 145.625"
"16080919","2024-03-29T12:00:00Z",-14.725,145.425,"6.5600000000000005",0,"29.38","1.71",0,2024-03-29,"03","2024",6.56,29.38,"-14.725 145.425"
"16081001","2024-03-29T12:00:00Z",-14.775,145.475,"6.5",0,"29.36","1.69",0,2024-03-29,"03","2024",6.5,29.36,"-14.775 145.475"
"16081491","2024-03-29T12:00:00Z",-15.075,145.675,"5.71",0,"29.29","1.59",0,2024-03-29,"03","2024",5.71,29.29,"-15.075 145.675"
"16114101","2024-04-05T12:00:00Z",-13.875,144.025,"5.03",0,"29.150000000000002","1.54",0,2024-04-05,"04","2024",5.03,29.15,"-13.875 144.025"
"16114183","2024-04-05T12:00:00Z",-13.925,144.075,"5.62",0,"29.2","1.6",0,2024-04-05,"04","2024",5.62,29.2,"-13.925 144.075"
"16114185","2024-04-05T12:00:00Z",-13.925,144.175,"6.44",0,"29.150000000000002","1.6",0,2024-04-05,"04","2024",6.44,29.15,"-13.925 144.175"
"16114186","2024-04-05T12:00:00Z",-13.925,144.225,"6.61",0,"29.11","1.57",0,2024-04-05,"04","2024",6.61,29.11,"-13.925 144.225"
"16114271","2024-04-05T12:00:00Z",-13.975,144.425,"6.2",0,"29.0","1.43",0,2024-04-05,"04","2024",6.2,29,"-13.975 144.425"
"16114352","2024-04-05T12:00:00Z",-14.025,144.425,"6.0",0,"29.02","1.46",0,2024-04-05,"04","2024",6,29.02,"-14.025 144.425"
"16115425","2024-04-05T12:00:00Z",-14.675,145.425,"5.98",0,"28.61","1.16",0,2024-04-05,"04","2024",5.98,28.61,"-14.675 145.425"
"16115429","2024-04-05T12:00:00Z",-14.675,145.625,"7.0",0,"28.78","1.25",0,2024-04-05,"04","2024",7,28.78,"-14.675 145.625"
"16115506","2024-04-05T12:00:00Z",-14.725,145.425,"6.13",0,"28.54","1.1",0,2024-04-05,"04","2024",6.13,28.54,"-14.725 145.425"
"16115588","2024-04-05T12:00:00Z",-14.775,145.475,"6.07",0,"28.580000000000002","1.1300000000000001",0,2024-04-05,"04","2024",6.07,28.58,"-14.775 145.475"
"16116078","2024-04-05T12:00:00Z",-15.075,145.675,"4.94",0,"28.740000000000002","1.24",0,2024-04-05,"04","2024",4.94,28.74,"-15.075 145.675"
"16148688","2024-04-12T12:00:00Z",-13.875,144.025,"4.88",0,"28.98","1.6",0,2024-04-12,"04","2024",4.88,28.98,"-13.875 144.025"
"16148770","2024-04-12T12:00:00Z",-13.925,144.075,"5.47",0,"29.0","1.6300000000000001",0,2024-04-12,"04","2024",5.47,29,"-13.925 144.075"
"16148772","2024-04-12T12:00:00Z",-13.925,144.175,"6.28",0,"28.96","1.62",0,2024-04-12,"04","2024",6.28,28.96,"-13.925 144.175"
"16148773","2024-04-12T12:00:00Z",-13.925,144.225,"6.46",0,"28.94","1.6",0,2024-04-12,"04","2024",6.46,28.94,"-13.925 144.225"
"16148858","2024-04-12T12:00:00Z",-13.975,144.425,"6.2",0,"28.91","1.53",0,2024-04-12,"04","2024",6.2,28.91,"-13.975 144.425"
"16148939","2024-04-12T12:00:00Z",-14.025,144.425,"6.0",0,"28.97","1.6",0,2024-04-12,"04","2024",6,28.97,"-14.025 144.425"
"16150012","2024-04-12T12:00:00Z",-14.675,145.425,"5.98",0,"28.67","1.44",0,2024-04-12,"04","2024",5.98,28.67,"-14.675 145.425"
"16150016","2024-04-12T12:00:00Z",-14.675,145.625,"6.84",0,"28.78","1.46",0,2024-04-12,"04","2024",6.84,28.78,"-14.675 145.625"
"16150093","2024-04-12T12:00:00Z",-14.725,145.425,"6.13",0,"28.67","1.45",0,2024-04-12,"04","2024",6.13,28.67,"-14.725 145.425"
"16150175","2024-04-12T12:00:00Z",-14.775,145.475,"6.07",0,"28.67","1.44",0,2024-04-12,"04","2024",6.07,28.67,"-14.775 145.475"
"16150665","2024-04-12T12:00:00Z",-15.075,145.675,"4.94",0,"28.78","1.49",0,2024-04-12,"04","2024",4.94,28.78,"-15.075 145.675"
"16183275","2024-04-19T12:00:00Z",-13.875,144.025,"4.88",0,"28.52","1.4000000000000001",0,2024-04-19,"04","2024",4.88,28.52,"-13.875 144.025"
"16183357","2024-04-19T12:00:00Z",-13.925,144.075,"5.47",0,"28.48","1.37",0,2024-04-19,"04","2024",5.47,28.48,"-13.925 144.075"
"16183359","2024-04-19T12:00:00Z",-13.925,144.175,"6.28",0,"28.400000000000002","1.32",0,2024-04-19,"04","2024",6.28,28.4,"-13.925 144.175"
"16183360","2024-04-19T12:00:00Z",-13.925,144.225,"6.46",0,"28.38","1.29",0,2024-04-19,"04","2024",6.46,28.38,"-13.925 144.225"
"16183445","2024-04-19T12:00:00Z",-13.975,144.425,"6.2",0,"28.330000000000002","1.2",0,2024-04-19,"04","2024",6.2,28.33,"-13.975 144.425"
"16183526","2024-04-19T12:00:00Z",-14.025,144.425,"6.0",0,"28.3","1.19",0,2024-04-19,"04","2024",6,28.3,"-14.025 144.425"
"16184599","2024-04-19T12:00:00Z",-14.675,145.425,"5.84",0,"27.93","0.97",0,2024-04-19,"04","2024",5.84,27.93,"-14.675 145.425"
"16184603","2024-04-19T12:00:00Z",-14.675,145.625,"6.7",0,"28.09","1.01",0,2024-04-19,"04","2024",6.7,28.09,"-14.675 145.625"
"16184680","2024-04-19T12:00:00Z",-14.725,145.425,"5.98",0,"27.900000000000002","0.9500000000000001",0,2024-04-19,"04","2024",5.98,27.9,"-14.725 145.425"
"16184762","2024-04-19T12:00:00Z",-14.775,145.475,"5.92",0,"27.92","0.96",0,2024-04-19,"04","2024",5.92,27.92,"-14.775 145.475"
"16185252","2024-04-19T12:00:00Z",-15.075,145.675,"4.94",0,"28.16","1.11",0,2024-04-19,"04","2024",4.94,28.16,"-15.075 145.675"
"16217862","2024-04-26T12:00:00Z",-13.875,144.025,"4.88",0,"28.02","1.18",0,2024-04-26,"04","2024",4.88,28.02,"-13.875 144.025"
"16217944","2024-04-26T12:00:00Z",-13.925,144.075,"5.47",0,"27.990000000000002","1.16",0,2024-04-26,"04","2024",5.47,27.99,"-13.925 144.075"
"16217946","2024-04-26T12:00:00Z",-13.925,144.175,"6.28",0,"27.92","1.12",0,2024-04-26,"04","2024",6.28,27.92,"-13.925 144.175"
"16217947","2024-04-26T12:00:00Z",-13.925,144.225,"6.46",0,"27.92","1.12",0,2024-04-26,"04","2024",6.46,27.92,"-13.925 144.225"
"16218032","2024-04-26T12:00:00Z",-13.975,144.425,"6.2",0,"27.98","1.1400000000000001",0,2024-04-26,"04","2024",6.2,27.98,"-13.975 144.425"
"16218113","2024-04-26T12:00:00Z",-14.025,144.425,"6.0",0,"27.91","1.1",0,2024-04-26,"04","2024",6,27.91,"-14.025 144.425"
"16219186","2024-04-26T12:00:00Z",-14.675,145.425,"5.84",0,"27.88","1.22",0,2024-04-26,"04","2024",5.84,27.88,"-14.675 145.425"
"16219190","2024-04-26T12:00:00Z",-14.675,145.625,"6.7",0,"28.1","1.29",0,2024-04-26,"04","2024",6.7,28.1,"-14.675 145.625"
"16219267","2024-04-26T12:00:00Z",-14.725,145.425,"5.98",0,"27.82","1.18",0,2024-04-26,"04","2024",5.98,27.82,"-14.725 145.425"
"16219349","2024-04-26T12:00:00Z",-14.775,145.475,"5.92",0,"27.87","1.21",0,2024-04-26,"04","2024",5.92,27.87,"-14.775 145.475"
"16219839","2024-04-26T12:00:00Z",-15.075,145.675,"4.94",0,"27.96","1.17",0,2024-04-26,"04","2024",4.94,27.96,"-15.075 145.675"
"16252449","2024-05-03T12:00:00Z",-13.875,144.025,"4.44",0,"27.54","0.99",0,2024-05-03,"05","2024",4.44,27.54,"-13.875 144.025"
"16252531","2024-05-03T12:00:00Z",-13.925,144.075,"5.01",0,"27.5","0.96",0,2024-05-03,"05","2024",5.01,27.5,"-13.925 144.075"
"16252533","2024-05-03T12:00:00Z",-13.925,144.175,"5.82",0,"27.43","0.92",0,2024-05-03,"05","2024",5.82,27.43,"-13.925 144.175"
"16252534","2024-05-03T12:00:00Z",-13.925,144.225,"6.0",0,"27.41","0.9",0,2024-05-03,"05","2024",6,27.41,"-13.925 144.225"
"16252619","2024-05-03T12:00:00Z",-13.975,144.425,"6.05",0,"27.400000000000002","0.86",0,2024-05-03,"05","2024",6.05,27.4,"-13.975 144.425"
"16252700","2024-05-03T12:00:00Z",-14.025,144.425,"5.8500000000000005",0,"27.29","0.78",0,2024-05-03,"05","2024",5.85,27.29,"-14.025 144.425"
"16253773","2024-05-03T12:00:00Z",-14.675,145.425,"5.68",0,"27.740000000000002","1.37",0,2024-05-03,"05","2024",5.68,27.74,"-14.675 145.425"
"16253777","2024-05-03T12:00:00Z",-14.675,145.625,"6.55",0,"28.13","1.58",0,2024-05-03,"05","2024",6.55,28.13,"-14.675 145.625"
"16253854","2024-05-03T12:00:00Z",-14.725,145.425,"5.67",0,"27.7","1.36",0,2024-05-03,"05","2024",5.67,27.7,"-14.725 145.425"
"16253936","2024-05-03T12:00:00Z",-14.775,145.475,"5.6000000000000005",0,"27.72","1.36",0,2024-05-03,"05","2024",5.6,27.72,"-14.775 145.475"
"16254426","2024-05-03T12:00:00Z",-15.075,145.675,"4.24",0,"27.86","1.34",0,2024-05-03,"05","2024",4.24,27.86,"-15.075 145.675"
"16287036","2024-05-10T12:00:00Z",-13.875,144.025,"3.77",0,"27.03","0.77",0,2024-05-10,"05","2024",3.77,27.03,"-13.875 144.025"
"16287118","2024-05-10T12:00:00Z",-13.925,144.075,"4.16",0,"26.98","0.73",0,2024-05-10,"05","2024",4.16,26.98,"-13.925 144.075"
"16287120","2024-05-10T12:00:00Z",-13.925,144.175,"4.94",0,"26.95","0.73",0,2024-05-10,"05","2024",4.94,26.95,"-13.925 144.175"
"16287121","2024-05-10T12:00:00Z",-13.925,144.225,"5.11",0,"26.97","0.75",0,2024-05-10,"05","2024",5.11,26.97,"-13.925 144.225"
"16287206","2024-05-10T12:00:00Z",-13.975,144.425,"5.13",0,"27.09","0.84",0,2024-05-10,"05","2024",5.13,27.09,"-13.975 144.425"
"16287287","2024-05-10T12:00:00Z",-14.025,144.425,"4.96",0,"27.01","0.8",0,2024-05-10,"05","2024",4.96,27.01,"-14.025 144.425"
"16288360","2024-05-10T12:00:00Z",-14.675,145.425,"4.3500000000000005",0,"27.09","1.02",0,2024-05-10,"05","2024",4.35,27.09,"-14.675 145.425"
"16288364","2024-05-10T12:00:00Z",-14.675,145.625,"5.22",0,"27.34","1.06",0,2024-05-10,"05","2024",5.22,27.34,"-14.675 145.625"
"16288441","2024-05-10T12:00:00Z",-14.725,145.425,"4.32",0,"27.04","1.0",0,2024-05-10,"05","2024",4.32,27.04,"-14.725 145.425"
"16288523","2024-05-10T12:00:00Z",-14.775,145.475,"4.28",0,"27.09","1.03",0,2024-05-10,"05","2024",4.28,27.09,"-14.775 145.475"
"16289013","2024-05-10T12:00:00Z",-15.075,145.675,"3.69",0,"27.3","1.04",0,2024-05-10,"05","2024",3.69,27.3,"-15.075 145.675"
"16321623","2024-05-17T12:00:00Z",-13.875,144.025,"3.2800000000000002",0,"26.61","0.65",0,2024-05-17,"05","2024",3.28,26.61,"-13.875 144.025"
"16321705","2024-05-17T12:00:00Z",-13.925,144.075,"3.5100000000000002",0,"26.560000000000002","0.62",0,2024-05-17,"05","2024",3.51,26.56,"-13.925 144.075"
"16321707","2024-05-17T12:00:00Z",-13.925,144.175,"4.07",0,"26.55","0.63",0,2024-05-17,"05","2024",4.07,26.55,"-13.925 144.175"
"16321708","2024-05-17T12:00:00Z",-13.925,144.225,"4.2",0,"26.59","0.66",0,2024-05-17,"05","2024",4.2,26.59,"-13.925 144.225"
"16321793","2024-05-17T12:00:00Z",-13.975,144.425,"4.17",0,"26.62","0.67",0,2024-05-17,"05","2024",4.17,26.62,"-13.975 144.425"
"16321874","2024-05-17T12:00:00Z",-14.025,144.425,"3.99",0,"26.490000000000002","0.58",0,2024-05-17,"05","2024",3.99,26.49,"-14.025 144.425"
"16322947","2024-05-17T12:00:00Z",-14.675,145.425,"3.1",0,"26.41","0.64",0,2024-05-17,"05","2024",3.1,26.41,"-14.675 145.425"
"16322951","2024-05-17T12:00:00Z",-14.675,145.625,"3.99",0,"26.810000000000002","0.8",0,2024-05-17,"05","2024",3.99,26.81,"-14.675 145.625"
"16323028","2024-05-17T12:00:00Z",-14.725,145.425,"3.0700000000000003",0,"26.37","0.64",0,2024-05-17,"05","2024",3.07,26.37,"-14.725 145.425"
"16323110","2024-05-17T12:00:00Z",-14.775,145.475,"3.0500000000000003",0,"26.5","0.74",0,2024-05-17,"05","2024",3.05,26.5,"-14.775 145.475"
"16323600","2024-05-17T12:00:00Z",-15.075,145.675,"2.91",0,"26.82","0.84",0,2024-05-17,"05","2024",2.91,26.82,"-15.075 145.675"
"16356210","2024-05-24T12:00:00Z",-13.875,144.025,"1.69",0,"26.01","0.38",0,2024-05-24,"05","2024",1.69,26.01,"-13.875 144.025"
"16356292","2024-05-24T12:00:00Z",-13.925,144.075,"1.86",0,"25.95","0.34",0,2024-05-24,"05","2024",1.86,25.95,"-13.925 144.075"
"16356294","2024-05-24T12:00:00Z",-13.925,144.175,"2.32",0,"26.060000000000002","0.47000000000000003",0,2024-05-24,"05","2024",2.32,26.06,"-13.925 144.175"
"16356295","2024-05-24T12:00:00Z",-13.925,144.225,"2.41",0,"26.18","0.5700000000000001",0,2024-05-24,"05","2024",2.41,26.18,"-13.925 144.225"
"16356380","2024-05-24T12:00:00Z",-13.975,144.425,"2.41",0,"26.400000000000002","0.75",0,2024-05-24,"05","2024",2.41,26.4,"-13.975 144.425"
"16356461","2024-05-24T12:00:00Z",-14.025,144.425,"2.21",0,"26.22","0.64",0,2024-05-24,"05","2024",2.21,26.22,"-14.025 144.425"
"16357534","2024-05-24T12:00:00Z",-14.675,145.425,"1.43",0,"26.01","0.56",0,2024-05-24,"05","2024",1.43,26.01,"-14.675 145.425"
"16357538","2024-05-24T12:00:00Z",-14.675,145.625,"2.38",0,"26.54","0.79",0,2024-05-24,"05","2024",2.38,26.54,"-14.675 145.625"
"16357615","2024-05-24T12:00:00Z",-14.725,145.425,"1.41",0,"25.89","0.48",0,2024-05-24,"05","2024",1.41,25.89,"-14.725 145.425"
"16357697","2024-05-24T12:00:00Z",-14.775,145.475,"1.3900000000000001",0,"26.0","0.55",0,2024-05-24,"05","2024",1.39,26,"-14.775 145.475"
"16358187","2024-05-24T12:00:00Z",-15.075,145.675,"1.52",0,"26.3","0.61",0,2024-05-24,"05","2024",1.52,26.3,"-15.075 145.675"
"16390797","2024-05-31T12:00:00Z",-13.875,144.025,"0.49",0,"25.63","0.33",0,2024-05-31,"05","2024",0.49,25.63,"-13.875 144.025"
"16390879","2024-05-31T12:00:00Z",-13.925,144.075,"0.63",0,"25.57","0.29",0,2024-05-31,"05","2024",0.63,25.57,"-13.925 144.075"
"16390881","2024-05-31T12:00:00Z",-13.925,144.175,"0.98",0,"25.61","0.34",0,2024-05-31,"05","2024",0.98,25.61,"-13.925 144.175"
"16390882","2024-05-31T12:00:00Z",-13.925,144.225,"1.02",0,"25.72","0.43",0,2024-05-31,"05","2024",1.02,25.72,"-13.925 144.225"
"16390967","2024-05-31T12:00:00Z",-13.975,144.425,"0.99",0,"26.05","0.71",0,2024-05-31,"05","2024",0.99,26.05,"-13.975 144.425"
"16391048","2024-05-31T12:00:00Z",-14.025,144.425,"0.8200000000000001",0,"25.84","0.59",0,2024-05-31,"05","2024",0.82,25.84,"-14.025 144.425"
"16392121","2024-05-31T12:00:00Z",-14.675,145.425,"0.17",0,"25.79","0.66",0,2024-05-31,"05","2024",0.17,25.79,"-14.675 145.425"
"16392125","2024-05-31T12:00:00Z",-14.675,145.625,"0.99",0,"26.26","0.78",0,2024-05-31,"05","2024",0.99,26.26,"-14.675 145.625"
"16392202","2024-05-31T12:00:00Z",-14.725,145.425,"0.16",0,"25.71","0.62",0,2024-05-31,"05","2024",0.16,25.71,"-14.725 145.425"
"16392284","2024-05-31T12:00:00Z",-14.775,145.475,"0.16",0,"25.8","0.66",0,2024-05-31,"05","2024",0.16,25.8,"-14.775 145.475"
"16392774","2024-05-31T12:00:00Z",-15.075,145.675,"0.29",0,"26.17","0.78",0,2024-05-31,"05","2024",0.29,26.17,"-15.075 145.675"
"16425384","2024-06-07T12:00:00Z",-13.875,144.025,"0.49",0,"25.72","0.75",0,2024-06-07,"06","2024",0.49,25.72,"-13.875 144.025"
"16425466","2024-06-07T12:00:00Z",-13.925,144.075,"0.49",0,"25.68","0.74",0,2024-06-07,"06","2024",0.49,25.68,"-13.925 144.075"
"16425468","2024-06-07T12:00:00Z",-13.925,144.175,"0.66",0,"25.71","0.77",0,2024-06-07,"06","2024",0.66,25.71,"-13.925 144.175"
"16425469","2024-06-07T12:00:00Z",-13.925,144.225,"0.6900000000000001",0,"25.78","0.81",0,2024-06-07,"06","2024",0.69,25.78,"-13.925 144.225"
"16425554","2024-06-07T12:00:00Z",-13.975,144.425,"0.67",0,"25.900000000000002","0.86",0,2024-06-07,"06","2024",0.67,25.9,"-13.975 144.425"
"16425635","2024-06-07T12:00:00Z",-14.025,144.425,"0.51",0,"25.77","0.85",0,2024-06-07,"06","2024",0.51,25.77,"-14.025 144.425"
"16426708","2024-06-07T12:00:00Z",-14.675,145.425,"0.17",0,"25.7","0.89",0,2024-06-07,"06","2024",0.17,25.7,"-14.675 145.425"
"16426712","2024-06-07T12:00:00Z",-14.675,145.625,"0.68",0,"26.21","1.0",0,2024-06-07,"06","2024",0.68,26.21,"-14.675 145.625"
"16426789","2024-06-07T12:00:00Z",-14.725,145.425,"0.16",0,"25.61","0.84",0,2024-06-07,"06","2024",0.16,25.61,"-14.725 145.425"
"16426871","2024-06-07T12:00:00Z",-14.775,145.475,"0.16",0,"25.66","0.8300000000000001",0,2024-06-07,"06","2024",0.16,25.66,"-14.775 145.475"
"16427361","2024-06-07T12:00:00Z",-15.075,145.675,"0.0",0,"25.87","0.78",0,2024-06-07,"06","2024",0,25.87,"-15.075 145.675"
"16459971","2024-06-14T12:00:00Z",-13.875,144.025,"0.49",0,"25.23","0.59",0,2024-06-14,"06","2024",0.49,25.23,"-13.875 144.025"
"16460053","2024-06-14T12:00:00Z",-13.925,144.075,"0.49",0,"25.080000000000002","0.47000000000000003",0,2024-06-14,"06","2024",0.49,25.08,"-13.925 144.075"
"16460055","2024-06-14T12:00:00Z",-13.925,144.175,"0.66",0,"25.150000000000002","0.53",0,2024-06-14,"06","2024",0.66,25.15,"-13.925 144.175"
"16460056","2024-06-14T12:00:00Z",-13.925,144.225,"0.6900000000000001",0,"25.26","0.61",0,2024-06-14,"06","2024",0.69,25.26,"-13.925 144.225"
"16460141","2024-06-14T12:00:00Z",-13.975,144.425,"0.67",0,"25.57","0.84",0,2024-06-14,"06","2024",0.67,25.57,"-13.975 144.425"
"16460222","2024-06-14T12:00:00Z",-14.025,144.425,"0.51",0,"25.27","0.67",0,2024-06-14,"06","2024",0.51,25.27,"-14.025 144.425"
"16461295","2024-06-14T12:00:00Z",-14.675,145.425,"0.17",0,"25.13","0.63",0,2024-06-14,"06","2024",0.17,25.13,"-14.675 145.425"
"16461299","2024-06-14T12:00:00Z",-14.675,145.625,"0.68",0,"25.76","0.81",0,2024-06-14,"06","2024",0.68,25.76,"-14.675 145.625"
"16461376","2024-06-14T12:00:00Z",-14.725,145.425,"0.16",0,"25.09","0.63",0,2024-06-14,"06","2024",0.16,25.09,"-14.725 145.425"
"16461458","2024-06-14T12:00:00Z",-14.775,145.475,"0.16",0,"25.240000000000002","0.72",0,2024-06-14,"06","2024",0.16,25.24,"-14.775 145.475"
"16461948","2024-06-14T12:00:00Z",-15.075,145.675,"0.0",0,"25.69","0.9",0,2024-06-14,"06","2024",0,25.69,"-15.075 145.675"
"16494558","2024-06-21T12:00:00Z",-13.875,144.025,"0.0",0,"24.69","0.26",0,2024-06-21,"06","2024",0,24.69,"-13.875 144.025"
"16494640","2024-06-21T12:00:00Z",-13.925,144.075,"0.0",0,"24.62","0.22",0,2024-06-21,"06","2024",0,24.62,"-13.925 144.075"
"16494642","2024-06-21T12:00:00Z",-13.925,144.175,"0.0",0,"24.67","0.24",0,2024-06-21,"06","2024",0,24.67,"-13.925 144.175"
"16494643","2024-06-21T12:00:00Z",-13.925,144.225,"0.0",0,"24.78","0.32",0,2024-06-21,"06","2024",0,24.78,"-13.925 144.225"
"16494728","2024-06-21T12:00:00Z",-13.975,144.425,"0.0",0,"25.17","0.6",0,2024-06-21,"06","2024",0,25.17,"-13.975 144.425"
"16494809","2024-06-21T12:00:00Z",-14.025,144.425,"0.0",0,"24.94","0.51",0,2024-06-21,"06","2024",0,24.94,"-14.025 144.425"
"16495882","2024-06-21T12:00:00Z",-14.675,145.425,"0.0",0,"25.04","0.73",0,2024-06-21,"06","2024",0,25.04,"-14.675 145.425"
"16495886","2024-06-21T12:00:00Z",-14.675,145.625,"0.0",0,"25.6","0.8200000000000001",0,2024-06-21,"06","2024",0,25.6,"-14.675 145.625"
"16495963","2024-06-21T12:00:00Z",-14.725,145.425,"0.0",0,"24.98","0.71",0,2024-06-21,"06","2024",0,24.98,"-14.725 145.425"
"16496045","2024-06-21T12:00:00Z",-14.775,145.475,"0.0",0,"25.080000000000002","0.74",0,2024-06-21,"06","2024",0,25.08,"-14.775 145.475"
"16496535","2024-06-21T12:00:00Z",-15.075,145.675,"0.0",0,"25.72","1.08",0,2024-06-21,"06","2024",0,25.72,"-15.075 145.675"
"16529145","2024-06-28T12:00:00Z",-13.875,144.025,"0.0",0,"25.35","1.1",0,2024-06-28,"06","2024",0,25.35,"-13.875 144.025"
"16529227","2024-06-28T12:00:00Z",-13.925,144.075,"0.0",0,"25.39","1.17",0,2024-06-28,"06","2024",0,25.39,"-13.925 144.075"
"16529229","2024-06-28T12:00:00Z",-13.925,144.175,"0.0",0,"25.46","1.2",0,2024-06-28,"06","2024",0,25.46,"-13.925 144.175"
"16529230","2024-06-28T12:00:00Z",-13.925,144.225,"0.0",0,"25.53","1.22",0,2024-06-28,"06","2024",0,25.53,"-13.925 144.225"
"16529315","2024-06-28T12:00:00Z",-13.975,144.425,"0.0",0,"25.78","1.35",0,2024-06-28,"06","2024",0,25.78,"-13.975 144.425"
"16529396","2024-06-28T12:00:00Z",-14.025,144.425,"0.0",0,"25.63","1.35",0,2024-06-28,"06","2024",0,25.63,"-14.025 144.425"
"16530469","2024-06-28T12:00:00Z",-14.675,145.425,"0.0",0,"25.67","1.52",0,2024-06-28,"06","2024",0,25.67,"-14.675 145.425"
"16530473","2024-06-28T12:00:00Z",-14.675,145.625,"0.0",0,"26.09","1.46",0,2024-06-28,"06","2024",0,26.09,"-14.675 145.625"
"16530550","2024-06-28T12:00:00Z",-14.725,145.425,"0.0",0,"25.6","1.5",0,2024-06-28,"06","2024",0,25.6,"-14.725 145.425"
"16530632","2024-06-28T12:00:00Z",-14.775,145.475,"0.0",0,"25.650000000000002","1.48",0,2024-06-28,"06","2024",0,25.65,"-14.775 145.475"
"16531122","2024-06-28T12:00:00Z",-15.075,145.675,"0.0",0,"26.05","1.55",0,2024-06-28,"06","2024",0,26.05,"-15.075 145.675"
"16563732","2024-07-08T12:00:00Z",-13.875,144.025,"0.0",0,"25.07","1.09",0,2024-07-08,"07","2024",0,25.07,"-13.875 144.025"
"16563814","2024-07-08T12:00:00Z",-13.925,144.075,"0.0",0,"25.04","1.08",0,2024-07-08,"07","2024",0,25.04,"-13.925 144.075"
"16563816","2024-07-08T12:00:00Z",-13.925,144.175,"0.0",0,"25.240000000000002","1.22",0,2024-07-08,"07","2024",0,25.24,"-13.925 144.175"
"16563817","2024-07-08T12:00:00Z",-13.925,144.225,"0.0",0,"25.37","1.29",0,2024-07-08,"07","2024",0,25.37,"-13.925 144.225"
"16563902","2024-07-08T12:00:00Z",-13.975,144.425,"0.0",0,"25.57","1.34",0,2024-07-08,"07","2024",0,25.57,"-13.975 144.425"
"16563983","2024-07-08T12:00:00Z",-14.025,144.425,"0.0",0,"25.46","1.3900000000000001",0,2024-07-08,"07","2024",0,25.46,"-14.025 144.425"
"16565056","2024-07-08T12:00:00Z",-14.675,145.425,"0.0",0,"25.2","1.29",0,2024-07-08,"07","2024",0,25.2,"-14.675 145.425"
"16565060","2024-07-08T12:00:00Z",-14.675,145.625,"0.0",0,"25.75","1.34",0,2024-07-08,"07","2024",0,25.75,"-14.675 145.625"
"16565137","2024-07-08T12:00:00Z",-14.725,145.425,"0.0",0,"25.17","1.3",0,2024-07-08,"07","2024",0,25.17,"-14.725 145.425"
"16565219","2024-07-08T12:00:00Z",-14.775,145.475,"0.0",0,"25.28","1.34",0,2024-07-08,"07","2024",0,25.28,"-14.775 145.475"
"16565709","2024-07-08T12:00:00Z",-15.075,145.675,"0.0",0,"25.63","1.32",0,2024-07-08,"07","2024",0,25.63,"-15.075 145.675"
"16598319","2024-07-15T12:00:00Z",-13.875,144.025,"0.0",0,"25.240000000000002","1.44",0,2024-07-15,"07","2024",0,25.24,"-13.875 144.025"
"16598401","2024-07-15T12:00:00Z",-13.925,144.075,"0.0",0,"25.18","1.4000000000000001",0,2024-07-15,"07","2024",0,25.18,"-13.925 144.075"
"16598403","2024-07-15T12:00:00Z",-13.925,144.175,"0.0",0,"25.13","1.28",0,2024-07-15,"07","2024",0,25.13,"-13.925 144.175"
"16598404","2024-07-15T12:00:00Z",-13.925,144.225,"0.0",0,"25.150000000000002","1.23",0,2024-07-15,"07","2024",0,25.15,"-13.925 144.225"
"16598489","2024-07-15T12:00:00Z",-13.975,144.425,"0.0",0,"25.3","1.21",0,2024-07-15,"07","2024",0,25.3,"-13.975 144.425"
"16598570","2024-07-15T12:00:00Z",-14.025,144.425,"0.0",0,"25.16","1.23",0,2024-07-15,"07","2024",0,25.16,"-14.025 144.425"
"16599643","2024-07-15T12:00:00Z",-14.675,145.425,"0.0",0,"25.18","1.43",0,2024-07-15,"07","2024",0,25.18,"-14.675 145.425"
"16599647","2024-07-15T12:00:00Z",-14.675,145.625,"0.0",0,"25.51","1.25",0,2024-07-15,"07","2024",0,25.51,"-14.675 145.625"
"16599724","2024-07-15T12:00:00Z",-14.725,145.425,"0.0",0,"25.14","1.44",0,2024-07-15,"07","2024",0,25.14,"-14.725 145.425"
"16599806","2024-07-15T12:00:00Z",-14.775,145.475,"0.0",0,"25.2","1.43",0,2024-07-15,"07","2024",0,25.2,"-14.775 145.475"
"16600296","2024-07-15T12:00:00Z",-15.075,145.675,"0.0",0,"25.35","1.17",0,2024-07-15,"07","2024",0,25.35,"-15.075 145.675"
"16632906","2024-07-22T12:00:00Z",-13.875,144.025,"0.0",0,"24.22","0.43",0,2024-07-22,"07","2024",0,24.22,"-13.875 144.025"
"16632988","2024-07-22T12:00:00Z",-13.925,144.075,"0.0",0,"24.2","0.44",0,2024-07-22,"07","2024",0,24.2,"-13.925 144.075"
"16632990","2024-07-22T12:00:00Z",-13.925,144.175,"0.0",0,"24.43","0.59",0,2024-07-22,"07","2024",0,24.43,"-13.925 144.175"
"16632991","2024-07-22T12:00:00Z",-13.925,144.225,"0.0",0,"24.59","0.6900000000000001",0,2024-07-22,"07","2024",0,24.59,"-13.925 144.225"
"16633076","2024-07-22T12:00:00Z",-13.975,144.425,"0.0",0,"24.900000000000002","0.8300000000000001",0,2024-07-22,"07","2024",0,24.9,"-13.975 144.425"
"16633157","2024-07-22T12:00:00Z",-14.025,144.425,"0.0",0,"24.68","0.77",0,2024-07-22,"07","2024",0,24.68,"-14.025 144.425"
"16634230","2024-07-22T12:00:00Z",-14.675,145.425,"0.0",0,"24.52","0.77",0,2024-07-22,"07","2024",0,24.52,"-14.675 145.425"
"16634234","2024-07-22T12:00:00Z",-14.675,145.625,"0.0",0,"25.07","0.85",0,2024-07-22,"07","2024",0,25.07,"-14.675 145.625"
"16634311","2024-07-22T12:00:00Z",-14.725,145.425,"0.0",0,"24.42","0.72",0,2024-07-22,"07","2024",0,24.42,"-14.725 145.425"
"16634393","2024-07-22T12:00:00Z",-14.775,145.475,"0.0",0,"24.48","0.72",0,2024-07-22,"07","2024",0,24.48,"-14.775 145.475"
"16634883","2024-07-22T12:00:00Z",-15.075,145.675,"0.0",0,"24.91","0.77",0,2024-07-22,"07","2024",0,24.91,"-15.075 145.675"
"16667493","2024-07-30T12:00:00Z",-13.875,144.025,"0.0",0,"24.330000000000002","0.56",0,2024-07-30,"07","2024",0,24.33,"-13.875 144.025"
"16667575","2024-07-30T12:00:00Z",-13.925,144.075,"0.0",0,"24.3","0.55",0,2024-07-30,"07","2024",0,24.3,"-13.925 144.075"
"16667577","2024-07-30T12:00:00Z",-13.925,144.175,"0.0",0,"24.44","0.62",0,2024-07-30,"07","2024",0,24.44,"-13.925 144.175"
"16667578","2024-07-30T12:00:00Z",-13.925,144.225,"0.0",0,"24.54","0.65",0,2024-07-30,"07","2024",0,24.54,"-13.925 144.225"
"16667663","2024-07-30T12:00:00Z",-13.975,144.425,"0.0",0,"24.79","0.74",0,2024-07-30,"07","2024",0,24.79,"-13.975 144.425"
"16667744","2024-07-30T12:00:00Z",-14.025,144.425,"0.0",0,"24.650000000000002","0.75",0,2024-07-30,"07","2024",0,24.65,"-14.025 144.425"
"16668817","2024-07-30T12:00:00Z",-14.675,145.425,"0.0",0,"24.44","0.7000000000000001",0,2024-07-30,"07","2024",0,24.44,"-14.675 145.425"
"16668821","2024-07-30T12:00:00Z",-14.675,145.625,"0.0",0,"25.01","0.8300000000000001",0,2024-07-30,"07","2024",0,25.01,"-14.675 145.625"
"16668898","2024-07-30T12:00:00Z",-14.725,145.425,"0.0",0,"24.330000000000002","0.64",0,2024-07-30,"07","2024",0,24.33,"-14.725 145.425"
"16668980","2024-07-30T12:00:00Z",-14.775,145.475,"0.0",0,"24.39","0.64",0,2024-07-30,"07","2024",0,24.39,"-14.775 145.475"
"16669470","2024-07-30T12:00:00Z",-15.075,145.675,"0.0",0,"24.87","0.78",0,2024-07-30,"07","2024",0,24.87,"-15.075 145.675"
"16702080","2024-08-06T12:00:00Z",-13.875,144.025,"0.0",0,"24.39","0.63",0,2024-08-06,"08","2024",0,24.39,"-13.875 144.025"
"16702162","2024-08-06T12:00:00Z",-13.925,144.075,"0.0",0,"24.29","0.56",0,2024-08-06,"08","2024",0,24.29,"-13.925 144.075"
"16702164","2024-08-06T12:00:00Z",-13.925,144.175,"0.0",0,"24.41","0.6",0,2024-08-06,"08","2024",0,24.41,"-13.925 144.175"
"16702165","2024-08-06T12:00:00Z",-13.925,144.225,"0.0",0,"24.5","0.63",0,2024-08-06,"08","2024",0,24.5,"-13.925 144.225"
"16702250","2024-08-06T12:00:00Z",-13.975,144.425,"0.0",0,"24.7","0.67",0,2024-08-06,"08","2024",0,24.7,"-13.975 144.425"
"16702331","2024-08-06T12:00:00Z",-14.025,144.425,"0.0",0,"24.5","0.62",0,2024-08-06,"08","2024",0,24.5,"-14.025 144.425"
"16703404","2024-08-06T12:00:00Z",-14.675,145.425,"0.0",0,"24.09","0.35000000000000003",0,2024-08-06,"08","2024",0,24.09,"-14.675 145.425"
"16703408","2024-08-06T12:00:00Z",-14.675,145.625,"0.0",0,"24.64","0.5",0,2024-08-06,"08","2024",0,24.64,"-14.675 145.625"
"16703485","2024-08-06T12:00:00Z",-14.725,145.425,"0.0",0,"24.02","0.33",0,2024-08-06,"08","2024",0,24.02,"-14.725 145.425"
"16703567","2024-08-06T12:00:00Z",-14.775,145.475,"0.0",0,"24.09","0.36",0,2024-08-06,"08","2024",0,24.09,"-14.775 145.475"
"16704057","2024-08-06T12:00:00Z",-15.075,145.675,"0.0",0,"24.400000000000002","0.35000000000000003",0,2024-08-06,"08","2024",0,24.4,"-15.075 145.675"
"16736667","2024-08-13T12:00:00Z",-13.875,144.025,"0.0",0,"24.35","0.61",0,2024-08-13,"08","2024",0,24.35,"-13.875 144.025"
"16736749","2024-08-13T12:00:00Z",-13.925,144.075,"0.0",0,"24.330000000000002","0.62",0,2024-08-13,"08","2024",0,24.33,"-13.925 144.075"
"16736751","2024-08-13T12:00:00Z",-13.925,144.175,"0.0",0,"24.28","0.49",0,2024-08-13,"08","2024",0,24.28,"-13.925 144.175"
"16736752","2024-08-13T12:00:00Z",-13.925,144.225,"0.0",0,"24.37","0.52",0,2024-08-13,"08","2024",0,24.37,"-13.925 144.225"
"16736837","2024-08-13T12:00:00Z",-13.975,144.425,"0.0",0,"24.68","0.67",0,2024-08-13,"08","2024",0,24.68,"-13.975 144.425"
"16736918","2024-08-13T12:00:00Z",-14.025,144.425,"0.0",0,"24.46","0.6",0,2024-08-13,"08","2024",0,24.46,"-14.025 144.425"
"16737991","2024-08-13T12:00:00Z",-14.675,145.425,"0.0",0,"23.79","0.06",0,2024-08-13,"08","2024",0,23.79,"-14.675 145.425"
"16737995","2024-08-13T12:00:00Z",-14.675,145.625,"0.0",0,"24.5","0.4",0,2024-08-13,"08","2024",0,24.5,"-14.675 145.625"
"16738072","2024-08-13T12:00:00Z",-14.725,145.425,"0.0",0,"23.740000000000002","0.06",0,2024-08-13,"08","2024",0,23.74,"-14.725 145.425"
"16738154","2024-08-13T12:00:00Z",-14.775,145.475,"0.0",0,"23.89","0.17",0,2024-08-13,"08","2024",0,23.89,"-14.775 145.475"
"16738644","2024-08-13T12:00:00Z",-15.075,145.675,"0.0",0,"24.490000000000002","0.49",0,2024-08-13,"08","2024",0,24.49,"-15.075 145.675"
