"","time","latitude","longitude","CRW_DHW","CRW_DHW_mask","CRW_SST","CRW_SSTANOMALY","CRW_SSTANOMALY_mask","time2","month","year","dhw","sst","gridID"
"15615","2015-05-07T12:00:00Z",-18.675,147.675,"0.5",0,"27.32","1.26",0,2015-05-07,"05","2015",0.5,27.32,"-18.675 147.675"
"15737","2015-05-07T12:00:00Z",-18.825,147.625,"0.52",0,"27.35","1.4000000000000001",0,2015-05-07,"05","2015",0.52,27.35,"-18.825 147.625"
"15778","2015-05-07T12:00:00Z",-18.875,147.625,"0.38",0,"27.34","1.43",0,2015-05-07,"05","2015",0.38,27.34,"-18.875 147.625"
"15779","2015-05-07T12:00:00Z",-18.875,147.675,"0.37",0,"27.330000000000002","1.4000000000000001",0,2015-05-07,"05","2015",0.37,27.33,"-18.875 147.675"
"15861","2015-05-07T12:00:00Z",-18.975,147.675,"0.38",0,"27.32","1.46",0,2015-05-07,"05","2015",0.38,27.32,"-18.975 147.675"
"33122","2015-05-14T12:00:00Z",-18.675,147.675,"0.5",0,"26.38","0.6",0,2015-05-14,"05","2015",0.5,26.38,"-18.675 147.675"
"33244","2015-05-14T12:00:00Z",-18.825,147.625,"0.52",0,"26.28","0.63",0,2015-05-14,"05","2015",0.52,26.28,"-18.825 147.625"
"33285","2015-05-14T12:00:00Z",-18.875,147.625,"0.38",0,"26.28","0.67",0,2015-05-14,"05","2015",0.38,26.28,"-18.875 147.625"
"33286","2015-05-14T12:00:00Z",-18.875,147.675,"0.37",0,"26.23","0.6",0,2015-05-14,"05","2015",0.37,26.23,"-18.875 147.675"
"33368","2015-05-14T12:00:00Z",-18.975,147.675,"0.38",0,"26.32","0.76",0,2015-05-14,"05","2015",0.38,26.32,"-18.975 147.675"
"50629","2015-05-21T12:00:00Z",-18.675,147.675,"0.5",0,"26.12","0.67",0,2015-05-21,"05","2015",0.5,26.12,"-18.675 147.675"
"50751","2015-05-21T12:00:00Z",-18.825,147.625,"0.52",0,"25.98","0.67",0,2015-05-21,"05","2015",0.52,25.98,"-18.825 147.625"
"50792","2015-05-21T12:00:00Z",-18.875,147.625,"0.38",0,"25.97","0.71",0,2015-05-21,"05","2015",0.38,25.97,"-18.875 147.625"
"50793","2015-05-21T12:00:00Z",-18.875,147.675,"0.37",0,"25.990000000000002","0.7000000000000001",0,2015-05-21,"05","2015",0.37,25.99,"-18.875 147.675"
"50875","2015-05-21T12:00:00Z",-18.975,147.675,"0.38",0,"25.92","0.72",0,2015-05-21,"05","2015",0.38,25.92,"-18.975 147.675"
"68136","2015-05-28T12:00:00Z",-18.675,147.675,"0.35000000000000003",0,"25.47","0.36",0,2015-05-28,"05","2015",0.35,25.47,"-18.675 147.675"
"68258","2015-05-28T12:00:00Z",-18.825,147.625,"0.37",0,"25.330000000000002","0.37",0,2015-05-28,"05","2015",0.37,25.33,"-18.825 147.625"
"68299","2015-05-28T12:00:00Z",-18.875,147.625,"0.38",0,"25.3","0.4",0,2015-05-28,"05","2015",0.38,25.3,"-18.875 147.625"
"68300","2015-05-28T12:00:00Z",-18.875,147.675,"0.37",0,"25.330000000000002","0.4",0,2015-05-28,"05","2015",0.37,25.33,"-18.875 147.675"
"68382","2015-05-28T12:00:00Z",-18.975,147.675,"0.38",0,"25.28","0.44",0,2015-05-28,"05","2015",0.38,25.28,"-18.975 147.675"
"85643","2015-06-04T12:00:00Z",-18.675,147.675,"0.0",0,"25.52","0.75",0,2015-06-04,"06","2015",0,25.52,"-18.675 147.675"
"85765","2015-06-04T12:00:00Z",-18.825,147.625,"0.0",0,"25.38","0.78",0,2015-06-04,"06","2015",0,25.38,"-18.825 147.625"
"85806","2015-06-04T12:00:00Z",-18.875,147.625,"0.0",0,"25.330000000000002","0.79",0,2015-06-04,"06","2015",0,25.33,"-18.875 147.625"
"85807","2015-06-04T12:00:00Z",-18.875,147.675,"0.0",0,"25.35","0.77",0,2015-06-04,"06","2015",0,25.35,"-18.875 147.675"
"85889","2015-06-04T12:00:00Z",-18.975,147.675,"0.0",0,"25.26","0.79",0,2015-06-04,"06","2015",0,25.26,"-18.975 147.675"
"103150","2015-06-11T12:00:00Z",-18.675,147.675,"0.0",0,"24.77","0.34",0,2015-06-11,"06","2015",0,24.77,"-18.675 147.675"
"103272","2015-06-11T12:00:00Z",-18.825,147.625,"0.0",0,"24.580000000000002","0.33",0,2015-06-11,"06","2015",0,24.58,"-18.825 147.625"
"103313","2015-06-11T12:00:00Z",-18.875,147.625,"0.0",0,"24.53","0.34",0,2015-06-11,"06","2015",0,24.53,"-18.875 147.625"
"103314","2015-06-11T12:00:00Z",-18.875,147.675,"0.0",0,"24.560000000000002","0.34",0,2015-06-11,"06","2015",0,24.56,"-18.875 147.675"
"103396","2015-06-11T12:00:00Z",-18.975,147.675,"0.0",0,"24.45","0.35000000000000003",0,2015-06-11,"06","2015",0,24.45,"-18.975 147.675"
"120657","2015-06-18T12:00:00Z",-18.675,147.675,"0.0",0,"25.19","1.03",0,2015-06-18,"06","2015",0,25.19,"-18.675 147.675"
"120779","2015-06-18T12:00:00Z",-18.825,147.625,"0.0",0,"25.0","1.03",0,2015-06-18,"06","2015",0,25,"-18.825 147.625"
"120820","2015-06-18T12:00:00Z",-18.875,147.625,"0.0",0,"24.93","1.03",0,2015-06-18,"06","2015",0,24.93,"-18.875 147.625"
"120821","2015-06-18T12:00:00Z",-18.875,147.675,"0.0",0,"24.97","1.04",0,2015-06-18,"06","2015",0,24.97,"-18.875 147.675"
"120903","2015-06-18T12:00:00Z",-18.975,147.675,"0.0",0,"24.85","1.05",0,2015-06-18,"06","2015",0,24.85,"-18.975 147.675"
"138164","2015-06-25T12:00:00Z",-18.675,147.675,"0.0",0,"24.77","0.79",0,2015-06-25,"06","2015",0,24.77,"-18.675 147.675"
"138286","2015-06-25T12:00:00Z",-18.825,147.625,"0.0",0,"24.5","0.73",0,2015-06-25,"06","2015",0,24.5,"-18.825 147.625"
"138327","2015-06-25T12:00:00Z",-18.875,147.625,"0.0",0,"24.42","0.72",0,2015-06-25,"06","2015",0,24.42,"-18.875 147.625"
"138328","2015-06-25T12:00:00Z",-18.875,147.675,"0.0",0,"24.490000000000002","0.75",0,2015-06-25,"06","2015",0,24.49,"-18.875 147.675"
"138410","2015-06-25T12:00:00Z",-18.975,147.675,"0.0",0,"24.29","0.7000000000000001",0,2015-06-25,"06","2015",0,24.29,"-18.975 147.675"
"155671","2015-07-02T12:00:00Z",-18.675,147.675,"0.0",0,"24.580000000000002","0.78",0,2015-07-02,"07","2015",0,24.58,"-18.675 147.675"
"155793","2015-07-02T12:00:00Z",-18.825,147.625,"0.0",0,"24.26","0.68",0,2015-07-02,"07","2015",0,24.26,"-18.825 147.625"
"155834","2015-07-02T12:00:00Z",-18.875,147.625,"0.0",0,"24.18","0.68",0,2015-07-02,"07","2015",0,24.18,"-18.875 147.625"
"155835","2015-07-02T12:00:00Z",-18.875,147.675,"0.0",0,"24.23","0.6900000000000001",0,2015-07-02,"07","2015",0,24.23,"-18.875 147.675"
"155917","2015-07-02T12:00:00Z",-18.975,147.675,"0.0",0,"24.07","0.6900000000000001",0,2015-07-02,"07","2015",0,24.07,"-18.975 147.675"
"173178","2015-07-09T12:00:00Z",-18.675,147.675,"0.0",0,"24.25","0.63",0,2015-07-09,"07","2015",0,24.25,"-18.675 147.675"
"173300","2015-07-09T12:00:00Z",-18.825,147.625,"0.0",0,"23.94","0.55",0,2015-07-09,"07","2015",0,23.94,"-18.825 147.625"
"173341","2015-07-09T12:00:00Z",-18.875,147.625,"0.0",0,"23.88","0.58",0,2015-07-09,"07","2015",0,23.88,"-18.875 147.625"
"173342","2015-07-09T12:00:00Z",-18.875,147.675,"0.0",0,"23.95","0.61",0,2015-07-09,"07","2015",0,23.95,"-18.875 147.675"
"173424","2015-07-09T12:00:00Z",-18.975,147.675,"0.0",0,"23.77","0.6",0,2015-07-09,"07","2015",0,23.77,"-18.975 147.675"
"190685","2015-07-16T12:00:00Z",-18.675,147.675,"0.0",0,"23.72","0.26",0,2015-07-16,"07","2015",0,23.72,"-18.675 147.675"
"190807","2015-07-16T12:00:00Z",-18.825,147.625,"0.0",0,"23.62","0.4",0,2015-07-16,"07","2015",0,23.62,"-18.825 147.625"
"190848","2015-07-16T12:00:00Z",-18.875,147.625,"0.0",0,"23.53","0.4",0,2015-07-16,"07","2015",0,23.53,"-18.875 147.625"
"190849","2015-07-16T12:00:00Z",-18.875,147.675,"0.0",0,"23.55","0.38",0,2015-07-16,"07","2015",0,23.55,"-18.875 147.675"
"190931","2015-07-16T12:00:00Z",-18.975,147.675,"0.0",0,"23.39","0.4",0,2015-07-16,"07","2015",0,23.39,"-18.975 147.675"
"208192","2015-07-23T12:00:00Z",-18.675,147.675,"0.0",0,"23.740000000000002","0.29",0,2015-07-23,"07","2015",0,23.74,"-18.675 147.675"
"208314","2015-07-23T12:00:00Z",-18.825,147.625,"0.0",0,"23.36","0.14",0,2015-07-23,"07","2015",0,23.36,"-18.825 147.625"
"208355","2015-07-23T12:00:00Z",-18.875,147.625,"0.0",0,"23.28","0.14",0,2015-07-23,"07","2015",0,23.28,"-18.875 147.625"
"208356","2015-07-23T12:00:00Z",-18.875,147.675,"0.0",0,"23.35","0.18",0,2015-07-23,"07","2015",0,23.35,"-18.875 147.675"
"208438","2015-07-23T12:00:00Z",-18.975,147.675,"0.0",0,"23.2","0.2",0,2015-07-23,"07","2015",0,23.2,"-18.975 147.675"
"225699","2015-07-30T12:00:00Z",-18.675,147.675,"0.0",0,"23.71","0.27",0,2015-07-30,"07","2015",0,23.71,"-18.675 147.675"
"225821","2015-07-30T12:00:00Z",-18.825,147.625,"0.0",0,"23.51","0.29",0,2015-07-30,"07","2015",0,23.51,"-18.825 147.625"
"225862","2015-07-30T12:00:00Z",-18.875,147.625,"0.0",0,"23.46","0.31",0,2015-07-30,"07","2015",0,23.46,"-18.875 147.625"
"225863","2015-07-30T12:00:00Z",-18.875,147.675,"0.0",0,"23.5","0.33",0,2015-07-30,"07","2015",0,23.5,"-18.875 147.675"
"225945","2015-07-30T12:00:00Z",-18.975,147.675,"0.0",0,"23.43","0.42",0,2015-07-30,"07","2015",0,23.43,"-18.975 147.675"
"243206","2015-08-06T12:00:00Z",-18.675,147.675,"0.0",0,"24.01","0.58",0,2015-08-06,"08","2015",0,24.01,"-18.675 147.675"
"243328","2015-08-06T12:00:00Z",-18.825,147.625,"0.0",0,"23.76","0.53",0,2015-08-06,"08","2015",0,23.76,"-18.825 147.625"
"243369","2015-08-06T12:00:00Z",-18.875,147.625,"0.0",0,"23.71","0.55",0,2015-08-06,"08","2015",0,23.71,"-18.875 147.625"
"243370","2015-08-06T12:00:00Z",-18.875,147.675,"0.0",0,"23.740000000000002","0.5700000000000001",0,2015-08-06,"08","2015",0,23.74,"-18.875 147.675"
"243452","2015-08-06T12:00:00Z",-18.975,147.675,"0.0",0,"23.64","0.61",0,2015-08-06,"08","2015",0,23.64,"-18.975 147.675"
"260713","2015-08-13T12:00:00Z",-18.675,147.675,"0.0",0,"24.07","0.65",0,2015-08-13,"08","2015",0,24.07,"-18.675 147.675"
"260835","2015-08-13T12:00:00Z",-18.825,147.625,"0.0",0,"23.89","0.66",0,2015-08-13,"08","2015",0,23.89,"-18.825 147.625"
"260876","2015-08-13T12:00:00Z",-18.875,147.625,"0.0",0,"23.87","0.7000000000000001",0,2015-08-13,"08","2015",0,23.87,"-18.875 147.625"
"260877","2015-08-13T12:00:00Z",-18.875,147.675,"0.0",0,"23.87","0.7000000000000001",0,2015-08-13,"08","2015",0,23.87,"-18.875 147.675"
"260959","2015-08-13T12:00:00Z",-18.975,147.675,"0.0",0,"23.85","0.81",0,2015-08-13,"08","2015",0,23.85,"-18.975 147.675"
"278220","2015-08-20T12:00:00Z",-18.675,147.675,"0.0",0,"23.64","0.11",0,2015-08-20,"08","2015",0,23.64,"-18.675 147.675"
"278342","2015-08-20T12:00:00Z",-18.825,147.625,"0.0",0,"23.59","0.24",0,2015-08-20,"08","2015",0,23.59,"-18.825 147.625"
"278383","2015-08-20T12:00:00Z",-18.875,147.625,"0.0",0,"23.53","0.24",0,2015-08-20,"08","2015",0,23.53,"-18.875 147.625"
"278384","2015-08-20T12:00:00Z",-18.875,147.675,"0.0",0,"23.580000000000002","0.29",0,2015-08-20,"08","2015",0,23.58,"-18.875 147.675"
"278466","2015-08-20T12:00:00Z",-18.975,147.675,"0.0",0,"23.45","0.28",0,2015-08-20,"08","2015",0,23.45,"-18.975 147.675"
"295727","2015-08-27T12:00:00Z",-18.675,147.675,"0.0",0,"24.330000000000002","0.65",0,2015-08-27,"08","2015",0,24.33,"-18.675 147.675"
"295849","2015-08-27T12:00:00Z",-18.825,147.625,"0.0",0,"24.240000000000002","0.72",0,2015-08-27,"08","2015",0,24.24,"-18.825 147.625"
"295890","2015-08-27T12:00:00Z",-18.875,147.625,"0.0",0,"24.21","0.75",0,2015-08-27,"08","2015",0,24.21,"-18.875 147.625"
"295891","2015-08-27T12:00:00Z",-18.875,147.675,"0.0",0,"24.17","0.71",0,2015-08-27,"08","2015",0,24.17,"-18.875 147.675"
"295973","2015-08-27T12:00:00Z",-18.975,147.675,"0.0",0,"24.12","0.77",0,2015-08-27,"08","2015",0,24.12,"-18.975 147.675"
"313234","2015-09-03T12:00:00Z",-18.675,147.675,"0.0",0,"24.900000000000002","1.08",0,2015-09-03,"09","2015",0,24.9,"-18.675 147.675"
"313356","2015-09-03T12:00:00Z",-18.825,147.625,"0.0",0,"24.79","1.1",0,2015-09-03,"09","2015",0,24.79,"-18.825 147.625"
"313397","2015-09-03T12:00:00Z",-18.875,147.625,"0.0",0,"24.77","1.1300000000000001",0,2015-09-03,"09","2015",0,24.77,"-18.875 147.625"
"313398","2015-09-03T12:00:00Z",-18.875,147.675,"0.0",0,"24.740000000000002","1.11",0,2015-09-03,"09","2015",0,24.74,"-18.875 147.675"
"313480","2015-09-03T12:00:00Z",-18.975,147.675,"0.0",0,"24.68","1.1400000000000001",0,2015-09-03,"09","2015",0,24.68,"-18.975 147.675"
"330741","2015-09-10T12:00:00Z",-18.675,147.675,"0.0",0,"24.61","0.64",0,2015-09-10,"09","2015",0,24.61,"-18.675 147.675"
"330863","2015-09-10T12:00:00Z",-18.825,147.625,"0.0",0,"24.45","0.59",0,2015-09-10,"09","2015",0,24.45,"-18.825 147.625"
"330904","2015-09-10T12:00:00Z",-18.875,147.625,"0.0",0,"24.400000000000002","0.59",0,2015-09-10,"09","2015",0,24.4,"-18.875 147.625"
"330905","2015-09-10T12:00:00Z",-18.875,147.675,"0.0",0,"24.39","0.59",0,2015-09-10,"09","2015",0,24.39,"-18.875 147.675"
"330987","2015-09-10T12:00:00Z",-18.975,147.675,"0.0",0,"24.35","0.63",0,2015-09-10,"09","2015",0,24.35,"-18.975 147.675"
"348248","2015-09-17T12:00:00Z",-18.675,147.675,"0.0",0,"24.830000000000002","0.67",0,2015-09-17,"09","2015",0,24.83,"-18.675 147.675"
"348370","2015-09-17T12:00:00Z",-18.825,147.625,"0.0",0,"24.68","0.61",0,2015-09-17,"09","2015",0,24.68,"-18.825 147.625"
"348411","2015-09-17T12:00:00Z",-18.875,147.625,"0.0",0,"24.63","0.61",0,2015-09-17,"09","2015",0,24.63,"-18.875 147.625"
"348412","2015-09-17T12:00:00Z",-18.875,147.675,"0.0",0,"24.68","0.67",0,2015-09-17,"09","2015",0,24.68,"-18.875 147.675"
"348494","2015-09-17T12:00:00Z",-18.975,147.675,"0.0",0,"24.560000000000002","0.62",0,2015-09-17,"09","2015",0,24.56,"-18.975 147.675"
"365755","2015-09-24T12:00:00Z",-18.675,147.675,"0.0",0,"24.810000000000002","0.36",0,2015-09-24,"09","2015",0,24.81,"-18.675 147.675"
"365877","2015-09-24T12:00:00Z",-18.825,147.625,"0.0",0,"24.73","0.37",0,2015-09-24,"09","2015",0,24.73,"-18.825 147.625"
"365918","2015-09-24T12:00:00Z",-18.875,147.625,"0.0",0,"24.69","0.36",0,2015-09-24,"09","2015",0,24.69,"-18.875 147.625"
"365919","2015-09-24T12:00:00Z",-18.875,147.675,"0.0",0,"24.66","0.34",0,2015-09-24,"09","2015",0,24.66,"-18.875 147.675"
"366001","2015-09-24T12:00:00Z",-18.975,147.675,"0.0",0,"24.59","0.33",0,2015-09-24,"09","2015",0,24.59,"-18.975 147.675"
"383262","2015-10-01T12:00:00Z",-18.675,147.675,"0.0",0,"24.740000000000002","0.01",0,2015-10-01,"10","2015",0,24.74,"-18.675 147.675"
"383384","2015-10-01T12:00:00Z",-18.825,147.625,"0.0",0,"24.79","0.13",0,2015-10-01,"10","2015",0,24.79,"-18.825 147.625"
"383425","2015-10-01T12:00:00Z",-18.875,147.625,"0.0",0,"24.79","0.16",0,2015-10-01,"10","2015",0,24.79,"-18.875 147.625"
"383426","2015-10-01T12:00:00Z",-18.875,147.675,"0.0",0,"24.77","0.14",0,2015-10-01,"10","2015",0,24.77,"-18.875 147.675"
"383508","2015-10-01T12:00:00Z",-18.975,147.675,"0.0",0,"24.72","0.14",0,2015-10-01,"10","2015",0,24.72,"-18.975 147.675"
"400769","2015-10-08T12:00:00Z",-18.675,147.675,"0.0",0,"24.8","-0.22",0,2015-10-08,"10","2015",0,24.8,"-18.675 147.675"
"400891","2015-10-08T12:00:00Z",-18.825,147.625,"0.0",0,"24.63","-0.33",0,2015-10-08,"10","2015",0,24.63,"-18.825 147.625"
"400932","2015-10-08T12:00:00Z",-18.875,147.625,"0.0",0,"24.6","-0.34",0,2015-10-08,"10","2015",0,24.6,"-18.875 147.625"
"400933","2015-10-08T12:00:00Z",-18.875,147.675,"0.0",0,"24.64","-0.3",0,2015-10-08,"10","2015",0,24.64,"-18.875 147.675"
"401015","2015-10-08T12:00:00Z",-18.975,147.675,"0.0",0,"24.580000000000002","-0.32",0,2015-10-08,"10","2015",0,24.58,"-18.975 147.675"
"418276","2015-10-15T12:00:00Z",-18.675,147.675,"0.0",0,"24.7","-0.6",0,2015-10-15,"10","2015",0,24.7,"-18.675 147.675"
"418398","2015-10-15T12:00:00Z",-18.825,147.625,"0.0",0,"24.650000000000002","-0.61",0,2015-10-15,"10","2015",0,24.65,"-18.825 147.625"
"418439","2015-10-15T12:00:00Z",-18.875,147.625,"0.0",0,"24.63","-0.62",0,2015-10-15,"10","2015",0,24.63,"-18.875 147.625"
"418440","2015-10-15T12:00:00Z",-18.875,147.675,"0.0",0,"24.63","-0.62",0,2015-10-15,"10","2015",0,24.63,"-18.875 147.675"
"418522","2015-10-15T12:00:00Z",-18.975,147.675,"0.0",0,"24.57","-0.65",0,2015-10-15,"10","2015",0,24.57,"-18.975 147.675"
"435783","2015-10-22T12:00:00Z",-18.675,147.675,"0.0",0,"25.25","-0.36",0,2015-10-22,"10","2015",0,25.25,"-18.675 147.675"
"435905","2015-10-22T12:00:00Z",-18.825,147.625,"0.0",0,"25.18","-0.4",0,2015-10-22,"10","2015",0,25.18,"-18.825 147.625"
"435946","2015-10-22T12:00:00Z",-18.875,147.625,"0.0",0,"25.16","-0.42",0,2015-10-22,"10","2015",0,25.16,"-18.875 147.625"
"435947","2015-10-22T12:00:00Z",-18.875,147.675,"0.0",0,"25.150000000000002","-0.42",0,2015-10-22,"10","2015",0,25.15,"-18.875 147.675"
"436029","2015-10-22T12:00:00Z",-18.975,147.675,"0.0",0,"25.1","-0.46",0,2015-10-22,"10","2015",0,25.1,"-18.975 147.675"
"453290","2015-10-29T12:00:00Z",-18.675,147.675,"0.0",0,"25.59","-0.32",0,2015-10-29,"10","2015",0,25.59,"-18.675 147.675"
"453412","2015-10-29T12:00:00Z",-18.825,147.625,"0.0",0,"25.51","-0.39",0,2015-10-29,"10","2015",0,25.51,"-18.825 147.625"
"453453","2015-10-29T12:00:00Z",-18.875,147.625,"0.0",0,"25.46","-0.44",0,2015-10-29,"10","2015",0,25.46,"-18.875 147.625"
"453454","2015-10-29T12:00:00Z",-18.875,147.675,"0.0",0,"25.42","-0.48",0,2015-10-29,"10","2015",0,25.42,"-18.875 147.675"
"453536","2015-10-29T12:00:00Z",-18.975,147.675,"0.0",0,"25.34","-0.56",0,2015-10-29,"10","2015",0,25.34,"-18.975 147.675"
"470797","2015-11-05T12:00:00Z",-18.675,147.675,"0.0",0,"25.93","-0.29",0,2015-11-05,"11","2015",0,25.93,"-18.675 147.675"
"470919","2015-11-05T12:00:00Z",-18.825,147.625,"0.0",0,"25.95","-0.27",0,2015-11-05,"11","2015",0,25.95,"-18.825 147.625"
"470960","2015-11-05T12:00:00Z",-18.875,147.625,"0.0",0,"25.97","-0.26",0,2015-11-05,"11","2015",0,25.97,"-18.875 147.625"
"470961","2015-11-05T12:00:00Z",-18.875,147.675,"0.0",0,"25.93","-0.29",0,2015-11-05,"11","2015",0,25.93,"-18.875 147.675"
"471043","2015-11-05T12:00:00Z",-18.975,147.675,"0.0",0,"25.97","-0.27",0,2015-11-05,"11","2015",0,25.97,"-18.975 147.675"
"488304","2015-11-12T12:00:00Z",-18.675,147.675,"0.0",0,"26.560000000000002","0.03",0,2015-11-12,"11","2015",0,26.56,"-18.675 147.675"
"488426","2015-11-12T12:00:00Z",-18.825,147.625,"0.0",0,"26.57","0.03",0,2015-11-12,"11","2015",0,26.57,"-18.825 147.625"
"488467","2015-11-12T12:00:00Z",-18.875,147.625,"0.0",0,"26.61","0.05",0,2015-11-12,"11","2015",0,26.61,"-18.875 147.625"
"488468","2015-11-12T12:00:00Z",-18.875,147.675,"0.0",0,"26.560000000000002","0.02",0,2015-11-12,"11","2015",0,26.56,"-18.875 147.675"
"488550","2015-11-12T12:00:00Z",-18.975,147.675,"0.0",0,"26.650000000000002","0.08",0,2015-11-12,"11","2015",0,26.65,"-18.975 147.675"
"505811","2015-11-19T12:00:00Z",-18.675,147.675,"0.0",0,"26.6","-0.18",0,2015-11-19,"11","2015",0,26.6,"-18.675 147.675"
"505933","2015-11-19T12:00:00Z",-18.825,147.625,"0.0",0,"26.71","-0.09",0,2015-11-19,"11","2015",0,26.71,"-18.825 147.625"
"505974","2015-11-19T12:00:00Z",-18.875,147.625,"0.0",0,"26.740000000000002","-0.08",0,2015-11-19,"11","2015",0,26.74,"-18.875 147.625"
"505975","2015-11-19T12:00:00Z",-18.875,147.675,"0.0",0,"26.64","-0.16",0,2015-11-19,"11","2015",0,26.64,"-18.875 147.675"
"506057","2015-11-19T12:00:00Z",-18.975,147.675,"0.0",0,"26.73","-0.1",0,2015-11-19,"11","2015",0,26.73,"-18.975 147.675"
"523318","2015-11-26T12:00:00Z",-18.675,147.675,"0.0",0,"27.25","0.26",0,2015-11-26,"11","2015",0,27.25,"-18.675 147.675"
"523440","2015-11-26T12:00:00Z",-18.825,147.625,"0.0",0,"27.330000000000002","0.32",0,2015-11-26,"11","2015",0,27.33,"-18.825 147.625"
"523481","2015-11-26T12:00:00Z",-18.875,147.625,"0.0",0,"27.36","0.34",0,2015-11-26,"11","2015",0,27.36,"-18.875 147.625"
"523482","2015-11-26T12:00:00Z",-18.875,147.675,"0.0",0,"27.3","0.29",0,2015-11-26,"11","2015",0,27.3,"-18.875 147.675"
"523564","2015-11-26T12:00:00Z",-18.975,147.675,"0.0",0,"27.32","0.28",0,2015-11-26,"11","2015",0,27.32,"-18.975 147.675"
"540825","2015-12-03T12:00:00Z",-18.675,147.675,"0.0",0,"27.47","0.27",0,2015-12-03,"12","2015",0,27.47,"-18.675 147.675"
"540947","2015-12-03T12:00:00Z",-18.825,147.625,"0.0",0,"27.47","0.26",0,2015-12-03,"12","2015",0,27.47,"-18.825 147.625"
"540988","2015-12-03T12:00:00Z",-18.875,147.625,"0.0",0,"27.52","0.29",0,2015-12-03,"12","2015",0,27.52,"-18.875 147.625"
"540989","2015-12-03T12:00:00Z",-18.875,147.675,"0.0",0,"27.54","0.33",0,2015-12-03,"12","2015",0,27.54,"-18.875 147.675"
"541071","2015-12-03T12:00:00Z",-18.975,147.675,"0.0",0,"27.63","0.39",0,2015-12-03,"12","2015",0,27.63,"-18.975 147.675"
"558332","2015-12-10T12:00:00Z",-18.675,147.675,"0.0",0,"27.97","0.56",0,2015-12-10,"12","2015",0,27.97,"-18.675 147.675"
"558454","2015-12-10T12:00:00Z",-18.825,147.625,"0.0",0,"28.02","0.6",0,2015-12-10,"12","2015",0,28.02,"-18.825 147.625"
"558495","2015-12-10T12:00:00Z",-18.875,147.625,"0.0",0,"28.04","0.61",0,2015-12-10,"12","2015",0,28.04,"-18.875 147.625"
"558496","2015-12-10T12:00:00Z",-18.875,147.675,"0.0",0,"27.990000000000002","0.5700000000000001",0,2015-12-10,"12","2015",0,27.99,"-18.875 147.675"
"558578","2015-12-10T12:00:00Z",-18.975,147.675,"0.0",0,"28.03","0.59",0,2015-12-10,"12","2015",0,28.03,"-18.975 147.675"
"575839","2015-12-17T12:00:00Z",-18.675,147.675,"0.0",0,"28.0","0.4",0,2015-12-17,"12","2015",0,28,"-18.675 147.675"
"575961","2015-12-17T12:00:00Z",-18.825,147.625,"0.0",0,"27.93","0.31",0,2015-12-17,"12","2015",0,27.93,"-18.825 147.625"
"576002","2015-12-17T12:00:00Z",-18.875,147.625,"0.0",0,"27.93","0.3",0,2015-12-17,"12","2015",0,27.93,"-18.875 147.625"
"576003","2015-12-17T12:00:00Z",-18.875,147.675,"0.0",0,"27.900000000000002","0.28",0,2015-12-17,"12","2015",0,27.9,"-18.875 147.675"
"576085","2015-12-17T12:00:00Z",-18.975,147.675,"0.0",0,"27.89","0.26",0,2015-12-17,"12","2015",0,27.89,"-18.975 147.675"
"593346","2015-12-24T12:00:00Z",-18.675,147.675,"0.0",0,"28.16","0.4",0,2015-12-24,"12","2015",0,28.16,"-18.675 147.675"
"593468","2015-12-24T12:00:00Z",-18.825,147.625,"0.0",0,"28.07","0.3",0,2015-12-24,"12","2015",0,28.07,"-18.825 147.625"
"593509","2015-12-24T12:00:00Z",-18.875,147.625,"0.0",0,"28.03","0.25",0,2015-12-24,"12","2015",0,28.03,"-18.875 147.625"
"593510","2015-12-24T12:00:00Z",-18.875,147.675,"0.0",0,"28.02","0.25",0,2015-12-24,"12","2015",0,28.02,"-18.875 147.675"
"593592","2015-12-24T12:00:00Z",-18.975,147.675,"0.0",0,"27.97","0.19",0,2015-12-24,"12","2015",0,27.97,"-18.975 147.675"
"610853","2015-12-31T12:00:00Z",-18.675,147.675,"0.0",0,"28.3","0.38",0,2015-12-31,"12","2015",0,28.3,"-18.675 147.675"
"610975","2015-12-31T12:00:00Z",-18.825,147.625,"0.0",0,"28.17","0.24",0,2015-12-31,"12","2015",0,28.17,"-18.825 147.625"
"611016","2015-12-31T12:00:00Z",-18.875,147.625,"0.0",0,"28.13","0.19",0,2015-12-31,"12","2015",0,28.13,"-18.875 147.625"
"611017","2015-12-31T12:00:00Z",-18.875,147.675,"0.0",0,"28.17","0.24",0,2015-12-31,"12","2015",0,28.17,"-18.875 147.675"
"611099","2015-12-31T12:00:00Z",-18.975,147.675,"0.0",0,"28.11","0.17",0,2015-12-31,"12","2015",0,28.11,"-18.975 147.675"
"628360","2016-01-07T12:00:00Z",-18.675,147.675,"0.0",0,"28.57","0.5",0,2016-01-07,"01","2016",0,28.57,"-18.675 147.675"
"628482","2016-01-07T12:00:00Z",-18.825,147.625,"0.0",0,"28.54","0.45",0,2016-01-07,"01","2016",0,28.54,"-18.825 147.625"
"628523","2016-01-07T12:00:00Z",-18.875,147.625,"0.0",0,"28.55","0.45",0,2016-01-07,"01","2016",0,28.55,"-18.875 147.625"
"628524","2016-01-07T12:00:00Z",-18.875,147.675,"0.0",0,"28.55","0.46",0,2016-01-07,"01","2016",0,28.55,"-18.875 147.675"
"628606","2016-01-07T12:00:00Z",-18.975,147.675,"0.0",0,"28.57","0.47000000000000003",0,2016-01-07,"01","2016",0,28.57,"-18.975 147.675"
"645867","2016-01-14T12:00:00Z",-18.675,147.675,"0.0",0,"28.68","0.45",0,2016-01-14,"01","2016",0,28.68,"-18.675 147.675"
"645989","2016-01-14T12:00:00Z",-18.825,147.625,"0.0",0,"28.650000000000002","0.4",0,2016-01-14,"01","2016",0,28.65,"-18.825 147.625"
"646030","2016-01-14T12:00:00Z",-18.875,147.625,"0.0",0,"28.67","0.41000000000000003",0,2016-01-14,"01","2016",0,28.67,"-18.875 147.625"
"646031","2016-01-14T12:00:00Z",-18.875,147.675,"0.0",0,"28.64","0.39",0,2016-01-14,"01","2016",0,28.64,"-18.875 147.675"
"646113","2016-01-14T12:00:00Z",-18.975,147.675,"0.0",0,"28.69","0.43",0,2016-01-14,"01","2016",0,28.69,"-18.975 147.675"
"663374","2016-01-21T12:00:00Z",-18.675,147.675,"0.0",0,"28.67","0.4",0,2016-01-21,"01","2016",0,28.67,"-18.675 147.675"
"663496","2016-01-21T12:00:00Z",-18.825,147.625,"0.0",0,"28.560000000000002","0.27",0,2016-01-21,"01","2016",0,28.56,"-18.825 147.625"
"663537","2016-01-21T12:00:00Z",-18.875,147.625,"0.0",0,"28.55","0.25",0,2016-01-21,"01","2016",0,28.55,"-18.875 147.625"
"663538","2016-01-21T12:00:00Z",-18.875,147.675,"0.0",0,"28.51","0.22",0,2016-01-21,"01","2016",0,28.51,"-18.875 147.675"
"663620","2016-01-21T12:00:00Z",-18.975,147.675,"0.0",0,"28.52","0.22",0,2016-01-21,"01","2016",0,28.52,"-18.975 147.675"
"680881","2016-01-28T12:00:00Z",-18.675,147.675,"0.0",0,"29.28","0.98",0,2016-01-28,"01","2016",0,29.28,"-18.675 147.675"
"681003","2016-01-28T12:00:00Z",-18.825,147.625,"0.0",0,"29.080000000000002","0.76",0,2016-01-28,"01","2016",0,29.08,"-18.825 147.625"
"681044","2016-01-28T12:00:00Z",-18.875,147.625,"0.0",0,"29.060000000000002","0.73",0,2016-01-28,"01","2016",0,29.06,"-18.875 147.625"
"681045","2016-01-28T12:00:00Z",-18.875,147.675,"0.0",0,"29.04","0.72",0,2016-01-28,"01","2016",0,29.04,"-18.875 147.675"
"681127","2016-01-28T12:00:00Z",-18.975,147.675,"0.0",0,"29.0","0.67",0,2016-01-28,"01","2016",0,29,"-18.975 147.675"
"698388","2016-02-04T12:00:00Z",-18.675,147.675,"0.31",0,"29.48","1.1500000000000001",0,2016-02-04,"02","2016",0.31,29.48,"-18.675 147.675"
"698510","2016-02-04T12:00:00Z",-18.825,147.625,"0.0",0,"29.37","1.02",0,2016-02-04,"02","2016",0,29.37,"-18.825 147.625"
"698551","2016-02-04T12:00:00Z",-18.875,147.625,"0.0",0,"29.34","0.98",0,2016-02-04,"02","2016",0,29.34,"-18.875 147.625"
"698552","2016-02-04T12:00:00Z",-18.875,147.675,"0.0",0,"29.330000000000002","0.98",0,2016-02-04,"02","2016",0,29.33,"-18.875 147.675"
"698634","2016-02-04T12:00:00Z",-18.975,147.675,"0.0",0,"29.27","0.91",0,2016-02-04,"02","2016",0,29.27,"-18.975 147.675"
"715895","2016-02-11T12:00:00Z",-18.675,147.675,"0.79",0,"28.92","0.5700000000000001",0,2016-02-11,"02","2016",0.79,28.92,"-18.675 147.675"
"716017","2016-02-11T12:00:00Z",-18.825,147.625,"0.46",0,"28.830000000000002","0.46",0,2016-02-11,"02","2016",0.46,28.83,"-18.825 147.625"
"716058","2016-02-11T12:00:00Z",-18.875,147.625,"0.45",0,"28.830000000000002","0.45",0,2016-02-11,"02","2016",0.45,28.83,"-18.875 147.625"
"716059","2016-02-11T12:00:00Z",-18.875,147.675,"0.45",0,"28.830000000000002","0.46",0,2016-02-11,"02","2016",0.45,28.83,"-18.875 147.675"
"716141","2016-02-11T12:00:00Z",-18.975,147.675,"0.44",0,"28.85","0.47000000000000003",0,2016-02-11,"02","2016",0.44,28.85,"-18.975 147.675"
"733402","2016-02-18T12:00:00Z",-18.675,147.675,"1.2",0,"29.57","1.25",0,2016-02-18,"02","2016",1.2,29.57,"-18.675 147.675"
"733524","2016-02-18T12:00:00Z",-18.825,147.625,"0.86",0,"29.560000000000002","1.23",0,2016-02-18,"02","2016",0.86,29.56,"-18.825 147.625"
"733565","2016-02-18T12:00:00Z",-18.875,147.625,"0.86",0,"29.580000000000002","1.24",0,2016-02-18,"02","2016",0.86,29.58,"-18.875 147.625"
"733566","2016-02-18T12:00:00Z",-18.875,147.675,"0.85",0,"29.54","1.21",0,2016-02-18,"02","2016",0.85,29.54,"-18.875 147.675"
"733648","2016-02-18T12:00:00Z",-18.975,147.675,"0.86",0,"29.59","1.25",0,2016-02-18,"02","2016",0.86,29.59,"-18.975 147.675"
"750909","2016-02-25T12:00:00Z",-18.675,147.675,"2.0100000000000002",0,"29.46","1.26",0,2016-02-25,"02","2016",2.01,29.46,"-18.675 147.675"
"751031","2016-02-25T12:00:00Z",-18.825,147.625,"1.22",0,"29.19","0.99",0,2016-02-25,"02","2016",1.22,29.19,"-18.825 147.625"
"751072","2016-02-25T12:00:00Z",-18.875,147.625,"1.22",0,"29.14","0.9400000000000001",0,2016-02-25,"02","2016",1.22,29.14,"-18.875 147.625"
"751073","2016-02-25T12:00:00Z",-18.875,147.675,"1.2",0,"29.19","1.0",0,2016-02-25,"02","2016",1.2,29.19,"-18.875 147.675"
"751155","2016-02-25T12:00:00Z",-18.975,147.675,"1.22",0,"29.12","0.93",0,2016-02-25,"02","2016",1.22,29.12,"-18.975 147.675"
"768416","2016-03-03T12:00:00Z",-18.675,147.675,"3.42",0,"29.57","1.48",0,2016-03-03,"03","2016",3.42,29.57,"-18.675 147.675"
"768538","2016-03-03T12:00:00Z",-18.825,147.625,"2.3000000000000003",0,"29.38","1.31",0,2016-03-03,"03","2016",2.3,29.38,"-18.825 147.625"
"768579","2016-03-03T12:00:00Z",-18.875,147.625,"2.12",0,"29.36","1.3",0,2016-03-03,"03","2016",2.12,29.36,"-18.875 147.625"
"768580","2016-03-03T12:00:00Z",-18.875,147.675,"2.42",0,"29.400000000000002","1.35",0,2016-03-03,"03","2016",2.42,29.4,"-18.875 147.675"
"768662","2016-03-03T12:00:00Z",-18.975,147.675,"2.1",0,"29.34","1.3",0,2016-03-03,"03","2016",2.1,29.34,"-18.975 147.675"
"785923","2016-03-10T12:00:00Z",-18.675,147.675,"3.42",0,"28.86","0.89",0,2016-03-10,"03","2016",3.42,28.86,"-18.675 147.675"
"786045","2016-03-10T12:00:00Z",-18.825,147.625,"2.3000000000000003",0,"28.78","0.85",0,2016-03-10,"03","2016",2.3,28.78,"-18.825 147.625"
"786086","2016-03-10T12:00:00Z",-18.875,147.625,"2.12",0,"28.8","0.88",0,2016-03-10,"03","2016",2.12,28.8,"-18.875 147.625"
"786087","2016-03-10T12:00:00Z",-18.875,147.675,"2.42",0,"28.82","0.91",0,2016-03-10,"03","2016",2.42,28.82,"-18.875 147.675"
"786169","2016-03-10T12:00:00Z",-18.975,147.675,"2.1",0,"28.830000000000002","0.9400000000000001",0,2016-03-10,"03","2016",2.1,28.83,"-18.975 147.675"
"803430","2016-03-17T12:00:00Z",-18.675,147.675,"3.42",0,"29.29","1.46",0,2016-03-17,"03","2016",3.42,29.29,"-18.675 147.675"
"803552","2016-03-17T12:00:00Z",-18.825,147.625,"2.3000000000000003",0,"29.150000000000002","1.37",0,2016-03-17,"03","2016",2.3,29.15,"-18.825 147.625"
"803593","2016-03-17T12:00:00Z",-18.875,147.625,"2.12",0,"29.09","1.33",0,2016-03-17,"03","2016",2.12,29.09,"-18.875 147.625"
"803594","2016-03-17T12:00:00Z",-18.875,147.675,"2.42",0,"29.080000000000002","1.33",0,2016-03-17,"03","2016",2.42,29.08,"-18.875 147.675"
"803676","2016-03-17T12:00:00Z",-18.975,147.675,"2.1",0,"28.98","1.26",0,2016-03-17,"03","2016",2.1,28.98,"-18.975 147.675"
"820937","2016-03-24T12:00:00Z",-18.675,147.675,"3.73",0,"29.36","1.74",0,2016-03-24,"03","2016",3.73,29.36,"-18.675 147.675"
"821059","2016-03-24T12:00:00Z",-18.825,147.625,"2.3000000000000003",0,"29.18","1.62",0,2016-03-24,"03","2016",2.3,29.18,"-18.825 147.625"
"821100","2016-03-24T12:00:00Z",-18.875,147.625,"2.12",0,"29.14","1.6",0,2016-03-24,"03","2016",2.12,29.14,"-18.875 147.625"
"821101","2016-03-24T12:00:00Z",-18.875,147.675,"2.42",0,"29.16","1.6300000000000001",0,2016-03-24,"03","2016",2.42,29.16,"-18.875 147.675"
"821183","2016-03-24T12:00:00Z",-18.975,147.675,"2.1",0,"29.14","1.6400000000000001",0,2016-03-24,"03","2016",2.1,29.14,"-18.975 147.675"
"838444","2016-03-31T12:00:00Z",-18.675,147.675,"3.73",0,"29.17","1.77",0,2016-03-31,"03","2016",3.73,29.17,"-18.675 147.675"
"838566","2016-03-31T12:00:00Z",-18.825,147.625,"2.3000000000000003",0,"29.080000000000002","1.74",0,2016-03-31,"03","2016",2.3,29.08,"-18.825 147.625"
"838607","2016-03-31T12:00:00Z",-18.875,147.625,"2.12",0,"29.05","1.73",0,2016-03-31,"03","2016",2.12,29.05,"-18.875 147.625"
"838608","2016-03-31T12:00:00Z",-18.875,147.675,"2.42",0,"29.03","1.71",0,2016-03-31,"03","2016",2.42,29.03,"-18.875 147.675"
"838690","2016-03-31T12:00:00Z",-18.975,147.675,"2.1",0,"29.01","1.73",0,2016-03-31,"03","2016",2.1,29.01,"-18.975 147.675"
"855951","2016-04-07T12:00:00Z",-18.675,147.675,"3.73",0,"28.59","1.4000000000000001",0,2016-04-07,"04","2016",3.73,28.59,"-18.675 147.675"
"856073","2016-04-07T12:00:00Z",-18.825,147.625,"2.3000000000000003",0,"28.560000000000002","1.43",0,2016-04-07,"04","2016",2.3,28.56,"-18.825 147.625"
"856114","2016-04-07T12:00:00Z",-18.875,147.625,"2.12",0,"28.54","1.44",0,2016-04-07,"04","2016",2.12,28.54,"-18.875 147.625"
"856115","2016-04-07T12:00:00Z",-18.875,147.675,"2.42",0,"28.53","1.42",0,2016-04-07,"04","2016",2.42,28.53,"-18.875 147.675"
"856197","2016-04-07T12:00:00Z",-18.975,147.675,"2.1",0,"28.5","1.44",0,2016-04-07,"04","2016",2.1,28.5,"-18.975 147.675"
"873458","2016-04-14T12:00:00Z",-18.675,147.675,"3.73",0,"28.05","1.07",0,2016-04-14,"04","2016",3.73,28.05,"-18.675 147.675"
"873580","2016-04-14T12:00:00Z",-18.825,147.625,"2.3000000000000003",0,"27.990000000000002","1.08",0,2016-04-14,"04","2016",2.3,27.99,"-18.825 147.625"
"873621","2016-04-14T12:00:00Z",-18.875,147.625,"2.12",0,"27.97","1.09",0,2016-04-14,"04","2016",2.12,27.97,"-18.875 147.625"
"873622","2016-04-14T12:00:00Z",-18.875,147.675,"2.42",0,"27.990000000000002","1.1",0,2016-04-14,"04","2016",2.42,27.99,"-18.875 147.675"
"873704","2016-04-14T12:00:00Z",-18.975,147.675,"2.1",0,"27.96","1.12",0,2016-04-14,"04","2016",2.1,27.96,"-18.975 147.675"
"890965","2016-04-21T12:00:00Z",-18.675,147.675,"3.73",0,"27.84","1.1300000000000001",0,2016-04-21,"04","2016",3.73,27.84,"-18.675 147.675"
"891087","2016-04-21T12:00:00Z",-18.825,147.625,"2.3000000000000003",0,"27.73","1.1",0,2016-04-21,"04","2016",2.3,27.73,"-18.825 147.625"
"891128","2016-04-21T12:00:00Z",-18.875,147.625,"2.12",0,"27.68","1.09",0,2016-04-21,"04","2016",2.12,27.68,"-18.875 147.625"
"891129","2016-04-21T12:00:00Z",-18.875,147.675,"2.42",0,"27.69","1.08",0,2016-04-21,"04","2016",2.42,27.69,"-18.875 147.675"
"891211","2016-04-21T12:00:00Z",-18.975,147.675,"2.1",0,"27.560000000000002","1.01",0,2016-04-21,"04","2016",2.1,27.56,"-18.975 147.675"
"908472","2016-04-28T12:00:00Z",-18.675,147.675,"3.42",0,"27.580000000000002","1.1500000000000001",0,2016-04-28,"04","2016",3.42,27.58,"-18.675 147.675"
"908594","2016-04-28T12:00:00Z",-18.825,147.625,"2.3000000000000003",0,"27.34","1.01",0,2016-04-28,"04","2016",2.3,27.34,"-18.825 147.625"
"908635","2016-04-28T12:00:00Z",-18.875,147.625,"2.12",0,"27.28","0.98",0,2016-04-28,"04","2016",2.12,27.28,"-18.875 147.625"
"908636","2016-04-28T12:00:00Z",-18.875,147.675,"2.42",0,"27.3","0.99",0,2016-04-28,"04","2016",2.42,27.3,"-18.875 147.675"
"908718","2016-04-28T12:00:00Z",-18.975,147.675,"2.1",0,"27.2","0.9500000000000001",0,2016-04-28,"04","2016",2.1,27.2,"-18.975 147.675"
"925979","2016-05-05T12:00:00Z",-18.675,147.675,"2.94",0,"27.88","1.74",0,2016-05-05,"05","2016",2.94,27.88,"-18.675 147.675"
"926101","2016-05-05T12:00:00Z",-18.825,147.625,"1.84",0,"27.82","1.79",0,2016-05-05,"05","2016",1.84,27.82,"-18.825 147.625"
"926142","2016-05-05T12:00:00Z",-18.875,147.625,"1.67",0,"27.77","1.77",0,2016-05-05,"05","2016",1.67,27.77,"-18.875 147.625"
"926143","2016-05-05T12:00:00Z",-18.875,147.675,"1.97",0,"27.76","1.75",0,2016-05-05,"05","2016",1.97,27.76,"-18.875 147.675"
"926225","2016-05-05T12:00:00Z",-18.975,147.675,"1.6600000000000001",0,"27.66","1.71",0,2016-05-05,"05","2016",1.66,27.66,"-18.975 147.675"
"943486","2016-05-12T12:00:00Z",-18.675,147.675,"2.5300000000000002",0,"27.5","1.6400000000000001",0,2016-05-12,"05","2016",2.53,27.5,"-18.675 147.675"
"943608","2016-05-12T12:00:00Z",-18.825,147.625,"1.44",0,"27.39","1.6500000000000001",0,2016-05-12,"05","2016",1.44,27.39,"-18.825 147.625"
"943649","2016-05-12T12:00:00Z",-18.875,147.625,"1.26",0,"27.34","1.6400000000000001",0,2016-05-12,"05","2016",1.26,27.34,"-18.875 147.625"
"943650","2016-05-12T12:00:00Z",-18.875,147.675,"1.57",0,"27.37","1.6500000000000001",0,2016-05-12,"05","2016",1.57,27.37,"-18.875 147.675"
"943732","2016-05-12T12:00:00Z",-18.975,147.675,"1.25",0,"27.28","1.6300000000000001",0,2016-05-12,"05","2016",1.25,27.28,"-18.975 147.675"
"960993","2016-05-19T12:00:00Z",-18.675,147.675,"1.73",0,"26.96","1.41",0,2016-05-19,"05","2016",1.73,26.96,"-18.675 147.675"
"961115","2016-05-19T12:00:00Z",-18.825,147.625,"1.08",0,"26.79","1.3800000000000001",0,2016-05-19,"05","2016",1.08,26.79,"-18.825 147.625"
"961156","2016-05-19T12:00:00Z",-18.875,147.625,"0.9",0,"26.740000000000002","1.3800000000000001",0,2016-05-19,"05","2016",0.9,26.74,"-18.875 147.625"
"961157","2016-05-19T12:00:00Z",-18.875,147.675,"1.22",0,"26.79","1.4000000000000001",0,2016-05-19,"05","2016",1.22,26.79,"-18.875 147.675"
"961239","2016-05-19T12:00:00Z",-18.975,147.675,"0.88",0,"26.73","1.42",0,2016-05-19,"05","2016",0.88,26.73,"-18.975 147.675"
"978500","2016-05-26T12:00:00Z",-18.675,147.675,"0.31",0,"26.76","1.55",0,2016-05-26,"05","2016",0.31,26.76,"-18.675 147.675"
"978622","2016-05-26T12:00:00Z",-18.825,147.625,"0.0",0,"26.61","1.55",0,2016-05-26,"05","2016",0,26.61,"-18.825 147.625"
"978663","2016-05-26T12:00:00Z",-18.875,147.625,"0.0",0,"26.560000000000002","1.55",0,2016-05-26,"05","2016",0,26.56,"-18.875 147.625"
"978664","2016-05-26T12:00:00Z",-18.875,147.675,"0.0",0,"26.580000000000002","1.55",0,2016-05-26,"05","2016",0,26.58,"-18.875 147.675"
"978746","2016-05-26T12:00:00Z",-18.975,147.675,"0.0",0,"26.51","1.57",0,2016-05-26,"05","2016",0,26.51,"-18.975 147.675"
"996007","2016-06-02T12:00:00Z",-18.675,147.675,"0.31",0,"26.71","1.84",0,2016-06-02,"06","2016",0.31,26.71,"-18.675 147.675"
"996129","2016-06-02T12:00:00Z",-18.825,147.625,"0.0",0,"26.54","1.84",0,2016-06-02,"06","2016",0,26.54,"-18.825 147.625"
"996170","2016-06-02T12:00:00Z",-18.875,147.625,"0.0",0,"26.490000000000002","1.84",0,2016-06-02,"06","2016",0,26.49,"-18.875 147.625"
"996171","2016-06-02T12:00:00Z",-18.875,147.675,"0.0",0,"26.5","1.82",0,2016-06-02,"06","2016",0,26.5,"-18.875 147.675"
"996253","2016-06-02T12:00:00Z",-18.975,147.675,"0.0",0,"26.44","1.87",0,2016-06-02,"06","2016",0,26.44,"-18.975 147.675"
"1013514","2016-06-09T12:00:00Z",-18.675,147.675,"0.31",0,"26.43","1.9000000000000001",0,2016-06-09,"06","2016",0.31,26.43,"-18.675 147.675"
"1013636","2016-06-09T12:00:00Z",-18.825,147.625,"0.0",0,"26.34","1.99",0,2016-06-09,"06","2016",0,26.34,"-18.825 147.625"
"1013677","2016-06-09T12:00:00Z",-18.875,147.625,"0.0",0,"26.29","2.0",0,2016-06-09,"06","2016",0,26.29,"-18.875 147.625"
"1013678","2016-06-09T12:00:00Z",-18.875,147.675,"0.0",0,"26.27","1.95",0,2016-06-09,"06","2016",0,26.27,"-18.875 147.675"
"1013760","2016-06-09T12:00:00Z",-18.975,147.675,"0.0",0,"26.19","1.98",0,2016-06-09,"06","2016",0,26.19,"-18.975 147.675"
"1031021","2016-06-16T12:00:00Z",-18.675,147.675,"0.0",0,"25.69","1.48",0,2016-06-16,"06","2016",0,25.69,"-18.675 147.675"
"1031143","2016-06-16T12:00:00Z",-18.825,147.625,"0.0",0,"25.41","1.3900000000000001",0,2016-06-16,"06","2016",0,25.41,"-18.825 147.625"
"1031184","2016-06-16T12:00:00Z",-18.875,147.625,"0.0",0,"25.34","1.3900000000000001",0,2016-06-16,"06","2016",0,25.34,"-18.875 147.625"
"1031185","2016-06-16T12:00:00Z",-18.875,147.675,"0.0",0,"25.41","1.42",0,2016-06-16,"06","2016",0,25.41,"-18.875 147.675"
"1031267","2016-06-16T12:00:00Z",-18.975,147.675,"0.0",0,"25.26","1.4000000000000001",0,2016-06-16,"06","2016",0,25.26,"-18.975 147.675"
"1048528","2016-06-23T12:00:00Z",-18.675,147.675,"0.0",0,"25.96","1.93",0,2016-06-23,"06","2016",0,25.96,"-18.675 147.675"
"1048650","2016-06-23T12:00:00Z",-18.825,147.625,"0.0",0,"25.810000000000002","1.98",0,2016-06-23,"06","2016",0,25.81,"-18.825 147.625"
"1048691","2016-06-23T12:00:00Z",-18.875,147.625,"0.0",0,"25.740000000000002","1.99",0,2016-06-23,"06","2016",0,25.74,"-18.875 147.625"
"1048692","2016-06-23T12:00:00Z",-18.875,147.675,"0.0",0,"25.75","1.96",0,2016-06-23,"06","2016",0,25.75,"-18.875 147.675"
"1048774","2016-06-23T12:00:00Z",-18.975,147.675,"0.0",0,"25.61","1.96",0,2016-06-23,"06","2016",0,25.61,"-18.975 147.675"
"1066035","2016-06-30T12:00:00Z",-18.675,147.675,"0.0",0,"25.64","1.79",0,2016-06-30,"06","2016",0,25.64,"-18.675 147.675"
"1066157","2016-06-30T12:00:00Z",-18.825,147.625,"0.0",0,"25.310000000000002","1.68",0,2016-06-30,"06","2016",0,25.31,"-18.825 147.625"
"1066198","2016-06-30T12:00:00Z",-18.875,147.625,"0.0",0,"25.23","1.67",0,2016-06-30,"06","2016",0,25.23,"-18.875 147.625"
"1066199","2016-06-30T12:00:00Z",-18.875,147.675,"0.0",0,"25.25","1.6600000000000001",0,2016-06-30,"06","2016",0,25.25,"-18.875 147.675"
"1066281","2016-06-30T12:00:00Z",-18.975,147.675,"0.0",0,"25.11","1.67",0,2016-06-30,"06","2016",0,25.11,"-18.975 147.675"
"1083542","2016-07-07T12:00:00Z",-18.675,147.675,"0.0",0,"25.66","1.99",0,2016-07-07,"07","2016",0,25.66,"-18.675 147.675"
"1083664","2016-07-07T12:00:00Z",-18.825,147.625,"0.0",0,"25.55","2.11",0,2016-07-07,"07","2016",0,25.55,"-18.825 147.625"
"1083705","2016-07-07T12:00:00Z",-18.875,147.625,"0.0",0,"25.52","2.16",0,2016-07-07,"07","2016",0,25.52,"-18.875 147.625"
"1083706","2016-07-07T12:00:00Z",-18.875,147.675,"0.0",0,"25.46","2.06",0,2016-07-07,"07","2016",0,25.46,"-18.875 147.675"
"1083788","2016-07-07T12:00:00Z",-18.975,147.675,"0.0",0,"25.41","2.18",0,2016-07-07,"07","2016",0,25.41,"-18.975 147.675"
"1101049","2016-07-14T12:00:00Z",-18.675,147.675,"0.0",0,"25.2","1.71",0,2016-07-14,"07","2016",0,25.2,"-18.675 147.675"
"1101171","2016-07-14T12:00:00Z",-18.825,147.625,"0.0",0,"24.95","1.7",0,2016-07-14,"07","2016",0,24.95,"-18.825 147.625"
"1101212","2016-07-14T12:00:00Z",-18.875,147.625,"0.0",0,"24.87","1.71",0,2016-07-14,"07","2016",0,24.87,"-18.875 147.625"
"1101213","2016-07-14T12:00:00Z",-18.875,147.675,"0.0",0,"24.89","1.69",0,2016-07-14,"07","2016",0,24.89,"-18.875 147.675"
"1101295","2016-07-14T12:00:00Z",-18.975,147.675,"0.0",0,"24.76","1.74",0,2016-07-14,"07","2016",0,24.76,"-18.975 147.675"
"1118556","2016-07-21T12:00:00Z",-18.675,147.675,"0.0",0,"25.080000000000002","1.6300000000000001",0,2016-07-21,"07","2016",0,25.08,"-18.675 147.675"
"1118678","2016-07-21T12:00:00Z",-18.825,147.625,"0.0",0,"24.830000000000002","1.61",0,2016-07-21,"07","2016",0,24.83,"-18.825 147.625"
"1118719","2016-07-21T12:00:00Z",-18.875,147.625,"0.0",0,"24.8","1.6600000000000001",0,2016-07-21,"07","2016",0,24.8,"-18.875 147.625"
"1118720","2016-07-21T12:00:00Z",-18.875,147.675,"0.0",0,"24.87","1.7",0,2016-07-21,"07","2016",0,24.87,"-18.875 147.675"
"1118802","2016-07-21T12:00:00Z",-18.975,147.675,"0.0",0,"24.810000000000002","1.81",0,2016-07-21,"07","2016",0,24.81,"-18.975 147.675"
"1136063","2016-07-28T12:00:00Z",-18.675,147.675,"0.0",0,"25.17","1.73",0,2016-07-28,"07","2016",0,25.17,"-18.675 147.675"
"1136185","2016-07-28T12:00:00Z",-18.825,147.625,"0.0",0,"25.09","1.87",0,2016-07-28,"07","2016",0,25.09,"-18.825 147.625"
"1136226","2016-07-28T12:00:00Z",-18.875,147.625,"0.0",0,"25.04","1.8900000000000001",0,2016-07-28,"07","2016",0,25.04,"-18.875 147.625"
"1136227","2016-07-28T12:00:00Z",-18.875,147.675,"0.0",0,"25.04","1.87",0,2016-07-28,"07","2016",0,25.04,"-18.875 147.675"
"1136309","2016-07-28T12:00:00Z",-18.975,147.675,"0.0",0,"24.96","1.95",0,2016-07-28,"07","2016",0,24.96,"-18.975 147.675"
"1153570","2016-08-04T12:00:00Z",-18.675,147.675,"0.0",0,"25.0","1.57",0,2016-08-04,"08","2016",0,25,"-18.675 147.675"
"1153692","2016-08-04T12:00:00Z",-18.825,147.625,"0.0",0,"24.66","1.43",0,2016-08-04,"08","2016",0,24.66,"-18.825 147.625"
"1153733","2016-08-04T12:00:00Z",-18.875,147.625,"0.0",0,"24.57","1.41",0,2016-08-04,"08","2016",0,24.57,"-18.875 147.625"
"1153734","2016-08-04T12:00:00Z",-18.875,147.675,"0.0",0,"24.650000000000002","1.48",0,2016-08-04,"08","2016",0,24.65,"-18.875 147.675"
"1153816","2016-08-04T12:00:00Z",-18.975,147.675,"0.0",0,"24.48","1.46",0,2016-08-04,"08","2016",0,24.48,"-18.975 147.675"
"1171077","2016-08-11T12:00:00Z",-18.675,147.675,"0.0",0,"24.53","1.1",0,2016-08-11,"08","2016",0,24.53,"-18.675 147.675"
"1171199","2016-08-11T12:00:00Z",-18.825,147.625,"0.0",0,"24.27","1.04",0,2016-08-11,"08","2016",0,24.27,"-18.825 147.625"
"1171240","2016-08-11T12:00:00Z",-18.875,147.625,"0.0",0,"24.2","1.04",0,2016-08-11,"08","2016",0,24.2,"-18.875 147.625"
"1171241","2016-08-11T12:00:00Z",-18.875,147.675,"0.0",0,"24.23","1.06",0,2016-08-11,"08","2016",0,24.23,"-18.875 147.675"
"1171323","2016-08-11T12:00:00Z",-18.975,147.675,"0.0",0,"24.09","1.06",0,2016-08-11,"08","2016",0,24.09,"-18.975 147.675"
"1188584","2016-08-18T12:00:00Z",-18.675,147.675,"0.0",0,"24.11","0.63",0,2016-08-18,"08","2016",0,24.11,"-18.675 147.675"
"1188706","2016-08-18T12:00:00Z",-18.825,147.625,"0.0",0,"23.85","0.55",0,2016-08-18,"08","2016",0,23.85,"-18.825 147.625"
"1188747","2016-08-18T12:00:00Z",-18.875,147.625,"0.0",0,"23.77","0.53",0,2016-08-18,"08","2016",0,23.77,"-18.875 147.625"
"1188748","2016-08-18T12:00:00Z",-18.875,147.675,"0.0",0,"23.8","0.56",0,2016-08-18,"08","2016",0,23.8,"-18.875 147.675"
"1188830","2016-08-18T12:00:00Z",-18.975,147.675,"0.0",0,"23.63","0.51",0,2016-08-18,"08","2016",0,23.63,"-18.975 147.675"
"1206091","2016-08-25T12:00:00Z",-18.675,147.675,"0.0",0,"24.29","0.66",0,2016-08-25,"08","2016",0,24.29,"-18.675 147.675"
"1206213","2016-08-25T12:00:00Z",-18.825,147.625,"0.0",0,"24.14","0.67",0,2016-08-25,"08","2016",0,24.14,"-18.825 147.625"
"1206254","2016-08-25T12:00:00Z",-18.875,147.625,"0.0",0,"24.080000000000002","0.66",0,2016-08-25,"08","2016",0,24.08,"-18.875 147.625"
"1206255","2016-08-25T12:00:00Z",-18.875,147.675,"0.0",0,"24.1","0.6900000000000001",0,2016-08-25,"08","2016",0,24.1,"-18.875 147.675"
"1206337","2016-08-25T12:00:00Z",-18.975,147.675,"0.0",0,"23.96","0.66",0,2016-08-25,"08","2016",0,23.96,"-18.975 147.675"
"1223598","2016-09-01T12:00:00Z",-18.675,147.675,"0.0",0,"24.45","0.67",0,2016-09-01,"09","2016",0,24.45,"-18.675 147.675"
"1223720","2016-09-01T12:00:00Z",-18.825,147.625,"0.0",0,"24.2","0.56",0,2016-09-01,"09","2016",0,24.2,"-18.825 147.625"
"1223761","2016-09-01T12:00:00Z",-18.875,147.625,"0.0",0,"24.16","0.5700000000000001",0,2016-09-01,"09","2016",0,24.16,"-18.875 147.625"
"1223762","2016-09-01T12:00:00Z",-18.875,147.675,"0.0",0,"24.21","0.63",0,2016-09-01,"09","2016",0,24.21,"-18.875 147.675"
"1223844","2016-09-01T12:00:00Z",-18.975,147.675,"0.0",0,"24.150000000000002","0.67",0,2016-09-01,"09","2016",0,24.15,"-18.975 147.675"
"1241105","2016-09-08T12:00:00Z",-18.675,147.675,"0.0",0,"24.23","0.3",0,2016-09-08,"09","2016",0,24.23,"-18.675 147.675"
"1241227","2016-09-08T12:00:00Z",-18.825,147.625,"0.0",0,"23.830000000000002","0.02",0,2016-09-08,"09","2016",0,23.83,"-18.825 147.625"
"1241268","2016-09-08T12:00:00Z",-18.875,147.625,"0.0",0,"23.75","-0.01",0,2016-09-08,"09","2016",0,23.75,"-18.875 147.625"
"1241269","2016-09-08T12:00:00Z",-18.875,147.675,"0.0",0,"23.81","0.06",0,2016-09-08,"09","2016",0,23.81,"-18.875 147.675"
"1241351","2016-09-08T12:00:00Z",-18.975,147.675,"0.0",0,"23.68","0.01",0,2016-09-08,"09","2016",0,23.68,"-18.975 147.675"
"1258612","2016-09-15T12:00:00Z",-18.675,147.675,"0.0",0,"25.14","1.06",0,2016-09-15,"09","2016",0,25.14,"-18.675 147.675"
"1258734","2016-09-15T12:00:00Z",-18.825,147.625,"0.0",0,"25.11","1.1300000000000001",0,2016-09-15,"09","2016",0,25.11,"-18.825 147.625"
"1258775","2016-09-15T12:00:00Z",-18.875,147.625,"0.0",0,"25.12","1.19",0,2016-09-15,"09","2016",0,25.12,"-18.875 147.625"
"1258776","2016-09-15T12:00:00Z",-18.875,147.675,"0.0",0,"25.09","1.17",0,2016-09-15,"09","2016",0,25.09,"-18.875 147.675"
"1258858","2016-09-15T12:00:00Z",-18.975,147.675,"0.0",0,"25.09","1.24",0,2016-09-15,"09","2016",0,25.09,"-18.975 147.675"
"1276119","2016-09-22T12:00:00Z",-18.675,147.675,"0.0",0,"25.57","1.21",0,2016-09-22,"09","2016",0,25.57,"-18.675 147.675"
"1276241","2016-09-22T12:00:00Z",-18.825,147.625,"0.0",0,"25.38","1.1",0,2016-09-22,"09","2016",0,25.38,"-18.825 147.625"
"1276282","2016-09-22T12:00:00Z",-18.875,147.625,"0.0",0,"25.38","1.1400000000000001",0,2016-09-22,"09","2016",0,25.38,"-18.875 147.625"
"1276283","2016-09-22T12:00:00Z",-18.875,147.675,"0.0",0,"25.38","1.1500000000000001",0,2016-09-22,"09","2016",0,25.38,"-18.875 147.675"
"1276365","2016-09-22T12:00:00Z",-18.975,147.675,"0.0",0,"25.41","1.24",0,2016-09-22,"09","2016",0,25.41,"-18.975 147.675"
"1293626","2016-09-29T12:00:00Z",-18.675,147.675,"0.0",0,"26.13","1.48",0,2016-09-29,"09","2016",0,26.13,"-18.675 147.675"
"1293748","2016-09-29T12:00:00Z",-18.825,147.625,"0.0",0,"25.93","1.35",0,2016-09-29,"09","2016",0,25.93,"-18.825 147.625"
"1293789","2016-09-29T12:00:00Z",-18.875,147.625,"0.0",0,"25.88","1.33",0,2016-09-29,"09","2016",0,25.88,"-18.875 147.625"
"1293790","2016-09-29T12:00:00Z",-18.875,147.675,"0.0",0,"25.85","1.31",0,2016-09-29,"09","2016",0,25.85,"-18.875 147.675"
"1293872","2016-09-29T12:00:00Z",-18.975,147.675,"0.0",0,"25.810000000000002","1.32",0,2016-09-29,"09","2016",0,25.81,"-18.975 147.675"
"1311133","2016-10-06T12:00:00Z",-18.675,147.675,"0.0",0,"26.21","1.28",0,2016-10-06,"10","2016",0,26.21,"-18.675 147.675"
"1311255","2016-10-06T12:00:00Z",-18.825,147.625,"0.0",0,"26.05","1.17",0,2016-10-06,"10","2016",0,26.05,"-18.825 147.625"
"1311296","2016-10-06T12:00:00Z",-18.875,147.625,"0.0",0,"26.02","1.17",0,2016-10-06,"10","2016",0,26.02,"-18.875 147.625"
"1311297","2016-10-06T12:00:00Z",-18.875,147.675,"0.0",0,"26.02","1.17",0,2016-10-06,"10","2016",0,26.02,"-18.875 147.675"
"1311379","2016-10-06T12:00:00Z",-18.975,147.675,"0.0",0,"25.97","1.16",0,2016-10-06,"10","2016",0,25.97,"-18.975 147.675"
"1328640","2016-10-13T12:00:00Z",-18.675,147.675,"0.0",0,"26.32","1.1",0,2016-10-13,"10","2016",0,26.32,"-18.675 147.675"
"1328762","2016-10-13T12:00:00Z",-18.825,147.625,"0.0",0,"26.3","1.1300000000000001",0,2016-10-13,"10","2016",0,26.3,"-18.825 147.625"
"1328803","2016-10-13T12:00:00Z",-18.875,147.625,"0.0",0,"26.310000000000002","1.1500000000000001",0,2016-10-13,"10","2016",0,26.31,"-18.875 147.625"
"1328804","2016-10-13T12:00:00Z",-18.875,147.675,"0.0",0,"26.26","1.1",0,2016-10-13,"10","2016",0,26.26,"-18.875 147.675"
"1328886","2016-10-13T12:00:00Z",-18.975,147.675,"0.0",0,"26.28","1.1500000000000001",0,2016-10-13,"10","2016",0,26.28,"-18.975 147.675"
"1346147","2016-10-20T12:00:00Z",-18.675,147.675,"0.0",0,"26.73","1.21",0,2016-10-20,"10","2016",0,26.73,"-18.675 147.675"
"1346269","2016-10-20T12:00:00Z",-18.825,147.625,"0.0",0,"26.7","1.21",0,2016-10-20,"10","2016",0,26.7,"-18.825 147.625"
"1346310","2016-10-20T12:00:00Z",-18.875,147.625,"0.0",0,"26.68","1.2",0,2016-10-20,"10","2016",0,26.68,"-18.875 147.625"
"1346311","2016-10-20T12:00:00Z",-18.875,147.675,"0.0",0,"26.67","1.19",0,2016-10-20,"10","2016",0,26.67,"-18.875 147.675"
"1346393","2016-10-20T12:00:00Z",-18.975,147.675,"0.0",0,"26.650000000000002","1.19",0,2016-10-20,"10","2016",0,26.65,"-18.975 147.675"
"1363654","2016-10-27T12:00:00Z",-18.675,147.675,"0.0",0,"26.61","0.78",0,2016-10-27,"10","2016",0,26.61,"-18.675 147.675"
"1363776","2016-10-27T12:00:00Z",-18.825,147.625,"0.0",0,"26.59","0.78",0,2016-10-27,"10","2016",0,26.59,"-18.825 147.625"
"1363817","2016-10-27T12:00:00Z",-18.875,147.625,"0.0",0,"26.560000000000002","0.75",0,2016-10-27,"10","2016",0,26.56,"-18.875 147.625"
"1363818","2016-10-27T12:00:00Z",-18.875,147.675,"0.0",0,"26.54","0.74",0,2016-10-27,"10","2016",0,26.54,"-18.875 147.675"
"1363900","2016-10-27T12:00:00Z",-18.975,147.675,"0.0",0,"26.5","0.7000000000000001",0,2016-10-27,"10","2016",0,26.5,"-18.975 147.675"
"1381161","2016-11-03T12:00:00Z",-18.675,147.675,"0.0",0,"27.05","0.92",0,2016-11-03,"11","2016",0,27.05,"-18.675 147.675"
"1381283","2016-11-03T12:00:00Z",-18.825,147.625,"0.0",0,"27.060000000000002","0.93",0,2016-11-03,"11","2016",0,27.06,"-18.825 147.625"
"1381324","2016-11-03T12:00:00Z",-18.875,147.625,"0.0",0,"27.07","0.93",0,2016-11-03,"11","2016",0,27.07,"-18.875 147.625"
"1381325","2016-11-03T12:00:00Z",-18.875,147.675,"0.0",0,"27.07","0.9400000000000001",0,2016-11-03,"11","2016",0,27.07,"-18.875 147.675"
"1381407","2016-11-03T12:00:00Z",-18.975,147.675,"0.0",0,"27.03","0.89",0,2016-11-03,"11","2016",0,27.03,"-18.975 147.675"
"1398668","2016-11-10T12:00:00Z",-18.675,147.675,"0.0",0,"27.57","1.1300000000000001",0,2016-11-10,"11","2016",0,27.57,"-18.675 147.675"
"1398790","2016-11-10T12:00:00Z",-18.825,147.625,"0.0",0,"27.66","1.21",0,2016-11-10,"11","2016",0,27.66,"-18.825 147.625"
"1398831","2016-11-10T12:00:00Z",-18.875,147.625,"0.0",0,"27.71","1.24",0,2016-11-10,"11","2016",0,27.71,"-18.875 147.625"
"1398832","2016-11-10T12:00:00Z",-18.875,147.675,"0.0",0,"27.7","1.25",0,2016-11-10,"11","2016",0,27.7,"-18.875 147.675"
"1398914","2016-11-10T12:00:00Z",-18.975,147.675,"0.0",0,"27.79","1.31",0,2016-11-10,"11","2016",0,27.79,"-18.975 147.675"
"1416175","2016-11-17T12:00:00Z",-18.675,147.675,"0.0",0,"27.16","0.44",0,2016-11-17,"11","2016",0,27.16,"-18.675 147.675"
"1416297","2016-11-17T12:00:00Z",-18.825,147.625,"0.0",0,"27.19","0.45",0,2016-11-17,"11","2016",0,27.19,"-18.825 147.625"
"1416338","2016-11-17T12:00:00Z",-18.875,147.625,"0.0",0,"27.2","0.44",0,2016-11-17,"11","2016",0,27.2,"-18.875 147.625"
"1416339","2016-11-17T12:00:00Z",-18.875,147.675,"0.0",0,"27.18","0.44",0,2016-11-17,"11","2016",0,27.18,"-18.875 147.675"
"1416421","2016-11-17T12:00:00Z",-18.975,147.675,"0.0",0,"27.22","0.44",0,2016-11-17,"11","2016",0,27.22,"-18.975 147.675"
"1433682","2016-11-24T12:00:00Z",-18.675,147.675,"0.0",0,"27.43","0.5",0,2016-11-24,"11","2016",0,27.43,"-18.675 147.675"
"1433804","2016-11-24T12:00:00Z",-18.825,147.625,"0.0",0,"27.25","0.3",0,2016-11-24,"11","2016",0,27.25,"-18.825 147.625"
"1433845","2016-11-24T12:00:00Z",-18.875,147.625,"0.0",0,"27.25","0.29",0,2016-11-24,"11","2016",0,27.25,"-18.875 147.625"
"1433846","2016-11-24T12:00:00Z",-18.875,147.675,"0.0",0,"27.240000000000002","0.29",0,2016-11-24,"11","2016",0,27.24,"-18.875 147.675"
"1433928","2016-11-24T12:00:00Z",-18.975,147.675,"0.0",0,"27.28","0.3",0,2016-11-24,"11","2016",0,27.28,"-18.975 147.675"
"1451189","2016-12-01T12:00:00Z",-18.675,147.675,"0.0",0,"27.64","0.5",0,2016-12-01,"12","2016",0,27.64,"-18.675 147.675"
"1451311","2016-12-01T12:00:00Z",-18.825,147.625,"0.0",0,"27.64","0.49",0,2016-12-01,"12","2016",0,27.64,"-18.825 147.625"
"1451352","2016-12-01T12:00:00Z",-18.875,147.625,"0.0",0,"27.63","0.46",0,2016-12-01,"12","2016",0,27.63,"-18.875 147.625"
"1451353","2016-12-01T12:00:00Z",-18.875,147.675,"0.0",0,"27.59","0.44",0,2016-12-01,"12","2016",0,27.59,"-18.875 147.675"
"1451435","2016-12-01T12:00:00Z",-18.975,147.675,"0.0",0,"27.57","0.39",0,2016-12-01,"12","2016",0,27.57,"-18.975 147.675"
"1468696","2016-12-08T12:00:00Z",-18.675,147.675,"0.0",0,"28.060000000000002","0.71",0,2016-12-08,"12","2016",0,28.06,"-18.675 147.675"
"1468818","2016-12-08T12:00:00Z",-18.825,147.625,"0.0",0,"28.09","0.73",0,2016-12-08,"12","2016",0,28.09,"-18.825 147.625"
"1468859","2016-12-08T12:00:00Z",-18.875,147.625,"0.0",0,"28.1","0.73",0,2016-12-08,"12","2016",0,28.1,"-18.875 147.625"
"1468860","2016-12-08T12:00:00Z",-18.875,147.675,"0.0",0,"28.07","0.71",0,2016-12-08,"12","2016",0,28.07,"-18.875 147.675"
"1468942","2016-12-08T12:00:00Z",-18.975,147.675,"0.0",0,"28.09","0.71",0,2016-12-08,"12","2016",0,28.09,"-18.975 147.675"
"1486203","2016-12-15T12:00:00Z",-18.675,147.675,"0.0",0,"27.990000000000002","0.43",0,2016-12-15,"12","2016",0,27.99,"-18.675 147.675"
"1486325","2016-12-15T12:00:00Z",-18.825,147.625,"0.0",0,"27.96","0.39",0,2016-12-15,"12","2016",0,27.96,"-18.825 147.625"
"1486366","2016-12-15T12:00:00Z",-18.875,147.625,"0.0",0,"27.93","0.35000000000000003",0,2016-12-15,"12","2016",0,27.93,"-18.875 147.625"
"1486367","2016-12-15T12:00:00Z",-18.875,147.675,"0.0",0,"27.92","0.35000000000000003",0,2016-12-15,"12","2016",0,27.92,"-18.875 147.675"
"1486449","2016-12-15T12:00:00Z",-18.975,147.675,"0.0",0,"27.88","0.3",0,2016-12-15,"12","2016",0,27.88,"-18.975 147.675"
"1503710","2016-12-22T12:00:00Z",-18.675,147.675,"0.0",0,"28.36","0.64",0,2016-12-22,"12","2016",0,28.36,"-18.675 147.675"
"1503832","2016-12-22T12:00:00Z",-18.825,147.625,"0.0",0,"28.35","0.62",0,2016-12-22,"12","2016",0,28.35,"-18.825 147.625"
"1503873","2016-12-22T12:00:00Z",-18.875,147.625,"0.0",0,"28.36","0.62",0,2016-12-22,"12","2016",0,28.36,"-18.875 147.625"
"1503874","2016-12-22T12:00:00Z",-18.875,147.675,"0.0",0,"28.36","0.63",0,2016-12-22,"12","2016",0,28.36,"-18.875 147.675"
"1503956","2016-12-22T12:00:00Z",-18.975,147.675,"0.0",0,"28.36","0.62",0,2016-12-22,"12","2016",0,28.36,"-18.975 147.675"
"1521217","2016-12-29T12:00:00Z",-18.675,147.675,"0.0",0,"28.37","0.5",0,2016-12-29,"12","2016",0,28.37,"-18.675 147.675"
"1521339","2016-12-29T12:00:00Z",-18.825,147.625,"0.0",0,"28.240000000000002","0.35000000000000003",0,2016-12-29,"12","2016",0,28.24,"-18.825 147.625"
"1521380","2016-12-29T12:00:00Z",-18.875,147.625,"0.0",0,"28.27","0.37",0,2016-12-29,"12","2016",0,28.27,"-18.875 147.625"
"1521381","2016-12-29T12:00:00Z",-18.875,147.675,"0.0",0,"28.28","0.39",0,2016-12-29,"12","2016",0,28.28,"-18.875 147.675"
"1521463","2016-12-29T12:00:00Z",-18.975,147.675,"0.0",0,"28.34","0.44",0,2016-12-29,"12","2016",0,28.34,"-18.975 147.675"
"1538724","2017-01-05T12:00:00Z",-18.675,147.675,"0.0",0,"28.95","0.92",0,2017-01-05,"01","2017",0,28.95,"-18.675 147.675"
"1538846","2017-01-05T12:00:00Z",-18.825,147.625,"0.0",0,"28.900000000000002","0.86",0,2017-01-05,"01","2017",0,28.9,"-18.825 147.625"
"1538887","2017-01-05T12:00:00Z",-18.875,147.625,"0.0",0,"28.89","0.84",0,2017-01-05,"01","2017",0,28.89,"-18.875 147.625"
"1538888","2017-01-05T12:00:00Z",-18.875,147.675,"0.0",0,"28.86","0.8200000000000001",0,2017-01-05,"01","2017",0,28.86,"-18.875 147.675"
"1538970","2017-01-05T12:00:00Z",-18.975,147.675,"0.0",0,"28.86","0.81",0,2017-01-05,"01","2017",0,28.86,"-18.975 147.675"
"1556231","2017-01-12T12:00:00Z",-18.675,147.675,"0.0",0,"28.830000000000002","0.65",0,2017-01-12,"01","2017",0,28.83,"-18.675 147.675"
"1556353","2017-01-12T12:00:00Z",-18.825,147.625,"0.0",0,"28.76","0.56",0,2017-01-12,"01","2017",0,28.76,"-18.825 147.625"
"1556394","2017-01-12T12:00:00Z",-18.875,147.625,"0.0",0,"28.77","0.56",0,2017-01-12,"01","2017",0,28.77,"-18.875 147.625"
"1556395","2017-01-12T12:00:00Z",-18.875,147.675,"0.0",0,"28.73","0.53",0,2017-01-12,"01","2017",0,28.73,"-18.875 147.675"
"1556477","2017-01-12T12:00:00Z",-18.975,147.675,"0.0",0,"28.75","0.54",0,2017-01-12,"01","2017",0,28.75,"-18.975 147.675"
"1573738","2017-01-19T12:00:00Z",-18.675,147.675,"0.0",0,"29.12","0.85",0,2017-01-19,"01","2017",0,29.12,"-18.675 147.675"
"1573860","2017-01-19T12:00:00Z",-18.825,147.625,"0.0",0,"29.11","0.8200000000000001",0,2017-01-19,"01","2017",0,29.11,"-18.825 147.625"
"1573901","2017-01-19T12:00:00Z",-18.875,147.625,"0.0",0,"29.1","0.8",0,2017-01-19,"01","2017",0,29.1,"-18.875 147.625"
"1573902","2017-01-19T12:00:00Z",-18.875,147.675,"0.0",0,"29.060000000000002","0.77",0,2017-01-19,"01","2017",0,29.06,"-18.875 147.675"
"1573984","2017-01-19T12:00:00Z",-18.975,147.675,"0.0",0,"29.04","0.74",0,2017-01-19,"01","2017",0,29.04,"-18.975 147.675"
"1591245","2017-01-26T12:00:00Z",-18.675,147.675,"0.87",0,"29.29","1.0",0,2017-01-26,"01","2017",0.87,29.29,"-18.675 147.675"
"1591367","2017-01-26T12:00:00Z",-18.825,147.625,"0.87",0,"29.22","0.91",0,2017-01-26,"01","2017",0.87,29.22,"-18.825 147.625"
"1591408","2017-01-26T12:00:00Z",-18.875,147.625,"0.74",0,"29.26","0.9400000000000001",0,2017-01-26,"01","2017",0.74,29.26,"-18.875 147.625"
"1591409","2017-01-26T12:00:00Z",-18.875,147.675,"0.7000000000000001",0,"29.19","0.88",0,2017-01-26,"01","2017",0.7,29.19,"-18.875 147.675"
"1591491","2017-01-26T12:00:00Z",-18.975,147.675,"0.75",0,"29.240000000000002","0.92",0,2017-01-26,"01","2017",0.75,29.24,"-18.975 147.675"
"1608752","2017-02-02T12:00:00Z",-18.675,147.675,"1.17",0,"29.32","1.0",0,2017-02-02,"02","2017",1.17,29.32,"-18.675 147.675"
"1608874","2017-02-02T12:00:00Z",-18.825,147.625,"0.87",0,"29.11","0.77",0,2017-02-02,"02","2017",0.87,29.11,"-18.825 147.625"
"1608915","2017-02-02T12:00:00Z",-18.875,147.625,"0.74",0,"29.080000000000002","0.73",0,2017-02-02,"02","2017",0.74,29.08,"-18.875 147.625"
"1608916","2017-02-02T12:00:00Z",-18.875,147.675,"0.7000000000000001",0,"29.060000000000002","0.72",0,2017-02-02,"02","2017",0.7,29.06,"-18.875 147.675"
"1608998","2017-02-02T12:00:00Z",-18.975,147.675,"0.75",0,"29.03","0.68",0,2017-02-02,"02","2017",0.75,29.03,"-18.975 147.675"
"1626259","2017-02-09T12:00:00Z",-18.675,147.675,"1.17",0,"28.84","0.49",0,2017-02-09,"02","2017",1.17,28.84,"-18.675 147.675"
"1626381","2017-02-09T12:00:00Z",-18.825,147.625,"0.87",0,"28.82","0.45",0,2017-02-09,"02","2017",0.87,28.82,"-18.825 147.625"
"1626422","2017-02-09T12:00:00Z",-18.875,147.625,"0.74",0,"28.8","0.42",0,2017-02-09,"02","2017",0.74,28.8,"-18.875 147.625"
"1626423","2017-02-09T12:00:00Z",-18.875,147.675,"0.7000000000000001",0,"28.79","0.42",0,2017-02-09,"02","2017",0.7,28.79,"-18.875 147.675"
"1626505","2017-02-09T12:00:00Z",-18.975,147.675,"0.75",0,"28.79","0.41000000000000003",0,2017-02-09,"02","2017",0.75,28.79,"-18.975 147.675"
"1643766","2017-02-16T12:00:00Z",-18.675,147.675,"1.17",0,"29.02","0.67",0,2017-02-16,"02","2017",1.17,29.02,"-18.675 147.675"
"1643888","2017-02-16T12:00:00Z",-18.825,147.625,"0.87",0,"28.94","0.5700000000000001",0,2017-02-16,"02","2017",0.87,28.94,"-18.825 147.625"
"1643929","2017-02-16T12:00:00Z",-18.875,147.625,"0.74",0,"28.96","0.58",0,2017-02-16,"02","2017",0.74,28.96,"-18.875 147.625"
"1643930","2017-02-16T12:00:00Z",-18.875,147.675,"0.7000000000000001",0,"28.95","0.58",0,2017-02-16,"02","2017",0.7,28.95,"-18.875 147.675"
"1644012","2017-02-16T12:00:00Z",-18.975,147.675,"1.05",0,"29.02","0.64",0,2017-02-16,"02","2017",1.05,29.02,"-18.975 147.675"
"1661273","2017-02-23T12:00:00Z",-18.675,147.675,"1.8",0,"29.3","1.07",0,2017-02-23,"02","2017",1.8,29.3,"-18.675 147.675"
"1661395","2017-02-23T12:00:00Z",-18.825,147.625,"1.6600000000000001",0,"29.39","1.16",0,2017-02-23,"02","2017",1.66,29.39,"-18.825 147.625"
"1661436","2017-02-23T12:00:00Z",-18.875,147.625,"1.55",0,"29.400000000000002","1.17",0,2017-02-23,"02","2017",1.55,29.4,"-18.875 147.625"
"1661437","2017-02-23T12:00:00Z",-18.875,147.675,"1.37",0,"29.36","1.1400000000000001",0,2017-02-23,"02","2017",1.37,29.36,"-18.875 147.675"
"1661519","2017-02-23T12:00:00Z",-18.975,147.675,"1.8800000000000001",0,"29.42","1.2",0,2017-02-23,"02","2017",1.88,29.42,"-18.975 147.675"
"1678780","2017-03-02T12:00:00Z",-18.675,147.675,"1.95",0,"29.14","1.03",0,2017-03-02,"03","2017",1.95,29.14,"-18.675 147.675"
"1678902","2017-03-02T12:00:00Z",-18.825,147.625,"1.8",0,"28.93","0.8300000000000001",0,2017-03-02,"03","2017",1.8,28.93,"-18.825 147.625"
"1678943","2017-03-02T12:00:00Z",-18.875,147.625,"1.55",0,"28.93","0.84",0,2017-03-02,"03","2017",1.55,28.93,"-18.875 147.625"
"1678944","2017-03-02T12:00:00Z",-18.875,147.675,"1.37",0,"28.990000000000002","0.91",0,2017-03-02,"03","2017",1.37,28.99,"-18.875 147.675"
"1679026","2017-03-02T12:00:00Z",-18.975,147.675,"1.8800000000000001",0,"28.98","0.91",0,2017-03-02,"03","2017",1.88,28.98,"-18.975 147.675"
"1696287","2017-03-09T12:00:00Z",-18.675,147.675,"2.47",0,"29.53","1.54",0,2017-03-09,"03","2017",2.47,29.53,"-18.675 147.675"
"1696409","2017-03-09T12:00:00Z",-18.825,147.625,"2.2800000000000002",0,"29.39","1.43",0,2017-03-09,"03","2017",2.28,29.39,"-18.825 147.625"
"1696450","2017-03-09T12:00:00Z",-18.875,147.625,"1.8800000000000001",0,"29.38","1.44",0,2017-03-09,"03","2017",1.88,29.38,"-18.875 147.625"
"1696451","2017-03-09T12:00:00Z",-18.875,147.675,"1.7",0,"29.38","1.45",0,2017-03-09,"03","2017",1.7,29.38,"-18.875 147.675"
"1696533","2017-03-09T12:00:00Z",-18.975,147.675,"2.22",0,"29.39","1.48",0,2017-03-09,"03","2017",2.22,29.39,"-18.975 147.675"
"1713794","2017-03-16T12:00:00Z",-18.675,147.675,"3.0",0,"29.53","1.67",0,2017-03-16,"03","2017",3,29.53,"-18.675 147.675"
"1713916","2017-03-16T12:00:00Z",-18.825,147.625,"2.75",0,"29.490000000000002","1.68",0,2017-03-16,"03","2017",2.75,29.49,"-18.825 147.625"
"1713957","2017-03-16T12:00:00Z",-18.875,147.625,"2.35",0,"29.48","1.69",0,2017-03-16,"03","2017",2.35,29.48,"-18.875 147.625"
"1713958","2017-03-16T12:00:00Z",-18.875,147.675,"2.14",0,"29.43","1.6500000000000001",0,2017-03-16,"03","2017",2.14,29.43,"-18.875 147.675"
"1714040","2017-03-16T12:00:00Z",-18.975,147.675,"2.67",0,"29.44","1.69",0,2017-03-16,"03","2017",2.67,29.44,"-18.975 147.675"
"1731301","2017-03-23T12:00:00Z",-18.675,147.675,"4.3",0,"29.79","2.14",0,2017-03-23,"03","2017",4.3,29.79,"-18.675 147.675"
"1731423","2017-03-23T12:00:00Z",-18.825,147.625,"3.91",0,"29.82","2.23",0,2017-03-23,"03","2017",3.91,29.82,"-18.825 147.625"
"1731464","2017-03-23T12:00:00Z",-18.875,147.625,"3.5100000000000002",0,"29.82","2.25",0,2017-03-23,"03","2017",3.51,29.82,"-18.875 147.625"
"1731465","2017-03-23T12:00:00Z",-18.875,147.675,"3.3000000000000003",0,"29.78","2.22",0,2017-03-23,"03","2017",3.3,29.78,"-18.875 147.675"
"1731547","2017-03-23T12:00:00Z",-18.975,147.675,"3.8200000000000003",0,"29.76","2.23",0,2017-03-23,"03","2017",3.82,29.76,"-18.975 147.675"
"1748808","2017-03-30T12:00:00Z",-18.675,147.675,"5.04",0,"28.54","1.1",0,2017-03-30,"03","2017",5.04,28.54,"-18.675 147.675"
"1748930","2017-03-30T12:00:00Z",-18.825,147.625,"4.61",0,"28.63","1.25",0,2017-03-30,"03","2017",4.61,28.63,"-18.825 147.625"
"1748971","2017-03-30T12:00:00Z",-18.875,147.625,"4.05",0,"28.560000000000002","1.21",0,2017-03-30,"03","2017",4.05,28.56,"-18.875 147.625"
"1748972","2017-03-30T12:00:00Z",-18.875,147.675,"3.84",0,"28.55","1.2",0,2017-03-30,"03","2017",3.84,28.55,"-18.875 147.675"
"1749054","2017-03-30T12:00:00Z",-18.975,147.675,"4.3500000000000005",0,"28.48","1.17",0,2017-03-30,"03","2017",4.35,28.48,"-18.975 147.675"
"1766315","2017-04-06T12:00:00Z",-18.675,147.675,"5.04",0,"28.5","1.28",0,2017-04-06,"04","2017",5.04,28.5,"-18.675 147.675"
"1766437","2017-04-06T12:00:00Z",-18.825,147.625,"4.61",0,"28.29","1.1300000000000001",0,2017-04-06,"04","2017",4.61,28.29,"-18.825 147.625"
"1766478","2017-04-06T12:00:00Z",-18.875,147.625,"4.05",0,"28.27","1.1400000000000001",0,2017-04-06,"04","2017",4.05,28.27,"-18.875 147.625"
"1766479","2017-04-06T12:00:00Z",-18.875,147.675,"3.84",0,"28.26","1.12",0,2017-04-06,"04","2017",3.84,28.26,"-18.875 147.675"
"1766561","2017-04-06T12:00:00Z",-18.975,147.675,"4.3500000000000005",0,"28.240000000000002","1.1500000000000001",0,2017-04-06,"04","2017",4.35,28.24,"-18.975 147.675"
"1783822","2017-04-13T12:00:00Z",-18.675,147.675,"5.04",0,"27.94","0.93",0,2017-04-13,"04","2017",5.04,27.94,"-18.675 147.675"
"1783944","2017-04-13T12:00:00Z",-18.825,147.625,"4.61",0,"27.78","0.84",0,2017-04-13,"04","2017",4.61,27.78,"-18.825 147.625"
"1783985","2017-04-13T12:00:00Z",-18.875,147.625,"4.05",0,"27.73","0.8200000000000001",0,2017-04-13,"04","2017",4.05,27.73,"-18.875 147.625"
"1783986","2017-04-13T12:00:00Z",-18.875,147.675,"3.84",0,"27.73","0.81",0,2017-04-13,"04","2017",3.84,27.73,"-18.875 147.675"
"1784068","2017-04-13T12:00:00Z",-18.975,147.675,"4.3500000000000005",0,"27.67","0.8",0,2017-04-13,"04","2017",4.35,27.67,"-18.975 147.675"
"1801329","2017-04-20T12:00:00Z",-18.675,147.675,"4.17",0,"27.060000000000002","0.31",0,2017-04-20,"04","2017",4.17,27.06,"-18.675 147.675"
"1801451","2017-04-20T12:00:00Z",-18.825,147.625,"3.74",0,"27.1","0.43",0,2017-04-20,"04","2017",3.74,27.1,"-18.825 147.625"
"1801492","2017-04-20T12:00:00Z",-18.875,147.625,"3.31",0,"27.060000000000002","0.42",0,2017-04-20,"04","2017",3.31,27.06,"-18.875 147.625"
"1801493","2017-04-20T12:00:00Z",-18.875,147.675,"3.14",0,"27.07","0.42",0,2017-04-20,"04","2017",3.14,27.07,"-18.875 147.675"
"1801575","2017-04-20T12:00:00Z",-18.975,147.675,"3.59",0,"27.0","0.41000000000000003",0,2017-04-20,"04","2017",3.59,27,"-18.975 147.675"
"1818836","2017-04-27T12:00:00Z",-18.675,147.675,"3.86",0,"26.85","0.38",0,2017-04-27,"04","2017",3.86,26.85,"-18.675 147.675"
"1818958","2017-04-27T12:00:00Z",-18.825,147.625,"3.74",0,"26.830000000000002","0.46",0,2017-04-27,"04","2017",3.74,26.83,"-18.825 147.625"
"1818999","2017-04-27T12:00:00Z",-18.875,147.625,"3.31",0,"26.810000000000002","0.47000000000000003",0,2017-04-27,"04","2017",3.31,26.81,"-18.875 147.625"
"1819000","2017-04-27T12:00:00Z",-18.875,147.675,"3.14",0,"26.830000000000002","0.48",0,2017-04-27,"04","2017",3.14,26.83,"-18.875 147.675"
"1819082","2017-04-27T12:00:00Z",-18.975,147.675,"3.59",0,"26.78","0.49",0,2017-04-27,"04","2017",3.59,26.78,"-18.975 147.675"
"1836343","2017-05-04T12:00:00Z",-18.675,147.675,"3.86",0,"26.35","0.17",0,2017-05-04,"05","2017",3.86,26.35,"-18.675 147.675"
"1836465","2017-05-04T12:00:00Z",-18.825,147.625,"3.74",0,"26.35","0.27",0,2017-05-04,"05","2017",3.74,26.35,"-18.825 147.625"
"1836506","2017-05-04T12:00:00Z",-18.875,147.625,"3.31",0,"26.330000000000002","0.29",0,2017-05-04,"05","2017",3.31,26.33,"-18.875 147.625"
"1836507","2017-05-04T12:00:00Z",-18.875,147.675,"3.14",0,"26.29","0.23",0,2017-05-04,"05","2017",3.14,26.29,"-18.875 147.675"
"1836589","2017-05-04T12:00:00Z",-18.975,147.675,"3.59",0,"26.330000000000002","0.34",0,2017-05-04,"05","2017",3.59,26.33,"-18.975 147.675"
"1853850","2017-05-11T12:00:00Z",-18.675,147.675,"3.86",0,"25.86","-0.04",0,2017-05-11,"05","2017",3.86,25.86,"-18.675 147.675"
"1853972","2017-05-11T12:00:00Z",-18.825,147.625,"3.74",0,"25.82","0.04",0,2017-05-11,"05","2017",3.74,25.82,"-18.825 147.625"
"1854013","2017-05-11T12:00:00Z",-18.875,147.625,"3.31",0,"25.8","0.06",0,2017-05-11,"05","2017",3.31,25.8,"-18.875 147.625"
"1854014","2017-05-11T12:00:00Z",-18.875,147.675,"3.14",0,"25.77","0.01",0,2017-05-11,"05","2017",3.14,25.77,"-18.875 147.675"
"1854096","2017-05-11T12:00:00Z",-18.975,147.675,"3.3000000000000003",0,"25.77","0.08",0,2017-05-11,"05","2017",3.3,25.77,"-18.975 147.675"
"1871357","2017-05-18T12:00:00Z",-18.675,147.675,"3.23",0,"25.59","0.0",0,2017-05-18,"05","2017",3.23,25.59,"-18.675 147.675"
"1871479","2017-05-18T12:00:00Z",-18.825,147.625,"2.95",0,"25.45","-0.01",0,2017-05-18,"05","2017",2.95,25.45,"-18.825 147.625"
"1871520","2017-05-18T12:00:00Z",-18.875,147.625,"2.5",0,"25.42","0.0",0,2017-05-18,"05","2017",2.5,25.42,"-18.875 147.625"
"1871521","2017-05-18T12:00:00Z",-18.875,147.675,"2.47",0,"25.44","0.0",0,2017-05-18,"05","2017",2.47,25.44,"-18.875 147.675"
"1871603","2017-05-18T12:00:00Z",-18.975,147.675,"2.46",0,"25.39","0.03",0,2017-05-18,"05","2017",2.46,25.39,"-18.975 147.675"
"1888864","2017-05-25T12:00:00Z",-18.675,147.675,"3.09",0,"25.8","0.54",0,2017-05-25,"05","2017",3.09,25.8,"-18.675 147.675"
"1888986","2017-05-25T12:00:00Z",-18.825,147.625,"2.8000000000000003",0,"25.6","0.49",0,2017-05-25,"05","2017",2.8,25.6,"-18.825 147.625"
"1889027","2017-05-25T12:00:00Z",-18.875,147.625,"2.5",0,"25.560000000000002","0.5",0,2017-05-25,"05","2017",2.5,25.56,"-18.875 147.625"
"1889028","2017-05-25T12:00:00Z",-18.875,147.675,"2.47",0,"25.57","0.49",0,2017-05-25,"05","2017",2.47,25.57,"-18.875 147.675"
"1889110","2017-05-25T12:00:00Z",-18.975,147.675,"2.46",0,"25.51","0.52",0,2017-05-25,"05","2017",2.46,25.51,"-18.975 147.675"
"1906371","2017-06-01T12:00:00Z",-18.675,147.675,"2.57",0,"25.61","0.6900000000000001",0,2017-06-01,"06","2017",2.57,25.61,"-18.675 147.675"
"1906493","2017-06-01T12:00:00Z",-18.825,147.625,"2.33",0,"25.240000000000002","0.49",0,2017-06-01,"06","2017",2.33,25.24,"-18.825 147.625"
"1906534","2017-06-01T12:00:00Z",-18.875,147.625,"2.17",0,"25.13","0.43",0,2017-06-01,"06","2017",2.17,25.13,"-18.875 147.625"
"1906535","2017-06-01T12:00:00Z",-18.875,147.675,"2.15",0,"25.19","0.46",0,2017-06-01,"06","2017",2.15,25.19,"-18.875 147.675"
"1906617","2017-06-01T12:00:00Z",-18.975,147.675,"2.13",0,"24.97","0.34",0,2017-06-01,"06","2017",2.13,24.97,"-18.975 147.675"
"1923878","2017-06-08T12:00:00Z",-18.675,147.675,"2.04",0,"25.28","0.7000000000000001",0,2017-06-08,"06","2017",2.04,25.28,"-18.675 147.675"
"1924000","2017-06-08T12:00:00Z",-18.825,147.625,"1.86",0,"24.92","0.52",0,2017-06-08,"06","2017",1.86,24.92,"-18.825 147.625"
"1924041","2017-06-08T12:00:00Z",-18.875,147.625,"1.71",0,"24.810000000000002","0.47000000000000003",0,2017-06-08,"06","2017",1.71,24.81,"-18.875 147.625"
"1924042","2017-06-08T12:00:00Z",-18.875,147.675,"1.7",0,"24.86","0.49",0,2017-06-08,"06","2017",1.7,24.86,"-18.875 147.675"
"1924124","2017-06-08T12:00:00Z",-18.975,147.675,"1.68",0,"24.66","0.4",0,2017-06-08,"06","2017",1.68,24.66,"-18.975 147.675"
"1941385","2017-06-15T12:00:00Z",-18.675,147.675,"0.74",0,"24.66","0.42",0,2017-06-15,"06","2017",0.74,24.66,"-18.675 147.675"
"1941507","2017-06-15T12:00:00Z",-18.825,147.625,"0.6900000000000001",0,"24.3","0.25",0,2017-06-15,"06","2017",0.69,24.3,"-18.825 147.625"
"1941548","2017-06-15T12:00:00Z",-18.875,147.625,"0.54",0,"24.23","0.25",0,2017-06-15,"06","2017",0.54,24.23,"-18.875 147.625"
"1941549","2017-06-15T12:00:00Z",-18.875,147.675,"0.55",0,"24.3","0.28",0,2017-06-15,"06","2017",0.55,24.3,"-18.875 147.675"
"1941631","2017-06-15T12:00:00Z",-18.975,147.675,"0.53",0,"24.17","0.28",0,2017-06-15,"06","2017",0.53,24.17,"-18.975 147.675"
"1958892","2017-06-22T12:00:00Z",-18.675,147.675,"0.0",0,"24.36","0.3",0,2017-06-22,"06","2017",0,24.36,"-18.675 147.675"
"1959014","2017-06-22T12:00:00Z",-18.825,147.625,"0.0",0,"24.05","0.19",0,2017-06-22,"06","2017",0,24.05,"-18.825 147.625"
"1959055","2017-06-22T12:00:00Z",-18.875,147.625,"0.0",0,"23.98","0.2",0,2017-06-22,"06","2017",0,23.98,"-18.875 147.625"
"1959056","2017-06-22T12:00:00Z",-18.875,147.675,"0.0",0,"23.98","0.16",0,2017-06-22,"06","2017",0,23.98,"-18.875 147.675"
"1959138","2017-06-22T12:00:00Z",-18.975,147.675,"0.0",0,"23.86","0.18",0,2017-06-22,"06","2017",0,23.86,"-18.975 147.675"
"1976399","2017-06-29T12:00:00Z",-18.675,147.675,"0.0",0,"24.18","0.3",0,2017-06-29,"06","2017",0,24.18,"-18.675 147.675"
"1976521","2017-06-29T12:00:00Z",-18.825,147.625,"0.0",0,"23.89","0.23",0,2017-06-29,"06","2017",0,23.89,"-18.825 147.625"
"1976562","2017-06-29T12:00:00Z",-18.875,147.625,"0.0",0,"23.78","0.2",0,2017-06-29,"06","2017",0,23.78,"-18.875 147.625"
"1976563","2017-06-29T12:00:00Z",-18.875,147.675,"0.0",0,"23.8","0.18",0,2017-06-29,"06","2017",0,23.8,"-18.875 147.675"
"1976645","2017-06-29T12:00:00Z",-18.975,147.675,"0.0",0,"23.6","0.13",0,2017-06-29,"06","2017",0,23.6,"-18.975 147.675"
"1993906","2017-07-06T12:00:00Z",-18.675,147.675,"0.0",0,"24.52","0.8300000000000001",0,2017-07-06,"07","2017",0,24.52,"-18.675 147.675"
"1994028","2017-07-06T12:00:00Z",-18.825,147.625,"0.0",0,"24.29","0.8200000000000001",0,2017-07-06,"07","2017",0,24.29,"-18.825 147.625"
"1994069","2017-07-06T12:00:00Z",-18.875,147.625,"0.0",0,"24.240000000000002","0.86",0,2017-07-06,"07","2017",0,24.24,"-18.875 147.625"
"1994070","2017-07-06T12:00:00Z",-18.875,147.675,"0.0",0,"24.23","0.81",0,2017-07-06,"07","2017",0,24.23,"-18.875 147.675"
"1994152","2017-07-06T12:00:00Z",-18.975,147.675,"0.0",0,"24.13","0.87",0,2017-07-06,"07","2017",0,24.13,"-18.975 147.675"
"2011413","2017-07-13T12:00:00Z",-18.675,147.675,"0.0",0,"24.34","0.8300000000000001",0,2017-07-13,"07","2017",0,24.34,"-18.675 147.675"
"2011535","2017-07-13T12:00:00Z",-18.825,147.625,"0.0",0,"24.18","0.9",0,2017-07-13,"07","2017",0,24.18,"-18.825 147.625"
"2011576","2017-07-13T12:00:00Z",-18.875,147.625,"0.0",0,"24.12","0.93",0,2017-07-13,"07","2017",0,24.12,"-18.875 147.625"
"2011577","2017-07-13T12:00:00Z",-18.875,147.675,"0.0",0,"24.11","0.88",0,2017-07-13,"07","2017",0,24.11,"-18.875 147.675"
"2011659","2017-07-13T12:00:00Z",-18.975,147.675,"0.0",0,"23.97","0.92",0,2017-07-13,"07","2017",0,23.97,"-18.975 147.675"
"2028920","2017-07-20T12:00:00Z",-18.675,147.675,"0.0",0,"24.37","0.92",0,2017-07-20,"07","2017",0,24.37,"-18.675 147.675"
"2029042","2017-07-20T12:00:00Z",-18.825,147.625,"0.0",0,"24.19","0.97",0,2017-07-20,"07","2017",0,24.19,"-18.825 147.625"
"2029083","2017-07-20T12:00:00Z",-18.875,147.625,"0.0",0,"24.16","1.02",0,2017-07-20,"07","2017",0,24.16,"-18.875 147.625"
"2029084","2017-07-20T12:00:00Z",-18.875,147.675,"0.0",0,"24.150000000000002","0.98",0,2017-07-20,"07","2017",0,24.15,"-18.875 147.675"
"2029166","2017-07-20T12:00:00Z",-18.975,147.675,"0.0",0,"24.13","1.1300000000000001",0,2017-07-20,"07","2017",0,24.13,"-18.975 147.675"
"2046427","2017-07-27T12:00:00Z",-18.675,147.675,"0.0",0,"24.080000000000002","0.64",0,2017-07-27,"07","2017",0,24.08,"-18.675 147.675"
"2046549","2017-07-27T12:00:00Z",-18.825,147.625,"0.0",0,"23.8","0.58",0,2017-07-27,"07","2017",0,23.8,"-18.825 147.625"
"2046590","2017-07-27T12:00:00Z",-18.875,147.625,"0.0",0,"23.75","0.6",0,2017-07-27,"07","2017",0,23.75,"-18.875 147.625"
"2046591","2017-07-27T12:00:00Z",-18.875,147.675,"0.0",0,"23.78","0.61",0,2017-07-27,"07","2017",0,23.78,"-18.875 147.675"
"2046673","2017-07-27T12:00:00Z",-18.975,147.675,"0.0",0,"23.73","0.72",0,2017-07-27,"07","2017",0,23.73,"-18.975 147.675"
"2063934","2017-08-03T12:00:00Z",-18.675,147.675,"0.0",0,"24.29","0.85",0,2017-08-03,"08","2017",0,24.29,"-18.675 147.675"
"2064056","2017-08-03T12:00:00Z",-18.825,147.625,"0.0",0,"24.150000000000002","0.92",0,2017-08-03,"08","2017",0,24.15,"-18.825 147.625"
"2064097","2017-08-03T12:00:00Z",-18.875,147.625,"0.0",0,"24.13","0.98",0,2017-08-03,"08","2017",0,24.13,"-18.875 147.625"
"2064098","2017-08-03T12:00:00Z",-18.875,147.675,"0.0",0,"24.12","0.9500000000000001",0,2017-08-03,"08","2017",0,24.12,"-18.875 147.675"
"2064180","2017-08-03T12:00:00Z",-18.975,147.675,"0.0",0,"24.07","1.05",0,2017-08-03,"08","2017",0,24.07,"-18.975 147.675"
"2081441","2017-08-10T12:00:00Z",-18.675,147.675,"0.0",0,"24.6","1.17",0,2017-08-10,"08","2017",0,24.6,"-18.675 147.675"
"2081563","2017-08-10T12:00:00Z",-18.825,147.625,"0.0",0,"24.28","1.05",0,2017-08-10,"08","2017",0,24.28,"-18.825 147.625"
"2081604","2017-08-10T12:00:00Z",-18.875,147.625,"0.0",0,"24.2","1.04",0,2017-08-10,"08","2017",0,24.2,"-18.875 147.625"
"2081605","2017-08-10T12:00:00Z",-18.875,147.675,"0.0",0,"24.240000000000002","1.07",0,2017-08-10,"08","2017",0,24.24,"-18.875 147.675"
"2081687","2017-08-10T12:00:00Z",-18.975,147.675,"0.0",0,"24.13","1.1",0,2017-08-10,"08","2017",0,24.13,"-18.975 147.675"
"2098948","2017-08-17T12:00:00Z",-18.675,147.675,"0.0",0,"24.69","1.23",0,2017-08-17,"08","2017",0,24.69,"-18.675 147.675"
"2099070","2017-08-17T12:00:00Z",-18.825,147.625,"0.0",0,"24.68","1.4000000000000001",0,2017-08-17,"08","2017",0,24.68,"-18.825 147.625"
"2099111","2017-08-17T12:00:00Z",-18.875,147.625,"0.0",0,"24.61","1.3900000000000001",0,2017-08-17,"08","2017",0,24.61,"-18.875 147.625"
"2099112","2017-08-17T12:00:00Z",-18.875,147.675,"0.0",0,"24.52","1.3",0,2017-08-17,"08","2017",0,24.52,"-18.875 147.675"
"2099194","2017-08-17T12:00:00Z",-18.975,147.675,"0.0",0,"24.39","1.3",0,2017-08-17,"08","2017",0,24.39,"-18.975 147.675"
"2116455","2017-08-24T12:00:00Z",-18.675,147.675,"0.0",0,"24.73","1.12",0,2017-08-24,"08","2017",0,24.73,"-18.675 147.675"
"2116577","2017-08-24T12:00:00Z",-18.825,147.625,"0.0",0,"24.64","1.19",0,2017-08-24,"08","2017",0,24.64,"-18.825 147.625"
"2116618","2017-08-24T12:00:00Z",-18.875,147.625,"0.0",0,"24.580000000000002","1.19",0,2017-08-24,"08","2017",0,24.58,"-18.875 147.625"
"2116619","2017-08-24T12:00:00Z",-18.875,147.675,"0.0",0,"24.5","1.11",0,2017-08-24,"08","2017",0,24.5,"-18.875 147.675"
"2116701","2017-08-24T12:00:00Z",-18.975,147.675,"0.0",0,"24.42","1.1400000000000001",0,2017-08-24,"08","2017",0,24.42,"-18.975 147.675"
"2133962","2017-08-31T12:00:00Z",-18.675,147.675,"0.0",0,"24.87","1.11",0,2017-08-31,"08","2017",0,24.87,"-18.675 147.675"
"2134084","2017-08-31T12:00:00Z",-18.825,147.625,"0.0",0,"24.85","1.23",0,2017-08-31,"08","2017",0,24.85,"-18.825 147.625"
"2134125","2017-08-31T12:00:00Z",-18.875,147.625,"0.0",0,"24.84","1.28",0,2017-08-31,"08","2017",0,24.84,"-18.875 147.625"
"2134126","2017-08-31T12:00:00Z",-18.875,147.675,"0.0",0,"24.76","1.2",0,2017-08-31,"08","2017",0,24.76,"-18.875 147.675"
"2134208","2017-08-31T12:00:00Z",-18.975,147.675,"0.0",0,"24.78","1.32",0,2017-08-31,"08","2017",0,24.78,"-18.975 147.675"
"2151469","2017-09-07T12:00:00Z",-18.675,147.675,"0.0",0,"24.89","0.98",0,2017-09-07,"09","2017",0,24.89,"-18.675 147.675"
"2151591","2017-09-07T12:00:00Z",-18.825,147.625,"0.0",0,"24.89","1.1",0,2017-09-07,"09","2017",0,24.89,"-18.825 147.625"
"2151632","2017-09-07T12:00:00Z",-18.875,147.625,"0.0",0,"24.89","1.16",0,2017-09-07,"09","2017",0,24.89,"-18.875 147.625"
"2151633","2017-09-07T12:00:00Z",-18.875,147.675,"0.0",0,"24.88","1.1500000000000001",0,2017-09-07,"09","2017",0,24.88,"-18.875 147.675"
"2151715","2017-09-07T12:00:00Z",-18.975,147.675,"0.0",0,"24.85","1.21",0,2017-09-07,"09","2017",0,24.85,"-18.975 147.675"
"2168976","2017-09-14T12:00:00Z",-18.675,147.675,"0.0",0,"24.080000000000002","0.02",0,2017-09-14,"09","2017",0,24.08,"-18.675 147.675"
"2169098","2017-09-14T12:00:00Z",-18.825,147.625,"0.0",0,"24.21","0.25",0,2017-09-14,"09","2017",0,24.21,"-18.825 147.625"
"2169139","2017-09-14T12:00:00Z",-18.875,147.625,"0.0",0,"24.23","0.32",0,2017-09-14,"09","2017",0,24.23,"-18.875 147.625"
"2169140","2017-09-14T12:00:00Z",-18.875,147.675,"0.0",0,"24.21","0.31",0,2017-09-14,"09","2017",0,24.21,"-18.875 147.675"
"2169222","2017-09-14T12:00:00Z",-18.975,147.675,"0.0",0,"24.18","0.36",0,2017-09-14,"09","2017",0,24.18,"-18.975 147.675"
"2186483","2017-09-21T12:00:00Z",-18.675,147.675,"0.0",0,"24.62","0.3",0,2017-09-21,"09","2017",0,24.62,"-18.675 147.675"
"2186605","2017-09-21T12:00:00Z",-18.825,147.625,"0.0",0,"24.53","0.29",0,2017-09-21,"09","2017",0,24.53,"-18.825 147.625"
"2186646","2017-09-21T12:00:00Z",-18.875,147.625,"0.0",0,"24.51","0.32",0,2017-09-21,"09","2017",0,24.51,"-18.875 147.625"
"2186647","2017-09-21T12:00:00Z",-18.875,147.675,"0.0",0,"24.48","0.29",0,2017-09-21,"09","2017",0,24.48,"-18.875 147.675"
"2186729","2017-09-21T12:00:00Z",-18.975,147.675,"0.0",0,"24.48","0.36",0,2017-09-21,"09","2017",0,24.48,"-18.975 147.675"
"2203990","2017-09-28T12:00:00Z",-18.675,147.675,"0.0",0,"25.19","0.58",0,2017-09-28,"09","2017",0,25.19,"-18.675 147.675"
"2204112","2017-09-28T12:00:00Z",-18.825,147.625,"0.0",0,"25.17","0.64",0,2017-09-28,"09","2017",0,25.17,"-18.825 147.625"
"2204153","2017-09-28T12:00:00Z",-18.875,147.625,"0.0",0,"25.19","0.6900000000000001",0,2017-09-28,"09","2017",0,25.19,"-18.875 147.625"
"2204154","2017-09-28T12:00:00Z",-18.875,147.675,"0.0",0,"25.18","0.68",0,2017-09-28,"09","2017",0,25.18,"-18.875 147.675"
"2204236","2017-09-28T12:00:00Z",-18.975,147.675,"0.0",0,"25.2","0.76",0,2017-09-28,"09","2017",0,25.2,"-18.975 147.675"
"2221497","2017-10-05T12:00:00Z",-18.675,147.675,"0.0",0,"25.42","0.53",0,2017-10-05,"10","2017",0,25.42,"-18.675 147.675"
"2221619","2017-10-05T12:00:00Z",-18.825,147.625,"0.0",0,"25.42","0.59",0,2017-10-05,"10","2017",0,25.42,"-18.825 147.625"
"2221660","2017-10-05T12:00:00Z",-18.875,147.625,"0.0",0,"25.42","0.61",0,2017-10-05,"10","2017",0,25.42,"-18.875 147.625"
"2221661","2017-10-05T12:00:00Z",-18.875,147.675,"0.0",0,"25.42","0.61",0,2017-10-05,"10","2017",0,25.42,"-18.875 147.675"
"2221743","2017-10-05T12:00:00Z",-18.975,147.675,"0.0",0,"25.42","0.66",0,2017-10-05,"10","2017",0,25.42,"-18.975 147.675"
"2239004","2017-10-12T12:00:00Z",-18.675,147.675,"0.0",0,"25.75","0.5700000000000001",0,2017-10-12,"10","2017",0,25.75,"-18.675 147.675"
"2239126","2017-10-12T12:00:00Z",-18.825,147.625,"0.0",0,"25.8","0.67",0,2017-10-12,"10","2017",0,25.8,"-18.825 147.625"
"2239167","2017-10-12T12:00:00Z",-18.875,147.625,"0.0",0,"25.830000000000002","0.71",0,2017-10-12,"10","2017",0,25.83,"-18.875 147.625"
"2239168","2017-10-12T12:00:00Z",-18.875,147.675,"0.0",0,"25.8","0.68",0,2017-10-12,"10","2017",0,25.8,"-18.875 147.675"
"2239250","2017-10-12T12:00:00Z",-18.975,147.675,"0.0",0,"25.84","0.76",0,2017-10-12,"10","2017",0,25.84,"-18.975 147.675"
"2256511","2017-10-19T12:00:00Z",-18.675,147.675,"0.0",0,"25.69","0.21",0,2017-10-19,"10","2017",0,25.69,"-18.675 147.675"
"2256633","2017-10-19T12:00:00Z",-18.825,147.625,"0.0",0,"25.63","0.19",0,2017-10-19,"10","2017",0,25.63,"-18.825 147.625"
"2256674","2017-10-19T12:00:00Z",-18.875,147.625,"0.0",0,"25.62","0.18",0,2017-10-19,"10","2017",0,25.62,"-18.875 147.625"
"2256675","2017-10-19T12:00:00Z",-18.875,147.675,"0.0",0,"25.62","0.19",0,2017-10-19,"10","2017",0,25.62,"-18.875 147.675"
"2256757","2017-10-19T12:00:00Z",-18.975,147.675,"0.0",0,"25.62","0.21",0,2017-10-19,"10","2017",0,25.62,"-18.975 147.675"
"2274018","2017-10-26T12:00:00Z",-18.675,147.675,"0.0",0,"26.11","0.33",0,2017-10-26,"10","2017",0,26.11,"-18.675 147.675"
"2274140","2017-10-26T12:00:00Z",-18.825,147.625,"0.0",0,"26.060000000000002","0.3",0,2017-10-26,"10","2017",0,26.06,"-18.825 147.625"
"2274181","2017-10-26T12:00:00Z",-18.875,147.625,"0.0",0,"26.060000000000002","0.3",0,2017-10-26,"10","2017",0,26.06,"-18.875 147.625"
"2274182","2017-10-26T12:00:00Z",-18.875,147.675,"0.0",0,"26.05","0.29",0,2017-10-26,"10","2017",0,26.05,"-18.875 147.675"
"2274264","2017-10-26T12:00:00Z",-18.975,147.675,"0.0",0,"26.04","0.29",0,2017-10-26,"10","2017",0,26.04,"-18.975 147.675"
"2291525","2017-11-02T12:00:00Z",-18.675,147.675,"0.0",0,"26.830000000000002","0.74",0,2017-11-02,"11","2017",0,26.83,"-18.675 147.675"
"2291647","2017-11-02T12:00:00Z",-18.825,147.625,"0.0",0,"26.88","0.8",0,2017-11-02,"11","2017",0,26.88,"-18.825 147.625"
"2291688","2017-11-02T12:00:00Z",-18.875,147.625,"0.0",0,"26.96","0.87",0,2017-11-02,"11","2017",0,26.96,"-18.875 147.625"
"2291689","2017-11-02T12:00:00Z",-18.875,147.675,"0.0",0,"26.94","0.86",0,2017-11-02,"11","2017",0,26.94,"-18.875 147.675"
"2291771","2017-11-02T12:00:00Z",-18.975,147.675,"0.0",0,"27.12","1.03",0,2017-11-02,"11","2017",0,27.12,"-18.975 147.675"
"2309032","2017-11-09T12:00:00Z",-18.675,147.675,"0.0",0,"26.68","0.28",0,2017-11-09,"11","2017",0,26.68,"-18.675 147.675"
"2309154","2017-11-09T12:00:00Z",-18.825,147.625,"0.0",0,"26.57","0.16",0,2017-11-09,"11","2017",0,26.57,"-18.825 147.625"
"2309195","2017-11-09T12:00:00Z",-18.875,147.625,"0.0",0,"26.59","0.17",0,2017-11-09,"11","2017",0,26.59,"-18.875 147.625"
"2309196","2017-11-09T12:00:00Z",-18.875,147.675,"0.0",0,"26.57","0.17",0,2017-11-09,"11","2017",0,26.57,"-18.875 147.675"
"2309278","2017-11-09T12:00:00Z",-18.975,147.675,"0.0",0,"26.62","0.19",0,2017-11-09,"11","2017",0,26.62,"-18.975 147.675"
"2326539","2017-11-16T12:00:00Z",-18.675,147.675,"0.0",0,"26.41","-0.28",0,2017-11-16,"11","2017",0,26.41,"-18.675 147.675"
"2326661","2017-11-16T12:00:00Z",-18.825,147.625,"0.0",0,"26.26","-0.45",0,2017-11-16,"11","2017",0,26.26,"-18.825 147.625"
"2326702","2017-11-16T12:00:00Z",-18.875,147.625,"0.0",0,"26.23","-0.5",0,2017-11-16,"11","2017",0,26.23,"-18.875 147.625"
"2326703","2017-11-16T12:00:00Z",-18.875,147.675,"0.0",0,"26.27","-0.44",0,2017-11-16,"11","2017",0,26.27,"-18.875 147.675"
"2326785","2017-11-16T12:00:00Z",-18.975,147.675,"0.0",0,"26.23","-0.52",0,2017-11-16,"11","2017",0,26.23,"-18.975 147.675"
"2344046","2017-11-23T12:00:00Z",-18.675,147.675,"0.0",0,"26.35","-0.55",0,2017-11-23,"11","2017",0,26.35,"-18.675 147.675"
"2344168","2017-11-23T12:00:00Z",-18.825,147.625,"0.0",0,"26.240000000000002","-0.68",0,2017-11-23,"11","2017",0,26.24,"-18.825 147.625"
"2344209","2017-11-23T12:00:00Z",-18.875,147.625,"0.0",0,"26.240000000000002","-0.6900000000000001",0,2017-11-23,"11","2017",0,26.24,"-18.875 147.625"
"2344210","2017-11-23T12:00:00Z",-18.875,147.675,"0.0",0,"26.240000000000002","-0.68",0,2017-11-23,"11","2017",0,26.24,"-18.875 147.675"
"2344292","2017-11-23T12:00:00Z",-18.975,147.675,"0.0",0,"26.27","-0.68",0,2017-11-23,"11","2017",0,26.27,"-18.975 147.675"
"2361553","2017-11-30T12:00:00Z",-18.675,147.675,"0.0",0,"26.96","-0.15",0,2017-11-30,"11","2017",0,26.96,"-18.675 147.675"
"2361675","2017-11-30T12:00:00Z",-18.825,147.625,"0.0",0,"26.87","-0.25",0,2017-11-30,"11","2017",0,26.87,"-18.825 147.625"
"2361716","2017-11-30T12:00:00Z",-18.875,147.625,"0.0",0,"26.830000000000002","-0.31",0,2017-11-30,"11","2017",0,26.83,"-18.875 147.625"
"2361717","2017-11-30T12:00:00Z",-18.875,147.675,"0.0",0,"26.810000000000002","-0.31",0,2017-11-30,"11","2017",0,26.81,"-18.875 147.675"
"2361799","2017-11-30T12:00:00Z",-18.975,147.675,"0.0",0,"26.71","-0.44",0,2017-11-30,"11","2017",0,26.71,"-18.975 147.675"
"2379060","2017-12-07T12:00:00Z",-18.675,147.675,"0.0",0,"28.14","0.8200000000000001",0,2017-12-07,"12","2017",0,28.14,"-18.675 147.675"
"2379182","2017-12-07T12:00:00Z",-18.825,147.625,"0.0",0,"28.28","0.9500000000000001",0,2017-12-07,"12","2017",0,28.28,"-18.825 147.625"
"2379223","2017-12-07T12:00:00Z",-18.875,147.625,"0.0",0,"28.3","0.9500000000000001",0,2017-12-07,"12","2017",0,28.3,"-18.875 147.625"
"2379224","2017-12-07T12:00:00Z",-18.875,147.675,"0.0",0,"28.22","0.89",0,2017-12-07,"12","2017",0,28.22,"-18.875 147.675"
"2379306","2017-12-07T12:00:00Z",-18.975,147.675,"0.0",0,"28.25","0.9",0,2017-12-07,"12","2017",0,28.25,"-18.975 147.675"
"2396567","2017-12-14T12:00:00Z",-18.675,147.675,"0.0",0,"27.85","0.32",0,2017-12-14,"12","2017",0,27.85,"-18.675 147.675"
"2396689","2017-12-14T12:00:00Z",-18.825,147.625,"0.0",0,"27.77","0.23",0,2017-12-14,"12","2017",0,27.77,"-18.825 147.625"
"2396730","2017-12-14T12:00:00Z",-18.875,147.625,"0.0",0,"27.75","0.2",0,2017-12-14,"12","2017",0,27.75,"-18.875 147.625"
"2396731","2017-12-14T12:00:00Z",-18.875,147.675,"0.0",0,"27.73","0.19",0,2017-12-14,"12","2017",0,27.73,"-18.875 147.675"
"2396813","2017-12-14T12:00:00Z",-18.975,147.675,"0.0",0,"27.7","0.15",0,2017-12-14,"12","2017",0,27.7,"-18.975 147.675"
"2414074","2017-12-21T12:00:00Z",-18.675,147.675,"0.0",0,"28.12","0.43",0,2017-12-21,"12","2017",0,28.12,"-18.675 147.675"
"2414196","2017-12-21T12:00:00Z",-18.825,147.625,"0.0",0,"28.03","0.32",0,2017-12-21,"12","2017",0,28.03,"-18.825 147.625"
"2414237","2017-12-21T12:00:00Z",-18.875,147.625,"0.0",0,"28.03","0.31",0,2017-12-21,"12","2017",0,28.03,"-18.875 147.625"
"2414238","2017-12-21T12:00:00Z",-18.875,147.675,"0.0",0,"28.02","0.31",0,2017-12-21,"12","2017",0,28.02,"-18.875 147.675"
"2414320","2017-12-21T12:00:00Z",-18.975,147.675,"0.0",0,"28.07","0.35000000000000003",0,2017-12-21,"12","2017",0,28.07,"-18.975 147.675"
"2431581","2017-12-28T12:00:00Z",-18.675,147.675,"0.0",0,"28.400000000000002","0.55",0,2017-12-28,"12","2017",0,28.4,"-18.675 147.675"
"2431703","2017-12-28T12:00:00Z",-18.825,147.625,"0.0",0,"28.400000000000002","0.54",0,2017-12-28,"12","2017",0,28.4,"-18.825 147.625"
"2431744","2017-12-28T12:00:00Z",-18.875,147.625,"0.0",0,"28.43","0.56",0,2017-12-28,"12","2017",0,28.43,"-18.875 147.625"
"2431745","2017-12-28T12:00:00Z",-18.875,147.675,"0.0",0,"28.41","0.55",0,2017-12-28,"12","2017",0,28.41,"-18.875 147.675"
"2431827","2017-12-28T12:00:00Z",-18.975,147.675,"0.0",0,"28.48","0.61",0,2017-12-28,"12","2017",0,28.48,"-18.975 147.675"
"2449088","2018-01-04T12:00:00Z",-18.675,147.675,"0.0",0,"28.87","0.86",0,2018-01-04,"01","2018",0,28.87,"-18.675 147.675"
"2449210","2018-01-04T12:00:00Z",-18.825,147.625,"0.0",0,"28.93","0.91",0,2018-01-04,"01","2018",0,28.93,"-18.825 147.625"
"2449251","2018-01-04T12:00:00Z",-18.875,147.625,"0.0",0,"28.97","0.9400000000000001",0,2018-01-04,"01","2018",0,28.97,"-18.875 147.625"
"2449252","2018-01-04T12:00:00Z",-18.875,147.675,"0.0",0,"28.94","0.92",0,2018-01-04,"01","2018",0,28.94,"-18.875 147.675"
"2449334","2018-01-04T12:00:00Z",-18.975,147.675,"0.0",0,"29.01","0.98",0,2018-01-04,"01","2018",0,29.01,"-18.975 147.675"
"2466595","2018-01-11T12:00:00Z",-18.675,147.675,"0.0",0,"28.69","0.53",0,2018-01-11,"01","2018",0,28.69,"-18.675 147.675"
"2466717","2018-01-11T12:00:00Z",-18.825,147.625,"0.0",0,"28.63","0.45",0,2018-01-11,"01","2018",0,28.63,"-18.825 147.625"
"2466758","2018-01-11T12:00:00Z",-18.875,147.625,"0.0",0,"28.650000000000002","0.46",0,2018-01-11,"01","2018",0,28.65,"-18.875 147.625"
"2466759","2018-01-11T12:00:00Z",-18.875,147.675,"0.0",0,"28.63","0.45",0,2018-01-11,"01","2018",0,28.63,"-18.875 147.675"
"2466841","2018-01-11T12:00:00Z",-18.975,147.675,"0.0",0,"28.650000000000002","0.46",0,2018-01-11,"01","2018",0,28.65,"-18.975 147.675"
"2484102","2018-01-18T12:00:00Z",-18.675,147.675,"0.0",0,"28.46","0.2",0,2018-01-18,"01","2018",0,28.46,"-18.675 147.675"
"2484224","2018-01-18T12:00:00Z",-18.825,147.625,"0.0",0,"28.43","0.15",0,2018-01-18,"01","2018",0,28.43,"-18.825 147.625"
"2484265","2018-01-18T12:00:00Z",-18.875,147.625,"0.0",0,"28.44","0.15",0,2018-01-18,"01","2018",0,28.44,"-18.875 147.625"
"2484266","2018-01-18T12:00:00Z",-18.875,147.675,"0.0",0,"28.45","0.17",0,2018-01-18,"01","2018",0,28.45,"-18.875 147.675"
"2484348","2018-01-18T12:00:00Z",-18.975,147.675,"0.0",0,"28.44","0.15",0,2018-01-18,"01","2018",0,28.44,"-18.975 147.675"
"2501609","2018-01-25T12:00:00Z",-18.675,147.675,"0.0",0,"28.47","0.18",0,2018-01-25,"01","2018",0,28.47,"-18.675 147.675"
"2501731","2018-01-25T12:00:00Z",-18.825,147.625,"0.0",0,"28.400000000000002","0.09",0,2018-01-25,"01","2018",0,28.4,"-18.825 147.625"
"2501772","2018-01-25T12:00:00Z",-18.875,147.625,"0.0",0,"28.38","0.06",0,2018-01-25,"01","2018",0,28.38,"-18.875 147.625"
"2501773","2018-01-25T12:00:00Z",-18.875,147.675,"0.0",0,"28.37","0.06",0,2018-01-25,"01","2018",0,28.37,"-18.875 147.675"
"2501855","2018-01-25T12:00:00Z",-18.975,147.675,"0.0",0,"28.330000000000002","0.01",0,2018-01-25,"01","2018",0,28.33,"-18.975 147.675"
"2519116","2018-02-01T12:00:00Z",-18.675,147.675,"0.0",0,"28.98","0.66",0,2018-02-01,"02","2018",0,28.98,"-18.675 147.675"
"2519238","2018-02-01T12:00:00Z",-18.825,147.625,"0.0",0,"28.900000000000002","0.56",0,2018-02-01,"02","2018",0,28.9,"-18.825 147.625"
"2519279","2018-02-01T12:00:00Z",-18.875,147.625,"0.0",0,"28.87","0.52",0,2018-02-01,"02","2018",0,28.87,"-18.875 147.625"
"2519280","2018-02-01T12:00:00Z",-18.875,147.675,"0.0",0,"28.830000000000002","0.49",0,2018-02-01,"02","2018",0,28.83,"-18.875 147.675"
"2519362","2018-02-01T12:00:00Z",-18.975,147.675,"0.0",0,"28.79","0.44",0,2018-02-01,"02","2018",0,28.79,"-18.975 147.675"
"2536623","2018-02-08T12:00:00Z",-18.675,147.675,"0.0",0,"28.23","-0.11",0,2018-02-08,"02","2018",0,28.23,"-18.675 147.675"
"2536745","2018-02-08T12:00:00Z",-18.825,147.625,"0.0",0,"28.13","-0.23",0,2018-02-08,"02","2018",0,28.13,"-18.825 147.625"
"2536786","2018-02-08T12:00:00Z",-18.875,147.625,"0.0",0,"28.13","-0.24",0,2018-02-08,"02","2018",0,28.13,"-18.875 147.625"
"2536787","2018-02-08T12:00:00Z",-18.875,147.675,"0.0",0,"28.11","-0.25",0,2018-02-08,"02","2018",0,28.11,"-18.875 147.675"
"2536869","2018-02-08T12:00:00Z",-18.975,147.675,"0.0",0,"28.12","-0.25",0,2018-02-08,"02","2018",0,28.12,"-18.975 147.675"
"2554130","2018-02-15T12:00:00Z",-18.675,147.675,"0.0",0,"28.64","0.27",0,2018-02-15,"02","2018",0,28.64,"-18.675 147.675"
"2554252","2018-02-15T12:00:00Z",-18.825,147.625,"0.0",0,"28.650000000000002","0.26",0,2018-02-15,"02","2018",0,28.65,"-18.825 147.625"
"2554293","2018-02-15T12:00:00Z",-18.875,147.625,"0.0",0,"28.66","0.26",0,2018-02-15,"02","2018",0,28.66,"-18.875 147.625"
"2554294","2018-02-15T12:00:00Z",-18.875,147.675,"0.0",0,"28.63","0.24",0,2018-02-15,"02","2018",0,28.63,"-18.875 147.675"
"2554376","2018-02-15T12:00:00Z",-18.975,147.675,"0.0",0,"28.64","0.24",0,2018-02-15,"02","2018",0,28.64,"-18.975 147.675"
"2571637","2018-02-22T12:00:00Z",-18.675,147.675,"0.0",0,"29.36","1.11",0,2018-02-22,"02","2018",0,29.36,"-18.675 147.675"
"2571759","2018-02-22T12:00:00Z",-18.825,147.625,"0.0",0,"29.27","1.02",0,2018-02-22,"02","2018",0,29.27,"-18.825 147.625"
"2571800","2018-02-22T12:00:00Z",-18.875,147.625,"0.0",0,"29.25","1.0",0,2018-02-22,"02","2018",0,29.25,"-18.875 147.625"
"2571801","2018-02-22T12:00:00Z",-18.875,147.675,"0.0",0,"29.22","0.98",0,2018-02-22,"02","2018",0,29.22,"-18.875 147.675"
"2571883","2018-02-22T12:00:00Z",-18.975,147.675,"0.0",0,"29.21","0.97",0,2018-02-22,"02","2018",0,29.21,"-18.975 147.675"
"2589144","2018-03-01T12:00:00Z",-18.675,147.675,"0.0",0,"28.8","0.67",0,2018-03-01,"03","2018",0,28.8,"-18.675 147.675"
"2589266","2018-03-01T12:00:00Z",-18.825,147.625,"0.0",0,"28.77","0.66",0,2018-03-01,"03","2018",0,28.77,"-18.825 147.625"
"2589307","2018-03-01T12:00:00Z",-18.875,147.625,"0.0",0,"28.76","0.65",0,2018-03-01,"03","2018",0,28.76,"-18.875 147.625"
"2589308","2018-03-01T12:00:00Z",-18.875,147.675,"0.0",0,"28.76","0.66",0,2018-03-01,"03","2018",0,28.76,"-18.875 147.675"
"2589390","2018-03-01T12:00:00Z",-18.975,147.675,"0.0",0,"28.75","0.66",0,2018-03-01,"03","2018",0,28.75,"-18.975 147.675"
"2606651","2018-03-08T12:00:00Z",-18.675,147.675,"0.0",0,"28.71","0.7000000000000001",0,2018-03-08,"03","2018",0,28.71,"-18.675 147.675"
"2606773","2018-03-08T12:00:00Z",-18.825,147.625,"0.0",0,"28.57","0.59",0,2018-03-08,"03","2018",0,28.57,"-18.825 147.625"
"2606814","2018-03-08T12:00:00Z",-18.875,147.625,"0.0",0,"28.53","0.56",0,2018-03-08,"03","2018",0,28.53,"-18.875 147.625"
"2606815","2018-03-08T12:00:00Z",-18.875,147.675,"0.0",0,"28.53","0.58",0,2018-03-08,"03","2018",0,28.53,"-18.875 147.675"
"2606897","2018-03-08T12:00:00Z",-18.975,147.675,"0.0",0,"28.47","0.54",0,2018-03-08,"03","2018",0,28.47,"-18.975 147.675"
"2624158","2018-03-15T12:00:00Z",-18.675,147.675,"0.0",0,"28.22","0.33",0,2018-03-15,"03","2018",0,28.22,"-18.675 147.675"
"2624280","2018-03-15T12:00:00Z",-18.825,147.625,"0.0",0,"28.11","0.27",0,2018-03-15,"03","2018",0,28.11,"-18.825 147.625"
"2624321","2018-03-15T12:00:00Z",-18.875,147.625,"0.0",0,"28.09","0.27",0,2018-03-15,"03","2018",0,28.09,"-18.875 147.625"
"2624322","2018-03-15T12:00:00Z",-18.875,147.675,"0.0",0,"28.09","0.28",0,2018-03-15,"03","2018",0,28.09,"-18.875 147.675"
"2624404","2018-03-15T12:00:00Z",-18.975,147.675,"0.0",0,"28.11","0.33",0,2018-03-15,"03","2018",0,28.11,"-18.975 147.675"
"2641665","2018-03-22T12:00:00Z",-18.675,147.675,"0.0",0,"27.97","0.29",0,2018-03-22,"03","2018",0,27.97,"-18.675 147.675"
"2641787","2018-03-22T12:00:00Z",-18.825,147.625,"0.0",0,"27.98","0.36",0,2018-03-22,"03","2018",0,27.98,"-18.825 147.625"
"2641828","2018-03-22T12:00:00Z",-18.875,147.625,"0.0",0,"27.97","0.37",0,2018-03-22,"03","2018",0,27.97,"-18.875 147.625"
"2641829","2018-03-22T12:00:00Z",-18.875,147.675,"0.0",0,"27.96","0.36",0,2018-03-22,"03","2018",0,27.96,"-18.875 147.675"
"2641911","2018-03-22T12:00:00Z",-18.975,147.675,"0.0",0,"27.96","0.4",0,2018-03-22,"03","2018",0,27.96,"-18.975 147.675"
"2659172","2018-03-29T12:00:00Z",-18.675,147.675,"0.0",0,"28.19","0.72",0,2018-03-29,"03","2018",0,28.19,"-18.675 147.675"
"2659294","2018-03-29T12:00:00Z",-18.825,147.625,"0.0",0,"28.13","0.72",0,2018-03-29,"03","2018",0,28.13,"-18.825 147.625"
"2659335","2018-03-29T12:00:00Z",-18.875,147.625,"0.0",0,"28.12","0.74",0,2018-03-29,"03","2018",0,28.12,"-18.875 147.625"
"2659336","2018-03-29T12:00:00Z",-18.875,147.675,"0.0",0,"28.11","0.73",0,2018-03-29,"03","2018",0,28.11,"-18.875 147.675"
"2659418","2018-03-29T12:00:00Z",-18.975,147.675,"0.0",0,"28.11","0.77",0,2018-03-29,"03","2018",0,28.11,"-18.975 147.675"
"2676679","2018-04-05T12:00:00Z",-18.675,147.675,"0.0",0,"27.84","0.59",0,2018-04-05,"04","2018",0,27.84,"-18.675 147.675"
"2676801","2018-04-05T12:00:00Z",-18.825,147.625,"0.0",0,"27.61","0.42",0,2018-04-05,"04","2018",0,27.61,"-18.825 147.625"
"2676842","2018-04-05T12:00:00Z",-18.875,147.625,"0.0",0,"27.55","0.39",0,2018-04-05,"04","2018",0,27.55,"-18.875 147.625"
"2676843","2018-04-05T12:00:00Z",-18.875,147.675,"0.0",0,"27.59","0.42",0,2018-04-05,"04","2018",0,27.59,"-18.875 147.675"
"2676925","2018-04-05T12:00:00Z",-18.975,147.675,"0.0",0,"27.5","0.38",0,2018-04-05,"04","2018",0,27.5,"-18.975 147.675"
"2694186","2018-04-12T12:00:00Z",-18.675,147.675,"0.0",0,"27.2","0.16",0,2018-04-12,"04","2018",0,27.2,"-18.675 147.675"
"2694308","2018-04-12T12:00:00Z",-18.825,147.625,"0.0",0,"27.060000000000002","0.09",0,2018-04-12,"04","2018",0,27.06,"-18.825 147.625"
"2694349","2018-04-12T12:00:00Z",-18.875,147.625,"0.0",0,"27.02","0.08",0,2018-04-12,"04","2018",0,27.02,"-18.875 147.625"
"2694350","2018-04-12T12:00:00Z",-18.875,147.675,"0.0",0,"27.02","0.07",0,2018-04-12,"04","2018",0,27.02,"-18.875 147.675"
"2694432","2018-04-12T12:00:00Z",-18.975,147.675,"0.0",0,"26.94","0.04",0,2018-04-12,"04","2018",0,26.94,"-18.975 147.675"
"2711693","2018-04-19T12:00:00Z",-18.675,147.675,"0.0",0,"27.060000000000002","0.27",0,2018-04-19,"04","2018",0,27.06,"-18.675 147.675"
"2711815","2018-04-19T12:00:00Z",-18.825,147.625,"0.0",0,"27.05","0.34",0,2018-04-19,"04","2018",0,27.05,"-18.825 147.625"
"2711856","2018-04-19T12:00:00Z",-18.875,147.625,"0.0",0,"27.04","0.36",0,2018-04-19,"04","2018",0,27.04,"-18.875 147.625"
"2711857","2018-04-19T12:00:00Z",-18.875,147.675,"0.0",0,"27.03","0.34",0,2018-04-19,"04","2018",0,27.03,"-18.875 147.675"
"2711939","2018-04-19T12:00:00Z",-18.975,147.675,"0.0",0,"27.01","0.37",0,2018-04-19,"04","2018",0,27.01,"-18.975 147.675"
"2729200","2018-04-26T12:00:00Z",-18.675,147.675,"0.0",0,"26.740000000000002","0.23",0,2018-04-26,"04","2018",0,26.74,"-18.675 147.675"
"2729322","2018-04-26T12:00:00Z",-18.825,147.625,"0.0",0,"26.830000000000002","0.42",0,2018-04-26,"04","2018",0,26.83,"-18.825 147.625"
"2729363","2018-04-26T12:00:00Z",-18.875,147.625,"0.0",0,"26.85","0.47000000000000003",0,2018-04-26,"04","2018",0,26.85,"-18.875 147.625"
"2729364","2018-04-26T12:00:00Z",-18.875,147.675,"0.0",0,"26.82","0.43",0,2018-04-26,"04","2018",0,26.82,"-18.875 147.675"
"2729446","2018-04-26T12:00:00Z",-18.975,147.675,"0.0",0,"26.84","0.5",0,2018-04-26,"04","2018",0,26.84,"-18.975 147.675"
"2746707","2018-05-03T12:00:00Z",-18.675,147.675,"0.0",0,"26.42","0.2",0,2018-05-03,"05","2018",0,26.42,"-18.675 147.675"
"2746829","2018-05-03T12:00:00Z",-18.825,147.625,"0.0",0,"26.36","0.24",0,2018-05-03,"05","2018",0,26.36,"-18.825 147.625"
"2746870","2018-05-03T12:00:00Z",-18.875,147.625,"0.0",0,"26.35","0.27",0,2018-05-03,"05","2018",0,26.35,"-18.875 147.625"
"2746871","2018-05-03T12:00:00Z",-18.875,147.675,"0.0",0,"26.35","0.25",0,2018-05-03,"05","2018",0,26.35,"-18.875 147.675"
"2746953","2018-05-03T12:00:00Z",-18.975,147.675,"0.0",0,"26.310000000000002","0.27",0,2018-05-03,"05","2018",0,26.31,"-18.975 147.675"
"2764214","2018-05-10T12:00:00Z",-18.675,147.675,"0.0",0,"26.07","0.13",0,2018-05-10,"05","2018",0,26.07,"-18.675 147.675"
"2764336","2018-05-10T12:00:00Z",-18.825,147.625,"0.0",0,"25.94","0.12",0,2018-05-10,"05","2018",0,25.94,"-18.825 147.625"
"2764377","2018-05-10T12:00:00Z",-18.875,147.625,"0.0",0,"25.89","0.11",0,2018-05-10,"05","2018",0,25.89,"-18.875 147.625"
"2764378","2018-05-10T12:00:00Z",-18.875,147.675,"0.0",0,"25.900000000000002","0.1",0,2018-05-10,"05","2018",0,25.9,"-18.875 147.675"
"2764460","2018-05-10T12:00:00Z",-18.975,147.675,"0.0",0,"25.82","0.09",0,2018-05-10,"05","2018",0,25.82,"-18.975 147.675"
"2781721","2018-05-17T12:00:00Z",-18.675,147.675,"0.0",0,"25.68","0.04",0,2018-05-17,"05","2018",0,25.68,"-18.675 147.675"
"2781843","2018-05-17T12:00:00Z",-18.825,147.625,"0.0",0,"25.5","-0.01",0,2018-05-17,"05","2018",0,25.5,"-18.825 147.625"
"2781884","2018-05-17T12:00:00Z",-18.875,147.625,"0.0",0,"25.44","-0.03",0,2018-05-17,"05","2018",0,25.44,"-18.875 147.625"
"2781885","2018-05-17T12:00:00Z",-18.875,147.675,"0.0",0,"25.46","-0.03",0,2018-05-17,"05","2018",0,25.46,"-18.875 147.675"
"2781967","2018-05-17T12:00:00Z",-18.975,147.675,"0.0",0,"25.34","-0.07",0,2018-05-17,"05","2018",0,25.34,"-18.975 147.675"
"2799228","2018-05-24T12:00:00Z",-18.675,147.675,"0.0",0,"25.18","-0.12",0,2018-05-24,"05","2018",0,25.18,"-18.675 147.675"
"2799350","2018-05-24T12:00:00Z",-18.825,147.625,"0.0",0,"25.04","-0.12",0,2018-05-24,"05","2018",0,25.04,"-18.825 147.625"
"2799391","2018-05-24T12:00:00Z",-18.875,147.625,"0.0",0,"25.0","-0.11",0,2018-05-24,"05","2018",0,25,"-18.875 147.625"
"2799392","2018-05-24T12:00:00Z",-18.875,147.675,"0.0",0,"25.02","-0.11",0,2018-05-24,"05","2018",0,25.02,"-18.875 147.675"
"2799474","2018-05-24T12:00:00Z",-18.975,147.675,"0.0",0,"24.92","-0.13",0,2018-05-24,"05","2018",0,24.92,"-18.975 147.675"
"2816735","2018-05-31T12:00:00Z",-18.675,147.675,"0.0",0,"24.64","-0.33",0,2018-05-31,"05","2018",0,24.64,"-18.675 147.675"
"2816857","2018-05-31T12:00:00Z",-18.825,147.625,"0.0",0,"24.45","-0.35000000000000003",0,2018-05-31,"05","2018",0,24.45,"-18.825 147.625"
"2816898","2018-05-31T12:00:00Z",-18.875,147.625,"0.0",0,"24.400000000000002","-0.35000000000000003",0,2018-05-31,"05","2018",0,24.4,"-18.875 147.625"
"2816899","2018-05-31T12:00:00Z",-18.875,147.675,"0.0",0,"24.41","-0.37",0,2018-05-31,"05","2018",0,24.41,"-18.875 147.675"
"2816981","2018-05-31T12:00:00Z",-18.975,147.675,"0.0",0,"24.330000000000002","-0.35000000000000003",0,2018-05-31,"05","2018",0,24.33,"-18.975 147.675"
"2834242","2018-06-07T12:00:00Z",-18.675,147.675,"0.0",0,"24.400000000000002","-0.23",0,2018-06-07,"06","2018",0,24.4,"-18.675 147.675"
"2834364","2018-06-07T12:00:00Z",-18.825,147.625,"0.0",0,"24.23","-0.22",0,2018-06-07,"06","2018",0,24.23,"-18.825 147.625"
"2834405","2018-06-07T12:00:00Z",-18.875,147.625,"0.0",0,"24.18","-0.21",0,2018-06-07,"06","2018",0,24.18,"-18.875 147.625"
"2834406","2018-06-07T12:00:00Z",-18.875,147.675,"0.0",0,"24.19","-0.24",0,2018-06-07,"06","2018",0,24.19,"-18.875 147.675"
"2834488","2018-06-07T12:00:00Z",-18.975,147.675,"0.0",0,"24.080000000000002","-0.23",0,2018-06-07,"06","2018",0,24.08,"-18.975 147.675"
"2851749","2018-06-14T12:00:00Z",-18.675,147.675,"0.0",0,"24.330000000000002","0.04",0,2018-06-14,"06","2018",0,24.33,"-18.675 147.675"
"2851871","2018-06-14T12:00:00Z",-18.825,147.625,"0.0",0,"23.990000000000002","-0.11",0,2018-06-14,"06","2018",0,23.99,"-18.825 147.625"
"2851912","2018-06-14T12:00:00Z",-18.875,147.625,"0.0",0,"23.95","-0.08",0,2018-06-14,"06","2018",0,23.95,"-18.875 147.625"
"2851913","2018-06-14T12:00:00Z",-18.875,147.675,"0.0",0,"23.94","-0.13",0,2018-06-14,"06","2018",0,23.94,"-18.875 147.675"
"2851995","2018-06-14T12:00:00Z",-18.975,147.675,"0.0",0,"23.87","-0.07",0,2018-06-14,"06","2018",0,23.87,"-18.975 147.675"
"2869256","2018-06-21T12:00:00Z",-18.675,147.675,"0.0",0,"24.03","-0.05",0,2018-06-21,"06","2018",0,24.03,"-18.675 147.675"
"2869378","2018-06-21T12:00:00Z",-18.825,147.625,"0.0",0,"23.8","-0.08",0,2018-06-21,"06","2018",0,23.8,"-18.825 147.625"
"2869419","2018-06-21T12:00:00Z",-18.875,147.625,"0.0",0,"23.740000000000002","-0.07",0,2018-06-21,"06","2018",0,23.74,"-18.875 147.625"
"2869420","2018-06-21T12:00:00Z",-18.875,147.675,"0.0",0,"23.77","-0.08",0,2018-06-21,"06","2018",0,23.77,"-18.875 147.675"
"2869502","2018-06-21T12:00:00Z",-18.975,147.675,"0.0",0,"23.7","-0.01",0,2018-06-21,"06","2018",0,23.7,"-18.975 147.675"
"2886763","2018-06-28T12:00:00Z",-18.675,147.675,"0.0",0,"23.84","-0.06",0,2018-06-28,"06","2018",0,23.84,"-18.675 147.675"
"2886885","2018-06-28T12:00:00Z",-18.825,147.625,"0.0",0,"23.54","-0.15",0,2018-06-28,"06","2018",0,23.54,"-18.825 147.625"
"2886926","2018-06-28T12:00:00Z",-18.875,147.625,"0.0",0,"23.48","-0.13",0,2018-06-28,"06","2018",0,23.48,"-18.875 147.625"
"2886927","2018-06-28T12:00:00Z",-18.875,147.675,"0.0",0,"23.53","-0.12",0,2018-06-28,"06","2018",0,23.53,"-18.875 147.675"
"2887009","2018-06-28T12:00:00Z",-18.975,147.675,"0.0",0,"23.400000000000002","-0.1",0,2018-06-28,"06","2018",0,23.4,"-18.975 147.675"
"2904270","2018-07-05T12:00:00Z",-18.675,147.675,"0.0",0,"24.09","0.37",0,2018-07-05,"07","2018",0,24.09,"-18.675 147.675"
"2904392","2018-07-05T12:00:00Z",-18.825,147.625,"0.0",0,"23.89","0.39",0,2018-07-05,"07","2018",0,23.89,"-18.825 147.625"
"2904433","2018-07-05T12:00:00Z",-18.875,147.625,"0.0",0,"23.82","0.41000000000000003",0,2018-07-05,"07","2018",0,23.82,"-18.875 147.625"
"2904434","2018-07-05T12:00:00Z",-18.875,147.675,"0.0",0,"23.85","0.4",0,2018-07-05,"07","2018",0,23.85,"-18.875 147.675"
"2904516","2018-07-05T12:00:00Z",-18.975,147.675,"0.0",0,"23.68","0.39",0,2018-07-05,"07","2018",0,23.68,"-18.975 147.675"
"2921777","2018-07-12T12:00:00Z",-18.675,147.675,"0.0",0,"23.830000000000002","0.29",0,2018-07-12,"07","2018",0,23.83,"-18.675 147.675"
"2921899","2018-07-12T12:00:00Z",-18.825,147.625,"0.0",0,"23.490000000000002","0.19",0,2018-07-12,"07","2018",0,23.49,"-18.825 147.625"
"2921940","2018-07-12T12:00:00Z",-18.875,147.625,"0.0",0,"23.45","0.23",0,2018-07-12,"07","2018",0,23.45,"-18.875 147.625"
"2921941","2018-07-12T12:00:00Z",-18.875,147.675,"0.0",0,"23.5","0.25",0,2018-07-12,"07","2018",0,23.5,"-18.875 147.675"
"2922023","2018-07-12T12:00:00Z",-18.975,147.675,"0.0",0,"23.42","0.34",0,2018-07-12,"07","2018",0,23.42,"-18.975 147.675"
"2939284","2018-07-19T12:00:00Z",-18.675,147.675,"0.0",0,"23.68","0.23",0,2018-07-19,"07","2018",0,23.68,"-18.675 147.675"
"2939406","2018-07-19T12:00:00Z",-18.825,147.625,"0.0",0,"23.45","0.23",0,2018-07-19,"07","2018",0,23.45,"-18.825 147.625"
"2939447","2018-07-19T12:00:00Z",-18.875,147.625,"0.0",0,"23.400000000000002","0.26",0,2018-07-19,"07","2018",0,23.4,"-18.875 147.625"
"2939448","2018-07-19T12:00:00Z",-18.875,147.675,"0.0",0,"23.42","0.25",0,2018-07-19,"07","2018",0,23.42,"-18.875 147.675"
"2939530","2018-07-19T12:00:00Z",-18.975,147.675,"0.0",0,"23.31","0.31",0,2018-07-19,"07","2018",0,23.31,"-18.975 147.675"
"2956791","2018-07-26T12:00:00Z",-18.675,147.675,"0.0",0,"23.830000000000002","0.38",0,2018-07-26,"07","2018",0,23.83,"-18.675 147.675"
"2956913","2018-07-26T12:00:00Z",-18.825,147.625,"0.0",0,"23.78","0.56",0,2018-07-26,"07","2018",0,23.78,"-18.825 147.625"
"2956954","2018-07-26T12:00:00Z",-18.875,147.625,"0.0",0,"23.75","0.61",0,2018-07-26,"07","2018",0,23.75,"-18.875 147.625"
"2956955","2018-07-26T12:00:00Z",-18.875,147.675,"0.0",0,"23.7","0.53",0,2018-07-26,"07","2018",0,23.7,"-18.875 147.675"
"2957037","2018-07-26T12:00:00Z",-18.975,147.675,"0.0",0,"23.6","0.59",0,2018-07-26,"07","2018",0,23.6,"-18.975 147.675"
"2974298","2018-08-02T12:00:00Z",-18.675,147.675,"0.0",0,"23.91","0.47000000000000003",0,2018-08-02,"08","2018",0,23.91,"-18.675 147.675"
"2974420","2018-08-02T12:00:00Z",-18.825,147.625,"0.0",0,"23.76","0.53",0,2018-08-02,"08","2018",0,23.76,"-18.825 147.625"
"2974461","2018-08-02T12:00:00Z",-18.875,147.625,"0.0",0,"23.73","0.58",0,2018-08-02,"08","2018",0,23.73,"-18.875 147.625"
"2974462","2018-08-02T12:00:00Z",-18.875,147.675,"0.0",0,"23.73","0.56",0,2018-08-02,"08","2018",0,23.73,"-18.875 147.675"
"2974544","2018-08-02T12:00:00Z",-18.975,147.675,"0.0",0,"23.68","0.66",0,2018-08-02,"08","2018",0,23.68,"-18.975 147.675"
"2991805","2018-08-09T12:00:00Z",-18.675,147.675,"0.0",0,"23.92","0.49",0,2018-08-09,"08","2018",0,23.92,"-18.675 147.675"
"2991927","2018-08-09T12:00:00Z",-18.825,147.625,"0.0",0,"23.77","0.54",0,2018-08-09,"08","2018",0,23.77,"-18.825 147.625"
"2991968","2018-08-09T12:00:00Z",-18.875,147.625,"0.0",0,"23.72","0.56",0,2018-08-09,"08","2018",0,23.72,"-18.875 147.625"
"2991969","2018-08-09T12:00:00Z",-18.875,147.675,"0.0",0,"23.75","0.58",0,2018-08-09,"08","2018",0,23.75,"-18.875 147.675"
"2992051","2018-08-09T12:00:00Z",-18.975,147.675,"0.0",0,"23.69","0.66",0,2018-08-09,"08","2018",0,23.69,"-18.975 147.675"
"3009312","2018-08-16T12:00:00Z",-18.675,147.675,"0.0",0,"23.990000000000002","0.55",0,2018-08-16,"08","2018",0,23.99,"-18.675 147.675"
"3009434","2018-08-16T12:00:00Z",-18.825,147.625,"0.0",0,"23.59","0.34",0,2018-08-16,"08","2018",0,23.59,"-18.825 147.625"
"3009475","2018-08-16T12:00:00Z",-18.875,147.625,"0.0",0,"23.51","0.32",0,2018-08-16,"08","2018",0,23.51,"-18.875 147.625"
"3009476","2018-08-16T12:00:00Z",-18.875,147.675,"0.0",0,"23.52","0.33",0,2018-08-16,"08","2018",0,23.52,"-18.875 147.675"
"3009558","2018-08-16T12:00:00Z",-18.975,147.675,"0.0",0,"23.41","0.34",0,2018-08-16,"08","2018",0,23.41,"-18.975 147.675"
"3026819","2018-08-23T12:00:00Z",-18.675,147.675,"0.0",0,"24.0","0.41000000000000003",0,2018-08-23,"08","2018",0,24,"-18.675 147.675"
"3026941","2018-08-23T12:00:00Z",-18.825,147.625,"0.0",0,"23.82","0.4",0,2018-08-23,"08","2018",0,23.82,"-18.825 147.625"
"3026982","2018-08-23T12:00:00Z",-18.875,147.625,"0.0",0,"23.77","0.4",0,2018-08-23,"08","2018",0,23.77,"-18.875 147.625"
"3026983","2018-08-23T12:00:00Z",-18.875,147.675,"0.0",0,"23.8","0.44",0,2018-08-23,"08","2018",0,23.8,"-18.875 147.675"
"3027065","2018-08-23T12:00:00Z",-18.975,147.675,"0.0",0,"23.68","0.43",0,2018-08-23,"08","2018",0,23.68,"-18.975 147.675"
"3044326","2018-08-30T12:00:00Z",-18.675,147.675,"0.0",0,"24.240000000000002","0.5",0,2018-08-30,"08","2018",0,24.24,"-18.675 147.675"
"3044448","2018-08-30T12:00:00Z",-18.825,147.625,"0.0",0,"24.11","0.52",0,2018-08-30,"08","2018",0,24.11,"-18.825 147.625"
"3044489","2018-08-30T12:00:00Z",-18.875,147.625,"0.0",0,"24.09","0.55",0,2018-08-30,"08","2018",0,24.09,"-18.875 147.625"
"3044490","2018-08-30T12:00:00Z",-18.875,147.675,"0.0",0,"24.09","0.56",0,2018-08-30,"08","2018",0,24.09,"-18.875 147.675"
"3044572","2018-08-30T12:00:00Z",-18.975,147.675,"0.0",0,"24.07","0.64",0,2018-08-30,"08","2018",0,24.07,"-18.975 147.675"
"3061833","2018-09-06T12:00:00Z",-18.675,147.675,"0.0",0,"24.41","0.52",0,2018-09-06,"09","2018",0,24.41,"-18.675 147.675"
"3061955","2018-09-06T12:00:00Z",-18.825,147.625,"0.0",0,"24.26","0.5",0,2018-09-06,"09","2018",0,24.26,"-18.825 147.625"
"3061996","2018-09-06T12:00:00Z",-18.875,147.625,"0.0",0,"24.2","0.49",0,2018-09-06,"09","2018",0,24.2,"-18.875 147.625"
"3061997","2018-09-06T12:00:00Z",-18.875,147.675,"0.0",0,"24.2","0.5",0,2018-09-06,"09","2018",0,24.2,"-18.875 147.675"
"3062079","2018-09-06T12:00:00Z",-18.975,147.675,"0.0",0,"24.13","0.52",0,2018-09-06,"09","2018",0,24.13,"-18.975 147.675"
"3079340","2018-09-13T12:00:00Z",-18.675,147.675,"0.0",0,"24.45","0.41000000000000003",0,2018-09-13,"09","2018",0,24.45,"-18.675 147.675"
"3079462","2018-09-13T12:00:00Z",-18.825,147.625,"0.0",0,"24.310000000000002","0.38",0,2018-09-13,"09","2018",0,24.31,"-18.825 147.625"
"3079503","2018-09-13T12:00:00Z",-18.875,147.625,"0.0",0,"24.29","0.41000000000000003",0,2018-09-13,"09","2018",0,24.29,"-18.875 147.625"
"3079504","2018-09-13T12:00:00Z",-18.875,147.675,"0.0",0,"24.27","0.4",0,2018-09-13,"09","2018",0,24.27,"-18.875 147.675"
"3079586","2018-09-13T12:00:00Z",-18.975,147.675,"0.0",0,"24.240000000000002","0.44",0,2018-09-13,"09","2018",0,24.24,"-18.975 147.675"
"3096847","2018-09-20T12:00:00Z",-18.675,147.675,"0.0",0,"24.560000000000002","0.28",0,2018-09-20,"09","2018",0,24.56,"-18.675 147.675"
"3096969","2018-09-20T12:00:00Z",-18.825,147.625,"0.0",0,"24.43","0.24",0,2018-09-20,"09","2018",0,24.43,"-18.825 147.625"
"3097010","2018-09-20T12:00:00Z",-18.875,147.625,"0.0",0,"24.41","0.26",0,2018-09-20,"09","2018",0,24.41,"-18.875 147.625"
"3097011","2018-09-20T12:00:00Z",-18.875,147.675,"0.0",0,"24.41","0.27",0,2018-09-20,"09","2018",0,24.41,"-18.875 147.675"
"3097093","2018-09-20T12:00:00Z",-18.975,147.675,"0.0",0,"24.39","0.31",0,2018-09-20,"09","2018",0,24.39,"-18.975 147.675"
"3114354","2018-09-27T12:00:00Z",-18.675,147.675,"0.0",0,"24.490000000000002","-0.08",0,2018-09-27,"09","2018",0,24.49,"-18.675 147.675"
"3114476","2018-09-27T12:00:00Z",-18.825,147.625,"0.0",0,"24.32","-0.17",0,2018-09-27,"09","2018",0,24.32,"-18.825 147.625"
"3114517","2018-09-27T12:00:00Z",-18.875,147.625,"0.0",0,"24.3","-0.16",0,2018-09-27,"09","2018",0,24.3,"-18.875 147.625"
"3114518","2018-09-27T12:00:00Z",-18.875,147.675,"0.0",0,"24.310000000000002","-0.14",0,2018-09-27,"09","2018",0,24.31,"-18.875 147.675"
"3114600","2018-09-27T12:00:00Z",-18.975,147.675,"0.0",0,"24.27","-0.13",0,2018-09-27,"09","2018",0,24.27,"-18.975 147.675"
"3131861","2018-10-04T12:00:00Z",-18.675,147.675,"0.0",0,"24.64","-0.21",0,2018-10-04,"10","2018",0,24.64,"-18.675 147.675"
"3131983","2018-10-04T12:00:00Z",-18.825,147.625,"0.0",0,"24.490000000000002","-0.3",0,2018-10-04,"10","2018",0,24.49,"-18.825 147.625"
"3132024","2018-10-04T12:00:00Z",-18.875,147.625,"0.0",0,"24.46","-0.31",0,2018-10-04,"10","2018",0,24.46,"-18.875 147.625"
"3132025","2018-10-04T12:00:00Z",-18.875,147.675,"0.0",0,"24.5","-0.26",0,2018-10-04,"10","2018",0,24.5,"-18.875 147.675"
"3132107","2018-10-04T12:00:00Z",-18.975,147.675,"0.0",0,"24.48","-0.24",0,2018-10-04,"10","2018",0,24.48,"-18.975 147.675"
"3149368","2018-10-11T12:00:00Z",-18.675,147.675,"0.0",0,"25.19","0.05",0,2018-10-11,"10","2018",0,25.19,"-18.675 147.675"
"3149490","2018-10-11T12:00:00Z",-18.825,147.625,"0.0",0,"25.16","0.07",0,2018-10-11,"10","2018",0,25.16,"-18.825 147.625"
"3149531","2018-10-11T12:00:00Z",-18.875,147.625,"0.0",0,"25.16","0.09",0,2018-10-11,"10","2018",0,25.16,"-18.875 147.625"
"3149532","2018-10-11T12:00:00Z",-18.875,147.675,"0.0",0,"25.12","0.05",0,2018-10-11,"10","2018",0,25.12,"-18.875 147.675"
"3149614","2018-10-11T12:00:00Z",-18.975,147.675,"0.0",0,"25.14","0.1",0,2018-10-11,"10","2018",0,25.14,"-18.975 147.675"
"3166875","2018-10-18T12:00:00Z",-18.675,147.675,"0.0",0,"26.060000000000002","0.63",0,2018-10-18,"10","2018",0,26.06,"-18.675 147.675"
"3166997","2018-10-18T12:00:00Z",-18.825,147.625,"0.0",0,"26.02","0.62",0,2018-10-18,"10","2018",0,26.02,"-18.825 147.625"
"3167038","2018-10-18T12:00:00Z",-18.875,147.625,"0.0",0,"25.97","0.58",0,2018-10-18,"10","2018",0,25.97,"-18.875 147.625"
"3167039","2018-10-18T12:00:00Z",-18.875,147.675,"0.0",0,"25.94","0.55",0,2018-10-18,"10","2018",0,25.94,"-18.875 147.675"
"3167121","2018-10-18T12:00:00Z",-18.975,147.675,"0.0",0,"25.86","0.49",0,2018-10-18,"10","2018",0,25.86,"-18.975 147.675"
"3184382","2018-10-25T12:00:00Z",-18.675,147.675,"0.0",0,"26.09","0.35000000000000003",0,2018-10-25,"10","2018",0,26.09,"-18.675 147.675"
"3184504","2018-10-25T12:00:00Z",-18.825,147.625,"0.0",0,"26.03","0.31",0,2018-10-25,"10","2018",0,26.03,"-18.825 147.625"
"3184545","2018-10-25T12:00:00Z",-18.875,147.625,"0.0",0,"26.03","0.31",0,2018-10-25,"10","2018",0,26.03,"-18.875 147.625"
"3184546","2018-10-25T12:00:00Z",-18.875,147.675,"0.0",0,"26.02","0.31",0,2018-10-25,"10","2018",0,26.02,"-18.875 147.675"
"3184628","2018-10-25T12:00:00Z",-18.975,147.675,"0.0",0,"26.07","0.37",0,2018-10-25,"10","2018",0,26.07,"-18.975 147.675"
"3201889","2018-11-01T12:00:00Z",-18.675,147.675,"0.0",0,"26.67","0.62",0,2018-11-01,"11","2018",0,26.67,"-18.675 147.675"
"3202011","2018-11-01T12:00:00Z",-18.825,147.625,"0.0",0,"26.63","0.59",0,2018-11-01,"11","2018",0,26.63,"-18.825 147.625"
"3202052","2018-11-01T12:00:00Z",-18.875,147.625,"0.0",0,"26.64","0.59",0,2018-11-01,"11","2018",0,26.64,"-18.875 147.625"
"3202053","2018-11-01T12:00:00Z",-18.875,147.675,"0.0",0,"26.67","0.64",0,2018-11-01,"11","2018",0,26.67,"-18.875 147.675"
"3202135","2018-11-01T12:00:00Z",-18.975,147.675,"0.0",0,"26.64","0.6",0,2018-11-01,"11","2018",0,26.64,"-18.975 147.675"
"3219396","2018-11-08T12:00:00Z",-18.675,147.675,"0.0",0,"26.66","0.31",0,2018-11-08,"11","2018",0,26.66,"-18.675 147.675"
"3219518","2018-11-08T12:00:00Z",-18.825,147.625,"0.0",0,"26.59","0.23",0,2018-11-08,"11","2018",0,26.59,"-18.825 147.625"
"3219559","2018-11-08T12:00:00Z",-18.875,147.625,"0.0",0,"26.61","0.24",0,2018-11-08,"11","2018",0,26.61,"-18.875 147.625"
"3219560","2018-11-08T12:00:00Z",-18.875,147.675,"0.0",0,"26.59","0.23",0,2018-11-08,"11","2018",0,26.59,"-18.875 147.675"
"3219642","2018-11-08T12:00:00Z",-18.975,147.675,"0.0",0,"26.64","0.26",0,2018-11-08,"11","2018",0,26.64,"-18.975 147.675"
"3236903","2018-11-15T12:00:00Z",-18.675,147.675,"0.0",0,"26.810000000000002","0.15",0,2018-11-15,"11","2018",0,26.81,"-18.675 147.675"
"3237025","2018-11-15T12:00:00Z",-18.825,147.625,"0.0",0,"26.75","0.07",0,2018-11-15,"11","2018",0,26.75,"-18.825 147.625"
"3237066","2018-11-15T12:00:00Z",-18.875,147.625,"0.0",0,"26.71","0.01",0,2018-11-15,"11","2018",0,26.71,"-18.875 147.625"
"3237067","2018-11-15T12:00:00Z",-18.875,147.675,"0.0",0,"26.66","-0.02",0,2018-11-15,"11","2018",0,26.66,"-18.875 147.675"
"3237149","2018-11-15T12:00:00Z",-18.975,147.675,"0.0",0,"26.650000000000002","-0.07",0,2018-11-15,"11","2018",0,26.65,"-18.975 147.675"
"3254410","2018-11-22T12:00:00Z",-18.675,147.675,"0.0",0,"27.42","0.55",0,2018-11-22,"11","2018",0,27.42,"-18.675 147.675"
"3254532","2018-11-22T12:00:00Z",-18.825,147.625,"0.0",0,"27.43","0.54",0,2018-11-22,"11","2018",0,27.43,"-18.825 147.625"
"3254573","2018-11-22T12:00:00Z",-18.875,147.625,"0.0",0,"27.42","0.51",0,2018-11-22,"11","2018",0,27.42,"-18.875 147.625"
"3254574","2018-11-22T12:00:00Z",-18.875,147.675,"0.0",0,"27.39","0.5",0,2018-11-22,"11","2018",0,27.39,"-18.875 147.675"
"3254656","2018-11-22T12:00:00Z",-18.975,147.675,"0.0",0,"27.37","0.45",0,2018-11-22,"11","2018",0,27.37,"-18.975 147.675"
"3271917","2018-11-29T12:00:00Z",-18.675,147.675,"0.0",0,"27.830000000000002","0.75",0,2018-11-29,"11","2018",0,27.83,"-18.675 147.675"
"3272039","2018-11-29T12:00:00Z",-18.825,147.625,"0.0",0,"27.91","0.81",0,2018-11-29,"11","2018",0,27.91,"-18.825 147.625"
"3272080","2018-11-29T12:00:00Z",-18.875,147.625,"0.0",0,"27.990000000000002","0.88",0,2018-11-29,"11","2018",0,27.99,"-18.875 147.625"
"3272081","2018-11-29T12:00:00Z",-18.875,147.675,"0.0",0,"27.97","0.87",0,2018-11-29,"11","2018",0,27.97,"-18.875 147.675"
"3272163","2018-11-29T12:00:00Z",-18.975,147.675,"0.0",0,"28.19","1.07",0,2018-11-29,"11","2018",0,28.19,"-18.975 147.675"
"3289424","2018-12-06T12:00:00Z",-18.675,147.675,"0.0",0,"27.97","0.68",0,2018-12-06,"12","2018",0,27.97,"-18.675 147.675"
"3289546","2018-12-06T12:00:00Z",-18.825,147.625,"0.0",0,"27.990000000000002","0.6900000000000001",0,2018-12-06,"12","2018",0,27.99,"-18.825 147.625"
"3289587","2018-12-06T12:00:00Z",-18.875,147.625,"0.0",0,"28.05","0.73",0,2018-12-06,"12","2018",0,28.05,"-18.875 147.625"
"3289588","2018-12-06T12:00:00Z",-18.875,147.675,"0.0",0,"28.04","0.74",0,2018-12-06,"12","2018",0,28.04,"-18.875 147.675"
"3289670","2018-12-06T12:00:00Z",-18.975,147.675,"0.0",0,"28.17","0.85",0,2018-12-06,"12","2018",0,28.17,"-18.975 147.675"
"3306931","2018-12-13T12:00:00Z",-18.675,147.675,"0.0",0,"27.98","0.48",0,2018-12-13,"12","2018",0,27.98,"-18.675 147.675"
"3307053","2018-12-13T12:00:00Z",-18.825,147.625,"0.0",0,"27.89","0.38",0,2018-12-13,"12","2018",0,27.89,"-18.825 147.625"
"3307094","2018-12-13T12:00:00Z",-18.875,147.625,"0.0",0,"27.87","0.35000000000000003",0,2018-12-13,"12","2018",0,27.87,"-18.875 147.625"
"3307095","2018-12-13T12:00:00Z",-18.875,147.675,"0.0",0,"27.89","0.38",0,2018-12-13,"12","2018",0,27.89,"-18.875 147.675"
"3307177","2018-12-13T12:00:00Z",-18.975,147.675,"0.0",0,"27.85","0.33",0,2018-12-13,"12","2018",0,27.85,"-18.975 147.675"
"3324438","2018-12-20T12:00:00Z",-18.675,147.675,"0.0",0,"28.28","0.61",0,2018-12-20,"12","2018",0,28.28,"-18.675 147.675"
"3324560","2018-12-20T12:00:00Z",-18.825,147.625,"0.0",0,"28.17","0.49",0,2018-12-20,"12","2018",0,28.17,"-18.825 147.625"
"3324601","2018-12-20T12:00:00Z",-18.875,147.625,"0.0",0,"28.150000000000002","0.46",0,2018-12-20,"12","2018",0,28.15,"-18.875 147.625"
"3324602","2018-12-20T12:00:00Z",-18.875,147.675,"0.0",0,"28.16","0.48",0,2018-12-20,"12","2018",0,28.16,"-18.875 147.675"
"3324684","2018-12-20T12:00:00Z",-18.975,147.675,"0.0",0,"28.150000000000002","0.46",0,2018-12-20,"12","2018",0,28.15,"-18.975 147.675"
"3341945","2018-12-27T12:00:00Z",-18.675,147.675,"0.0",0,"28.05","0.22",0,2018-12-27,"12","2018",0,28.05,"-18.675 147.675"
"3342067","2018-12-27T12:00:00Z",-18.825,147.625,"0.0",0,"27.88","0.04",0,2018-12-27,"12","2018",0,27.88,"-18.825 147.625"
"3342108","2018-12-27T12:00:00Z",-18.875,147.625,"0.0",0,"27.830000000000002","-0.02",0,2018-12-27,"12","2018",0,27.83,"-18.875 147.625"
"3342109","2018-12-27T12:00:00Z",-18.875,147.675,"0.0",0,"27.88","0.04",0,2018-12-27,"12","2018",0,27.88,"-18.875 147.675"
"3342191","2018-12-27T12:00:00Z",-18.975,147.675,"0.0",0,"27.77","-0.08",0,2018-12-27,"12","2018",0,27.77,"-18.975 147.675"
"3359452","2019-01-03T12:00:00Z",-18.675,147.675,"0.0",0,"27.7","-0.28",0,2019-01-03,"01","2019",0,27.7,"-18.675 147.675"
"3359574","2019-01-03T12:00:00Z",-18.825,147.625,"0.0",0,"27.71","-0.29",0,2019-01-03,"01","2019",0,27.71,"-18.825 147.625"
"3359615","2019-01-03T12:00:00Z",-18.875,147.625,"0.0",0,"27.7","-0.31",0,2019-01-03,"01","2019",0,27.7,"-18.875 147.625"
"3359616","2019-01-03T12:00:00Z",-18.875,147.675,"0.0",0,"27.71","-0.29",0,2019-01-03,"01","2019",0,27.71,"-18.875 147.675"
"3359698","2019-01-03T12:00:00Z",-18.975,147.675,"0.0",0,"27.68","-0.33",0,2019-01-03,"01","2019",0,27.68,"-18.975 147.675"
"3376959","2019-01-10T12:00:00Z",-18.675,147.675,"0.0",0,"28.23","0.09",0,2019-01-10,"01","2019",0,28.23,"-18.675 147.675"
"3377081","2019-01-10T12:00:00Z",-18.825,147.625,"0.0",0,"28.21","0.05",0,2019-01-10,"01","2019",0,28.21,"-18.825 147.625"
"3377122","2019-01-10T12:00:00Z",-18.875,147.625,"0.0",0,"28.18","0.01",0,2019-01-10,"01","2019",0,28.18,"-18.875 147.625"
"3377123","2019-01-10T12:00:00Z",-18.875,147.675,"0.0",0,"28.17","0.01",0,2019-01-10,"01","2019",0,28.17,"-18.875 147.675"
"3377205","2019-01-10T12:00:00Z",-18.975,147.675,"0.0",0,"28.09","-0.08",0,2019-01-10,"01","2019",0,28.09,"-18.975 147.675"
"3394466","2019-01-17T12:00:00Z",-18.675,147.675,"0.0",0,"28.25","-0.01",0,2019-01-17,"01","2019",0,28.25,"-18.675 147.675"
"3394588","2019-01-17T12:00:00Z",-18.825,147.625,"0.0",0,"28.23","-0.05",0,2019-01-17,"01","2019",0,28.23,"-18.825 147.625"
"3394629","2019-01-17T12:00:00Z",-18.875,147.625,"0.0",0,"28.2","-0.09",0,2019-01-17,"01","2019",0,28.2,"-18.875 147.625"
"3394630","2019-01-17T12:00:00Z",-18.875,147.675,"0.0",0,"28.2","-0.08",0,2019-01-17,"01","2019",0,28.2,"-18.875 147.675"
"3394712","2019-01-17T12:00:00Z",-18.975,147.675,"0.0",0,"28.16","-0.13",0,2019-01-17,"01","2019",0,28.16,"-18.975 147.675"
"3411973","2019-01-24T12:00:00Z",-18.675,147.675,"0.0",0,"28.22","-0.06",0,2019-01-24,"01","2019",0,28.22,"-18.675 147.675"
"3412095","2019-01-24T12:00:00Z",-18.825,147.625,"0.0",0,"28.2","-0.1",0,2019-01-24,"01","2019",0,28.2,"-18.825 147.625"
"3412136","2019-01-24T12:00:00Z",-18.875,147.625,"0.0",0,"28.21","-0.1",0,2019-01-24,"01","2019",0,28.21,"-18.875 147.625"
"3412137","2019-01-24T12:00:00Z",-18.875,147.675,"0.0",0,"28.2","-0.1",0,2019-01-24,"01","2019",0,28.2,"-18.875 147.675"
"3412219","2019-01-24T12:00:00Z",-18.975,147.675,"0.0",0,"28.21","-0.1",0,2019-01-24,"01","2019",0,28.21,"-18.975 147.675"
"3429480","2019-01-31T12:00:00Z",-18.675,147.675,"0.0",0,"28.51","0.2",0,2019-01-31,"01","2019",0,28.51,"-18.675 147.675"
"3429602","2019-01-31T12:00:00Z",-18.825,147.625,"0.0",0,"28.44","0.11",0,2019-01-31,"01","2019",0,28.44,"-18.825 147.625"
"3429643","2019-01-31T12:00:00Z",-18.875,147.625,"0.0",0,"28.42","0.08",0,2019-01-31,"01","2019",0,28.42,"-18.875 147.625"
"3429644","2019-01-31T12:00:00Z",-18.875,147.675,"0.0",0,"28.41","0.08",0,2019-01-31,"01","2019",0,28.41,"-18.875 147.675"
"3429726","2019-01-31T12:00:00Z",-18.975,147.675,"0.0",0,"28.39","0.05",0,2019-01-31,"01","2019",0,28.39,"-18.975 147.675"
"3446987","2019-02-07T12:00:00Z",-18.675,147.675,"0.0",0,"28.35","0.01",0,2019-02-07,"02","2019",0,28.35,"-18.675 147.675"
"3447109","2019-02-07T12:00:00Z",-18.825,147.625,"0.0",0,"28.3","-0.06",0,2019-02-07,"02","2019",0,28.3,"-18.825 147.625"
"3447150","2019-02-07T12:00:00Z",-18.875,147.625,"0.0",0,"28.29","-0.08",0,2019-02-07,"02","2019",0,28.29,"-18.875 147.625"
"3447151","2019-02-07T12:00:00Z",-18.875,147.675,"0.0",0,"28.29","-0.07",0,2019-02-07,"02","2019",0,28.29,"-18.875 147.675"
"3447233","2019-02-07T12:00:00Z",-18.975,147.675,"0.0",0,"28.26","-0.11",0,2019-02-07,"02","2019",0,28.26,"-18.975 147.675"
"3464494","2019-02-14T12:00:00Z",-18.675,147.675,"0.0",0,"28.62","0.25",0,2019-02-14,"02","2019",0,28.62,"-18.675 147.675"
"3464616","2019-02-14T12:00:00Z",-18.825,147.625,"0.0",0,"28.52","0.13",0,2019-02-14,"02","2019",0,28.52,"-18.825 147.625"
"3464657","2019-02-14T12:00:00Z",-18.875,147.625,"0.0",0,"28.55","0.15",0,2019-02-14,"02","2019",0,28.55,"-18.875 147.625"
"3464658","2019-02-14T12:00:00Z",-18.875,147.675,"0.0",0,"28.61","0.22",0,2019-02-14,"02","2019",0,28.61,"-18.875 147.675"
"3464740","2019-02-14T12:00:00Z",-18.975,147.675,"0.0",0,"28.67","0.27",0,2019-02-14,"02","2019",0,28.67,"-18.975 147.675"
"3482001","2019-02-21T12:00:00Z",-18.675,147.675,"0.0",0,"28.82","0.55",0,2019-02-21,"02","2019",0,28.82,"-18.675 147.675"
"3482123","2019-02-21T12:00:00Z",-18.825,147.625,"0.0",0,"28.73","0.46",0,2019-02-21,"02","2019",0,28.73,"-18.825 147.625"
"3482164","2019-02-21T12:00:00Z",-18.875,147.625,"0.0",0,"28.77","0.49",0,2019-02-21,"02","2019",0,28.77,"-18.875 147.625"
"3482165","2019-02-21T12:00:00Z",-18.875,147.675,"0.0",0,"28.69","0.42",0,2019-02-21,"02","2019",0,28.69,"-18.875 147.675"
"3482247","2019-02-21T12:00:00Z",-18.975,147.675,"0.0",0,"28.830000000000002","0.56",0,2019-02-21,"02","2019",0,28.83,"-18.975 147.675"
"3499508","2019-02-28T12:00:00Z",-18.675,147.675,"0.0",0,"27.85","-0.3",0,2019-02-28,"02","2019",0,27.85,"-18.675 147.675"
"3499630","2019-02-28T12:00:00Z",-18.825,147.625,"0.0",0,"27.810000000000002","-0.32",0,2019-02-28,"02","2019",0,27.81,"-18.825 147.625"
"3499671","2019-02-28T12:00:00Z",-18.875,147.625,"0.0",0,"27.77","-0.36",0,2019-02-28,"02","2019",0,27.77,"-18.875 147.625"
"3499672","2019-02-28T12:00:00Z",-18.875,147.675,"0.0",0,"27.77","-0.35000000000000003",0,2019-02-28,"02","2019",0,27.77,"-18.875 147.675"
"3499754","2019-02-28T12:00:00Z",-18.975,147.675,"0.0",0,"27.7","-0.41000000000000003",0,2019-02-28,"02","2019",0,27.7,"-18.975 147.675"
"3517015","2019-03-07T12:00:00Z",-18.675,147.675,"0.0",0,"27.84","-0.19",0,2019-03-07,"03","2019",0,27.84,"-18.675 147.675"
"3517137","2019-03-07T12:00:00Z",-18.825,147.625,"0.0",0,"27.77","-0.23",0,2019-03-07,"03","2019",0,27.77,"-18.825 147.625"
"3517178","2019-03-07T12:00:00Z",-18.875,147.625,"0.0",0,"27.75","-0.24",0,2019-03-07,"03","2019",0,27.75,"-18.875 147.625"
"3517179","2019-03-07T12:00:00Z",-18.875,147.675,"0.0",0,"27.76","-0.22",0,2019-03-07,"03","2019",0,27.76,"-18.875 147.675"
"3517261","2019-03-07T12:00:00Z",-18.975,147.675,"0.0",0,"27.71","-0.25",0,2019-03-07,"03","2019",0,27.71,"-18.975 147.675"
"3534522","2019-03-14T12:00:00Z",-18.675,147.675,"0.0",0,"28.330000000000002","0.42",0,2019-03-14,"03","2019",0,28.33,"-18.675 147.675"
"3534644","2019-03-14T12:00:00Z",-18.825,147.625,"0.0",0,"28.34","0.48",0,2019-03-14,"03","2019",0,28.34,"-18.825 147.625"
"3534685","2019-03-14T12:00:00Z",-18.875,147.625,"0.0",0,"28.38","0.54",0,2019-03-14,"03","2019",0,28.38,"-18.875 147.625"
"3534686","2019-03-14T12:00:00Z",-18.875,147.675,"0.0",0,"28.35","0.52",0,2019-03-14,"03","2019",0,28.35,"-18.875 147.675"
"3534768","2019-03-14T12:00:00Z",-18.975,147.675,"0.0",0,"28.42","0.62",0,2019-03-14,"03","2019",0,28.42,"-18.975 147.675"
"3552029","2019-03-21T12:00:00Z",-18.675,147.675,"0.0",0,"28.55","0.84",0,2019-03-21,"03","2019",0,28.55,"-18.675 147.675"
"3552151","2019-03-21T12:00:00Z",-18.825,147.625,"0.0",0,"28.490000000000002","0.84",0,2019-03-21,"03","2019",0,28.49,"-18.825 147.625"
"3552192","2019-03-21T12:00:00Z",-18.875,147.625,"0.0",0,"28.47","0.84",0,2019-03-21,"03","2019",0,28.47,"-18.875 147.625"
"3552193","2019-03-21T12:00:00Z",-18.875,147.675,"0.0",0,"28.46","0.8300000000000001",0,2019-03-21,"03","2019",0,28.46,"-18.875 147.675"
"3552275","2019-03-21T12:00:00Z",-18.975,147.675,"0.0",0,"28.43","0.84",0,2019-03-21,"03","2019",0,28.43,"-18.975 147.675"
"3569536","2019-03-28T12:00:00Z",-18.675,147.675,"0.0",0,"28.38","0.88",0,2019-03-28,"03","2019",0,28.38,"-18.675 147.675"
"3569658","2019-03-28T12:00:00Z",-18.825,147.625,"0.0",0,"28.26","0.8200000000000001",0,2019-03-28,"03","2019",0,28.26,"-18.825 147.625"
"3569699","2019-03-28T12:00:00Z",-18.875,147.625,"0.0",0,"28.23","0.8200000000000001",0,2019-03-28,"03","2019",0,28.23,"-18.875 147.625"
"3569700","2019-03-28T12:00:00Z",-18.875,147.675,"0.0",0,"28.22","0.81",0,2019-03-28,"03","2019",0,28.22,"-18.875 147.675"
"3569782","2019-03-28T12:00:00Z",-18.975,147.675,"0.0",0,"28.22","0.85",0,2019-03-28,"03","2019",0,28.22,"-18.975 147.675"
"3587043","2019-04-04T12:00:00Z",-18.675,147.675,"0.0",0,"27.76","0.48",0,2019-04-04,"04","2019",0,27.76,"-18.675 147.675"
"3587165","2019-04-04T12:00:00Z",-18.825,147.625,"0.0",0,"27.650000000000002","0.43",0,2019-04-04,"04","2019",0,27.65,"-18.825 147.625"
"3587206","2019-04-04T12:00:00Z",-18.875,147.625,"0.0",0,"27.63","0.44",0,2019-04-04,"04","2019",0,27.63,"-18.875 147.625"
"3587207","2019-04-04T12:00:00Z",-18.875,147.675,"0.0",0,"27.63","0.43",0,2019-04-04,"04","2019",0,27.63,"-18.875 147.675"
"3587289","2019-04-04T12:00:00Z",-18.975,147.675,"0.0",0,"27.64","0.49",0,2019-04-04,"04","2019",0,27.64,"-18.975 147.675"
"3604550","2019-04-11T12:00:00Z",-18.675,147.675,"0.0",0,"27.59","0.52",0,2019-04-11,"04","2019",0,27.59,"-18.675 147.675"
"3604672","2019-04-11T12:00:00Z",-18.825,147.625,"0.0",0,"27.46","0.46",0,2019-04-11,"04","2019",0,27.46,"-18.825 147.625"
"3604713","2019-04-11T12:00:00Z",-18.875,147.625,"0.0",0,"27.43","0.45",0,2019-04-11,"04","2019",0,27.43,"-18.875 147.625"
"3604714","2019-04-11T12:00:00Z",-18.875,147.675,"0.0",0,"27.45","0.47000000000000003",0,2019-04-11,"04","2019",0,27.45,"-18.875 147.675"
"3604796","2019-04-11T12:00:00Z",-18.975,147.675,"0.0",0,"27.46","0.52",0,2019-04-11,"04","2019",0,27.46,"-18.975 147.675"
"3622057","2019-04-18T12:00:00Z",-18.675,147.675,"0.0",0,"27.14","0.31",0,2019-04-18,"04","2019",0,27.14,"-18.675 147.675"
"3622179","2019-04-18T12:00:00Z",-18.825,147.625,"0.0",0,"27.01","0.26",0,2019-04-18,"04","2019",0,27.01,"-18.825 147.625"
"3622220","2019-04-18T12:00:00Z",-18.875,147.625,"0.0",0,"26.98","0.26",0,2019-04-18,"04","2019",0,26.98,"-18.875 147.625"
"3622221","2019-04-18T12:00:00Z",-18.875,147.675,"0.0",0,"27.0","0.27",0,2019-04-18,"04","2019",0,27,"-18.875 147.675"
"3622303","2019-04-18T12:00:00Z",-18.975,147.675,"0.0",0,"26.92","0.24",0,2019-04-18,"04","2019",0,26.92,"-18.975 147.675"
"3639564","2019-04-25T12:00:00Z",-18.675,147.675,"0.0",0,"27.22","0.67",0,2019-04-25,"04","2019",0,27.22,"-18.675 147.675"
"3639686","2019-04-25T12:00:00Z",-18.825,147.625,"0.0",0,"27.11","0.65",0,2019-04-25,"04","2019",0,27.11,"-18.825 147.625"
"3639727","2019-04-25T12:00:00Z",-18.875,147.625,"0.0",0,"27.080000000000002","0.66",0,2019-04-25,"04","2019",0,27.08,"-18.875 147.625"
"3639728","2019-04-25T12:00:00Z",-18.875,147.675,"0.0",0,"27.09","0.65",0,2019-04-25,"04","2019",0,27.09,"-18.875 147.675"
"3639810","2019-04-25T12:00:00Z",-18.975,147.675,"0.0",0,"27.02","0.64",0,2019-04-25,"04","2019",0,27.02,"-18.975 147.675"
"3657071","2019-05-02T12:00:00Z",-18.675,147.675,"0.0",0,"26.94","0.68",0,2019-05-02,"05","2019",0,26.94,"-18.675 147.675"
"3657193","2019-05-02T12:00:00Z",-18.825,147.625,"0.0",0,"26.77","0.61",0,2019-05-02,"05","2019",0,26.77,"-18.825 147.625"
"3657234","2019-05-02T12:00:00Z",-18.875,147.625,"0.0",0,"26.73","0.61",0,2019-05-02,"05","2019",0,26.73,"-18.875 147.625"
"3657235","2019-05-02T12:00:00Z",-18.875,147.675,"0.0",0,"26.75","0.61",0,2019-05-02,"05","2019",0,26.75,"-18.875 147.675"
"3657317","2019-05-02T12:00:00Z",-18.975,147.675,"0.0",0,"26.66","0.58",0,2019-05-02,"05","2019",0,26.66,"-18.975 147.675"
"3674578","2019-05-09T12:00:00Z",-18.675,147.675,"0.0",0,"26.53","0.55",0,2019-05-09,"05","2019",0,26.53,"-18.675 147.675"
"3674700","2019-05-09T12:00:00Z",-18.825,147.625,"0.0",0,"26.41","0.55",0,2019-05-09,"05","2019",0,26.41,"-18.825 147.625"
"3674741","2019-05-09T12:00:00Z",-18.875,147.625,"0.0",0,"26.37","0.54",0,2019-05-09,"05","2019",0,26.37,"-18.875 147.625"
"3674742","2019-05-09T12:00:00Z",-18.875,147.675,"0.0",0,"26.400000000000002","0.56",0,2019-05-09,"05","2019",0,26.4,"-18.875 147.675"
"3674824","2019-05-09T12:00:00Z",-18.975,147.675,"0.0",0,"26.32","0.54",0,2019-05-09,"05","2019",0,26.32,"-18.975 147.675"
"3692085","2019-05-16T12:00:00Z",-18.675,147.675,"0.0",0,"26.240000000000002","0.55",0,2019-05-16,"05","2019",0,26.24,"-18.675 147.675"
"3692207","2019-05-16T12:00:00Z",-18.825,147.625,"0.0",0,"25.990000000000002","0.43",0,2019-05-16,"05","2019",0,25.99,"-18.825 147.625"
"3692248","2019-05-16T12:00:00Z",-18.875,147.625,"0.0",0,"25.91","0.39",0,2019-05-16,"05","2019",0,25.91,"-18.875 147.625"
"3692249","2019-05-16T12:00:00Z",-18.875,147.675,"0.0",0,"25.93","0.39",0,2019-05-16,"05","2019",0,25.93,"-18.875 147.675"
"3692331","2019-05-16T12:00:00Z",-18.975,147.675,"0.0",0,"25.78","0.31",0,2019-05-16,"05","2019",0,25.78,"-18.975 147.675"
"3709592","2019-05-23T12:00:00Z",-18.675,147.675,"0.0",0,"25.55","0.2",0,2019-05-23,"05","2019",0,25.55,"-18.675 147.675"
"3709714","2019-05-23T12:00:00Z",-18.825,147.625,"0.0",0,"25.37","0.16",0,2019-05-23,"05","2019",0,25.37,"-18.825 147.625"
"3709755","2019-05-23T12:00:00Z",-18.875,147.625,"0.0",0,"25.310000000000002","0.15",0,2019-05-23,"05","2019",0,25.31,"-18.875 147.625"
"3709756","2019-05-23T12:00:00Z",-18.875,147.675,"0.0",0,"25.330000000000002","0.15",0,2019-05-23,"05","2019",0,25.33,"-18.875 147.675"
"3709838","2019-05-23T12:00:00Z",-18.975,147.675,"0.0",0,"25.240000000000002","0.14",0,2019-05-23,"05","2019",0,25.24,"-18.975 147.675"
"3727099","2019-05-30T12:00:00Z",-18.675,147.675,"0.0",0,"25.77","0.76",0,2019-05-30,"05","2019",0,25.77,"-18.675 147.675"
"3727221","2019-05-30T12:00:00Z",-18.825,147.625,"0.0",0,"25.580000000000002","0.72",0,2019-05-30,"05","2019",0,25.58,"-18.825 147.625"
"3727262","2019-05-30T12:00:00Z",-18.875,147.625,"0.0",0,"25.53","0.73",0,2019-05-30,"05","2019",0,25.53,"-18.875 147.625"
"3727263","2019-05-30T12:00:00Z",-18.875,147.675,"0.0",0,"25.580000000000002","0.75",0,2019-05-30,"05","2019",0,25.58,"-18.875 147.675"
"3727345","2019-05-30T12:00:00Z",-18.975,147.675,"0.0",0,"25.490000000000002","0.76",0,2019-05-30,"05","2019",0,25.49,"-18.975 147.675"
"3744606","2019-06-06T12:00:00Z",-18.675,147.675,"0.0",0,"25.240000000000002","0.56",0,2019-06-06,"06","2019",0,25.24,"-18.675 147.675"
"3744728","2019-06-06T12:00:00Z",-18.825,147.625,"0.0",0,"24.990000000000002","0.49",0,2019-06-06,"06","2019",0,24.99,"-18.825 147.625"
"3744769","2019-06-06T12:00:00Z",-18.875,147.625,"0.0",0,"24.92","0.48",0,2019-06-06,"06","2019",0,24.92,"-18.875 147.625"
"3744770","2019-06-06T12:00:00Z",-18.875,147.675,"0.0",0,"24.96","0.48",0,2019-06-06,"06","2019",0,24.96,"-18.875 147.675"
"3744852","2019-06-06T12:00:00Z",-18.975,147.675,"0.0",0,"24.84","0.48",0,2019-06-06,"06","2019",0,24.84,"-18.975 147.675"
"3762113","2019-06-13T12:00:00Z",-18.675,147.675,"0.0",0,"24.87","0.53",0,2019-06-13,"06","2019",0,24.87,"-18.675 147.675"
"3762235","2019-06-13T12:00:00Z",-18.825,147.625,"0.0",0,"24.57","0.42",0,2019-06-13,"06","2019",0,24.57,"-18.825 147.625"
"3762276","2019-06-13T12:00:00Z",-18.875,147.625,"0.0",0,"24.48","0.4",0,2019-06-13,"06","2019",0,24.48,"-18.875 147.625"
"3762277","2019-06-13T12:00:00Z",-18.875,147.675,"0.0",0,"24.55","0.43",0,2019-06-13,"06","2019",0,24.55,"-18.875 147.675"
"3762359","2019-06-13T12:00:00Z",-18.975,147.675,"0.0",0,"24.38","0.38",0,2019-06-13,"06","2019",0,24.38,"-18.975 147.675"
"3779620","2019-06-20T12:00:00Z",-18.675,147.675,"0.0",0,"24.650000000000002","0.54",0,2019-06-20,"06","2019",0,24.65,"-18.675 147.675"
"3779742","2019-06-20T12:00:00Z",-18.825,147.625,"0.0",0,"24.44","0.53",0,2019-06-20,"06","2019",0,24.44,"-18.825 147.625"
"3779783","2019-06-20T12:00:00Z",-18.875,147.625,"0.0",0,"24.39","0.55",0,2019-06-20,"06","2019",0,24.39,"-18.875 147.625"
"3779784","2019-06-20T12:00:00Z",-18.875,147.675,"0.0",0,"24.39","0.51",0,2019-06-20,"06","2019",0,24.39,"-18.875 147.675"
"3779866","2019-06-20T12:00:00Z",-18.975,147.675,"0.0",0,"24.310000000000002","0.5700000000000001",0,2019-06-20,"06","2019",0,24.31,"-18.975 147.675"
"3797127","2019-06-27T12:00:00Z",-18.675,147.675,"0.0",0,"24.1","0.17",0,2019-06-27,"06","2019",0,24.1,"-18.675 147.675"
"3797249","2019-06-27T12:00:00Z",-18.825,147.625,"0.0",0,"23.72","0.0",0,2019-06-27,"06","2019",0,23.72,"-18.825 147.625"
"3797290","2019-06-27T12:00:00Z",-18.875,147.625,"0.0",0,"23.63","-0.01",0,2019-06-27,"06","2019",0,23.63,"-18.875 147.625"
"3797291","2019-06-27T12:00:00Z",-18.875,147.675,"0.0",0,"23.63","-0.05",0,2019-06-27,"06","2019",0,23.63,"-18.875 147.675"
"3797373","2019-06-27T12:00:00Z",-18.975,147.675,"0.0",0,"23.45","-0.08",0,2019-06-27,"06","2019",0,23.45,"-18.975 147.675"
"3814634","2019-07-04T12:00:00Z",-18.675,147.675,"0.0",0,"23.990000000000002","0.24",0,2019-07-04,"07","2019",0,23.99,"-18.675 147.675"
"3814756","2019-07-04T12:00:00Z",-18.825,147.625,"0.0",0,"23.63","0.11",0,2019-07-04,"07","2019",0,23.63,"-18.825 147.625"
"3814797","2019-07-04T12:00:00Z",-18.875,147.625,"0.0",0,"23.5","0.06",0,2019-07-04,"07","2019",0,23.5,"-18.875 147.625"
"3814798","2019-07-04T12:00:00Z",-18.875,147.675,"0.0",0,"23.56","0.08",0,2019-07-04,"07","2019",0,23.56,"-18.875 147.675"
"3814880","2019-07-04T12:00:00Z",-18.975,147.675,"0.0",0,"23.32","0.0",0,2019-07-04,"07","2019",0,23.32,"-18.975 147.675"
"3832141","2019-07-11T12:00:00Z",-18.675,147.675,"0.0",0,"23.69","0.13",0,2019-07-11,"07","2019",0,23.69,"-18.675 147.675"
"3832263","2019-07-11T12:00:00Z",-18.825,147.625,"0.0",0,"23.42","0.09",0,2019-07-11,"07","2019",0,23.42,"-18.825 147.625"
"3832304","2019-07-11T12:00:00Z",-18.875,147.625,"0.0",0,"23.35","0.11",0,2019-07-11,"07","2019",0,23.35,"-18.875 147.625"
"3832305","2019-07-11T12:00:00Z",-18.875,147.675,"0.0",0,"23.39","0.11",0,2019-07-11,"07","2019",0,23.39,"-18.875 147.675"
"3832387","2019-07-11T12:00:00Z",-18.975,147.675,"0.0",0,"23.22","0.11",0,2019-07-11,"07","2019",0,23.22,"-18.975 147.675"
"3849648","2019-07-18T12:00:00Z",-18.675,147.675,"0.0",0,"23.35","-0.11",0,2019-07-18,"07","2019",0,23.35,"-18.675 147.675"
"3849770","2019-07-18T12:00:00Z",-18.825,147.625,"0.0",0,"23.02","-0.2",0,2019-07-18,"07","2019",0,23.02,"-18.825 147.625"
"3849811","2019-07-18T12:00:00Z",-18.875,147.625,"0.0",0,"22.94","-0.19",0,2019-07-18,"07","2019",0,22.94,"-18.875 147.625"
"3849812","2019-07-18T12:00:00Z",-18.875,147.675,"0.0",0,"23.0","-0.17",0,2019-07-18,"07","2019",0,23,"-18.875 147.675"
"3849894","2019-07-18T12:00:00Z",-18.975,147.675,"0.0",0,"22.86","-0.13",0,2019-07-18,"07","2019",0,22.86,"-18.975 147.675"
"3867155","2019-07-25T12:00:00Z",-18.675,147.675,"0.0",0,"23.39","-0.06",0,2019-07-25,"07","2019",0,23.39,"-18.675 147.675"
"3867277","2019-07-25T12:00:00Z",-18.825,147.625,"0.0",0,"23.03","-0.19",0,2019-07-25,"07","2019",0,23.03,"-18.825 147.625"
"3867318","2019-07-25T12:00:00Z",-18.875,147.625,"0.0",0,"22.92","-0.22",0,2019-07-25,"07","2019",0,22.92,"-18.875 147.625"
"3867319","2019-07-25T12:00:00Z",-18.875,147.675,"0.0",0,"22.94","-0.23",0,2019-07-25,"07","2019",0,22.94,"-18.875 147.675"
"3867401","2019-07-25T12:00:00Z",-18.975,147.675,"0.0",0,"22.78","-0.23",0,2019-07-25,"07","2019",0,22.78,"-18.975 147.675"
"3884662","2019-08-01T12:00:00Z",-18.675,147.675,"0.0",0,"23.47","0.03",0,2019-08-01,"08","2019",0,23.47,"-18.675 147.675"
"3884784","2019-08-01T12:00:00Z",-18.825,147.625,"0.0",0,"23.25","0.02",0,2019-08-01,"08","2019",0,23.25,"-18.825 147.625"
"3884825","2019-08-01T12:00:00Z",-18.875,147.625,"0.0",0,"23.150000000000002","0.0",0,2019-08-01,"08","2019",0,23.15,"-18.875 147.625"
"3884826","2019-08-01T12:00:00Z",-18.875,147.675,"0.0",0,"23.18","0.01",0,2019-08-01,"08","2019",0,23.18,"-18.875 147.675"
"3884908","2019-08-01T12:00:00Z",-18.975,147.675,"0.0",0,"22.98","-0.04",0,2019-08-01,"08","2019",0,22.98,"-18.975 147.675"
"3902169","2019-08-08T12:00:00Z",-18.675,147.675,"0.0",0,"23.63","0.2",0,2019-08-08,"08","2019",0,23.63,"-18.675 147.675"
"3902291","2019-08-08T12:00:00Z",-18.825,147.625,"0.0",0,"23.43","0.2",0,2019-08-08,"08","2019",0,23.43,"-18.825 147.625"
"3902332","2019-08-08T12:00:00Z",-18.875,147.625,"0.0",0,"23.34","0.18",0,2019-08-08,"08","2019",0,23.34,"-18.875 147.625"
"3902333","2019-08-08T12:00:00Z",-18.875,147.675,"0.0",0,"23.34","0.17",0,2019-08-08,"08","2019",0,23.34,"-18.875 147.675"
"3902415","2019-08-08T12:00:00Z",-18.975,147.675,"0.0",0,"23.17","0.14",0,2019-08-08,"08","2019",0,23.17,"-18.975 147.675"
"3919676","2019-08-15T12:00:00Z",-18.675,147.675,"0.0",0,"23.1","-0.32",0,2019-08-15,"08","2019",0,23.1,"-18.675 147.675"
"3919798","2019-08-15T12:00:00Z",-18.825,147.625,"0.0",0,"22.990000000000002","-0.24",0,2019-08-15,"08","2019",0,22.99,"-18.825 147.625"
"3919839","2019-08-15T12:00:00Z",-18.875,147.625,"0.0",0,"22.96","-0.21",0,2019-08-15,"08","2019",0,22.96,"-18.875 147.625"
"3919840","2019-08-15T12:00:00Z",-18.875,147.675,"0.0",0,"22.97","-0.2",0,2019-08-15,"08","2019",0,22.97,"-18.875 147.675"
"3919922","2019-08-15T12:00:00Z",-18.975,147.675,"0.0",0,"22.89","-0.15",0,2019-08-15,"08","2019",0,22.89,"-18.975 147.675"
"3937183","2019-08-22T12:00:00Z",-18.675,147.675,"0.0",0,"23.22","-0.35000000000000003",0,2019-08-22,"08","2019",0,23.22,"-18.675 147.675"
"3937305","2019-08-22T12:00:00Z",-18.825,147.625,"0.0",0,"23.04","-0.36",0,2019-08-22,"08","2019",0,23.04,"-18.825 147.625"
"3937346","2019-08-22T12:00:00Z",-18.875,147.625,"0.0",0,"22.990000000000002","-0.35000000000000003",0,2019-08-22,"08","2019",0,22.99,"-18.875 147.625"
"3937347","2019-08-22T12:00:00Z",-18.875,147.675,"0.0",0,"23.01","-0.33",0,2019-08-22,"08","2019",0,23.01,"-18.875 147.675"
"3937429","2019-08-22T12:00:00Z",-18.975,147.675,"0.0",0,"22.92","-0.3",0,2019-08-22,"08","2019",0,22.92,"-18.975 147.675"
"3954690","2019-08-29T12:00:00Z",-18.675,147.675,"0.0",0,"23.35","-0.37",0,2019-08-29,"08","2019",0,23.35,"-18.675 147.675"
"3954812","2019-08-29T12:00:00Z",-18.825,147.625,"0.0",0,"23.25","-0.32",0,2019-08-29,"08","2019",0,23.25,"-18.825 147.625"
"3954853","2019-08-29T12:00:00Z",-18.875,147.625,"0.0",0,"23.2","-0.31",0,2019-08-29,"08","2019",0,23.2,"-18.875 147.625"
"3954854","2019-08-29T12:00:00Z",-18.875,147.675,"0.0",0,"23.23","-0.28",0,2019-08-29,"08","2019",0,23.23,"-18.875 147.675"
"3954936","2019-08-29T12:00:00Z",-18.975,147.675,"0.0",0,"23.14","-0.27",0,2019-08-29,"08","2019",0,23.14,"-18.975 147.675"
"3972197","2019-09-05T12:00:00Z",-18.675,147.675,"0.0",0,"23.54","-0.33",0,2019-09-05,"09","2019",0,23.54,"-18.675 147.675"
"3972319","2019-09-05T12:00:00Z",-18.825,147.625,"0.0",0,"23.5","-0.24",0,2019-09-05,"09","2019",0,23.5,"-18.825 147.625"
"3972360","2019-09-05T12:00:00Z",-18.875,147.625,"0.0",0,"23.47","-0.21",0,2019-09-05,"09","2019",0,23.47,"-18.875 147.625"
"3972361","2019-09-05T12:00:00Z",-18.875,147.675,"0.0",0,"23.47","-0.21",0,2019-09-05,"09","2019",0,23.47,"-18.875 147.675"
"3972443","2019-09-05T12:00:00Z",-18.975,147.675,"0.0",0,"23.44","-0.15",0,2019-09-05,"09","2019",0,23.44,"-18.975 147.675"
"3989704","2019-09-12T12:00:00Z",-18.675,147.675,"0.0",0,"23.42","-0.6",0,2019-09-12,"09","2019",0,23.42,"-18.675 147.675"
"3989826","2019-09-12T12:00:00Z",-18.825,147.625,"0.0",0,"23.31","-0.6",0,2019-09-12,"09","2019",0,23.31,"-18.825 147.625"
"3989867","2019-09-12T12:00:00Z",-18.875,147.625,"0.0",0,"23.29","-0.5700000000000001",0,2019-09-12,"09","2019",0,23.29,"-18.875 147.625"
"3989868","2019-09-12T12:00:00Z",-18.875,147.675,"0.0",0,"23.29","-0.56",0,2019-09-12,"09","2019",0,23.29,"-18.875 147.675"
"3989950","2019-09-12T12:00:00Z",-18.975,147.675,"0.0",0,"23.26","-0.51",0,2019-09-12,"09","2019",0,23.26,"-18.975 147.675"
"4007211","2019-09-19T12:00:00Z",-18.675,147.675,"0.0",0,"23.78","-0.46",0,2019-09-19,"09","2019",0,23.78,"-18.675 147.675"
"4007333","2019-09-19T12:00:00Z",-18.825,147.625,"0.0",0,"23.64","-0.51",0,2019-09-19,"09","2019",0,23.64,"-18.825 147.625"
"4007374","2019-09-19T12:00:00Z",-18.875,147.625,"0.0",0,"23.6","-0.51",0,2019-09-19,"09","2019",0,23.6,"-18.875 147.625"
"4007375","2019-09-19T12:00:00Z",-18.875,147.675,"0.0",0,"23.6","-0.5",0,2019-09-19,"09","2019",0,23.6,"-18.875 147.675"
"4007457","2019-09-19T12:00:00Z",-18.975,147.675,"0.0",0,"23.55","-0.48",0,2019-09-19,"09","2019",0,23.55,"-18.975 147.675"
"4024718","2019-09-26T12:00:00Z",-18.675,147.675,"0.0",0,"23.900000000000002","-0.63",0,2019-09-26,"09","2019",0,23.9,"-18.675 147.675"
"4024840","2019-09-26T12:00:00Z",-18.825,147.625,"0.0",0,"23.84","-0.61",0,2019-09-26,"09","2019",0,23.84,"-18.825 147.625"
"4024881","2019-09-26T12:00:00Z",-18.875,147.625,"0.0",0,"23.84","-0.5700000000000001",0,2019-09-26,"09","2019",0,23.84,"-18.875 147.625"
"4024882","2019-09-26T12:00:00Z",-18.875,147.675,"0.0",0,"23.81","-0.6",0,2019-09-26,"09","2019",0,23.81,"-18.875 147.675"
"4024964","2019-09-26T12:00:00Z",-18.975,147.675,"0.0",0,"23.81","-0.54",0,2019-09-26,"09","2019",0,23.81,"-18.975 147.675"
"4042225","2019-10-03T12:00:00Z",-18.675,147.675,"0.0",0,"24.43","-0.38",0,2019-10-03,"10","2019",0,24.43,"-18.675 147.675"
"4042347","2019-10-03T12:00:00Z",-18.825,147.625,"0.0",0,"24.21","-0.54",0,2019-10-03,"10","2019",0,24.21,"-18.825 147.625"
"4042388","2019-10-03T12:00:00Z",-18.875,147.625,"0.0",0,"24.17","-0.55",0,2019-10-03,"10","2019",0,24.17,"-18.875 147.625"
"4042389","2019-10-03T12:00:00Z",-18.875,147.675,"0.0",0,"24.18","-0.54",0,2019-10-03,"10","2019",0,24.18,"-18.875 147.675"
"4042471","2019-10-03T12:00:00Z",-18.975,147.675,"0.0",0,"24.12","-0.55",0,2019-10-03,"10","2019",0,24.12,"-18.975 147.675"
"4059732","2019-10-10T12:00:00Z",-18.675,147.675,"0.0",0,"24.7","-0.4",0,2019-10-10,"10","2019",0,24.7,"-18.675 147.675"
"4059854","2019-10-10T12:00:00Z",-18.825,147.625,"0.0",0,"24.67","-0.38",0,2019-10-10,"10","2019",0,24.67,"-18.825 147.625"
"4059895","2019-10-10T12:00:00Z",-18.875,147.625,"0.0",0,"24.67","-0.36",0,2019-10-10,"10","2019",0,24.67,"-18.875 147.625"
"4059896","2019-10-10T12:00:00Z",-18.875,147.675,"0.0",0,"24.61","-0.42",0,2019-10-10,"10","2019",0,24.61,"-18.875 147.675"
"4059978","2019-10-10T12:00:00Z",-18.975,147.675,"0.0",0,"24.61","-0.38",0,2019-10-10,"10","2019",0,24.61,"-18.975 147.675"
"4077239","2019-10-17T12:00:00Z",-18.675,147.675,"0.0",0,"25.01","-0.38",0,2019-10-17,"10","2019",0,25.01,"-18.675 147.675"
"4077361","2019-10-17T12:00:00Z",-18.825,147.625,"0.0",0,"24.990000000000002","-0.36",0,2019-10-17,"10","2019",0,24.99,"-18.825 147.625"
"4077402","2019-10-17T12:00:00Z",-18.875,147.625,"0.0",0,"25.0","-0.34",0,2019-10-17,"10","2019",0,25,"-18.875 147.625"
"4077403","2019-10-17T12:00:00Z",-18.875,147.675,"0.0",0,"24.990000000000002","-0.35000000000000003",0,2019-10-17,"10","2019",0,24.99,"-18.875 147.675"
"4077485","2019-10-17T12:00:00Z",-18.975,147.675,"0.0",0,"25.01","-0.31",0,2019-10-17,"10","2019",0,25.01,"-18.975 147.675"
"4094746","2019-10-24T12:00:00Z",-18.675,147.675,"0.0",0,"25.38","-0.31",0,2019-10-24,"10","2019",0,25.38,"-18.675 147.675"
"4094868","2019-10-24T12:00:00Z",-18.825,147.625,"0.0",0,"25.27","-0.4",0,2019-10-24,"10","2019",0,25.27,"-18.825 147.625"
"4094909","2019-10-24T12:00:00Z",-18.875,147.625,"0.0",0,"25.26","-0.41000000000000003",0,2019-10-24,"10","2019",0,25.26,"-18.875 147.625"
"4094910","2019-10-24T12:00:00Z",-18.875,147.675,"0.0",0,"25.27","-0.4",0,2019-10-24,"10","2019",0,25.27,"-18.875 147.675"
"4094992","2019-10-24T12:00:00Z",-18.975,147.675,"0.0",0,"25.240000000000002","-0.42",0,2019-10-24,"10","2019",0,25.24,"-18.975 147.675"
"4112253","2019-10-31T12:00:00Z",-18.675,147.675,"0.0",0,"25.47","-0.53",0,2019-10-31,"10","2019",0,25.47,"-18.675 147.675"
"4112375","2019-10-31T12:00:00Z",-18.825,147.625,"0.0",0,"25.36","-0.63",0,2019-10-31,"10","2019",0,25.36,"-18.825 147.625"
"4112416","2019-10-31T12:00:00Z",-18.875,147.625,"0.0",0,"25.330000000000002","-0.67",0,2019-10-31,"10","2019",0,25.33,"-18.875 147.625"
"4112417","2019-10-31T12:00:00Z",-18.875,147.675,"0.0",0,"25.310000000000002","-0.68",0,2019-10-31,"10","2019",0,25.31,"-18.875 147.675"
"4112499","2019-10-31T12:00:00Z",-18.975,147.675,"0.0",0,"25.28","-0.71",0,2019-10-31,"10","2019",0,25.28,"-18.975 147.675"
"4129760","2019-11-07T12:00:00Z",-18.675,147.675,"0.0",0,"26.1","-0.21",0,2019-11-07,"11","2019",0,26.1,"-18.675 147.675"
"4129882","2019-11-07T12:00:00Z",-18.825,147.625,"0.0",0,"26.02","-0.29",0,2019-11-07,"11","2019",0,26.02,"-18.825 147.625"
"4129923","2019-11-07T12:00:00Z",-18.875,147.625,"0.0",0,"26.0","-0.33",0,2019-11-07,"11","2019",0,26,"-18.875 147.625"
"4129924","2019-11-07T12:00:00Z",-18.875,147.675,"0.0",0,"25.98","-0.33",0,2019-11-07,"11","2019",0,25.98,"-18.875 147.675"
"4130006","2019-11-07T12:00:00Z",-18.975,147.675,"0.0",0,"25.95","-0.38",0,2019-11-07,"11","2019",0,25.95,"-18.975 147.675"
"4147267","2019-11-14T12:00:00Z",-18.675,147.675,"0.0",0,"26.16","-0.46",0,2019-11-14,"11","2019",0,26.16,"-18.675 147.675"
"4147389","2019-11-14T12:00:00Z",-18.825,147.625,"0.0",0,"26.09","-0.54",0,2019-11-14,"11","2019",0,26.09,"-18.825 147.625"
"4147430","2019-11-14T12:00:00Z",-18.875,147.625,"0.0",0,"26.09","-0.56",0,2019-11-14,"11","2019",0,26.09,"-18.875 147.625"
"4147431","2019-11-14T12:00:00Z",-18.875,147.675,"0.0",0,"26.060000000000002","-0.5700000000000001",0,2019-11-14,"11","2019",0,26.06,"-18.875 147.675"
"4147513","2019-11-14T12:00:00Z",-18.975,147.675,"0.0",0,"26.12","-0.55",0,2019-11-14,"11","2019",0,26.12,"-18.975 147.675"
"4164774","2019-11-21T12:00:00Z",-18.675,147.675,"0.0",0,"26.46","-0.38",0,2019-11-21,"11","2019",0,26.46,"-18.675 147.675"
"4164896","2019-11-21T12:00:00Z",-18.825,147.625,"0.0",0,"26.490000000000002","-0.37",0,2019-11-21,"11","2019",0,26.49,"-18.825 147.625"
"4164937","2019-11-21T12:00:00Z",-18.875,147.625,"0.0",0,"26.52","-0.36",0,2019-11-21,"11","2019",0,26.52,"-18.875 147.625"
"4164938","2019-11-21T12:00:00Z",-18.875,147.675,"0.0",0,"26.51","-0.35000000000000003",0,2019-11-21,"11","2019",0,26.51,"-18.875 147.675"
"4165020","2019-11-21T12:00:00Z",-18.975,147.675,"0.0",0,"26.59","-0.3",0,2019-11-21,"11","2019",0,26.59,"-18.975 147.675"
"4182281","2019-11-28T12:00:00Z",-18.675,147.675,"0.0",0,"26.7","-0.35000000000000003",0,2019-11-28,"11","2019",0,26.7,"-18.675 147.675"
"4182403","2019-11-28T12:00:00Z",-18.825,147.625,"0.0",0,"26.72","-0.35000000000000003",0,2019-11-28,"11","2019",0,26.72,"-18.825 147.625"
"4182444","2019-11-28T12:00:00Z",-18.875,147.625,"0.0",0,"26.75","-0.33",0,2019-11-28,"11","2019",0,26.75,"-18.875 147.625"
"4182445","2019-11-28T12:00:00Z",-18.875,147.675,"0.0",0,"26.73","-0.34",0,2019-11-28,"11","2019",0,26.73,"-18.875 147.675"
"4182527","2019-11-28T12:00:00Z",-18.975,147.675,"0.0",0,"26.79","-0.3",0,2019-11-28,"11","2019",0,26.79,"-18.975 147.675"
"4199788","2019-12-05T12:00:00Z",-18.675,147.675,"0.0",0,"27.29","0.03",0,2019-12-05,"12","2019",0,27.29,"-18.675 147.675"
"4199910","2019-12-05T12:00:00Z",-18.825,147.625,"0.0",0,"27.38","0.11",0,2019-12-05,"12","2019",0,27.38,"-18.825 147.625"
"4199951","2019-12-05T12:00:00Z",-18.875,147.625,"0.0",0,"27.46","0.17",0,2019-12-05,"12","2019",0,27.46,"-18.875 147.625"
"4199952","2019-12-05T12:00:00Z",-18.875,147.675,"0.0",0,"27.42","0.15",0,2019-12-05,"12","2019",0,27.42,"-18.875 147.675"
"4200034","2019-12-05T12:00:00Z",-18.975,147.675,"0.0",0,"27.57","0.28",0,2019-12-05,"12","2019",0,27.57,"-18.975 147.675"
"4217295","2019-12-12T12:00:00Z",-18.675,147.675,"0.0",0,"27.25","-0.22",0,2019-12-12,"12","2019",0,27.25,"-18.675 147.675"
"4217417","2019-12-12T12:00:00Z",-18.825,147.625,"0.0",0,"27.330000000000002","-0.15",0,2019-12-12,"12","2019",0,27.33,"-18.825 147.625"
"4217458","2019-12-12T12:00:00Z",-18.875,147.625,"0.0",0,"27.36","-0.13",0,2019-12-12,"12","2019",0,27.36,"-18.875 147.625"
"4217459","2019-12-12T12:00:00Z",-18.875,147.675,"0.0",0,"27.29","-0.19",0,2019-12-12,"12","2019",0,27.29,"-18.875 147.675"
"4217541","2019-12-12T12:00:00Z",-18.975,147.675,"0.0",0,"27.330000000000002","-0.16",0,2019-12-12,"12","2019",0,27.33,"-18.975 147.675"
"4234802","2019-12-19T12:00:00Z",-18.675,147.675,"0.0",0,"27.36","-0.29",0,2019-12-19,"12","2019",0,27.36,"-18.675 147.675"
"4234924","2019-12-19T12:00:00Z",-18.825,147.625,"0.0",0,"27.28","-0.38",0,2019-12-19,"12","2019",0,27.28,"-18.825 147.625"
"4234965","2019-12-19T12:00:00Z",-18.875,147.625,"0.0",0,"27.29","-0.38",0,2019-12-19,"12","2019",0,27.29,"-18.875 147.625"
"4234966","2019-12-19T12:00:00Z",-18.875,147.675,"0.0",0,"27.26","-0.4",0,2019-12-19,"12","2019",0,27.26,"-18.875 147.675"
"4235048","2019-12-19T12:00:00Z",-18.975,147.675,"0.0",0,"27.3","-0.37",0,2019-12-19,"12","2019",0,27.3,"-18.975 147.675"
"4252309","2019-12-26T12:00:00Z",-18.675,147.675,"0.0",0,"27.86","0.06",0,2019-12-26,"12","2019",0,27.86,"-18.675 147.675"
"4252431","2019-12-26T12:00:00Z",-18.825,147.625,"0.0",0,"27.79","-0.03",0,2019-12-26,"12","2019",0,27.79,"-18.825 147.625"
"4252472","2019-12-26T12:00:00Z",-18.875,147.625,"0.0",0,"27.77","-0.06",0,2019-12-26,"12","2019",0,27.77,"-18.875 147.625"
"4252473","2019-12-26T12:00:00Z",-18.875,147.675,"0.0",0,"27.73","-0.09",0,2019-12-26,"12","2019",0,27.73,"-18.875 147.675"
"4252555","2019-12-26T12:00:00Z",-18.975,147.675,"0.0",0,"27.72","-0.11",0,2019-12-26,"12","2019",0,27.72,"-18.975 147.675"
"4269816","2020-01-02T12:00:00Z",-18.675,147.675,"0.0",0,"28.45","0.49",0,2020-01-02,"01","2020",0,28.45,"-18.675 147.675"
"4269938","2020-01-02T12:00:00Z",-18.825,147.625,"0.0",0,"28.46","0.48",0,2020-01-02,"01","2020",0,28.46,"-18.825 147.625"
"4269979","2020-01-02T12:00:00Z",-18.875,147.625,"0.0",0,"28.45","0.46",0,2020-01-02,"01","2020",0,28.45,"-18.875 147.625"
"4269980","2020-01-02T12:00:00Z",-18.875,147.675,"0.0",0,"28.39","0.41000000000000003",0,2020-01-02,"01","2020",0,28.39,"-18.875 147.675"
"4270062","2020-01-02T12:00:00Z",-18.975,147.675,"0.0",0,"28.28","0.29",0,2020-01-02,"01","2020",0,28.28,"-18.975 147.675"
"4287323","2020-01-09T12:00:00Z",-18.675,147.675,"0.0",0,"28.23","0.11",0,2020-01-09,"01","2020",0,28.23,"-18.675 147.675"
"4287445","2020-01-09T12:00:00Z",-18.825,147.625,"0.0",0,"28.27","0.14",0,2020-01-09,"01","2020",0,28.27,"-18.825 147.625"
"4287486","2020-01-09T12:00:00Z",-18.875,147.625,"0.0",0,"28.32","0.18",0,2020-01-09,"01","2020",0,28.32,"-18.875 147.625"
"4287487","2020-01-09T12:00:00Z",-18.875,147.675,"0.0",0,"28.29","0.16",0,2020-01-09,"01","2020",0,28.29,"-18.875 147.675"
"4287569","2020-01-09T12:00:00Z",-18.975,147.675,"0.0",0,"28.37","0.23",0,2020-01-09,"01","2020",0,28.37,"-18.975 147.675"
"4304830","2020-01-16T12:00:00Z",-18.675,147.675,"0.0",0,"27.97","-0.28",0,2020-01-16,"01","2020",0,27.97,"-18.675 147.675"
"4304952","2020-01-16T12:00:00Z",-18.825,147.625,"0.0",0,"27.88","-0.39",0,2020-01-16,"01","2020",0,27.88,"-18.825 147.625"
"4304993","2020-01-16T12:00:00Z",-18.875,147.625,"0.0",0,"27.92","-0.36",0,2020-01-16,"01","2020",0,27.92,"-18.875 147.625"
"4304994","2020-01-16T12:00:00Z",-18.875,147.675,"0.0",0,"27.86","-0.41000000000000003",0,2020-01-16,"01","2020",0,27.86,"-18.875 147.675"
"4305076","2020-01-16T12:00:00Z",-18.975,147.675,"0.0",0,"28.01","-0.27",0,2020-01-16,"01","2020",0,28.01,"-18.975 147.675"
"4322337","2020-01-23T12:00:00Z",-18.675,147.675,"0.0",0,"29.16","0.88",0,2020-01-23,"01","2020",0,29.16,"-18.675 147.675"
"4322459","2020-01-23T12:00:00Z",-18.825,147.625,"0.0",0,"29.02","0.72",0,2020-01-23,"01","2020",0,29.02,"-18.825 147.625"
"4322500","2020-01-23T12:00:00Z",-18.875,147.625,"0.0",0,"29.02","0.71",0,2020-01-23,"01","2020",0,29.02,"-18.875 147.625"
"4322501","2020-01-23T12:00:00Z",-18.875,147.675,"0.0",0,"29.01","0.71",0,2020-01-23,"01","2020",0,29.01,"-18.875 147.675"
"4322583","2020-01-23T12:00:00Z",-18.975,147.675,"0.0",0,"29.03","0.72",0,2020-01-23,"01","2020",0,29.03,"-18.975 147.675"
"4339844","2020-01-30T12:00:00Z",-18.675,147.675,"0.0",0,"29.32","1.01",0,2020-01-30,"01","2020",0,29.32,"-18.675 147.675"
"4339966","2020-01-30T12:00:00Z",-18.825,147.625,"0.0",0,"29.080000000000002","0.75",0,2020-01-30,"01","2020",0,29.08,"-18.825 147.625"
"4340007","2020-01-30T12:00:00Z",-18.875,147.625,"0.0",0,"29.07","0.73",0,2020-01-30,"01","2020",0,29.07,"-18.875 147.625"
"4340008","2020-01-30T12:00:00Z",-18.875,147.675,"0.0",0,"29.13","0.8",0,2020-01-30,"01","2020",0,29.13,"-18.875 147.675"
"4340090","2020-01-30T12:00:00Z",-18.975,147.675,"0.0",0,"29.12","0.78",0,2020-01-30,"01","2020",0,29.12,"-18.975 147.675"
"4357351","2020-02-06T12:00:00Z",-18.675,147.675,"0.14",0,"29.330000000000002","0.99",0,2020-02-06,"02","2020",0.14,29.33,"-18.675 147.675"
"4357473","2020-02-06T12:00:00Z",-18.825,147.625,"0.0",0,"29.3","0.9400000000000001",0,2020-02-06,"02","2020",0,29.3,"-18.825 147.625"
"4357514","2020-02-06T12:00:00Z",-18.875,147.625,"0.0",0,"29.32","0.9500000000000001",0,2020-02-06,"02","2020",0,29.32,"-18.875 147.625"
"4357515","2020-02-06T12:00:00Z",-18.875,147.675,"0.0",0,"29.28","0.92",0,2020-02-06,"02","2020",0,29.28,"-18.875 147.675"
"4357597","2020-02-06T12:00:00Z",-18.975,147.675,"0.0",0,"29.330000000000002","0.96",0,2020-02-06,"02","2020",0,29.33,"-18.975 147.675"
"4374858","2020-02-13T12:00:00Z",-18.675,147.675,"1.32",0,"30.080000000000002","1.72",0,2020-02-13,"02","2020",1.32,30.08,"-18.675 147.675"
"4374980","2020-02-13T12:00:00Z",-18.825,147.625,"1.31",0,"30.13","1.75",0,2020-02-13,"02","2020",1.31,30.13,"-18.825 147.625"
"4375021","2020-02-13T12:00:00Z",-18.875,147.625,"1.3",0,"30.14","1.75",0,2020-02-13,"02","2020",1.3,30.14,"-18.875 147.625"
"4375022","2020-02-13T12:00:00Z",-18.875,147.675,"1.12",0,"30.080000000000002","1.7",0,2020-02-13,"02","2020",1.12,30.08,"-18.875 147.675"
"4375104","2020-02-13T12:00:00Z",-18.975,147.675,"1.29",0,"30.13","1.74",0,2020-02-13,"02","2020",1.29,30.13,"-18.975 147.675"
"4392365","2020-02-20T12:00:00Z",-18.675,147.675,"3.08",0,"30.03","1.74",0,2020-02-20,"02","2020",3.08,30.03,"-18.675 147.675"
"4392487","2020-02-20T12:00:00Z",-18.825,147.625,"3.0500000000000003",0,"30.05","1.75",0,2020-02-20,"02","2020",3.05,30.05,"-18.825 147.625"
"4392528","2020-02-20T12:00:00Z",-18.875,147.625,"3.0500000000000003",0,"30.05","1.75",0,2020-02-20,"02","2020",3.05,30.05,"-18.875 147.625"
"4392529","2020-02-20T12:00:00Z",-18.875,147.675,"2.84",0,"29.990000000000002","1.7",0,2020-02-20,"02","2020",2.84,29.99,"-18.875 147.675"
"4392611","2020-02-20T12:00:00Z",-18.975,147.675,"3.0500000000000003",0,"30.01","1.72",0,2020-02-20,"02","2020",3.05,30.01,"-18.975 147.675"
"4409872","2020-02-27T12:00:00Z",-18.675,147.675,"4.09",0,"29.17","1.0",0,2020-02-27,"02","2020",4.09,29.17,"-18.675 147.675"
"4409994","2020-02-27T12:00:00Z",-18.825,147.625,"4.03",0,"29.18","1.02",0,2020-02-27,"02","2020",4.03,29.18,"-18.825 147.625"
"4410035","2020-02-27T12:00:00Z",-18.875,147.625,"4.0200000000000005",0,"29.19","1.03",0,2020-02-27,"02","2020",4.02,29.19,"-18.875 147.625"
"4410036","2020-02-27T12:00:00Z",-18.875,147.675,"3.8000000000000003",0,"29.17","1.02",0,2020-02-27,"02","2020",3.8,29.17,"-18.875 147.675"
"4410118","2020-02-27T12:00:00Z",-18.975,147.675,"4.01",0,"29.29","1.1500000000000001",0,2020-02-27,"02","2020",4.01,29.29,"-18.975 147.675"
"4427379","2020-03-05T12:00:00Z",-18.675,147.675,"4.73",0,"29.63","1.57",0,2020-03-05,"03","2020",4.73,29.63,"-18.675 147.675"
"4427501","2020-03-05T12:00:00Z",-18.825,147.625,"4.17",0,"29.38","1.35",0,2020-03-05,"03","2020",4.17,29.38,"-18.825 147.625"
"4427542","2020-03-05T12:00:00Z",-18.875,147.625,"4.0200000000000005",0,"29.34","1.32",0,2020-03-05,"03","2020",4.02,29.34,"-18.875 147.625"
"4427543","2020-03-05T12:00:00Z",-18.875,147.675,"3.95",0,"29.38","1.37",0,2020-03-05,"03","2020",3.95,29.38,"-18.875 147.675"
"4427625","2020-03-05T12:00:00Z",-18.975,147.675,"4.16",0,"29.29","1.3",0,2020-03-05,"03","2020",4.16,29.29,"-18.975 147.675"
"4444886","2020-03-12T12:00:00Z",-18.675,147.675,"6.01",0,"29.53","1.59",0,2020-03-12,"03","2020",6.01,29.53,"-18.675 147.675"
"4445008","2020-03-12T12:00:00Z",-18.825,147.625,"5.17",0,"29.35","1.45",0,2020-03-12,"03","2020",5.17,29.35,"-18.825 147.625"
"4445049","2020-03-12T12:00:00Z",-18.875,147.625,"4.99",0,"29.310000000000002","1.43",0,2020-03-12,"03","2020",4.99,29.31,"-18.875 147.625"
"4445050","2020-03-12T12:00:00Z",-18.875,147.675,"4.7700000000000005",0,"29.3","1.43",0,2020-03-12,"03","2020",4.77,29.3,"-18.875 147.675"
"4445132","2020-03-12T12:00:00Z",-18.975,147.675,"4.94",0,"29.22","1.3800000000000001",0,2020-03-12,"03","2020",4.94,29.22,"-18.975 147.675"
"4462393","2020-03-19T12:00:00Z",-18.675,147.675,"6.01",0,"28.150000000000002","0.38",0,2020-03-19,"03","2020",6.01,28.15,"-18.675 147.675"
"4462515","2020-03-19T12:00:00Z",-18.825,147.625,"5.17",0,"27.93","0.21",0,2020-03-19,"03","2020",5.17,27.93,"-18.825 147.625"
"4462556","2020-03-19T12:00:00Z",-18.875,147.625,"4.99",0,"27.88","0.19",0,2020-03-19,"03","2020",4.99,27.88,"-18.875 147.625"
"4462557","2020-03-19T12:00:00Z",-18.875,147.675,"4.7700000000000005",0,"27.900000000000002","0.21",0,2020-03-19,"03","2020",4.77,27.9,"-18.875 147.675"
"4462639","2020-03-19T12:00:00Z",-18.975,147.675,"4.94",0,"27.87","0.22",0,2020-03-19,"03","2020",4.94,27.87,"-18.975 147.675"
"4479900","2020-03-26T12:00:00Z",-18.675,147.675,"6.01",0,"27.96","0.4",0,2020-03-26,"03","2020",6.01,27.96,"-18.675 147.675"
"4480022","2020-03-26T12:00:00Z",-18.825,147.625,"5.17",0,"27.88","0.38",0,2020-03-26,"03","2020",5.17,27.88,"-18.825 147.625"
"4480063","2020-03-26T12:00:00Z",-18.875,147.625,"4.99",0,"27.86","0.38",0,2020-03-26,"03","2020",4.99,27.86,"-18.875 147.625"
"4480064","2020-03-26T12:00:00Z",-18.875,147.675,"4.7700000000000005",0,"27.89","0.42",0,2020-03-26,"03","2020",4.77,27.89,"-18.875 147.675"
"4480146","2020-03-26T12:00:00Z",-18.975,147.675,"4.94",0,"27.84","0.4",0,2020-03-26,"03","2020",4.94,27.84,"-18.975 147.675"
"4497407","2020-04-02T12:00:00Z",-18.675,147.675,"6.01",0,"27.92","0.58",0,2020-04-02,"04","2020",6.01,27.92,"-18.675 147.675"
"4497529","2020-04-02T12:00:00Z",-18.825,147.625,"5.17",0,"27.82","0.54",0,2020-04-02,"04","2020",5.17,27.82,"-18.825 147.625"
"4497570","2020-04-02T12:00:00Z",-18.875,147.625,"4.99",0,"27.79","0.53",0,2020-04-02,"04","2020",4.99,27.79,"-18.875 147.625"
"4497571","2020-04-02T12:00:00Z",-18.875,147.675,"4.7700000000000005",0,"27.8","0.54",0,2020-04-02,"04","2020",4.77,27.8,"-18.875 147.675"
"4497653","2020-04-02T12:00:00Z",-18.975,147.675,"4.94",0,"27.740000000000002","0.52",0,2020-04-02,"04","2020",4.94,27.74,"-18.975 147.675"
"4514914","2020-04-09T12:00:00Z",-18.675,147.675,"6.01",0,"27.86","0.73",0,2020-04-09,"04","2020",6.01,27.86,"-18.675 147.675"
"4515036","2020-04-09T12:00:00Z",-18.825,147.625,"5.17",0,"27.830000000000002","0.76",0,2020-04-09,"04","2020",5.17,27.83,"-18.825 147.625"
"4515077","2020-04-09T12:00:00Z",-18.875,147.625,"4.99",0,"27.810000000000002","0.77",0,2020-04-09,"04","2020",4.99,27.81,"-18.875 147.625"
"4515078","2020-04-09T12:00:00Z",-18.875,147.675,"4.7700000000000005",0,"27.810000000000002","0.77",0,2020-04-09,"04","2020",4.77,27.81,"-18.875 147.675"
"4515160","2020-04-09T12:00:00Z",-18.975,147.675,"4.94",0,"27.78","0.78",0,2020-04-09,"04","2020",4.94,27.78,"-18.975 147.675"
"4532421","2020-04-16T12:00:00Z",-18.675,147.675,"6.01",0,"27.72","0.81",0,2020-04-16,"04","2020",6.01,27.72,"-18.675 147.675"
"4532543","2020-04-16T12:00:00Z",-18.825,147.625,"5.17",0,"27.68","0.84",0,2020-04-16,"04","2020",5.17,27.68,"-18.825 147.625"
"4532584","2020-04-16T12:00:00Z",-18.875,147.625,"4.99",0,"27.66","0.85",0,2020-04-16,"04","2020",4.99,27.66,"-18.875 147.625"
"4532585","2020-04-16T12:00:00Z",-18.875,147.675,"4.7700000000000005",0,"27.64","0.8200000000000001",0,2020-04-16,"04","2020",4.77,27.64,"-18.875 147.675"
"4532667","2020-04-16T12:00:00Z",-18.975,147.675,"4.94",0,"27.61","0.84",0,2020-04-16,"04","2020",4.94,27.61,"-18.975 147.675"
"4549928","2020-04-23T12:00:00Z",-18.675,147.675,"6.01",0,"27.85","1.22",0,2020-04-23,"04","2020",6.01,27.85,"-18.675 147.675"
"4550050","2020-04-23T12:00:00Z",-18.825,147.625,"5.17",0,"27.84","1.3",0,2020-04-23,"04","2020",5.17,27.84,"-18.825 147.625"
"4550091","2020-04-23T12:00:00Z",-18.875,147.625,"4.99",0,"27.82","1.31",0,2020-04-23,"04","2020",4.99,27.82,"-18.875 147.625"
"4550092","2020-04-23T12:00:00Z",-18.875,147.675,"4.7700000000000005",0,"27.810000000000002","1.29",0,2020-04-23,"04","2020",4.77,27.81,"-18.875 147.675"
"4550174","2020-04-23T12:00:00Z",-18.975,147.675,"4.94",0,"27.77","1.3",0,2020-04-23,"04","2020",4.94,27.77,"-18.975 147.675"
"4567435","2020-04-30T12:00:00Z",-18.675,147.675,"5.86",0,"27.53","1.19",0,2020-04-30,"04","2020",5.86,27.53,"-18.675 147.675"
"4567557","2020-04-30T12:00:00Z",-18.825,147.625,"5.17",0,"27.43","1.19",0,2020-04-30,"04","2020",5.17,27.43,"-18.825 147.625"
"4567598","2020-04-30T12:00:00Z",-18.875,147.625,"4.99",0,"27.41","1.2",0,2020-04-30,"04","2020",4.99,27.41,"-18.875 147.625"
"4567599","2020-04-30T12:00:00Z",-18.875,147.675,"4.7700000000000005",0,"27.44","1.22",0,2020-04-30,"04","2020",4.77,27.44,"-18.875 147.675"
"4567681","2020-04-30T12:00:00Z",-18.975,147.675,"4.94",0,"27.41","1.25",0,2020-04-30,"04","2020",4.94,27.41,"-18.975 147.675"
"4584942","2020-05-07T12:00:00Z",-18.675,147.675,"4.68",0,"27.02","0.96",0,2020-05-07,"05","2020",4.68,27.02,"-18.675 147.675"
"4585064","2020-05-07T12:00:00Z",-18.825,147.625,"3.86",0,"26.900000000000002","0.9500000000000001",0,2020-05-07,"05","2020",3.86,26.9,"-18.825 147.625"
"4585105","2020-05-07T12:00:00Z",-18.875,147.625,"3.69",0,"26.86","0.9500000000000001",0,2020-05-07,"05","2020",3.69,26.86,"-18.875 147.625"
"4585106","2020-05-07T12:00:00Z",-18.875,147.675,"3.65",0,"26.89","0.96",0,2020-05-07,"05","2020",3.65,26.89,"-18.875 147.675"
"4585188","2020-05-07T12:00:00Z",-18.975,147.675,"3.65",0,"26.79","0.93",0,2020-05-07,"05","2020",3.65,26.79,"-18.975 147.675"
"4602449","2020-05-14T12:00:00Z",-18.675,147.675,"2.93",0,"26.62","0.84",0,2020-05-14,"05","2020",2.93,26.62,"-18.675 147.675"
"4602571","2020-05-14T12:00:00Z",-18.825,147.625,"2.12",0,"26.51","0.86",0,2020-05-14,"05","2020",2.12,26.51,"-18.825 147.625"
"4602612","2020-05-14T12:00:00Z",-18.875,147.625,"1.94",0,"26.46","0.85",0,2020-05-14,"05","2020",1.94,26.46,"-18.875 147.625"
"4602613","2020-05-14T12:00:00Z",-18.875,147.675,"1.92",0,"26.5","0.87",0,2020-05-14,"05","2020",1.92,26.5,"-18.875 147.675"
"4602695","2020-05-14T12:00:00Z",-18.975,147.675,"1.9000000000000001",0,"26.41","0.85",0,2020-05-14,"05","2020",1.9,26.41,"-18.975 147.675"
"4619956","2020-05-21T12:00:00Z",-18.675,147.675,"1.92",0,"26.19","0.74",0,2020-05-21,"05","2020",1.92,26.19,"-18.675 147.675"
"4620078","2020-05-21T12:00:00Z",-18.825,147.625,"1.1400000000000001",0,"26.080000000000002","0.77",0,2020-05-21,"05","2020",1.14,26.08,"-18.825 147.625"
"4620119","2020-05-21T12:00:00Z",-18.875,147.625,"0.97",0,"26.02","0.76",0,2020-05-21,"05","2020",0.97,26.02,"-18.875 147.625"
"4620120","2020-05-21T12:00:00Z",-18.875,147.675,"0.97",0,"26.05","0.76",0,2020-05-21,"05","2020",0.97,26.05,"-18.875 147.675"
"4620202","2020-05-21T12:00:00Z",-18.975,147.675,"0.93",0,"25.92","0.72",0,2020-05-21,"05","2020",0.93,25.92,"-18.975 147.675"
"4637463","2020-05-28T12:00:00Z",-18.675,147.675,"1.27",0,"25.61","0.5",0,2020-05-28,"05","2020",1.27,25.61,"-18.675 147.675"
"4637585","2020-05-28T12:00:00Z",-18.825,147.625,"1.0",0,"25.39","0.43",0,2020-05-28,"05","2020",1,25.39,"-18.825 147.625"
"4637626","2020-05-28T12:00:00Z",-18.875,147.625,"0.97",0,"25.330000000000002","0.43",0,2020-05-28,"05","2020",0.97,25.33,"-18.875 147.625"
"4637627","2020-05-28T12:00:00Z",-18.875,147.675,"0.8200000000000001",0,"25.42","0.49",0,2020-05-28,"05","2020",0.82,25.42,"-18.875 147.675"
"4637709","2020-05-28T12:00:00Z",-18.975,147.675,"0.78",0,"25.330000000000002","0.49",0,2020-05-28,"05","2020",0.78,25.33,"-18.975 147.675"
"4654970","2020-06-04T12:00:00Z",-18.675,147.675,"0.0",0,"25.47","0.7000000000000001",0,2020-06-04,"06","2020",0,25.47,"-18.675 147.675"
"4655092","2020-06-04T12:00:00Z",-18.825,147.625,"0.0",0,"25.3","0.7000000000000001",0,2020-06-04,"06","2020",0,25.3,"-18.825 147.625"
"4655133","2020-06-04T12:00:00Z",-18.875,147.625,"0.0",0,"25.2","0.66",0,2020-06-04,"06","2020",0,25.2,"-18.875 147.625"
"4655134","2020-06-04T12:00:00Z",-18.875,147.675,"0.0",0,"25.240000000000002","0.66",0,2020-06-04,"06","2020",0,25.24,"-18.875 147.675"
"4655216","2020-06-04T12:00:00Z",-18.975,147.675,"0.0",0,"25.04","0.5700000000000001",0,2020-06-04,"06","2020",0,25.04,"-18.975 147.675"
"4672477","2020-06-11T12:00:00Z",-18.675,147.675,"0.0",0,"25.13","0.7000000000000001",0,2020-06-11,"06","2020",0,25.13,"-18.675 147.675"
"4672599","2020-06-11T12:00:00Z",-18.825,147.625,"0.0",0,"24.95","0.7000000000000001",0,2020-06-11,"06","2020",0,24.95,"-18.825 147.625"
"4672640","2020-06-11T12:00:00Z",-18.875,147.625,"0.0",0,"24.91","0.72",0,2020-06-11,"06","2020",0,24.91,"-18.875 147.625"
"4672641","2020-06-11T12:00:00Z",-18.875,147.675,"0.0",0,"24.94","0.72",0,2020-06-11,"06","2020",0,24.94,"-18.875 147.675"
"4672723","2020-06-11T12:00:00Z",-18.975,147.675,"0.0",0,"24.830000000000002","0.73",0,2020-06-11,"06","2020",0,24.83,"-18.975 147.675"
"4689984","2020-06-18T12:00:00Z",-18.675,147.675,"0.0",0,"24.95","0.79",0,2020-06-18,"06","2020",0,24.95,"-18.675 147.675"
"4690106","2020-06-18T12:00:00Z",-18.825,147.625,"0.0",0,"24.7","0.73",0,2020-06-18,"06","2020",0,24.7,"-18.825 147.625"
"4690147","2020-06-18T12:00:00Z",-18.875,147.625,"0.0",0,"24.63","0.73",0,2020-06-18,"06","2020",0,24.63,"-18.875 147.625"
"4690148","2020-06-18T12:00:00Z",-18.875,147.675,"0.0",0,"24.68","0.75",0,2020-06-18,"06","2020",0,24.68,"-18.875 147.675"
"4690230","2020-06-18T12:00:00Z",-18.975,147.675,"0.0",0,"24.51","0.71",0,2020-06-18,"06","2020",0,24.51,"-18.975 147.675"
"4707491","2020-06-25T12:00:00Z",-18.675,147.675,"0.0",0,"24.900000000000002","0.92",0,2020-06-25,"06","2020",0,24.9,"-18.675 147.675"
"4707613","2020-06-25T12:00:00Z",-18.825,147.625,"0.0",0,"24.54","0.77",0,2020-06-25,"06","2020",0,24.54,"-18.825 147.625"
"4707654","2020-06-25T12:00:00Z",-18.875,147.625,"0.0",0,"24.46","0.76",0,2020-06-25,"06","2020",0,24.46,"-18.875 147.625"
"4707655","2020-06-25T12:00:00Z",-18.875,147.675,"0.0",0,"24.490000000000002","0.75",0,2020-06-25,"06","2020",0,24.49,"-18.875 147.675"
"4707737","2020-06-25T12:00:00Z",-18.975,147.675,"0.0",0,"24.34","0.75",0,2020-06-25,"06","2020",0,24.34,"-18.975 147.675"
"4724998","2020-07-02T12:00:00Z",-18.675,147.675,"0.0",0,"24.78","0.98",0,2020-07-02,"07","2020",0,24.78,"-18.675 147.675"
"4725120","2020-07-02T12:00:00Z",-18.825,147.625,"0.0",0,"24.54","0.96",0,2020-07-02,"07","2020",0,24.54,"-18.825 147.625"
"4725161","2020-07-02T12:00:00Z",-18.875,147.625,"0.0",0,"24.47","0.97",0,2020-07-02,"07","2020",0,24.47,"-18.875 147.625"
"4725162","2020-07-02T12:00:00Z",-18.875,147.675,"0.0",0,"24.54","1.0",0,2020-07-02,"07","2020",0,24.54,"-18.875 147.675"
"4725244","2020-07-02T12:00:00Z",-18.975,147.675,"0.0",0,"24.34","0.96",0,2020-07-02,"07","2020",0,24.34,"-18.975 147.675"
"4742505","2020-07-09T12:00:00Z",-18.675,147.675,"0.0",0,"24.43","0.81",0,2020-07-09,"07","2020",0,24.43,"-18.675 147.675"
"4742627","2020-07-09T12:00:00Z",-18.825,147.625,"0.0",0,"24.12","0.73",0,2020-07-09,"07","2020",0,24.12,"-18.825 147.625"
"4742668","2020-07-09T12:00:00Z",-18.875,147.625,"0.0",0,"24.01","0.71",0,2020-07-09,"07","2020",0,24.01,"-18.875 147.625"
"4742669","2020-07-09T12:00:00Z",-18.875,147.675,"0.0",0,"24.080000000000002","0.74",0,2020-07-09,"07","2020",0,24.08,"-18.875 147.675"
"4742751","2020-07-09T12:00:00Z",-18.975,147.675,"0.0",0,"23.89","0.72",0,2020-07-09,"07","2020",0,23.89,"-18.975 147.675"
"4760012","2020-07-16T12:00:00Z",-18.675,147.675,"0.0",0,"24.05","0.59",0,2020-07-16,"07","2020",0,24.05,"-18.675 147.675"
"4760134","2020-07-16T12:00:00Z",-18.825,147.625,"0.0",0,"23.85","0.63",0,2020-07-16,"07","2020",0,23.85,"-18.825 147.625"
"4760175","2020-07-16T12:00:00Z",-18.875,147.625,"0.0",0,"23.76","0.63",0,2020-07-16,"07","2020",0,23.76,"-18.875 147.625"
"4760176","2020-07-16T12:00:00Z",-18.875,147.675,"0.0",0,"23.79","0.62",0,2020-07-16,"07","2020",0,23.79,"-18.875 147.675"
"4760258","2020-07-16T12:00:00Z",-18.975,147.675,"0.0",0,"23.63","0.64",0,2020-07-16,"07","2020",0,23.63,"-18.975 147.675"
"4777519","2020-07-23T12:00:00Z",-18.675,147.675,"0.0",0,"24.240000000000002","0.79",0,2020-07-23,"07","2020",0,24.24,"-18.675 147.675"
"4777641","2020-07-23T12:00:00Z",-18.825,147.625,"0.0",0,"23.95","0.73",0,2020-07-23,"07","2020",0,23.95,"-18.825 147.625"
"4777682","2020-07-23T12:00:00Z",-18.875,147.625,"0.0",0,"23.830000000000002","0.6900000000000001",0,2020-07-23,"07","2020",0,23.83,"-18.875 147.625"
"4777683","2020-07-23T12:00:00Z",-18.875,147.675,"0.0",0,"23.89","0.72",0,2020-07-23,"07","2020",0,23.89,"-18.875 147.675"
"4777765","2020-07-23T12:00:00Z",-18.975,147.675,"0.0",0,"23.7","0.7000000000000001",0,2020-07-23,"07","2020",0,23.7,"-18.975 147.675"
"4795026","2020-07-30T12:00:00Z",-18.675,147.675,"0.0",0,"23.95","0.51",0,2020-07-30,"07","2020",0,23.95,"-18.675 147.675"
"4795148","2020-07-30T12:00:00Z",-18.825,147.625,"0.0",0,"23.62","0.4",0,2020-07-30,"07","2020",0,23.62,"-18.825 147.625"
"4795189","2020-07-30T12:00:00Z",-18.875,147.625,"0.0",0,"23.55","0.4",0,2020-07-30,"07","2020",0,23.55,"-18.875 147.625"
"4795190","2020-07-30T12:00:00Z",-18.875,147.675,"0.0",0,"23.64","0.47000000000000003",0,2020-07-30,"07","2020",0,23.64,"-18.875 147.675"
"4795272","2020-07-30T12:00:00Z",-18.975,147.675,"0.0",0,"23.48","0.47000000000000003",0,2020-07-30,"07","2020",0,23.48,"-18.975 147.675"
"4812533","2020-08-06T12:00:00Z",-18.675,147.675,"0.0",0,"24.0","0.5700000000000001",0,2020-08-06,"08","2020",0,24,"-18.675 147.675"
"4812655","2020-08-06T12:00:00Z",-18.825,147.625,"0.0",0,"23.77","0.54",0,2020-08-06,"08","2020",0,23.77,"-18.825 147.625"
"4812696","2020-08-06T12:00:00Z",-18.875,147.625,"0.0",0,"23.69","0.53",0,2020-08-06,"08","2020",0,23.69,"-18.875 147.625"
"4812697","2020-08-06T12:00:00Z",-18.875,147.675,"0.0",0,"23.740000000000002","0.5700000000000001",0,2020-08-06,"08","2020",0,23.74,"-18.875 147.675"
"4812779","2020-08-06T12:00:00Z",-18.975,147.675,"0.0",0,"23.57","0.54",0,2020-08-06,"08","2020",0,23.57,"-18.975 147.675"
"4830040","2020-08-13T12:00:00Z",-18.675,147.675,"0.0",0,"23.91","0.49",0,2020-08-13,"08","2020",0,23.91,"-18.675 147.675"
"4830162","2020-08-13T12:00:00Z",-18.825,147.625,"0.0",0,"23.69","0.46",0,2020-08-13,"08","2020",0,23.69,"-18.825 147.625"
"4830203","2020-08-13T12:00:00Z",-18.875,147.625,"0.0",0,"23.62","0.45",0,2020-08-13,"08","2020",0,23.62,"-18.875 147.625"
"4830204","2020-08-13T12:00:00Z",-18.875,147.675,"0.0",0,"23.66","0.49",0,2020-08-13,"08","2020",0,23.66,"-18.875 147.675"
"4830286","2020-08-13T12:00:00Z",-18.975,147.675,"0.0",0,"23.53","0.49",0,2020-08-13,"08","2020",0,23.53,"-18.975 147.675"
"4847547","2020-08-20T12:00:00Z",-18.675,147.675,"0.0",0,"24.45","0.92",0,2020-08-20,"08","2020",0,24.45,"-18.675 147.675"
"4847669","2020-08-20T12:00:00Z",-18.825,147.625,"0.0",0,"24.37","1.02",0,2020-08-20,"08","2020",0,24.37,"-18.825 147.625"
"4847710","2020-08-20T12:00:00Z",-18.875,147.625,"0.0",0,"24.34","1.05",0,2020-08-20,"08","2020",0,24.34,"-18.875 147.625"
"4847711","2020-08-20T12:00:00Z",-18.875,147.675,"0.0",0,"24.3","1.01",0,2020-08-20,"08","2020",0,24.3,"-18.875 147.675"
"4847793","2020-08-20T12:00:00Z",-18.975,147.675,"0.0",0,"24.25","1.08",0,2020-08-20,"08","2020",0,24.25,"-18.975 147.675"
"4865054","2020-08-27T12:00:00Z",-18.675,147.675,"0.0",0,"24.25","0.5700000000000001",0,2020-08-27,"08","2020",0,24.25,"-18.675 147.675"
"4865176","2020-08-27T12:00:00Z",-18.825,147.625,"0.0",0,"23.990000000000002","0.47000000000000003",0,2020-08-27,"08","2020",0,23.99,"-18.825 147.625"
"4865217","2020-08-27T12:00:00Z",-18.875,147.625,"0.0",0,"23.94","0.48",0,2020-08-27,"08","2020",0,23.94,"-18.875 147.625"
"4865218","2020-08-27T12:00:00Z",-18.875,147.675,"0.0",0,"23.900000000000002","0.44",0,2020-08-27,"08","2020",0,23.9,"-18.875 147.675"
"4865300","2020-08-27T12:00:00Z",-18.975,147.675,"0.0",0,"23.87","0.52",0,2020-08-27,"08","2020",0,23.87,"-18.975 147.675"
"4882561","2020-09-03T12:00:00Z",-18.675,147.675,"0.0",0,"24.580000000000002","0.76",0,2020-09-03,"09","2020",0,24.58,"-18.675 147.675"
"4882683","2020-09-03T12:00:00Z",-18.825,147.625,"0.0",0,"24.310000000000002","0.62",0,2020-09-03,"09","2020",0,24.31,"-18.825 147.625"
"4882724","2020-09-03T12:00:00Z",-18.875,147.625,"0.0",0,"24.27","0.63",0,2020-09-03,"09","2020",0,24.27,"-18.875 147.625"
"4882725","2020-09-03T12:00:00Z",-18.875,147.675,"0.0",0,"24.35","0.72",0,2020-09-03,"09","2020",0,24.35,"-18.875 147.675"
"4882807","2020-09-03T12:00:00Z",-18.975,147.675,"0.0",0,"24.18","0.64",0,2020-09-03,"09","2020",0,24.18,"-18.975 147.675"
"4900068","2020-09-10T12:00:00Z",-18.675,147.675,"0.0",0,"24.72","0.75",0,2020-09-10,"09","2020",0,24.72,"-18.675 147.675"
"4900190","2020-09-10T12:00:00Z",-18.825,147.625,"0.0",0,"24.39","0.53",0,2020-09-10,"09","2020",0,24.39,"-18.825 147.625"
"4900231","2020-09-10T12:00:00Z",-18.875,147.625,"0.0",0,"24.3","0.49",0,2020-09-10,"09","2020",0,24.3,"-18.875 147.625"
"4900232","2020-09-10T12:00:00Z",-18.875,147.675,"0.0",0,"24.35","0.55",0,2020-09-10,"09","2020",0,24.35,"-18.875 147.675"
"4900314","2020-09-10T12:00:00Z",-18.975,147.675,"0.0",0,"24.21","0.49",0,2020-09-10,"09","2020",0,24.21,"-18.975 147.675"
"4917575","2020-09-17T12:00:00Z",-18.675,147.675,"0.0",0,"24.82","0.66",0,2020-09-17,"09","2020",0,24.82,"-18.675 147.675"
"4917697","2020-09-17T12:00:00Z",-18.825,147.625,"0.0",0,"24.59","0.52",0,2020-09-17,"09","2020",0,24.59,"-18.825 147.625"
"4917738","2020-09-17T12:00:00Z",-18.875,147.625,"0.0",0,"24.5","0.48",0,2020-09-17,"09","2020",0,24.5,"-18.875 147.625"
"4917739","2020-09-17T12:00:00Z",-18.875,147.675,"0.0",0,"24.53","0.52",0,2020-09-17,"09","2020",0,24.53,"-18.875 147.675"
"4917821","2020-09-17T12:00:00Z",-18.975,147.675,"0.0",0,"24.32","0.38",0,2020-09-17,"09","2020",0,24.32,"-18.975 147.675"
"4935082","2020-09-24T12:00:00Z",-18.675,147.675,"0.0",0,"25.13","0.68",0,2020-09-24,"09","2020",0,25.13,"-18.675 147.675"
"4935204","2020-09-24T12:00:00Z",-18.825,147.625,"0.0",0,"25.05","0.6900000000000001",0,2020-09-24,"09","2020",0,25.05,"-18.825 147.625"
"4935245","2020-09-24T12:00:00Z",-18.875,147.625,"0.0",0,"25.02","0.6900000000000001",0,2020-09-24,"09","2020",0,25.02,"-18.875 147.625"
"4935246","2020-09-24T12:00:00Z",-18.875,147.675,"0.0",0,"25.02","0.7000000000000001",0,2020-09-24,"09","2020",0,25.02,"-18.875 147.675"
"4935328","2020-09-24T12:00:00Z",-18.975,147.675,"0.0",0,"24.990000000000002","0.73",0,2020-09-24,"09","2020",0,24.99,"-18.975 147.675"
"4952589","2020-10-01T12:00:00Z",-18.675,147.675,"0.0",0,"24.95","0.22",0,2020-10-01,"10","2020",0,24.95,"-18.675 147.675"
"4952711","2020-10-01T12:00:00Z",-18.825,147.625,"0.0",0,"24.8","0.14",0,2020-10-01,"10","2020",0,24.8,"-18.825 147.625"
"4952752","2020-10-01T12:00:00Z",-18.875,147.625,"0.0",0,"24.76","0.13",0,2020-10-01,"10","2020",0,24.76,"-18.875 147.625"
"4952753","2020-10-01T12:00:00Z",-18.875,147.675,"0.0",0,"24.78","0.15",0,2020-10-01,"10","2020",0,24.78,"-18.875 147.675"
"4952835","2020-10-01T12:00:00Z",-18.975,147.675,"0.0",0,"24.71","0.13",0,2020-10-01,"10","2020",0,24.71,"-18.975 147.675"
"4970096","2020-10-08T12:00:00Z",-18.675,147.675,"0.0",0,"25.330000000000002","0.31",0,2020-10-08,"10","2020",0,25.33,"-18.675 147.675"
"4970218","2020-10-08T12:00:00Z",-18.825,147.625,"0.0",0,"25.23","0.27",0,2020-10-08,"10","2020",0,25.23,"-18.825 147.625"
"4970259","2020-10-08T12:00:00Z",-18.875,147.625,"0.0",0,"25.2","0.26",0,2020-10-08,"10","2020",0,25.2,"-18.875 147.625"
"4970260","2020-10-08T12:00:00Z",-18.875,147.675,"0.0",0,"25.18","0.24",0,2020-10-08,"10","2020",0,25.18,"-18.875 147.675"
"4970342","2020-10-08T12:00:00Z",-18.975,147.675,"0.0",0,"25.1","0.2",0,2020-10-08,"10","2020",0,25.1,"-18.975 147.675"
"4987603","2020-10-15T12:00:00Z",-18.675,147.675,"0.0",0,"25.240000000000002","-0.06",0,2020-10-15,"10","2020",0,25.24,"-18.675 147.675"
"4987725","2020-10-15T12:00:00Z",-18.825,147.625,"0.0",0,"25.17","-0.09",0,2020-10-15,"10","2020",0,25.17,"-18.825 147.625"
"4987766","2020-10-15T12:00:00Z",-18.875,147.625,"0.0",0,"25.150000000000002","-0.1",0,2020-10-15,"10","2020",0,25.15,"-18.875 147.625"
"4987767","2020-10-15T12:00:00Z",-18.875,147.675,"0.0",0,"25.150000000000002","-0.1",0,2020-10-15,"10","2020",0,25.15,"-18.875 147.675"
"4987849","2020-10-15T12:00:00Z",-18.975,147.675,"0.0",0,"25.13","-0.09",0,2020-10-15,"10","2020",0,25.13,"-18.975 147.675"
"5005110","2020-10-22T12:00:00Z",-18.675,147.675,"0.0",0,"25.57","-0.04",0,2020-10-22,"10","2020",0,25.57,"-18.675 147.675"
"5005232","2020-10-22T12:00:00Z",-18.825,147.625,"0.0",0,"25.57","-0.01",0,2020-10-22,"10","2020",0,25.57,"-18.825 147.625"
"5005273","2020-10-22T12:00:00Z",-18.875,147.625,"0.0",0,"25.580000000000002","0.0",0,2020-10-22,"10","2020",0,25.58,"-18.875 147.625"
"5005274","2020-10-22T12:00:00Z",-18.875,147.675,"0.0",0,"25.55","-0.02",0,2020-10-22,"10","2020",0,25.55,"-18.875 147.675"
"5005356","2020-10-22T12:00:00Z",-18.975,147.675,"0.0",0,"25.55","-0.01",0,2020-10-22,"10","2020",0,25.55,"-18.975 147.675"
"5022617","2020-10-29T12:00:00Z",-18.675,147.675,"0.0",0,"26.29","0.38",0,2020-10-29,"10","2020",0,26.29,"-18.675 147.675"
"5022739","2020-10-29T12:00:00Z",-18.825,147.625,"0.0",0,"26.38","0.48",0,2020-10-29,"10","2020",0,26.38,"-18.825 147.625"
"5022780","2020-10-29T12:00:00Z",-18.875,147.625,"0.0",0,"26.42","0.52",0,2020-10-29,"10","2020",0,26.42,"-18.875 147.625"
"5022781","2020-10-29T12:00:00Z",-18.875,147.675,"0.0",0,"26.38","0.48",0,2020-10-29,"10","2020",0,26.38,"-18.875 147.675"
"5022863","2020-10-29T12:00:00Z",-18.975,147.675,"0.0",0,"26.45","0.55",0,2020-10-29,"10","2020",0,26.45,"-18.975 147.675"
"5040124","2020-11-05T12:00:00Z",-18.675,147.675,"0.0",0,"26.59","0.37",0,2020-11-05,"11","2020",0,26.59,"-18.675 147.675"
"5040246","2020-11-05T12:00:00Z",-18.825,147.625,"0.0",0,"26.560000000000002","0.34",0,2020-11-05,"11","2020",0,26.56,"-18.825 147.625"
"5040287","2020-11-05T12:00:00Z",-18.875,147.625,"0.0",0,"26.560000000000002","0.33",0,2020-11-05,"11","2020",0,26.56,"-18.875 147.625"
"5040288","2020-11-05T12:00:00Z",-18.875,147.675,"0.0",0,"26.52","0.3",0,2020-11-05,"11","2020",0,26.52,"-18.875 147.675"
"5040370","2020-11-05T12:00:00Z",-18.975,147.675,"0.0",0,"26.57","0.33",0,2020-11-05,"11","2020",0,26.57,"-18.975 147.675"
"5057631","2020-11-12T12:00:00Z",-18.675,147.675,"0.0",0,"26.68","0.15",0,2020-11-12,"11","2020",0,26.68,"-18.675 147.675"
"5057753","2020-11-12T12:00:00Z",-18.825,147.625,"0.0",0,"26.54","0.0",0,2020-11-12,"11","2020",0,26.54,"-18.825 147.625"
"5057794","2020-11-12T12:00:00Z",-18.875,147.625,"0.0",0,"26.53","-0.03",0,2020-11-12,"11","2020",0,26.53,"-18.875 147.625"
"5057795","2020-11-12T12:00:00Z",-18.875,147.675,"0.0",0,"26.51","-0.03",0,2020-11-12,"11","2020",0,26.51,"-18.875 147.675"
"5057877","2020-11-12T12:00:00Z",-18.975,147.675,"0.0",0,"26.52","-0.05",0,2020-11-12,"11","2020",0,26.52,"-18.975 147.675"
"5075138","2020-11-19T12:00:00Z",-18.675,147.675,"0.0",0,"27.080000000000002","0.3",0,2020-11-19,"11","2020",0,27.08,"-18.675 147.675"
"5075260","2020-11-19T12:00:00Z",-18.825,147.625,"0.0",0,"26.990000000000002","0.19",0,2020-11-19,"11","2020",0,26.99,"-18.825 147.625"
"5075301","2020-11-19T12:00:00Z",-18.875,147.625,"0.0",0,"26.98","0.16",0,2020-11-19,"11","2020",0,26.98,"-18.875 147.625"
"5075302","2020-11-19T12:00:00Z",-18.875,147.675,"0.0",0,"26.95","0.15",0,2020-11-19,"11","2020",0,26.95,"-18.875 147.675"
"5075384","2020-11-19T12:00:00Z",-18.975,147.675,"0.0",0,"26.92","0.09",0,2020-11-19,"11","2020",0,26.92,"-18.975 147.675"
"5092645","2020-11-26T12:00:00Z",-18.675,147.675,"0.0",0,"27.03","0.04",0,2020-11-26,"11","2020",0,27.03,"-18.675 147.675"
"5092767","2020-11-26T12:00:00Z",-18.825,147.625,"0.0",0,"27.01","0.0",0,2020-11-26,"11","2020",0,27.01,"-18.825 147.625"
"5092808","2020-11-26T12:00:00Z",-18.875,147.625,"0.0",0,"26.98","-0.04",0,2020-11-26,"11","2020",0,26.98,"-18.875 147.625"
"5092809","2020-11-26T12:00:00Z",-18.875,147.675,"0.0",0,"26.97","-0.04",0,2020-11-26,"11","2020",0,26.97,"-18.875 147.675"
"5092891","2020-11-26T12:00:00Z",-18.975,147.675,"0.0",0,"26.89","-0.15",0,2020-11-26,"11","2020",0,26.89,"-18.975 147.675"
"5110152","2020-12-03T12:00:00Z",-18.675,147.675,"0.0",0,"27.560000000000002","0.36",0,2020-12-03,"12","2020",0,27.56,"-18.675 147.675"
"5110274","2020-12-03T12:00:00Z",-18.825,147.625,"0.0",0,"27.53","0.32",0,2020-12-03,"12","2020",0,27.53,"-18.825 147.625"
"5110315","2020-12-03T12:00:00Z",-18.875,147.625,"0.0",0,"27.52","0.29",0,2020-12-03,"12","2020",0,27.52,"-18.875 147.625"
"5110316","2020-12-03T12:00:00Z",-18.875,147.675,"0.0",0,"27.5","0.29",0,2020-12-03,"12","2020",0,27.5,"-18.875 147.675"
"5110398","2020-12-03T12:00:00Z",-18.975,147.675,"0.0",0,"27.45","0.21",0,2020-12-03,"12","2020",0,27.45,"-18.975 147.675"
"5127659","2020-12-10T12:00:00Z",-18.675,147.675,"0.0",0,"28.04","0.63",0,2020-12-10,"12","2020",0,28.04,"-18.675 147.675"
"5127781","2020-12-10T12:00:00Z",-18.825,147.625,"0.0",0,"28.03","0.61",0,2020-12-10,"12","2020",0,28.03,"-18.825 147.625"
"5127822","2020-12-10T12:00:00Z",-18.875,147.625,"0.0",0,"28.05","0.62",0,2020-12-10,"12","2020",0,28.05,"-18.875 147.625"
"5127823","2020-12-10T12:00:00Z",-18.875,147.675,"0.0",0,"28.04","0.62",0,2020-12-10,"12","2020",0,28.04,"-18.875 147.675"
"5127905","2020-12-10T12:00:00Z",-18.975,147.675,"0.0",0,"28.09","0.65",0,2020-12-10,"12","2020",0,28.09,"-18.975 147.675"
"5145166","2020-12-17T12:00:00Z",-18.675,147.675,"0.0",0,"28.41","0.81",0,2020-12-17,"12","2020",0,28.41,"-18.675 147.675"
"5145288","2020-12-17T12:00:00Z",-18.825,147.625,"0.0",0,"28.400000000000002","0.78",0,2020-12-17,"12","2020",0,28.4,"-18.825 147.625"
"5145329","2020-12-17T12:00:00Z",-18.875,147.625,"0.0",0,"28.39","0.76",0,2020-12-17,"12","2020",0,28.39,"-18.875 147.625"
"5145330","2020-12-17T12:00:00Z",-18.875,147.675,"0.0",0,"28.34","0.72",0,2020-12-17,"12","2020",0,28.34,"-18.875 147.675"
"5145412","2020-12-17T12:00:00Z",-18.975,147.675,"0.0",0,"28.34","0.71",0,2020-12-17,"12","2020",0,28.34,"-18.975 147.675"
"5162673","2020-12-24T12:00:00Z",-18.675,147.675,"0.0",0,"28.98","1.22",0,2020-12-24,"12","2020",0,28.98,"-18.675 147.675"
"5162795","2020-12-24T12:00:00Z",-18.825,147.625,"0.0",0,"28.93","1.16",0,2020-12-24,"12","2020",0,28.93,"-18.825 147.625"
"5162836","2020-12-24T12:00:00Z",-18.875,147.625,"0.0",0,"28.93","1.1500000000000001",0,2020-12-24,"12","2020",0,28.93,"-18.875 147.625"
"5162837","2020-12-24T12:00:00Z",-18.875,147.675,"0.0",0,"28.91","1.1400000000000001",0,2020-12-24,"12","2020",0,28.91,"-18.875 147.675"
"5162919","2020-12-24T12:00:00Z",-18.975,147.675,"0.0",0,"28.93","1.1500000000000001",0,2020-12-24,"12","2020",0,28.93,"-18.975 147.675"
"5180180","2020-12-31T12:00:00Z",-18.675,147.675,"0.0",0,"28.88","0.96",0,2020-12-31,"12","2020",0,28.88,"-18.675 147.675"
"5180302","2020-12-31T12:00:00Z",-18.825,147.625,"0.0",0,"28.77","0.84",0,2020-12-31,"12","2020",0,28.77,"-18.825 147.625"
"5180343","2020-12-31T12:00:00Z",-18.875,147.625,"0.0",0,"28.740000000000002","0.8",0,2020-12-31,"12","2020",0,28.74,"-18.875 147.625"
"5180344","2020-12-31T12:00:00Z",-18.875,147.675,"0.0",0,"28.740000000000002","0.81",0,2020-12-31,"12","2020",0,28.74,"-18.875 147.675"
"5180426","2020-12-31T12:00:00Z",-18.975,147.675,"0.0",0,"28.69","0.75",0,2020-12-31,"12","2020",0,28.69,"-18.975 147.675"
"5197687","2021-01-07T12:00:00Z",-18.675,147.675,"0.0",0,"29.02","0.9500000000000001",0,2021-01-07,"01","2021",0,29.02,"-18.675 147.675"
"5197809","2021-01-07T12:00:00Z",-18.825,147.625,"0.0",0,"28.94","0.85",0,2021-01-07,"01","2021",0,28.94,"-18.825 147.625"
"5197850","2021-01-07T12:00:00Z",-18.875,147.625,"0.0",0,"28.91","0.81",0,2021-01-07,"01","2021",0,28.91,"-18.875 147.625"
"5197851","2021-01-07T12:00:00Z",-18.875,147.675,"0.0",0,"28.900000000000002","0.81",0,2021-01-07,"01","2021",0,28.9,"-18.875 147.675"
"5197933","2021-01-07T12:00:00Z",-18.975,147.675,"0.0",0,"28.84","0.74",0,2021-01-07,"01","2021",0,28.84,"-18.975 147.675"
"5215194","2021-01-14T12:00:00Z",-18.675,147.675,"0.0",0,"28.5","0.27",0,2021-01-14,"01","2021",0,28.5,"-18.675 147.675"
"5215316","2021-01-14T12:00:00Z",-18.825,147.625,"0.0",0,"28.38","0.13",0,2021-01-14,"01","2021",0,28.38,"-18.825 147.625"
"5215357","2021-01-14T12:00:00Z",-18.875,147.625,"0.0",0,"28.37","0.11",0,2021-01-14,"01","2021",0,28.37,"-18.875 147.625"
"5215358","2021-01-14T12:00:00Z",-18.875,147.675,"0.0",0,"28.38","0.13",0,2021-01-14,"01","2021",0,28.38,"-18.875 147.675"
"5215440","2021-01-14T12:00:00Z",-18.975,147.675,"0.0",0,"28.37","0.11",0,2021-01-14,"01","2021",0,28.37,"-18.975 147.675"
"5232701","2021-01-21T12:00:00Z",-18.675,147.675,"0.0",0,"28.54","0.27",0,2021-01-21,"01","2021",0,28.54,"-18.675 147.675"
"5232823","2021-01-21T12:00:00Z",-18.825,147.625,"0.0",0,"28.36","0.07",0,2021-01-21,"01","2021",0,28.36,"-18.825 147.625"
"5232864","2021-01-21T12:00:00Z",-18.875,147.625,"0.0",0,"28.3","0.0",0,2021-01-21,"01","2021",0,28.3,"-18.875 147.625"
"5232865","2021-01-21T12:00:00Z",-18.875,147.675,"0.0",0,"28.32","0.03",0,2021-01-21,"01","2021",0,28.32,"-18.875 147.675"
"5232947","2021-01-21T12:00:00Z",-18.975,147.675,"0.0",0,"28.2","-0.1",0,2021-01-21,"01","2021",0,28.2,"-18.975 147.675"
"5250208","2021-01-28T12:00:00Z",-18.675,147.675,"0.0",0,"28.45","0.15",0,2021-01-28,"01","2021",0,28.45,"-18.675 147.675"
"5250330","2021-01-28T12:00:00Z",-18.825,147.625,"0.0",0,"28.38","0.06",0,2021-01-28,"01","2021",0,28.38,"-18.825 147.625"
"5250371","2021-01-28T12:00:00Z",-18.875,147.625,"0.0",0,"28.37","0.04",0,2021-01-28,"01","2021",0,28.37,"-18.875 147.625"
"5250372","2021-01-28T12:00:00Z",-18.875,147.675,"0.0",0,"28.38","0.06",0,2021-01-28,"01","2021",0,28.38,"-18.875 147.675"
"5250454","2021-01-28T12:00:00Z",-18.975,147.675,"0.0",0,"28.35","0.02",0,2021-01-28,"01","2021",0,28.35,"-18.975 147.675"
"5267715","2021-02-04T12:00:00Z",-18.675,147.675,"0.0",0,"28.560000000000002","0.23",0,2021-02-04,"02","2021",0,28.56,"-18.675 147.675"
"5267837","2021-02-04T12:00:00Z",-18.825,147.625,"0.0",0,"28.54","0.19",0,2021-02-04,"02","2021",0,28.54,"-18.825 147.625"
"5267878","2021-02-04T12:00:00Z",-18.875,147.625,"0.0",0,"28.54","0.18",0,2021-02-04,"02","2021",0,28.54,"-18.875 147.625"
"5267879","2021-02-04T12:00:00Z",-18.875,147.675,"0.0",0,"28.53","0.18",0,2021-02-04,"02","2021",0,28.53,"-18.875 147.675"
"5267961","2021-02-04T12:00:00Z",-18.975,147.675,"0.0",0,"28.53","0.17",0,2021-02-04,"02","2021",0,28.53,"-18.975 147.675"
"5285222","2021-02-11T12:00:00Z",-18.675,147.675,"0.0",0,"28.77","0.42",0,2021-02-11,"02","2021",0,28.77,"-18.675 147.675"
"5285344","2021-02-11T12:00:00Z",-18.825,147.625,"0.0",0,"28.8","0.43",0,2021-02-11,"02","2021",0,28.8,"-18.825 147.625"
"5285385","2021-02-11T12:00:00Z",-18.875,147.625,"0.0",0,"28.82","0.44",0,2021-02-11,"02","2021",0,28.82,"-18.875 147.625"
"5285386","2021-02-11T12:00:00Z",-18.875,147.675,"0.0",0,"28.79","0.42",0,2021-02-11,"02","2021",0,28.79,"-18.875 147.675"
"5285468","2021-02-11T12:00:00Z",-18.975,147.675,"0.0",0,"28.85","0.47000000000000003",0,2021-02-11,"02","2021",0,28.85,"-18.975 147.675"
"5302729","2021-02-18T12:00:00Z",-18.675,147.675,"0.0",0,"28.71","0.39",0,2021-02-18,"02","2021",0,28.71,"-18.675 147.675"
"5302851","2021-02-18T12:00:00Z",-18.825,147.625,"0.0",0,"28.55","0.22",0,2021-02-18,"02","2021",0,28.55,"-18.825 147.625"
"5302892","2021-02-18T12:00:00Z",-18.875,147.625,"0.0",0,"28.53","0.19",0,2021-02-18,"02","2021",0,28.53,"-18.875 147.625"
"5302893","2021-02-18T12:00:00Z",-18.875,147.675,"0.0",0,"28.52","0.19",0,2021-02-18,"02","2021",0,28.52,"-18.875 147.675"
"5302975","2021-02-18T12:00:00Z",-18.975,147.675,"0.0",0,"28.51","0.18",0,2021-02-18,"02","2021",0,28.51,"-18.975 147.675"
"5320236","2021-02-25T12:00:00Z",-18.675,147.675,"0.0",0,"28.82","0.62",0,2021-02-25,"02","2021",0,28.82,"-18.675 147.675"
"5320358","2021-02-25T12:00:00Z",-18.825,147.625,"0.0",0,"28.76","0.5700000000000001",0,2021-02-25,"02","2021",0,28.76,"-18.825 147.625"
"5320399","2021-02-25T12:00:00Z",-18.875,147.625,"0.0",0,"28.75","0.56",0,2021-02-25,"02","2021",0,28.75,"-18.875 147.625"
"5320400","2021-02-25T12:00:00Z",-18.875,147.675,"0.0",0,"28.740000000000002","0.56",0,2021-02-25,"02","2021",0,28.74,"-18.875 147.675"
"5320482","2021-02-25T12:00:00Z",-18.975,147.675,"0.0",0,"28.740000000000002","0.56",0,2021-02-25,"02","2021",0,28.74,"-18.975 147.675"
"5337743","2021-03-04T12:00:00Z",-18.675,147.675,"0.0",0,"28.21","0.13",0,2021-03-04,"03","2021",0,28.21,"-18.675 147.675"
"5337865","2021-03-04T12:00:00Z",-18.825,147.625,"0.0",0,"28.18","0.12",0,2021-03-04,"03","2021",0,28.18,"-18.825 147.625"
"5337906","2021-03-04T12:00:00Z",-18.875,147.625,"0.0",0,"28.18","0.13",0,2021-03-04,"03","2021",0,28.18,"-18.875 147.625"
"5337907","2021-03-04T12:00:00Z",-18.875,147.675,"0.0",0,"28.18","0.14",0,2021-03-04,"03","2021",0,28.18,"-18.875 147.675"
"5337989","2021-03-04T12:00:00Z",-18.975,147.675,"0.0",0,"28.18","0.16",0,2021-03-04,"03","2021",0,28.18,"-18.975 147.675"
"5355250","2021-03-11T12:00:00Z",-18.675,147.675,"0.0",0,"28.34","0.38",0,2021-03-11,"03","2021",0,28.34,"-18.675 147.675"
"5355372","2021-03-11T12:00:00Z",-18.825,147.625,"0.0",0,"28.26","0.34",0,2021-03-11,"03","2021",0,28.26,"-18.825 147.625"
"5355413","2021-03-11T12:00:00Z",-18.875,147.625,"0.0",0,"28.25","0.35000000000000003",0,2021-03-11,"03","2021",0,28.25,"-18.875 147.625"
"5355414","2021-03-11T12:00:00Z",-18.875,147.675,"0.0",0,"28.28","0.39",0,2021-03-11,"03","2021",0,28.28,"-18.875 147.675"
"5355496","2021-03-11T12:00:00Z",-18.975,147.675,"0.0",0,"28.25","0.38",0,2021-03-11,"03","2021",0,28.25,"-18.975 147.675"
"5372757","2021-03-18T12:00:00Z",-18.675,147.675,"0.0",0,"28.330000000000002","0.53",0,2021-03-18,"03","2021",0,28.33,"-18.675 147.675"
"5372879","2021-03-18T12:00:00Z",-18.825,147.625,"0.0",0,"28.37","0.62",0,2021-03-18,"03","2021",0,28.37,"-18.825 147.625"
"5372920","2021-03-18T12:00:00Z",-18.875,147.625,"0.0",0,"28.39","0.66",0,2021-03-18,"03","2021",0,28.39,"-18.875 147.625"
"5372921","2021-03-18T12:00:00Z",-18.875,147.675,"0.0",0,"28.38","0.66",0,2021-03-18,"03","2021",0,28.38,"-18.875 147.675"
"5373003","2021-03-18T12:00:00Z",-18.975,147.675,"0.0",0,"28.400000000000002","0.71",0,2021-03-18,"03","2021",0,28.4,"-18.975 147.675"
"5390264","2021-03-25T12:00:00Z",-18.675,147.675,"0.0",0,"28.93","1.34",0,2021-03-25,"03","2021",0,28.93,"-18.675 147.675"
"5390386","2021-03-25T12:00:00Z",-18.825,147.625,"0.0",0,"28.98","1.45",0,2021-03-25,"03","2021",0,28.98,"-18.825 147.625"
"5390427","2021-03-25T12:00:00Z",-18.875,147.625,"0.0",0,"29.0","1.49",0,2021-03-25,"03","2021",0,29,"-18.875 147.625"
"5390428","2021-03-25T12:00:00Z",-18.875,147.675,"0.0",0,"28.94","1.44",0,2021-03-25,"03","2021",0,28.94,"-18.875 147.675"
"5390510","2021-03-25T12:00:00Z",-18.975,147.675,"0.0",0,"28.96","1.49",0,2021-03-25,"03","2021",0,28.96,"-18.975 147.675"
"5407771","2021-04-01T12:00:00Z",-18.675,147.675,"0.0",0,"27.94","0.5700000000000001",0,2021-04-01,"04","2021",0,27.94,"-18.675 147.675"
"5407893","2021-04-01T12:00:00Z",-18.825,147.625,"0.0",0,"27.92","0.61",0,2021-04-01,"04","2021",0,27.92,"-18.825 147.625"
"5407934","2021-04-01T12:00:00Z",-18.875,147.625,"0.0",0,"27.94","0.65",0,2021-04-01,"04","2021",0,27.94,"-18.875 147.625"
"5407935","2021-04-01T12:00:00Z",-18.875,147.675,"0.0",0,"27.92","0.63",0,2021-04-01,"04","2021",0,27.92,"-18.875 147.675"
"5408017","2021-04-01T12:00:00Z",-18.975,147.675,"0.0",0,"27.96","0.71",0,2021-04-01,"04","2021",0,27.96,"-18.975 147.675"
"5425278","2021-04-08T12:00:00Z",-18.675,147.675,"0.0",0,"27.6","0.44",0,2021-04-08,"04","2021",0,27.6,"-18.675 147.675"
"5425400","2021-04-08T12:00:00Z",-18.825,147.625,"0.0",0,"27.62","0.52",0,2021-04-08,"04","2021",0,27.62,"-18.825 147.625"
"5425441","2021-04-08T12:00:00Z",-18.875,147.625,"0.0",0,"27.64","0.5700000000000001",0,2021-04-08,"04","2021",0,27.64,"-18.875 147.625"
"5425442","2021-04-08T12:00:00Z",-18.875,147.675,"0.0",0,"27.62","0.55",0,2021-04-08,"04","2021",0,27.62,"-18.875 147.675"
"5425524","2021-04-08T12:00:00Z",-18.975,147.675,"0.0",0,"27.7","0.67",0,2021-04-08,"04","2021",0,27.7,"-18.975 147.675"
"5442785","2021-04-15T12:00:00Z",-18.675,147.675,"0.0",0,"27.42","0.47000000000000003",0,2021-04-15,"04","2021",0,27.42,"-18.675 147.675"
"5442907","2021-04-15T12:00:00Z",-18.825,147.625,"0.0",0,"27.5","0.62",0,2021-04-15,"04","2021",0,27.5,"-18.825 147.625"
"5442948","2021-04-15T12:00:00Z",-18.875,147.625,"0.0",0,"27.52","0.67",0,2021-04-15,"04","2021",0,27.52,"-18.875 147.625"
"5442949","2021-04-15T12:00:00Z",-18.875,147.675,"0.0",0,"27.5","0.64",0,2021-04-15,"04","2021",0,27.5,"-18.875 147.675"
"5443031","2021-04-15T12:00:00Z",-18.975,147.675,"0.0",0,"27.51","0.7000000000000001",0,2021-04-15,"04","2021",0,27.51,"-18.975 147.675"
"5460292","2021-04-22T12:00:00Z",-18.675,147.675,"0.0",0,"27.17","0.5",0,2021-04-22,"04","2021",0,27.17,"-18.675 147.675"
"5460414","2021-04-22T12:00:00Z",-18.825,147.625,"0.0",0,"27.1","0.52",0,2021-04-22,"04","2021",0,27.1,"-18.825 147.625"
"5460455","2021-04-22T12:00:00Z",-18.875,147.625,"0.0",0,"27.07","0.52",0,2021-04-22,"04","2021",0,27.07,"-18.875 147.625"
"5460456","2021-04-22T12:00:00Z",-18.875,147.675,"0.0",0,"27.060000000000002","0.5",0,2021-04-22,"04","2021",0,27.06,"-18.875 147.675"
"5460538","2021-04-22T12:00:00Z",-18.975,147.675,"0.0",0,"27.02","0.51",0,2021-04-22,"04","2021",0,27.02,"-18.975 147.675"
"5477799","2021-04-29T12:00:00Z",-18.675,147.675,"0.0",0,"26.6","0.21",0,2021-04-29,"04","2021",0,26.6,"-18.675 147.675"
"5477921","2021-04-29T12:00:00Z",-18.825,147.625,"0.0",0,"26.46","0.17",0,2021-04-29,"04","2021",0,26.46,"-18.825 147.625"
"5477962","2021-04-29T12:00:00Z",-18.875,147.625,"0.0",0,"26.42","0.17",0,2021-04-29,"04","2021",0,26.42,"-18.875 147.625"
"5477963","2021-04-29T12:00:00Z",-18.875,147.675,"0.0",0,"26.45","0.18",0,2021-04-29,"04","2021",0,26.45,"-18.875 147.675"
"5478045","2021-04-29T12:00:00Z",-18.975,147.675,"0.0",0,"26.400000000000002","0.19",0,2021-04-29,"04","2021",0,26.4,"-18.975 147.675"
"5495306","2021-05-06T12:00:00Z",-18.675,147.675,"0.0",0,"26.34","0.24",0,2021-05-06,"05","2021",0,26.34,"-18.675 147.675"
"5495428","2021-05-06T12:00:00Z",-18.825,147.625,"0.0",0,"26.22","0.23",0,2021-05-06,"05","2021",0,26.22,"-18.825 147.625"
"5495469","2021-05-06T12:00:00Z",-18.875,147.625,"0.0",0,"26.17","0.22",0,2021-05-06,"05","2021",0,26.17,"-18.875 147.625"
"5495470","2021-05-06T12:00:00Z",-18.875,147.675,"0.0",0,"26.19","0.22",0,2021-05-06,"05","2021",0,26.19,"-18.875 147.675"
"5495552","2021-05-06T12:00:00Z",-18.975,147.675,"0.0",0,"26.11","0.2",0,2021-05-06,"05","2021",0,26.11,"-18.975 147.675"
"5512813","2021-05-13T12:00:00Z",-18.675,147.675,"0.0",0,"26.43","0.61",0,2021-05-13,"05","2021",0,26.43,"-18.675 147.675"
"5512935","2021-05-13T12:00:00Z",-18.825,147.625,"0.0",0,"26.37","0.68",0,2021-05-13,"05","2021",0,26.37,"-18.825 147.625"
"5512976","2021-05-13T12:00:00Z",-18.875,147.625,"0.0",0,"26.34","0.68",0,2021-05-13,"05","2021",0,26.34,"-18.875 147.625"
"5512977","2021-05-13T12:00:00Z",-18.875,147.675,"0.0",0,"26.32","0.65",0,2021-05-13,"05","2021",0,26.32,"-18.875 147.675"
"5513059","2021-05-13T12:00:00Z",-18.975,147.675,"0.0",0,"26.2","0.59",0,2021-05-13,"05","2021",0,26.2,"-18.975 147.675"
"5530320","2021-05-20T12:00:00Z",-18.675,147.675,"0.0",0,"25.73","0.23",0,2021-05-20,"05","2021",0,25.73,"-18.675 147.675"
"5530442","2021-05-20T12:00:00Z",-18.825,147.625,"0.0",0,"25.580000000000002","0.22",0,2021-05-20,"05","2021",0,25.58,"-18.825 147.625"
"5530483","2021-05-20T12:00:00Z",-18.875,147.625,"0.0",0,"25.54","0.23",0,2021-05-20,"05","2021",0,25.54,"-18.875 147.625"
"5530484","2021-05-20T12:00:00Z",-18.875,147.675,"0.0",0,"25.55","0.21",0,2021-05-20,"05","2021",0,25.55,"-18.875 147.675"
"5530566","2021-05-20T12:00:00Z",-18.975,147.675,"0.0",0,"25.48","0.22",0,2021-05-20,"05","2021",0,25.48,"-18.975 147.675"
"5547827","2021-05-27T12:00:00Z",-18.675,147.675,"0.0",0,"25.75","0.59",0,2021-05-27,"05","2021",0,25.75,"-18.675 147.675"
"5547949","2021-05-27T12:00:00Z",-18.825,147.625,"0.0",0,"25.45","0.44",0,2021-05-27,"05","2021",0,25.45,"-18.825 147.625"
"5547990","2021-05-27T12:00:00Z",-18.875,147.625,"0.0",0,"25.36","0.41000000000000003",0,2021-05-27,"05","2021",0,25.36,"-18.875 147.625"
"5547991","2021-05-27T12:00:00Z",-18.875,147.675,"0.0",0,"25.400000000000002","0.42",0,2021-05-27,"05","2021",0,25.4,"-18.875 147.675"
"5548073","2021-05-27T12:00:00Z",-18.975,147.675,"0.0",0,"25.23","0.34",0,2021-05-27,"05","2021",0,25.23,"-18.975 147.675"
"5565334","2021-06-03T12:00:00Z",-18.675,147.675,"0.0",0,"25.400000000000002","0.58",0,2021-06-03,"06","2021",0,25.4,"-18.675 147.675"
"5565456","2021-06-03T12:00:00Z",-18.825,147.625,"0.0",0,"24.990000000000002","0.34",0,2021-06-03,"06","2021",0,24.99,"-18.825 147.625"
"5565497","2021-06-03T12:00:00Z",-18.875,147.625,"0.0",0,"24.900000000000002","0.3",0,2021-06-03,"06","2021",0,24.9,"-18.875 147.625"
"5565498","2021-06-03T12:00:00Z",-18.875,147.675,"0.0",0,"24.95","0.32",0,2021-06-03,"06","2021",0,24.95,"-18.875 147.675"
"5565580","2021-06-03T12:00:00Z",-18.975,147.675,"0.0",0,"24.79","0.27",0,2021-06-03,"06","2021",0,24.79,"-18.975 147.675"
"5582841","2021-06-10T12:00:00Z",-18.675,147.675,"0.0",0,"25.330000000000002","0.85",0,2021-06-10,"06","2021",0,25.33,"-18.675 147.675"
"5582963","2021-06-10T12:00:00Z",-18.825,147.625,"0.0",0,"24.91","0.61",0,2021-06-10,"06","2021",0,24.91,"-18.825 147.625"
"5583004","2021-06-10T12:00:00Z",-18.875,147.625,"0.0",0,"24.8","0.56",0,2021-06-10,"06","2021",0,24.8,"-18.875 147.625"
"5583005","2021-06-10T12:00:00Z",-18.875,147.675,"0.0",0,"24.85","0.58",0,2021-06-10,"06","2021",0,24.85,"-18.875 147.675"
"5583087","2021-06-10T12:00:00Z",-18.975,147.675,"0.0",0,"24.6","0.45",0,2021-06-10,"06","2021",0,24.6,"-18.975 147.675"
"5600348","2021-06-17T12:00:00Z",-18.675,147.675,"0.0",0,"25.6","1.41",0,2021-06-17,"06","2021",0,25.6,"-18.675 147.675"
"5600470","2021-06-17T12:00:00Z",-18.825,147.625,"0.0",0,"25.37","1.3800000000000001",0,2021-06-17,"06","2021",0,25.37,"-18.825 147.625"
"5600511","2021-06-17T12:00:00Z",-18.875,147.625,"0.0",0,"25.32","1.4000000000000001",0,2021-06-17,"06","2021",0,25.32,"-18.875 147.625"
"5600512","2021-06-17T12:00:00Z",-18.875,147.675,"0.0",0,"25.35","1.3900000000000001",0,2021-06-17,"06","2021",0,25.35,"-18.875 147.675"
"5600594","2021-06-17T12:00:00Z",-18.975,147.675,"0.0",0,"25.23","1.4000000000000001",0,2021-06-17,"06","2021",0,25.23,"-18.975 147.675"
"5617855","2021-06-24T12:00:00Z",-18.675,147.675,"0.0",0,"25.04","1.03",0,2021-06-24,"06","2021",0,25.04,"-18.675 147.675"
"5617977","2021-06-24T12:00:00Z",-18.825,147.625,"0.0",0,"24.8","1.0",0,2021-06-24,"06","2021",0,24.8,"-18.825 147.625"
"5618018","2021-06-24T12:00:00Z",-18.875,147.625,"0.0",0,"24.71","0.99",0,2021-06-24,"06","2021",0,24.71,"-18.875 147.625"
"5618019","2021-06-24T12:00:00Z",-18.875,147.675,"0.0",0,"24.76","1.0",0,2021-06-24,"06","2021",0,24.76,"-18.875 147.675"
"5618101","2021-06-24T12:00:00Z",-18.975,147.675,"0.0",0,"24.560000000000002","0.9400000000000001",0,2021-06-24,"06","2021",0,24.56,"-18.975 147.675"
"5635362","2021-07-01T12:00:00Z",-18.675,147.675,"0.0",0,"24.87","1.05",0,2021-07-01,"07","2021",0,24.87,"-18.675 147.675"
"5635484","2021-07-01T12:00:00Z",-18.825,147.625,"0.0",0,"24.63","1.02",0,2021-07-01,"07","2021",0,24.63,"-18.825 147.625"
"5635525","2021-07-01T12:00:00Z",-18.875,147.625,"0.0",0,"24.560000000000002","1.03",0,2021-07-01,"07","2021",0,24.56,"-18.875 147.625"
"5635526","2021-07-01T12:00:00Z",-18.875,147.675,"0.0",0,"24.57","1.0",0,2021-07-01,"07","2021",0,24.57,"-18.875 147.675"
"5635608","2021-07-01T12:00:00Z",-18.975,147.675,"0.0",0,"24.400000000000002","0.99",0,2021-07-01,"07","2021",0,24.4,"-18.975 147.675"
"5652869","2021-07-08T12:00:00Z",-18.675,147.675,"0.0",0,"24.6","0.96",0,2021-07-08,"07","2021",0,24.6,"-18.675 147.675"
"5652991","2021-07-08T12:00:00Z",-18.825,147.625,"0.0",0,"24.47","1.06",0,2021-07-08,"07","2021",0,24.47,"-18.825 147.625"
"5653032","2021-07-08T12:00:00Z",-18.875,147.625,"0.0",0,"24.42","1.09",0,2021-07-08,"07","2021",0,24.42,"-18.875 147.625"
"5653033","2021-07-08T12:00:00Z",-18.875,147.675,"0.0",0,"24.43","1.06",0,2021-07-08,"07","2021",0,24.43,"-18.875 147.675"
"5653115","2021-07-08T12:00:00Z",-18.975,147.675,"0.0",0,"24.310000000000002","1.11",0,2021-07-08,"07","2021",0,24.31,"-18.975 147.675"
"5670376","2021-07-15T12:00:00Z",-18.675,147.675,"0.0",0,"24.61","1.1500000000000001",0,2021-07-15,"07","2021",0,24.61,"-18.675 147.675"
"5670498","2021-07-15T12:00:00Z",-18.825,147.625,"0.0",0,"24.44","1.22",0,2021-07-15,"07","2021",0,24.44,"-18.825 147.625"
"5670539","2021-07-15T12:00:00Z",-18.875,147.625,"0.0",0,"24.41","1.28",0,2021-07-15,"07","2021",0,24.41,"-18.875 147.625"
"5670540","2021-07-15T12:00:00Z",-18.875,147.675,"0.0",0,"24.42","1.25",0,2021-07-15,"07","2021",0,24.42,"-18.875 147.675"
"5670622","2021-07-15T12:00:00Z",-18.975,147.675,"0.0",0,"24.36","1.37",0,2021-07-15,"07","2021",0,24.36,"-18.975 147.675"
"5687883","2021-07-22T12:00:00Z",-18.675,147.675,"0.0",0,"24.400000000000002","0.9500000000000001",0,2021-07-22,"07","2021",0,24.4,"-18.675 147.675"
"5688005","2021-07-22T12:00:00Z",-18.825,147.625,"0.0",0,"24.27","1.05",0,2021-07-22,"07","2021",0,24.27,"-18.825 147.625"
"5688046","2021-07-22T12:00:00Z",-18.875,147.625,"0.0",0,"24.23","1.09",0,2021-07-22,"07","2021",0,24.23,"-18.875 147.625"
"5688047","2021-07-22T12:00:00Z",-18.875,147.675,"0.0",0,"24.19","1.02",0,2021-07-22,"07","2021",0,24.19,"-18.875 147.675"
"5688129","2021-07-22T12:00:00Z",-18.975,147.675,"0.0",0,"24.14","1.1400000000000001",0,2021-07-22,"07","2021",0,24.14,"-18.975 147.675"
"5705390","2021-07-29T12:00:00Z",-18.675,147.675,"0.0",0,"24.67","1.23",0,2021-07-29,"07","2021",0,24.67,"-18.675 147.675"
"5705512","2021-07-29T12:00:00Z",-18.825,147.625,"0.0",0,"24.53","1.31",0,2021-07-29,"07","2021",0,24.53,"-18.825 147.625"
"5705553","2021-07-29T12:00:00Z",-18.875,147.625,"0.0",0,"24.48","1.33",0,2021-07-29,"07","2021",0,24.48,"-18.875 147.625"
"5705554","2021-07-29T12:00:00Z",-18.875,147.675,"0.0",0,"24.43","1.26",0,2021-07-29,"07","2021",0,24.43,"-18.875 147.675"
"5705636","2021-07-29T12:00:00Z",-18.975,147.675,"0.0",0,"24.38","1.37",0,2021-07-29,"07","2021",0,24.38,"-18.975 147.675"
"5722897","2021-08-05T12:00:00Z",-18.675,147.675,"0.0",0,"24.650000000000002","1.22",0,2021-08-05,"08","2021",0,24.65,"-18.675 147.675"
"5723019","2021-08-05T12:00:00Z",-18.825,147.625,"0.0",0,"24.51","1.28",0,2021-08-05,"08","2021",0,24.51,"-18.825 147.625"
"5723060","2021-08-05T12:00:00Z",-18.875,147.625,"0.0",0,"24.47","1.31",0,2021-08-05,"08","2021",0,24.47,"-18.875 147.625"
"5723061","2021-08-05T12:00:00Z",-18.875,147.675,"0.0",0,"24.48","1.31",0,2021-08-05,"08","2021",0,24.48,"-18.875 147.675"
"5723143","2021-08-05T12:00:00Z",-18.975,147.675,"0.0",0,"24.41","1.3900000000000001",0,2021-08-05,"08","2021",0,24.41,"-18.975 147.675"
"5740404","2021-08-12T12:00:00Z",-18.675,147.675,"0.0",0,"24.400000000000002","0.98",0,2021-08-12,"08","2021",0,24.4,"-18.675 147.675"
"5740526","2021-08-12T12:00:00Z",-18.825,147.625,"0.0",0,"24.2","0.97",0,2021-08-12,"08","2021",0,24.2,"-18.825 147.625"
"5740567","2021-08-12T12:00:00Z",-18.875,147.625,"0.0",0,"24.14","0.97",0,2021-08-12,"08","2021",0,24.14,"-18.875 147.625"
"5740568","2021-08-12T12:00:00Z",-18.875,147.675,"0.0",0,"24.18","1.01",0,2021-08-12,"08","2021",0,24.18,"-18.875 147.675"
"5740650","2021-08-12T12:00:00Z",-18.975,147.675,"0.0",0,"24.080000000000002","1.04",0,2021-08-12,"08","2021",0,24.08,"-18.975 147.675"
"5757911","2021-08-19T12:00:00Z",-18.675,147.675,"0.0",0,"24.3","0.79",0,2021-08-19,"08","2021",0,24.3,"-18.675 147.675"
"5758033","2021-08-19T12:00:00Z",-18.825,147.625,"0.0",0,"24.13","0.8",0,2021-08-19,"08","2021",0,24.13,"-18.825 147.625"
"5758074","2021-08-19T12:00:00Z",-18.875,147.625,"0.0",0,"24.09","0.8200000000000001",0,2021-08-19,"08","2021",0,24.09,"-18.875 147.625"
"5758075","2021-08-19T12:00:00Z",-18.875,147.675,"0.0",0,"24.1","0.8300000000000001",0,2021-08-19,"08","2021",0,24.1,"-18.875 147.675"
"5758157","2021-08-19T12:00:00Z",-18.975,147.675,"0.0",0,"24.01","0.87",0,2021-08-19,"08","2021",0,24.01,"-18.975 147.675"
"5775418","2021-08-26T12:00:00Z",-18.675,147.675,"0.0",0,"24.3","0.65",0,2021-08-26,"08","2021",0,24.3,"-18.675 147.675"
"5775540","2021-08-26T12:00:00Z",-18.825,147.625,"0.0",0,"24.14","0.64",0,2021-08-26,"08","2021",0,24.14,"-18.825 147.625"
"5775581","2021-08-26T12:00:00Z",-18.875,147.625,"0.0",0,"24.13","0.6900000000000001",0,2021-08-26,"08","2021",0,24.13,"-18.875 147.625"
"5775582","2021-08-26T12:00:00Z",-18.875,147.675,"0.0",0,"24.150000000000002","0.71",0,2021-08-26,"08","2021",0,24.15,"-18.875 147.675"
"5775664","2021-08-26T12:00:00Z",-18.975,147.675,"0.0",0,"24.12","0.79",0,2021-08-26,"08","2021",0,24.12,"-18.975 147.675"
"5792925","2021-09-02T12:00:00Z",-18.675,147.675,"0.0",0,"24.59","0.79",0,2021-09-02,"09","2021",0,24.59,"-18.675 147.675"
"5793047","2021-09-02T12:00:00Z",-18.825,147.625,"0.0",0,"24.37","0.7000000000000001",0,2021-09-02,"09","2021",0,24.37,"-18.825 147.625"
"5793088","2021-09-02T12:00:00Z",-18.875,147.625,"0.0",0,"24.3","0.6900000000000001",0,2021-09-02,"09","2021",0,24.3,"-18.875 147.625"
"5793089","2021-09-02T12:00:00Z",-18.875,147.675,"0.0",0,"24.32","0.71",0,2021-09-02,"09","2021",0,24.32,"-18.875 147.675"
"5793171","2021-09-02T12:00:00Z",-18.975,147.675,"0.0",0,"24.240000000000002","0.73",0,2021-09-02,"09","2021",0,24.24,"-18.975 147.675"
"5810432","2021-09-09T12:00:00Z",-18.675,147.675,"0.0",0,"24.490000000000002","0.54",0,2021-09-09,"09","2021",0,24.49,"-18.675 147.675"
"5810554","2021-09-09T12:00:00Z",-18.825,147.625,"0.0",0,"24.29","0.46",0,2021-09-09,"09","2021",0,24.29,"-18.825 147.625"
"5810595","2021-09-09T12:00:00Z",-18.875,147.625,"0.0",0,"24.25","0.47000000000000003",0,2021-09-09,"09","2021",0,24.25,"-18.875 147.625"
"5810596","2021-09-09T12:00:00Z",-18.875,147.675,"0.0",0,"24.25","0.48",0,2021-09-09,"09","2021",0,24.25,"-18.875 147.675"
"5810678","2021-09-09T12:00:00Z",-18.975,147.675,"0.0",0,"24.13","0.44",0,2021-09-09,"09","2021",0,24.13,"-18.975 147.675"
"5827939","2021-09-16T12:00:00Z",-18.675,147.675,"0.0",0,"24.580000000000002","0.46",0,2021-09-16,"09","2021",0,24.58,"-18.675 147.675"
"5828061","2021-09-16T12:00:00Z",-18.825,147.625,"0.0",0,"24.42","0.4",0,2021-09-16,"09","2021",0,24.42,"-18.825 147.625"
"5828102","2021-09-16T12:00:00Z",-18.875,147.625,"0.0",0,"24.37","0.4",0,2021-09-16,"09","2021",0,24.37,"-18.875 147.625"
"5828103","2021-09-16T12:00:00Z",-18.875,147.675,"0.0",0,"24.38","0.42",0,2021-09-16,"09","2021",0,24.38,"-18.875 147.675"
"5828185","2021-09-16T12:00:00Z",-18.975,147.675,"0.0",0,"24.29","0.39",0,2021-09-16,"09","2021",0,24.29,"-18.975 147.675"
"5845446","2021-09-23T12:00:00Z",-18.675,147.675,"0.0",0,"24.18","-0.23",0,2021-09-23,"09","2021",0,24.18,"-18.675 147.675"
"5845568","2021-09-23T12:00:00Z",-18.825,147.625,"0.0",0,"24.14","-0.18",0,2021-09-23,"09","2021",0,24.14,"-18.825 147.625"
"5845609","2021-09-23T12:00:00Z",-18.875,147.625,"0.0",0,"24.14","-0.14",0,2021-09-23,"09","2021",0,24.14,"-18.875 147.625"
"5845610","2021-09-23T12:00:00Z",-18.875,147.675,"0.0",0,"24.16","-0.11",0,2021-09-23,"09","2021",0,24.16,"-18.875 147.675"
"5845692","2021-09-23T12:00:00Z",-18.975,147.675,"0.0",0,"24.13","-0.09",0,2021-09-23,"09","2021",0,24.13,"-18.975 147.675"
"5862953","2021-09-30T12:00:00Z",-18.675,147.675,"0.0",0,"25.13","0.44",0,2021-09-30,"09","2021",0,25.13,"-18.675 147.675"
"5863075","2021-09-30T12:00:00Z",-18.825,147.625,"0.0",0,"24.94","0.32",0,2021-09-30,"09","2021",0,24.94,"-18.825 147.625"
"5863116","2021-09-30T12:00:00Z",-18.875,147.625,"0.0",0,"24.900000000000002","0.31",0,2021-09-30,"09","2021",0,24.9,"-18.875 147.625"
"5863117","2021-09-30T12:00:00Z",-18.875,147.675,"0.0",0,"24.84","0.26",0,2021-09-30,"09","2021",0,24.84,"-18.875 147.675"
"5863199","2021-09-30T12:00:00Z",-18.975,147.675,"0.0",0,"24.75","0.22",0,2021-09-30,"09","2021",0,24.75,"-18.975 147.675"
"5880460","2021-10-07T12:00:00Z",-18.675,147.675,"0.0",0,"25.75","0.78",0,2021-10-07,"10","2021",0,25.75,"-18.675 147.675"
"5880582","2021-10-07T12:00:00Z",-18.825,147.625,"0.0",0,"25.66","0.74",0,2021-10-07,"10","2021",0,25.66,"-18.825 147.625"
"5880623","2021-10-07T12:00:00Z",-18.875,147.625,"0.0",0,"25.64","0.74",0,2021-10-07,"10","2021",0,25.64,"-18.875 147.625"
"5880624","2021-10-07T12:00:00Z",-18.875,147.675,"0.0",0,"25.6","0.7000000000000001",0,2021-10-07,"10","2021",0,25.6,"-18.875 147.675"
"5880706","2021-10-07T12:00:00Z",-18.975,147.675,"0.0",0,"25.57","0.72",0,2021-10-07,"10","2021",0,25.57,"-18.975 147.675"
"5897967","2021-10-14T12:00:00Z",-18.675,147.675,"0.0",0,"26.37","1.11",0,2021-10-14,"10","2021",0,26.37,"-18.675 147.675"
"5898089","2021-10-14T12:00:00Z",-18.825,147.625,"0.0",0,"26.23","1.01",0,2021-10-14,"10","2021",0,26.23,"-18.825 147.625"
"5898130","2021-10-14T12:00:00Z",-18.875,147.625,"0.0",0,"26.21","1.0",0,2021-10-14,"10","2021",0,26.21,"-18.875 147.625"
"5898131","2021-10-14T12:00:00Z",-18.875,147.675,"0.0",0,"26.19","0.98",0,2021-10-14,"10","2021",0,26.19,"-18.875 147.675"
"5898213","2021-10-14T12:00:00Z",-18.975,147.675,"0.0",0,"26.19","1.02",0,2021-10-14,"10","2021",0,26.19,"-18.975 147.675"
"5915474","2021-10-21T12:00:00Z",-18.675,147.675,"0.0",0,"26.6","1.04",0,2021-10-21,"10","2021",0,26.6,"-18.675 147.675"
"5915596","2021-10-21T12:00:00Z",-18.825,147.625,"0.0",0,"26.63","1.1",0,2021-10-21,"10","2021",0,26.63,"-18.825 147.625"
"5915637","2021-10-21T12:00:00Z",-18.875,147.625,"0.0",0,"26.650000000000002","1.12",0,2021-10-21,"10","2021",0,26.65,"-18.875 147.625"
"5915638","2021-10-21T12:00:00Z",-18.875,147.675,"0.0",0,"26.650000000000002","1.12",0,2021-10-21,"10","2021",0,26.65,"-18.875 147.675"
"5915720","2021-10-21T12:00:00Z",-18.975,147.675,"0.0",0,"26.67","1.16",0,2021-10-21,"10","2021",0,26.67,"-18.975 147.675"
"5932981","2021-10-28T12:00:00Z",-18.675,147.675,"0.0",0,"27.34","1.47",0,2021-10-28,"10","2021",0,27.34,"-18.675 147.675"
"5933103","2021-10-28T12:00:00Z",-18.825,147.625,"0.0",0,"27.32","1.46",0,2021-10-28,"10","2021",0,27.32,"-18.825 147.625"
"5933144","2021-10-28T12:00:00Z",-18.875,147.625,"0.0",0,"27.34","1.48",0,2021-10-28,"10","2021",0,27.34,"-18.875 147.625"
"5933145","2021-10-28T12:00:00Z",-18.875,147.675,"0.0",0,"27.330000000000002","1.48",0,2021-10-28,"10","2021",0,27.33,"-18.875 147.675"
"5933227","2021-10-28T12:00:00Z",-18.975,147.675,"0.0",0,"27.35","1.5",0,2021-10-28,"10","2021",0,27.35,"-18.975 147.675"
"5950488","2021-11-04T12:00:00Z",-18.675,147.675,"0.0",0,"27.13","0.9500000000000001",0,2021-11-04,"11","2021",0,27.13,"-18.675 147.675"
"5950610","2021-11-04T12:00:00Z",-18.825,147.625,"0.0",0,"27.0","0.8200000000000001",0,2021-11-04,"11","2021",0,27,"-18.825 147.625"
"5950651","2021-11-04T12:00:00Z",-18.875,147.625,"0.0",0,"26.97","0.78",0,2021-11-04,"11","2021",0,26.97,"-18.875 147.625"
"5950652","2021-11-04T12:00:00Z",-18.875,147.675,"0.0",0,"26.98","0.81",0,2021-11-04,"11","2021",0,26.98,"-18.875 147.675"
"5950734","2021-11-04T12:00:00Z",-18.975,147.675,"0.0",0,"26.94","0.75",0,2021-11-04,"11","2021",0,26.94,"-18.975 147.675"
"5967995","2021-11-11T12:00:00Z",-18.675,147.675,"0.0",0,"27.91","1.43",0,2021-11-11,"11","2021",0,27.91,"-18.675 147.675"
"5968117","2021-11-11T12:00:00Z",-18.825,147.625,"0.0",0,"27.98","1.48",0,2021-11-11,"11","2021",0,27.98,"-18.825 147.625"
"5968158","2021-11-11T12:00:00Z",-18.875,147.625,"0.0",0,"27.98","1.47",0,2021-11-11,"11","2021",0,27.98,"-18.875 147.625"
"5968159","2021-11-11T12:00:00Z",-18.875,147.675,"0.0",0,"27.97","1.47",0,2021-11-11,"11","2021",0,27.97,"-18.875 147.675"
"5968241","2021-11-11T12:00:00Z",-18.975,147.675,"0.0",0,"27.95","1.42",0,2021-11-11,"11","2021",0,27.95,"-18.975 147.675"
"5985502","2021-11-18T12:00:00Z",-18.675,147.675,"0.0",0,"27.3","0.55",0,2021-11-18,"11","2021",0,27.3,"-18.675 147.675"
"5985624","2021-11-18T12:00:00Z",-18.825,147.625,"0.0",0,"27.25","0.48",0,2021-11-18,"11","2021",0,27.25,"-18.825 147.625"
"5985665","2021-11-18T12:00:00Z",-18.875,147.625,"0.0",0,"27.26","0.47000000000000003",0,2021-11-18,"11","2021",0,27.26,"-18.875 147.625"
"5985666","2021-11-18T12:00:00Z",-18.875,147.675,"0.0",0,"27.25","0.48",0,2021-11-18,"11","2021",0,27.25,"-18.875 147.675"
"5985748","2021-11-18T12:00:00Z",-18.975,147.675,"0.0",0,"27.27","0.46",0,2021-11-18,"11","2021",0,27.27,"-18.975 147.675"
"6003009","2021-11-25T12:00:00Z",-18.675,147.675,"0.0",0,"27.89","0.93",0,2021-11-25,"11","2021",0,27.89,"-18.675 147.675"
"6003131","2021-11-25T12:00:00Z",-18.825,147.625,"0.0",0,"27.76","0.78",0,2021-11-25,"11","2021",0,27.76,"-18.825 147.625"
"6003172","2021-11-25T12:00:00Z",-18.875,147.625,"0.0",0,"27.75","0.76",0,2021-11-25,"11","2021",0,27.75,"-18.875 147.625"
"6003173","2021-11-25T12:00:00Z",-18.875,147.675,"0.0",0,"27.75","0.77",0,2021-11-25,"11","2021",0,27.75,"-18.875 147.675"
"6003255","2021-11-25T12:00:00Z",-18.975,147.675,"0.0",0,"27.77","0.76",0,2021-11-25,"11","2021",0,27.77,"-18.975 147.675"
"6020516","2021-12-02T12:00:00Z",-18.675,147.675,"0.0",0,"28.59","1.42",0,2021-12-02,"12","2021",0,28.59,"-18.675 147.675"
"6020638","2021-12-02T12:00:00Z",-18.825,147.625,"0.0",0,"28.55","1.37",0,2021-12-02,"12","2021",0,28.55,"-18.825 147.625"
"6020679","2021-12-02T12:00:00Z",-18.875,147.625,"0.0",0,"28.55","1.35",0,2021-12-02,"12","2021",0,28.55,"-18.875 147.625"
"6020680","2021-12-02T12:00:00Z",-18.875,147.675,"0.0",0,"28.52","1.34",0,2021-12-02,"12","2021",0,28.52,"-18.875 147.675"
"6020762","2021-12-02T12:00:00Z",-18.975,147.675,"0.0",0,"28.560000000000002","1.35",0,2021-12-02,"12","2021",0,28.56,"-18.975 147.675"
"6038023","2021-12-09T12:00:00Z",-18.675,147.675,"0.0",0,"29.01","1.6300000000000001",0,2021-12-09,"12","2021",0,29.01,"-18.675 147.675"
"6038145","2021-12-09T12:00:00Z",-18.825,147.625,"0.0",0,"28.87","1.48",0,2021-12-09,"12","2021",0,28.87,"-18.825 147.625"
"6038186","2021-12-09T12:00:00Z",-18.875,147.625,"0.0",0,"28.82","1.42",0,2021-12-09,"12","2021",0,28.82,"-18.875 147.625"
"6038187","2021-12-09T12:00:00Z",-18.875,147.675,"0.0",0,"28.85","1.46",0,2021-12-09,"12","2021",0,28.85,"-18.875 147.675"
"6038269","2021-12-09T12:00:00Z",-18.975,147.675,"0.0",0,"28.76","1.35",0,2021-12-09,"12","2021",0,28.76,"-18.975 147.675"
"6055530","2021-12-16T12:00:00Z",-18.675,147.675,"0.0",0,"28.98","1.4000000000000001",0,2021-12-16,"12","2021",0,28.98,"-18.675 147.675"
"6055652","2021-12-16T12:00:00Z",-18.825,147.625,"0.0",0,"28.92","1.33",0,2021-12-16,"12","2021",0,28.92,"-18.825 147.625"
"6055693","2021-12-16T12:00:00Z",-18.875,147.625,"0.0",0,"28.900000000000002","1.3",0,2021-12-16,"12","2021",0,28.9,"-18.875 147.625"
"6055694","2021-12-16T12:00:00Z",-18.875,147.675,"0.0",0,"28.87","1.28",0,2021-12-16,"12","2021",0,28.87,"-18.875 147.675"
"6055776","2021-12-16T12:00:00Z",-18.975,147.675,"0.0",0,"28.84","1.24",0,2021-12-16,"12","2021",0,28.84,"-18.975 147.675"
"6073037","2021-12-23T12:00:00Z",-18.675,147.675,"0.0",0,"29.2","1.46",0,2021-12-23,"12","2021",0,29.2,"-18.675 147.675"
"6073159","2021-12-23T12:00:00Z",-18.825,147.625,"0.0",0,"29.13","1.3800000000000001",0,2021-12-23,"12","2021",0,29.13,"-18.825 147.625"
"6073200","2021-12-23T12:00:00Z",-18.875,147.625,"0.0",0,"29.12","1.36",0,2021-12-23,"12","2021",0,29.12,"-18.875 147.625"
"6073201","2021-12-23T12:00:00Z",-18.875,147.675,"0.0",0,"29.080000000000002","1.33",0,2021-12-23,"12","2021",0,29.08,"-18.875 147.675"
"6073283","2021-12-23T12:00:00Z",-18.975,147.675,"0.0",0,"29.07","1.31",0,2021-12-23,"12","2021",0,29.07,"-18.975 147.675"
"6090544","2021-12-30T12:00:00Z",-18.675,147.675,"0.6",0,"29.17","1.28",0,2021-12-30,"12","2021",0.6,29.17,"-18.675 147.675"
"6090666","2021-12-30T12:00:00Z",-18.825,147.625,"0.0",0,"29.060000000000002","1.1500000000000001",0,2021-12-30,"12","2021",0,29.06,"-18.825 147.625"
"6090707","2021-12-30T12:00:00Z",-18.875,147.625,"0.0",0,"29.04","1.12",0,2021-12-30,"12","2021",0,29.04,"-18.875 147.625"
"6090708","2021-12-30T12:00:00Z",-18.875,147.675,"0.0",0,"29.05","1.1400000000000001",0,2021-12-30,"12","2021",0,29.05,"-18.875 147.675"
"6090790","2021-12-30T12:00:00Z",-18.975,147.675,"0.0",0,"29.02","1.1",0,2021-12-30,"12","2021",0,29.02,"-18.975 147.675"
"6108051","2022-01-06T12:00:00Z",-18.675,147.675,"1.1300000000000001",0,"29.71","1.6600000000000001",0,2022-01-06,"01","2022",1.13,29.71,"-18.675 147.675"
"6108173","2022-01-06T12:00:00Z",-18.825,147.625,"0.55",0,"29.8","1.73",0,2022-01-06,"01","2022",0.55,29.8,"-18.825 147.625"
"6108214","2022-01-06T12:00:00Z",-18.875,147.625,"0.56",0,"29.830000000000002","1.75",0,2022-01-06,"01","2022",0.56,29.83,"-18.875 147.625"
"6108215","2022-01-06T12:00:00Z",-18.875,147.675,"0.53",0,"29.76","1.69",0,2022-01-06,"01","2022",0.53,29.76,"-18.875 147.675"
"6108297","2022-01-06T12:00:00Z",-18.975,147.675,"0.56",0,"29.810000000000002","1.73",0,2022-01-06,"01","2022",0.56,29.81,"-18.975 147.675"
"6125558","2022-01-13T12:00:00Z",-18.675,147.675,"2.22",0,"29.22","1.01",0,2022-01-13,"01","2022",2.22,29.22,"-18.675 147.675"
"6125680","2022-01-13T12:00:00Z",-18.825,147.625,"1.6400000000000001",0,"29.22","1.0",0,2022-01-13,"01","2022",1.64,29.22,"-18.825 147.625"
"6125721","2022-01-13T12:00:00Z",-18.875,147.625,"1.6600000000000001",0,"29.23","1.0",0,2022-01-13,"01","2022",1.66,29.23,"-18.875 147.625"
"6125722","2022-01-13T12:00:00Z",-18.875,147.675,"1.6300000000000001",0,"29.23","1.01",0,2022-01-13,"01","2022",1.63,29.23,"-18.875 147.675"
"6125804","2022-01-13T12:00:00Z",-18.975,147.675,"1.68",0,"29.240000000000002","1.01",0,2022-01-13,"01","2022",1.68,29.24,"-18.975 147.675"
"6143065","2022-01-20T12:00:00Z",-18.675,147.675,"2.5500000000000003",0,"29.330000000000002","1.06",0,2022-01-20,"01","2022",2.55,29.33,"-18.675 147.675"
"6143187","2022-01-20T12:00:00Z",-18.825,147.625,"1.82",0,"29.3","1.01",0,2022-01-20,"01","2022",1.82,29.3,"-18.825 147.625"
"6143228","2022-01-20T12:00:00Z",-18.875,147.625,"1.99",0,"29.310000000000002","1.01",0,2022-01-20,"01","2022",1.99,29.31,"-18.875 147.625"
"6143229","2022-01-20T12:00:00Z",-18.875,147.675,"1.95",0,"29.3","1.01",0,2022-01-20,"01","2022",1.95,29.3,"-18.875 147.675"
"6143311","2022-01-20T12:00:00Z",-18.975,147.675,"2.0100000000000002",0,"29.32","1.02",0,2022-01-20,"01","2022",2.01,29.32,"-18.975 147.675"
"6160572","2022-01-27T12:00:00Z",-18.675,147.675,"2.5500000000000003",0,"29.04","0.74",0,2022-01-27,"01","2022",2.55,29.04,"-18.675 147.675"
"6160694","2022-01-27T12:00:00Z",-18.825,147.625,"1.82",0,"29.0","0.68",0,2022-01-27,"01","2022",1.82,29,"-18.825 147.625"
"6160735","2022-01-27T12:00:00Z",-18.875,147.625,"1.99",0,"28.98","0.65",0,2022-01-27,"01","2022",1.99,28.98,"-18.875 147.625"
"6160736","2022-01-27T12:00:00Z",-18.875,147.675,"1.95",0,"28.990000000000002","0.67",0,2022-01-27,"01","2022",1.95,28.99,"-18.875 147.675"
"6160818","2022-01-27T12:00:00Z",-18.975,147.675,"2.0100000000000002",0,"28.96","0.63",0,2022-01-27,"01","2022",2.01,28.96,"-18.975 147.675"
"6178079","2022-02-03T12:00:00Z",-18.675,147.675,"2.5500000000000003",0,"29.05","0.73",0,2022-02-03,"02","2022",2.55,29.05,"-18.675 147.675"
"6178201","2022-02-03T12:00:00Z",-18.825,147.625,"1.82",0,"29.09","0.75",0,2022-02-03,"02","2022",1.82,29.09,"-18.825 147.625"
"6178242","2022-02-03T12:00:00Z",-18.875,147.625,"1.99",0,"29.07","0.72",0,2022-02-03,"02","2022",1.99,29.07,"-18.875 147.625"
"6178243","2022-02-03T12:00:00Z",-18.875,147.675,"1.95",0,"29.0","0.66",0,2022-02-03,"02","2022",1.95,29,"-18.875 147.675"
"6178325","2022-02-03T12:00:00Z",-18.975,147.675,"2.0100000000000002",0,"28.95","0.6",0,2022-02-03,"02","2022",2.01,28.95,"-18.975 147.675"
"6195586","2022-02-10T12:00:00Z",-18.675,147.675,"2.5500000000000003",0,"28.97","0.62",0,2022-02-10,"02","2022",2.55,28.97,"-18.675 147.675"
"6195708","2022-02-10T12:00:00Z",-18.825,147.625,"1.82",0,"28.88","0.51",0,2022-02-10,"02","2022",1.82,28.88,"-18.825 147.625"
"6195749","2022-02-10T12:00:00Z",-18.875,147.625,"1.99",0,"28.87","0.49",0,2022-02-10,"02","2022",1.99,28.87,"-18.875 147.625"
"6195750","2022-02-10T12:00:00Z",-18.875,147.675,"1.95",0,"28.86","0.49",0,2022-02-10,"02","2022",1.95,28.86,"-18.875 147.675"
"6195832","2022-02-10T12:00:00Z",-18.975,147.675,"2.0100000000000002",0,"28.85","0.47000000000000003",0,2022-02-10,"02","2022",2.01,28.85,"-18.975 147.675"
"6213093","2022-02-17T12:00:00Z",-18.675,147.675,"2.5500000000000003",0,"28.580000000000002","0.24",0,2022-02-17,"02","2022",2.55,28.58,"-18.675 147.675"
"6213215","2022-02-17T12:00:00Z",-18.825,147.625,"1.82",0,"28.560000000000002","0.21",0,2022-02-17,"02","2022",1.82,28.56,"-18.825 147.625"
"6213256","2022-02-17T12:00:00Z",-18.875,147.625,"1.99",0,"28.55","0.19",0,2022-02-17,"02","2022",1.99,28.55,"-18.875 147.625"
"6213257","2022-02-17T12:00:00Z",-18.875,147.675,"1.95",0,"28.55","0.2",0,2022-02-17,"02","2022",1.95,28.55,"-18.875 147.675"
"6213339","2022-02-17T12:00:00Z",-18.975,147.675,"2.0100000000000002",0,"28.53","0.17",0,2022-02-17,"02","2022",2.01,28.53,"-18.975 147.675"
"6230600","2022-02-24T12:00:00Z",-18.675,147.675,"2.5500000000000003",0,"28.87","0.65",0,2022-02-24,"02","2022",2.55,28.87,"-18.675 147.675"
"6230722","2022-02-24T12:00:00Z",-18.825,147.625,"1.82",0,"28.900000000000002","0.6900000000000001",0,2022-02-24,"02","2022",1.82,28.9,"-18.825 147.625"
"6230763","2022-02-24T12:00:00Z",-18.875,147.625,"1.99",0,"28.89","0.68",0,2022-02-24,"02","2022",1.99,28.89,"-18.875 147.625"
"6230764","2022-02-24T12:00:00Z",-18.875,147.675,"1.95",0,"28.89","0.6900000000000001",0,2022-02-24,"02","2022",1.95,28.89,"-18.875 147.675"
"6230846","2022-02-24T12:00:00Z",-18.975,147.675,"2.0100000000000002",0,"28.82","0.62",0,2022-02-24,"02","2022",2.01,28.82,"-18.975 147.675"
"6248107","2022-03-03T12:00:00Z",-18.675,147.675,"3.5300000000000002",0,"29.740000000000002","1.6400000000000001",0,2022-03-03,"03","2022",3.53,29.74,"-18.675 147.675"
"6248229","2022-03-03T12:00:00Z",-18.825,147.625,"2.85",0,"29.900000000000002","1.82",0,2022-03-03,"03","2022",2.85,29.9,"-18.825 147.625"
"6248270","2022-03-03T12:00:00Z",-18.875,147.625,"3.04",0,"29.97","1.9000000000000001",0,2022-03-03,"03","2022",3.04,29.97,"-18.875 147.625"
"6248271","2022-03-03T12:00:00Z",-18.875,147.675,"2.97",0,"29.89","1.83",0,2022-03-03,"03","2022",2.97,29.89,"-18.875 147.675"
"6248353","2022-03-03T12:00:00Z",-18.975,147.675,"3.12",0,"30.04","1.99",0,2022-03-03,"03","2022",3.12,30.04,"-18.975 147.675"
"6265614","2022-03-10T12:00:00Z",-18.675,147.675,"4.66",0,"29.93","1.95",0,2022-03-10,"03","2022",4.66,29.93,"-18.675 147.675"
"6265736","2022-03-10T12:00:00Z",-18.825,147.625,"4.18",0,"30.04","2.1",0,2022-03-10,"03","2022",4.18,30.04,"-18.825 147.625"
"6265777","2022-03-10T12:00:00Z",-18.875,147.625,"4.39",0,"30.080000000000002","2.16",0,2022-03-10,"03","2022",4.39,30.08,"-18.875 147.625"
"6265778","2022-03-10T12:00:00Z",-18.875,147.675,"4.3100000000000005",0,"30.07","2.16",0,2022-03-10,"03","2022",4.31,30.07,"-18.875 147.675"
"6265860","2022-03-10T12:00:00Z",-18.975,147.675,"4.53",0,"30.150000000000002","2.2600000000000002",0,2022-03-10,"03","2022",4.53,30.15,"-18.975 147.675"
"6283121","2022-03-17T12:00:00Z",-18.675,147.675,"5.43",0,"29.34","1.51",0,2022-03-17,"03","2022",5.43,29.34,"-18.675 147.675"
"6283243","2022-03-17T12:00:00Z",-18.825,147.625,"5.12",0,"29.37","1.59",0,2022-03-17,"03","2022",5.12,29.37,"-18.825 147.625"
"6283284","2022-03-17T12:00:00Z",-18.875,147.625,"5.5",0,"29.38","1.62",0,2022-03-17,"03","2022",5.5,29.38,"-18.875 147.625"
"6283285","2022-03-17T12:00:00Z",-18.875,147.675,"5.2700000000000005",0,"29.37","1.62",0,2022-03-17,"03","2022",5.27,29.37,"-18.875 147.675"
"6283367","2022-03-17T12:00:00Z",-18.975,147.675,"5.68",0,"29.39","1.67",0,2022-03-17,"03","2022",5.68,29.39,"-18.975 147.675"
"6300628","2022-03-24T12:00:00Z",-18.675,147.675,"4.83",0,"28.69","1.07",0,2022-03-24,"03","2022",4.83,28.69,"-18.675 147.675"
"6300750","2022-03-24T12:00:00Z",-18.825,147.625,"5.12",0,"28.560000000000002","1.0",0,2022-03-24,"03","2022",5.12,28.56,"-18.825 147.625"
"6300791","2022-03-24T12:00:00Z",-18.875,147.625,"5.5",0,"28.55","1.01",0,2022-03-24,"03","2022",5.5,28.55,"-18.875 147.625"
"6300792","2022-03-24T12:00:00Z",-18.875,147.675,"5.2700000000000005",0,"28.53","1.0",0,2022-03-24,"03","2022",5.27,28.53,"-18.875 147.675"
"6300874","2022-03-24T12:00:00Z",-18.975,147.675,"5.68",0,"28.57","1.07",0,2022-03-24,"03","2022",5.68,28.57,"-18.975 147.675"
"6318135","2022-03-31T12:00:00Z",-18.675,147.675,"4.3",0,"28.8","1.4000000000000001",0,2022-03-31,"03","2022",4.3,28.8,"-18.675 147.675"
"6318257","2022-03-31T12:00:00Z",-18.825,147.625,"4.57",0,"28.79","1.45",0,2022-03-31,"03","2022",4.57,28.79,"-18.825 147.625"
"6318298","2022-03-31T12:00:00Z",-18.875,147.625,"4.94",0,"28.79","1.47",0,2022-03-31,"03","2022",4.94,28.79,"-18.875 147.625"
"6318299","2022-03-31T12:00:00Z",-18.875,147.675,"4.74",0,"28.78","1.46",0,2022-03-31,"03","2022",4.74,28.78,"-18.875 147.675"
"6318381","2022-03-31T12:00:00Z",-18.975,147.675,"5.12",0,"28.810000000000002","1.53",0,2022-03-31,"03","2022",5.12,28.81,"-18.975 147.675"
"6335642","2022-04-07T12:00:00Z",-18.675,147.675,"3.21",0,"28.67","1.48",0,2022-04-07,"04","2022",3.21,28.67,"-18.675 147.675"
"6335764","2022-04-07T12:00:00Z",-18.825,147.625,"3.48",0,"28.67","1.54",0,2022-04-07,"04","2022",3.48,28.67,"-18.825 147.625"
"6335805","2022-04-07T12:00:00Z",-18.875,147.625,"3.84",0,"28.68","1.58",0,2022-04-07,"04","2022",3.84,28.68,"-18.875 147.625"
"6335806","2022-04-07T12:00:00Z",-18.875,147.675,"3.65",0,"28.66","1.55",0,2022-04-07,"04","2022",3.65,28.66,"-18.875 147.675"
"6335888","2022-04-07T12:00:00Z",-18.975,147.675,"4.0",0,"28.68","1.62",0,2022-04-07,"04","2022",4,28.68,"-18.975 147.675"
"6353149","2022-04-14T12:00:00Z",-18.675,147.675,"2.87",0,"28.36","1.3800000000000001",0,2022-04-14,"04","2022",2.87,28.36,"-18.675 147.675"
"6353271","2022-04-14T12:00:00Z",-18.825,147.625,"3.3000000000000003",0,"28.27","1.36",0,2022-04-14,"04","2022",3.3,28.27,"-18.825 147.625"
"6353312","2022-04-14T12:00:00Z",-18.875,147.625,"3.5100000000000002",0,"28.25","1.37",0,2022-04-14,"04","2022",3.51,28.25,"-18.875 147.625"
"6353313","2022-04-14T12:00:00Z",-18.875,147.675,"3.3200000000000003",0,"28.240000000000002","1.35",0,2022-04-14,"04","2022",3.32,28.24,"-18.875 147.675"
"6353395","2022-04-14T12:00:00Z",-18.975,147.675,"3.67",0,"28.2","1.36",0,2022-04-14,"04","2022",3.67,28.2,"-18.975 147.675"
"6370656","2022-04-21T12:00:00Z",-18.675,147.675,"2.87",0,"27.88","1.17",0,2022-04-21,"04","2022",2.87,27.88,"-18.675 147.675"
"6370778","2022-04-21T12:00:00Z",-18.825,147.625,"3.3000000000000003",0,"27.650000000000002","1.02",0,2022-04-21,"04","2022",3.3,27.65,"-18.825 147.625"
"6370819","2022-04-21T12:00:00Z",-18.875,147.625,"3.5100000000000002",0,"27.6","1.01",0,2022-04-21,"04","2022",3.51,27.6,"-18.875 147.625"
"6370820","2022-04-21T12:00:00Z",-18.875,147.675,"3.3200000000000003",0,"27.64","1.03",0,2022-04-21,"04","2022",3.32,27.64,"-18.875 147.675"
"6370902","2022-04-21T12:00:00Z",-18.975,147.675,"3.67",0,"27.54","0.99",0,2022-04-21,"04","2022",3.67,27.54,"-18.975 147.675"
"6388163","2022-04-28T12:00:00Z",-18.675,147.675,"2.87",0,"27.57","1.1400000000000001",0,2022-04-28,"04","2022",2.87,27.57,"-18.675 147.675"
"6388285","2022-04-28T12:00:00Z",-18.825,147.625,"3.3000000000000003",0,"27.36","1.03",0,2022-04-28,"04","2022",3.3,27.36,"-18.825 147.625"
"6388326","2022-04-28T12:00:00Z",-18.875,147.625,"3.5100000000000002",0,"27.29","0.99",0,2022-04-28,"04","2022",3.51,27.29,"-18.875 147.625"
"6388327","2022-04-28T12:00:00Z",-18.875,147.675,"3.3200000000000003",0,"27.32","1.01",0,2022-04-28,"04","2022",3.32,27.32,"-18.875 147.675"
"6388409","2022-04-28T12:00:00Z",-18.975,147.675,"3.67",0,"27.19","0.9400000000000001",0,2022-04-28,"04","2022",3.67,27.19,"-18.975 147.675"
"6405670","2022-05-05T12:00:00Z",-18.675,147.675,"2.87",0,"27.27","1.1300000000000001",0,2022-05-05,"05","2022",2.87,27.27,"-18.675 147.675"
"6405792","2022-05-05T12:00:00Z",-18.825,147.625,"3.3000000000000003",0,"27.2","1.17",0,2022-05-05,"05","2022",3.3,27.2,"-18.825 147.625"
"6405833","2022-05-05T12:00:00Z",-18.875,147.625,"3.5100000000000002",0,"27.16","1.16",0,2022-05-05,"05","2022",3.51,27.16,"-18.875 147.625"
"6405834","2022-05-05T12:00:00Z",-18.875,147.675,"3.3200000000000003",0,"27.17","1.16",0,2022-05-05,"05","2022",3.32,27.17,"-18.875 147.675"
"6405916","2022-05-05T12:00:00Z",-18.975,147.675,"3.67",0,"27.1","1.1500000000000001",0,2022-05-05,"05","2022",3.67,27.1,"-18.975 147.675"
"6423177","2022-05-12T12:00:00Z",-18.675,147.675,"2.87",0,"27.04","1.18",0,2022-05-12,"05","2022",2.87,27.04,"-18.675 147.675"
"6423299","2022-05-12T12:00:00Z",-18.825,147.625,"3.3000000000000003",0,"26.89","1.1500000000000001",0,2022-05-12,"05","2022",3.3,26.89,"-18.825 147.625"
"6423340","2022-05-12T12:00:00Z",-18.875,147.625,"3.5100000000000002",0,"26.82","1.12",0,2022-05-12,"05","2022",3.51,26.82,"-18.875 147.625"
"6423341","2022-05-12T12:00:00Z",-18.875,147.675,"3.3200000000000003",0,"26.84","1.12",0,2022-05-12,"05","2022",3.32,26.84,"-18.875 147.675"
"6423423","2022-05-12T12:00:00Z",-18.975,147.675,"3.67",0,"26.71","1.06",0,2022-05-12,"05","2022",3.67,26.71,"-18.975 147.675"
"6440684","2022-05-19T12:00:00Z",-18.675,147.675,"2.87",0,"26.98","1.43",0,2022-05-19,"05","2022",2.87,26.98,"-18.675 147.675"
"6440806","2022-05-19T12:00:00Z",-18.825,147.625,"3.3000000000000003",0,"26.88","1.47",0,2022-05-19,"05","2022",3.3,26.88,"-18.825 147.625"
"6440847","2022-05-19T12:00:00Z",-18.875,147.625,"3.5100000000000002",0,"26.85","1.49",0,2022-05-19,"05","2022",3.51,26.85,"-18.875 147.625"
"6440848","2022-05-19T12:00:00Z",-18.875,147.675,"3.3200000000000003",0,"26.84","1.45",0,2022-05-19,"05","2022",3.32,26.84,"-18.875 147.675"
"6440930","2022-05-19T12:00:00Z",-18.975,147.675,"3.67",0,"26.830000000000002","1.52",0,2022-05-19,"05","2022",3.67,26.83,"-18.975 147.675"
"6458191","2022-05-26T12:00:00Z",-18.675,147.675,"1.9000000000000001",0,"26.35","1.1400000000000001",0,2022-05-26,"05","2022",1.9,26.35,"-18.675 147.675"
"6458313","2022-05-26T12:00:00Z",-18.825,147.625,"2.27",0,"26.25","1.19",0,2022-05-26,"05","2022",2.27,26.25,"-18.825 147.625"
"6458354","2022-05-26T12:00:00Z",-18.875,147.625,"2.46",0,"26.21","1.2",0,2022-05-26,"05","2022",2.46,26.21,"-18.875 147.625"
"6458355","2022-05-26T12:00:00Z",-18.875,147.675,"2.3000000000000003",0,"26.21","1.18",0,2022-05-26,"05","2022",2.3,26.21,"-18.875 147.675"
"6458437","2022-05-26T12:00:00Z",-18.975,147.675,"2.57",0,"26.12","1.18",0,2022-05-26,"05","2022",2.57,26.12,"-18.975 147.675"
"6475698","2022-06-02T12:00:00Z",-18.675,147.675,"0.77",0,"26.12","1.25",0,2022-06-02,"06","2022",0.77,26.12,"-18.675 147.675"
"6475820","2022-06-02T12:00:00Z",-18.825,147.625,"0.9500000000000001",0,"26.07","1.37",0,2022-06-02,"06","2022",0.95,26.07,"-18.825 147.625"
"6475861","2022-06-02T12:00:00Z",-18.875,147.625,"1.11",0,"26.02","1.37",0,2022-06-02,"06","2022",1.11,26.02,"-18.875 147.625"
"6475862","2022-06-02T12:00:00Z",-18.875,147.675,"0.97",0,"26.01","1.33",0,2022-06-02,"06","2022",0.97,26.01,"-18.875 147.675"
"6475944","2022-06-02T12:00:00Z",-18.975,147.675,"1.1500000000000001",0,"25.92","1.35",0,2022-06-02,"06","2022",1.15,25.92,"-18.975 147.675"
"6493205","2022-06-09T12:00:00Z",-18.675,147.675,"0.0",0,"26.060000000000002","1.53",0,2022-06-09,"06","2022",0,26.06,"-18.675 147.675"
"6493327","2022-06-09T12:00:00Z",-18.825,147.625,"0.0",0,"25.97","1.62",0,2022-06-09,"06","2022",0,25.97,"-18.825 147.625"
"6493368","2022-06-09T12:00:00Z",-18.875,147.625,"0.0",0,"25.94","1.6500000000000001",0,2022-06-09,"06","2022",0,25.94,"-18.875 147.625"
"6493369","2022-06-09T12:00:00Z",-18.875,147.675,"0.0",0,"25.92","1.6",0,2022-06-09,"06","2022",0,25.92,"-18.875 147.675"
"6493451","2022-06-09T12:00:00Z",-18.975,147.675,"0.0",0,"25.900000000000002","1.69",0,2022-06-09,"06","2022",0,25.9,"-18.975 147.675"
"6510712","2022-06-16T12:00:00Z",-18.675,147.675,"0.0",0,"25.26","1.05",0,2022-06-16,"06","2022",0,25.26,"-18.675 147.675"
"6510834","2022-06-16T12:00:00Z",-18.825,147.625,"0.0",0,"25.11","1.09",0,2022-06-16,"06","2022",0,25.11,"-18.825 147.625"
"6510875","2022-06-16T12:00:00Z",-18.875,147.625,"0.0",0,"25.07","1.12",0,2022-06-16,"06","2022",0,25.07,"-18.875 147.625"
"6510876","2022-06-16T12:00:00Z",-18.875,147.675,"0.0",0,"25.060000000000002","1.07",0,2022-06-16,"06","2022",0,25.06,"-18.875 147.675"
"6510958","2022-06-16T12:00:00Z",-18.975,147.675,"0.0",0,"25.02","1.16",0,2022-06-16,"06","2022",0,25.02,"-18.975 147.675"
"6528219","2022-06-23T12:00:00Z",-18.675,147.675,"0.0",0,"25.0","0.97",0,2022-06-23,"06","2022",0,25,"-18.675 147.675"
"6528341","2022-06-23T12:00:00Z",-18.825,147.625,"0.0",0,"24.63","0.8",0,2022-06-23,"06","2022",0,24.63,"-18.825 147.625"
"6528382","2022-06-23T12:00:00Z",-18.875,147.625,"0.0",0,"24.52","0.77",0,2022-06-23,"06","2022",0,24.52,"-18.875 147.625"
"6528383","2022-06-23T12:00:00Z",-18.875,147.675,"0.0",0,"24.55","0.76",0,2022-06-23,"06","2022",0,24.55,"-18.875 147.675"
"6528465","2022-06-23T12:00:00Z",-18.975,147.675,"0.0",0,"24.37","0.72",0,2022-06-23,"06","2022",0,24.37,"-18.975 147.675"
"6545726","2022-06-30T12:00:00Z",-18.675,147.675,"0.0",0,"24.490000000000002","0.64",0,2022-06-30,"06","2022",0,24.49,"-18.675 147.675"
"6545848","2022-06-30T12:00:00Z",-18.825,147.625,"0.0",0,"24.17","0.54",0,2022-06-30,"06","2022",0,24.17,"-18.825 147.625"
"6545889","2022-06-30T12:00:00Z",-18.875,147.625,"0.0",0,"24.060000000000002","0.5",0,2022-06-30,"06","2022",0,24.06,"-18.875 147.625"
"6545890","2022-06-30T12:00:00Z",-18.875,147.675,"0.0",0,"24.11","0.52",0,2022-06-30,"06","2022",0,24.11,"-18.875 147.675"
"6545972","2022-06-30T12:00:00Z",-18.975,147.675,"0.0",0,"23.88","0.44",0,2022-06-30,"06","2022",0,23.88,"-18.975 147.675"
"6563233","2022-07-07T12:00:00Z",-18.675,147.675,"0.0",0,"24.01","0.34",0,2022-07-07,"07","2022",0,24.01,"-18.675 147.675"
"6563355","2022-07-07T12:00:00Z",-18.825,147.625,"0.0",0,"23.67","0.23",0,2022-07-07,"07","2022",0,23.67,"-18.825 147.625"
"6563396","2022-07-07T12:00:00Z",-18.875,147.625,"0.0",0,"23.580000000000002","0.22",0,2022-07-07,"07","2022",0,23.58,"-18.875 147.625"
"6563397","2022-07-07T12:00:00Z",-18.875,147.675,"0.0",0,"23.67","0.27",0,2022-07-07,"07","2022",0,23.67,"-18.875 147.675"
"6563479","2022-07-07T12:00:00Z",-18.975,147.675,"0.0",0,"23.48","0.25",0,2022-07-07,"07","2022",0,23.48,"-18.975 147.675"
"6580740","2022-07-14T12:00:00Z",-18.675,147.675,"0.0",0,"23.5","0.01",0,2022-07-14,"07","2022",0,23.5,"-18.675 147.675"
"6580862","2022-07-14T12:00:00Z",-18.825,147.625,"0.0",0,"23.16","-0.09",0,2022-07-14,"07","2022",0,23.16,"-18.825 147.625"
"6580903","2022-07-14T12:00:00Z",-18.875,147.625,"0.0",0,"23.080000000000002","-0.08",0,2022-07-14,"07","2022",0,23.08,"-18.875 147.625"
"6580904","2022-07-14T12:00:00Z",-18.875,147.675,"0.0",0,"23.18","-0.02",0,2022-07-14,"07","2022",0,23.18,"-18.875 147.675"
"6580986","2022-07-14T12:00:00Z",-18.975,147.675,"0.0",0,"22.97","-0.05",0,2022-07-14,"07","2022",0,22.97,"-18.975 147.675"
"6598247","2022-07-21T12:00:00Z",-18.675,147.675,"0.0",0,"23.38","-0.07",0,2022-07-21,"07","2022",0,23.38,"-18.675 147.675"
"6598369","2022-07-21T12:00:00Z",-18.825,147.625,"0.0",0,"23.09","-0.13",0,2022-07-21,"07","2022",0,23.09,"-18.825 147.625"
"6598410","2022-07-21T12:00:00Z",-18.875,147.625,"0.0",0,"22.98","-0.16",0,2022-07-21,"07","2022",0,22.98,"-18.875 147.625"
"6598411","2022-07-21T12:00:00Z",-18.875,147.675,"0.0",0,"23.01","-0.16",0,2022-07-21,"07","2022",0,23.01,"-18.875 147.675"
"6598493","2022-07-21T12:00:00Z",-18.975,147.675,"0.0",0,"22.82","-0.18",0,2022-07-21,"07","2022",0,22.82,"-18.975 147.675"
"6615754","2022-07-28T12:00:00Z",-18.675,147.675,"0.0",0,"23.16","-0.28",0,2022-07-28,"07","2022",0,23.16,"-18.675 147.675"
"6615876","2022-07-28T12:00:00Z",-18.825,147.625,"0.0",0,"22.95","-0.27",0,2022-07-28,"07","2022",0,22.95,"-18.825 147.625"
"6615917","2022-07-28T12:00:00Z",-18.875,147.625,"0.0",0,"22.89","-0.26",0,2022-07-28,"07","2022",0,22.89,"-18.875 147.625"
"6615918","2022-07-28T12:00:00Z",-18.875,147.675,"0.0",0,"22.91","-0.26",0,2022-07-28,"07","2022",0,22.91,"-18.875 147.675"
"6616000","2022-07-28T12:00:00Z",-18.975,147.675,"0.0",0,"22.77","-0.24",0,2022-07-28,"07","2022",0,22.77,"-18.975 147.675"
"6633261","2022-08-04T12:00:00Z",-18.675,147.675,"0.0",0,"23.97","0.54",0,2022-08-04,"08","2022",0,23.97,"-18.675 147.675"
"6633383","2022-08-04T12:00:00Z",-18.825,147.625,"0.0",0,"23.240000000000002","0.01",0,2022-08-04,"08","2022",0,23.24,"-18.825 147.625"
"6633424","2022-08-04T12:00:00Z",-18.875,147.625,"0.0",0,"23.09","-0.07",0,2022-08-04,"08","2022",0,23.09,"-18.875 147.625"
"6633425","2022-08-04T12:00:00Z",-18.875,147.675,"0.0",0,"23.18","0.01",0,2022-08-04,"08","2022",0,23.18,"-18.875 147.675"
"6633507","2022-08-04T12:00:00Z",-18.975,147.675,"0.0",0,"22.93","-0.09",0,2022-08-04,"08","2022",0,22.93,"-18.975 147.675"
"6650768","2022-08-11T12:00:00Z",-18.675,147.675,"0.0",0,"23.78","0.35000000000000003",0,2022-08-11,"08","2022",0,23.78,"-18.675 147.675"
"6650890","2022-08-11T12:00:00Z",-18.825,147.625,"0.0",0,"23.25","0.02",0,2022-08-11,"08","2022",0,23.25,"-18.825 147.625"
"6650931","2022-08-11T12:00:00Z",-18.875,147.625,"0.0",0,"23.14","-0.02",0,2022-08-11,"08","2022",0,23.14,"-18.875 147.625"
"6650932","2022-08-11T12:00:00Z",-18.875,147.675,"0.0",0,"23.19","0.02",0,2022-08-11,"08","2022",0,23.19,"-18.875 147.675"
"6651014","2022-08-11T12:00:00Z",-18.975,147.675,"0.0",0,"23.01","-0.02",0,2022-08-11,"08","2022",0,23.01,"-18.975 147.675"
"6668275","2022-08-18T12:00:00Z",-18.675,147.675,"0.0",0,"23.86","0.38",0,2022-08-18,"08","2022",0,23.86,"-18.675 147.675"
"6668397","2022-08-18T12:00:00Z",-18.825,147.625,"0.0",0,"23.66","0.36",0,2022-08-18,"08","2022",0,23.66,"-18.825 147.625"
"6668438","2022-08-18T12:00:00Z",-18.875,147.625,"0.0",0,"23.56","0.32",0,2022-08-18,"08","2022",0,23.56,"-18.875 147.625"
"6668439","2022-08-18T12:00:00Z",-18.875,147.675,"0.0",0,"23.47","0.23",0,2022-08-18,"08","2022",0,23.47,"-18.875 147.675"
"6668521","2022-08-18T12:00:00Z",-18.975,147.675,"0.0",0,"23.330000000000002","0.21",0,2022-08-18,"08","2022",0,23.33,"-18.975 147.675"
"6685782","2022-08-25T12:00:00Z",-18.675,147.675,"0.0",0,"23.830000000000002","0.2",0,2022-08-25,"08","2022",0,23.83,"-18.675 147.675"
"6685904","2022-08-25T12:00:00Z",-18.825,147.625,"0.0",0,"23.51","0.04",0,2022-08-25,"08","2022",0,23.51,"-18.825 147.625"
"6685945","2022-08-25T12:00:00Z",-18.875,147.625,"0.0",0,"23.45","0.03",0,2022-08-25,"08","2022",0,23.45,"-18.875 147.625"
"6685946","2022-08-25T12:00:00Z",-18.875,147.675,"0.0",0,"23.39","-0.02",0,2022-08-25,"08","2022",0,23.39,"-18.875 147.675"
"6686028","2022-08-25T12:00:00Z",-18.975,147.675,"0.0",0,"23.3","0.0",0,2022-08-25,"08","2022",0,23.3,"-18.975 147.675"
"6703289","2022-09-01T12:00:00Z",-18.675,147.675,"0.0",0,"24.25","0.47000000000000003",0,2022-09-01,"09","2022",0,24.25,"-18.675 147.675"
"6703411","2022-09-01T12:00:00Z",-18.825,147.625,"0.0",0,"23.72","0.08",0,2022-09-01,"09","2022",0,23.72,"-18.825 147.625"
"6703452","2022-09-01T12:00:00Z",-18.875,147.625,"0.0",0,"23.6","0.01",0,2022-09-01,"09","2022",0,23.6,"-18.875 147.625"
"6703453","2022-09-01T12:00:00Z",-18.875,147.675,"0.0",0,"23.69","0.11",0,2022-09-01,"09","2022",0,23.69,"-18.875 147.675"
"6703535","2022-09-01T12:00:00Z",-18.975,147.675,"0.0",0,"23.47","-0.01",0,2022-09-01,"09","2022",0,23.47,"-18.975 147.675"
"6720796","2022-09-08T12:00:00Z",-18.675,147.675,"0.0",0,"24.13","0.2",0,2022-09-08,"09","2022",0,24.13,"-18.675 147.675"
"6720918","2022-09-08T12:00:00Z",-18.825,147.625,"0.0",0,"23.88","0.07",0,2022-09-08,"09","2022",0,23.88,"-18.825 147.625"
"6720959","2022-09-08T12:00:00Z",-18.875,147.625,"0.0",0,"23.830000000000002","0.07",0,2022-09-08,"09","2022",0,23.83,"-18.875 147.625"
"6720960","2022-09-08T12:00:00Z",-18.875,147.675,"0.0",0,"23.88","0.13",0,2022-09-08,"09","2022",0,23.88,"-18.875 147.675"
"6721042","2022-09-08T12:00:00Z",-18.975,147.675,"0.0",0,"23.81","0.14",0,2022-09-08,"09","2022",0,23.81,"-18.975 147.675"
"6738303","2022-09-15T12:00:00Z",-18.675,147.675,"0.0",0,"24.66","0.58",0,2022-09-15,"09","2022",0,24.66,"-18.675 147.675"
"6738425","2022-09-15T12:00:00Z",-18.825,147.625,"0.0",0,"24.5","0.52",0,2022-09-15,"09","2022",0,24.5,"-18.825 147.625"
"6738466","2022-09-15T12:00:00Z",-18.875,147.625,"0.0",0,"24.48","0.55",0,2022-09-15,"09","2022",0,24.48,"-18.875 147.625"
"6738467","2022-09-15T12:00:00Z",-18.875,147.675,"0.0",0,"24.400000000000002","0.48",0,2022-09-15,"09","2022",0,24.4,"-18.875 147.675"
"6738549","2022-09-15T12:00:00Z",-18.975,147.675,"0.0",0,"24.35","0.5",0,2022-09-15,"09","2022",0,24.35,"-18.975 147.675"
"6755810","2022-09-22T12:00:00Z",-18.675,147.675,"0.0",0,"26.32","1.96",0,2022-09-22,"09","2022",0,26.32,"-18.675 147.675"
"6755932","2022-09-22T12:00:00Z",-18.825,147.625,"0.0",0,"26.22","1.94",0,2022-09-22,"09","2022",0,26.22,"-18.825 147.625"
"6755973","2022-09-22T12:00:00Z",-18.875,147.625,"0.0",0,"26.23","1.99",0,2022-09-22,"09","2022",0,26.23,"-18.875 147.625"
"6755974","2022-09-22T12:00:00Z",-18.875,147.675,"0.0",0,"26.14","1.9100000000000001",0,2022-09-22,"09","2022",0,26.14,"-18.875 147.675"
"6756056","2022-09-22T12:00:00Z",-18.975,147.675,"0.0",0,"26.18","2.0100000000000002",0,2022-09-22,"09","2022",0,26.18,"-18.975 147.675"
"6773317","2022-09-29T12:00:00Z",-18.675,147.675,"0.0",0,"26.650000000000002","2.0",0,2022-09-29,"09","2022",0,26.65,"-18.675 147.675"
"6773439","2022-09-29T12:00:00Z",-18.825,147.625,"0.0",0,"26.54","1.96",0,2022-09-29,"09","2022",0,26.54,"-18.825 147.625"
"6773480","2022-09-29T12:00:00Z",-18.875,147.625,"0.0",0,"26.54","1.99",0,2022-09-29,"09","2022",0,26.54,"-18.875 147.625"
"6773481","2022-09-29T12:00:00Z",-18.875,147.675,"0.0",0,"26.5","1.96",0,2022-09-29,"09","2022",0,26.5,"-18.875 147.675"
"6773563","2022-09-29T12:00:00Z",-18.975,147.675,"0.0",0,"26.5","2.0100000000000002",0,2022-09-29,"09","2022",0,26.5,"-18.975 147.675"
"6790824","2022-10-06T12:00:00Z",-18.675,147.675,"0.0",0,"26.62","1.69",0,2022-10-06,"10","2022",0,26.62,"-18.675 147.675"
"6790946","2022-10-06T12:00:00Z",-18.825,147.625,"0.0",0,"26.47","1.59",0,2022-10-06,"10","2022",0,26.47,"-18.825 147.625"
"6790987","2022-10-06T12:00:00Z",-18.875,147.625,"0.0",0,"26.42","1.57",0,2022-10-06,"10","2022",0,26.42,"-18.875 147.625"
"6790988","2022-10-06T12:00:00Z",-18.875,147.675,"0.0",0,"26.43","1.58",0,2022-10-06,"10","2022",0,26.43,"-18.875 147.675"
"6791070","2022-10-06T12:00:00Z",-18.975,147.675,"0.0",0,"26.330000000000002","1.52",0,2022-10-06,"10","2022",0,26.33,"-18.975 147.675"
"6808331","2022-10-13T12:00:00Z",-18.675,147.675,"0.0",0,"26.77","1.55",0,2022-10-13,"10","2022",0,26.77,"-18.675 147.675"
"6808453","2022-10-13T12:00:00Z",-18.825,147.625,"0.0",0,"26.44","1.27",0,2022-10-13,"10","2022",0,26.44,"-18.825 147.625"
"6808494","2022-10-13T12:00:00Z",-18.875,147.625,"0.0",0,"26.400000000000002","1.24",0,2022-10-13,"10","2022",0,26.4,"-18.875 147.625"
"6808495","2022-10-13T12:00:00Z",-18.875,147.675,"0.0",0,"26.400000000000002","1.24",0,2022-10-13,"10","2022",0,26.4,"-18.875 147.675"
"6808577","2022-10-13T12:00:00Z",-18.975,147.675,"0.0",0,"26.34","1.21",0,2022-10-13,"10","2022",0,26.34,"-18.975 147.675"
"6825838","2022-10-20T12:00:00Z",-18.675,147.675,"0.0",0,"27.240000000000002","1.72",0,2022-10-20,"10","2022",0,27.24,"-18.675 147.675"
"6825960","2022-10-20T12:00:00Z",-18.825,147.625,"0.0",0,"27.19","1.7",0,2022-10-20,"10","2022",0,27.19,"-18.825 147.625"
"6826001","2022-10-20T12:00:00Z",-18.875,147.625,"0.0",0,"27.18","1.7",0,2022-10-20,"10","2022",0,27.18,"-18.875 147.625"
"6826002","2022-10-20T12:00:00Z",-18.875,147.675,"0.0",0,"27.16","1.68",0,2022-10-20,"10","2022",0,27.16,"-18.875 147.675"
"6826084","2022-10-20T12:00:00Z",-18.975,147.675,"0.0",0,"27.14","1.68",0,2022-10-20,"10","2022",0,27.14,"-18.975 147.675"
"6843345","2022-10-27T12:00:00Z",-18.675,147.675,"0.0",0,"28.05","2.22",0,2022-10-27,"10","2022",0,28.05,"-18.675 147.675"
"6843467","2022-10-27T12:00:00Z",-18.825,147.625,"0.0",0,"28.060000000000002","2.25",0,2022-10-27,"10","2022",0,28.06,"-18.825 147.625"
"6843508","2022-10-27T12:00:00Z",-18.875,147.625,"0.0",0,"28.07","2.2600000000000002",0,2022-10-27,"10","2022",0,28.07,"-18.875 147.625"
"6843509","2022-10-27T12:00:00Z",-18.875,147.675,"0.0",0,"28.060000000000002","2.2600000000000002",0,2022-10-27,"10","2022",0,28.06,"-18.875 147.675"
"6843591","2022-10-27T12:00:00Z",-18.975,147.675,"0.0",0,"28.080000000000002","2.2800000000000002",0,2022-10-27,"10","2022",0,28.08,"-18.975 147.675"
"6860852","2022-11-03T12:00:00Z",-18.675,147.675,"0.0",0,"27.650000000000002","1.52",0,2022-11-03,"11","2022",0,27.65,"-18.675 147.675"
"6860974","2022-11-03T12:00:00Z",-18.825,147.625,"0.0",0,"27.54","1.41",0,2022-11-03,"11","2022",0,27.54,"-18.825 147.625"
"6861015","2022-11-03T12:00:00Z",-18.875,147.625,"0.0",0,"27.55","1.41",0,2022-11-03,"11","2022",0,27.55,"-18.875 147.625"
"6861016","2022-11-03T12:00:00Z",-18.875,147.675,"0.0",0,"27.53","1.4000000000000001",0,2022-11-03,"11","2022",0,27.53,"-18.875 147.675"
"6861098","2022-11-03T12:00:00Z",-18.975,147.675,"0.0",0,"27.57","1.43",0,2022-11-03,"11","2022",0,27.57,"-18.975 147.675"
"6878359","2022-11-10T12:00:00Z",-18.675,147.675,"0.0",0,"27.48","1.04",0,2022-11-10,"11","2022",0,27.48,"-18.675 147.675"
"6878481","2022-11-10T12:00:00Z",-18.825,147.625,"0.0",0,"27.36","0.91",0,2022-11-10,"11","2022",0,27.36,"-18.825 147.625"
"6878522","2022-11-10T12:00:00Z",-18.875,147.625,"0.0",0,"27.3","0.8300000000000001",0,2022-11-10,"11","2022",0,27.3,"-18.875 147.625"
"6878523","2022-11-10T12:00:00Z",-18.875,147.675,"0.0",0,"27.19","0.74",0,2022-11-10,"11","2022",0,27.19,"-18.875 147.675"
"6878605","2022-11-10T12:00:00Z",-18.975,147.675,"0.0",0,"27.080000000000002","0.6",0,2022-11-10,"11","2022",0,27.08,"-18.975 147.675"
"6895866","2022-11-17T12:00:00Z",-18.675,147.675,"0.0",0,"28.28","1.56",0,2022-11-17,"11","2022",0,28.28,"-18.675 147.675"
"6895988","2022-11-17T12:00:00Z",-18.825,147.625,"0.0",0,"28.14","1.4000000000000001",0,2022-11-17,"11","2022",0,28.14,"-18.825 147.625"
"6896029","2022-11-17T12:00:00Z",-18.875,147.625,"0.0",0,"28.11","1.35",0,2022-11-17,"11","2022",0,28.11,"-18.875 147.625"
"6896030","2022-11-17T12:00:00Z",-18.875,147.675,"0.0",0,"28.13","1.3900000000000001",0,2022-11-17,"11","2022",0,28.13,"-18.875 147.675"
"6896112","2022-11-17T12:00:00Z",-18.975,147.675,"0.0",0,"28.060000000000002","1.28",0,2022-11-17,"11","2022",0,28.06,"-18.975 147.675"
"6913373","2022-11-24T12:00:00Z",-18.675,147.675,"0.0",0,"28.7","1.77",0,2022-11-24,"11","2022",0,28.7,"-18.675 147.675"
"6913495","2022-11-24T12:00:00Z",-18.825,147.625,"0.0",0,"28.69","1.74",0,2022-11-24,"11","2022",0,28.69,"-18.825 147.625"
"6913536","2022-11-24T12:00:00Z",-18.875,147.625,"0.0",0,"28.7","1.74",0,2022-11-24,"11","2022",0,28.7,"-18.875 147.625"
"6913537","2022-11-24T12:00:00Z",-18.875,147.675,"0.0",0,"28.68","1.73",0,2022-11-24,"11","2022",0,28.68,"-18.875 147.675"
"6913619","2022-11-24T12:00:00Z",-18.975,147.675,"0.0",0,"28.72","1.74",0,2022-11-24,"11","2022",0,28.72,"-18.975 147.675"
"6930880","2022-12-01T12:00:00Z",-18.675,147.675,"0.0",0,"28.72","1.58",0,2022-12-01,"12","2022",0,28.72,"-18.675 147.675"
"6931002","2022-12-01T12:00:00Z",-18.825,147.625,"0.0",0,"28.64","1.49",0,2022-12-01,"12","2022",0,28.64,"-18.825 147.625"
"6931043","2022-12-01T12:00:00Z",-18.875,147.625,"0.0",0,"28.64","1.47",0,2022-12-01,"12","2022",0,28.64,"-18.875 147.625"
"6931044","2022-12-01T12:00:00Z",-18.875,147.675,"0.0",0,"28.650000000000002","1.5",0,2022-12-01,"12","2022",0,28.65,"-18.875 147.675"
"6931126","2022-12-01T12:00:00Z",-18.975,147.675,"0.0",0,"28.650000000000002","1.47",0,2022-12-01,"12","2022",0,28.65,"-18.975 147.675"
"6948387","2022-12-08T12:00:00Z",-18.675,147.675,"0.0",0,"28.78","1.43",0,2022-12-08,"12","2022",0,28.78,"-18.675 147.675"
"6948509","2022-12-08T12:00:00Z",-18.825,147.625,"0.0",0,"28.71","1.35",0,2022-12-08,"12","2022",0,28.71,"-18.825 147.625"
"6948550","2022-12-08T12:00:00Z",-18.875,147.625,"0.0",0,"28.71","1.34",0,2022-12-08,"12","2022",0,28.71,"-18.875 147.625"
"6948551","2022-12-08T12:00:00Z",-18.875,147.675,"0.0",0,"28.64","1.28",0,2022-12-08,"12","2022",0,28.64,"-18.875 147.675"
"6948633","2022-12-08T12:00:00Z",-18.975,147.675,"0.0",0,"28.67","1.29",0,2022-12-08,"12","2022",0,28.67,"-18.975 147.675"
"6965894","2022-12-15T12:00:00Z",-18.675,147.675,"0.15",0,"29.41","1.85",0,2022-12-15,"12","2022",0.15,29.41,"-18.675 147.675"
"6966016","2022-12-15T12:00:00Z",-18.825,147.625,"0.14",0,"29.400000000000002","1.83",0,2022-12-15,"12","2022",0.14,29.4,"-18.825 147.625"
"6966057","2022-12-15T12:00:00Z",-18.875,147.625,"0.0",0,"29.37","1.79",0,2022-12-15,"12","2022",0,29.37,"-18.875 147.625"
"6966058","2022-12-15T12:00:00Z",-18.875,147.675,"0.0",0,"29.35","1.78",0,2022-12-15,"12","2022",0,29.35,"-18.875 147.675"
"6966140","2022-12-15T12:00:00Z",-18.975,147.675,"0.0",0,"29.310000000000002","1.73",0,2022-12-15,"12","2022",0,29.31,"-18.975 147.675"
"6983401","2022-12-22T12:00:00Z",-18.675,147.675,"0.32",0,"28.2","0.48",0,2022-12-22,"12","2022",0.32,28.2,"-18.675 147.675"
"6983523","2022-12-22T12:00:00Z",-18.825,147.625,"0.31",0,"28.080000000000002","0.35000000000000003",0,2022-12-22,"12","2022",0.31,28.08,"-18.825 147.625"
"6983564","2022-12-22T12:00:00Z",-18.875,147.625,"0.16",0,"28.07","0.33",0,2022-12-22,"12","2022",0.16,28.07,"-18.875 147.625"
"6983565","2022-12-22T12:00:00Z",-18.875,147.675,"0.15",0,"28.060000000000002","0.33",0,2022-12-22,"12","2022",0.15,28.06,"-18.875 147.675"
"6983647","2022-12-22T12:00:00Z",-18.975,147.675,"0.15",0,"28.080000000000002","0.34",0,2022-12-22,"12","2022",0.15,28.08,"-18.975 147.675"
"7000908","2022-12-29T12:00:00Z",-18.675,147.675,"0.32",0,"28.52","0.65",0,2022-12-29,"12","2022",0.32,28.52,"-18.675 147.675"
"7001030","2022-12-29T12:00:00Z",-18.825,147.625,"0.31",0,"28.38","0.49",0,2022-12-29,"12","2022",0.31,28.38,"-18.825 147.625"
"7001071","2022-12-29T12:00:00Z",-18.875,147.625,"0.16",0,"28.34","0.44",0,2022-12-29,"12","2022",0.16,28.34,"-18.875 147.625"
"7001072","2022-12-29T12:00:00Z",-18.875,147.675,"0.15",0,"28.3","0.41000000000000003",0,2022-12-29,"12","2022",0.15,28.3,"-18.875 147.675"
"7001154","2022-12-29T12:00:00Z",-18.975,147.675,"0.15",0,"28.28","0.38",0,2022-12-29,"12","2022",0.15,28.28,"-18.975 147.675"
"7018415","2023-01-05T12:00:00Z",-18.675,147.675,"0.32",0,"28.990000000000002","0.96",0,2023-01-05,"01","2023",0.32,28.99,"-18.675 147.675"
"7018537","2023-01-05T12:00:00Z",-18.825,147.625,"0.31",0,"28.88","0.84",0,2023-01-05,"01","2023",0.31,28.88,"-18.825 147.625"
"7018578","2023-01-05T12:00:00Z",-18.875,147.625,"0.16",0,"28.86","0.81",0,2023-01-05,"01","2023",0.16,28.86,"-18.875 147.625"
"7018579","2023-01-05T12:00:00Z",-18.875,147.675,"0.15",0,"28.810000000000002","0.77",0,2023-01-05,"01","2023",0.15,28.81,"-18.875 147.675"
"7018661","2023-01-05T12:00:00Z",-18.975,147.675,"0.15",0,"28.77","0.72",0,2023-01-05,"01","2023",0.15,28.77,"-18.975 147.675"
"7035922","2023-01-12T12:00:00Z",-18.675,147.675,"0.32",0,"29.240000000000002","1.06",0,2023-01-12,"01","2023",0.32,29.24,"-18.675 147.675"
"7036044","2023-01-12T12:00:00Z",-18.825,147.625,"0.31",0,"29.150000000000002","0.9500000000000001",0,2023-01-12,"01","2023",0.31,29.15,"-18.825 147.625"
"7036085","2023-01-12T12:00:00Z",-18.875,147.625,"0.16",0,"29.13","0.92",0,2023-01-12,"01","2023",0.16,29.13,"-18.875 147.625"
"7036086","2023-01-12T12:00:00Z",-18.875,147.675,"0.15",0,"29.14","0.9400000000000001",0,2023-01-12,"01","2023",0.15,29.14,"-18.875 147.675"
"7036168","2023-01-12T12:00:00Z",-18.975,147.675,"0.15",0,"29.11","0.9",0,2023-01-12,"01","2023",0.15,29.11,"-18.975 147.675"
"7053429","2023-01-19T12:00:00Z",-18.675,147.675,"0.32",0,"28.64","0.37",0,2023-01-19,"01","2023",0.32,28.64,"-18.675 147.675"
"7053551","2023-01-19T12:00:00Z",-18.825,147.625,"0.31",0,"28.6","0.31",0,2023-01-19,"01","2023",0.31,28.6,"-18.825 147.625"
"7053592","2023-01-19T12:00:00Z",-18.875,147.625,"0.16",0,"28.6","0.3",0,2023-01-19,"01","2023",0.16,28.6,"-18.875 147.625"
"7053593","2023-01-19T12:00:00Z",-18.875,147.675,"0.15",0,"28.6","0.31",0,2023-01-19,"01","2023",0.15,28.6,"-18.875 147.675"
"7053675","2023-01-19T12:00:00Z",-18.975,147.675,"0.15",0,"28.62","0.32",0,2023-01-19,"01","2023",0.15,28.62,"-18.975 147.675"
"7070936","2023-01-26T12:00:00Z",-18.675,147.675,"0.32",0,"28.96","0.67",0,2023-01-26,"01","2023",0.32,28.96,"-18.675 147.675"
"7071058","2023-01-26T12:00:00Z",-18.825,147.625,"0.31",0,"28.740000000000002","0.43",0,2023-01-26,"01","2023",0.31,28.74,"-18.825 147.625"
"7071099","2023-01-26T12:00:00Z",-18.875,147.625,"0.16",0,"28.7","0.38",0,2023-01-26,"01","2023",0.16,28.7,"-18.875 147.625"
"7071100","2023-01-26T12:00:00Z",-18.875,147.675,"0.15",0,"28.71","0.4",0,2023-01-26,"01","2023",0.15,28.71,"-18.875 147.675"
"7071182","2023-01-26T12:00:00Z",-18.975,147.675,"0.15",0,"28.7","0.38",0,2023-01-26,"01","2023",0.15,28.7,"-18.975 147.675"
"7088443","2023-02-02T12:00:00Z",-18.675,147.675,"0.32",0,"29.13","0.81",0,2023-02-02,"02","2023",0.32,29.13,"-18.675 147.675"
"7088565","2023-02-02T12:00:00Z",-18.825,147.625,"0.31",0,"29.12","0.78",0,2023-02-02,"02","2023",0.31,29.12,"-18.825 147.625"
"7088606","2023-02-02T12:00:00Z",-18.875,147.625,"0.16",0,"29.11","0.76",0,2023-02-02,"02","2023",0.16,29.11,"-18.875 147.625"
"7088607","2023-02-02T12:00:00Z",-18.875,147.675,"0.15",0,"29.080000000000002","0.74",0,2023-02-02,"02","2023",0.15,29.08,"-18.875 147.675"
"7088689","2023-02-02T12:00:00Z",-18.975,147.675,"0.15",0,"29.07","0.72",0,2023-02-02,"02","2023",0.15,29.07,"-18.975 147.675"
"7105950","2023-02-09T12:00:00Z",-18.675,147.675,"0.62",0,"28.650000000000002","0.3",0,2023-02-09,"02","2023",0.62,28.65,"-18.675 147.675"
"7106072","2023-02-09T12:00:00Z",-18.825,147.625,"0.6",0,"28.59","0.22",0,2023-02-09,"02","2023",0.6,28.59,"-18.825 147.625"
"7106113","2023-02-09T12:00:00Z",-18.875,147.625,"0.45",0,"28.59","0.21",0,2023-02-09,"02","2023",0.45,28.59,"-18.875 147.625"
"7106114","2023-02-09T12:00:00Z",-18.875,147.675,"0.3",0,"28.580000000000002","0.21",0,2023-02-09,"02","2023",0.3,28.58,"-18.875 147.675"
"7106196","2023-02-09T12:00:00Z",-18.975,147.675,"0.44",0,"28.61","0.23",0,2023-02-09,"02","2023",0.44,28.61,"-18.975 147.675"
"7123457","2023-02-16T12:00:00Z",-18.675,147.675,"0.8",0,"29.22","0.87",0,2023-02-16,"02","2023",0.8,29.22,"-18.675 147.675"
"7123579","2023-02-16T12:00:00Z",-18.825,147.625,"0.92",0,"29.21","0.84",0,2023-02-16,"02","2023",0.92,29.21,"-18.825 147.625"
"7123620","2023-02-16T12:00:00Z",-18.875,147.625,"0.77",0,"29.22","0.84",0,2023-02-16,"02","2023",0.77,29.22,"-18.875 147.625"
"7123621","2023-02-16T12:00:00Z",-18.875,147.675,"0.63",0,"29.22","0.85",0,2023-02-16,"02","2023",0.63,29.22,"-18.875 147.675"
"7123703","2023-02-16T12:00:00Z",-18.975,147.675,"0.79",0,"29.25","0.87",0,2023-02-16,"02","2023",0.79,29.25,"-18.975 147.675"
"7140964","2023-02-23T12:00:00Z",-18.675,147.675,"0.8",0,"28.82","0.59",0,2023-02-23,"02","2023",0.8,28.82,"-18.675 147.675"
"7141086","2023-02-23T12:00:00Z",-18.825,147.625,"0.92",0,"28.78","0.55",0,2023-02-23,"02","2023",0.92,28.78,"-18.825 147.625"
"7141127","2023-02-23T12:00:00Z",-18.875,147.625,"0.77",0,"28.78","0.55",0,2023-02-23,"02","2023",0.77,28.78,"-18.875 147.625"
"7141128","2023-02-23T12:00:00Z",-18.875,147.675,"0.63",0,"28.79","0.5700000000000001",0,2023-02-23,"02","2023",0.63,28.79,"-18.875 147.675"
"7141210","2023-02-23T12:00:00Z",-18.975,147.675,"0.79",0,"28.79","0.5700000000000001",0,2023-02-23,"02","2023",0.79,28.79,"-18.975 147.675"
"7158471","2023-03-02T12:00:00Z",-18.675,147.675,"0.8",0,"28.59","0.48",0,2023-03-02,"03","2023",0.8,28.59,"-18.675 147.675"
"7158593","2023-03-02T12:00:00Z",-18.825,147.625,"0.92",0,"28.580000000000002","0.48",0,2023-03-02,"03","2023",0.92,28.58,"-18.825 147.625"
"7158634","2023-03-02T12:00:00Z",-18.875,147.625,"0.77",0,"28.6","0.51",0,2023-03-02,"03","2023",0.77,28.6,"-18.875 147.625"
"7158635","2023-03-02T12:00:00Z",-18.875,147.675,"0.63",0,"28.59","0.51",0,2023-03-02,"03","2023",0.63,28.59,"-18.875 147.675"
"7158717","2023-03-02T12:00:00Z",-18.975,147.675,"0.79",0,"28.62","0.55",0,2023-03-02,"03","2023",0.79,28.62,"-18.975 147.675"
"7175978","2023-03-09T12:00:00Z",-18.675,147.675,"0.65",0,"28.69","0.7000000000000001",0,2023-03-09,"03","2023",0.65,28.69,"-18.675 147.675"
"7176100","2023-03-09T12:00:00Z",-18.825,147.625,"0.78",0,"28.67","0.71",0,2023-03-09,"03","2023",0.78,28.67,"-18.825 147.625"
"7176141","2023-03-09T12:00:00Z",-18.875,147.625,"0.77",0,"28.650000000000002","0.71",0,2023-03-09,"03","2023",0.77,28.65,"-18.875 147.625"
"7176142","2023-03-09T12:00:00Z",-18.875,147.675,"0.63",0,"28.650000000000002","0.72",0,2023-03-09,"03","2023",0.63,28.65,"-18.875 147.675"
"7176224","2023-03-09T12:00:00Z",-18.975,147.675,"0.79",0,"28.62","0.71",0,2023-03-09,"03","2023",0.79,28.62,"-18.975 147.675"
"7193485","2023-03-16T12:00:00Z",-18.675,147.675,"0.64",0,"29.52","1.6600000000000001",0,2023-03-16,"03","2023",0.64,29.52,"-18.675 147.675"
"7193607","2023-03-16T12:00:00Z",-18.825,147.625,"1.11",0,"29.68","1.87",0,2023-03-16,"03","2023",1.11,29.68,"-18.825 147.625"
"7193648","2023-03-16T12:00:00Z",-18.875,147.625,"1.12",0,"29.7","1.9100000000000001",0,2023-03-16,"03","2023",1.12,29.7,"-18.875 147.625"
"7193649","2023-03-16T12:00:00Z",-18.875,147.675,"0.96",0,"29.66","1.8800000000000001",0,2023-03-16,"03","2023",0.96,29.66,"-18.875 147.675"
"7193731","2023-03-16T12:00:00Z",-18.975,147.675,"1.1300000000000001",0,"29.72","1.97",0,2023-03-16,"03","2023",1.13,29.72,"-18.975 147.675"
"7210992","2023-03-23T12:00:00Z",-18.675,147.675,"0.79",0,"28.38","0.73",0,2023-03-23,"03","2023",0.79,28.38,"-18.675 147.675"
"7211114","2023-03-23T12:00:00Z",-18.825,147.625,"1.26",0,"28.28","0.6900000000000001",0,2023-03-23,"03","2023",1.26,28.28,"-18.825 147.625"
"7211155","2023-03-23T12:00:00Z",-18.875,147.625,"1.27",0,"28.26","0.6900000000000001",0,2023-03-23,"03","2023",1.27,28.26,"-18.875 147.625"
"7211156","2023-03-23T12:00:00Z",-18.875,147.675,"1.1",0,"28.25","0.6900000000000001",0,2023-03-23,"03","2023",1.1,28.25,"-18.875 147.675"
"7211238","2023-03-23T12:00:00Z",-18.975,147.675,"1.29",0,"28.27","0.74",0,2023-03-23,"03","2023",1.29,28.27,"-18.975 147.675"
"7228499","2023-03-30T12:00:00Z",-18.675,147.675,"0.79",0,"28.63","1.19",0,2023-03-30,"03","2023",0.79,28.63,"-18.675 147.675"
"7228621","2023-03-30T12:00:00Z",-18.825,147.625,"1.26",0,"28.63","1.25",0,2023-03-30,"03","2023",1.26,28.63,"-18.825 147.625"
"7228662","2023-03-30T12:00:00Z",-18.875,147.625,"1.27",0,"28.63","1.28",0,2023-03-30,"03","2023",1.27,28.63,"-18.875 147.625"
"7228663","2023-03-30T12:00:00Z",-18.875,147.675,"1.1",0,"28.57","1.22",0,2023-03-30,"03","2023",1.1,28.57,"-18.875 147.675"
"7228745","2023-03-30T12:00:00Z",-18.975,147.675,"1.29",0,"28.62","1.31",0,2023-03-30,"03","2023",1.29,28.62,"-18.975 147.675"
"7246006","2023-04-06T12:00:00Z",-18.675,147.675,"0.79",0,"28.900000000000002","1.68",0,2023-04-06,"04","2023",0.79,28.9,"-18.675 147.675"
"7246128","2023-04-06T12:00:00Z",-18.825,147.625,"1.26",0,"28.89","1.73",0,2023-04-06,"04","2023",1.26,28.89,"-18.825 147.625"
"7246169","2023-04-06T12:00:00Z",-18.875,147.625,"1.27",0,"28.900000000000002","1.77",0,2023-04-06,"04","2023",1.27,28.9,"-18.875 147.625"
"7246170","2023-04-06T12:00:00Z",-18.875,147.675,"1.1",0,"28.87","1.73",0,2023-04-06,"04","2023",1.1,28.87,"-18.875 147.675"
"7246252","2023-04-06T12:00:00Z",-18.975,147.675,"1.29",0,"28.900000000000002","1.81",0,2023-04-06,"04","2023",1.29,28.9,"-18.975 147.675"
"7263513","2023-04-13T12:00:00Z",-18.675,147.675,"0.79",0,"29.27","2.2600000000000002",0,2023-04-13,"04","2023",0.79,29.27,"-18.675 147.675"
"7263635","2023-04-13T12:00:00Z",-18.825,147.625,"1.26",0,"29.29","2.35",0,2023-04-13,"04","2023",1.26,29.29,"-18.825 147.625"
"7263676","2023-04-13T12:00:00Z",-18.875,147.625,"1.27",0,"29.310000000000002","2.4",0,2023-04-13,"04","2023",1.27,29.31,"-18.875 147.625"
"7263677","2023-04-13T12:00:00Z",-18.875,147.675,"1.1",0,"29.26","2.34",0,2023-04-13,"04","2023",1.1,29.26,"-18.875 147.675"
"7263759","2023-04-13T12:00:00Z",-18.975,147.675,"1.29",0,"29.3","2.43",0,2023-04-13,"04","2023",1.29,29.3,"-18.975 147.675"
"7281020","2023-04-20T12:00:00Z",-18.675,147.675,"0.79",0,"28.43","1.68",0,2023-04-20,"04","2023",0.79,28.43,"-18.675 147.675"
"7281142","2023-04-20T12:00:00Z",-18.825,147.625,"1.26",0,"28.29","1.62",0,2023-04-20,"04","2023",1.26,28.29,"-18.825 147.625"
"7281183","2023-04-20T12:00:00Z",-18.875,147.625,"1.27",0,"28.27","1.6300000000000001",0,2023-04-20,"04","2023",1.27,28.27,"-18.875 147.625"
"7281184","2023-04-20T12:00:00Z",-18.875,147.675,"1.1",0,"28.25","1.6",0,2023-04-20,"04","2023",1.1,28.25,"-18.875 147.675"
"7281266","2023-04-20T12:00:00Z",-18.975,147.675,"1.43",0,"28.28","1.69",0,2023-04-20,"04","2023",1.43,28.28,"-18.975 147.675"
"7298527","2023-04-27T12:00:00Z",-18.675,147.675,"0.79",0,"27.66","1.19",0,2023-04-27,"04","2023",0.79,27.66,"-18.675 147.675"
"7298649","2023-04-27T12:00:00Z",-18.825,147.625,"1.26",0,"27.5","1.1300000000000001",0,2023-04-27,"04","2023",1.26,27.5,"-18.825 147.625"
"7298690","2023-04-27T12:00:00Z",-18.875,147.625,"1.27",0,"27.48","1.1400000000000001",0,2023-04-27,"04","2023",1.27,27.48,"-18.875 147.625"
"7298691","2023-04-27T12:00:00Z",-18.875,147.675,"1.1",0,"27.490000000000002","1.1400000000000001",0,2023-04-27,"04","2023",1.1,27.49,"-18.875 147.675"
"7298773","2023-04-27T12:00:00Z",-18.975,147.675,"1.43",0,"27.490000000000002","1.2",0,2023-04-27,"04","2023",1.43,27.49,"-18.975 147.675"
"7316034","2023-05-04T12:00:00Z",-18.675,147.675,"0.49",0,"27.490000000000002","1.31",0,2023-05-04,"05","2023",0.49,27.49,"-18.675 147.675"
"7316156","2023-05-04T12:00:00Z",-18.825,147.625,"0.97",0,"27.41","1.33",0,2023-05-04,"05","2023",0.97,27.41,"-18.825 147.625"
"7316197","2023-05-04T12:00:00Z",-18.875,147.625,"0.98",0,"27.39","1.35",0,2023-05-04,"05","2023",0.98,27.39,"-18.875 147.625"
"7316198","2023-05-04T12:00:00Z",-18.875,147.675,"0.96",0,"27.39","1.33",0,2023-05-04,"05","2023",0.96,27.39,"-18.875 147.675"
"7316280","2023-05-04T12:00:00Z",-18.975,147.675,"1.1300000000000001",0,"27.36","1.37",0,2023-05-04,"05","2023",1.13,27.36,"-18.975 147.675"
"7333541","2023-05-11T12:00:00Z",-18.675,147.675,"0.31",0,"26.88","0.98",0,2023-05-11,"05","2023",0.31,26.88,"-18.675 147.675"
"7333663","2023-05-11T12:00:00Z",-18.825,147.625,"0.64",0,"26.64","0.86",0,2023-05-11,"05","2023",0.64,26.64,"-18.825 147.625"
"7333704","2023-05-11T12:00:00Z",-18.875,147.625,"0.65",0,"26.580000000000002","0.84",0,2023-05-11,"05","2023",0.65,26.58,"-18.875 147.625"
"7333705","2023-05-11T12:00:00Z",-18.875,147.675,"0.63",0,"26.6","0.84",0,2023-05-11,"05","2023",0.63,26.6,"-18.875 147.675"
"7333787","2023-05-11T12:00:00Z",-18.975,147.675,"0.79",0,"26.51","0.8200000000000001",0,2023-05-11,"05","2023",0.79,26.51,"-18.975 147.675"
"7351048","2023-05-18T12:00:00Z",-18.675,147.675,"0.31",0,"26.3","0.71",0,2023-05-18,"05","2023",0.31,26.3,"-18.675 147.675"
"7351170","2023-05-18T12:00:00Z",-18.825,147.625,"0.64",0,"26.080000000000002","0.62",0,2023-05-18,"05","2023",0.64,26.08,"-18.825 147.625"
"7351211","2023-05-18T12:00:00Z",-18.875,147.625,"0.65",0,"26.03","0.61",0,2023-05-18,"05","2023",0.65,26.03,"-18.875 147.625"
"7351212","2023-05-18T12:00:00Z",-18.875,147.675,"0.63",0,"26.05","0.61",0,2023-05-18,"05","2023",0.63,26.05,"-18.875 147.675"
"7351294","2023-05-18T12:00:00Z",-18.975,147.675,"0.79",0,"25.98","0.62",0,2023-05-18,"05","2023",0.79,25.98,"-18.975 147.675"
"7368555","2023-05-25T12:00:00Z",-18.675,147.675,"0.31",0,"25.76","0.5",0,2023-05-25,"05","2023",0.31,25.76,"-18.675 147.675"
"7368677","2023-05-25T12:00:00Z",-18.825,147.625,"0.64",0,"25.45","0.34",0,2023-05-25,"05","2023",0.64,25.45,"-18.825 147.625"
"7368718","2023-05-25T12:00:00Z",-18.875,147.625,"0.65",0,"25.38","0.32",0,2023-05-25,"05","2023",0.65,25.38,"-18.875 147.625"
"7368719","2023-05-25T12:00:00Z",-18.875,147.675,"0.63",0,"25.42","0.34",0,2023-05-25,"05","2023",0.63,25.42,"-18.875 147.675"
"7368801","2023-05-25T12:00:00Z",-18.975,147.675,"0.79",0,"25.3","0.31",0,2023-05-25,"05","2023",0.79,25.3,"-18.975 147.675"
"7386062","2023-06-01T12:00:00Z",-18.675,147.675,"0.31",0,"25.71","0.79",0,2023-06-01,"06","2023",0.31,25.71,"-18.675 147.675"
"7386184","2023-06-01T12:00:00Z",-18.825,147.625,"0.64",0,"25.3","0.55",0,2023-06-01,"06","2023",0.64,25.3,"-18.825 147.625"
"7386225","2023-06-01T12:00:00Z",-18.875,147.625,"0.65",0,"25.21","0.51",0,2023-06-01,"06","2023",0.65,25.21,"-18.875 147.625"
"7386226","2023-06-01T12:00:00Z",-18.875,147.675,"0.63",0,"25.28","0.55",0,2023-06-01,"06","2023",0.63,25.28,"-18.875 147.675"
"7386308","2023-06-01T12:00:00Z",-18.975,147.675,"0.79",0,"25.11","0.48",0,2023-06-01,"06","2023",0.79,25.11,"-18.975 147.675"
"7403569","2023-06-08T12:00:00Z",-18.675,147.675,"0.14",0,"25.3","0.72",0,2023-06-08,"06","2023",0.14,25.3,"-18.675 147.675"
"7403691","2023-06-08T12:00:00Z",-18.825,147.625,"0.15",0,"25.060000000000002","0.66",0,2023-06-08,"06","2023",0.15,25.06,"-18.825 147.625"
"7403732","2023-06-08T12:00:00Z",-18.875,147.625,"0.15",0,"25.0","0.66",0,2023-06-08,"06","2023",0.15,25,"-18.875 147.625"
"7403733","2023-06-08T12:00:00Z",-18.875,147.675,"0.15",0,"25.05","0.68",0,2023-06-08,"06","2023",0.15,25.05,"-18.875 147.675"
"7403815","2023-06-08T12:00:00Z",-18.975,147.675,"0.3",0,"24.92","0.66",0,2023-06-08,"06","2023",0.3,24.92,"-18.975 147.675"
"7421076","2023-06-15T12:00:00Z",-18.675,147.675,"0.0",0,"25.51","1.27",0,2023-06-15,"06","2023",0,25.51,"-18.675 147.675"
"7421198","2023-06-15T12:00:00Z",-18.825,147.625,"0.0",0,"25.400000000000002","1.35",0,2023-06-15,"06","2023",0,25.4,"-18.825 147.625"
"7421239","2023-06-15T12:00:00Z",-18.875,147.625,"0.0",0,"25.36","1.3800000000000001",0,2023-06-15,"06","2023",0,25.36,"-18.875 147.625"
"7421240","2023-06-15T12:00:00Z",-18.875,147.675,"0.0",0,"25.330000000000002","1.31",0,2023-06-15,"06","2023",0,25.33,"-18.875 147.675"
"7421322","2023-06-15T12:00:00Z",-18.975,147.675,"0.14",0,"25.240000000000002","1.35",0,2023-06-15,"06","2023",0.14,25.24,"-18.975 147.675"
"7438583","2023-06-22T12:00:00Z",-18.675,147.675,"0.0",0,"25.52","1.46",0,2023-06-22,"06","2023",0,25.52,"-18.675 147.675"
"7438705","2023-06-22T12:00:00Z",-18.825,147.625,"0.0",0,"25.39","1.53",0,2023-06-22,"06","2023",0,25.39,"-18.825 147.625"
"7438746","2023-06-22T12:00:00Z",-18.875,147.625,"0.0",0,"25.32","1.54",0,2023-06-22,"06","2023",0,25.32,"-18.875 147.625"
"7438747","2023-06-22T12:00:00Z",-18.875,147.675,"0.0",0,"25.21","1.3900000000000001",0,2023-06-22,"06","2023",0,25.21,"-18.875 147.675"
"7438829","2023-06-22T12:00:00Z",-18.975,147.675,"0.14",0,"25.1","1.42",0,2023-06-22,"06","2023",0.14,25.1,"-18.975 147.675"
"7456090","2023-06-29T12:00:00Z",-18.675,147.675,"0.0",0,"25.87","1.99",0,2023-06-29,"06","2023",0,25.87,"-18.675 147.675"
"7456212","2023-06-29T12:00:00Z",-18.825,147.625,"0.0",0,"25.79","2.13",0,2023-06-29,"06","2023",0,25.79,"-18.825 147.625"
"7456253","2023-06-29T12:00:00Z",-18.875,147.625,"0.0",0,"25.740000000000002","2.16",0,2023-06-29,"06","2023",0,25.74,"-18.875 147.625"
"7456254","2023-06-29T12:00:00Z",-18.875,147.675,"0.0",0,"25.72","2.1",0,2023-06-29,"06","2023",0,25.72,"-18.875 147.675"
"7456336","2023-06-29T12:00:00Z",-18.975,147.675,"0.14",0,"25.62","2.15",0,2023-06-29,"06","2023",0.14,25.62,"-18.975 147.675"
"7473597","2023-07-06T12:00:00Z",-18.675,147.675,"0.0",0,"25.79","2.1",0,2023-07-06,"07","2023",0,25.79,"-18.675 147.675"
"7473719","2023-07-06T12:00:00Z",-18.825,147.625,"0.0",0,"25.7","2.23",0,2023-07-06,"07","2023",0,25.7,"-18.825 147.625"
"7473760","2023-07-06T12:00:00Z",-18.875,147.625,"0.0",0,"25.68","2.3000000000000003",0,2023-07-06,"07","2023",0,25.68,"-18.875 147.625"
"7473761","2023-07-06T12:00:00Z",-18.875,147.675,"0.0",0,"25.63","2.21",0,2023-07-06,"07","2023",0,25.63,"-18.875 147.675"
"7473843","2023-07-06T12:00:00Z",-18.975,147.675,"0.14",0,"25.560000000000002","2.3000000000000003",0,2023-07-06,"07","2023",0.14,25.56,"-18.975 147.675"
"7491104","2023-07-13T12:00:00Z",-18.675,147.675,"0.0",0,"25.19","1.68",0,2023-07-13,"07","2023",0,25.19,"-18.675 147.675"
"7491226","2023-07-13T12:00:00Z",-18.825,147.625,"0.0",0,"25.03","1.75",0,2023-07-13,"07","2023",0,25.03,"-18.825 147.625"
"7491267","2023-07-13T12:00:00Z",-18.875,147.625,"0.0",0,"24.96","1.77",0,2023-07-13,"07","2023",0,24.96,"-18.875 147.625"
"7491268","2023-07-13T12:00:00Z",-18.875,147.675,"0.0",0,"24.95","1.72",0,2023-07-13,"07","2023",0,24.95,"-18.875 147.675"
"7491350","2023-07-13T12:00:00Z",-18.975,147.675,"0.0",0,"24.87","1.82",0,2023-07-13,"07","2023",0,24.87,"-18.975 147.675"
"7508611","2023-07-20T12:00:00Z",-18.675,147.675,"0.0",0,"25.13","1.68",0,2023-07-20,"07","2023",0,25.13,"-18.675 147.675"
"7508733","2023-07-20T12:00:00Z",-18.825,147.625,"0.0",0,"24.8","1.58",0,2023-07-20,"07","2023",0,24.8,"-18.825 147.625"
"7508774","2023-07-20T12:00:00Z",-18.875,147.625,"0.0",0,"24.740000000000002","1.6",0,2023-07-20,"07","2023",0,24.74,"-18.875 147.625"
"7508775","2023-07-20T12:00:00Z",-18.875,147.675,"0.0",0,"24.810000000000002","1.6400000000000001",0,2023-07-20,"07","2023",0,24.81,"-18.875 147.675"
"7508857","2023-07-20T12:00:00Z",-18.975,147.675,"0.0",0,"24.71","1.71",0,2023-07-20,"07","2023",0,24.71,"-18.975 147.675"
"7526118","2023-07-27T12:00:00Z",-18.675,147.675,"0.0",0,"24.8","1.36",0,2023-07-27,"07","2023",0,24.8,"-18.675 147.675"
"7526240","2023-07-27T12:00:00Z",-18.825,147.625,"0.0",0,"24.48","1.26",0,2023-07-27,"07","2023",0,24.48,"-18.825 147.625"
"7526281","2023-07-27T12:00:00Z",-18.875,147.625,"0.0",0,"24.37","1.22",0,2023-07-27,"07","2023",0,24.37,"-18.875 147.625"
"7526282","2023-07-27T12:00:00Z",-18.875,147.675,"0.0",0,"24.47","1.3",0,2023-07-27,"07","2023",0,24.47,"-18.875 147.675"
"7526364","2023-07-27T12:00:00Z",-18.975,147.675,"0.0",0,"24.28","1.27",0,2023-07-27,"07","2023",0,24.28,"-18.975 147.675"
"7543625","2023-08-03T12:00:00Z",-18.675,147.675,"0.0",0,"24.6","1.16",0,2023-08-03,"08","2023",0,24.6,"-18.675 147.675"
"7543747","2023-08-03T12:00:00Z",-18.825,147.625,"0.0",0,"24.400000000000002","1.17",0,2023-08-03,"08","2023",0,24.4,"-18.825 147.625"
"7543788","2023-08-03T12:00:00Z",-18.875,147.625,"0.0",0,"24.35","1.2",0,2023-08-03,"08","2023",0,24.35,"-18.875 147.625"
"7543789","2023-08-03T12:00:00Z",-18.875,147.675,"0.0",0,"24.42","1.25",0,2023-08-03,"08","2023",0,24.42,"-18.875 147.675"
"7543871","2023-08-03T12:00:00Z",-18.975,147.675,"0.0",0,"24.310000000000002","1.29",0,2023-08-03,"08","2023",0,24.31,"-18.975 147.675"
"7561132","2023-08-10T12:00:00Z",-18.675,147.675,"0.0",0,"24.560000000000002","1.1300000000000001",0,2023-08-10,"08","2023",0,24.56,"-18.675 147.675"
"7561254","2023-08-10T12:00:00Z",-18.825,147.625,"0.0",0,"24.3","1.07",0,2023-08-10,"08","2023",0,24.3,"-18.825 147.625"
"7561295","2023-08-10T12:00:00Z",-18.875,147.625,"0.0",0,"24.23","1.07",0,2023-08-10,"08","2023",0,24.23,"-18.875 147.625"
"7561296","2023-08-10T12:00:00Z",-18.875,147.675,"0.0",0,"24.27","1.1",0,2023-08-10,"08","2023",0,24.27,"-18.875 147.675"
"7561378","2023-08-10T12:00:00Z",-18.975,147.675,"0.0",0,"24.16","1.1300000000000001",0,2023-08-10,"08","2023",0,24.16,"-18.975 147.675"
"7578639","2023-08-17T12:00:00Z",-18.675,147.675,"0.0",0,"24.64","1.18",0,2023-08-17,"08","2023",0,24.64,"-18.675 147.675"
"7578761","2023-08-17T12:00:00Z",-18.825,147.625,"0.0",0,"24.5","1.22",0,2023-08-17,"08","2023",0,24.5,"-18.825 147.625"
"7578802","2023-08-17T12:00:00Z",-18.875,147.625,"0.0",0,"24.43","1.21",0,2023-08-17,"08","2023",0,24.43,"-18.875 147.625"
"7578803","2023-08-17T12:00:00Z",-18.875,147.675,"0.0",0,"24.46","1.24",0,2023-08-17,"08","2023",0,24.46,"-18.875 147.675"
"7578885","2023-08-17T12:00:00Z",-18.975,147.675,"0.0",0,"24.310000000000002","1.22",0,2023-08-17,"08","2023",0,24.31,"-18.975 147.675"
"7596146","2023-08-24T12:00:00Z",-18.675,147.675,"0.0",0,"24.39","0.78",0,2023-08-24,"08","2023",0,24.39,"-18.675 147.675"
"7596268","2023-08-24T12:00:00Z",-18.825,147.625,"0.0",0,"24.22","0.77",0,2023-08-24,"08","2023",0,24.22,"-18.825 147.625"
"7596309","2023-08-24T12:00:00Z",-18.875,147.625,"0.0",0,"24.18","0.79",0,2023-08-24,"08","2023",0,24.18,"-18.875 147.625"
"7596310","2023-08-24T12:00:00Z",-18.875,147.675,"0.0",0,"24.2","0.81",0,2023-08-24,"08","2023",0,24.2,"-18.875 147.675"
"7596392","2023-08-24T12:00:00Z",-18.975,147.675,"0.0",0,"24.12","0.84",0,2023-08-24,"08","2023",0,24.12,"-18.975 147.675"
"7613653","2023-08-31T12:00:00Z",-18.675,147.675,"0.0",0,"24.62","0.86",0,2023-08-31,"08","2023",0,24.62,"-18.675 147.675"
"7613775","2023-08-31T12:00:00Z",-18.825,147.625,"0.0",0,"24.400000000000002","0.78",0,2023-08-31,"08","2023",0,24.4,"-18.825 147.625"
"7613816","2023-08-31T12:00:00Z",-18.875,147.625,"0.0",0,"24.36","0.8",0,2023-08-31,"08","2023",0,24.36,"-18.875 147.625"
"7613817","2023-08-31T12:00:00Z",-18.875,147.675,"0.0",0,"24.43","0.87",0,2023-08-31,"08","2023",0,24.43,"-18.875 147.675"
"7613899","2023-08-31T12:00:00Z",-18.975,147.675,"0.0",0,"24.34","0.88",0,2023-08-31,"08","2023",0,24.34,"-18.975 147.675"
"7631160","2023-09-07T12:00:00Z",-18.675,147.675,"0.0",0,"24.8","0.89",0,2023-09-07,"09","2023",0,24.8,"-18.675 147.675"
"7631282","2023-09-07T12:00:00Z",-18.825,147.625,"0.0",0,"24.68","0.89",0,2023-09-07,"09","2023",0,24.68,"-18.825 147.625"
"7631323","2023-09-07T12:00:00Z",-18.875,147.625,"0.0",0,"24.63","0.9",0,2023-09-07,"09","2023",0,24.63,"-18.875 147.625"
"7631324","2023-09-07T12:00:00Z",-18.875,147.675,"0.0",0,"24.63","0.9",0,2023-09-07,"09","2023",0,24.63,"-18.875 147.675"
"7631406","2023-09-07T12:00:00Z",-18.975,147.675,"0.0",0,"24.53","0.89",0,2023-09-07,"09","2023",0,24.53,"-18.975 147.675"
"7648667","2023-09-14T12:00:00Z",-18.675,147.675,"0.0",0,"24.51","0.45",0,2023-09-14,"09","2023",0,24.51,"-18.675 147.675"
"7648789","2023-09-14T12:00:00Z",-18.825,147.625,"0.0",0,"24.37","0.41000000000000003",0,2023-09-14,"09","2023",0,24.37,"-18.825 147.625"
"7648830","2023-09-14T12:00:00Z",-18.875,147.625,"0.0",0,"24.330000000000002","0.42",0,2023-09-14,"09","2023",0,24.33,"-18.875 147.625"
"7648831","2023-09-14T12:00:00Z",-18.875,147.675,"0.0",0,"24.36","0.46",0,2023-09-14,"09","2023",0,24.36,"-18.875 147.675"
"7648913","2023-09-14T12:00:00Z",-18.975,147.675,"0.0",0,"24.32","0.5",0,2023-09-14,"09","2023",0,24.32,"-18.975 147.675"
"7666174","2023-09-21T12:00:00Z",-18.675,147.675,"0.0",0,"24.94","0.62",0,2023-09-21,"09","2023",0,24.94,"-18.675 147.675"
"7666296","2023-09-21T12:00:00Z",-18.825,147.625,"0.0",0,"24.8","0.56",0,2023-09-21,"09","2023",0,24.8,"-18.825 147.625"
"7666337","2023-09-21T12:00:00Z",-18.875,147.625,"0.0",0,"24.73","0.54",0,2023-09-21,"09","2023",0,24.73,"-18.875 147.625"
"7666338","2023-09-21T12:00:00Z",-18.875,147.675,"0.0",0,"24.73","0.54",0,2023-09-21,"09","2023",0,24.73,"-18.875 147.675"
"7666420","2023-09-21T12:00:00Z",-18.975,147.675,"0.0",0,"24.580000000000002","0.46",0,2023-09-21,"09","2023",0,24.58,"-18.975 147.675"
"7683681","2023-09-28T12:00:00Z",-18.675,147.675,"0.0",0,"24.69","0.08",0,2023-09-28,"09","2023",0,24.69,"-18.675 147.675"
"7683803","2023-09-28T12:00:00Z",-18.825,147.625,"0.0",0,"24.47","-0.06",0,2023-09-28,"09","2023",0,24.47,"-18.825 147.625"
"7683844","2023-09-28T12:00:00Z",-18.875,147.625,"0.0",0,"24.45","-0.05",0,2023-09-28,"09","2023",0,24.45,"-18.875 147.625"
"7683845","2023-09-28T12:00:00Z",-18.875,147.675,"0.0",0,"24.51","0.01",0,2023-09-28,"09","2023",0,24.51,"-18.875 147.675"
"7683927","2023-09-28T12:00:00Z",-18.975,147.675,"0.0",0,"24.45","0.01",0,2023-09-28,"09","2023",0,24.45,"-18.975 147.675"
"7701188","2023-10-05T12:00:00Z",-18.675,147.675,"0.0",0,"25.150000000000002","0.26",0,2023-10-05,"10","2023",0,25.15,"-18.675 147.675"
"7701310","2023-10-05T12:00:00Z",-18.825,147.625,"0.0",0,"25.11","0.28",0,2023-10-05,"10","2023",0,25.11,"-18.825 147.625"
"7701351","2023-10-05T12:00:00Z",-18.875,147.625,"0.0",0,"25.080000000000002","0.27",0,2023-10-05,"10","2023",0,25.08,"-18.875 147.625"
"7701352","2023-10-05T12:00:00Z",-18.875,147.675,"0.0",0,"25.07","0.26",0,2023-10-05,"10","2023",0,25.07,"-18.875 147.675"
"7701434","2023-10-05T12:00:00Z",-18.975,147.675,"0.0",0,"25.02","0.26",0,2023-10-05,"10","2023",0,25.02,"-18.975 147.675"
"7718695","2023-10-12T12:00:00Z",-18.675,147.675,"0.0",0,"24.93","-0.25",0,2023-10-12,"10","2023",0,24.93,"-18.675 147.675"
"7718817","2023-10-12T12:00:00Z",-18.825,147.625,"0.0",0,"24.78","-0.35000000000000003",0,2023-10-12,"10","2023",0,24.78,"-18.825 147.625"
"7718858","2023-10-12T12:00:00Z",-18.875,147.625,"0.0",0,"24.76","-0.36",0,2023-10-12,"10","2023",0,24.76,"-18.875 147.625"
"7718859","2023-10-12T12:00:00Z",-18.875,147.675,"0.0",0,"24.78","-0.34",0,2023-10-12,"10","2023",0,24.78,"-18.875 147.675"
"7718941","2023-10-12T12:00:00Z",-18.975,147.675,"0.0",0,"24.76","-0.32",0,2023-10-12,"10","2023",0,24.76,"-18.975 147.675"
"7736202","2023-10-19T12:00:00Z",-18.675,147.675,"0.0",0,"25.18","-0.3",0,2023-10-19,"10","2023",0,25.18,"-18.675 147.675"
"7736324","2023-10-19T12:00:00Z",-18.825,147.625,"0.0",0,"25.11","-0.33",0,2023-10-19,"10","2023",0,25.11,"-18.825 147.625"
"7736365","2023-10-19T12:00:00Z",-18.875,147.625,"0.0",0,"25.080000000000002","-0.36",0,2023-10-19,"10","2023",0,25.08,"-18.875 147.625"
"7736366","2023-10-19T12:00:00Z",-18.875,147.675,"0.0",0,"25.07","-0.36",0,2023-10-19,"10","2023",0,25.07,"-18.875 147.675"
"7736448","2023-10-19T12:00:00Z",-18.975,147.675,"0.0",0,"25.04","-0.37",0,2023-10-19,"10","2023",0,25.04,"-18.975 147.675"
"7753709","2023-10-26T12:00:00Z",-18.675,147.675,"0.0",0,"25.84","0.06",0,2023-10-26,"10","2023",0,25.84,"-18.675 147.675"
"7753831","2023-10-26T12:00:00Z",-18.825,147.625,"0.0",0,"25.89","0.13",0,2023-10-26,"10","2023",0,25.89,"-18.825 147.625"
"7753872","2023-10-26T12:00:00Z",-18.875,147.625,"0.0",0,"25.900000000000002","0.14",0,2023-10-26,"10","2023",0,25.9,"-18.875 147.625"
"7753873","2023-10-26T12:00:00Z",-18.875,147.675,"0.0",0,"25.85","0.09",0,2023-10-26,"10","2023",0,25.85,"-18.875 147.675"
"7753955","2023-10-26T12:00:00Z",-18.975,147.675,"0.0",0,"25.89","0.14",0,2023-10-26,"10","2023",0,25.89,"-18.975 147.675"
"7771216","2023-11-02T12:00:00Z",-18.675,147.675,"0.0",0,"25.73","-0.36",0,2023-11-02,"11","2023",0,25.73,"-18.675 147.675"
"7771338","2023-11-02T12:00:00Z",-18.825,147.625,"0.0",0,"25.75","-0.33",0,2023-11-02,"11","2023",0,25.75,"-18.825 147.625"
"7771379","2023-11-02T12:00:00Z",-18.875,147.625,"0.0",0,"25.76","-0.33",0,2023-11-02,"11","2023",0,25.76,"-18.875 147.625"
"7771380","2023-11-02T12:00:00Z",-18.875,147.675,"0.0",0,"25.75","-0.33",0,2023-11-02,"11","2023",0,25.75,"-18.875 147.675"
"7771462","2023-11-02T12:00:00Z",-18.975,147.675,"0.0",0,"25.78","-0.31",0,2023-11-02,"11","2023",0,25.78,"-18.975 147.675"
"7788723","2023-11-09T12:00:00Z",-18.675,147.675,"0.0",0,"26.05","-0.35000000000000003",0,2023-11-09,"11","2023",0,26.05,"-18.675 147.675"
"7788845","2023-11-09T12:00:00Z",-18.825,147.625,"0.0",0,"26.080000000000002","-0.33",0,2023-11-09,"11","2023",0,26.08,"-18.825 147.625"
"7788886","2023-11-09T12:00:00Z",-18.875,147.625,"0.0",0,"26.09","-0.33",0,2023-11-09,"11","2023",0,26.09,"-18.875 147.625"
"7788887","2023-11-09T12:00:00Z",-18.875,147.675,"0.0",0,"26.080000000000002","-0.32",0,2023-11-09,"11","2023",0,26.08,"-18.875 147.675"
"7788969","2023-11-09T12:00:00Z",-18.975,147.675,"0.0",0,"26.12","-0.31",0,2023-11-09,"11","2023",0,26.12,"-18.975 147.675"
"7806230","2023-11-16T12:00:00Z",-18.675,147.675,"0.0",0,"26.55","-0.14",0,2023-11-16,"11","2023",0,26.55,"-18.675 147.675"
"7806352","2023-11-16T12:00:00Z",-18.825,147.625,"0.0",0,"26.59","-0.12",0,2023-11-16,"11","2023",0,26.59,"-18.825 147.625"
"7806393","2023-11-16T12:00:00Z",-18.875,147.625,"0.0",0,"26.6","-0.13",0,2023-11-16,"11","2023",0,26.6,"-18.875 147.625"
"7806394","2023-11-16T12:00:00Z",-18.875,147.675,"0.0",0,"26.57","-0.14",0,2023-11-16,"11","2023",0,26.57,"-18.875 147.675"
"7806476","2023-11-16T12:00:00Z",-18.975,147.675,"0.0",0,"26.580000000000002","-0.17",0,2023-11-16,"11","2023",0,26.58,"-18.975 147.675"
"7823737","2023-11-23T12:00:00Z",-18.675,147.675,"0.0",0,"26.76","-0.14",0,2023-11-23,"11","2023",0,26.76,"-18.675 147.675"
"7823859","2023-11-23T12:00:00Z",-18.825,147.625,"0.0",0,"26.67","-0.25",0,2023-11-23,"11","2023",0,26.67,"-18.825 147.625"
"7823900","2023-11-23T12:00:00Z",-18.875,147.625,"0.0",0,"26.66","-0.27",0,2023-11-23,"11","2023",0,26.66,"-18.875 147.625"
"7823901","2023-11-23T12:00:00Z",-18.875,147.675,"0.0",0,"26.66","-0.26",0,2023-11-23,"11","2023",0,26.66,"-18.875 147.675"
"7823983","2023-11-23T12:00:00Z",-18.975,147.675,"0.0",0,"26.66","-0.29",0,2023-11-23,"11","2023",0,26.66,"-18.975 147.675"
"7841244","2023-11-30T12:00:00Z",-18.675,147.675,"0.0",0,"27.39","0.28",0,2023-11-30,"11","2023",0,27.39,"-18.675 147.675"
"7841366","2023-11-30T12:00:00Z",-18.825,147.625,"0.0",0,"27.38","0.25",0,2023-11-30,"11","2023",0,27.38,"-18.825 147.625"
"7841407","2023-11-30T12:00:00Z",-18.875,147.625,"0.0",0,"27.400000000000002","0.26",0,2023-11-30,"11","2023",0,27.4,"-18.875 147.625"
"7841408","2023-11-30T12:00:00Z",-18.875,147.675,"0.0",0,"27.330000000000002","0.21",0,2023-11-30,"11","2023",0,27.33,"-18.875 147.675"
"7841490","2023-11-30T12:00:00Z",-18.975,147.675,"0.0",0,"27.43","0.28",0,2023-11-30,"11","2023",0,27.43,"-18.975 147.675"
"7858751","2023-12-07T12:00:00Z",-18.675,147.675,"0.0",0,"27.57","0.25",0,2023-12-07,"12","2023",0,27.57,"-18.675 147.675"
"7858873","2023-12-07T12:00:00Z",-18.825,147.625,"0.0",0,"27.580000000000002","0.25",0,2023-12-07,"12","2023",0,27.58,"-18.825 147.625"
"7858914","2023-12-07T12:00:00Z",-18.875,147.625,"0.0",0,"27.6","0.25",0,2023-12-07,"12","2023",0,27.6,"-18.875 147.625"
"7858915","2023-12-07T12:00:00Z",-18.875,147.675,"0.0",0,"27.580000000000002","0.25",0,2023-12-07,"12","2023",0,27.58,"-18.875 147.675"
"7858997","2023-12-07T12:00:00Z",-18.975,147.675,"0.0",0,"27.63","0.28",0,2023-12-07,"12","2023",0,27.63,"-18.975 147.675"
"7876258","2023-12-14T12:00:00Z",-18.675,147.675,"0.0",0,"27.310000000000002","-0.22",0,2023-12-14,"12","2023",0,27.31,"-18.675 147.675"
"7876380","2023-12-14T12:00:00Z",-18.825,147.625,"0.0",0,"27.28","-0.26",0,2023-12-14,"12","2023",0,27.28,"-18.825 147.625"
"7876421","2023-12-14T12:00:00Z",-18.875,147.625,"0.0",0,"27.29","-0.26",0,2023-12-14,"12","2023",0,27.29,"-18.875 147.625"
"7876422","2023-12-14T12:00:00Z",-18.875,147.675,"0.0",0,"27.28","-0.26",0,2023-12-14,"12","2023",0,27.28,"-18.875 147.675"
"7876504","2023-12-14T12:00:00Z",-18.975,147.675,"0.0",0,"27.310000000000002","-0.24",0,2023-12-14,"12","2023",0,27.31,"-18.975 147.675"
"7893765","2023-12-21T12:00:00Z",-18.675,147.675,"0.0",0,"27.39","-0.3",0,2023-12-21,"12","2023",0,27.39,"-18.675 147.675"
"7893887","2023-12-21T12:00:00Z",-18.825,147.625,"0.0",0,"27.34","-0.37",0,2023-12-21,"12","2023",0,27.34,"-18.825 147.625"
"7893928","2023-12-21T12:00:00Z",-18.875,147.625,"0.0",0,"27.35","-0.37",0,2023-12-21,"12","2023",0,27.35,"-18.875 147.625"
"7893929","2023-12-21T12:00:00Z",-18.875,147.675,"0.0",0,"27.330000000000002","-0.38",0,2023-12-21,"12","2023",0,27.33,"-18.875 147.675"
"7894011","2023-12-21T12:00:00Z",-18.975,147.675,"0.0",0,"27.38","-0.34",0,2023-12-21,"12","2023",0,27.38,"-18.975 147.675"
"7911272","2023-12-28T12:00:00Z",-18.675,147.675,"0.0",0,"28.45","0.6",0,2023-12-28,"12","2023",0,28.45,"-18.675 147.675"
"7911394","2023-12-28T12:00:00Z",-18.825,147.625,"0.0",0,"28.650000000000002","0.79",0,2023-12-28,"12","2023",0,28.65,"-18.825 147.625"
"7911435","2023-12-28T12:00:00Z",-18.875,147.625,"0.0",0,"28.66","0.79",0,2023-12-28,"12","2023",0,28.66,"-18.875 147.625"
"7911436","2023-12-28T12:00:00Z",-18.875,147.675,"0.0",0,"28.59","0.73",0,2023-12-28,"12","2023",0,28.59,"-18.875 147.675"
"7911518","2023-12-28T12:00:00Z",-18.975,147.675,"0.0",0,"28.67","0.8",0,2023-12-28,"12","2023",0,28.67,"-18.975 147.675"
"7928779","2024-01-04T12:00:00Z",-18.675,147.675,"0.33",0,"29.62","1.61",0,2024-01-04,"01","2024",0.33,29.62,"-18.675 147.675"
"7928901","2024-01-04T12:00:00Z",-18.825,147.625,"0.32",0,"29.61","1.59",0,2024-01-04,"01","2024",0.32,29.61,"-18.825 147.625"
"7928942","2024-01-04T12:00:00Z",-18.875,147.625,"0.32",0,"29.61","1.58",0,2024-01-04,"01","2024",0.32,29.61,"-18.875 147.625"
"7928943","2024-01-04T12:00:00Z",-18.875,147.675,"0.17",0,"29.580000000000002","1.56",0,2024-01-04,"01","2024",0.17,29.58,"-18.875 147.675"
"7929025","2024-01-04T12:00:00Z",-18.975,147.675,"0.17",0,"29.57","1.54",0,2024-01-04,"01","2024",0.17,29.57,"-18.975 147.675"
"7946286","2024-01-11T12:00:00Z",-18.675,147.675,"1.34",0,"29.53","1.37",0,2024-01-11,"01","2024",1.34,29.53,"-18.675 147.675"
"7946408","2024-01-11T12:00:00Z",-18.825,147.625,"1.12",0,"29.45","1.27",0,2024-01-11,"01","2024",1.12,29.45,"-18.825 147.625"
"7946449","2024-01-11T12:00:00Z",-18.875,147.625,"1.1",0,"29.43","1.24",0,2024-01-11,"01","2024",1.1,29.43,"-18.875 147.625"
"7946450","2024-01-11T12:00:00Z",-18.875,147.675,"0.8",0,"29.42","1.24",0,2024-01-11,"01","2024",0.8,29.42,"-18.875 147.675"
"7946532","2024-01-11T12:00:00Z",-18.975,147.675,"0.9400000000000001",0,"29.400000000000002","1.21",0,2024-01-11,"01","2024",0.94,29.4,"-18.975 147.675"
"7963793","2024-01-18T12:00:00Z",-18.675,147.675,"1.6400000000000001",0,"29.41","1.1500000000000001",0,2024-01-18,"01","2024",1.64,29.41,"-18.675 147.675"
"7963915","2024-01-18T12:00:00Z",-18.825,147.625,"1.12",0,"29.03","0.75",0,2024-01-18,"01","2024",1.12,29.03,"-18.825 147.625"
"7963956","2024-01-18T12:00:00Z",-18.875,147.625,"1.1",0,"28.96","0.67",0,2024-01-18,"01","2024",1.1,28.96,"-18.875 147.625"
"7963957","2024-01-18T12:00:00Z",-18.875,147.675,"0.8",0,"28.98","0.7000000000000001",0,2024-01-18,"01","2024",0.8,28.98,"-18.875 147.675"
"7964039","2024-01-18T12:00:00Z",-18.975,147.675,"0.9400000000000001",0,"28.900000000000002","0.61",0,2024-01-18,"01","2024",0.94,28.9,"-18.975 147.675"
"7981300","2024-01-25T12:00:00Z",-18.675,147.675,"2.69",0,"29.51","1.22",0,2024-01-25,"01","2024",2.69,29.51,"-18.675 147.675"
"7981422","2024-01-25T12:00:00Z",-18.825,147.625,"1.75",0,"29.400000000000002","1.09",0,2024-01-25,"01","2024",1.75,29.4,"-18.825 147.625"
"7981463","2024-01-25T12:00:00Z",-18.875,147.625,"1.41",0,"29.35","1.03",0,2024-01-25,"01","2024",1.41,29.35,"-18.875 147.625"
"7981464","2024-01-25T12:00:00Z",-18.875,147.675,"1.11",0,"29.35","1.04",0,2024-01-25,"01","2024",1.11,29.35,"-18.875 147.675"
"7981546","2024-01-25T12:00:00Z",-18.975,147.675,"1.09",0,"29.22","0.9",0,2024-01-25,"01","2024",1.09,29.22,"-18.975 147.675"
"7998807","2024-02-02T12:00:00Z",-18.675,147.675,"3.39",0,"29.48","1.16",0,2024-02-02,"02","2024",3.39,29.48,"-18.675 147.675"
"7998929","2024-02-02T12:00:00Z",-18.825,147.625,"2.61",0,"29.48","1.1400000000000001",0,2024-02-02,"02","2024",2.61,29.48,"-18.825 147.625"
"7998970","2024-02-02T12:00:00Z",-18.875,147.625,"2.29",0,"29.490000000000002","1.1400000000000001",0,2024-02-02,"02","2024",2.29,29.49,"-18.875 147.625"
"7998971","2024-02-02T12:00:00Z",-18.875,147.675,"1.96",0,"29.44","1.1",0,2024-02-02,"02","2024",1.96,29.44,"-18.875 147.675"
"7999053","2024-02-02T12:00:00Z",-18.975,147.675,"1.98",0,"29.47","1.12",0,2024-02-02,"02","2024",1.98,29.47,"-18.975 147.675"
"8016314","2024-02-09T12:00:00Z",-18.675,147.675,"4.78",0,"29.43","1.08",0,2024-02-09,"02","2024",4.78,29.43,"-18.675 147.675"
"8016436","2024-02-09T12:00:00Z",-18.825,147.625,"3.97",0,"29.44","1.07",0,2024-02-09,"02","2024",3.97,29.44,"-18.825 147.625"
"8016477","2024-02-09T12:00:00Z",-18.875,147.625,"3.65",0,"29.46","1.08",0,2024-02-09,"02","2024",3.65,29.46,"-18.875 147.625"
"8016478","2024-02-09T12:00:00Z",-18.875,147.675,"3.3000000000000003",0,"29.400000000000002","1.03",0,2024-02-09,"02","2024",3.3,29.4,"-18.875 147.675"
"8016560","2024-02-09T12:00:00Z",-18.975,147.675,"3.33",0,"29.44","1.06",0,2024-02-09,"02","2024",3.33,29.44,"-18.975 147.675"
"8033821","2024-02-16T12:00:00Z",-18.675,147.675,"5.5600000000000005",0,"29.46","1.11",0,2024-02-16,"02","2024",5.56,29.46,"-18.675 147.675"
"8033943","2024-02-16T12:00:00Z",-18.825,147.625,"4.2700000000000005",0,"29.35","0.98",0,2024-02-16,"02","2024",4.27,29.35,"-18.825 147.625"
"8033984","2024-02-16T12:00:00Z",-18.875,147.625,"3.95",0,"29.330000000000002","0.9500000000000001",0,2024-02-16,"02","2024",3.95,29.33,"-18.875 147.625"
"8033985","2024-02-16T12:00:00Z",-18.875,147.675,"3.6",0,"29.330000000000002","0.96",0,2024-02-16,"02","2024",3.6,29.33,"-18.875 147.675"
"8034067","2024-02-16T12:00:00Z",-18.975,147.675,"3.63",0,"29.330000000000002","0.9500000000000001",0,2024-02-16,"02","2024",3.63,29.33,"-18.975 147.675"
"8051328","2024-02-23T12:00:00Z",-18.675,147.675,"5.71",0,"29.02","0.78",0,2024-02-23,"02","2024",5.71,29.02,"-18.675 147.675"
"8051450","2024-02-23T12:00:00Z",-18.825,147.625,"4.2700000000000005",0,"28.89","0.65",0,2024-02-23,"02","2024",4.27,28.89,"-18.825 147.625"
"8051491","2024-02-23T12:00:00Z",-18.875,147.625,"3.95",0,"28.88","0.64",0,2024-02-23,"02","2024",3.95,28.88,"-18.875 147.625"
"8051492","2024-02-23T12:00:00Z",-18.875,147.675,"3.6",0,"28.88","0.65",0,2024-02-23,"02","2024",3.6,28.88,"-18.875 147.675"
"8051574","2024-02-23T12:00:00Z",-18.975,147.675,"3.63",0,"28.88","0.65",0,2024-02-23,"02","2024",3.63,28.88,"-18.975 147.675"
"8068835","2024-03-01T12:00:00Z",-18.675,147.675,"5.71",0,"28.93","0.81",0,2024-03-01,"03","2024",5.71,28.93,"-18.675 147.675"
"8068957","2024-03-01T12:00:00Z",-18.825,147.625,"4.2700000000000005",0,"28.8","0.6900000000000001",0,2024-03-01,"03","2024",4.27,28.8,"-18.825 147.625"
"8068998","2024-03-01T12:00:00Z",-18.875,147.625,"3.95",0,"28.77","0.67",0,2024-03-01,"03","2024",3.95,28.77,"-18.875 147.625"
"8068999","2024-03-01T12:00:00Z",-18.875,147.675,"3.6",0,"28.78","0.6900000000000001",0,2024-03-01,"03","2024",3.6,28.78,"-18.875 147.675"
"8069081","2024-03-01T12:00:00Z",-18.975,147.675,"3.63",0,"28.72","0.64",0,2024-03-01,"03","2024",3.63,28.72,"-18.975 147.675"
"8086342","2024-03-08T12:00:00Z",-18.675,147.675,"5.71",0,"28.96","0.9500000000000001",0,2024-03-08,"03","2024",5.71,28.96,"-18.675 147.675"
"8086464","2024-03-08T12:00:00Z",-18.825,147.625,"4.2700000000000005",0,"28.79","0.8200000000000001",0,2024-03-08,"03","2024",4.27,28.79,"-18.825 147.625"
"8086505","2024-03-08T12:00:00Z",-18.875,147.625,"3.95",0,"28.77","0.81",0,2024-03-08,"03","2024",3.95,28.77,"-18.875 147.625"
"8086506","2024-03-08T12:00:00Z",-18.875,147.675,"3.6",0,"28.79","0.84",0,2024-03-08,"03","2024",3.6,28.79,"-18.875 147.675"
"8086588","2024-03-08T12:00:00Z",-18.975,147.675,"3.63",0,"28.77","0.84",0,2024-03-08,"03","2024",3.63,28.77,"-18.975 147.675"
"8103849","2024-03-15T12:00:00Z",-18.675,147.675,"5.71",0,"28.97","1.08",0,2024-03-15,"03","2024",5.71,28.97,"-18.675 147.675"
"8103971","2024-03-15T12:00:00Z",-18.825,147.625,"4.2700000000000005",0,"28.86","1.02",0,2024-03-15,"03","2024",4.27,28.86,"-18.825 147.625"
"8104012","2024-03-15T12:00:00Z",-18.875,147.625,"3.95",0,"28.84","1.02",0,2024-03-15,"03","2024",3.95,28.84,"-18.875 147.625"
"8104013","2024-03-15T12:00:00Z",-18.875,147.675,"3.6",0,"28.830000000000002","1.02",0,2024-03-15,"03","2024",3.6,28.83,"-18.875 147.675"
"8104095","2024-03-15T12:00:00Z",-18.975,147.675,"3.63",0,"28.810000000000002","1.03",0,2024-03-15,"03","2024",3.63,28.81,"-18.975 147.675"
"8121356","2024-03-22T12:00:00Z",-18.675,147.675,"5.71",0,"28.5","0.8200000000000001",0,2024-03-22,"03","2024",5.71,28.5,"-18.675 147.675"
"8121478","2024-03-22T12:00:00Z",-18.825,147.625,"4.2700000000000005",0,"28.52","0.9",0,2024-03-22,"03","2024",4.27,28.52,"-18.825 147.625"
"8121519","2024-03-22T12:00:00Z",-18.875,147.625,"3.95",0,"28.51","0.91",0,2024-03-22,"03","2024",3.95,28.51,"-18.875 147.625"
"8121520","2024-03-22T12:00:00Z",-18.875,147.675,"3.6",0,"28.53","0.93",0,2024-03-22,"03","2024",3.6,28.53,"-18.875 147.675"
"8121602","2024-03-22T12:00:00Z",-18.975,147.675,"3.63",0,"28.51","0.9500000000000001",0,2024-03-22,"03","2024",3.63,28.51,"-18.975 147.675"
"8138863","2024-03-29T12:00:00Z",-18.675,147.675,"5.19",0,"28.67","1.2",0,2024-03-29,"03","2024",5.19,28.67,"-18.675 147.675"
"8138985","2024-03-29T12:00:00Z",-18.825,147.625,"3.7800000000000002",0,"28.6","1.19",0,2024-03-29,"03","2024",3.78,28.6,"-18.825 147.625"
"8139026","2024-03-29T12:00:00Z",-18.875,147.625,"3.47",0,"28.57","1.19",0,2024-03-29,"03","2024",3.47,28.57,"-18.875 147.625"
"8139027","2024-03-29T12:00:00Z",-18.875,147.675,"3.2600000000000002",0,"28.560000000000002","1.18",0,2024-03-29,"03","2024",3.26,28.56,"-18.875 147.675"
"8139109","2024-03-29T12:00:00Z",-18.975,147.675,"3.3000000000000003",0,"28.52","1.18",0,2024-03-29,"03","2024",3.3,28.52,"-18.975 147.675"
"8156370","2024-04-05T12:00:00Z",-18.675,147.675,"4.37",0,"28.400000000000002","1.1500000000000001",0,2024-04-05,"04","2024",4.37,28.4,"-18.675 147.675"
"8156492","2024-04-05T12:00:00Z",-18.825,147.625,"3.15",0,"28.39","1.2",0,2024-04-05,"04","2024",3.15,28.39,"-18.825 147.625"
"8156533","2024-04-05T12:00:00Z",-18.875,147.625,"2.85",0,"28.38","1.22",0,2024-04-05,"04","2024",2.85,28.38,"-18.875 147.625"
"8156534","2024-04-05T12:00:00Z",-18.875,147.675,"2.8000000000000003",0,"28.37","1.2",0,2024-04-05,"04","2024",2.8,28.37,"-18.875 147.675"
"8156616","2024-04-05T12:00:00Z",-18.975,147.675,"2.68",0,"28.36","1.24",0,2024-04-05,"04","2024",2.68,28.36,"-18.975 147.675"
"8173877","2024-04-12T12:00:00Z",-18.675,147.675,"4.07",0,"28.43","1.3900000000000001",0,2024-04-12,"04","2024",4.07,28.43,"-18.675 147.675"
"8173999","2024-04-12T12:00:00Z",-18.825,147.625,"3.15",0,"28.38","1.41",0,2024-04-12,"04","2024",3.15,28.38,"-18.825 147.625"
"8174040","2024-04-12T12:00:00Z",-18.875,147.625,"2.85",0,"28.36","1.42",0,2024-04-12,"04","2024",2.85,28.36,"-18.875 147.625"
"8174041","2024-04-12T12:00:00Z",-18.875,147.675,"2.8000000000000003",0,"28.36","1.41",0,2024-04-12,"04","2024",2.8,28.36,"-18.875 147.675"
"8174123","2024-04-12T12:00:00Z",-18.975,147.675,"2.68",0,"28.35","1.45",0,2024-04-12,"04","2024",2.68,28.35,"-18.975 147.675"
"8191384","2024-04-19T12:00:00Z",-18.675,147.675,"3.02",0,"28.41","1.62",0,2024-04-19,"04","2024",3.02,28.41,"-18.675 147.675"
"8191506","2024-04-19T12:00:00Z",-18.825,147.625,"2.52",0,"28.19","1.48",0,2024-04-19,"04","2024",2.52,28.19,"-18.825 147.625"
"8191547","2024-04-19T12:00:00Z",-18.875,147.625,"2.54",0,"28.13","1.45",0,2024-04-19,"04","2024",2.54,28.13,"-18.875 147.625"
"8191548","2024-04-19T12:00:00Z",-18.875,147.675,"2.49",0,"28.16","1.47",0,2024-04-19,"04","2024",2.49,28.16,"-18.875 147.675"
"8191630","2024-04-19T12:00:00Z",-18.975,147.675,"2.54",0,"28.080000000000002","1.44",0,2024-04-19,"04","2024",2.54,28.08,"-18.975 147.675"
"8208891","2024-04-26T12:00:00Z",-18.675,147.675,"2.32",0,"27.69","1.18",0,2024-04-26,"04","2024",2.32,27.69,"-18.675 147.675"
"8209013","2024-04-26T12:00:00Z",-18.825,147.625,"1.6600000000000001",0,"27.62","1.21",0,2024-04-26,"04","2024",1.66,27.62,"-18.825 147.625"
"8209054","2024-04-26T12:00:00Z",-18.875,147.625,"1.6600000000000001",0,"27.57","1.19",0,2024-04-26,"04","2024",1.66,27.57,"-18.875 147.625"
"8209055","2024-04-26T12:00:00Z",-18.875,147.675,"1.6300000000000001",0,"27.580000000000002","1.19",0,2024-04-26,"04","2024",1.63,27.58,"-18.875 147.675"
"8209137","2024-04-26T12:00:00Z",-18.975,147.675,"1.6400000000000001",0,"27.490000000000002","1.1500000000000001",0,2024-04-26,"04","2024",1.64,27.49,"-18.975 147.675"
"8226398","2024-05-03T12:00:00Z",-18.675,147.675,"0.93",0,"27.150000000000002","0.93",0,2024-05-03,"05","2024",0.93,27.15,"-18.675 147.675"
"8226520","2024-05-03T12:00:00Z",-18.825,147.625,"0.3",0,"27.05","0.93",0,2024-05-03,"05","2024",0.3,27.05,"-18.825 147.625"
"8226561","2024-05-03T12:00:00Z",-18.875,147.625,"0.3",0,"27.01","0.93",0,2024-05-03,"05","2024",0.3,27.01,"-18.875 147.625"
"8226562","2024-05-03T12:00:00Z",-18.875,147.675,"0.3",0,"27.03","0.93",0,2024-05-03,"05","2024",0.3,27.03,"-18.875 147.675"
"8226644","2024-05-03T12:00:00Z",-18.975,147.675,"0.3",0,"26.89","0.85",0,2024-05-03,"05","2024",0.3,26.89,"-18.975 147.675"
"8243905","2024-05-10T12:00:00Z",-18.675,147.675,"0.14",0,"26.86","0.92",0,2024-05-10,"05","2024",0.14,26.86,"-18.675 147.675"
"8244027","2024-05-10T12:00:00Z",-18.825,147.625,"0.0",0,"26.79","0.97",0,2024-05-10,"05","2024",0,26.79,"-18.825 147.625"
"8244068","2024-05-10T12:00:00Z",-18.875,147.625,"0.0",0,"26.77","0.99",0,2024-05-10,"05","2024",0,26.77,"-18.875 147.625"
"8244069","2024-05-10T12:00:00Z",-18.875,147.675,"0.0",0,"26.77","0.97",0,2024-05-10,"05","2024",0,26.77,"-18.875 147.675"
"8244151","2024-05-10T12:00:00Z",-18.975,147.675,"0.0",0,"26.73","1.0",0,2024-05-10,"05","2024",0,26.73,"-18.975 147.675"
"8261412","2024-05-17T12:00:00Z",-18.675,147.675,"0.0",0,"26.55","0.91",0,2024-05-17,"05","2024",0,26.55,"-18.675 147.675"
"8261534","2024-05-17T12:00:00Z",-18.825,147.625,"0.0",0,"26.47","0.96",0,2024-05-17,"05","2024",0,26.47,"-18.825 147.625"
"8261575","2024-05-17T12:00:00Z",-18.875,147.625,"0.0",0,"26.43","0.96",0,2024-05-17,"05","2024",0,26.43,"-18.875 147.625"
"8261576","2024-05-17T12:00:00Z",-18.875,147.675,"0.0",0,"26.45","0.96",0,2024-05-17,"05","2024",0,26.45,"-18.875 147.675"
"8261658","2024-05-17T12:00:00Z",-18.975,147.675,"0.0",0,"26.41","1.0",0,2024-05-17,"05","2024",0,26.41,"-18.975 147.675"
"8278919","2024-05-24T12:00:00Z",-18.675,147.675,"0.0",0,"26.11","0.81",0,2024-05-24,"05","2024",0,26.11,"-18.675 147.675"
"8279041","2024-05-24T12:00:00Z",-18.825,147.625,"0.0",0,"25.87","0.71",0,2024-05-24,"05","2024",0,25.87,"-18.825 147.625"
"8279082","2024-05-24T12:00:00Z",-18.875,147.625,"0.0",0,"25.8","0.6900000000000001",0,2024-05-24,"05","2024",0,25.8,"-18.875 147.625"
"8279083","2024-05-24T12:00:00Z",-18.875,147.675,"0.0",0,"25.87","0.74",0,2024-05-24,"05","2024",0,25.87,"-18.875 147.675"
"8279165","2024-05-24T12:00:00Z",-18.975,147.675,"0.0",0,"25.67","0.62",0,2024-05-24,"05","2024",0,25.67,"-18.975 147.675"
"8296426","2024-05-31T12:00:00Z",-18.675,147.675,"0.0",0,"25.55","0.58",0,2024-05-31,"05","2024",0,25.55,"-18.675 147.675"
"8296548","2024-05-31T12:00:00Z",-18.825,147.625,"0.0",0,"25.37","0.5700000000000001",0,2024-05-31,"05","2024",0,25.37,"-18.825 147.625"
"8296589","2024-05-31T12:00:00Z",-18.875,147.625,"0.0",0,"25.34","0.59",0,2024-05-31,"05","2024",0,25.34,"-18.875 147.625"
"8296590","2024-05-31T12:00:00Z",-18.875,147.675,"0.0",0,"25.39","0.61",0,2024-05-31,"05","2024",0,25.39,"-18.875 147.675"
"8296672","2024-05-31T12:00:00Z",-18.975,147.675,"0.0",0,"25.36","0.68",0,2024-05-31,"05","2024",0,25.36,"-18.975 147.675"
"8313933","2024-06-07T12:00:00Z",-18.675,147.675,"0.0",0,"25.34","0.71",0,2024-06-07,"06","2024",0,25.34,"-18.675 147.675"
"8314055","2024-06-07T12:00:00Z",-18.825,147.625,"0.0",0,"25.14","0.6900000000000001",0,2024-06-07,"06","2024",0,25.14,"-18.825 147.625"
"8314096","2024-06-07T12:00:00Z",-18.875,147.625,"0.0",0,"25.080000000000002","0.6900000000000001",0,2024-06-07,"06","2024",0,25.08,"-18.875 147.625"
"8314097","2024-06-07T12:00:00Z",-18.875,147.675,"0.0",0,"25.12","0.6900000000000001",0,2024-06-07,"06","2024",0,25.12,"-18.875 147.675"
"8314179","2024-06-07T12:00:00Z",-18.975,147.675,"0.0",0,"24.98","0.67",0,2024-06-07,"06","2024",0,24.98,"-18.975 147.675"
"8331440","2024-06-14T12:00:00Z",-18.675,147.675,"0.0",0,"25.02","0.73",0,2024-06-14,"06","2024",0,25.02,"-18.675 147.675"
"8331562","2024-06-14T12:00:00Z",-18.825,147.625,"0.0",0,"24.830000000000002","0.73",0,2024-06-14,"06","2024",0,24.83,"-18.825 147.625"
"8331603","2024-06-14T12:00:00Z",-18.875,147.625,"0.0",0,"24.78","0.75",0,2024-06-14,"06","2024",0,24.78,"-18.875 147.625"
"8331604","2024-06-14T12:00:00Z",-18.875,147.675,"0.0",0,"24.830000000000002","0.76",0,2024-06-14,"06","2024",0,24.83,"-18.875 147.675"
"8331686","2024-06-14T12:00:00Z",-18.975,147.675,"0.0",0,"24.73","0.79",0,2024-06-14,"06","2024",0,24.73,"-18.975 147.675"
"8348947","2024-06-21T12:00:00Z",-18.675,147.675,"0.0",0,"25.04","0.96",0,2024-06-21,"06","2024",0,25.04,"-18.675 147.675"
"8349069","2024-06-21T12:00:00Z",-18.825,147.625,"0.0",0,"24.89","1.01",0,2024-06-21,"06","2024",0,24.89,"-18.825 147.625"
"8349110","2024-06-21T12:00:00Z",-18.875,147.625,"0.0",0,"24.830000000000002","1.02",0,2024-06-21,"06","2024",0,24.83,"-18.875 147.625"
"8349111","2024-06-21T12:00:00Z",-18.875,147.675,"0.0",0,"24.87","1.02",0,2024-06-21,"06","2024",0,24.87,"-18.875 147.675"
"8349193","2024-06-21T12:00:00Z",-18.975,147.675,"0.0",0,"24.75","1.04",0,2024-06-21,"06","2024",0,24.75,"-18.975 147.675"
"8366454","2024-06-28T12:00:00Z",-18.675,147.675,"0.0",0,"25.18","1.28",0,2024-06-28,"06","2024",0,25.18,"-18.675 147.675"
"8366576","2024-06-28T12:00:00Z",-18.825,147.625,"0.0",0,"24.87","1.18",0,2024-06-28,"06","2024",0,24.87,"-18.825 147.625"
"8366617","2024-06-28T12:00:00Z",-18.875,147.625,"0.0",0,"24.8","1.19",0,2024-06-28,"06","2024",0,24.8,"-18.875 147.625"
"8366618","2024-06-28T12:00:00Z",-18.875,147.675,"0.0",0,"24.89","1.24",0,2024-06-28,"06","2024",0,24.89,"-18.875 147.675"
"8366700","2024-06-28T12:00:00Z",-18.975,147.675,"0.0",0,"24.72","1.22",0,2024-06-28,"06","2024",0,24.72,"-18.975 147.675"
"8383961","2024-07-08T12:00:00Z",-18.675,147.675,"0.0",0,"24.8","1.16",0,2024-07-08,"07","2024",0,24.8,"-18.675 147.675"
"8384083","2024-07-08T12:00:00Z",-18.825,147.625,"0.0",0,"24.490000000000002","1.08",0,2024-07-08,"07","2024",0,24.49,"-18.825 147.625"
"8384124","2024-07-08T12:00:00Z",-18.875,147.625,"0.0",0,"24.38","1.05",0,2024-07-08,"07","2024",0,24.38,"-18.875 147.625"
"8384125","2024-07-08T12:00:00Z",-18.875,147.675,"0.0",0,"24.42","1.05",0,2024-07-08,"07","2024",0,24.42,"-18.875 147.675"
"8384207","2024-07-08T12:00:00Z",-18.975,147.675,"0.0",0,"24.21","1.01",0,2024-07-08,"07","2024",0,24.21,"-18.975 147.675"
"8401468","2024-07-15T12:00:00Z",-18.675,147.675,"0.0",0,"24.61","1.1500000000000001",0,2024-07-15,"07","2024",0,24.61,"-18.675 147.675"
"8401590","2024-07-15T12:00:00Z",-18.825,147.625,"0.0",0,"24.51","1.29",0,2024-07-15,"07","2024",0,24.51,"-18.825 147.625"
"8401631","2024-07-15T12:00:00Z",-18.875,147.625,"0.0",0,"24.48","1.35",0,2024-07-15,"07","2024",0,24.48,"-18.875 147.625"
"8401632","2024-07-15T12:00:00Z",-18.875,147.675,"0.0",0,"24.45","1.28",0,2024-07-15,"07","2024",0,24.45,"-18.875 147.675"
"8401714","2024-07-15T12:00:00Z",-18.975,147.675,"0.0",0,"24.330000000000002","1.34",0,2024-07-15,"07","2024",0,24.33,"-18.975 147.675"
"8418975","2024-07-22T12:00:00Z",-18.675,147.675,"0.0",0,"24.2","0.75",0,2024-07-22,"07","2024",0,24.2,"-18.675 147.675"
"8419097","2024-07-22T12:00:00Z",-18.825,147.625,"0.0",0,"23.92","0.7000000000000001",0,2024-07-22,"07","2024",0,23.92,"-18.825 147.625"
"8419138","2024-07-22T12:00:00Z",-18.875,147.625,"0.0",0,"23.81","0.67",0,2024-07-22,"07","2024",0,23.81,"-18.875 147.625"
"8419139","2024-07-22T12:00:00Z",-18.875,147.675,"0.0",0,"23.86","0.6900000000000001",0,2024-07-22,"07","2024",0,23.86,"-18.875 147.675"
"8419221","2024-07-22T12:00:00Z",-18.975,147.675,"0.0",0,"23.67","0.67",0,2024-07-22,"07","2024",0,23.67,"-18.975 147.675"
"8436482","2024-07-30T12:00:00Z",-18.675,147.675,"0.0",0,"24.6","1.16",0,2024-07-30,"07","2024",0,24.6,"-18.675 147.675"
"8436604","2024-07-30T12:00:00Z",-18.825,147.625,"0.0",0,"24.27","1.05",0,2024-07-30,"07","2024",0,24.27,"-18.825 147.625"
"8436645","2024-07-30T12:00:00Z",-18.875,147.625,"0.0",0,"24.16","1.01",0,2024-07-30,"07","2024",0,24.16,"-18.875 147.625"
"8436646","2024-07-30T12:00:00Z",-18.875,147.675,"0.0",0,"24.21","1.04",0,2024-07-30,"07","2024",0,24.21,"-18.875 147.675"
"8436728","2024-07-30T12:00:00Z",-18.975,147.675,"0.0",0,"24.0","0.99",0,2024-07-30,"07","2024",0,24,"-18.975 147.675"
"8453989","2024-08-06T12:00:00Z",-18.675,147.675,"0.0",0,"23.97","0.54",0,2024-08-06,"08","2024",0,23.97,"-18.675 147.675"
"8454111","2024-08-06T12:00:00Z",-18.825,147.625,"0.0",0,"23.59","0.36",0,2024-08-06,"08","2024",0,23.59,"-18.825 147.625"
"8454152","2024-08-06T12:00:00Z",-18.875,147.625,"0.0",0,"23.47","0.31",0,2024-08-06,"08","2024",0,23.47,"-18.875 147.625"
"8454153","2024-08-06T12:00:00Z",-18.875,147.675,"0.0",0,"23.53","0.36",0,2024-08-06,"08","2024",0,23.53,"-18.875 147.675"
"8454235","2024-08-06T12:00:00Z",-18.975,147.675,"0.0",0,"23.29","0.26",0,2024-08-06,"08","2024",0,23.29,"-18.975 147.675"
"8471496","2024-08-13T12:00:00Z",-18.675,147.675,"0.0",0,"23.91","0.49",0,2024-08-13,"08","2024",0,23.91,"-18.675 147.675"
"8471618","2024-08-13T12:00:00Z",-18.825,147.625,"0.0",0,"23.59","0.36",0,2024-08-13,"08","2024",0,23.59,"-18.825 147.625"
"8471659","2024-08-13T12:00:00Z",-18.875,147.625,"0.0",0,"23.490000000000002","0.32",0,2024-08-13,"08","2024",0,23.49,"-18.875 147.625"
"8471660","2024-08-13T12:00:00Z",-18.875,147.675,"0.0",0,"23.54","0.37",0,2024-08-13,"08","2024",0,23.54,"-18.875 147.675"
"8471742","2024-08-13T12:00:00Z",-18.975,147.675,"0.0",0,"23.38","0.34",0,2024-08-13,"08","2024",0,23.38,"-18.975 147.675"
