"","time","latitude","longitude","CRW_DHW","CRW_DHW_mask","CRW_SST","CRW_SSTANOMALY","CRW_SSTANOMALY_mask","time2","month","year","dhw","sst","gridID"
"39616","2015-05-07T12:00:00Z",-20.125,150.275,"0.0",0,"26.78","1.1400000000000001",0,2015-05-07,"05","2015",0,26.78,"-20.125 150.275"
"40672","2015-05-07T12:00:00Z",-20.775,150.425,"0.16",0,"26.87","1.44",0,2015-05-07,"05","2015",0.16,26.87,"-20.775 150.425"
"40673","2015-05-07T12:00:00Z",-20.775,150.475,"0.16",0,"26.87","1.43",0,2015-05-07,"05","2015",0.16,26.87,"-20.775 150.475"
"40752","2015-05-07T12:00:00Z",-20.825,150.375,"0.31",0,"26.88","1.46",0,2015-05-07,"05","2015",0.31,26.88,"-20.825 150.375"
"40753","2015-05-07T12:00:00Z",-20.825,150.425,"0.3",0,"26.88","1.46",0,2015-05-07,"05","2015",0.3,26.88,"-20.825 150.425"
"40831","2015-05-07T12:00:00Z",-20.875,150.275,"0.33",0,"26.91","1.49",0,2015-05-07,"05","2015",0.33,26.91,"-20.875 150.275"
"44832","2015-05-07T12:00:00Z",-23.325,151.875,"0.0",0,"25.53","1.08",0,2015-05-07,"05","2015",0,25.53,"-23.325 151.875"
"45074","2015-05-07T12:00:00Z",-23.475,151.825,"0.0",0,"25.240000000000002","0.98",0,2015-05-07,"05","2015",0,25.24,"-23.475 151.825"
"45075","2015-05-07T12:00:00Z",-23.475,151.875,"0.0",0,"25.32","1.01",0,2015-05-07,"05","2015",0,25.32,"-23.475 151.875"
"45077","2015-05-07T12:00:00Z",-23.475,151.975,"0.0",0,"25.57","1.16",0,2015-05-07,"05","2015",0,25.57,"-23.475 151.975"
"85543","2015-05-14T12:00:00Z",-20.125,150.275,"0.0",0,"25.85","0.52",0,2015-05-14,"05","2015",0,25.85,"-20.125 150.275"
"86599","2015-05-14T12:00:00Z",-20.775,150.425,"0.16",0,"25.92","0.8200000000000001",0,2015-05-14,"05","2015",0.16,25.92,"-20.775 150.425"
"86600","2015-05-14T12:00:00Z",-20.775,150.475,"0.16",0,"25.92","0.81",0,2015-05-14,"05","2015",0.16,25.92,"-20.775 150.475"
"86679","2015-05-14T12:00:00Z",-20.825,150.375,"0.31",0,"25.91","0.8300000000000001",0,2015-05-14,"05","2015",0.31,25.91,"-20.825 150.375"
"86680","2015-05-14T12:00:00Z",-20.825,150.425,"0.3",0,"25.91","0.8300000000000001",0,2015-05-14,"05","2015",0.3,25.91,"-20.825 150.425"
"86758","2015-05-14T12:00:00Z",-20.875,150.275,"0.33",0,"25.900000000000002","0.8200000000000001",0,2015-05-14,"05","2015",0.33,25.9,"-20.875 150.275"
"90759","2015-05-14T12:00:00Z",-23.325,151.875,"0.0",0,"24.900000000000002","0.76",0,2015-05-14,"05","2015",0,24.9,"-23.325 151.875"
"91001","2015-05-14T12:00:00Z",-23.475,151.825,"0.0",0,"24.38","0.45",0,2015-05-14,"05","2015",0,24.38,"-23.475 151.825"
"91002","2015-05-14T12:00:00Z",-23.475,151.875,"0.0",0,"24.47","0.48",0,2015-05-14,"05","2015",0,24.47,"-23.475 151.875"
"91004","2015-05-14T12:00:00Z",-23.475,151.975,"0.0",0,"24.68","0.58",0,2015-05-14,"05","2015",0,24.68,"-23.475 151.975"
"131470","2015-05-21T12:00:00Z",-20.125,150.275,"0.0",0,"25.72","0.71",0,2015-05-21,"05","2015",0,25.72,"-20.125 150.275"
"132526","2015-05-21T12:00:00Z",-20.775,150.425,"0.16",0,"25.66","0.93",0,2015-05-21,"05","2015",0.16,25.66,"-20.775 150.425"
"132527","2015-05-21T12:00:00Z",-20.775,150.475,"0.16",0,"25.66","0.92",0,2015-05-21,"05","2015",0.16,25.66,"-20.775 150.475"
"132606","2015-05-21T12:00:00Z",-20.825,150.375,"0.31",0,"25.7","1.0",0,2015-05-21,"05","2015",0.31,25.7,"-20.825 150.375"
"132607","2015-05-21T12:00:00Z",-20.825,150.425,"0.3",0,"25.69","0.99",0,2015-05-21,"05","2015",0.3,25.69,"-20.825 150.425"
"132685","2015-05-21T12:00:00Z",-20.875,150.275,"0.33",0,"25.73","1.03",0,2015-05-21,"05","2015",0.33,25.73,"-20.875 150.275"
"136686","2015-05-21T12:00:00Z",-23.325,151.875,"0.0",0,"24.71","0.9",0,2015-05-21,"05","2015",0,24.71,"-23.325 151.875"
"136928","2015-05-21T12:00:00Z",-23.475,151.825,"0.0",0,"24.43","0.87",0,2015-05-21,"05","2015",0,24.43,"-23.475 151.825"
"136929","2015-05-21T12:00:00Z",-23.475,151.875,"0.0",0,"24.560000000000002","0.93",0,2015-05-21,"05","2015",0,24.56,"-23.475 151.875"
"136931","2015-05-21T12:00:00Z",-23.475,151.975,"0.0",0,"24.79","1.03",0,2015-05-21,"05","2015",0,24.79,"-23.475 151.975"
"177397","2015-05-28T12:00:00Z",-20.125,150.275,"0.0",0,"25.18","0.5",0,2015-05-28,"05","2015",0,25.18,"-20.125 150.275"
"178453","2015-05-28T12:00:00Z",-20.775,150.425,"0.16",0,"24.98","0.63",0,2015-05-28,"05","2015",0.16,24.98,"-20.775 150.425"
"178454","2015-05-28T12:00:00Z",-20.775,150.475,"0.16",0,"24.98","0.61",0,2015-05-28,"05","2015",0.16,24.98,"-20.775 150.475"
"178533","2015-05-28T12:00:00Z",-20.825,150.375,"0.16",0,"24.94","0.62",0,2015-05-28,"05","2015",0.16,24.94,"-20.825 150.375"
"178534","2015-05-28T12:00:00Z",-20.825,150.425,"0.16",0,"24.96","0.63",0,2015-05-28,"05","2015",0.16,24.96,"-20.825 150.425"
"178612","2015-05-28T12:00:00Z",-20.875,150.275,"0.17",0,"24.84","0.53",0,2015-05-28,"05","2015",0.17,24.84,"-20.875 150.275"
"182613","2015-05-28T12:00:00Z",-23.325,151.875,"0.0",0,"24.240000000000002","0.78",0,2015-05-28,"05","2015",0,24.24,"-23.325 151.875"
"182855","2015-05-28T12:00:00Z",-23.475,151.825,"0.0",0,"23.93","0.73",0,2015-05-28,"05","2015",0,23.93,"-23.475 151.825"
"182856","2015-05-28T12:00:00Z",-23.475,151.875,"0.0",0,"24.0","0.74",0,2015-05-28,"05","2015",0,24,"-23.475 151.875"
"182858","2015-05-28T12:00:00Z",-23.475,151.975,"0.0",0,"24.18","0.77",0,2015-05-28,"05","2015",0,24.18,"-23.475 151.975"
"223324","2015-06-04T12:00:00Z",-20.125,150.275,"0.0",0,"24.86","0.51",0,2015-06-04,"06","2015",0,24.86,"-20.125 150.275"
"224380","2015-06-04T12:00:00Z",-20.775,150.425,"0.0",0,"24.52","0.55",0,2015-06-04,"06","2015",0,24.52,"-20.775 150.425"
"224381","2015-06-04T12:00:00Z",-20.775,150.475,"0.0",0,"24.560000000000002","0.56",0,2015-06-04,"06","2015",0,24.56,"-20.775 150.475"
"224460","2015-06-04T12:00:00Z",-20.825,150.375,"0.0",0,"24.46","0.52",0,2015-06-04,"06","2015",0,24.46,"-20.825 150.375"
"224461","2015-06-04T12:00:00Z",-20.825,150.425,"0.0",0,"24.48","0.53",0,2015-06-04,"06","2015",0,24.48,"-20.825 150.425"
"224539","2015-06-04T12:00:00Z",-20.875,150.275,"0.0",0,"24.46","0.54",0,2015-06-04,"06","2015",0,24.46,"-20.875 150.275"
"228540","2015-06-04T12:00:00Z",-23.325,151.875,"0.0",0,"23.53","0.41000000000000003",0,2015-06-04,"06","2015",0,23.53,"-23.325 151.875"
"228782","2015-06-04T12:00:00Z",-23.475,151.825,"0.0",0,"23.13","0.3",0,2015-06-04,"06","2015",0,23.13,"-23.475 151.825"
"228783","2015-06-04T12:00:00Z",-23.475,151.875,"0.0",0,"23.19","0.29",0,2015-06-04,"06","2015",0,23.19,"-23.475 151.875"
"228785","2015-06-04T12:00:00Z",-23.475,151.975,"0.0",0,"23.38","0.32",0,2015-06-04,"06","2015",0,23.38,"-23.475 151.975"
"269251","2015-06-11T12:00:00Z",-20.125,150.275,"0.0",0,"24.44","0.42",0,2015-06-11,"06","2015",0,24.44,"-20.125 150.275"
"270307","2015-06-11T12:00:00Z",-20.775,150.425,"0.0",0,"24.3","0.7000000000000001",0,2015-06-11,"06","2015",0,24.3,"-20.775 150.425"
"270308","2015-06-11T12:00:00Z",-20.775,150.475,"0.0",0,"24.310000000000002","0.6900000000000001",0,2015-06-11,"06","2015",0,24.31,"-20.775 150.475"
"270387","2015-06-11T12:00:00Z",-20.825,150.375,"0.0",0,"24.27","0.71",0,2015-06-11,"06","2015",0,24.27,"-20.825 150.375"
"270388","2015-06-11T12:00:00Z",-20.825,150.425,"0.0",0,"24.28","0.71",0,2015-06-11,"06","2015",0,24.28,"-20.825 150.425"
"270466","2015-06-11T12:00:00Z",-20.875,150.275,"0.0",0,"24.18","0.65",0,2015-06-11,"06","2015",0,24.18,"-20.875 150.275"
"274467","2015-06-11T12:00:00Z",-23.325,151.875,"0.0",0,"23.23","0.45",0,2015-06-11,"06","2015",0,23.23,"-23.325 151.875"
"274709","2015-06-11T12:00:00Z",-23.475,151.825,"0.0",0,"22.830000000000002","0.37",0,2015-06-11,"06","2015",0,22.83,"-23.475 151.825"
"274710","2015-06-11T12:00:00Z",-23.475,151.875,"0.0",0,"22.95","0.41000000000000003",0,2015-06-11,"06","2015",0,22.95,"-23.475 151.875"
"274712","2015-06-11T12:00:00Z",-23.475,151.975,"0.0",0,"23.2","0.49",0,2015-06-11,"06","2015",0,23.2,"-23.475 151.975"
"315178","2015-06-18T12:00:00Z",-20.125,150.275,"0.0",0,"24.42","0.68",0,2015-06-18,"06","2015",0,24.42,"-20.125 150.275"
"316234","2015-06-18T12:00:00Z",-20.775,150.425,"0.0",0,"24.29","1.01",0,2015-06-18,"06","2015",0,24.29,"-20.775 150.425"
"316235","2015-06-18T12:00:00Z",-20.775,150.475,"0.0",0,"24.3","0.99",0,2015-06-18,"06","2015",0,24.3,"-20.775 150.475"
"316314","2015-06-18T12:00:00Z",-20.825,150.375,"0.0",0,"24.23","0.99",0,2015-06-18,"06","2015",0,24.23,"-20.825 150.375"
"316315","2015-06-18T12:00:00Z",-20.825,150.425,"0.0",0,"24.25","1.0",0,2015-06-18,"06","2015",0,24.25,"-20.825 150.425"
"316393","2015-06-18T12:00:00Z",-20.875,150.275,"0.0",0,"24.16","0.96",0,2015-06-18,"06","2015",0,24.16,"-20.875 150.275"
"320394","2015-06-18T12:00:00Z",-23.325,151.875,"0.0",0,"23.400000000000002","0.93",0,2015-06-18,"06","2015",0,23.4,"-23.325 151.875"
"320636","2015-06-18T12:00:00Z",-23.475,151.825,"0.0",0,"23.080000000000002","0.9400000000000001",0,2015-06-18,"06","2015",0,23.08,"-23.475 151.825"
"320637","2015-06-18T12:00:00Z",-23.475,151.875,"0.0",0,"23.2","0.98",0,2015-06-18,"06","2015",0,23.2,"-23.475 151.875"
"320639","2015-06-18T12:00:00Z",-23.475,151.975,"0.0",0,"23.48","1.08",0,2015-06-18,"06","2015",0,23.48,"-23.475 151.975"
"361105","2015-06-25T12:00:00Z",-20.125,150.275,"0.0",0,"24.18","0.66",0,2015-06-25,"06","2015",0,24.18,"-20.125 150.275"
"362161","2015-06-25T12:00:00Z",-20.775,150.425,"0.0",0,"23.82","0.77",0,2015-06-25,"06","2015",0,23.82,"-20.775 150.425"
"362162","2015-06-25T12:00:00Z",-20.775,150.475,"0.0",0,"23.84","0.76",0,2015-06-25,"06","2015",0,23.84,"-20.775 150.475"
"362241","2015-06-25T12:00:00Z",-20.825,150.375,"0.0",0,"23.77","0.77",0,2015-06-25,"06","2015",0,23.77,"-20.825 150.375"
"362242","2015-06-25T12:00:00Z",-20.825,150.425,"0.0",0,"23.79","0.78",0,2015-06-25,"06","2015",0,23.79,"-20.825 150.425"
"362320","2015-06-25T12:00:00Z",-20.875,150.275,"0.0",0,"23.7","0.75",0,2015-06-25,"06","2015",0,23.7,"-20.875 150.275"
"366321","2015-06-25T12:00:00Z",-23.325,151.875,"0.0",0,"23.150000000000002","0.93",0,2015-06-25,"06","2015",0,23.15,"-23.325 151.875"
"366563","2015-06-25T12:00:00Z",-23.475,151.825,"0.0",0,"22.830000000000002","0.96",0,2015-06-25,"06","2015",0,22.83,"-23.475 151.825"
"366564","2015-06-25T12:00:00Z",-23.475,151.875,"0.0",0,"22.87","0.92",0,2015-06-25,"06","2015",0,22.87,"-23.475 151.875"
"366566","2015-06-25T12:00:00Z",-23.475,151.975,"0.0",0,"23.04","0.91",0,2015-06-25,"06","2015",0,23.04,"-23.475 151.975"
"407032","2015-07-02T12:00:00Z",-20.125,150.275,"0.0",0,"23.93","0.63",0,2015-07-02,"07","2015",0,23.93,"-20.125 150.275"
"408088","2015-07-02T12:00:00Z",-20.775,150.425,"0.0",0,"23.48","0.67",0,2015-07-02,"07","2015",0,23.48,"-20.775 150.425"
"408089","2015-07-02T12:00:00Z",-20.775,150.475,"0.0",0,"23.51","0.66",0,2015-07-02,"07","2015",0,23.51,"-20.775 150.475"
"408168","2015-07-02T12:00:00Z",-20.825,150.375,"0.0",0,"23.39","0.63",0,2015-07-02,"07","2015",0,23.39,"-20.825 150.375"
"408169","2015-07-02T12:00:00Z",-20.825,150.425,"0.0",0,"23.42","0.64",0,2015-07-02,"07","2015",0,23.42,"-20.825 150.425"
"408247","2015-07-02T12:00:00Z",-20.875,150.275,"0.0",0,"23.3","0.6",0,2015-07-02,"07","2015",0,23.3,"-20.875 150.275"
"412248","2015-07-02T12:00:00Z",-23.325,151.875,"0.0",0,"23.16","1.19",0,2015-07-02,"07","2015",0,23.16,"-23.325 151.875"
"412490","2015-07-02T12:00:00Z",-23.475,151.825,"0.0",0,"22.82","1.21",0,2015-07-02,"07","2015",0,22.82,"-23.475 151.825"
"412491","2015-07-02T12:00:00Z",-23.475,151.875,"0.0",0,"22.92","1.23",0,2015-07-02,"07","2015",0,22.92,"-23.475 151.875"
"412493","2015-07-02T12:00:00Z",-23.475,151.975,"0.0",0,"23.18","1.31",0,2015-07-02,"07","2015",0,23.18,"-23.475 151.975"
"452959","2015-07-09T12:00:00Z",-20.125,150.275,"0.0",0,"23.580000000000002","0.49",0,2015-07-09,"07","2015",0,23.58,"-20.125 150.275"
"454015","2015-07-09T12:00:00Z",-20.775,150.425,"0.0",0,"22.91","0.33",0,2015-07-09,"07","2015",0,22.91,"-20.775 150.425"
"454016","2015-07-09T12:00:00Z",-20.775,150.475,"0.0",0,"22.97","0.35000000000000003",0,2015-07-09,"07","2015",0,22.97,"-20.775 150.475"
"454095","2015-07-09T12:00:00Z",-20.825,150.375,"0.0",0,"22.79","0.27",0,2015-07-09,"07","2015",0,22.79,"-20.825 150.375"
"454096","2015-07-09T12:00:00Z",-20.825,150.425,"0.0",0,"22.85","0.31",0,2015-07-09,"07","2015",0,22.85,"-20.825 150.425"
"454174","2015-07-09T12:00:00Z",-20.875,150.275,"0.0",0,"22.740000000000002","0.29",0,2015-07-09,"07","2015",0,22.74,"-20.875 150.275"
"458175","2015-07-09T12:00:00Z",-23.325,151.875,"0.0",0,"22.73","1.01",0,2015-07-09,"07","2015",0,22.73,"-23.325 151.875"
"458417","2015-07-09T12:00:00Z",-23.475,151.825,"0.0",0,"22.45","1.1",0,2015-07-09,"07","2015",0,22.45,"-23.475 151.825"
"458418","2015-07-09T12:00:00Z",-23.475,151.875,"0.0",0,"22.53","1.1",0,2015-07-09,"07","2015",0,22.53,"-23.475 151.875"
"458420","2015-07-09T12:00:00Z",-23.475,151.975,"0.0",0,"22.72","1.11",0,2015-07-09,"07","2015",0,22.72,"-23.475 151.975"
"498886","2015-07-16T12:00:00Z",-20.125,150.275,"0.0",0,"23.51","0.62",0,2015-07-16,"07","2015",0,23.51,"-20.125 150.275"
"499942","2015-07-16T12:00:00Z",-20.775,150.425,"0.0",0,"22.59","0.22",0,2015-07-16,"07","2015",0,22.59,"-20.775 150.425"
"499943","2015-07-16T12:00:00Z",-20.775,150.475,"0.0",0,"22.64","0.23",0,2015-07-16,"07","2015",0,22.64,"-20.775 150.475"
"500022","2015-07-16T12:00:00Z",-20.825,150.375,"0.0",0,"22.53","0.23",0,2015-07-16,"07","2015",0,22.53,"-20.825 150.375"
"500023","2015-07-16T12:00:00Z",-20.825,150.425,"0.0",0,"22.54","0.21",0,2015-07-16,"07","2015",0,22.54,"-20.825 150.425"
"500101","2015-07-16T12:00:00Z",-20.875,150.275,"0.0",0,"22.57","0.34",0,2015-07-16,"07","2015",0,22.57,"-20.875 150.275"
"504102","2015-07-16T12:00:00Z",-23.325,151.875,"0.0",0,"22.41","0.91",0,2015-07-16,"07","2015",0,22.41,"-23.325 151.875"
"504344","2015-07-16T12:00:00Z",-23.475,151.825,"0.0",0,"22.16","1.05",0,2015-07-16,"07","2015",0,22.16,"-23.475 151.825"
"504345","2015-07-16T12:00:00Z",-23.475,151.875,"0.0",0,"22.28","1.09",0,2015-07-16,"07","2015",0,22.28,"-23.475 151.875"
"504347","2015-07-16T12:00:00Z",-23.475,151.975,"0.0",0,"22.47","1.1",0,2015-07-16,"07","2015",0,22.47,"-23.475 151.975"
"544813","2015-07-23T12:00:00Z",-20.125,150.275,"0.0",0,"23.39","0.55",0,2015-07-23,"07","2015",0,23.39,"-20.125 150.275"
"545869","2015-07-23T12:00:00Z",-20.775,150.425,"0.0",0,"22.47","0.18",0,2015-07-23,"07","2015",0,22.47,"-20.775 150.425"
"545870","2015-07-23T12:00:00Z",-20.775,150.475,"0.0",0,"22.51","0.18",0,2015-07-23,"07","2015",0,22.51,"-20.775 150.475"
"545949","2015-07-23T12:00:00Z",-20.825,150.375,"0.0",0,"22.36","0.14",0,2015-07-23,"07","2015",0,22.36,"-20.825 150.375"
"545950","2015-07-23T12:00:00Z",-20.825,150.425,"0.0",0,"22.43","0.18",0,2015-07-23,"07","2015",0,22.43,"-20.825 150.425"
"546028","2015-07-23T12:00:00Z",-20.875,150.275,"0.0",0,"22.3","0.14",0,2015-07-23,"07","2015",0,22.3,"-20.875 150.275"
"550029","2015-07-23T12:00:00Z",-23.325,151.875,"0.0",0,"22.19","0.78",0,2015-07-23,"07","2015",0,22.19,"-23.325 151.875"
"550271","2015-07-23T12:00:00Z",-23.475,151.825,"0.0",0,"21.990000000000002","0.96",0,2015-07-23,"07","2015",0,21.99,"-23.475 151.825"
"550272","2015-07-23T12:00:00Z",-23.475,151.875,"0.0",0,"22.02","0.91",0,2015-07-23,"07","2015",0,22.02,"-23.475 151.875"
"550274","2015-07-23T12:00:00Z",-23.475,151.975,"0.0",0,"22.18","0.9",0,2015-07-23,"07","2015",0,22.18,"-23.475 151.975"
"590740","2015-07-30T12:00:00Z",-20.125,150.275,"0.0",0,"23.19","0.41000000000000003",0,2015-07-30,"07","2015",0,23.19,"-20.125 150.275"
"591796","2015-07-30T12:00:00Z",-20.775,150.425,"0.0",0,"22.72","0.51",0,2015-07-30,"07","2015",0,22.72,"-20.775 150.425"
"591797","2015-07-30T12:00:00Z",-20.775,150.475,"0.0",0,"22.78","0.53",0,2015-07-30,"07","2015",0,22.78,"-20.775 150.475"
"591876","2015-07-30T12:00:00Z",-20.825,150.375,"0.0",0,"22.63","0.48",0,2015-07-30,"07","2015",0,22.63,"-20.825 150.375"
"591877","2015-07-30T12:00:00Z",-20.825,150.425,"0.0",0,"22.71","0.54",0,2015-07-30,"07","2015",0,22.71,"-20.825 150.425"
"591955","2015-07-30T12:00:00Z",-20.875,150.275,"0.0",0,"22.46","0.37",0,2015-07-30,"07","2015",0,22.46,"-20.875 150.275"
"595956","2015-07-30T12:00:00Z",-23.325,151.875,"0.0",0,"21.86","0.54",0,2015-07-30,"07","2015",0,21.86,"-23.325 151.875"
"596198","2015-07-30T12:00:00Z",-23.475,151.825,"0.0",0,"21.57","0.61",0,2015-07-30,"07","2015",0,21.57,"-23.475 151.825"
"596199","2015-07-30T12:00:00Z",-23.475,151.875,"0.0",0,"21.63","0.6",0,2015-07-30,"07","2015",0,21.63,"-23.475 151.875"
"596201","2015-07-30T12:00:00Z",-23.475,151.975,"0.0",0,"21.79","0.59",0,2015-07-30,"07","2015",0,21.79,"-23.475 151.975"
"636667","2015-08-06T12:00:00Z",-20.125,150.275,"0.0",0,"23.19","0.47000000000000003",0,2015-08-06,"08","2015",0,23.19,"-20.125 150.275"
"637723","2015-08-06T12:00:00Z",-20.775,150.425,"0.0",0,"22.51","0.38",0,2015-08-06,"08","2015",0,22.51,"-20.775 150.425"
"637724","2015-08-06T12:00:00Z",-20.775,150.475,"0.0",0,"22.59","0.42",0,2015-08-06,"08","2015",0,22.59,"-20.775 150.475"
"637803","2015-08-06T12:00:00Z",-20.825,150.375,"0.0",0,"22.39","0.32",0,2015-08-06,"08","2015",0,22.39,"-20.825 150.375"
"637804","2015-08-06T12:00:00Z",-20.825,150.425,"0.0",0,"22.44","0.35000000000000003",0,2015-08-06,"08","2015",0,22.44,"-20.825 150.425"
"637882","2015-08-06T12:00:00Z",-20.875,150.275,"0.0",0,"22.32","0.31",0,2015-08-06,"08","2015",0,22.32,"-20.875 150.275"
"641883","2015-08-06T12:00:00Z",-23.325,151.875,"0.0",0,"21.57","0.34",0,2015-08-06,"08","2015",0,21.57,"-23.325 151.875"
"642125","2015-08-06T12:00:00Z",-23.475,151.825,"0.0",0,"21.22","0.34",0,2015-08-06,"08","2015",0,21.22,"-23.475 151.825"
"642126","2015-08-06T12:00:00Z",-23.475,151.875,"0.0",0,"21.25","0.31",0,2015-08-06,"08","2015",0,21.25,"-23.475 151.875"
"642128","2015-08-06T12:00:00Z",-23.475,151.975,"0.0",0,"21.36","0.24",0,2015-08-06,"08","2015",0,21.36,"-23.475 151.975"
"682594","2015-08-13T12:00:00Z",-20.125,150.275,"0.0",0,"23.28","0.61",0,2015-08-13,"08","2015",0,23.28,"-20.125 150.275"
"683650","2015-08-13T12:00:00Z",-20.775,150.425,"0.0",0,"22.56","0.51",0,2015-08-13,"08","2015",0,22.56,"-20.775 150.425"
"683651","2015-08-13T12:00:00Z",-20.775,150.475,"0.0",0,"22.61","0.52",0,2015-08-13,"08","2015",0,22.61,"-20.775 150.475"
"683730","2015-08-13T12:00:00Z",-20.825,150.375,"0.0",0,"22.44","0.45",0,2015-08-13,"08","2015",0,22.44,"-20.825 150.375"
"683731","2015-08-13T12:00:00Z",-20.825,150.425,"0.0",0,"22.48","0.47000000000000003",0,2015-08-13,"08","2015",0,22.48,"-20.825 150.425"
"683809","2015-08-13T12:00:00Z",-20.875,150.275,"0.0",0,"22.34","0.4",0,2015-08-13,"08","2015",0,22.34,"-20.875 150.275"
"687810","2015-08-13T12:00:00Z",-23.325,151.875,"0.0",0,"21.84","0.7000000000000001",0,2015-08-13,"08","2015",0,21.84,"-23.325 151.875"
"688052","2015-08-13T12:00:00Z",-23.475,151.825,"0.0",0,"21.47","0.67",0,2015-08-13,"08","2015",0,21.47,"-23.475 151.825"
"688053","2015-08-13T12:00:00Z",-23.475,151.875,"0.0",0,"21.56","0.7000000000000001",0,2015-08-13,"08","2015",0,21.56,"-23.475 151.875"
"688055","2015-08-13T12:00:00Z",-23.475,151.975,"0.0",0,"21.81","0.78",0,2015-08-13,"08","2015",0,21.81,"-23.475 151.975"
"728521","2015-08-20T12:00:00Z",-20.125,150.275,"0.0",0,"22.84","0.1",0,2015-08-20,"08","2015",0,22.84,"-20.125 150.275"
"729577","2015-08-20T12:00:00Z",-20.775,150.425,"0.0",0,"22.34","0.2",0,2015-08-20,"08","2015",0,22.34,"-20.775 150.425"
"729578","2015-08-20T12:00:00Z",-20.775,150.475,"0.0",0,"22.43","0.25",0,2015-08-20,"08","2015",0,22.43,"-20.775 150.475"
"729657","2015-08-20T12:00:00Z",-20.825,150.375,"0.0",0,"22.17","0.08",0,2015-08-20,"08","2015",0,22.17,"-20.825 150.375"
"729658","2015-08-20T12:00:00Z",-20.825,150.425,"0.0",0,"22.25","0.15",0,2015-08-20,"08","2015",0,22.25,"-20.825 150.425"
"729736","2015-08-20T12:00:00Z",-20.875,150.275,"0.0",0,"22.12","0.07",0,2015-08-20,"08","2015",0,22.12,"-20.875 150.275"
"733737","2015-08-20T12:00:00Z",-23.325,151.875,"0.0",0,"21.86","0.68",0,2015-08-20,"08","2015",0,21.86,"-23.325 151.875"
"733979","2015-08-20T12:00:00Z",-23.475,151.825,"0.0",0,"21.32","0.45",0,2015-08-20,"08","2015",0,21.32,"-23.475 151.825"
"733980","2015-08-20T12:00:00Z",-23.475,151.875,"0.0",0,"21.44","0.51",0,2015-08-20,"08","2015",0,21.44,"-23.475 151.875"
"733982","2015-08-20T12:00:00Z",-23.475,151.975,"0.0",0,"21.75","0.67",0,2015-08-20,"08","2015",0,21.75,"-23.475 151.975"
"774448","2015-08-27T12:00:00Z",-20.125,150.275,"0.0",0,"23.87","1.0",0,2015-08-27,"08","2015",0,23.87,"-20.125 150.275"
"775504","2015-08-27T12:00:00Z",-20.775,150.425,"0.0",0,"23.16","0.86",0,2015-08-27,"08","2015",0,23.16,"-20.775 150.425"
"775505","2015-08-27T12:00:00Z",-20.775,150.475,"0.0",0,"23.18","0.85",0,2015-08-27,"08","2015",0,23.18,"-20.775 150.475"
"775584","2015-08-27T12:00:00Z",-20.825,150.375,"0.0",0,"23.11","0.85",0,2015-08-27,"08","2015",0,23.11,"-20.825 150.375"
"775585","2015-08-27T12:00:00Z",-20.825,150.425,"0.0",0,"23.11","0.85",0,2015-08-27,"08","2015",0,23.11,"-20.825 150.425"
"775663","2015-08-27T12:00:00Z",-20.875,150.275,"0.0",0,"23.17","0.9400000000000001",0,2015-08-27,"08","2015",0,23.17,"-20.875 150.275"
"779664","2015-08-27T12:00:00Z",-23.325,151.875,"0.0",0,"22.41","1.1400000000000001",0,2015-08-27,"08","2015",0,22.41,"-23.325 151.875"
"779906","2015-08-27T12:00:00Z",-23.475,151.825,"0.0",0,"22.31","1.31",0,2015-08-27,"08","2015",0,22.31,"-23.475 151.825"
"779907","2015-08-27T12:00:00Z",-23.475,151.875,"0.0",0,"22.32","1.27",0,2015-08-27,"08","2015",0,22.32,"-23.475 151.875"
"779909","2015-08-27T12:00:00Z",-23.475,151.975,"0.0",0,"22.37","1.2",0,2015-08-27,"08","2015",0,22.37,"-23.475 151.975"
"820375","2015-09-03T12:00:00Z",-20.125,150.275,"0.0",0,"24.05","1.06",0,2015-09-03,"09","2015",0,24.05,"-20.125 150.275"
"821431","2015-09-03T12:00:00Z",-20.775,150.425,"0.0",0,"23.400000000000002","0.9400000000000001",0,2015-09-03,"09","2015",0,23.4,"-20.775 150.425"
"821432","2015-09-03T12:00:00Z",-20.775,150.475,"0.0",0,"23.42","0.9400000000000001",0,2015-09-03,"09","2015",0,23.42,"-20.775 150.475"
"821511","2015-09-03T12:00:00Z",-20.825,150.375,"0.0",0,"23.34","0.92",0,2015-09-03,"09","2015",0,23.34,"-20.825 150.375"
"821512","2015-09-03T12:00:00Z",-20.825,150.425,"0.0",0,"23.34","0.91",0,2015-09-03,"09","2015",0,23.34,"-20.825 150.425"
"821590","2015-09-03T12:00:00Z",-20.875,150.275,"0.0",0,"23.330000000000002","0.92",0,2015-09-03,"09","2015",0,23.33,"-20.875 150.275"
"825591","2015-09-03T12:00:00Z",-23.325,151.875,"0.0",0,"22.06","0.6900000000000001",0,2015-09-03,"09","2015",0,22.06,"-23.325 151.875"
"825833","2015-09-03T12:00:00Z",-23.475,151.825,"0.0",0,"22.05","0.92",0,2015-09-03,"09","2015",0,22.05,"-23.475 151.825"
"825834","2015-09-03T12:00:00Z",-23.475,151.875,"0.0",0,"22.07","0.91",0,2015-09-03,"09","2015",0,22.07,"-23.475 151.875"
"825836","2015-09-03T12:00:00Z",-23.475,151.975,"0.0",0,"22.14","0.87",0,2015-09-03,"09","2015",0,22.14,"-23.475 151.975"
"866302","2015-09-10T12:00:00Z",-20.125,150.275,"0.0",0,"23.73","0.61",0,2015-09-10,"09","2015",0,23.73,"-20.125 150.275"
"867358","2015-09-10T12:00:00Z",-20.775,150.425,"0.0",0,"23.28","0.66",0,2015-09-10,"09","2015",0,23.28,"-20.775 150.425"
"867359","2015-09-10T12:00:00Z",-20.775,150.475,"0.0",0,"23.32","0.6900000000000001",0,2015-09-10,"09","2015",0,23.32,"-20.775 150.475"
"867438","2015-09-10T12:00:00Z",-20.825,150.375,"0.0",0,"23.2","0.61",0,2015-09-10,"09","2015",0,23.2,"-20.825 150.375"
"867439","2015-09-10T12:00:00Z",-20.825,150.425,"0.0",0,"23.23","0.64",0,2015-09-10,"09","2015",0,23.23,"-20.825 150.425"
"867517","2015-09-10T12:00:00Z",-20.875,150.275,"0.0",0,"23.17","0.58",0,2015-09-10,"09","2015",0,23.17,"-20.875 150.275"
"871518","2015-09-10T12:00:00Z",-23.325,151.875,"0.0",0,"22.17","0.71",0,2015-09-10,"09","2015",0,22.17,"-23.325 151.875"
"871760","2015-09-10T12:00:00Z",-23.475,151.825,"0.0",0,"21.900000000000002","0.64",0,2015-09-10,"09","2015",0,21.9,"-23.475 151.825"
"871761","2015-09-10T12:00:00Z",-23.475,151.875,"0.0",0,"22.03","0.75",0,2015-09-10,"09","2015",0,22.03,"-23.475 151.875"
"871763","2015-09-10T12:00:00Z",-23.475,151.975,"0.0",0,"22.45","1.09",0,2015-09-10,"09","2015",0,22.45,"-23.475 151.975"
"912229","2015-09-17T12:00:00Z",-20.125,150.275,"0.0",0,"24.09","0.8",0,2015-09-17,"09","2015",0,24.09,"-20.125 150.275"
"913285","2015-09-17T12:00:00Z",-20.775,150.425,"0.0",0,"23.59","0.76",0,2015-09-17,"09","2015",0,23.59,"-20.775 150.425"
"913286","2015-09-17T12:00:00Z",-20.775,150.475,"0.0",0,"23.63","0.79",0,2015-09-17,"09","2015",0,23.63,"-20.775 150.475"
"913365","2015-09-17T12:00:00Z",-20.825,150.375,"0.0",0,"23.55","0.73",0,2015-09-17,"09","2015",0,23.55,"-20.825 150.375"
"913366","2015-09-17T12:00:00Z",-20.825,150.425,"0.0",0,"23.57","0.76",0,2015-09-17,"09","2015",0,23.57,"-20.825 150.425"
"913444","2015-09-17T12:00:00Z",-20.875,150.275,"0.0",0,"23.5","0.67",0,2015-09-17,"09","2015",0,23.5,"-20.875 150.275"
"917445","2015-09-17T12:00:00Z",-23.325,151.875,"0.0",0,"22.93","1.31",0,2015-09-17,"09","2015",0,22.93,"-23.325 151.875"
"917687","2015-09-17T12:00:00Z",-23.475,151.825,"0.0",0,"22.66","1.21",0,2015-09-17,"09","2015",0,22.66,"-23.475 151.825"
"917688","2015-09-17T12:00:00Z",-23.475,151.875,"0.0",0,"22.73","1.26",0,2015-09-17,"09","2015",0,22.73,"-23.475 151.875"
"917690","2015-09-17T12:00:00Z",-23.475,151.975,"0.0",0,"22.95","1.43",0,2015-09-17,"09","2015",0,22.95,"-23.475 151.975"
"958156","2015-09-24T12:00:00Z",-20.125,150.275,"0.0",0,"24.11","0.52",0,2015-09-24,"09","2015",0,24.11,"-20.125 150.275"
"959212","2015-09-24T12:00:00Z",-20.775,150.425,"0.0",0,"23.57","0.37",0,2015-09-24,"09","2015",0,23.57,"-20.775 150.425"
"959213","2015-09-24T12:00:00Z",-20.775,150.475,"0.0",0,"23.6","0.4",0,2015-09-24,"09","2015",0,23.6,"-20.775 150.475"
"959292","2015-09-24T12:00:00Z",-20.825,150.375,"0.0",0,"23.5","0.31",0,2015-09-24,"09","2015",0,23.5,"-20.825 150.375"
"959293","2015-09-24T12:00:00Z",-20.825,150.425,"0.0",0,"23.53","0.35000000000000003",0,2015-09-24,"09","2015",0,23.53,"-20.825 150.425"
"959371","2015-09-24T12:00:00Z",-20.875,150.275,"0.0",0,"23.490000000000002","0.29",0,2015-09-24,"09","2015",0,23.49,"-20.875 150.275"
"963372","2015-09-24T12:00:00Z",-23.325,151.875,"0.0",0,"22.66","0.74",0,2015-09-24,"09","2015",0,22.66,"-23.325 151.875"
"963614","2015-09-24T12:00:00Z",-23.475,151.825,"0.0",0,"22.46","0.67",0,2015-09-24,"09","2015",0,22.46,"-23.475 151.825"
"963615","2015-09-24T12:00:00Z",-23.475,151.875,"0.0",0,"22.5","0.7000000000000001",0,2015-09-24,"09","2015",0,22.5,"-23.475 151.875"
"963617","2015-09-24T12:00:00Z",-23.475,151.975,"0.0",0,"22.61","0.77",0,2015-09-24,"09","2015",0,22.61,"-23.475 151.975"
"1004083","2015-10-01T12:00:00Z",-20.125,150.275,"0.0",0,"24.26","0.38",0,2015-10-01,"10","2015",0,24.26,"-20.125 150.275"
"1005139","2015-10-01T12:00:00Z",-20.775,150.425,"0.0",0,"23.76","0.2",0,2015-10-01,"10","2015",0,23.76,"-20.775 150.425"
"1005140","2015-10-01T12:00:00Z",-20.775,150.475,"0.0",0,"23.8","0.23",0,2015-10-01,"10","2015",0,23.8,"-20.775 150.475"
"1005219","2015-10-01T12:00:00Z",-20.825,150.375,"0.0",0,"23.71","0.15",0,2015-10-01,"10","2015",0,23.71,"-20.825 150.375"
"1005220","2015-10-01T12:00:00Z",-20.825,150.425,"0.0",0,"23.73","0.18",0,2015-10-01,"10","2015",0,23.73,"-20.825 150.425"
"1005298","2015-10-01T12:00:00Z",-20.875,150.275,"0.0",0,"23.68","0.1",0,2015-10-01,"10","2015",0,23.68,"-20.875 150.275"
"1009299","2015-10-01T12:00:00Z",-23.325,151.875,"0.0",0,"22.67","0.45",0,2015-10-01,"10","2015",0,22.67,"-23.325 151.875"
"1009541","2015-10-01T12:00:00Z",-23.475,151.825,"0.0",0,"22.55","0.42",0,2015-10-01,"10","2015",0,22.55,"-23.475 151.825"
"1009542","2015-10-01T12:00:00Z",-23.475,151.875,"0.0",0,"22.61","0.47000000000000003",0,2015-10-01,"10","2015",0,22.61,"-23.475 151.875"
"1009544","2015-10-01T12:00:00Z",-23.475,151.975,"0.0",0,"22.8","0.63",0,2015-10-01,"10","2015",0,22.8,"-23.475 151.975"
"1050010","2015-10-08T12:00:00Z",-20.125,150.275,"0.0",0,"23.98","-0.2",0,2015-10-08,"10","2015",0,23.98,"-20.125 150.275"
"1051066","2015-10-08T12:00:00Z",-20.775,150.425,"0.0",0,"23.69","-0.24",0,2015-10-08,"10","2015",0,23.69,"-20.775 150.425"
"1051067","2015-10-08T12:00:00Z",-20.775,150.475,"0.0",0,"23.71","-0.22",0,2015-10-08,"10","2015",0,23.71,"-20.775 150.475"
"1051146","2015-10-08T12:00:00Z",-20.825,150.375,"0.0",0,"23.650000000000002","-0.28",0,2015-10-08,"10","2015",0,23.65,"-20.825 150.375"
"1051147","2015-10-08T12:00:00Z",-20.825,150.425,"0.0",0,"23.67","-0.25",0,2015-10-08,"10","2015",0,23.67,"-20.825 150.425"
"1051225","2015-10-08T12:00:00Z",-20.875,150.275,"0.0",0,"23.61","-0.34",0,2015-10-08,"10","2015",0,23.61,"-20.875 150.275"
"1055226","2015-10-08T12:00:00Z",-23.325,151.875,"0.0",0,"22.98","0.46",0,2015-10-08,"10","2015",0,22.98,"-23.325 151.875"
"1055468","2015-10-08T12:00:00Z",-23.475,151.825,"0.0",0,"22.91","0.44",0,2015-10-08,"10","2015",0,22.91,"-23.475 151.825"
"1055469","2015-10-08T12:00:00Z",-23.475,151.875,"0.0",0,"22.92","0.45",0,2015-10-08,"10","2015",0,22.92,"-23.475 151.875"
"1055471","2015-10-08T12:00:00Z",-23.475,151.975,"0.0",0,"22.95","0.46",0,2015-10-08,"10","2015",0,22.95,"-23.475 151.975"
"1095937","2015-10-15T12:00:00Z",-20.125,150.275,"0.0",0,"24.23","-0.24",0,2015-10-15,"10","2015",0,24.23,"-20.125 150.275"
"1096993","2015-10-15T12:00:00Z",-20.775,150.425,"0.0",0,"23.93","-0.36",0,2015-10-15,"10","2015",0,23.93,"-20.775 150.425"
"1096994","2015-10-15T12:00:00Z",-20.775,150.475,"0.0",0,"23.95","-0.34",0,2015-10-15,"10","2015",0,23.95,"-20.775 150.475"
"1097073","2015-10-15T12:00:00Z",-20.825,150.375,"0.0",0,"23.87","-0.43",0,2015-10-15,"10","2015",0,23.87,"-20.825 150.375"
"1097074","2015-10-15T12:00:00Z",-20.825,150.425,"0.0",0,"23.88","-0.41000000000000003",0,2015-10-15,"10","2015",0,23.88,"-20.825 150.425"
"1097152","2015-10-15T12:00:00Z",-20.875,150.275,"0.0",0,"23.84","-0.49",0,2015-10-15,"10","2015",0,23.84,"-20.875 150.275"
"1101153","2015-10-15T12:00:00Z",-23.325,151.875,"0.0",0,"22.98","0.16",0,2015-10-15,"10","2015",0,22.98,"-23.325 151.875"
"1101395","2015-10-15T12:00:00Z",-23.475,151.825,"0.0",0,"22.98","0.17",0,2015-10-15,"10","2015",0,22.98,"-23.475 151.825"
"1101396","2015-10-15T12:00:00Z",-23.475,151.875,"0.0",0,"22.990000000000002","0.18",0,2015-10-15,"10","2015",0,22.99,"-23.475 151.875"
"1101398","2015-10-15T12:00:00Z",-23.475,151.975,"0.0",0,"23.01","0.2",0,2015-10-15,"10","2015",0,23.01,"-23.475 151.975"
"1141864","2015-10-22T12:00:00Z",-20.125,150.275,"0.0",0,"24.7","-0.09",0,2015-10-22,"10","2015",0,24.7,"-20.125 150.275"
"1142920","2015-10-22T12:00:00Z",-20.775,150.425,"0.0",0,"24.17","-0.48",0,2015-10-22,"10","2015",0,24.17,"-20.775 150.425"
"1142921","2015-10-22T12:00:00Z",-20.775,150.475,"0.0",0,"24.19","-0.46",0,2015-10-22,"10","2015",0,24.19,"-20.775 150.475"
"1143000","2015-10-22T12:00:00Z",-20.825,150.375,"0.0",0,"24.080000000000002","-0.59",0,2015-10-22,"10","2015",0,24.08,"-20.825 150.375"
"1143001","2015-10-22T12:00:00Z",-20.825,150.425,"0.0",0,"24.12","-0.53",0,2015-10-22,"10","2015",0,24.12,"-20.825 150.425"
"1143079","2015-10-22T12:00:00Z",-20.875,150.275,"0.0",0,"24.04","-0.65",0,2015-10-22,"10","2015",0,24.04,"-20.875 150.275"
"1147080","2015-10-22T12:00:00Z",-23.325,151.875,"0.0",0,"23.38","0.22",0,2015-10-22,"10","2015",0,23.38,"-23.325 151.875"
"1147322","2015-10-22T12:00:00Z",-23.475,151.825,"0.0",0,"23.41","0.25",0,2015-10-22,"10","2015",0,23.41,"-23.475 151.825"
"1147323","2015-10-22T12:00:00Z",-23.475,151.875,"0.0",0,"23.44","0.28",0,2015-10-22,"10","2015",0,23.44,"-23.475 151.875"
"1147325","2015-10-22T12:00:00Z",-23.475,151.975,"0.0",0,"23.43","0.28",0,2015-10-22,"10","2015",0,23.43,"-23.475 151.975"
"1187791","2015-10-29T12:00:00Z",-20.125,150.275,"0.0",0,"24.82","-0.3",0,2015-10-29,"10","2015",0,24.82,"-20.125 150.275"
"1188847","2015-10-29T12:00:00Z",-20.775,150.425,"0.0",0,"24.73","-0.28",0,2015-10-29,"10","2015",0,24.73,"-20.775 150.425"
"1188848","2015-10-29T12:00:00Z",-20.775,150.475,"0.0",0,"24.77","-0.24",0,2015-10-29,"10","2015",0,24.77,"-20.775 150.475"
"1188927","2015-10-29T12:00:00Z",-20.825,150.375,"0.0",0,"24.72","-0.31",0,2015-10-29,"10","2015",0,24.72,"-20.825 150.375"
"1188928","2015-10-29T12:00:00Z",-20.825,150.425,"0.0",0,"24.73","-0.29",0,2015-10-29,"10","2015",0,24.73,"-20.825 150.425"
"1189006","2015-10-29T12:00:00Z",-20.875,150.275,"0.0",0,"24.75","-0.31",0,2015-10-29,"10","2015",0,24.75,"-20.875 150.275"
"1193007","2015-10-29T12:00:00Z",-23.325,151.875,"0.0",0,"23.87","0.36",0,2015-10-29,"10","2015",0,23.87,"-23.325 151.875"
"1193249","2015-10-29T12:00:00Z",-23.475,151.825,"0.0",0,"23.91","0.4",0,2015-10-29,"10","2015",0,23.91,"-23.475 151.825"
"1193250","2015-10-29T12:00:00Z",-23.475,151.875,"0.0",0,"23.89","0.38",0,2015-10-29,"10","2015",0,23.89,"-23.475 151.875"
"1193252","2015-10-29T12:00:00Z",-23.475,151.975,"0.0",0,"23.95","0.45",0,2015-10-29,"10","2015",0,23.95,"-23.475 151.975"
"1233718","2015-11-05T12:00:00Z",-20.125,150.275,"0.0",0,"25.51","0.07",0,2015-11-05,"11","2015",0,25.51,"-20.125 150.275"
"1234774","2015-11-05T12:00:00Z",-20.775,150.425,"0.0",0,"25.66","0.29",0,2015-11-05,"11","2015",0,25.66,"-20.775 150.425"
"1234775","2015-11-05T12:00:00Z",-20.775,150.475,"0.0",0,"25.63","0.26",0,2015-11-05,"11","2015",0,25.63,"-20.775 150.475"
"1234854","2015-11-05T12:00:00Z",-20.825,150.375,"0.0",0,"25.72","0.32",0,2015-11-05,"11","2015",0,25.72,"-20.825 150.375"
"1234855","2015-11-05T12:00:00Z",-20.825,150.425,"0.0",0,"25.67","0.29",0,2015-11-05,"11","2015",0,25.67,"-20.825 150.425"
"1234933","2015-11-05T12:00:00Z",-20.875,150.275,"0.0",0,"25.77","0.35000000000000003",0,2015-11-05,"11","2015",0,25.77,"-20.875 150.275"
"1238934","2015-11-05T12:00:00Z",-23.325,151.875,"0.0",0,"24.330000000000002","0.48",0,2015-11-05,"11","2015",0,24.33,"-23.325 151.875"
"1239176","2015-11-05T12:00:00Z",-23.475,151.825,"0.0",0,"24.38","0.51",0,2015-11-05,"11","2015",0,24.38,"-23.475 151.825"
"1239177","2015-11-05T12:00:00Z",-23.475,151.875,"0.0",0,"24.28","0.42",0,2015-11-05,"11","2015",0,24.28,"-23.475 151.875"
"1239179","2015-11-05T12:00:00Z",-23.475,151.975,"0.0",0,"24.14","0.3",0,2015-11-05,"11","2015",0,24.14,"-23.475 151.975"
"1279645","2015-11-12T12:00:00Z",-20.125,150.275,"0.0",0,"25.740000000000002","-0.02",0,2015-11-12,"11","2015",0,25.74,"-20.125 150.275"
"1280701","2015-11-12T12:00:00Z",-20.775,150.425,"0.0",0,"26.02","0.28",0,2015-11-12,"11","2015",0,26.02,"-20.775 150.425"
"1280702","2015-11-12T12:00:00Z",-20.775,150.475,"0.0",0,"25.990000000000002","0.26",0,2015-11-12,"11","2015",0,25.99,"-20.775 150.475"
"1280781","2015-11-12T12:00:00Z",-20.825,150.375,"0.0",0,"26.1","0.34",0,2015-11-12,"11","2015",0,26.1,"-20.825 150.375"
"1280782","2015-11-12T12:00:00Z",-20.825,150.425,"0.0",0,"26.07","0.33",0,2015-11-12,"11","2015",0,26.07,"-20.825 150.425"
"1280860","2015-11-12T12:00:00Z",-20.875,150.275,"0.0",0,"26.07","0.29",0,2015-11-12,"11","2015",0,26.07,"-20.875 150.275"
"1284861","2015-11-12T12:00:00Z",-23.325,151.875,"0.0",0,"24.61","0.42",0,2015-11-12,"11","2015",0,24.61,"-23.325 151.875"
"1285103","2015-11-12T12:00:00Z",-23.475,151.825,"0.0",0,"24.52","0.3",0,2015-11-12,"11","2015",0,24.52,"-23.475 151.825"
"1285104","2015-11-12T12:00:00Z",-23.475,151.875,"0.0",0,"24.52","0.31",0,2015-11-12,"11","2015",0,24.52,"-23.475 151.875"
"1285106","2015-11-12T12:00:00Z",-23.475,151.975,"0.0",0,"24.51","0.33",0,2015-11-12,"11","2015",0,24.51,"-23.475 151.975"
"1325572","2015-11-19T12:00:00Z",-20.125,150.275,"0.0",0,"25.87","-0.16",0,2015-11-19,"11","2015",0,25.87,"-20.125 150.275"
"1326628","2015-11-19T12:00:00Z",-20.775,150.425,"0.0",0,"25.95","-0.08",0,2015-11-19,"11","2015",0,25.95,"-20.775 150.425"
"1326629","2015-11-19T12:00:00Z",-20.775,150.475,"0.0",0,"25.95","-0.07",0,2015-11-19,"11","2015",0,25.95,"-20.775 150.475"
"1326708","2015-11-19T12:00:00Z",-20.825,150.375,"0.0",0,"25.97","-0.09",0,2015-11-19,"11","2015",0,25.97,"-20.825 150.375"
"1326709","2015-11-19T12:00:00Z",-20.825,150.425,"0.0",0,"25.97","-0.07",0,2015-11-19,"11","2015",0,25.97,"-20.825 150.425"
"1326787","2015-11-19T12:00:00Z",-20.875,150.275,"0.0",0,"26.01","-0.07",0,2015-11-19,"11","2015",0,26.01,"-20.875 150.275"
"1330788","2015-11-19T12:00:00Z",-23.325,151.875,"0.0",0,"24.85","0.31",0,2015-11-19,"11","2015",0,24.85,"-23.325 151.875"
"1331030","2015-11-19T12:00:00Z",-23.475,151.825,"0.0",0,"24.92","0.35000000000000003",0,2015-11-19,"11","2015",0,24.92,"-23.475 151.825"
"1331031","2015-11-19T12:00:00Z",-23.475,151.875,"0.0",0,"24.91","0.35000000000000003",0,2015-11-19,"11","2015",0,24.91,"-23.475 151.875"
"1331033","2015-11-19T12:00:00Z",-23.475,151.975,"0.0",0,"24.86","0.34",0,2015-11-19,"11","2015",0,24.86,"-23.475 151.975"
"1371499","2015-11-26T12:00:00Z",-20.125,150.275,"0.0",0,"26.66","0.42",0,2015-11-26,"11","2015",0,26.66,"-20.125 150.275"
"1372555","2015-11-26T12:00:00Z",-20.775,150.425,"0.0",0,"26.650000000000002","0.37",0,2015-11-26,"11","2015",0,26.65,"-20.775 150.425"
"1372556","2015-11-26T12:00:00Z",-20.775,150.475,"0.0",0,"26.64","0.36",0,2015-11-26,"11","2015",0,26.64,"-20.775 150.475"
"1372635","2015-11-26T12:00:00Z",-20.825,150.375,"0.0",0,"26.66","0.35000000000000003",0,2015-11-26,"11","2015",0,26.66,"-20.825 150.375"
"1372636","2015-11-26T12:00:00Z",-20.825,150.425,"0.0",0,"26.66","0.37",0,2015-11-26,"11","2015",0,26.66,"-20.825 150.425"
"1372714","2015-11-26T12:00:00Z",-20.875,150.275,"0.0",0,"26.68","0.36",0,2015-11-26,"11","2015",0,26.68,"-20.875 150.275"
"1376715","2015-11-26T12:00:00Z",-23.325,151.875,"0.0",0,"25.3","0.42",0,2015-11-26,"11","2015",0,25.3,"-23.325 151.875"
"1376957","2015-11-26T12:00:00Z",-23.475,151.825,"0.0",0,"25.5","0.58",0,2015-11-26,"11","2015",0,25.5,"-23.475 151.825"
"1376958","2015-11-26T12:00:00Z",-23.475,151.875,"0.0",0,"25.44","0.54",0,2015-11-26,"11","2015",0,25.44,"-23.475 151.875"
"1376960","2015-11-26T12:00:00Z",-23.475,151.975,"0.0",0,"25.32","0.46",0,2015-11-26,"11","2015",0,25.32,"-23.475 151.975"
"1417426","2015-12-03T12:00:00Z",-20.125,150.275,"0.0",0,"26.62","0.16",0,2015-12-03,"12","2015",0,26.62,"-20.125 150.275"
"1418482","2015-12-03T12:00:00Z",-20.775,150.425,"0.0",0,"26.86","0.33",0,2015-12-03,"12","2015",0,26.86,"-20.775 150.425"
"1418483","2015-12-03T12:00:00Z",-20.775,150.475,"0.0",0,"26.84","0.31",0,2015-12-03,"12","2015",0,26.84,"-20.775 150.475"
"1418562","2015-12-03T12:00:00Z",-20.825,150.375,"0.0",0,"26.91","0.36",0,2015-12-03,"12","2015",0,26.91,"-20.825 150.375"
"1418563","2015-12-03T12:00:00Z",-20.825,150.425,"0.0",0,"26.900000000000002","0.36",0,2015-12-03,"12","2015",0,26.9,"-20.825 150.425"
"1418641","2015-12-03T12:00:00Z",-20.875,150.275,"0.0",0,"26.97","0.41000000000000003",0,2015-12-03,"12","2015",0,26.97,"-20.875 150.275"
"1422642","2015-12-03T12:00:00Z",-23.325,151.875,"0.0",0,"25.44","0.22",0,2015-12-03,"12","2015",0,25.44,"-23.325 151.875"
"1422884","2015-12-03T12:00:00Z",-23.475,151.825,"0.0",0,"25.53","0.27",0,2015-12-03,"12","2015",0,25.53,"-23.475 151.825"
"1422885","2015-12-03T12:00:00Z",-23.475,151.875,"0.0",0,"25.5","0.26",0,2015-12-03,"12","2015",0,25.5,"-23.475 151.875"
"1422887","2015-12-03T12:00:00Z",-23.475,151.975,"0.0",0,"25.52","0.33",0,2015-12-03,"12","2015",0,25.52,"-23.475 151.975"
"1463353","2015-12-10T12:00:00Z",-20.125,150.275,"0.0",0,"27.19","0.51",0,2015-12-10,"12","2015",0,27.19,"-20.125 150.275"
"1464409","2015-12-10T12:00:00Z",-20.775,150.425,"0.0",0,"27.39","0.61",0,2015-12-10,"12","2015",0,27.39,"-20.775 150.425"
"1464410","2015-12-10T12:00:00Z",-20.775,150.475,"0.0",0,"27.38","0.6",0,2015-12-10,"12","2015",0,27.38,"-20.775 150.475"
"1464489","2015-12-10T12:00:00Z",-20.825,150.375,"0.0",0,"27.43","0.63",0,2015-12-10,"12","2015",0,27.43,"-20.825 150.375"
"1464490","2015-12-10T12:00:00Z",-20.825,150.425,"0.0",0,"27.42","0.63",0,2015-12-10,"12","2015",0,27.42,"-20.825 150.425"
"1464568","2015-12-10T12:00:00Z",-20.875,150.275,"0.0",0,"27.46","0.65",0,2015-12-10,"12","2015",0,27.46,"-20.875 150.275"
"1468569","2015-12-10T12:00:00Z",-23.325,151.875,"0.0",0,"26.080000000000002","0.51",0,2015-12-10,"12","2015",0,26.08,"-23.325 151.875"
"1468811","2015-12-10T12:00:00Z",-23.475,151.825,"0.0",0,"26.060000000000002","0.45",0,2015-12-10,"12","2015",0,26.06,"-23.475 151.825"
"1468812","2015-12-10T12:00:00Z",-23.475,151.875,"0.0",0,"26.01","0.43",0,2015-12-10,"12","2015",0,26.01,"-23.475 151.875"
"1468814","2015-12-10T12:00:00Z",-23.475,151.975,"0.0",0,"25.990000000000002","0.46",0,2015-12-10,"12","2015",0,25.99,"-23.475 151.975"
"1509280","2015-12-17T12:00:00Z",-20.125,150.275,"0.0",0,"27.310000000000002","0.42",0,2015-12-17,"12","2015",0,27.31,"-20.125 150.275"
"1510336","2015-12-17T12:00:00Z",-20.775,150.425,"0.0",0,"27.38","0.36",0,2015-12-17,"12","2015",0,27.38,"-20.775 150.425"
"1510337","2015-12-17T12:00:00Z",-20.775,150.475,"0.0",0,"27.36","0.34",0,2015-12-17,"12","2015",0,27.36,"-20.775 150.475"
"1510416","2015-12-17T12:00:00Z",-20.825,150.375,"0.0",0,"27.42","0.39",0,2015-12-17,"12","2015",0,27.42,"-20.825 150.375"
"1510417","2015-12-17T12:00:00Z",-20.825,150.425,"0.0",0,"27.400000000000002","0.37",0,2015-12-17,"12","2015",0,27.4,"-20.825 150.425"
"1510495","2015-12-17T12:00:00Z",-20.875,150.275,"0.0",0,"27.45","0.41000000000000003",0,2015-12-17,"12","2015",0,27.45,"-20.875 150.275"
"1514496","2015-12-17T12:00:00Z",-23.325,151.875,"0.0",0,"26.1","0.22",0,2015-12-17,"12","2015",0,26.1,"-23.325 151.875"
"1514738","2015-12-17T12:00:00Z",-23.475,151.825,"0.0",0,"26.2","0.27",0,2015-12-17,"12","2015",0,26.2,"-23.475 151.825"
"1514739","2015-12-17T12:00:00Z",-23.475,151.875,"0.0",0,"26.18","0.28",0,2015-12-17,"12","2015",0,26.18,"-23.475 151.875"
"1514741","2015-12-17T12:00:00Z",-23.475,151.975,"0.0",0,"26.150000000000002","0.31",0,2015-12-17,"12","2015",0,26.15,"-23.475 151.975"
"1555207","2015-12-24T12:00:00Z",-20.125,150.275,"0.0",0,"27.490000000000002","0.42",0,2015-12-24,"12","2015",0,27.49,"-20.125 150.275"
"1556263","2015-12-24T12:00:00Z",-20.775,150.425,"0.0",0,"27.36","0.15",0,2015-12-24,"12","2015",0,27.36,"-20.775 150.425"
"1556264","2015-12-24T12:00:00Z",-20.775,150.475,"0.0",0,"27.38","0.17",0,2015-12-24,"12","2015",0,27.38,"-20.775 150.475"
"1556343","2015-12-24T12:00:00Z",-20.825,150.375,"0.0",0,"27.38","0.15",0,2015-12-24,"12","2015",0,27.38,"-20.825 150.375"
"1556344","2015-12-24T12:00:00Z",-20.825,150.425,"0.0",0,"27.41","0.19",0,2015-12-24,"12","2015",0,27.41,"-20.825 150.425"
"1556422","2015-12-24T12:00:00Z",-20.875,150.275,"0.0",0,"27.41","0.17",0,2015-12-24,"12","2015",0,27.41,"-20.875 150.275"
"1560423","2015-12-24T12:00:00Z",-23.325,151.875,"0.0",0,"26.36","0.23",0,2015-12-24,"12","2015",0,26.36,"-23.325 151.875"
"1560665","2015-12-24T12:00:00Z",-23.475,151.825,"0.0",0,"26.38","0.19",0,2015-12-24,"12","2015",0,26.38,"-23.475 151.825"
"1560666","2015-12-24T12:00:00Z",-23.475,151.875,"0.0",0,"26.39","0.23",0,2015-12-24,"12","2015",0,26.39,"-23.475 151.875"
"1560668","2015-12-24T12:00:00Z",-23.475,151.975,"0.0",0,"26.38","0.28",0,2015-12-24,"12","2015",0,26.38,"-23.475 151.975"
"1601134","2015-12-31T12:00:00Z",-20.125,150.275,"0.0",0,"27.62","0.37",0,2015-12-31,"12","2015",0,27.62,"-20.125 150.275"
"1602190","2015-12-31T12:00:00Z",-20.775,150.425,"0.0",0,"27.43","0.02",0,2015-12-31,"12","2015",0,27.43,"-20.775 150.425"
"1602191","2015-12-31T12:00:00Z",-20.775,150.475,"0.0",0,"27.42","0.02",0,2015-12-31,"12","2015",0,27.42,"-20.775 150.475"
"1602270","2015-12-31T12:00:00Z",-20.825,150.375,"0.0",0,"27.42","-0.01",0,2015-12-31,"12","2015",0,27.42,"-20.825 150.375"
"1602271","2015-12-31T12:00:00Z",-20.825,150.425,"0.0",0,"27.41","-0.01",0,2015-12-31,"12","2015",0,27.41,"-20.825 150.425"
"1602349","2015-12-31T12:00:00Z",-20.875,150.275,"0.0",0,"27.47","0.03",0,2015-12-31,"12","2015",0,27.47,"-20.875 150.275"
"1606350","2015-12-31T12:00:00Z",-23.325,151.875,"0.0",0,"26.13","-0.24",0,2015-12-31,"12","2015",0,26.13,"-23.325 151.875"
"1606592","2015-12-31T12:00:00Z",-23.475,151.825,"0.0",0,"26.11","-0.33",0,2015-12-31,"12","2015",0,26.11,"-23.475 151.825"
"1606593","2015-12-31T12:00:00Z",-23.475,151.875,"0.0",0,"26.14","-0.27",0,2015-12-31,"12","2015",0,26.14,"-23.475 151.875"
"1606595","2015-12-31T12:00:00Z",-23.475,151.975,"0.0",0,"26.21","-0.14",0,2015-12-31,"12","2015",0,26.21,"-23.475 151.975"
"1647061","2016-01-07T12:00:00Z",-20.125,150.275,"0.0",0,"28.18","0.75",0,2016-01-07,"01","2016",0,28.18,"-20.125 150.275"
"1648117","2016-01-07T12:00:00Z",-20.775,150.425,"0.0",0,"28.37","0.76",0,2016-01-07,"01","2016",0,28.37,"-20.775 150.425"
"1648118","2016-01-07T12:00:00Z",-20.775,150.475,"0.0",0,"28.34","0.74",0,2016-01-07,"01","2016",0,28.34,"-20.775 150.475"
"1648197","2016-01-07T12:00:00Z",-20.825,150.375,"0.0",0,"28.46","0.8300000000000001",0,2016-01-07,"01","2016",0,28.46,"-20.825 150.375"
"1648198","2016-01-07T12:00:00Z",-20.825,150.425,"0.0",0,"28.42","0.8",0,2016-01-07,"01","2016",0,28.42,"-20.825 150.425"
"1648276","2016-01-07T12:00:00Z",-20.875,150.275,"0.0",0,"28.64","1.0",0,2016-01-07,"01","2016",0,28.64,"-20.875 150.275"
"1652277","2016-01-07T12:00:00Z",-23.325,151.875,"0.0",0,"27.14","0.52",0,2016-01-07,"01","2016",0,27.14,"-23.325 151.875"
"1652519","2016-01-07T12:00:00Z",-23.475,151.825,"0.0",0,"27.04","0.35000000000000003",0,2016-01-07,"01","2016",0,27.04,"-23.475 151.825"
"1652520","2016-01-07T12:00:00Z",-23.475,151.875,"0.0",0,"27.05","0.39",0,2016-01-07,"01","2016",0,27.05,"-23.475 151.875"
"1652522","2016-01-07T12:00:00Z",-23.475,151.975,"0.0",0,"27.05","0.44",0,2016-01-07,"01","2016",0,27.05,"-23.475 151.975"
"1692988","2016-01-14T12:00:00Z",-20.125,150.275,"0.0",0,"27.92","0.31",0,2016-01-14,"01","2016",0,27.92,"-20.125 150.275"
"1694044","2016-01-14T12:00:00Z",-20.775,150.425,"0.0",0,"28.330000000000002","0.53",0,2016-01-14,"01","2016",0,28.33,"-20.775 150.425"
"1694045","2016-01-14T12:00:00Z",-20.775,150.475,"0.0",0,"28.28","0.49",0,2016-01-14,"01","2016",0,28.28,"-20.775 150.475"
"1694124","2016-01-14T12:00:00Z",-20.825,150.375,"0.0",0,"28.400000000000002","0.5700000000000001",0,2016-01-14,"01","2016",0,28.4,"-20.825 150.375"
"1694125","2016-01-14T12:00:00Z",-20.825,150.425,"0.0",0,"28.35","0.54",0,2016-01-14,"01","2016",0,28.35,"-20.825 150.425"
"1694203","2016-01-14T12:00:00Z",-20.875,150.275,"0.0",0,"28.5","0.66",0,2016-01-14,"01","2016",0,28.5,"-20.875 150.275"
"1698204","2016-01-14T12:00:00Z",-23.325,151.875,"0.0",0,"27.18","0.32",0,2016-01-14,"01","2016",0,27.18,"-23.325 151.875"
"1698446","2016-01-14T12:00:00Z",-23.475,151.825,"0.0",0,"27.2","0.26",0,2016-01-14,"01","2016",0,27.2,"-23.475 151.825"
"1698447","2016-01-14T12:00:00Z",-23.475,151.875,"0.0",0,"27.19","0.28",0,2016-01-14,"01","2016",0,27.19,"-23.475 151.875"
"1698449","2016-01-14T12:00:00Z",-23.475,151.975,"0.0",0,"27.21","0.35000000000000003",0,2016-01-14,"01","2016",0,27.21,"-23.475 151.975"
"1738915","2016-01-21T12:00:00Z",-20.125,150.275,"0.0",0,"27.82","0.14",0,2016-01-21,"01","2016",0,27.82,"-20.125 150.275"
"1739971","2016-01-21T12:00:00Z",-20.775,150.425,"0.0",0,"28.11","0.26",0,2016-01-21,"01","2016",0,28.11,"-20.775 150.425"
"1739972","2016-01-21T12:00:00Z",-20.775,150.475,"0.0",0,"28.11","0.27",0,2016-01-21,"01","2016",0,28.11,"-20.775 150.475"
"1740051","2016-01-21T12:00:00Z",-20.825,150.375,"0.0",0,"28.16","0.28",0,2016-01-21,"01","2016",0,28.16,"-20.825 150.375"
"1740052","2016-01-21T12:00:00Z",-20.825,150.425,"0.0",0,"28.16","0.3",0,2016-01-21,"01","2016",0,28.16,"-20.825 150.425"
"1740130","2016-01-21T12:00:00Z",-20.875,150.275,"0.0",0,"28.17","0.27",0,2016-01-21,"01","2016",0,28.17,"-20.875 150.275"
"1744131","2016-01-21T12:00:00Z",-23.325,151.875,"0.0",0,"27.19","0.24",0,2016-01-21,"01","2016",0,27.19,"-23.325 151.875"
"1744373","2016-01-21T12:00:00Z",-23.475,151.825,"0.0",0,"27.07","0.06",0,2016-01-21,"01","2016",0,27.07,"-23.475 151.825"
"1744374","2016-01-21T12:00:00Z",-23.475,151.875,"0.0",0,"27.11","0.13",0,2016-01-21,"01","2016",0,27.11,"-23.475 151.875"
"1744376","2016-01-21T12:00:00Z",-23.475,151.975,"0.0",0,"27.26","0.32",0,2016-01-21,"01","2016",0,27.26,"-23.475 151.975"
"1784842","2016-01-28T12:00:00Z",-20.125,150.275,"0.0",0,"28.1","0.37",0,2016-01-28,"01","2016",0,28.1,"-20.125 150.275"
"1785898","2016-01-28T12:00:00Z",-20.775,150.425,"0.0",0,"28.54","0.66",0,2016-01-28,"01","2016",0,28.54,"-20.775 150.425"
"1785899","2016-01-28T12:00:00Z",-20.775,150.475,"0.0",0,"28.53","0.66",0,2016-01-28,"01","2016",0,28.53,"-20.775 150.475"
"1785978","2016-01-28T12:00:00Z",-20.825,150.375,"0.0",0,"28.61","0.7000000000000001",0,2016-01-28,"01","2016",0,28.61,"-20.825 150.375"
"1785979","2016-01-28T12:00:00Z",-20.825,150.425,"0.0",0,"28.61","0.72",0,2016-01-28,"01","2016",0,28.61,"-20.825 150.425"
"1786057","2016-01-28T12:00:00Z",-20.875,150.275,"0.0",0,"28.68","0.75",0,2016-01-28,"01","2016",0,28.68,"-20.875 150.275"
"1790058","2016-01-28T12:00:00Z",-23.325,151.875,"0.0",0,"27.53","0.53",0,2016-01-28,"01","2016",0,27.53,"-23.325 151.875"
"1790300","2016-01-28T12:00:00Z",-23.475,151.825,"0.0",0,"27.46","0.41000000000000003",0,2016-01-28,"01","2016",0,27.46,"-23.475 151.825"
"1790301","2016-01-28T12:00:00Z",-23.475,151.875,"0.0",0,"27.52","0.49",0,2016-01-28,"01","2016",0,27.52,"-23.475 151.875"
"1790303","2016-01-28T12:00:00Z",-23.475,151.975,"0.0",0,"27.580000000000002","0.59",0,2016-01-28,"01","2016",0,27.58,"-23.475 151.975"
"1830769","2016-02-04T12:00:00Z",-20.125,150.275,"0.45",0,"28.88","1.1",0,2016-02-04,"02","2016",0.45,28.88,"-20.125 150.275"
"1831825","2016-02-04T12:00:00Z",-20.775,150.425,"0.32",0,"28.85","0.9400000000000001",0,2016-02-04,"02","2016",0.32,28.85,"-20.775 150.425"
"1831826","2016-02-04T12:00:00Z",-20.775,150.475,"0.32",0,"28.82","0.92",0,2016-02-04,"02","2016",0.32,28.82,"-20.775 150.475"
"1831905","2016-02-04T12:00:00Z",-20.825,150.375,"0.32",0,"28.89","0.9500000000000001",0,2016-02-04,"02","2016",0.32,28.89,"-20.825 150.375"
"1831906","2016-02-04T12:00:00Z",-20.825,150.425,"0.32",0,"28.86","0.9400000000000001",0,2016-02-04,"02","2016",0.32,28.86,"-20.825 150.425"
"1831984","2016-02-04T12:00:00Z",-20.875,150.275,"0.31",0,"28.97","1.0",0,2016-02-04,"02","2016",0.31,28.97,"-20.875 150.275"
"1835985","2016-02-04T12:00:00Z",-23.325,151.875,"0.0",0,"27.78","0.73",0,2016-02-04,"02","2016",0,27.78,"-23.325 151.875"
"1836227","2016-02-04T12:00:00Z",-23.475,151.825,"0.0",0,"27.740000000000002","0.66",0,2016-02-04,"02","2016",0,27.74,"-23.475 151.825"
"1836228","2016-02-04T12:00:00Z",-23.475,151.875,"0.0",0,"27.73","0.66",0,2016-02-04,"02","2016",0,27.73,"-23.475 151.875"
"1836230","2016-02-04T12:00:00Z",-23.475,151.975,"0.0",0,"27.740000000000002","0.7000000000000001",0,2016-02-04,"02","2016",0,27.74,"-23.475 151.975"
"1876696","2016-02-11T12:00:00Z",-20.125,150.275,"0.76",0,"28.22","0.39",0,2016-02-11,"02","2016",0.76,28.22,"-20.125 150.275"
"1877752","2016-02-11T12:00:00Z",-20.775,150.425,"0.32",0,"28.55","0.62",0,2016-02-11,"02","2016",0.32,28.55,"-20.775 150.425"
"1877753","2016-02-11T12:00:00Z",-20.775,150.475,"0.32",0,"28.52","0.6",0,2016-02-11,"02","2016",0.32,28.52,"-20.775 150.475"
"1877832","2016-02-11T12:00:00Z",-20.825,150.375,"0.32",0,"28.64","0.68",0,2016-02-11,"02","2016",0.32,28.64,"-20.825 150.375"
"1877833","2016-02-11T12:00:00Z",-20.825,150.425,"0.32",0,"28.61","0.67",0,2016-02-11,"02","2016",0.32,28.61,"-20.825 150.425"
"1877911","2016-02-11T12:00:00Z",-20.875,150.275,"0.31",0,"28.73","0.73",0,2016-02-11,"02","2016",0.31,28.73,"-20.875 150.275"
"1881912","2016-02-11T12:00:00Z",-23.325,151.875,"0.0",0,"27.28","0.17",0,2016-02-11,"02","2016",0,27.28,"-23.325 151.875"
"1882154","2016-02-11T12:00:00Z",-23.475,151.825,"0.0",0,"27.17","0.05",0,2016-02-11,"02","2016",0,27.17,"-23.475 151.825"
"1882155","2016-02-11T12:00:00Z",-23.475,151.875,"0.0",0,"27.2","0.09",0,2016-02-11,"02","2016",0,27.2,"-23.475 151.875"
"1882157","2016-02-11T12:00:00Z",-23.475,151.975,"0.0",0,"27.3","0.22",0,2016-02-11,"02","2016",0,27.3,"-23.475 151.975"
"1922623","2016-02-18T12:00:00Z",-20.125,150.275,"0.91",0,"28.91","1.09",0,2016-02-18,"02","2016",0.91,28.91,"-20.125 150.275"
"1923679","2016-02-18T12:00:00Z",-20.775,150.425,"0.62",0,"29.060000000000002","1.16",0,2016-02-18,"02","2016",0.62,29.06,"-20.775 150.425"
"1923680","2016-02-18T12:00:00Z",-20.775,150.475,"0.63",0,"29.080000000000002","1.19",0,2016-02-18,"02","2016",0.63,29.08,"-20.775 150.475"
"1923759","2016-02-18T12:00:00Z",-20.825,150.375,"0.62",0,"29.09","1.16",0,2016-02-18,"02","2016",0.62,29.09,"-20.825 150.375"
"1923760","2016-02-18T12:00:00Z",-20.825,150.425,"0.63",0,"29.09","1.18",0,2016-02-18,"02","2016",0.63,29.09,"-20.825 150.425"
"1923838","2016-02-18T12:00:00Z",-20.875,150.275,"0.79",0,"29.14","1.17",0,2016-02-18,"02","2016",0.79,29.14,"-20.875 150.275"
"1927839","2016-02-18T12:00:00Z",-23.325,151.875,"0.0",0,"27.86","0.79",0,2016-02-18,"02","2016",0,27.86,"-23.325 151.875"
"1928081","2016-02-18T12:00:00Z",-23.475,151.825,"0.0",0,"27.82","0.76",0,2016-02-18,"02","2016",0,27.82,"-23.475 151.825"
"1928082","2016-02-18T12:00:00Z",-23.475,151.875,"0.0",0,"27.86","0.81",0,2016-02-18,"02","2016",0,27.86,"-23.475 151.875"
"1928084","2016-02-18T12:00:00Z",-23.475,151.975,"0.0",0,"27.94","0.91",0,2016-02-18,"02","2016",0,27.94,"-23.475 151.975"
"1968550","2016-02-25T12:00:00Z",-20.125,150.275,"0.91",0,"28.57","0.85",0,2016-02-25,"02","2016",0.91,28.57,"-20.125 150.275"
"1969606","2016-02-25T12:00:00Z",-20.775,150.425,"0.79",0,"28.67","0.89",0,2016-02-25,"02","2016",0.79,28.67,"-20.775 150.425"
"1969607","2016-02-25T12:00:00Z",-20.775,150.475,"0.8",0,"28.63","0.85",0,2016-02-25,"02","2016",0.8,28.63,"-20.775 150.475"
"1969686","2016-02-25T12:00:00Z",-20.825,150.375,"0.79",0,"28.740000000000002","0.93",0,2016-02-25,"02","2016",0.79,28.74,"-20.825 150.375"
"1969687","2016-02-25T12:00:00Z",-20.825,150.425,"0.8",0,"28.69","0.9",0,2016-02-25,"02","2016",0.8,28.69,"-20.825 150.425"
"1969765","2016-02-25T12:00:00Z",-20.875,150.275,"0.96",0,"28.84","1.0",0,2016-02-25,"02","2016",0.96,28.84,"-20.875 150.275"
"1973766","2016-02-25T12:00:00Z",-23.325,151.875,"0.0",0,"27.52","0.61",0,2016-02-25,"02","2016",0,27.52,"-23.325 151.875"
"1974008","2016-02-25T12:00:00Z",-23.475,151.825,"0.0",0,"27.42","0.54",0,2016-02-25,"02","2016",0,27.42,"-23.475 151.825"
"1974009","2016-02-25T12:00:00Z",-23.475,151.875,"0.0",0,"27.45","0.58",0,2016-02-25,"02","2016",0,27.45,"-23.475 151.875"
"1974011","2016-02-25T12:00:00Z",-23.475,151.975,"0.0",0,"27.54","0.68",0,2016-02-25,"02","2016",0,27.54,"-23.475 151.975"
"2014477","2016-03-03T12:00:00Z",-20.125,150.275,"0.91",0,"28.35","0.74",0,2016-03-03,"03","2016",0.91,28.35,"-20.125 150.275"
"2015533","2016-03-03T12:00:00Z",-20.775,150.425,"0.79",0,"28.3","0.63",0,2016-03-03,"03","2016",0.79,28.3,"-20.775 150.425"
"2015534","2016-03-03T12:00:00Z",-20.775,150.475,"0.8",0,"28.3","0.64",0,2016-03-03,"03","2016",0.8,28.3,"-20.775 150.475"
"2015613","2016-03-03T12:00:00Z",-20.825,150.375,"0.79",0,"28.310000000000002","0.62",0,2016-03-03,"03","2016",0.79,28.31,"-20.825 150.375"
"2015614","2016-03-03T12:00:00Z",-20.825,150.425,"0.8",0,"28.310000000000002","0.64",0,2016-03-03,"03","2016",0.8,28.31,"-20.825 150.425"
"2015692","2016-03-03T12:00:00Z",-20.875,150.275,"1.11",0,"28.35","0.63",0,2016-03-03,"03","2016",1.11,28.35,"-20.875 150.275"
"2019693","2016-03-03T12:00:00Z",-23.325,151.875,"0.0",0,"27.26","0.52",0,2016-03-03,"03","2016",0,27.26,"-23.325 151.875"
"2019935","2016-03-03T12:00:00Z",-23.475,151.825,"0.0",0,"27.16","0.47000000000000003",0,2016-03-03,"03","2016",0,27.16,"-23.475 151.825"
"2019936","2016-03-03T12:00:00Z",-23.475,151.875,"0.0",0,"27.19","0.5",0,2016-03-03,"03","2016",0,27.19,"-23.475 151.875"
"2019938","2016-03-03T12:00:00Z",-23.475,151.975,"0.0",0,"27.22","0.54",0,2016-03-03,"03","2016",0,27.22,"-23.475 151.975"
"2060404","2016-03-10T12:00:00Z",-20.125,150.275,"0.91",0,"28.12","0.61",0,2016-03-10,"03","2016",0.91,28.12,"-20.125 150.275"
"2061460","2016-03-10T12:00:00Z",-20.775,150.425,"0.79",0,"28.0","0.45",0,2016-03-10,"03","2016",0.79,28,"-20.775 150.425"
"2061461","2016-03-10T12:00:00Z",-20.775,150.475,"0.8",0,"27.990000000000002","0.44",0,2016-03-10,"03","2016",0.8,27.99,"-20.775 150.475"
"2061540","2016-03-10T12:00:00Z",-20.825,150.375,"0.79",0,"28.01","0.44",0,2016-03-10,"03","2016",0.79,28.01,"-20.825 150.375"
"2061541","2016-03-10T12:00:00Z",-20.825,150.425,"0.8",0,"27.98","0.43",0,2016-03-10,"03","2016",0.8,27.98,"-20.825 150.425"
"2061619","2016-03-10T12:00:00Z",-20.875,150.275,"1.11",0,"28.060000000000002","0.47000000000000003",0,2016-03-10,"03","2016",1.11,28.06,"-20.875 150.275"
"2065620","2016-03-10T12:00:00Z",-23.325,151.875,"0.0",0,"27.16","0.58",0,2016-03-10,"03","2016",0,27.16,"-23.325 151.875"
"2065862","2016-03-10T12:00:00Z",-23.475,151.825,"0.0",0,"27.04","0.53",0,2016-03-10,"03","2016",0,27.04,"-23.475 151.825"
"2065863","2016-03-10T12:00:00Z",-23.475,151.875,"0.0",0,"27.11","0.6",0,2016-03-10,"03","2016",0,27.11,"-23.475 151.875"
"2065865","2016-03-10T12:00:00Z",-23.475,151.975,"0.0",0,"27.23","0.72",0,2016-03-10,"03","2016",0,27.23,"-23.475 151.975"
"2106331","2016-03-17T12:00:00Z",-20.125,150.275,"0.91",0,"28.45","1.06",0,2016-03-17,"03","2016",0.91,28.45,"-20.125 150.275"
"2107387","2016-03-17T12:00:00Z",-20.775,150.425,"0.79",0,"28.45","1.04",0,2016-03-17,"03","2016",0.79,28.45,"-20.775 150.425"
"2107388","2016-03-17T12:00:00Z",-20.775,150.475,"0.8",0,"28.46","1.05",0,2016-03-17,"03","2016",0.8,28.46,"-20.775 150.475"
"2107467","2016-03-17T12:00:00Z",-20.825,150.375,"0.79",0,"28.38","0.96",0,2016-03-17,"03","2016",0.79,28.38,"-20.825 150.375"
"2107468","2016-03-17T12:00:00Z",-20.825,150.425,"0.8",0,"28.400000000000002","0.99",0,2016-03-17,"03","2016",0.8,28.4,"-20.825 150.425"
"2107546","2016-03-17T12:00:00Z",-20.875,150.275,"1.11",0,"28.310000000000002","0.88",0,2016-03-17,"03","2016",1.11,28.31,"-20.875 150.275"
"2111547","2016-03-17T12:00:00Z",-23.325,151.875,"0.0",0,"27.25","0.86",0,2016-03-17,"03","2016",0,27.25,"-23.325 151.875"
"2111789","2016-03-17T12:00:00Z",-23.475,151.825,"0.0",0,"27.060000000000002","0.75",0,2016-03-17,"03","2016",0,27.06,"-23.475 151.825"
"2111790","2016-03-17T12:00:00Z",-23.475,151.875,"0.0",0,"27.09","0.78",0,2016-03-17,"03","2016",0,27.09,"-23.475 151.875"
"2111792","2016-03-17T12:00:00Z",-23.475,151.975,"0.0",0,"27.150000000000002","0.8300000000000001",0,2016-03-17,"03","2016",0,27.15,"-23.475 151.975"
"2152258","2016-03-24T12:00:00Z",-20.125,150.275,"0.91",0,"28.55","1.36",0,2016-03-24,"03","2016",0.91,28.55,"-20.125 150.275"
"2153314","2016-03-24T12:00:00Z",-20.775,150.425,"0.79",0,"28.47","1.28",0,2016-03-24,"03","2016",0.79,28.47,"-20.775 150.425"
"2153315","2016-03-24T12:00:00Z",-20.775,150.475,"0.8",0,"28.46","1.27",0,2016-03-24,"03","2016",0.8,28.46,"-20.775 150.475"
"2153394","2016-03-24T12:00:00Z",-20.825,150.375,"0.79",0,"28.490000000000002","1.3",0,2016-03-24,"03","2016",0.79,28.49,"-20.825 150.375"
"2153395","2016-03-24T12:00:00Z",-20.825,150.425,"0.8",0,"28.47","1.29",0,2016-03-24,"03","2016",0.8,28.47,"-20.825 150.425"
"2153473","2016-03-24T12:00:00Z",-20.875,150.275,"1.11",0,"28.5","1.29",0,2016-03-24,"03","2016",1.11,28.5,"-20.875 150.275"
"2157474","2016-03-24T12:00:00Z",-23.325,151.875,"0.0",0,"27.560000000000002","1.4000000000000001",0,2016-03-24,"03","2016",0,27.56,"-23.325 151.875"
"2157716","2016-03-24T12:00:00Z",-23.475,151.825,"0.0",0,"27.45","1.3800000000000001",0,2016-03-24,"03","2016",0,27.45,"-23.475 151.825"
"2157717","2016-03-24T12:00:00Z",-23.475,151.875,"0.0",0,"27.47","1.3900000000000001",0,2016-03-24,"03","2016",0,27.47,"-23.475 151.875"
"2157719","2016-03-24T12:00:00Z",-23.475,151.975,"0.0",0,"27.55","1.46",0,2016-03-24,"03","2016",0,27.55,"-23.475 151.975"
"2198185","2016-03-31T12:00:00Z",-20.125,150.275,"0.91",0,"28.28","1.28",0,2016-03-31,"03","2016",0.91,28.28,"-20.125 150.275"
"2199241","2016-03-31T12:00:00Z",-20.775,150.425,"0.79",0,"28.150000000000002","1.19",0,2016-03-31,"03","2016",0.79,28.15,"-20.775 150.425"
"2199242","2016-03-31T12:00:00Z",-20.775,150.475,"0.8",0,"28.17","1.2",0,2016-03-31,"03","2016",0.8,28.17,"-20.775 150.475"
"2199321","2016-03-31T12:00:00Z",-20.825,150.375,"0.79",0,"28.13","1.17",0,2016-03-31,"03","2016",0.79,28.13,"-20.825 150.375"
"2199322","2016-03-31T12:00:00Z",-20.825,150.425,"0.8",0,"28.14","1.18",0,2016-03-31,"03","2016",0.8,28.14,"-20.825 150.425"
"2199400","2016-03-31T12:00:00Z",-20.875,150.275,"1.11",0,"28.150000000000002","1.17",0,2016-03-31,"03","2016",1.11,28.15,"-20.875 150.275"
"2203401","2016-03-31T12:00:00Z",-23.325,151.875,"0.0",0,"27.45","1.53",0,2016-03-31,"03","2016",0,27.45,"-23.325 151.875"
"2203643","2016-03-31T12:00:00Z",-23.475,151.825,"0.0",0,"27.41","1.58",0,2016-03-31,"03","2016",0,27.41,"-23.475 151.825"
"2203644","2016-03-31T12:00:00Z",-23.475,151.875,"0.0",0,"27.42","1.58",0,2016-03-31,"03","2016",0,27.42,"-23.475 151.875"
"2203646","2016-03-31T12:00:00Z",-23.475,151.975,"0.0",0,"27.43","1.56",0,2016-03-31,"03","2016",0,27.43,"-23.475 151.975"
"2244112","2016-04-07T12:00:00Z",-20.125,150.275,"0.91",0,"28.150000000000002","1.34",0,2016-04-07,"04","2016",0.91,28.15,"-20.125 150.275"
"2245168","2016-04-07T12:00:00Z",-20.775,150.425,"0.79",0,"28.02","1.28",0,2016-04-07,"04","2016",0.79,28.02,"-20.775 150.425"
"2245169","2016-04-07T12:00:00Z",-20.775,150.475,"0.8",0,"28.0","1.25",0,2016-04-07,"04","2016",0.8,28,"-20.775 150.475"
"2245248","2016-04-07T12:00:00Z",-20.825,150.375,"0.79",0,"28.01","1.27",0,2016-04-07,"04","2016",0.79,28.01,"-20.825 150.375"
"2245249","2016-04-07T12:00:00Z",-20.825,150.425,"0.8",0,"28.0","1.26",0,2016-04-07,"04","2016",0.8,28,"-20.825 150.425"
"2245327","2016-04-07T12:00:00Z",-20.875,150.275,"1.11",0,"27.98","1.23",0,2016-04-07,"04","2016",1.11,27.98,"-20.875 150.275"
"2249328","2016-04-07T12:00:00Z",-23.325,151.875,"0.0",0,"27.05","1.36",0,2016-04-07,"04","2016",0,27.05,"-23.325 151.875"
"2249570","2016-04-07T12:00:00Z",-23.475,151.825,"0.0",0,"26.98","1.3900000000000001",0,2016-04-07,"04","2016",0,26.98,"-23.475 151.825"
"2249571","2016-04-07T12:00:00Z",-23.475,151.875,"0.0",0,"26.98","1.3800000000000001",0,2016-04-07,"04","2016",0,26.98,"-23.475 151.875"
"2249573","2016-04-07T12:00:00Z",-23.475,151.975,"0.0",0,"27.04","1.3900000000000001",0,2016-04-07,"04","2016",0,27.04,"-23.475 151.975"
"2290039","2016-04-14T12:00:00Z",-20.125,150.275,"0.91",0,"27.45","0.8300000000000001",0,2016-04-14,"04","2016",0.91,27.45,"-20.125 150.275"
"2291095","2016-04-14T12:00:00Z",-20.775,150.425,"0.79",0,"27.42","0.9",0,2016-04-14,"04","2016",0.79,27.42,"-20.775 150.425"
"2291096","2016-04-14T12:00:00Z",-20.775,150.475,"0.8",0,"27.42","0.89",0,2016-04-14,"04","2016",0.8,27.42,"-20.775 150.475"
"2291175","2016-04-14T12:00:00Z",-20.825,150.375,"0.79",0,"27.39","0.88",0,2016-04-14,"04","2016",0.79,27.39,"-20.825 150.375"
"2291176","2016-04-14T12:00:00Z",-20.825,150.425,"0.8",0,"27.400000000000002","0.89",0,2016-04-14,"04","2016",0.8,27.4,"-20.825 150.425"
"2291254","2016-04-14T12:00:00Z",-20.875,150.275,"1.11",0,"27.34","0.8200000000000001",0,2016-04-14,"04","2016",1.11,27.34,"-20.875 150.275"
"2295255","2016-04-14T12:00:00Z",-23.325,151.875,"0.0",0,"26.7","1.25",0,2016-04-14,"04","2016",0,26.7,"-23.325 151.875"
"2295497","2016-04-14T12:00:00Z",-23.475,151.825,"0.0",0,"26.55","1.2",0,2016-04-14,"04","2016",0,26.55,"-23.475 151.825"
"2295498","2016-04-14T12:00:00Z",-23.475,151.875,"0.0",0,"26.62","1.26",0,2016-04-14,"04","2016",0,26.62,"-23.475 151.875"
"2295500","2016-04-14T12:00:00Z",-23.475,151.975,"0.0",0,"26.740000000000002","1.32",0,2016-04-14,"04","2016",0,26.74,"-23.475 151.975"
"2335966","2016-04-21T12:00:00Z",-20.125,150.275,"0.91",0,"27.3","0.97",0,2016-04-21,"04","2016",0.91,27.3,"-20.125 150.275"
"2337022","2016-04-21T12:00:00Z",-20.775,150.425,"0.79",0,"27.150000000000002","0.9500000000000001",0,2016-04-21,"04","2016",0.79,27.15,"-20.775 150.425"
"2337023","2016-04-21T12:00:00Z",-20.775,150.475,"0.8",0,"27.16","0.9500000000000001",0,2016-04-21,"04","2016",0.8,27.16,"-20.775 150.475"
"2337102","2016-04-21T12:00:00Z",-20.825,150.375,"0.79",0,"27.1","0.91",0,2016-04-21,"04","2016",0.79,27.1,"-20.825 150.375"
"2337103","2016-04-21T12:00:00Z",-20.825,150.425,"0.8",0,"27.13","0.9400000000000001",0,2016-04-21,"04","2016",0.8,27.13,"-20.825 150.425"
"2337181","2016-04-21T12:00:00Z",-20.875,150.275,"1.11",0,"27.060000000000002","0.86",0,2016-04-21,"04","2016",1.11,27.06,"-20.875 150.275"
"2341182","2016-04-21T12:00:00Z",-23.325,151.875,"0.0",0,"26.080000000000002","0.92",0,2016-04-21,"04","2016",0,26.08,"-23.325 151.875"
"2341424","2016-04-21T12:00:00Z",-23.475,151.825,"0.0",0,"26.060000000000002","1.03",0,2016-04-21,"04","2016",0,26.06,"-23.475 151.825"
"2341425","2016-04-21T12:00:00Z",-23.475,151.875,"0.0",0,"26.07","1.02",0,2016-04-21,"04","2016",0,26.07,"-23.475 151.875"
"2341427","2016-04-21T12:00:00Z",-23.475,151.975,"0.0",0,"26.11","0.99",0,2016-04-21,"04","2016",0,26.11,"-23.475 151.975"
"2381893","2016-04-28T12:00:00Z",-20.125,150.275,"0.45",0,"26.98","0.9500000000000001",0,2016-04-28,"04","2016",0.45,26.98,"-20.125 150.275"
"2382949","2016-04-28T12:00:00Z",-20.775,150.425,"0.47000000000000003",0,"26.92","1.05",0,2016-04-28,"04","2016",0.47,26.92,"-20.775 150.425"
"2382950","2016-04-28T12:00:00Z",-20.775,150.475,"0.48",0,"26.94","1.06",0,2016-04-28,"04","2016",0.48,26.94,"-20.775 150.475"
"2383029","2016-04-28T12:00:00Z",-20.825,150.375,"0.48",0,"26.89","1.04",0,2016-04-28,"04","2016",0.48,26.89,"-20.825 150.375"
"2383030","2016-04-28T12:00:00Z",-20.825,150.425,"0.48",0,"26.91","1.06",0,2016-04-28,"04","2016",0.48,26.91,"-20.825 150.425"
"2383108","2016-04-28T12:00:00Z",-20.875,150.275,"0.8",0,"26.810000000000002","0.9500000000000001",0,2016-04-28,"04","2016",0.8,26.81,"-20.875 150.275"
"2387109","2016-04-28T12:00:00Z",-23.325,151.875,"0.0",0,"25.64","0.79",0,2016-04-28,"04","2016",0,25.64,"-23.325 151.875"
"2387351","2016-04-28T12:00:00Z",-23.475,151.825,"0.0",0,"25.37","0.67",0,2016-04-28,"04","2016",0,25.37,"-23.475 151.825"
"2387352","2016-04-28T12:00:00Z",-23.475,151.875,"0.0",0,"25.46","0.73",0,2016-04-28,"04","2016",0,25.46,"-23.475 151.875"
"2387354","2016-04-28T12:00:00Z",-23.475,151.975,"0.0",0,"25.61","0.8",0,2016-04-28,"04","2016",0,25.61,"-23.475 151.975"
"2427820","2016-05-05T12:00:00Z",-20.125,150.275,"0.15",0,"27.2","1.48",0,2016-05-05,"05","2016",0.15,27.2,"-20.125 150.275"
"2428876","2016-05-05T12:00:00Z",-20.775,150.425,"0.47000000000000003",0,"27.150000000000002","1.62",0,2016-05-05,"05","2016",0.47,27.15,"-20.775 150.425"
"2428877","2016-05-05T12:00:00Z",-20.775,150.475,"0.48",0,"27.150000000000002","1.61",0,2016-05-05,"05","2016",0.48,27.15,"-20.775 150.475"
"2428956","2016-05-05T12:00:00Z",-20.825,150.375,"0.48",0,"27.16","1.6500000000000001",0,2016-05-05,"05","2016",0.48,27.16,"-20.825 150.375"
"2428957","2016-05-05T12:00:00Z",-20.825,150.425,"0.48",0,"27.150000000000002","1.6400000000000001",0,2016-05-05,"05","2016",0.48,27.15,"-20.825 150.425"
"2429035","2016-05-05T12:00:00Z",-20.875,150.275,"0.8",0,"27.18","1.6600000000000001",0,2016-05-05,"05","2016",0.8,27.18,"-20.875 150.275"
"2433036","2016-05-05T12:00:00Z",-23.325,151.875,"0.0",0,"25.87","1.33",0,2016-05-05,"05","2016",0,25.87,"-23.325 151.875"
"2433278","2016-05-05T12:00:00Z",-23.475,151.825,"0.0",0,"25.64","1.28",0,2016-05-05,"05","2016",0,25.64,"-23.475 151.825"
"2433279","2016-05-05T12:00:00Z",-23.475,151.875,"0.0",0,"25.59","1.19",0,2016-05-05,"05","2016",0,25.59,"-23.475 151.875"
"2433281","2016-05-05T12:00:00Z",-23.475,151.975,"0.0",0,"25.64","1.1400000000000001",0,2016-05-05,"05","2016",0,25.64,"-23.475 151.975"
"2473747","2016-05-12T12:00:00Z",-20.125,150.275,"0.0",0,"26.87","1.45",0,2016-05-12,"05","2016",0,26.87,"-20.125 150.275"
"2474803","2016-05-12T12:00:00Z",-20.775,150.425,"0.17",0,"26.82","1.6300000000000001",0,2016-05-12,"05","2016",0.17,26.82,"-20.775 150.425"
"2474804","2016-05-12T12:00:00Z",-20.775,150.475,"0.17",0,"26.82","1.62",0,2016-05-12,"05","2016",0.17,26.82,"-20.775 150.475"
"2474883","2016-05-12T12:00:00Z",-20.825,150.375,"0.17",0,"26.810000000000002","1.6400000000000001",0,2016-05-12,"05","2016",0.17,26.81,"-20.825 150.375"
"2474884","2016-05-12T12:00:00Z",-20.825,150.425,"0.17",0,"26.810000000000002","1.6400000000000001",0,2016-05-12,"05","2016",0.17,26.81,"-20.825 150.425"
"2474962","2016-05-12T12:00:00Z",-20.875,150.275,"0.32",0,"26.8","1.62",0,2016-05-12,"05","2016",0.32,26.8,"-20.875 150.275"
"2478963","2016-05-12T12:00:00Z",-23.325,151.875,"0.0",0,"25.36","1.1300000000000001",0,2016-05-12,"05","2016",0,25.36,"-23.325 151.875"
"2479205","2016-05-12T12:00:00Z",-23.475,151.825,"0.0",0,"25.14","1.12",0,2016-05-12,"05","2016",0,25.14,"-23.475 151.825"
"2479206","2016-05-12T12:00:00Z",-23.475,151.875,"0.0",0,"25.2","1.12",0,2016-05-12,"05","2016",0,25.2,"-23.475 151.875"
"2479208","2016-05-12T12:00:00Z",-23.475,151.975,"0.0",0,"25.41","1.22",0,2016-05-12,"05","2016",0,25.41,"-23.475 151.975"
"2519674","2016-05-19T12:00:00Z",-20.125,150.275,"0.0",0,"26.55","1.45",0,2016-05-19,"05","2016",0,26.55,"-20.125 150.275"
"2520730","2016-05-19T12:00:00Z",-20.775,150.425,"0.0",0,"26.46","1.6300000000000001",0,2016-05-19,"05","2016",0,26.46,"-20.775 150.425"
"2520731","2016-05-19T12:00:00Z",-20.775,150.475,"0.0",0,"26.48","1.6300000000000001",0,2016-05-19,"05","2016",0,26.48,"-20.775 150.475"
"2520810","2016-05-19T12:00:00Z",-20.825,150.375,"0.0",0,"26.42","1.61",0,2016-05-19,"05","2016",0,26.42,"-20.825 150.375"
"2520811","2016-05-19T12:00:00Z",-20.825,150.425,"0.0",0,"26.45","1.6400000000000001",0,2016-05-19,"05","2016",0,26.45,"-20.825 150.425"
"2520889","2016-05-19T12:00:00Z",-20.875,150.275,"0.15",0,"26.36","1.55",0,2016-05-19,"05","2016",0.15,26.36,"-20.875 150.275"
"2524890","2016-05-19T12:00:00Z",-23.325,151.875,"0.0",0,"25.53","1.6300000000000001",0,2016-05-19,"05","2016",0,25.53,"-23.325 151.875"
"2525132","2016-05-19T12:00:00Z",-23.475,151.825,"0.0",0,"25.240000000000002","1.57",0,2016-05-19,"05","2016",0,25.24,"-23.475 151.825"
"2525133","2016-05-19T12:00:00Z",-23.475,151.875,"0.0",0,"25.32","1.59",0,2016-05-19,"05","2016",0,25.32,"-23.475 151.875"
"2525135","2016-05-19T12:00:00Z",-23.475,151.975,"0.0",0,"25.490000000000002","1.6300000000000001",0,2016-05-19,"05","2016",0,25.49,"-23.475 151.975"
"2565601","2016-05-26T12:00:00Z",-20.125,150.275,"0.0",0,"26.400000000000002","1.6300000000000001",0,2016-05-26,"05","2016",0,26.4,"-20.125 150.275"
"2566657","2016-05-26T12:00:00Z",-20.775,150.425,"0.0",0,"26.02","1.56",0,2016-05-26,"05","2016",0,26.02,"-20.775 150.425"
"2566658","2016-05-26T12:00:00Z",-20.775,150.475,"0.0",0,"26.01","1.54",0,2016-05-26,"05","2016",0,26.01,"-20.775 150.475"
"2566737","2016-05-26T12:00:00Z",-20.825,150.375,"0.0",0,"26.04","1.61",0,2016-05-26,"05","2016",0,26.04,"-20.825 150.375"
"2566738","2016-05-26T12:00:00Z",-20.825,150.425,"0.0",0,"26.02","1.59",0,2016-05-26,"05","2016",0,26.02,"-20.825 150.425"
"2566816","2016-05-26T12:00:00Z",-20.875,150.275,"0.0",0,"26.09","1.67",0,2016-05-26,"05","2016",0,26.09,"-20.875 150.275"
"2570817","2016-05-26T12:00:00Z",-23.325,151.875,"0.0",0,"24.79","1.23",0,2016-05-26,"05","2016",0,24.79,"-23.325 151.875"
"2571059","2016-05-26T12:00:00Z",-23.475,151.825,"0.0",0,"24.650000000000002","1.35",0,2016-05-26,"05","2016",0,24.65,"-23.475 151.825"
"2571060","2016-05-26T12:00:00Z",-23.475,151.875,"0.0",0,"24.69","1.32",0,2016-05-26,"05","2016",0,24.69,"-23.475 151.875"
"2571062","2016-05-26T12:00:00Z",-23.475,151.975,"0.0",0,"24.77","1.26",0,2016-05-26,"05","2016",0,24.77,"-23.475 151.975"
"2611528","2016-06-02T12:00:00Z",-20.125,150.275,"0.0",0,"25.98","1.54",0,2016-06-02,"06","2016",0,25.98,"-20.125 150.275"
"2612584","2016-06-02T12:00:00Z",-20.775,150.425,"0.0",0,"25.810000000000002","1.73",0,2016-06-02,"06","2016",0,25.81,"-20.775 150.425"
"2612585","2016-06-02T12:00:00Z",-20.775,150.475,"0.0",0,"25.830000000000002","1.73",0,2016-06-02,"06","2016",0,25.83,"-20.775 150.475"
"2612664","2016-06-02T12:00:00Z",-20.825,150.375,"0.0",0,"25.77","1.72",0,2016-06-02,"06","2016",0,25.77,"-20.825 150.375"
"2612665","2016-06-02T12:00:00Z",-20.825,150.425,"0.0",0,"25.79","1.74",0,2016-06-02,"06","2016",0,25.79,"-20.825 150.425"
"2612743","2016-06-02T12:00:00Z",-20.875,150.275,"0.0",0,"25.740000000000002","1.71",0,2016-06-02,"06","2016",0,25.74,"-20.875 150.275"
"2616744","2016-06-02T12:00:00Z",-23.325,151.875,"0.0",0,"24.21","0.99",0,2016-06-02,"06","2016",0,24.21,"-23.325 151.875"
"2616986","2016-06-02T12:00:00Z",-23.475,151.825,"0.0",0,"23.88","0.9500000000000001",0,2016-06-02,"06","2016",0,23.88,"-23.475 151.825"
"2616987","2016-06-02T12:00:00Z",-23.475,151.875,"0.0",0,"23.94","0.93",0,2016-06-02,"06","2016",0,23.94,"-23.475 151.875"
"2616989","2016-06-02T12:00:00Z",-23.475,151.975,"0.0",0,"24.11","0.9500000000000001",0,2016-06-02,"06","2016",0,24.11,"-23.475 151.975"
"2657455","2016-06-09T12:00:00Z",-20.125,150.275,"0.0",0,"25.64","1.53",0,2016-06-09,"06","2016",0,25.64,"-20.125 150.275"
"2658511","2016-06-09T12:00:00Z",-20.775,150.425,"0.0",0,"25.26","1.56",0,2016-06-09,"06","2016",0,25.26,"-20.775 150.425"
"2658512","2016-06-09T12:00:00Z",-20.775,150.475,"0.0",0,"25.28","1.55",0,2016-06-09,"06","2016",0,25.28,"-20.775 150.475"
"2658591","2016-06-09T12:00:00Z",-20.825,150.375,"0.0",0,"25.240000000000002","1.57",0,2016-06-09,"06","2016",0,25.24,"-20.825 150.375"
"2658592","2016-06-09T12:00:00Z",-20.825,150.425,"0.0",0,"25.240000000000002","1.56",0,2016-06-09,"06","2016",0,25.24,"-20.825 150.425"
"2658670","2016-06-09T12:00:00Z",-20.875,150.275,"0.0",0,"25.28","1.6400000000000001",0,2016-06-09,"06","2016",0,25.28,"-20.875 150.275"
"2662671","2016-06-09T12:00:00Z",-23.325,151.875,"0.0",0,"23.44","0.5700000000000001",0,2016-06-09,"06","2016",0,23.44,"-23.325 151.875"
"2662913","2016-06-09T12:00:00Z",-23.475,151.825,"0.0",0,"23.31","0.74",0,2016-06-09,"06","2016",0,23.31,"-23.475 151.825"
"2662914","2016-06-09T12:00:00Z",-23.475,151.875,"0.0",0,"23.330000000000002","0.6900000000000001",0,2016-06-09,"06","2016",0,23.33,"-23.475 151.875"
"2662916","2016-06-09T12:00:00Z",-23.475,151.975,"0.0",0,"23.46","0.65",0,2016-06-09,"06","2016",0,23.46,"-23.475 151.975"
"2703382","2016-06-16T12:00:00Z",-20.125,150.275,"0.0",0,"24.95","1.1500000000000001",0,2016-06-16,"06","2016",0,24.95,"-20.125 150.275"
"2704438","2016-06-16T12:00:00Z",-20.775,150.425,"0.0",0,"24.79","1.44",0,2016-06-16,"06","2016",0,24.79,"-20.775 150.425"
"2704439","2016-06-16T12:00:00Z",-20.775,150.475,"0.0",0,"24.79","1.41",0,2016-06-16,"06","2016",0,24.79,"-20.775 150.475"
"2704518","2016-06-16T12:00:00Z",-20.825,150.375,"0.0",0,"24.77","1.46",0,2016-06-16,"06","2016",0,24.77,"-20.825 150.375"
"2704519","2016-06-16T12:00:00Z",-20.825,150.425,"0.0",0,"24.77","1.45",0,2016-06-16,"06","2016",0,24.77,"-20.825 150.425"
"2704597","2016-06-16T12:00:00Z",-20.875,150.275,"0.0",0,"24.72","1.45",0,2016-06-16,"06","2016",0,24.72,"-20.875 150.275"
"2708598","2016-06-16T12:00:00Z",-23.325,151.875,"0.0",0,"23.1","0.56",0,2016-06-16,"06","2016",0,23.1,"-23.325 151.875"
"2708840","2016-06-16T12:00:00Z",-23.475,151.825,"0.0",0,"22.75","0.54",0,2016-06-16,"06","2016",0,22.75,"-23.475 151.825"
"2708841","2016-06-16T12:00:00Z",-23.475,151.875,"0.0",0,"22.84","0.55",0,2016-06-16,"06","2016",0,22.84,"-23.475 151.875"
"2708843","2016-06-16T12:00:00Z",-23.475,151.975,"0.0",0,"23.06","0.59",0,2016-06-16,"06","2016",0,23.06,"-23.475 151.975"
"2749309","2016-06-23T12:00:00Z",-20.125,150.275,"0.0",0,"25.19","1.61",0,2016-06-23,"06","2016",0,25.19,"-20.125 150.275"
"2750365","2016-06-23T12:00:00Z",-20.775,150.425,"0.0",0,"24.76","1.6500000000000001",0,2016-06-23,"06","2016",0,24.76,"-20.775 150.425"
"2750366","2016-06-23T12:00:00Z",-20.775,150.475,"0.0",0,"24.79","1.6400000000000001",0,2016-06-23,"06","2016",0,24.79,"-20.775 150.475"
"2750445","2016-06-23T12:00:00Z",-20.825,150.375,"0.0",0,"24.73","1.6600000000000001",0,2016-06-23,"06","2016",0,24.73,"-20.825 150.375"
"2750446","2016-06-23T12:00:00Z",-20.825,150.425,"0.0",0,"24.740000000000002","1.6600000000000001",0,2016-06-23,"06","2016",0,24.74,"-20.825 150.425"
"2750524","2016-06-23T12:00:00Z",-20.875,150.275,"0.0",0,"24.72","1.7",0,2016-06-23,"06","2016",0,24.72,"-20.875 150.275"
"2754525","2016-06-23T12:00:00Z",-23.325,151.875,"0.0",0,"23.03","0.74",0,2016-06-23,"06","2016",0,23.03,"-23.325 151.875"
"2754767","2016-06-23T12:00:00Z",-23.475,151.825,"0.0",0,"22.740000000000002","0.79",0,2016-06-23,"06","2016",0,22.74,"-23.475 151.825"
"2754768","2016-06-23T12:00:00Z",-23.475,151.875,"0.0",0,"22.77","0.74",0,2016-06-23,"06","2016",0,22.77,"-23.475 151.875"
"2754770","2016-06-23T12:00:00Z",-23.475,151.975,"0.0",0,"22.900000000000002","0.6900000000000001",0,2016-06-23,"06","2016",0,22.9,"-23.475 151.975"
"2795236","2016-06-30T12:00:00Z",-20.125,150.275,"0.0",0,"24.8","1.44",0,2016-06-30,"06","2016",0,24.8,"-20.125 150.275"
"2796292","2016-06-30T12:00:00Z",-20.775,150.425,"0.0",0,"24.330000000000002","1.45",0,2016-06-30,"06","2016",0,24.33,"-20.775 150.425"
"2796293","2016-06-30T12:00:00Z",-20.775,150.475,"0.0",0,"24.39","1.47",0,2016-06-30,"06","2016",0,24.39,"-20.775 150.475"
"2796372","2016-06-30T12:00:00Z",-20.825,150.375,"0.0",0,"24.26","1.43",0,2016-06-30,"06","2016",0,24.26,"-20.825 150.375"
"2796373","2016-06-30T12:00:00Z",-20.825,150.425,"0.0",0,"24.3","1.45",0,2016-06-30,"06","2016",0,24.3,"-20.825 150.425"
"2796451","2016-06-30T12:00:00Z",-20.875,150.275,"0.0",0,"24.3","1.53",0,2016-06-30,"06","2016",0,24.3,"-20.875 150.275"
"2800452","2016-06-30T12:00:00Z",-23.325,151.875,"0.0",0,"22.48","0.43",0,2016-06-30,"06","2016",0,22.48,"-23.325 151.875"
"2800694","2016-06-30T12:00:00Z",-23.475,151.825,"0.0",0,"21.98","0.3",0,2016-06-30,"06","2016",0,21.98,"-23.475 151.825"
"2800695","2016-06-30T12:00:00Z",-23.475,151.875,"0.0",0,"22.09","0.33",0,2016-06-30,"06","2016",0,22.09,"-23.475 151.875"
"2800697","2016-06-30T12:00:00Z",-23.475,151.975,"0.0",0,"22.35","0.41000000000000003",0,2016-06-30,"06","2016",0,22.35,"-23.475 151.975"
"2841163","2016-07-07T12:00:00Z",-20.125,150.275,"0.0",0,"24.91","1.76",0,2016-07-07,"07","2016",0,24.91,"-20.125 150.275"
"2842219","2016-07-07T12:00:00Z",-20.775,150.425,"0.0",0,"24.3","1.6500000000000001",0,2016-07-07,"07","2016",0,24.3,"-20.775 150.425"
"2842220","2016-07-07T12:00:00Z",-20.775,150.475,"0.0",0,"24.34","1.6600000000000001",0,2016-07-07,"07","2016",0,24.34,"-20.775 150.475"
"2842299","2016-07-07T12:00:00Z",-20.825,150.375,"0.0",0,"24.26","1.68",0,2016-07-07,"07","2016",0,24.26,"-20.825 150.375"
"2842300","2016-07-07T12:00:00Z",-20.825,150.425,"0.0",0,"24.27","1.6600000000000001",0,2016-07-07,"07","2016",0,24.27,"-20.825 150.425"
"2842378","2016-07-07T12:00:00Z",-20.875,150.275,"0.0",0,"24.3","1.77",0,2016-07-07,"07","2016",0,24.3,"-20.875 150.275"
"2846379","2016-07-07T12:00:00Z",-23.325,151.875,"0.0",0,"22.66","0.86",0,2016-07-07,"07","2016",0,22.66,"-23.325 151.875"
"2846621","2016-07-07T12:00:00Z",-23.475,151.825,"0.0",0,"22.080000000000002","0.66",0,2016-07-07,"07","2016",0,22.08,"-23.475 151.825"
"2846622","2016-07-07T12:00:00Z",-23.475,151.875,"0.0",0,"22.17","0.67",0,2016-07-07,"07","2016",0,22.17,"-23.475 151.875"
"2846624","2016-07-07T12:00:00Z",-23.475,151.975,"0.0",0,"22.43","0.75",0,2016-07-07,"07","2016",0,22.43,"-23.475 151.975"
"2887090","2016-07-14T12:00:00Z",-20.125,150.275,"0.0",0,"24.27","1.34",0,2016-07-14,"07","2016",0,24.27,"-20.125 150.275"
"2888146","2016-07-14T12:00:00Z",-20.775,150.425,"0.0",0,"23.580000000000002","1.17",0,2016-07-14,"07","2016",0,23.58,"-20.775 150.425"
"2888147","2016-07-14T12:00:00Z",-20.775,150.475,"0.0",0,"23.62","1.17",0,2016-07-14,"07","2016",0,23.62,"-20.775 150.475"
"2888226","2016-07-14T12:00:00Z",-20.825,150.375,"0.0",0,"23.48","1.1400000000000001",0,2016-07-14,"07","2016",0,23.48,"-20.825 150.375"
"2888227","2016-07-14T12:00:00Z",-20.825,150.425,"0.0",0,"23.51","1.1400000000000001",0,2016-07-14,"07","2016",0,23.51,"-20.825 150.425"
"2888305","2016-07-14T12:00:00Z",-20.875,150.275,"0.0",0,"23.45","1.17",0,2016-07-14,"07","2016",0,23.45,"-20.875 150.275"
"2892306","2016-07-14T12:00:00Z",-23.325,151.875,"0.0",0,"22.2","0.65",0,2016-07-14,"07","2016",0,22.2,"-23.325 151.875"
"2892548","2016-07-14T12:00:00Z",-23.475,151.825,"0.0",0,"21.82","0.66",0,2016-07-14,"07","2016",0,21.82,"-23.475 151.825"
"2892549","2016-07-14T12:00:00Z",-23.475,151.875,"0.0",0,"21.93","0.6900000000000001",0,2016-07-14,"07","2016",0,21.93,"-23.475 151.875"
"2892551","2016-07-14T12:00:00Z",-23.475,151.975,"0.0",0,"22.17","0.75",0,2016-07-14,"07","2016",0,22.17,"-23.475 151.975"
"2933017","2016-07-21T12:00:00Z",-20.125,150.275,"0.0",0,"24.55","1.7",0,2016-07-21,"07","2016",0,24.55,"-20.125 150.275"
"2934073","2016-07-21T12:00:00Z",-20.775,150.425,"0.0",0,"24.04","1.73",0,2016-07-21,"07","2016",0,24.04,"-20.775 150.425"
"2934074","2016-07-21T12:00:00Z",-20.775,150.475,"0.0",0,"24.080000000000002","1.73",0,2016-07-21,"07","2016",0,24.08,"-20.775 150.475"
"2934153","2016-07-21T12:00:00Z",-20.825,150.375,"0.0",0,"23.98","1.74",0,2016-07-21,"07","2016",0,23.98,"-20.825 150.375"
"2934154","2016-07-21T12:00:00Z",-20.825,150.425,"0.0",0,"24.0","1.73",0,2016-07-21,"07","2016",0,24,"-20.825 150.425"
"2934232","2016-07-21T12:00:00Z",-20.875,150.275,"0.0",0,"23.95","1.77",0,2016-07-21,"07","2016",0,23.95,"-20.875 150.275"
"2938233","2016-07-21T12:00:00Z",-23.325,151.875,"0.0",0,"22.3","0.87",0,2016-07-21,"07","2016",0,22.3,"-23.325 151.875"
"2938475","2016-07-21T12:00:00Z",-23.475,151.825,"0.0",0,"21.89","0.84",0,2016-07-21,"07","2016",0,21.89,"-23.475 151.825"
"2938476","2016-07-21T12:00:00Z",-23.475,151.875,"0.0",0,"21.98","0.85",0,2016-07-21,"07","2016",0,21.98,"-23.475 151.875"
"2938478","2016-07-21T12:00:00Z",-23.475,151.975,"0.0",0,"22.240000000000002","0.93",0,2016-07-21,"07","2016",0,22.24,"-23.475 151.975"
"2978944","2016-07-28T12:00:00Z",-20.125,150.275,"0.0",0,"24.400000000000002","1.6",0,2016-07-28,"07","2016",0,24.4,"-20.125 150.275"
"2980000","2016-07-28T12:00:00Z",-20.775,150.425,"0.0",0,"24.080000000000002","1.85",0,2016-07-28,"07","2016",0,24.08,"-20.775 150.425"
"2980001","2016-07-28T12:00:00Z",-20.775,150.475,"0.0",0,"24.11","1.84",0,2016-07-28,"07","2016",0,24.11,"-20.775 150.475"
"2980080","2016-07-28T12:00:00Z",-20.825,150.375,"0.0",0,"24.03","1.86",0,2016-07-28,"07","2016",0,24.03,"-20.825 150.375"
"2980081","2016-07-28T12:00:00Z",-20.825,150.425,"0.0",0,"24.04","1.85",0,2016-07-28,"07","2016",0,24.04,"-20.825 150.425"
"2980159","2016-07-28T12:00:00Z",-20.875,150.275,"0.0",0,"24.04","1.93",0,2016-07-28,"07","2016",0,24.04,"-20.875 150.275"
"2984160","2016-07-28T12:00:00Z",-23.325,151.875,"0.0",0,"21.990000000000002","0.65",0,2016-07-28,"07","2016",0,21.99,"-23.325 151.875"
"2984402","2016-07-28T12:00:00Z",-23.475,151.825,"0.0",0,"21.580000000000002","0.6",0,2016-07-28,"07","2016",0,21.58,"-23.475 151.825"
"2984403","2016-07-28T12:00:00Z",-23.475,151.875,"0.0",0,"21.63","0.58",0,2016-07-28,"07","2016",0,21.63,"-23.475 151.875"
"2984405","2016-07-28T12:00:00Z",-23.475,151.975,"0.0",0,"21.93","0.71",0,2016-07-28,"07","2016",0,21.93,"-23.475 151.975"
"3024871","2016-08-04T12:00:00Z",-20.125,150.275,"0.0",0,"24.01","1.27",0,2016-08-04,"08","2016",0,24.01,"-20.125 150.275"
"3025927","2016-08-04T12:00:00Z",-20.775,150.425,"0.0",0,"23.48","1.33",0,2016-08-04,"08","2016",0,23.48,"-20.775 150.425"
"3025928","2016-08-04T12:00:00Z",-20.775,150.475,"0.0",0,"23.52","1.33",0,2016-08-04,"08","2016",0,23.52,"-20.775 150.475"
"3026007","2016-08-04T12:00:00Z",-20.825,150.375,"0.0",0,"23.39","1.3",0,2016-08-04,"08","2016",0,23.39,"-20.825 150.375"
"3026008","2016-08-04T12:00:00Z",-20.825,150.425,"0.0",0,"23.42","1.31",0,2016-08-04,"08","2016",0,23.42,"-20.825 150.425"
"3026086","2016-08-04T12:00:00Z",-20.875,150.275,"0.0",0,"23.39","1.36",0,2016-08-04,"08","2016",0,23.39,"-20.875 150.275"
"3030087","2016-08-04T12:00:00Z",-23.325,151.875,"0.0",0,"21.57","0.32",0,2016-08-04,"08","2016",0,21.57,"-23.325 151.875"
"3030329","2016-08-04T12:00:00Z",-23.475,151.825,"0.0",0,"21.17","0.27",0,2016-08-04,"08","2016",0,21.17,"-23.475 151.825"
"3030330","2016-08-04T12:00:00Z",-23.475,151.875,"0.0",0,"21.28","0.31",0,2016-08-04,"08","2016",0,21.28,"-23.475 151.875"
"3030332","2016-08-04T12:00:00Z",-23.475,151.975,"0.0",0,"21.580000000000002","0.44",0,2016-08-04,"08","2016",0,21.58,"-23.475 151.975"
"3070798","2016-08-11T12:00:00Z",-20.125,150.275,"0.0",0,"23.92","1.24",0,2016-08-11,"08","2016",0,23.92,"-20.125 150.275"
"3071854","2016-08-11T12:00:00Z",-20.775,150.425,"0.0",0,"23.330000000000002","1.25",0,2016-08-11,"08","2016",0,23.33,"-20.775 150.425"
"3071855","2016-08-11T12:00:00Z",-20.775,150.475,"0.0",0,"23.400000000000002","1.28",0,2016-08-11,"08","2016",0,23.4,"-20.775 150.475"
"3071934","2016-08-11T12:00:00Z",-20.825,150.375,"0.0",0,"23.23","1.22",0,2016-08-11,"08","2016",0,23.23,"-20.825 150.375"
"3071935","2016-08-11T12:00:00Z",-20.825,150.425,"0.0",0,"23.29","1.25",0,2016-08-11,"08","2016",0,23.29,"-20.825 150.425"
"3072013","2016-08-11T12:00:00Z",-20.875,150.275,"0.0",0,"23.150000000000002","1.19",0,2016-08-11,"08","2016",0,23.15,"-20.875 150.275"
"3076014","2016-08-11T12:00:00Z",-23.325,151.875,"0.0",0,"21.88","0.72",0,2016-08-11,"08","2016",0,21.88,"-23.325 151.875"
"3076256","2016-08-11T12:00:00Z",-23.475,151.825,"0.0",0,"21.580000000000002","0.76",0,2016-08-11,"08","2016",0,21.58,"-23.475 151.825"
"3076257","2016-08-11T12:00:00Z",-23.475,151.875,"0.0",0,"21.68","0.79",0,2016-08-11,"08","2016",0,21.68,"-23.475 151.875"
"3076259","2016-08-11T12:00:00Z",-23.475,151.975,"0.0",0,"21.97","0.91",0,2016-08-11,"08","2016",0,21.97,"-23.475 151.975"
"3116725","2016-08-18T12:00:00Z",-20.125,150.275,"0.0",0,"23.490000000000002","0.79",0,2016-08-18,"08","2016",0,23.49,"-20.125 150.275"
"3117781","2016-08-18T12:00:00Z",-20.775,150.425,"0.0",0,"22.94","0.84",0,2016-08-18,"08","2016",0,22.94,"-20.775 150.425"
"3117782","2016-08-18T12:00:00Z",-20.775,150.475,"0.0",0,"22.95","0.8200000000000001",0,2016-08-18,"08","2016",0,22.95,"-20.775 150.475"
"3117861","2016-08-18T12:00:00Z",-20.825,150.375,"0.0",0,"22.87","0.8300000000000001",0,2016-08-18,"08","2016",0,22.87,"-20.825 150.375"
"3117862","2016-08-18T12:00:00Z",-20.825,150.425,"0.0",0,"22.900000000000002","0.84",0,2016-08-18,"08","2016",0,22.9,"-20.825 150.425"
"3117940","2016-08-18T12:00:00Z",-20.875,150.275,"0.0",0,"22.73","0.73",0,2016-08-18,"08","2016",0,22.73,"-20.875 150.275"
"3121941","2016-08-18T12:00:00Z",-23.325,151.875,"0.0",0,"21.79","0.64",0,2016-08-18,"08","2016",0,21.79,"-23.325 151.875"
"3122183","2016-08-18T12:00:00Z",-23.475,151.825,"0.0",0,"21.46","0.62",0,2016-08-18,"08","2016",0,21.46,"-23.475 151.825"
"3122184","2016-08-18T12:00:00Z",-23.475,151.875,"0.0",0,"21.53","0.64",0,2016-08-18,"08","2016",0,21.53,"-23.475 151.875"
"3122186","2016-08-18T12:00:00Z",-23.475,151.975,"0.0",0,"21.68","0.63",0,2016-08-18,"08","2016",0,21.68,"-23.475 151.975"
"3162652","2016-08-25T12:00:00Z",-20.125,150.275,"0.0",0,"23.740000000000002","0.91",0,2016-08-25,"08","2016",0,23.74,"-20.125 150.275"
"3163708","2016-08-25T12:00:00Z",-20.775,150.425,"0.0",0,"23.26","1.0",0,2016-08-25,"08","2016",0,23.26,"-20.775 150.425"
"3163709","2016-08-25T12:00:00Z",-20.775,150.475,"0.0",0,"23.29","1.0",0,2016-08-25,"08","2016",0,23.29,"-20.775 150.475"
"3163788","2016-08-25T12:00:00Z",-20.825,150.375,"0.0",0,"23.22","1.01",0,2016-08-25,"08","2016",0,23.22,"-20.825 150.375"
"3163789","2016-08-25T12:00:00Z",-20.825,150.425,"0.0",0,"23.240000000000002","1.02",0,2016-08-25,"08","2016",0,23.24,"-20.825 150.425"
"3163867","2016-08-25T12:00:00Z",-20.875,150.275,"0.0",0,"23.16","0.98",0,2016-08-25,"08","2016",0,23.16,"-20.875 150.275"
"3167868","2016-08-25T12:00:00Z",-23.325,151.875,"0.0",0,"21.900000000000002","0.65",0,2016-08-25,"08","2016",0,21.9,"-23.325 151.875"
"3168110","2016-08-25T12:00:00Z",-23.475,151.825,"0.0",0,"21.72","0.76",0,2016-08-25,"08","2016",0,21.72,"-23.475 151.825"
"3168111","2016-08-25T12:00:00Z",-23.475,151.875,"0.0",0,"21.79","0.78",0,2016-08-25,"08","2016",0,21.79,"-23.475 151.875"
"3168113","2016-08-25T12:00:00Z",-23.475,151.975,"0.0",0,"21.91","0.76",0,2016-08-25,"08","2016",0,21.91,"-23.475 151.975"
"3208579","2016-09-01T12:00:00Z",-20.125,150.275,"0.0",0,"23.46","0.5",0,2016-09-01,"09","2016",0,23.46,"-20.125 150.275"
"3209635","2016-09-01T12:00:00Z",-20.775,150.425,"0.0",0,"22.97","0.56",0,2016-09-01,"09","2016",0,22.97,"-20.775 150.425"
"3209636","2016-09-01T12:00:00Z",-20.775,150.475,"0.0",0,"22.990000000000002","0.55",0,2016-09-01,"09","2016",0,22.99,"-20.775 150.475"
"3209715","2016-09-01T12:00:00Z",-20.825,150.375,"0.0",0,"22.91","0.53",0,2016-09-01,"09","2016",0,22.91,"-20.825 150.375"
"3209716","2016-09-01T12:00:00Z",-20.825,150.425,"0.0",0,"22.93","0.55",0,2016-09-01,"09","2016",0,22.93,"-20.825 150.425"
"3209794","2016-09-01T12:00:00Z",-20.875,150.275,"0.0",0,"22.8","0.44",0,2016-09-01,"09","2016",0,22.8,"-20.875 150.275"
"3213795","2016-09-01T12:00:00Z",-23.325,151.875,"0.0",0,"21.830000000000002","0.49",0,2016-09-01,"09","2016",0,21.83,"-23.325 151.875"
"3214037","2016-09-01T12:00:00Z",-23.475,151.825,"0.0",0,"21.67","0.58",0,2016-09-01,"09","2016",0,21.67,"-23.475 151.825"
"3214038","2016-09-01T12:00:00Z",-23.475,151.875,"0.0",0,"21.740000000000002","0.61",0,2016-09-01,"09","2016",0,21.74,"-23.475 151.875"
"3214040","2016-09-01T12:00:00Z",-23.475,151.975,"0.0",0,"21.87","0.63",0,2016-09-01,"09","2016",0,21.87,"-23.475 151.975"
"3254506","2016-09-08T12:00:00Z",-20.125,150.275,"0.0",0,"23.53","0.45",0,2016-09-08,"09","2016",0,23.53,"-20.125 150.275"
"3255562","2016-09-08T12:00:00Z",-20.775,150.425,"0.0",0,"23.0","0.43",0,2016-09-08,"09","2016",0,23,"-20.775 150.425"
"3255563","2016-09-08T12:00:00Z",-20.775,150.475,"0.0",0,"23.01","0.42",0,2016-09-08,"09","2016",0,23.01,"-20.775 150.475"
"3255642","2016-09-08T12:00:00Z",-20.825,150.375,"0.0",0,"22.92","0.38",0,2016-09-08,"09","2016",0,22.92,"-20.825 150.375"
"3255643","2016-09-08T12:00:00Z",-20.825,150.425,"0.0",0,"22.95","0.41000000000000003",0,2016-09-08,"09","2016",0,22.95,"-20.825 150.425"
"3255721","2016-09-08T12:00:00Z",-20.875,150.275,"0.0",0,"22.82","0.28",0,2016-09-08,"09","2016",0,22.82,"-20.875 150.275"
"3259722","2016-09-08T12:00:00Z",-23.325,151.875,"0.0",0,"21.55","0.11",0,2016-09-08,"09","2016",0,21.55,"-23.325 151.875"
"3259964","2016-09-08T12:00:00Z",-23.475,151.825,"0.0",0,"21.400000000000002","0.18",0,2016-09-08,"09","2016",0,21.4,"-23.475 151.825"
"3259965","2016-09-08T12:00:00Z",-23.475,151.875,"0.0",0,"21.43","0.18",0,2016-09-08,"09","2016",0,21.43,"-23.475 151.875"
"3259967","2016-09-08T12:00:00Z",-23.475,151.975,"0.0",0,"21.52","0.18",0,2016-09-08,"09","2016",0,21.52,"-23.475 151.975"
"3300433","2016-09-15T12:00:00Z",-20.125,150.275,"0.0",0,"24.13","0.92",0,2016-09-15,"09","2016",0,24.13,"-20.125 150.275"
"3301489","2016-09-15T12:00:00Z",-20.775,150.425,"0.0",0,"23.61","0.88",0,2016-09-15,"09","2016",0,23.61,"-20.775 150.425"
"3301490","2016-09-15T12:00:00Z",-20.775,150.475,"0.0",0,"23.650000000000002","0.91",0,2016-09-15,"09","2016",0,23.65,"-20.775 150.475"
"3301569","2016-09-15T12:00:00Z",-20.825,150.375,"0.0",0,"23.54","0.8300000000000001",0,2016-09-15,"09","2016",0,23.54,"-20.825 150.375"
"3301570","2016-09-15T12:00:00Z",-20.825,150.425,"0.0",0,"23.56","0.86",0,2016-09-15,"09","2016",0,23.56,"-20.825 150.425"
"3301648","2016-09-15T12:00:00Z",-20.875,150.275,"0.0",0,"23.59","0.87",0,2016-09-15,"09","2016",0,23.59,"-20.875 150.275"
"3305649","2016-09-15T12:00:00Z",-23.325,151.875,"0.0",0,"22.38","0.85",0,2016-09-15,"09","2016",0,22.38,"-23.325 151.875"
"3305891","2016-09-15T12:00:00Z",-23.475,151.825,"0.0",0,"22.32","0.97",0,2016-09-15,"09","2016",0,22.32,"-23.475 151.825"
"3305892","2016-09-15T12:00:00Z",-23.475,151.875,"0.0",0,"22.32","0.9500000000000001",0,2016-09-15,"09","2016",0,22.32,"-23.475 151.875"
"3305894","2016-09-15T12:00:00Z",-23.475,151.975,"0.0",0,"22.36","0.93",0,2016-09-15,"09","2016",0,22.36,"-23.475 151.975"
"3346360","2016-09-22T12:00:00Z",-20.125,150.275,"0.0",0,"24.55","1.05",0,2016-09-22,"09","2016",0,24.55,"-20.125 150.275"
"3347416","2016-09-22T12:00:00Z",-20.775,150.425,"0.0",0,"24.310000000000002","1.22",0,2016-09-22,"09","2016",0,24.31,"-20.775 150.425"
"3347417","2016-09-22T12:00:00Z",-20.775,150.475,"0.0",0,"24.330000000000002","1.23",0,2016-09-22,"09","2016",0,24.33,"-20.775 150.475"
"3347496","2016-09-22T12:00:00Z",-20.825,150.375,"0.0",0,"24.27","1.19",0,2016-09-22,"09","2016",0,24.27,"-20.825 150.375"
"3347497","2016-09-22T12:00:00Z",-20.825,150.425,"0.0",0,"24.28","1.21",0,2016-09-22,"09","2016",0,24.28,"-20.825 150.425"
"3347575","2016-09-22T12:00:00Z",-20.875,150.275,"0.0",0,"24.28","1.18",0,2016-09-22,"09","2016",0,24.28,"-20.875 150.275"
"3351576","2016-09-22T12:00:00Z",-23.325,151.875,"0.0",0,"23.05","1.22",0,2016-09-22,"09","2016",0,23.05,"-23.325 151.875"
"3351818","2016-09-22T12:00:00Z",-23.475,151.825,"0.0",0,"22.830000000000002","1.1400000000000001",0,2016-09-22,"09","2016",0,22.83,"-23.475 151.825"
"3351819","2016-09-22T12:00:00Z",-23.475,151.875,"0.0",0,"22.900000000000002","1.19",0,2016-09-22,"09","2016",0,22.9,"-23.475 151.875"
"3351821","2016-09-22T12:00:00Z",-23.475,151.975,"0.0",0,"23.19","1.44",0,2016-09-22,"09","2016",0,23.19,"-23.475 151.975"
"3392287","2016-09-29T12:00:00Z",-20.125,150.275,"0.0",0,"24.72","0.92",0,2016-09-29,"09","2016",0,24.72,"-20.125 150.275"
"3393343","2016-09-29T12:00:00Z",-20.775,150.425,"0.0",0,"24.68","1.22",0,2016-09-29,"09","2016",0,24.68,"-20.775 150.425"
"3393344","2016-09-29T12:00:00Z",-20.775,150.475,"0.0",0,"24.7","1.24",0,2016-09-29,"09","2016",0,24.7,"-20.775 150.475"
"3393423","2016-09-29T12:00:00Z",-20.825,150.375,"0.0",0,"24.650000000000002","1.2",0,2016-09-29,"09","2016",0,24.65,"-20.825 150.375"
"3393424","2016-09-29T12:00:00Z",-20.825,150.425,"0.0",0,"24.66","1.22",0,2016-09-29,"09","2016",0,24.66,"-20.825 150.425"
"3393502","2016-09-29T12:00:00Z",-20.875,150.275,"0.0",0,"24.67","1.2",0,2016-09-29,"09","2016",0,24.67,"-20.875 150.275"
"3397503","2016-09-29T12:00:00Z",-23.325,151.875,"0.0",0,"23.080000000000002","0.9500000000000001",0,2016-09-29,"09","2016",0,23.08,"-23.325 151.875"
"3397745","2016-09-29T12:00:00Z",-23.475,151.825,"0.0",0,"23.06","1.03",0,2016-09-29,"09","2016",0,23.06,"-23.475 151.825"
"3397746","2016-09-29T12:00:00Z",-23.475,151.875,"0.0",0,"23.06","1.02",0,2016-09-29,"09","2016",0,23.06,"-23.475 151.875"
"3397748","2016-09-29T12:00:00Z",-23.475,151.975,"0.0",0,"23.12","1.05",0,2016-09-29,"09","2016",0,23.12,"-23.475 151.975"
"3438214","2016-10-06T12:00:00Z",-20.125,150.275,"0.0",0,"24.810000000000002","0.72",0,2016-10-06,"10","2016",0,24.81,"-20.125 150.275"
"3439270","2016-10-06T12:00:00Z",-20.775,150.425,"0.0",0,"24.830000000000002","1.01",0,2016-10-06,"10","2016",0,24.83,"-20.775 150.425"
"3439271","2016-10-06T12:00:00Z",-20.775,150.475,"0.0",0,"24.810000000000002","0.99",0,2016-10-06,"10","2016",0,24.81,"-20.775 150.475"
"3439350","2016-10-06T12:00:00Z",-20.825,150.375,"0.0",0,"24.87","1.05",0,2016-10-06,"10","2016",0,24.87,"-20.825 150.375"
"3439351","2016-10-06T12:00:00Z",-20.825,150.425,"0.0",0,"24.84","1.03",0,2016-10-06,"10","2016",0,24.84,"-20.825 150.425"
"3439429","2016-10-06T12:00:00Z",-20.875,150.275,"0.0",0,"24.97","1.12",0,2016-10-06,"10","2016",0,24.97,"-20.875 150.275"
"3443430","2016-10-06T12:00:00Z",-23.325,151.875,"0.0",0,"22.990000000000002","0.56",0,2016-10-06,"10","2016",0,22.99,"-23.325 151.875"
"3443672","2016-10-06T12:00:00Z",-23.475,151.825,"0.0",0,"23.080000000000002","0.71",0,2016-10-06,"10","2016",0,23.08,"-23.475 151.825"
"3443673","2016-10-06T12:00:00Z",-23.475,151.875,"0.0",0,"23.02","0.64",0,2016-10-06,"10","2016",0,23.02,"-23.475 151.875"
"3443675","2016-10-06T12:00:00Z",-23.475,151.975,"0.0",0,"22.96","0.56",0,2016-10-06,"10","2016",0,22.96,"-23.475 151.975"
"3484141","2016-10-13T12:00:00Z",-20.125,150.275,"0.0",0,"25.1","0.71",0,2016-10-13,"10","2016",0,25.1,"-20.125 150.275"
"3485197","2016-10-13T12:00:00Z",-20.775,150.425,"0.0",0,"25.12","0.93",0,2016-10-13,"10","2016",0,25.12,"-20.775 150.425"
"3485198","2016-10-13T12:00:00Z",-20.775,150.475,"0.0",0,"25.11","0.92",0,2016-10-13,"10","2016",0,25.11,"-20.775 150.475"
"3485277","2016-10-13T12:00:00Z",-20.825,150.375,"0.0",0,"25.18","0.99",0,2016-10-13,"10","2016",0,25.18,"-20.825 150.375"
"3485278","2016-10-13T12:00:00Z",-20.825,150.425,"0.0",0,"25.16","0.98",0,2016-10-13,"10","2016",0,25.16,"-20.825 150.425"
"3485356","2016-10-13T12:00:00Z",-20.875,150.275,"0.0",0,"25.26","1.04",0,2016-10-13,"10","2016",0,25.26,"-20.875 150.275"
"3489357","2016-10-13T12:00:00Z",-23.325,151.875,"0.0",0,"23.240000000000002","0.51",0,2016-10-13,"10","2016",0,23.24,"-23.325 151.875"
"3489599","2016-10-13T12:00:00Z",-23.475,151.825,"0.0",0,"23.240000000000002","0.53",0,2016-10-13,"10","2016",0,23.24,"-23.475 151.825"
"3489600","2016-10-13T12:00:00Z",-23.475,151.875,"0.0",0,"23.23","0.52",0,2016-10-13,"10","2016",0,23.23,"-23.475 151.875"
"3489602","2016-10-13T12:00:00Z",-23.475,151.975,"0.0",0,"23.28","0.56",0,2016-10-13,"10","2016",0,23.28,"-23.475 151.975"
"3530068","2016-10-20T12:00:00Z",-20.125,150.275,"0.0",0,"25.76","1.06",0,2016-10-20,"10","2016",0,25.76,"-20.125 150.275"
"3531124","2016-10-20T12:00:00Z",-20.775,150.425,"0.0",0,"25.57","1.02",0,2016-10-20,"10","2016",0,25.57,"-20.775 150.425"
"3531125","2016-10-20T12:00:00Z",-20.775,150.475,"0.0",0,"25.580000000000002","1.03",0,2016-10-20,"10","2016",0,25.58,"-20.775 150.475"
"3531204","2016-10-20T12:00:00Z",-20.825,150.375,"0.0",0,"25.59","1.03",0,2016-10-20,"10","2016",0,25.59,"-20.825 150.375"
"3531205","2016-10-20T12:00:00Z",-20.825,150.425,"0.0",0,"25.580000000000002","1.03",0,2016-10-20,"10","2016",0,25.58,"-20.825 150.425"
"3531283","2016-10-20T12:00:00Z",-20.875,150.275,"0.0",0,"25.61","1.02",0,2016-10-20,"10","2016",0,25.61,"-20.875 150.275"
"3535284","2016-10-20T12:00:00Z",-23.325,151.875,"0.0",0,"23.55","0.48",0,2016-10-20,"10","2016",0,23.55,"-23.325 151.875"
"3535526","2016-10-20T12:00:00Z",-23.475,151.825,"0.0",0,"23.46","0.4",0,2016-10-20,"10","2016",0,23.46,"-23.475 151.825"
"3535527","2016-10-20T12:00:00Z",-23.475,151.875,"0.0",0,"23.45","0.39",0,2016-10-20,"10","2016",0,23.45,"-23.475 151.875"
"3535529","2016-10-20T12:00:00Z",-23.475,151.975,"0.0",0,"23.490000000000002","0.43",0,2016-10-20,"10","2016",0,23.49,"-23.475 151.975"
"3575995","2016-10-27T12:00:00Z",-20.125,150.275,"0.0",0,"25.59","0.5700000000000001",0,2016-10-27,"10","2016",0,25.59,"-20.125 150.275"
"3577051","2016-10-27T12:00:00Z",-20.775,150.425,"0.0",0,"25.46","0.55",0,2016-10-27,"10","2016",0,25.46,"-20.775 150.425"
"3577052","2016-10-27T12:00:00Z",-20.775,150.475,"0.0",0,"25.46","0.55",0,2016-10-27,"10","2016",0,25.46,"-20.775 150.475"
"3577131","2016-10-27T12:00:00Z",-20.825,150.375,"0.0",0,"25.47","0.54",0,2016-10-27,"10","2016",0,25.47,"-20.825 150.375"
"3577132","2016-10-27T12:00:00Z",-20.825,150.425,"0.0",0,"25.47","0.56",0,2016-10-27,"10","2016",0,25.47,"-20.825 150.425"
"3577210","2016-10-27T12:00:00Z",-20.875,150.275,"0.0",0,"25.54","0.59",0,2016-10-27,"10","2016",0,25.54,"-20.875 150.275"
"3581211","2016-10-27T12:00:00Z",-23.325,151.875,"0.0",0,"23.55","0.14",0,2016-10-27,"10","2016",0,23.55,"-23.325 151.875"
"3581453","2016-10-27T12:00:00Z",-23.475,151.825,"0.0",0,"23.54","0.13",0,2016-10-27,"10","2016",0,23.54,"-23.475 151.825"
"3581454","2016-10-27T12:00:00Z",-23.475,151.875,"0.0",0,"23.53","0.12",0,2016-10-27,"10","2016",0,23.53,"-23.475 151.875"
"3581456","2016-10-27T12:00:00Z",-23.475,151.975,"0.0",0,"23.51","0.11",0,2016-10-27,"10","2016",0,23.51,"-23.475 151.975"
"3621922","2016-11-03T12:00:00Z",-20.125,150.275,"0.0",0,"25.990000000000002","0.64",0,2016-11-03,"11","2016",0,25.99,"-20.125 150.275"
"3622978","2016-11-03T12:00:00Z",-20.775,150.425,"0.0",0,"25.87","0.6",0,2016-11-03,"11","2016",0,25.87,"-20.775 150.425"
"3622979","2016-11-03T12:00:00Z",-20.775,150.475,"0.0",0,"25.86","0.6",0,2016-11-03,"11","2016",0,25.86,"-20.775 150.475"
"3623058","2016-11-03T12:00:00Z",-20.825,150.375,"0.0",0,"25.93","0.64",0,2016-11-03,"11","2016",0,25.93,"-20.825 150.375"
"3623059","2016-11-03T12:00:00Z",-20.825,150.425,"0.0",0,"25.91","0.63",0,2016-11-03,"11","2016",0,25.91,"-20.825 150.425"
"3623137","2016-11-03T12:00:00Z",-20.875,150.275,"0.0",0,"26.07","0.75",0,2016-11-03,"11","2016",0,26.07,"-20.875 150.275"
"3627138","2016-11-03T12:00:00Z",-23.325,151.875,"0.0",0,"24.18","0.43",0,2016-11-03,"11","2016",0,24.18,"-23.325 151.875"
"3627380","2016-11-03T12:00:00Z",-23.475,151.825,"0.0",0,"24.22","0.45",0,2016-11-03,"11","2016",0,24.22,"-23.475 151.825"
"3627381","2016-11-03T12:00:00Z",-23.475,151.875,"0.0",0,"24.19","0.43",0,2016-11-03,"11","2016",0,24.19,"-23.475 151.875"
"3627383","2016-11-03T12:00:00Z",-23.475,151.975,"0.0",0,"24.16","0.42",0,2016-11-03,"11","2016",0,24.16,"-23.475 151.975"
"3667849","2016-11-10T12:00:00Z",-20.125,150.275,"0.0",0,"26.57","0.9",0,2016-11-10,"11","2016",0,26.57,"-20.125 150.275"
"3668905","2016-11-10T12:00:00Z",-20.775,150.425,"0.0",0,"26.48","0.85",0,2016-11-10,"11","2016",0,26.48,"-20.775 150.425"
"3668906","2016-11-10T12:00:00Z",-20.775,150.475,"0.0",0,"26.45","0.8300000000000001",0,2016-11-10,"11","2016",0,26.45,"-20.775 150.475"
"3668985","2016-11-10T12:00:00Z",-20.825,150.375,"0.0",0,"26.580000000000002","0.92",0,2016-11-10,"11","2016",0,26.58,"-20.825 150.375"
"3668986","2016-11-10T12:00:00Z",-20.825,150.425,"0.0",0,"26.54","0.9",0,2016-11-10,"11","2016",0,26.54,"-20.825 150.425"
"3669064","2016-11-10T12:00:00Z",-20.875,150.275,"0.0",0,"26.71","1.03",0,2016-11-10,"11","2016",0,26.71,"-20.875 150.275"
"3673065","2016-11-10T12:00:00Z",-23.325,151.875,"0.0",0,"24.78","0.6900000000000001",0,2016-11-10,"11","2016",0,24.78,"-23.325 151.875"
"3673307","2016-11-10T12:00:00Z",-23.475,151.825,"0.0",0,"24.82","0.7000000000000001",0,2016-11-10,"11","2016",0,24.82,"-23.475 151.825"
"3673308","2016-11-10T12:00:00Z",-23.475,151.875,"0.0",0,"24.8","0.6900000000000001",0,2016-11-10,"11","2016",0,24.8,"-23.475 151.875"
"3673310","2016-11-10T12:00:00Z",-23.475,151.975,"0.0",0,"24.77","0.6900000000000001",0,2016-11-10,"11","2016",0,24.77,"-23.475 151.975"
"3713776","2016-11-17T12:00:00Z",-20.125,150.275,"0.0",0,"25.97","0.01",0,2016-11-17,"11","2016",0,25.97,"-20.125 150.275"
"3714832","2016-11-17T12:00:00Z",-20.775,150.425,"0.0",0,"26.54","0.58",0,2016-11-17,"11","2016",0,26.54,"-20.775 150.425"
"3714833","2016-11-17T12:00:00Z",-20.775,150.475,"0.0",0,"26.48","0.53",0,2016-11-17,"11","2016",0,26.48,"-20.775 150.475"
"3714912","2016-11-17T12:00:00Z",-20.825,150.375,"0.0",0,"26.6","0.61",0,2016-11-17,"11","2016",0,26.6,"-20.825 150.375"
"3714913","2016-11-17T12:00:00Z",-20.825,150.425,"0.0",0,"26.55","0.58",0,2016-11-17,"11","2016",0,26.55,"-20.825 150.425"
"3714991","2016-11-17T12:00:00Z",-20.875,150.275,"0.0",0,"26.7","0.6900000000000001",0,2016-11-17,"11","2016",0,26.7,"-20.875 150.275"
"3718992","2016-11-17T12:00:00Z",-23.325,151.875,"0.0",0,"24.7","0.26",0,2016-11-17,"11","2016",0,24.7,"-23.325 151.875"
"3719234","2016-11-17T12:00:00Z",-23.475,151.825,"0.0",0,"24.7","0.23",0,2016-11-17,"11","2016",0,24.7,"-23.475 151.825"
"3719235","2016-11-17T12:00:00Z",-23.475,151.875,"0.0",0,"24.57","0.11",0,2016-11-17,"11","2016",0,24.57,"-23.475 151.875"
"3719237","2016-11-17T12:00:00Z",-23.475,151.975,"0.0",0,"24.52","0.09",0,2016-11-17,"11","2016",0,24.52,"-23.475 151.975"
"3759703","2016-11-24T12:00:00Z",-20.125,150.275,"0.0",0,"26.04","-0.14",0,2016-11-24,"11","2016",0,26.04,"-20.125 150.275"
"3760759","2016-11-24T12:00:00Z",-20.775,150.425,"0.0",0,"26.44","0.23",0,2016-11-24,"11","2016",0,26.44,"-20.775 150.425"
"3760760","2016-11-24T12:00:00Z",-20.775,150.475,"0.0",0,"26.42","0.22",0,2016-11-24,"11","2016",0,26.42,"-20.775 150.475"
"3760839","2016-11-24T12:00:00Z",-20.825,150.375,"0.0",0,"26.54","0.3",0,2016-11-24,"11","2016",0,26.54,"-20.825 150.375"
"3760840","2016-11-24T12:00:00Z",-20.825,150.425,"0.0",0,"26.51","0.29",0,2016-11-24,"11","2016",0,26.51,"-20.825 150.425"
"3760918","2016-11-24T12:00:00Z",-20.875,150.275,"0.0",0,"26.77","0.52",0,2016-11-24,"11","2016",0,26.77,"-20.875 150.275"
"3764919","2016-11-24T12:00:00Z",-23.325,151.875,"0.0",0,"25.07","0.29",0,2016-11-24,"11","2016",0,25.07,"-23.325 151.875"
"3765161","2016-11-24T12:00:00Z",-23.475,151.825,"0.0",0,"24.87","0.05",0,2016-11-24,"11","2016",0,24.87,"-23.475 151.825"
"3765162","2016-11-24T12:00:00Z",-23.475,151.875,"0.0",0,"24.92","0.12",0,2016-11-24,"11","2016",0,24.92,"-23.475 151.875"
"3765164","2016-11-24T12:00:00Z",-23.475,151.975,"0.0",0,"25.0","0.24",0,2016-11-24,"11","2016",0,25,"-23.475 151.975"
"3805630","2016-12-01T12:00:00Z",-20.125,150.275,"0.0",0,"26.38","-0.02",0,2016-12-01,"12","2016",0,26.38,"-20.125 150.275"
"3806686","2016-12-01T12:00:00Z",-20.775,150.425,"0.0",0,"26.650000000000002","0.19",0,2016-12-01,"12","2016",0,26.65,"-20.775 150.425"
"3806687","2016-12-01T12:00:00Z",-20.775,150.475,"0.0",0,"26.67","0.21",0,2016-12-01,"12","2016",0,26.67,"-20.775 150.475"
"3806766","2016-12-01T12:00:00Z",-20.825,150.375,"0.0",0,"26.72","0.24",0,2016-12-01,"12","2016",0,26.72,"-20.825 150.375"
"3806767","2016-12-01T12:00:00Z",-20.825,150.425,"0.0",0,"26.75","0.28",0,2016-12-01,"12","2016",0,26.75,"-20.825 150.425"
"3806845","2016-12-01T12:00:00Z",-20.875,150.275,"0.0",0,"26.85","0.36",0,2016-12-01,"12","2016",0,26.85,"-20.875 150.275"
"3810846","2016-12-01T12:00:00Z",-23.325,151.875,"0.0",0,"25.400000000000002","0.28",0,2016-12-01,"12","2016",0,25.4,"-23.325 151.875"
"3811088","2016-12-01T12:00:00Z",-23.475,151.825,"0.0",0,"25.41","0.25",0,2016-12-01,"12","2016",0,25.41,"-23.475 151.825"
"3811089","2016-12-01T12:00:00Z",-23.475,151.875,"0.0",0,"25.41","0.27",0,2016-12-01,"12","2016",0,25.41,"-23.475 151.875"
"3811091","2016-12-01T12:00:00Z",-23.475,151.975,"0.0",0,"25.400000000000002","0.3",0,2016-12-01,"12","2016",0,25.4,"-23.475 151.975"
"3851557","2016-12-08T12:00:00Z",-20.125,150.275,"0.0",0,"26.85","0.23",0,2016-12-08,"12","2016",0,26.85,"-20.125 150.275"
"3852613","2016-12-08T12:00:00Z",-20.775,150.425,"0.0",0,"27.14","0.43",0,2016-12-08,"12","2016",0,27.14,"-20.775 150.425"
"3852614","2016-12-08T12:00:00Z",-20.775,150.475,"0.0",0,"27.13","0.42",0,2016-12-08,"12","2016",0,27.13,"-20.775 150.475"
"3852693","2016-12-08T12:00:00Z",-20.825,150.375,"0.0",0,"27.27","0.54",0,2016-12-08,"12","2016",0,27.27,"-20.825 150.375"
"3852694","2016-12-08T12:00:00Z",-20.825,150.425,"0.0",0,"27.25","0.53",0,2016-12-08,"12","2016",0,27.25,"-20.825 150.425"
"3852772","2016-12-08T12:00:00Z",-20.875,150.275,"0.0",0,"27.44","0.7000000000000001",0,2016-12-08,"12","2016",0,27.44,"-20.875 150.275"
"3856773","2016-12-08T12:00:00Z",-23.325,151.875,"0.0",0,"26.17","0.7000000000000001",0,2016-12-08,"12","2016",0,26.17,"-23.325 151.875"
"3857015","2016-12-08T12:00:00Z",-23.475,151.825,"0.0",0,"26.2","0.6900000000000001",0,2016-12-08,"12","2016",0,26.2,"-23.475 151.825"
"3857016","2016-12-08T12:00:00Z",-23.475,151.875,"0.0",0,"26.22","0.73",0,2016-12-08,"12","2016",0,26.22,"-23.475 151.875"
"3857018","2016-12-08T12:00:00Z",-23.475,151.975,"0.0",0,"26.150000000000002","0.72",0,2016-12-08,"12","2016",0,26.15,"-23.475 151.975"
"3897484","2016-12-15T12:00:00Z",-20.125,150.275,"0.0",0,"26.990000000000002","0.15",0,2016-12-15,"12","2016",0,26.99,"-20.125 150.275"
"3898540","2016-12-15T12:00:00Z",-20.775,150.425,"0.0",0,"27.11","0.15",0,2016-12-15,"12","2016",0,27.11,"-20.775 150.425"
"3898541","2016-12-15T12:00:00Z",-20.775,150.475,"0.0",0,"27.080000000000002","0.12",0,2016-12-15,"12","2016",0,27.08,"-20.775 150.475"
"3898620","2016-12-15T12:00:00Z",-20.825,150.375,"0.0",0,"27.18","0.21",0,2016-12-15,"12","2016",0,27.18,"-20.825 150.375"
"3898621","2016-12-15T12:00:00Z",-20.825,150.425,"0.0",0,"27.16","0.19",0,2016-12-15,"12","2016",0,27.16,"-20.825 150.425"
"3898699","2016-12-15T12:00:00Z",-20.875,150.275,"0.0",0,"27.23","0.25",0,2016-12-15,"12","2016",0,27.23,"-20.875 150.275"
"3902700","2016-12-15T12:00:00Z",-23.325,151.875,"0.0",0,"25.87","0.06",0,2016-12-15,"12","2016",0,25.87,"-23.325 151.875"
"3902942","2016-12-15T12:00:00Z",-23.475,151.825,"0.0",0,"25.85","-0.01",0,2016-12-15,"12","2016",0,25.85,"-23.475 151.825"
"3902943","2016-12-15T12:00:00Z",-23.475,151.875,"0.0",0,"25.85","0.02",0,2016-12-15,"12","2016",0,25.85,"-23.475 151.875"
"3902945","2016-12-15T12:00:00Z",-23.475,151.975,"0.0",0,"25.900000000000002","0.13",0,2016-12-15,"12","2016",0,25.9,"-23.475 151.975"
"3943411","2016-12-22T12:00:00Z",-20.125,150.275,"0.0",0,"27.28","0.26",0,2016-12-22,"12","2016",0,27.28,"-20.125 150.275"
"3944467","2016-12-22T12:00:00Z",-20.775,150.425,"0.0",0,"27.560000000000002","0.4",0,2016-12-22,"12","2016",0,27.56,"-20.775 150.425"
"3944468","2016-12-22T12:00:00Z",-20.775,150.475,"0.0",0,"27.580000000000002","0.43",0,2016-12-22,"12","2016",0,27.58,"-20.775 150.475"
"3944547","2016-12-22T12:00:00Z",-20.825,150.375,"0.0",0,"27.59","0.42",0,2016-12-22,"12","2016",0,27.59,"-20.825 150.375"
"3944548","2016-12-22T12:00:00Z",-20.825,150.425,"0.0",0,"27.61","0.44",0,2016-12-22,"12","2016",0,27.61,"-20.825 150.425"
"3944626","2016-12-22T12:00:00Z",-20.875,150.275,"0.0",0,"27.69","0.51",0,2016-12-22,"12","2016",0,27.69,"-20.875 150.275"
"3948627","2016-12-22T12:00:00Z",-23.325,151.875,"0.0",0,"26.830000000000002","0.77",0,2016-12-22,"12","2016",0,26.83,"-23.325 151.875"
"3948869","2016-12-22T12:00:00Z",-23.475,151.825,"0.0",0,"26.75","0.64",0,2016-12-22,"12","2016",0,26.75,"-23.475 151.825"
"3948870","2016-12-22T12:00:00Z",-23.475,151.875,"0.0",0,"26.76","0.68",0,2016-12-22,"12","2016",0,26.76,"-23.475 151.875"
"3948872","2016-12-22T12:00:00Z",-23.475,151.975,"0.0",0,"26.810000000000002","0.78",0,2016-12-22,"12","2016",0,26.81,"-23.475 151.975"
"3989338","2016-12-29T12:00:00Z",-20.125,150.275,"0.0",0,"27.44","0.24",0,2016-12-29,"12","2016",0,27.44,"-20.125 150.275"
"3990394","2016-12-29T12:00:00Z",-20.775,150.425,"0.0",0,"27.54","0.19",0,2016-12-29,"12","2016",0,27.54,"-20.775 150.425"
"3990395","2016-12-29T12:00:00Z",-20.775,150.475,"0.0",0,"27.55","0.2",0,2016-12-29,"12","2016",0,27.55,"-20.775 150.475"
"3990474","2016-12-29T12:00:00Z",-20.825,150.375,"0.0",0,"27.560000000000002","0.19",0,2016-12-29,"12","2016",0,27.56,"-20.825 150.375"
"3990475","2016-12-29T12:00:00Z",-20.825,150.425,"0.0",0,"27.57","0.21",0,2016-12-29,"12","2016",0,27.57,"-20.825 150.425"
"3990553","2016-12-29T12:00:00Z",-20.875,150.275,"0.0",0,"27.650000000000002","0.27",0,2016-12-29,"12","2016",0,27.65,"-20.875 150.275"
"3994554","2016-12-29T12:00:00Z",-23.325,151.875,"0.0",0,"26.18","-0.12",0,2016-12-29,"12","2016",0,26.18,"-23.325 151.875"
"3994796","2016-12-29T12:00:00Z",-23.475,151.825,"0.0",0,"26.26","-0.11",0,2016-12-29,"12","2016",0,26.26,"-23.475 151.825"
"3994797","2016-12-29T12:00:00Z",-23.475,151.875,"0.0",0,"26.2","-0.14",0,2016-12-29,"12","2016",0,26.2,"-23.475 151.875"
"3994799","2016-12-29T12:00:00Z",-23.475,151.975,"0.0",0,"26.19","-0.09",0,2016-12-29,"12","2016",0,26.19,"-23.475 151.975"
"4035265","2017-01-05T12:00:00Z",-20.125,150.275,"0.0",0,"27.82","0.44",0,2017-01-05,"01","2017",0,27.82,"-20.125 150.275"
"4036321","2017-01-05T12:00:00Z",-20.775,150.425,"0.0",0,"27.94","0.39",0,2017-01-05,"01","2017",0,27.94,"-20.775 150.425"
"4036322","2017-01-05T12:00:00Z",-20.775,150.475,"0.0",0,"27.91","0.37",0,2017-01-05,"01","2017",0,27.91,"-20.775 150.475"
"4036401","2017-01-05T12:00:00Z",-20.825,150.375,"0.0",0,"27.98","0.41000000000000003",0,2017-01-05,"01","2017",0,27.98,"-20.825 150.375"
"4036402","2017-01-05T12:00:00Z",-20.825,150.425,"0.0",0,"27.96","0.4",0,2017-01-05,"01","2017",0,27.96,"-20.825 150.425"
"4036480","2017-01-05T12:00:00Z",-20.875,150.275,"0.0",0,"28.060000000000002","0.48",0,2017-01-05,"01","2017",0,28.06,"-20.875 150.275"
"4040481","2017-01-05T12:00:00Z",-23.325,151.875,"0.0",0,"26.93","0.38",0,2017-01-05,"01","2017",0,26.93,"-23.325 151.875"
"4040723","2017-01-05T12:00:00Z",-23.475,151.825,"0.0",0,"26.87","0.25",0,2017-01-05,"01","2017",0,26.87,"-23.475 151.825"
"4040724","2017-01-05T12:00:00Z",-23.475,151.875,"0.0",0,"26.88","0.29",0,2017-01-05,"01","2017",0,26.88,"-23.475 151.875"
"4040726","2017-01-05T12:00:00Z",-23.475,151.975,"0.0",0,"26.92","0.38",0,2017-01-05,"01","2017",0,26.92,"-23.475 151.975"
"4081192","2017-01-12T12:00:00Z",-20.125,150.275,"0.0",0,"28.22","0.66",0,2017-01-12,"01","2017",0,28.22,"-20.125 150.275"
"4082248","2017-01-12T12:00:00Z",-20.775,150.425,"0.0",0,"28.16","0.41000000000000003",0,2017-01-12,"01","2017",0,28.16,"-20.775 150.425"
"4082249","2017-01-12T12:00:00Z",-20.775,150.475,"0.0",0,"28.16","0.42",0,2017-01-12,"01","2017",0,28.16,"-20.775 150.475"
"4082328","2017-01-12T12:00:00Z",-20.825,150.375,"0.0",0,"28.19","0.42",0,2017-01-12,"01","2017",0,28.19,"-20.825 150.375"
"4082329","2017-01-12T12:00:00Z",-20.825,150.425,"0.0",0,"28.17","0.41000000000000003",0,2017-01-12,"01","2017",0,28.17,"-20.825 150.425"
"4082407","2017-01-12T12:00:00Z",-20.875,150.275,"0.0",0,"28.41","0.63",0,2017-01-12,"01","2017",0,28.41,"-20.875 150.275"
"4086408","2017-01-12T12:00:00Z",-23.325,151.875,"0.0",0,"26.89","0.1",0,2017-01-12,"01","2017",0,26.89,"-23.325 151.875"
"4086650","2017-01-12T12:00:00Z",-23.475,151.825,"0.0",0,"26.85","-0.02",0,2017-01-12,"01","2017",0,26.85,"-23.475 151.825"
"4086651","2017-01-12T12:00:00Z",-23.475,151.875,"0.0",0,"26.830000000000002","-0.01",0,2017-01-12,"01","2017",0,26.83,"-23.475 151.875"
"4086653","2017-01-12T12:00:00Z",-23.475,151.975,"0.0",0,"26.86","0.07",0,2017-01-12,"01","2017",0,26.86,"-23.475 151.975"
"4127119","2017-01-19T12:00:00Z",-20.125,150.275,"0.0",0,"28.38","0.71",0,2017-01-19,"01","2017",0,28.38,"-20.125 150.275"
"4128175","2017-01-19T12:00:00Z",-20.775,150.425,"0.0",0,"28.72","0.87",0,2017-01-19,"01","2017",0,28.72,"-20.775 150.425"
"4128176","2017-01-19T12:00:00Z",-20.775,150.475,"0.0",0,"28.73","0.89",0,2017-01-19,"01","2017",0,28.73,"-20.775 150.475"
"4128255","2017-01-19T12:00:00Z",-20.825,150.375,"0.0",0,"28.76","0.88",0,2017-01-19,"01","2017",0,28.76,"-20.825 150.375"
"4128256","2017-01-19T12:00:00Z",-20.825,150.425,"0.0",0,"28.76","0.9",0,2017-01-19,"01","2017",0,28.76,"-20.825 150.425"
"4128334","2017-01-19T12:00:00Z",-20.875,150.275,"0.0",0,"28.77","0.88",0,2017-01-19,"01","2017",0,28.77,"-20.875 150.275"
"4132335","2017-01-19T12:00:00Z",-23.325,151.875,"0.0",0,"27.62","0.6900000000000001",0,2017-01-19,"01","2017",0,27.62,"-23.325 151.875"
"4132577","2017-01-19T12:00:00Z",-23.475,151.825,"0.0",0,"27.79","0.79",0,2017-01-19,"01","2017",0,27.79,"-23.475 151.825"
"4132578","2017-01-19T12:00:00Z",-23.475,151.875,"0.0",0,"27.71","0.74",0,2017-01-19,"01","2017",0,27.71,"-23.475 151.875"
"4132580","2017-01-19T12:00:00Z",-23.475,151.975,"0.0",0,"27.53","0.6",0,2017-01-19,"01","2017",0,27.53,"-23.475 151.975"
"4173046","2017-01-26T12:00:00Z",-20.125,150.275,"0.0",0,"28.23","0.51",0,2017-01-26,"01","2017",0,28.23,"-20.125 150.275"
"4174102","2017-01-26T12:00:00Z",-20.775,150.425,"0.0",0,"28.71","0.84",0,2017-01-26,"01","2017",0,28.71,"-20.775 150.425"
"4174103","2017-01-26T12:00:00Z",-20.775,150.475,"0.0",0,"28.69","0.8300000000000001",0,2017-01-26,"01","2017",0,28.69,"-20.775 150.475"
"4174182","2017-01-26T12:00:00Z",-20.825,150.375,"0.0",0,"28.75","0.85",0,2017-01-26,"01","2017",0,28.75,"-20.825 150.375"
"4174183","2017-01-26T12:00:00Z",-20.825,150.425,"0.0",0,"28.72","0.84",0,2017-01-26,"01","2017",0,28.72,"-20.825 150.425"
"4174261","2017-01-26T12:00:00Z",-20.875,150.275,"0.0",0,"28.77","0.85",0,2017-01-26,"01","2017",0,28.77,"-20.875 150.275"
"4178262","2017-01-26T12:00:00Z",-23.325,151.875,"0.0",0,"27.400000000000002","0.41000000000000003",0,2017-01-26,"01","2017",0,27.4,"-23.325 151.875"
"4178504","2017-01-26T12:00:00Z",-23.475,151.825,"0.0",0,"27.51","0.47000000000000003",0,2017-01-26,"01","2017",0,27.51,"-23.475 151.825"
"4178505","2017-01-26T12:00:00Z",-23.475,151.875,"0.0",0,"27.41","0.4",0,2017-01-26,"01","2017",0,27.41,"-23.475 151.875"
"4178507","2017-01-26T12:00:00Z",-23.475,151.975,"0.0",0,"27.25","0.28",0,2017-01-26,"01","2017",0,27.25,"-23.475 151.975"
"4218973","2017-02-02T12:00:00Z",-20.125,150.275,"0.0",0,"28.48","0.71",0,2017-02-02,"02","2017",0,28.48,"-20.125 150.275"
"4220029","2017-02-02T12:00:00Z",-20.775,150.425,"0.0",0,"28.7","0.8",0,2017-02-02,"02","2017",0,28.7,"-20.775 150.425"
"4220030","2017-02-02T12:00:00Z",-20.775,150.475,"0.0",0,"28.68","0.79",0,2017-02-02,"02","2017",0,28.68,"-20.775 150.475"
"4220109","2017-02-02T12:00:00Z",-20.825,150.375,"0.0",0,"28.75","0.8200000000000001",0,2017-02-02,"02","2017",0,28.75,"-20.825 150.375"
"4220110","2017-02-02T12:00:00Z",-20.825,150.425,"0.0",0,"28.73","0.8200000000000001",0,2017-02-02,"02","2017",0,28.73,"-20.825 150.425"
"4220188","2017-02-02T12:00:00Z",-20.875,150.275,"0.0",0,"28.8","0.84",0,2017-02-02,"02","2017",0,28.8,"-20.875 150.275"
"4224189","2017-02-02T12:00:00Z",-23.325,151.875,"0.0",0,"27.8","0.76",0,2017-02-02,"02","2017",0,27.8,"-23.325 151.875"
"4224431","2017-02-02T12:00:00Z",-23.475,151.825,"0.0",0,"27.95","0.88",0,2017-02-02,"02","2017",0,27.95,"-23.475 151.825"
"4224432","2017-02-02T12:00:00Z",-23.475,151.875,"0.0",0,"27.92","0.87",0,2017-02-02,"02","2017",0,27.92,"-23.475 151.875"
"4224434","2017-02-02T12:00:00Z",-23.475,151.975,"0.0",0,"27.89","0.87",0,2017-02-02,"02","2017",0,27.89,"-23.475 151.975"
"4264900","2017-02-09T12:00:00Z",-20.125,150.275,"0.0",0,"28.5","0.68",0,2017-02-09,"02","2017",0,28.5,"-20.125 150.275"
"4265956","2017-02-09T12:00:00Z",-20.775,150.425,"0.0",0,"28.61","0.68",0,2017-02-09,"02","2017",0,28.61,"-20.775 150.425"
"4265957","2017-02-09T12:00:00Z",-20.775,150.475,"0.0",0,"28.59","0.67",0,2017-02-09,"02","2017",0,28.59,"-20.775 150.475"
"4266036","2017-02-09T12:00:00Z",-20.825,150.375,"0.0",0,"28.650000000000002","0.6900000000000001",0,2017-02-09,"02","2017",0,28.65,"-20.825 150.375"
"4266037","2017-02-09T12:00:00Z",-20.825,150.425,"0.0",0,"28.63","0.6900000000000001",0,2017-02-09,"02","2017",0,28.63,"-20.825 150.425"
"4266115","2017-02-09T12:00:00Z",-20.875,150.275,"0.0",0,"28.68","0.6900000000000001",0,2017-02-09,"02","2017",0,28.68,"-20.875 150.275"
"4270116","2017-02-09T12:00:00Z",-23.325,151.875,"0.0",0,"27.76","0.67",0,2017-02-09,"02","2017",0,27.76,"-23.325 151.875"
"4270358","2017-02-09T12:00:00Z",-23.475,151.825,"0.0",0,"27.830000000000002","0.72",0,2017-02-09,"02","2017",0,27.83,"-23.475 151.825"
"4270359","2017-02-09T12:00:00Z",-23.475,151.875,"0.0",0,"27.8","0.7000000000000001",0,2017-02-09,"02","2017",0,27.8,"-23.475 151.875"
"4270361","2017-02-09T12:00:00Z",-23.475,151.975,"0.0",0,"27.84","0.77",0,2017-02-09,"02","2017",0,27.84,"-23.475 151.975"
"4310827","2017-02-16T12:00:00Z",-20.125,150.275,"0.15",0,"28.48","0.64",0,2017-02-16,"02","2017",0.15,28.48,"-20.125 150.275"
"4311883","2017-02-16T12:00:00Z",-20.775,150.425,"0.0",0,"28.69","0.76",0,2017-02-16,"02","2017",0,28.69,"-20.775 150.425"
"4311884","2017-02-16T12:00:00Z",-20.775,150.475,"0.0",0,"28.67","0.75",0,2017-02-16,"02","2017",0,28.67,"-20.775 150.475"
"4311963","2017-02-16T12:00:00Z",-20.825,150.375,"0.0",0,"28.75","0.79",0,2017-02-16,"02","2017",0,28.75,"-20.825 150.375"
"4311964","2017-02-16T12:00:00Z",-20.825,150.425,"0.0",0,"28.72","0.78",0,2017-02-16,"02","2017",0,28.72,"-20.825 150.425"
"4312042","2017-02-16T12:00:00Z",-20.875,150.275,"0.0",0,"28.8","0.8",0,2017-02-16,"02","2017",0,28.8,"-20.875 150.275"
"4316043","2017-02-16T12:00:00Z",-23.325,151.875,"0.0",0,"27.79","0.67",0,2017-02-16,"02","2017",0,27.79,"-23.325 151.875"
"4316285","2017-02-16T12:00:00Z",-23.475,151.825,"0.0",0,"27.86","0.75",0,2017-02-16,"02","2017",0,27.86,"-23.475 151.825"
"4316286","2017-02-16T12:00:00Z",-23.475,151.875,"0.0",0,"27.830000000000002","0.73",0,2017-02-16,"02","2017",0,27.83,"-23.475 151.875"
"4316288","2017-02-16T12:00:00Z",-23.475,151.975,"0.0",0,"27.77","0.6900000000000001",0,2017-02-16,"02","2017",0,27.77,"-23.475 151.975"
"4356754","2017-02-23T12:00:00Z",-20.125,150.275,"0.3",0,"28.59","0.85",0,2017-02-23,"02","2017",0.3,28.59,"-20.125 150.275"
"4357810","2017-02-23T12:00:00Z",-20.775,150.425,"0.78",0,"29.01","1.2",0,2017-02-23,"02","2017",0.78,29.01,"-20.775 150.425"
"4357811","2017-02-23T12:00:00Z",-20.775,150.475,"0.65",0,"29.0","1.19",0,2017-02-23,"02","2017",0.65,29,"-20.775 150.475"
"4357890","2017-02-23T12:00:00Z",-20.825,150.375,"0.77",0,"29.01","1.17",0,2017-02-23,"02","2017",0.77,29.01,"-20.825 150.375"
"4357891","2017-02-23T12:00:00Z",-20.825,150.425,"0.78",0,"29.01","1.19",0,2017-02-23,"02","2017",0.78,29.01,"-20.825 150.425"
"4357969","2017-02-23T12:00:00Z",-20.875,150.275,"0.77",0,"29.1","1.23",0,2017-02-23,"02","2017",0.77,29.1,"-20.875 150.275"
"4361970","2017-02-23T12:00:00Z",-23.325,151.875,"0.51",0,"28.04","1.09",0,2017-02-23,"02","2017",0.51,28.04,"-23.325 151.875"
"4362212","2017-02-23T12:00:00Z",-23.475,151.825,"0.53",0,"28.02","1.1",0,2017-02-23,"02","2017",0.53,28.02,"-23.475 151.825"
"4362213","2017-02-23T12:00:00Z",-23.475,151.875,"0.51",0,"27.98","1.06",0,2017-02-23,"02","2017",0.51,27.98,"-23.475 151.875"
"4362215","2017-02-23T12:00:00Z",-23.475,151.975,"0.49",0,"27.95","1.05",0,2017-02-23,"02","2017",0.49,27.95,"-23.475 151.975"
"4402681","2017-03-02T12:00:00Z",-20.125,150.275,"0.3",0,"28.46","0.8300000000000001",0,2017-03-02,"03","2017",0.3,28.46,"-20.125 150.275"
"4403737","2017-03-02T12:00:00Z",-20.775,150.425,"1.44",0,"28.69","1.0",0,2017-03-02,"03","2017",1.44,28.69,"-20.775 150.425"
"4403738","2017-03-02T12:00:00Z",-20.775,150.475,"1.3",0,"28.66","0.97",0,2017-03-02,"03","2017",1.3,28.66,"-20.775 150.475"
"4403817","2017-03-02T12:00:00Z",-20.825,150.375,"1.58",0,"28.75","1.04",0,2017-03-02,"03","2017",1.58,28.75,"-20.825 150.375"
"4403818","2017-03-02T12:00:00Z",-20.825,150.425,"1.44",0,"28.73","1.03",0,2017-03-02,"03","2017",1.44,28.73,"-20.825 150.425"
"4403896","2017-03-02T12:00:00Z",-20.875,150.275,"1.43",0,"28.87","1.1300000000000001",0,2017-03-02,"03","2017",1.43,28.87,"-20.875 150.275"
"4407897","2017-03-02T12:00:00Z",-23.325,151.875,"0.51",0,"27.84","1.06",0,2017-03-02,"03","2017",0.51,27.84,"-23.325 151.875"
"4408139","2017-03-02T12:00:00Z",-23.475,151.825,"0.53",0,"27.67","0.9400000000000001",0,2017-03-02,"03","2017",0.53,27.67,"-23.475 151.825"
"4408140","2017-03-02T12:00:00Z",-23.475,151.875,"0.51",0,"27.69","0.96",0,2017-03-02,"03","2017",0.51,27.69,"-23.475 151.875"
"4408142","2017-03-02T12:00:00Z",-23.475,151.975,"0.49",0,"27.830000000000002","1.11",0,2017-03-02,"03","2017",0.49,27.83,"-23.475 151.975"
"4448608","2017-03-09T12:00:00Z",-20.125,150.275,"1.25",0,"29.19","1.6600000000000001",0,2017-03-09,"03","2017",1.25,29.19,"-20.125 150.275"
"4449664","2017-03-09T12:00:00Z",-20.775,150.425,"2.5300000000000002",0,"29.05","1.48",0,2017-03-09,"03","2017",2.53,29.05,"-20.775 150.425"
"4449665","2017-03-09T12:00:00Z",-20.775,150.475,"2.39",0,"29.04","1.47",0,2017-03-09,"03","2017",2.39,29.04,"-20.775 150.475"
"4449744","2017-03-09T12:00:00Z",-20.825,150.375,"2.67",0,"29.09","1.5",0,2017-03-09,"03","2017",2.67,29.09,"-20.825 150.375"
"4449745","2017-03-09T12:00:00Z",-20.825,150.425,"2.5500000000000003",0,"29.080000000000002","1.51",0,2017-03-09,"03","2017",2.55,29.08,"-20.825 150.425"
"4449823","2017-03-09T12:00:00Z",-20.875,150.275,"2.65",0,"29.13","1.52",0,2017-03-09,"03","2017",2.65,29.13,"-20.875 150.275"
"4453824","2017-03-09T12:00:00Z",-23.325,151.875,"0.67",0,"27.98","1.37",0,2017-03-09,"03","2017",0.67,27.98,"-23.325 151.875"
"4454066","2017-03-09T12:00:00Z",-23.475,151.825,"0.67",0,"27.990000000000002","1.45",0,2017-03-09,"03","2017",0.67,27.99,"-23.475 151.825"
"4454067","2017-03-09T12:00:00Z",-23.475,151.875,"0.66",0,"27.900000000000002","1.36",0,2017-03-09,"03","2017",0.66,27.9,"-23.475 151.875"
"4454069","2017-03-09T12:00:00Z",-23.475,151.975,"0.64",0,"27.830000000000002","1.29",0,2017-03-09,"03","2017",0.64,27.83,"-23.475 151.975"
"4494535","2017-03-16T12:00:00Z",-20.125,150.275,"1.25",0,"28.54","1.1300000000000001",0,2017-03-16,"03","2017",1.25,28.54,"-20.125 150.275"
"4495591","2017-03-16T12:00:00Z",-20.775,150.425,"2.69",0,"28.830000000000002","1.3900000000000001",0,2017-03-16,"03","2017",2.69,28.83,"-20.775 150.425"
"4495592","2017-03-16T12:00:00Z",-20.775,150.475,"2.54",0,"28.830000000000002","1.3900000000000001",0,2017-03-16,"03","2017",2.54,28.83,"-20.775 150.475"
"4495671","2017-03-16T12:00:00Z",-20.825,150.375,"2.81",0,"28.8","1.35",0,2017-03-16,"03","2017",2.81,28.8,"-20.825 150.375"
"4495672","2017-03-16T12:00:00Z",-20.825,150.425,"2.7",0,"28.82","1.3800000000000001",0,2017-03-16,"03","2017",2.7,28.82,"-20.825 150.425"
"4495750","2017-03-16T12:00:00Z",-20.875,150.275,"2.79",0,"28.82","1.35",0,2017-03-16,"03","2017",2.79,28.82,"-20.875 150.275"
"4499751","2017-03-16T12:00:00Z",-23.325,151.875,"0.97",0,"28.1","1.67",0,2017-03-16,"03","2017",0.97,28.1,"-23.325 151.875"
"4499993","2017-03-16T12:00:00Z",-23.475,151.825,"0.8200000000000001",0,"28.2","1.85",0,2017-03-16,"03","2017",0.82,28.2,"-23.475 151.825"
"4499994","2017-03-16T12:00:00Z",-23.475,151.875,"0.81",0,"28.14","1.79",0,2017-03-16,"03","2017",0.81,28.14,"-23.475 151.875"
"4499996","2017-03-16T12:00:00Z",-23.475,151.975,"1.11",0,"28.150000000000002","1.8",0,2017-03-16,"03","2017",1.11,28.15,"-23.475 151.975"
"4540462","2017-03-23T12:00:00Z",-20.125,150.275,"1.41",0,"28.63","1.41",0,2017-03-23,"03","2017",1.41,28.63,"-20.125 150.275"
"4541518","2017-03-23T12:00:00Z",-20.775,150.425,"3.48",0,"28.98","1.76",0,2017-03-23,"03","2017",3.48,28.98,"-20.775 150.425"
"4541519","2017-03-23T12:00:00Z",-20.775,150.475,"3.33",0,"28.97","1.75",0,2017-03-23,"03","2017",3.33,28.97,"-20.775 150.475"
"4541598","2017-03-23T12:00:00Z",-20.825,150.375,"3.62",0,"29.03","1.81",0,2017-03-23,"03","2017",3.62,29.03,"-20.825 150.375"
"4541599","2017-03-23T12:00:00Z",-20.825,150.425,"3.5100000000000002",0,"29.02","1.81",0,2017-03-23,"03","2017",3.51,29.02,"-20.825 150.425"
"4541677","2017-03-23T12:00:00Z",-20.875,150.275,"3.6",0,"29.060000000000002","1.82",0,2017-03-23,"03","2017",3.6,29.06,"-20.875 150.275"
"4545678","2017-03-23T12:00:00Z",-23.325,151.875,"2.0",0,"28.060000000000002","1.87",0,2017-03-23,"03","2017",2,28.06,"-23.325 151.875"
"4545920","2017-03-23T12:00:00Z",-23.475,151.825,"1.85",0,"28.02","1.9100000000000001",0,2017-03-23,"03","2017",1.85,28.02,"-23.475 151.825"
"4545921","2017-03-23T12:00:00Z",-23.475,151.875,"1.82",0,"28.02","1.9100000000000001",0,2017-03-23,"03","2017",1.82,28.02,"-23.475 151.875"
"4545923","2017-03-23T12:00:00Z",-23.475,151.975,"2.14",0,"28.03","1.9100000000000001",0,2017-03-23,"03","2017",2.14,28.03,"-23.475 151.975"
"4586389","2017-03-30T12:00:00Z",-20.125,150.275,"1.41",0,"27.54","0.51",0,2017-03-30,"03","2017",1.41,27.54,"-20.125 150.275"
"4587445","2017-03-30T12:00:00Z",-20.775,150.425,"3.64",0,"27.86","0.86",0,2017-03-30,"03","2017",3.64,27.86,"-20.775 150.425"
"4587446","2017-03-30T12:00:00Z",-20.775,150.475,"3.49",0,"27.79","0.79",0,2017-03-30,"03","2017",3.49,27.79,"-20.775 150.475"
"4587525","2017-03-30T12:00:00Z",-20.825,150.375,"3.79",0,"27.96","0.96",0,2017-03-30,"03","2017",3.79,27.96,"-20.825 150.375"
"4587526","2017-03-30T12:00:00Z",-20.825,150.425,"3.68",0,"27.94","0.9500000000000001",0,2017-03-30,"03","2017",3.68,27.94,"-20.825 150.425"
"4587604","2017-03-30T12:00:00Z",-20.875,150.275,"3.9",0,"27.82","0.81",0,2017-03-30,"03","2017",3.9,27.82,"-20.875 150.275"
"4591605","2017-03-30T12:00:00Z",-23.325,151.875,"2.3000000000000003",0,"27.52","1.56",0,2017-03-30,"03","2017",2.3,27.52,"-23.325 151.875"
"4591847","2017-03-30T12:00:00Z",-23.475,151.825,"1.85",0,"27.490000000000002","1.62",0,2017-03-30,"03","2017",1.85,27.49,"-23.475 151.825"
"4591848","2017-03-30T12:00:00Z",-23.475,151.875,"1.96",0,"27.53","1.6600000000000001",0,2017-03-30,"03","2017",1.96,27.53,"-23.475 151.875"
"4591850","2017-03-30T12:00:00Z",-23.475,151.975,"2.29",0,"27.580000000000002","1.68",0,2017-03-30,"03","2017",2.29,27.58,"-23.475 151.975"
"4632316","2017-04-06T12:00:00Z",-20.125,150.275,"1.41",0,"27.44","0.6",0,2017-04-06,"04","2017",1.41,27.44,"-20.125 150.275"
"4633372","2017-04-06T12:00:00Z",-20.775,150.425,"3.64",0,"27.71","0.9400000000000001",0,2017-04-06,"04","2017",3.64,27.71,"-20.775 150.425"
"4633373","2017-04-06T12:00:00Z",-20.775,150.475,"3.49",0,"27.7","0.92",0,2017-04-06,"04","2017",3.49,27.7,"-20.775 150.475"
"4633452","2017-04-06T12:00:00Z",-20.825,150.375,"3.79",0,"27.71","0.9400000000000001",0,2017-04-06,"04","2017",3.79,27.71,"-20.825 150.375"
"4633453","2017-04-06T12:00:00Z",-20.825,150.425,"3.68",0,"27.7","0.93",0,2017-04-06,"04","2017",3.68,27.7,"-20.825 150.425"
"4633531","2017-04-06T12:00:00Z",-20.875,150.275,"3.9",0,"27.71","0.93",0,2017-04-06,"04","2017",3.9,27.71,"-20.875 150.275"
"4637532","2017-04-06T12:00:00Z",-23.325,151.875,"2.3000000000000003",0,"26.76","1.04",0,2017-04-06,"04","2017",2.3,26.76,"-23.325 151.875"
"4637774","2017-04-06T12:00:00Z",-23.475,151.825,"1.85",0,"26.580000000000002","0.9500000000000001",0,2017-04-06,"04","2017",1.85,26.58,"-23.475 151.825"
"4637775","2017-04-06T12:00:00Z",-23.475,151.875,"1.96",0,"26.61","0.98",0,2017-04-06,"04","2017",1.96,26.61,"-23.475 151.875"
"4637777","2017-04-06T12:00:00Z",-23.475,151.975,"2.29",0,"26.72","1.04",0,2017-04-06,"04","2017",2.29,26.72,"-23.475 151.975"
"4678243","2017-04-13T12:00:00Z",-20.125,150.275,"1.41",0,"27.01","0.37",0,2017-04-13,"04","2017",1.41,27.01,"-20.125 150.275"
"4679299","2017-04-13T12:00:00Z",-20.775,150.425,"3.64",0,"27.21","0.66",0,2017-04-13,"04","2017",3.64,27.21,"-20.775 150.425"
"4679300","2017-04-13T12:00:00Z",-20.775,150.475,"3.49",0,"27.22","0.66",0,2017-04-13,"04","2017",3.49,27.22,"-20.775 150.475"
"4679379","2017-04-13T12:00:00Z",-20.825,150.375,"3.79",0,"27.21","0.67",0,2017-04-13,"04","2017",3.79,27.21,"-20.825 150.375"
"4679380","2017-04-13T12:00:00Z",-20.825,150.425,"3.68",0,"27.22","0.68",0,2017-04-13,"04","2017",3.68,27.22,"-20.825 150.425"
"4679458","2017-04-13T12:00:00Z",-20.875,150.275,"3.9",0,"27.240000000000002","0.68",0,2017-04-13,"04","2017",3.9,27.24,"-20.875 150.275"
"4683459","2017-04-13T12:00:00Z",-23.325,151.875,"2.3000000000000003",0,"26.53","1.04",0,2017-04-13,"04","2017",2.3,26.53,"-23.325 151.875"
"4683701","2017-04-13T12:00:00Z",-23.475,151.825,"1.85",0,"26.32","0.93",0,2017-04-13,"04","2017",1.85,26.32,"-23.475 151.825"
"4683702","2017-04-13T12:00:00Z",-23.475,151.875,"1.96",0,"26.38","0.98",0,2017-04-13,"04","2017",1.96,26.38,"-23.475 151.875"
"4683704","2017-04-13T12:00:00Z",-23.475,151.975,"2.29",0,"26.48","1.03",0,2017-04-13,"04","2017",2.29,26.48,"-23.475 151.975"
"4724170","2017-04-20T12:00:00Z",-20.125,150.275,"1.41",0,"26.7","0.33",0,2017-04-20,"04","2017",1.41,26.7,"-20.125 150.275"
"4725226","2017-04-20T12:00:00Z",-20.775,150.425,"3.64",0,"26.72","0.47000000000000003",0,2017-04-20,"04","2017",3.64,26.72,"-20.775 150.425"
"4725227","2017-04-20T12:00:00Z",-20.775,150.475,"3.49",0,"26.73","0.47000000000000003",0,2017-04-20,"04","2017",3.49,26.73,"-20.775 150.475"
"4725306","2017-04-20T12:00:00Z",-20.825,150.375,"3.79",0,"26.73","0.49",0,2017-04-20,"04","2017",3.79,26.73,"-20.825 150.375"
"4725307","2017-04-20T12:00:00Z",-20.825,150.425,"3.68",0,"26.72","0.48",0,2017-04-20,"04","2017",3.68,26.72,"-20.825 150.425"
"4725385","2017-04-20T12:00:00Z",-20.875,150.275,"3.9",0,"26.75","0.5",0,2017-04-20,"04","2017",3.9,26.75,"-20.875 150.275"
"4729386","2017-04-20T12:00:00Z",-23.325,151.875,"2.3000000000000003",0,"26.19","0.99",0,2017-04-20,"04","2017",2.3,26.19,"-23.325 151.875"
"4729628","2017-04-20T12:00:00Z",-23.475,151.825,"1.85",0,"25.900000000000002","0.8200000000000001",0,2017-04-20,"04","2017",1.85,25.9,"-23.475 151.825"
"4729629","2017-04-20T12:00:00Z",-23.475,151.875,"1.96",0,"25.92","0.8200000000000001",0,2017-04-20,"04","2017",1.96,25.92,"-23.475 151.875"
"4729631","2017-04-20T12:00:00Z",-23.475,151.975,"2.29",0,"25.95","0.78",0,2017-04-20,"04","2017",2.29,25.95,"-23.475 151.975"
"4770097","2017-04-27T12:00:00Z",-20.125,150.275,"1.41",0,"26.53","0.46",0,2017-04-27,"04","2017",1.41,26.53,"-20.125 150.275"
"4771153","2017-04-27T12:00:00Z",-20.775,150.425,"3.64",0,"25.96","0.05",0,2017-04-27,"04","2017",3.64,25.96,"-20.775 150.425"
"4771154","2017-04-27T12:00:00Z",-20.775,150.475,"3.49",0,"25.97","0.05",0,2017-04-27,"04","2017",3.49,25.97,"-20.775 150.475"
"4771233","2017-04-27T12:00:00Z",-20.825,150.375,"3.79",0,"25.93","0.03",0,2017-04-27,"04","2017",3.79,25.93,"-20.825 150.375"
"4771234","2017-04-27T12:00:00Z",-20.825,150.425,"3.68",0,"25.95","0.05",0,2017-04-27,"04","2017",3.68,25.95,"-20.825 150.425"
"4771312","2017-04-27T12:00:00Z",-20.875,150.275,"3.9",0,"26.04","0.13",0,2017-04-27,"04","2017",3.9,26.04,"-20.875 150.275"
"4775313","2017-04-27T12:00:00Z",-23.325,151.875,"2.3000000000000003",0,"25.53","0.64",0,2017-04-27,"04","2017",2.3,25.53,"-23.325 151.875"
"4775555","2017-04-27T12:00:00Z",-23.475,151.825,"1.85",0,"25.36","0.62",0,2017-04-27,"04","2017",1.85,25.36,"-23.475 151.825"
"4775556","2017-04-27T12:00:00Z",-23.475,151.875,"1.96",0,"25.400000000000002","0.63",0,2017-04-27,"04","2017",1.96,25.4,"-23.475 151.875"
"4775558","2017-04-27T12:00:00Z",-23.475,151.975,"2.29",0,"25.490000000000002","0.63",0,2017-04-27,"04","2017",2.29,25.49,"-23.475 151.975"
"4816024","2017-05-04T12:00:00Z",-20.125,150.275,"1.41",0,"26.12","0.35000000000000003",0,2017-05-04,"05","2017",1.41,26.12,"-20.125 150.275"
"4817080","2017-05-04T12:00:00Z",-20.775,150.425,"3.64",0,"25.990000000000002","0.41000000000000003",0,2017-05-04,"05","2017",3.64,25.99,"-20.775 150.425"
"4817081","2017-05-04T12:00:00Z",-20.775,150.475,"3.49",0,"26.01","0.42",0,2017-05-04,"05","2017",3.49,26.01,"-20.775 150.475"
"4817160","2017-05-04T12:00:00Z",-20.825,150.375,"3.79",0,"25.97","0.41000000000000003",0,2017-05-04,"05","2017",3.79,25.97,"-20.825 150.375"
"4817161","2017-05-04T12:00:00Z",-20.825,150.425,"3.68",0,"25.990000000000002","0.43",0,2017-05-04,"05","2017",3.68,25.99,"-20.825 150.425"
"4817239","2017-05-04T12:00:00Z",-20.875,150.275,"3.9",0,"25.94","0.37",0,2017-05-04,"05","2017",3.9,25.94,"-20.875 150.275"
"4821240","2017-05-04T12:00:00Z",-23.325,151.875,"2.3000000000000003",0,"25.080000000000002","0.5",0,2017-05-04,"05","2017",2.3,25.08,"-23.325 151.875"
"4821482","2017-05-04T12:00:00Z",-23.475,151.825,"1.85",0,"24.85","0.44",0,2017-05-04,"05","2017",1.85,24.85,"-23.475 151.825"
"4821483","2017-05-04T12:00:00Z",-23.475,151.875,"1.96",0,"24.900000000000002","0.45",0,2017-05-04,"05","2017",1.96,24.9,"-23.475 151.875"
"4821485","2017-05-04T12:00:00Z",-23.475,151.975,"2.29",0,"25.04","0.49",0,2017-05-04,"05","2017",2.29,25.04,"-23.475 151.975"
"4861951","2017-05-11T12:00:00Z",-20.125,150.275,"1.26",0,"25.82","0.36",0,2017-05-11,"05","2017",1.26,25.82,"-20.125 150.275"
"4863007","2017-05-11T12:00:00Z",-20.775,150.425,"3.64",0,"25.5","0.26",0,2017-05-11,"05","2017",3.64,25.5,"-20.775 150.425"
"4863008","2017-05-11T12:00:00Z",-20.775,150.475,"3.49",0,"25.52","0.27",0,2017-05-11,"05","2017",3.49,25.52,"-20.775 150.475"
"4863087","2017-05-11T12:00:00Z",-20.825,150.375,"3.79",0,"25.45","0.23",0,2017-05-11,"05","2017",3.79,25.45,"-20.825 150.375"
"4863088","2017-05-11T12:00:00Z",-20.825,150.425,"3.68",0,"25.47","0.25",0,2017-05-11,"05","2017",3.68,25.47,"-20.825 150.425"
"4863166","2017-05-11T12:00:00Z",-20.875,150.275,"3.9",0,"25.41","0.19",0,2017-05-11,"05","2017",3.9,25.41,"-20.875 150.275"
"4867167","2017-05-11T12:00:00Z",-23.325,151.875,"2.3000000000000003",0,"24.61","0.33",0,2017-05-11,"05","2017",2.3,24.61,"-23.325 151.875"
"4867409","2017-05-11T12:00:00Z",-23.475,151.825,"1.85",0,"24.41","0.34",0,2017-05-11,"05","2017",1.85,24.41,"-23.475 151.825"
"4867410","2017-05-11T12:00:00Z",-23.475,151.875,"1.96",0,"24.46","0.33",0,2017-05-11,"05","2017",1.96,24.46,"-23.475 151.875"
"4867412","2017-05-11T12:00:00Z",-23.475,151.975,"2.29",0,"24.59","0.35000000000000003",0,2017-05-11,"05","2017",2.29,24.59,"-23.475 151.975"
"4907878","2017-05-18T12:00:00Z",-20.125,150.275,"1.11",0,"25.51","0.36",0,2017-05-18,"05","2017",1.11,25.51,"-20.125 150.275"
"4908934","2017-05-18T12:00:00Z",-20.775,150.425,"2.86",0,"25.25","0.36",0,2017-05-18,"05","2017",2.86,25.25,"-20.775 150.425"
"4908935","2017-05-18T12:00:00Z",-20.775,150.475,"2.84",0,"25.27","0.37",0,2017-05-18,"05","2017",2.84,25.27,"-20.775 150.475"
"4909014","2017-05-18T12:00:00Z",-20.825,150.375,"3.0100000000000002",0,"25.2","0.33",0,2017-05-18,"05","2017",3.01,25.2,"-20.825 150.375"
"4909015","2017-05-18T12:00:00Z",-20.825,150.425,"2.9",0,"25.22","0.35000000000000003",0,2017-05-18,"05","2017",2.9,25.22,"-20.825 150.425"
"4909093","2017-05-18T12:00:00Z",-20.875,150.275,"3.13",0,"25.16","0.3",0,2017-05-18,"05","2017",3.13,25.16,"-20.875 150.275"
"4913094","2017-05-18T12:00:00Z",-23.325,151.875,"1.79",0,"24.53","0.58",0,2017-05-18,"05","2017",1.79,24.53,"-23.325 151.875"
"4913336","2017-05-18T12:00:00Z",-23.475,151.825,"1.32",0,"24.28","0.56",0,2017-05-18,"05","2017",1.32,24.28,"-23.475 151.825"
"4913337","2017-05-18T12:00:00Z",-23.475,151.875,"1.45",0,"24.36","0.58",0,2017-05-18,"05","2017",1.45,24.36,"-23.475 151.875"
"4913339","2017-05-18T12:00:00Z",-23.475,151.975,"1.79",0,"24.53","0.62",0,2017-05-18,"05","2017",1.79,24.53,"-23.475 151.975"
"4953805","2017-05-25T12:00:00Z",-20.125,150.275,"1.11",0,"25.560000000000002","0.74",0,2017-05-25,"05","2017",1.11,25.56,"-20.125 150.275"
"4954861","2017-05-25T12:00:00Z",-20.775,150.425,"2.2",0,"25.240000000000002","0.73",0,2017-05-25,"05","2017",2.2,25.24,"-20.775 150.425"
"4954862","2017-05-25T12:00:00Z",-20.775,150.475,"2.19",0,"25.29","0.76",0,2017-05-25,"05","2017",2.19,25.29,"-20.775 150.475"
"4954941","2017-05-25T12:00:00Z",-20.825,150.375,"2.21",0,"25.18","0.7000000000000001",0,2017-05-25,"05","2017",2.21,25.18,"-20.825 150.375"
"4954942","2017-05-25T12:00:00Z",-20.825,150.425,"2.24",0,"25.21","0.72",0,2017-05-25,"05","2017",2.24,25.21,"-20.825 150.425"
"4955020","2017-05-25T12:00:00Z",-20.875,150.275,"2.47",0,"25.13","0.65",0,2017-05-25,"05","2017",2.47,25.13,"-20.875 150.275"
"4959021","2017-05-25T12:00:00Z",-23.325,151.875,"1.79",0,"24.330000000000002","0.72",0,2017-05-25,"05","2017",1.79,24.33,"-23.325 151.875"
"4959263","2017-05-25T12:00:00Z",-23.475,151.825,"1.32",0,"24.0","0.65",0,2017-05-25,"05","2017",1.32,24,"-23.475 151.825"
"4959264","2017-05-25T12:00:00Z",-23.475,151.875,"1.45",0,"24.0","0.58",0,2017-05-25,"05","2017",1.45,24,"-23.475 151.875"
"4959266","2017-05-25T12:00:00Z",-23.475,151.975,"1.79",0,"24.05","0.49",0,2017-05-25,"05","2017",1.79,24.05,"-23.475 151.975"
"4999732","2017-06-01T12:00:00Z",-20.125,150.275,"0.16",0,"25.2","0.71",0,2017-06-01,"06","2017",0.16,25.2,"-20.125 150.275"
"5000788","2017-06-01T12:00:00Z",-20.775,150.425,"1.11",0,"24.75","0.62",0,2017-06-01,"06","2017",1.11,24.75,"-20.775 150.425"
"5000789","2017-06-01T12:00:00Z",-20.775,150.475,"1.1",0,"24.78","0.62",0,2017-06-01,"06","2017",1.1,24.78,"-20.775 150.475"
"5000868","2017-06-01T12:00:00Z",-20.825,150.375,"1.12",0,"24.71","0.61",0,2017-06-01,"06","2017",1.12,24.71,"-20.825 150.375"
"5000869","2017-06-01T12:00:00Z",-20.825,150.425,"1.1300000000000001",0,"24.76","0.65",0,2017-06-01,"06","2017",1.13,24.76,"-20.825 150.425"
"5000947","2017-06-01T12:00:00Z",-20.875,150.275,"1.26",0,"24.62","0.53",0,2017-06-01,"06","2017",1.26,24.62,"-20.875 150.275"
"5004948","2017-06-01T12:00:00Z",-23.325,151.875,"1.6400000000000001",0,"23.71","0.44",0,2017-06-01,"06","2017",1.64,23.71,"-23.325 151.875"
"5005190","2017-06-01T12:00:00Z",-23.475,151.825,"1.17",0,"23.42","0.43",0,2017-06-01,"06","2017",1.17,23.42,"-23.475 151.825"
"5005191","2017-06-01T12:00:00Z",-23.475,151.875,"1.3",0,"23.5","0.44",0,2017-06-01,"06","2017",1.3,23.5,"-23.475 151.875"
"5005193","2017-06-01T12:00:00Z",-23.475,151.975,"1.6400000000000001",0,"23.69","0.48",0,2017-06-01,"06","2017",1.64,23.69,"-23.475 151.975"
"5045659","2017-06-08T12:00:00Z",-20.125,150.275,"0.16",0,"24.76","0.6",0,2017-06-08,"06","2017",0.16,24.76,"-20.125 150.275"
"5046715","2017-06-08T12:00:00Z",-20.775,150.425,"0.96",0,"24.37","0.61",0,2017-06-08,"06","2017",0.96,24.37,"-20.775 150.425"
"5046716","2017-06-08T12:00:00Z",-20.775,150.475,"0.9500000000000001",0,"24.42","0.64",0,2017-06-08,"06","2017",0.95,24.42,"-20.775 150.475"
"5046795","2017-06-08T12:00:00Z",-20.825,150.375,"0.98",0,"24.29","0.5700000000000001",0,2017-06-08,"06","2017",0.98,24.29,"-20.825 150.375"
"5046796","2017-06-08T12:00:00Z",-20.825,150.425,"0.98",0,"24.35","0.62",0,2017-06-08,"06","2017",0.98,24.35,"-20.825 150.425"
"5046874","2017-06-08T12:00:00Z",-20.875,150.275,"1.11",0,"24.19","0.49",0,2017-06-08,"06","2017",1.11,24.19,"-20.875 150.275"
"5050875","2017-06-08T12:00:00Z",-23.325,151.875,"1.33",0,"23.43","0.51",0,2017-06-08,"06","2017",1.33,23.43,"-23.325 151.875"
"5051117","2017-06-08T12:00:00Z",-23.475,151.825,"1.02",0,"22.990000000000002","0.37",0,2017-06-08,"06","2017",1.02,22.99,"-23.475 151.825"
"5051118","2017-06-08T12:00:00Z",-23.475,151.875,"1.1500000000000001",0,"23.12","0.43",0,2017-06-08,"06","2017",1.15,23.12,"-23.475 151.875"
"5051120","2017-06-08T12:00:00Z",-23.475,151.975,"1.18",0,"23.44","0.58",0,2017-06-08,"06","2017",1.18,23.44,"-23.475 151.975"
"5091586","2017-06-15T12:00:00Z",-20.125,150.275,"0.0",0,"24.25","0.42",0,2017-06-15,"06","2017",0,24.25,"-20.125 150.275"
"5092642","2017-06-15T12:00:00Z",-20.775,150.425,"0.16",0,"23.67","0.29",0,2017-06-15,"06","2017",0.16,23.67,"-20.775 150.425"
"5092643","2017-06-15T12:00:00Z",-20.775,150.475,"0.16",0,"23.75","0.34",0,2017-06-15,"06","2017",0.16,23.75,"-20.775 150.475"
"5092722","2017-06-15T12:00:00Z",-20.825,150.375,"0.16",0,"23.580000000000002","0.24",0,2017-06-15,"06","2017",0.16,23.58,"-20.825 150.375"
"5092723","2017-06-15T12:00:00Z",-20.825,150.425,"0.17",0,"23.64","0.29",0,2017-06-15,"06","2017",0.17,23.64,"-20.825 150.425"
"5092801","2017-06-15T12:00:00Z",-20.875,150.275,"0.3",0,"23.580000000000002","0.27",0,2017-06-15,"06","2017",0.3,23.58,"-20.875 150.275"
"5096802","2017-06-15T12:00:00Z",-23.325,151.875,"0.3",0,"23.35","0.77",0,2017-06-15,"06","2017",0.3,23.35,"-23.325 151.875"
"5097044","2017-06-15T12:00:00Z",-23.475,151.825,"0.0",0,"23.19","0.9400000000000001",0,2017-06-15,"06","2017",0,23.19,"-23.475 151.825"
"5097045","2017-06-15T12:00:00Z",-23.475,151.875,"0.14",0,"23.3","0.97",0,2017-06-15,"06","2017",0.14,23.3,"-23.475 151.875"
"5097047","2017-06-15T12:00:00Z",-23.475,151.975,"0.15",0,"23.43","0.92",0,2017-06-15,"06","2017",0.15,23.43,"-23.475 151.975"
"5137513","2017-06-22T12:00:00Z",-20.125,150.275,"0.0",0,"24.05","0.44",0,2017-06-22,"06","2017",0,24.05,"-20.125 150.275"
"5138569","2017-06-22T12:00:00Z",-20.775,150.425,"0.0",0,"23.580000000000002","0.43",0,2017-06-22,"06","2017",0,23.58,"-20.775 150.425"
"5138570","2017-06-22T12:00:00Z",-20.775,150.475,"0.0",0,"23.650000000000002","0.47000000000000003",0,2017-06-22,"06","2017",0,23.65,"-20.775 150.475"
"5138649","2017-06-22T12:00:00Z",-20.825,150.375,"0.0",0,"23.52","0.42",0,2017-06-22,"06","2017",0,23.52,"-20.825 150.375"
"5138650","2017-06-22T12:00:00Z",-20.825,150.425,"0.0",0,"23.59","0.48",0,2017-06-22,"06","2017",0,23.59,"-20.825 150.425"
"5138728","2017-06-22T12:00:00Z",-20.875,150.275,"0.0",0,"23.39","0.33",0,2017-06-22,"06","2017",0,23.39,"-20.875 150.275"
"5142729","2017-06-22T12:00:00Z",-23.325,151.875,"0.0",0,"23.29","0.96",0,2017-06-22,"06","2017",0,23.29,"-23.325 151.875"
"5142971","2017-06-22T12:00:00Z",-23.475,151.825,"0.0",0,"22.84","0.85",0,2017-06-22,"06","2017",0,22.84,"-23.475 151.825"
"5142972","2017-06-22T12:00:00Z",-23.475,151.875,"0.0",0,"22.93","0.86",0,2017-06-22,"06","2017",0,22.93,"-23.475 151.875"
"5142974","2017-06-22T12:00:00Z",-23.475,151.975,"0.0",0,"23.150000000000002","0.9",0,2017-06-22,"06","2017",0,23.15,"-23.475 151.975"
"5183440","2017-06-29T12:00:00Z",-20.125,150.275,"0.0",0,"24.060000000000002","0.66",0,2017-06-29,"06","2017",0,24.06,"-20.125 150.275"
"5184496","2017-06-29T12:00:00Z",-20.775,150.425,"0.0",0,"23.43","0.52",0,2017-06-29,"06","2017",0,23.43,"-20.775 150.425"
"5184497","2017-06-29T12:00:00Z",-20.775,150.475,"0.0",0,"23.46","0.51",0,2017-06-29,"06","2017",0,23.46,"-20.775 150.475"
"5184576","2017-06-29T12:00:00Z",-20.825,150.375,"0.0",0,"23.3","0.44",0,2017-06-29,"06","2017",0,23.3,"-20.825 150.375"
"5184577","2017-06-29T12:00:00Z",-20.825,150.425,"0.0",0,"23.34","0.46",0,2017-06-29,"06","2017",0,23.34,"-20.825 150.425"
"5184655","2017-06-29T12:00:00Z",-20.875,150.275,"0.0",0,"23.14","0.33",0,2017-06-29,"06","2017",0,23.14,"-20.875 150.275"
"5188656","2017-06-29T12:00:00Z",-23.325,151.875,"0.0",0,"22.900000000000002","0.8200000000000001",0,2017-06-29,"06","2017",0,22.9,"-23.325 151.875"
"5188898","2017-06-29T12:00:00Z",-23.475,151.825,"0.0",0,"22.54","0.8200000000000001",0,2017-06-29,"06","2017",0,22.54,"-23.475 151.825"
"5188899","2017-06-29T12:00:00Z",-23.475,151.875,"0.0",0,"22.62","0.8200000000000001",0,2017-06-29,"06","2017",0,22.62,"-23.475 151.875"
"5188901","2017-06-29T12:00:00Z",-23.475,151.975,"0.0",0,"22.88","0.9",0,2017-06-29,"06","2017",0,22.88,"-23.475 151.975"
"5229367","2017-07-06T12:00:00Z",-20.125,150.275,"0.0",0,"24.05","0.87",0,2017-07-06,"07","2017",0,24.05,"-20.125 150.275"
"5230423","2017-07-06T12:00:00Z",-20.775,150.425,"0.0",0,"23.61","0.93",0,2017-07-06,"07","2017",0,23.61,"-20.775 150.425"
"5230424","2017-07-06T12:00:00Z",-20.775,150.475,"0.0",0,"23.62","0.9",0,2017-07-06,"07","2017",0,23.62,"-20.775 150.475"
"5230503","2017-07-06T12:00:00Z",-20.825,150.375,"0.0",0,"23.56","0.9400000000000001",0,2017-07-06,"07","2017",0,23.56,"-20.825 150.375"
"5230504","2017-07-06T12:00:00Z",-20.825,150.425,"0.0",0,"23.55","0.91",0,2017-07-06,"07","2017",0,23.55,"-20.825 150.425"
"5230582","2017-07-06T12:00:00Z",-20.875,150.275,"0.0",0,"23.490000000000002","0.93",0,2017-07-06,"07","2017",0,23.49,"-20.875 150.275"
"5234583","2017-07-06T12:00:00Z",-23.325,151.875,"0.0",0,"22.39","0.56",0,2017-07-06,"07","2017",0,22.39,"-23.325 151.875"
"5234825","2017-07-06T12:00:00Z",-23.475,151.825,"0.0",0,"22.240000000000002","0.78",0,2017-07-06,"07","2017",0,22.24,"-23.475 151.825"
"5234826","2017-07-06T12:00:00Z",-23.475,151.875,"0.0",0,"22.27","0.73",0,2017-07-06,"07","2017",0,22.27,"-23.475 151.875"
"5234828","2017-07-06T12:00:00Z",-23.475,151.975,"0.0",0,"22.400000000000002","0.68",0,2017-07-06,"07","2017",0,22.4,"-23.475 151.975"
"5275294","2017-07-13T12:00:00Z",-20.125,150.275,"0.0",0,"23.94","0.98",0,2017-07-13,"07","2017",0,23.94,"-20.125 150.275"
"5276350","2017-07-13T12:00:00Z",-20.775,150.425,"0.0",0,"23.44","0.99",0,2017-07-13,"07","2017",0,23.44,"-20.775 150.425"
"5276351","2017-07-13T12:00:00Z",-20.775,150.475,"0.0",0,"23.51","1.02",0,2017-07-13,"07","2017",0,23.51,"-20.775 150.475"
"5276430","2017-07-13T12:00:00Z",-20.825,150.375,"0.0",0,"23.3","0.92",0,2017-07-13,"07","2017",0,23.3,"-20.825 150.375"
"5276431","2017-07-13T12:00:00Z",-20.825,150.425,"0.0",0,"23.36","0.9500000000000001",0,2017-07-13,"07","2017",0,23.36,"-20.825 150.425"
"5276509","2017-07-13T12:00:00Z",-20.875,150.275,"0.0",0,"23.25","0.9400000000000001",0,2017-07-13,"07","2017",0,23.25,"-20.875 150.275"
"5280510","2017-07-13T12:00:00Z",-23.325,151.875,"0.0",0,"22.8","1.22",0,2017-07-13,"07","2017",0,22.8,"-23.325 151.875"
"5280752","2017-07-13T12:00:00Z",-23.475,151.825,"0.0",0,"22.54","1.34",0,2017-07-13,"07","2017",0,22.54,"-23.475 151.825"
"5280753","2017-07-13T12:00:00Z",-23.475,151.875,"0.0",0,"22.6","1.32",0,2017-07-13,"07","2017",0,22.6,"-23.475 151.875"
"5280755","2017-07-13T12:00:00Z",-23.475,151.975,"0.0",0,"22.740000000000002","1.28",0,2017-07-13,"07","2017",0,22.74,"-23.475 151.975"
"5321221","2017-07-20T12:00:00Z",-20.125,150.275,"0.0",0,"24.0","1.1400000000000001",0,2017-07-20,"07","2017",0,24,"-20.125 150.275"
"5322277","2017-07-20T12:00:00Z",-20.775,150.425,"0.0",0,"23.42","1.1",0,2017-07-20,"07","2017",0,23.42,"-20.775 150.425"
"5322278","2017-07-20T12:00:00Z",-20.775,150.475,"0.0",0,"23.46","1.1",0,2017-07-20,"07","2017",0,23.46,"-20.775 150.475"
"5322357","2017-07-20T12:00:00Z",-20.825,150.375,"0.0",0,"23.36","1.1",0,2017-07-20,"07","2017",0,23.36,"-20.825 150.375"
"5322358","2017-07-20T12:00:00Z",-20.825,150.425,"0.0",0,"23.36","1.08",0,2017-07-20,"07","2017",0,23.36,"-20.825 150.425"
"5322436","2017-07-20T12:00:00Z",-20.875,150.275,"0.0",0,"23.3","1.11",0,2017-07-20,"07","2017",0,23.3,"-20.875 150.275"
"5326437","2017-07-20T12:00:00Z",-23.325,151.875,"0.0",0,"22.42","0.97",0,2017-07-20,"07","2017",0,22.42,"-23.325 151.875"
"5326679","2017-07-20T12:00:00Z",-23.475,151.825,"0.0",0,"22.2","1.1300000000000001",0,2017-07-20,"07","2017",0,22.2,"-23.475 151.825"
"5326680","2017-07-20T12:00:00Z",-23.475,151.875,"0.0",0,"22.240000000000002","1.1",0,2017-07-20,"07","2017",0,22.24,"-23.475 151.875"
"5326682","2017-07-20T12:00:00Z",-23.475,151.975,"0.0",0,"22.3","0.98",0,2017-07-20,"07","2017",0,22.3,"-23.475 151.975"
"5367148","2017-07-27T12:00:00Z",-20.125,150.275,"0.0",0,"23.650000000000002","0.85",0,2017-07-27,"07","2017",0,23.65,"-20.125 150.275"
"5368204","2017-07-27T12:00:00Z",-20.775,150.425,"0.0",0,"23.16","0.92",0,2017-07-27,"07","2017",0,23.16,"-20.775 150.425"
"5368205","2017-07-27T12:00:00Z",-20.775,150.475,"0.0",0,"23.240000000000002","0.96",0,2017-07-27,"07","2017",0,23.24,"-20.775 150.475"
"5368284","2017-07-27T12:00:00Z",-20.825,150.375,"0.0",0,"23.06","0.88",0,2017-07-27,"07","2017",0,23.06,"-20.825 150.375"
"5368285","2017-07-27T12:00:00Z",-20.825,150.425,"0.0",0,"23.11","0.91",0,2017-07-27,"07","2017",0,23.11,"-20.825 150.425"
"5368363","2017-07-27T12:00:00Z",-20.875,150.275,"0.0",0,"23.03","0.91",0,2017-07-27,"07","2017",0,23.03,"-20.875 150.275"
"5372364","2017-07-27T12:00:00Z",-23.325,151.875,"0.0",0,"22.42","1.06",0,2017-07-27,"07","2017",0,22.42,"-23.325 151.875"
"5372606","2017-07-27T12:00:00Z",-23.475,151.825,"0.0",0,"22.22","1.23",0,2017-07-27,"07","2017",0,22.22,"-23.475 151.825"
"5372607","2017-07-27T12:00:00Z",-23.475,151.875,"0.0",0,"22.3","1.24",0,2017-07-27,"07","2017",0,22.3,"-23.475 151.875"
"5372609","2017-07-27T12:00:00Z",-23.475,151.975,"0.0",0,"22.43","1.19",0,2017-07-27,"07","2017",0,22.43,"-23.475 151.975"
"5413075","2017-08-03T12:00:00Z",-20.125,150.275,"0.0",0,"23.6","0.85",0,2017-08-03,"08","2017",0,23.6,"-20.125 150.275"
"5414131","2017-08-03T12:00:00Z",-20.775,150.425,"0.0",0,"23.29","1.12",0,2017-08-03,"08","2017",0,23.29,"-20.775 150.425"
"5414132","2017-08-03T12:00:00Z",-20.775,150.475,"0.0",0,"23.3","1.09",0,2017-08-03,"08","2017",0,23.3,"-20.775 150.475"
"5414211","2017-08-03T12:00:00Z",-20.825,150.375,"0.0",0,"23.27","1.17",0,2017-08-03,"08","2017",0,23.27,"-20.825 150.375"
"5414212","2017-08-03T12:00:00Z",-20.825,150.425,"0.0",0,"23.25","1.12",0,2017-08-03,"08","2017",0,23.25,"-20.825 150.425"
"5414290","2017-08-03T12:00:00Z",-20.875,150.275,"0.0",0,"23.31","1.27",0,2017-08-03,"08","2017",0,23.31,"-20.875 150.275"
"5418291","2017-08-03T12:00:00Z",-23.325,151.875,"0.0",0,"23.05","1.79",0,2017-08-03,"08","2017",0,23.05,"-23.325 151.875"
"5418533","2017-08-03T12:00:00Z",-23.475,151.825,"0.0",0,"22.8","1.8900000000000001",0,2017-08-03,"08","2017",0,22.8,"-23.475 151.825"
"5418534","2017-08-03T12:00:00Z",-23.475,151.875,"0.0",0,"22.96","1.98",0,2017-08-03,"08","2017",0,22.96,"-23.475 151.875"
"5418536","2017-08-03T12:00:00Z",-23.475,151.975,"0.0",0,"23.29","2.14",0,2017-08-03,"08","2017",0,23.29,"-23.475 151.975"
"5459002","2017-08-10T12:00:00Z",-20.125,150.275,"0.0",0,"23.580000000000002","0.89",0,2017-08-10,"08","2017",0,23.58,"-20.125 150.275"
"5460058","2017-08-10T12:00:00Z",-20.775,150.425,"0.0",0,"23.23","1.1400000000000001",0,2017-08-10,"08","2017",0,23.23,"-20.775 150.425"
"5460059","2017-08-10T12:00:00Z",-20.775,150.475,"0.0",0,"23.3","1.17",0,2017-08-10,"08","2017",0,23.3,"-20.775 150.475"
"5460138","2017-08-10T12:00:00Z",-20.825,150.375,"0.0",0,"23.14","1.12",0,2017-08-10,"08","2017",0,23.14,"-20.825 150.375"
"5460139","2017-08-10T12:00:00Z",-20.825,150.425,"0.0",0,"23.2","1.1500000000000001",0,2017-08-10,"08","2017",0,23.2,"-20.825 150.425"
"5460217","2017-08-10T12:00:00Z",-20.875,150.275,"0.0",0,"23.06","1.09",0,2017-08-10,"08","2017",0,23.06,"-20.875 150.275"
"5464218","2017-08-10T12:00:00Z",-23.325,151.875,"0.0",0,"22.87","1.7",0,2017-08-10,"08","2017",0,22.87,"-23.325 151.875"
"5464460","2017-08-10T12:00:00Z",-23.475,151.825,"0.0",0,"22.740000000000002","1.9100000000000001",0,2017-08-10,"08","2017",0,22.74,"-23.475 151.825"
"5464461","2017-08-10T12:00:00Z",-23.475,151.875,"0.0",0,"22.79","1.8900000000000001",0,2017-08-10,"08","2017",0,22.79,"-23.475 151.875"
"5464463","2017-08-10T12:00:00Z",-23.475,151.975,"0.0",0,"22.98","1.9100000000000001",0,2017-08-10,"08","2017",0,22.98,"-23.475 151.975"
"5504929","2017-08-17T12:00:00Z",-20.125,150.275,"0.0",0,"23.89","1.2",0,2017-08-17,"08","2017",0,23.89,"-20.125 150.275"
"5505985","2017-08-17T12:00:00Z",-20.775,150.425,"0.0",0,"23.57","1.49",0,2017-08-17,"08","2017",0,23.57,"-20.775 150.425"
"5505986","2017-08-17T12:00:00Z",-20.775,150.475,"0.0",0,"23.580000000000002","1.47",0,2017-08-17,"08","2017",0,23.58,"-20.775 150.475"
"5506065","2017-08-17T12:00:00Z",-20.825,150.375,"0.0",0,"23.56","1.54",0,2017-08-17,"08","2017",0,23.56,"-20.825 150.375"
"5506066","2017-08-17T12:00:00Z",-20.825,150.425,"0.0",0,"23.55","1.51",0,2017-08-17,"08","2017",0,23.55,"-20.825 150.425"
"5506144","2017-08-17T12:00:00Z",-20.875,150.275,"0.0",0,"23.580000000000002","1.61",0,2017-08-17,"08","2017",0,23.58,"-20.875 150.275"
"5510145","2017-08-17T12:00:00Z",-23.325,151.875,"0.0",0,"23.04","1.9000000000000001",0,2017-08-17,"08","2017",0,23.04,"-23.325 151.875"
"5510387","2017-08-17T12:00:00Z",-23.475,151.825,"0.0",0,"22.97","2.15",0,2017-08-17,"08","2017",0,22.97,"-23.475 151.825"
"5510388","2017-08-17T12:00:00Z",-23.475,151.875,"0.0",0,"23.02","2.15",0,2017-08-17,"08","2017",0,23.02,"-23.475 151.875"
"5510390","2017-08-17T12:00:00Z",-23.475,151.975,"0.0",0,"23.080000000000002","2.04",0,2017-08-17,"08","2017",0,23.08,"-23.475 151.975"
"5550856","2017-08-24T12:00:00Z",-20.125,150.275,"0.0",0,"23.75","0.9400000000000001",0,2017-08-24,"08","2017",0,23.75,"-20.125 150.275"
"5551912","2017-08-24T12:00:00Z",-20.775,150.425,"0.0",0,"23.32","1.09",0,2017-08-24,"08","2017",0,23.32,"-20.775 150.425"
"5551913","2017-08-24T12:00:00Z",-20.775,150.475,"0.0",0,"23.36","1.1",0,2017-08-24,"08","2017",0,23.36,"-20.775 150.475"
"5551992","2017-08-24T12:00:00Z",-20.825,150.375,"0.0",0,"23.28","1.1",0,2017-08-24,"08","2017",0,23.28,"-20.825 150.375"
"5551993","2017-08-24T12:00:00Z",-20.825,150.425,"0.0",0,"23.3","1.1",0,2017-08-24,"08","2017",0,23.3,"-20.825 150.425"
"5552071","2017-08-24T12:00:00Z",-20.875,150.275,"0.0",0,"23.3","1.1500000000000001",0,2017-08-24,"08","2017",0,23.3,"-20.875 150.275"
"5556072","2017-08-24T12:00:00Z",-23.325,151.875,"0.0",0,"22.650000000000002","1.42",0,2017-08-24,"08","2017",0,22.65,"-23.325 151.875"
"5556314","2017-08-24T12:00:00Z",-23.475,151.825,"0.0",0,"22.490000000000002","1.54",0,2017-08-24,"08","2017",0,22.49,"-23.475 151.825"
"5556315","2017-08-24T12:00:00Z",-23.475,151.875,"0.0",0,"22.54","1.55",0,2017-08-24,"08","2017",0,22.54,"-23.475 151.875"
"5556317","2017-08-24T12:00:00Z",-23.475,151.975,"0.0",0,"22.59","1.46",0,2017-08-24,"08","2017",0,22.59,"-23.475 151.975"
"5596783","2017-08-31T12:00:00Z",-20.125,150.275,"0.0",0,"23.36","0.42",0,2017-08-31,"08","2017",0,23.36,"-20.125 150.275"
"5597839","2017-08-31T12:00:00Z",-20.775,150.425,"0.0",0,"23.06","0.67",0,2017-08-31,"08","2017",0,23.06,"-20.775 150.425"
"5597840","2017-08-31T12:00:00Z",-20.775,150.475,"0.0",0,"23.1","0.68",0,2017-08-31,"08","2017",0,23.1,"-20.775 150.475"
"5597919","2017-08-31T12:00:00Z",-20.825,150.375,"0.0",0,"23.05","0.7000000000000001",0,2017-08-31,"08","2017",0,23.05,"-20.825 150.375"
"5597920","2017-08-31T12:00:00Z",-20.825,150.425,"0.0",0,"23.06","0.7000000000000001",0,2017-08-31,"08","2017",0,23.06,"-20.825 150.425"
"5597998","2017-08-31T12:00:00Z",-20.875,150.275,"0.0",0,"23.05","0.72",0,2017-08-31,"08","2017",0,23.05,"-20.875 150.275"
"5601999","2017-08-31T12:00:00Z",-23.325,151.875,"0.0",0,"22.48","1.1500000000000001",0,2017-08-31,"08","2017",0,22.48,"-23.325 151.875"
"5602241","2017-08-31T12:00:00Z",-23.475,151.825,"0.0",0,"22.26","1.19",0,2017-08-31,"08","2017",0,22.26,"-23.475 151.825"
"5602242","2017-08-31T12:00:00Z",-23.475,151.875,"0.0",0,"22.31","1.2",0,2017-08-31,"08","2017",0,22.31,"-23.475 151.875"
"5602244","2017-08-31T12:00:00Z",-23.475,151.975,"0.0",0,"22.38","1.1500000000000001",0,2017-08-31,"08","2017",0,22.38,"-23.475 151.975"
"5642710","2017-09-07T12:00:00Z",-20.125,150.275,"0.0",0,"24.1","1.03",0,2017-09-07,"09","2017",0,24.1,"-20.125 150.275"
"5643766","2017-09-07T12:00:00Z",-20.775,150.425,"0.0",0,"23.59","1.04",0,2017-09-07,"09","2017",0,23.59,"-20.775 150.425"
"5643767","2017-09-07T12:00:00Z",-20.775,150.475,"0.0",0,"23.62","1.05",0,2017-09-07,"09","2017",0,23.62,"-20.775 150.475"
"5643846","2017-09-07T12:00:00Z",-20.825,150.375,"0.0",0,"23.55","1.03",0,2017-09-07,"09","2017",0,23.55,"-20.825 150.375"
"5643847","2017-09-07T12:00:00Z",-20.825,150.425,"0.0",0,"23.56","1.04",0,2017-09-07,"09","2017",0,23.56,"-20.825 150.425"
"5643925","2017-09-07T12:00:00Z",-20.875,150.275,"0.0",0,"23.59","1.08",0,2017-09-07,"09","2017",0,23.59,"-20.875 150.275"
"5647926","2017-09-07T12:00:00Z",-23.325,151.875,"0.0",0,"22.43","1.01",0,2017-09-07,"09","2017",0,22.43,"-23.325 151.875"
"5648168","2017-09-07T12:00:00Z",-23.475,151.825,"0.0",0,"22.31","1.11",0,2017-09-07,"09","2017",0,22.31,"-23.475 151.825"
"5648169","2017-09-07T12:00:00Z",-23.475,151.875,"0.0",0,"22.28","1.05",0,2017-09-07,"09","2017",0,22.28,"-23.475 151.875"
"5648171","2017-09-07T12:00:00Z",-23.475,151.975,"0.0",0,"22.26","0.9400000000000001",0,2017-09-07,"09","2017",0,22.26,"-23.475 151.975"
"5688637","2017-09-14T12:00:00Z",-20.125,150.275,"0.0",0,"23.39","0.2",0,2017-09-14,"09","2017",0,23.39,"-20.125 150.275"
"5689693","2017-09-14T12:00:00Z",-20.775,150.425,"0.0",0,"23.11","0.4",0,2017-09-14,"09","2017",0,23.11,"-20.775 150.425"
"5689694","2017-09-14T12:00:00Z",-20.775,150.475,"0.0",0,"23.09","0.37",0,2017-09-14,"09","2017",0,23.09,"-20.775 150.475"
"5689773","2017-09-14T12:00:00Z",-20.825,150.375,"0.0",0,"23.17","0.48",0,2017-09-14,"09","2017",0,23.17,"-20.825 150.375"
"5689774","2017-09-14T12:00:00Z",-20.825,150.425,"0.0",0,"23.12","0.44",0,2017-09-14,"09","2017",0,23.12,"-20.825 150.425"
"5689852","2017-09-14T12:00:00Z",-20.875,150.275,"0.0",0,"23.37","0.68",0,2017-09-14,"09","2017",0,23.37,"-20.875 150.275"
"5693853","2017-09-14T12:00:00Z",-23.325,151.875,"0.0",0,"22.18","0.66",0,2017-09-14,"09","2017",0,22.18,"-23.325 151.875"
"5694095","2017-09-14T12:00:00Z",-23.475,151.825,"0.0",0,"22.1","0.77",0,2017-09-14,"09","2017",0,22.1,"-23.475 151.825"
"5694096","2017-09-14T12:00:00Z",-23.475,151.875,"0.0",0,"22.080000000000002","0.73",0,2017-09-14,"09","2017",0,22.08,"-23.475 151.875"
"5694098","2017-09-14T12:00:00Z",-23.475,151.975,"0.0",0,"22.11","0.6900000000000001",0,2017-09-14,"09","2017",0,22.11,"-23.475 151.975"
"5734564","2017-09-21T12:00:00Z",-20.125,150.275,"0.0",0,"24.09","0.63",0,2017-09-21,"09","2017",0,24.09,"-20.125 150.275"
"5735620","2017-09-21T12:00:00Z",-20.775,150.425,"0.0",0,"23.67","0.63",0,2017-09-21,"09","2017",0,23.67,"-20.775 150.425"
"5735621","2017-09-21T12:00:00Z",-20.775,150.475,"0.0",0,"23.69","0.64",0,2017-09-21,"09","2017",0,23.69,"-20.775 150.475"
"5735700","2017-09-21T12:00:00Z",-20.825,150.375,"0.0",0,"23.64","0.61",0,2017-09-21,"09","2017",0,23.64,"-20.825 150.375"
"5735701","2017-09-21T12:00:00Z",-20.825,150.425,"0.0",0,"23.66","0.64",0,2017-09-21,"09","2017",0,23.66,"-20.825 150.425"
"5735779","2017-09-21T12:00:00Z",-20.875,150.275,"0.0",0,"23.69","0.65",0,2017-09-21,"09","2017",0,23.69,"-20.875 150.275"
"5739780","2017-09-21T12:00:00Z",-23.325,151.875,"0.0",0,"23.1","1.31",0,2017-09-21,"09","2017",0,23.1,"-23.325 151.875"
"5740022","2017-09-21T12:00:00Z",-23.475,151.825,"0.0",0,"22.81","1.17",0,2017-09-21,"09","2017",0,22.81,"-23.475 151.825"
"5740023","2017-09-21T12:00:00Z",-23.475,151.875,"0.0",0,"22.89","1.23",0,2017-09-21,"09","2017",0,22.89,"-23.475 151.875"
"5740025","2017-09-21T12:00:00Z",-23.475,151.975,"0.0",0,"23.01","1.3",0,2017-09-21,"09","2017",0,23.01,"-23.475 151.975"
"5780491","2017-09-28T12:00:00Z",-20.125,150.275,"0.0",0,"24.580000000000002","0.8200000000000001",0,2017-09-28,"09","2017",0,24.58,"-20.125 150.275"
"5781547","2017-09-28T12:00:00Z",-20.775,150.425,"0.0",0,"24.38","0.97",0,2017-09-28,"09","2017",0,24.38,"-20.775 150.425"
"5781548","2017-09-28T12:00:00Z",-20.775,150.475,"0.0",0,"24.400000000000002","0.99",0,2017-09-28,"09","2017",0,24.4,"-20.775 150.475"
"5781627","2017-09-28T12:00:00Z",-20.825,150.375,"0.0",0,"24.42","1.02",0,2017-09-28,"09","2017",0,24.42,"-20.825 150.375"
"5781628","2017-09-28T12:00:00Z",-20.825,150.425,"0.0",0,"24.42","1.03",0,2017-09-28,"09","2017",0,24.42,"-20.825 150.425"
"5781706","2017-09-28T12:00:00Z",-20.875,150.275,"0.0",0,"24.48","1.06",0,2017-09-28,"09","2017",0,24.48,"-20.875 150.275"
"5785707","2017-09-28T12:00:00Z",-23.325,151.875,"0.0",0,"23.32","1.23",0,2017-09-28,"09","2017",0,23.32,"-23.325 151.875"
"5785949","2017-09-28T12:00:00Z",-23.475,151.825,"0.0",0,"23.31","1.33",0,2017-09-28,"09","2017",0,23.31,"-23.475 151.825"
"5785950","2017-09-28T12:00:00Z",-23.475,151.875,"0.0",0,"23.3","1.31",0,2017-09-28,"09","2017",0,23.3,"-23.475 151.875"
"5785952","2017-09-28T12:00:00Z",-23.475,151.975,"0.0",0,"23.29","1.26",0,2017-09-28,"09","2017",0,23.29,"-23.475 151.975"
"5826418","2017-10-05T12:00:00Z",-20.125,150.275,"0.0",0,"24.740000000000002","0.6900000000000001",0,2017-10-05,"10","2017",0,24.74,"-20.125 150.275"
"5827474","2017-10-05T12:00:00Z",-20.775,150.425,"0.0",0,"24.69","0.92",0,2017-10-05,"10","2017",0,24.69,"-20.775 150.425"
"5827475","2017-10-05T12:00:00Z",-20.775,150.475,"0.0",0,"24.7","0.93",0,2017-10-05,"10","2017",0,24.7,"-20.775 150.475"
"5827554","2017-10-05T12:00:00Z",-20.825,150.375,"0.0",0,"24.7","0.93",0,2017-10-05,"10","2017",0,24.7,"-20.825 150.375"
"5827555","2017-10-05T12:00:00Z",-20.825,150.425,"0.0",0,"24.7","0.9400000000000001",0,2017-10-05,"10","2017",0,24.7,"-20.825 150.425"
"5827633","2017-10-05T12:00:00Z",-20.875,150.275,"0.0",0,"24.84","1.05",0,2017-10-05,"10","2017",0,24.84,"-20.875 150.275"
"5831634","2017-10-05T12:00:00Z",-23.325,151.875,"0.0",0,"23.5","1.11",0,2017-10-05,"10","2017",0,23.5,"-23.325 151.875"
"5831876","2017-10-05T12:00:00Z",-23.475,151.825,"0.0",0,"23.55","1.23",0,2017-10-05,"10","2017",0,23.55,"-23.475 151.825"
"5831877","2017-10-05T12:00:00Z",-23.475,151.875,"0.0",0,"23.56","1.23",0,2017-10-05,"10","2017",0,23.56,"-23.475 151.875"
"5831879","2017-10-05T12:00:00Z",-23.475,151.975,"0.0",0,"23.53","1.18",0,2017-10-05,"10","2017",0,23.53,"-23.475 151.975"
"5872345","2017-10-12T12:00:00Z",-20.125,150.275,"0.0",0,"25.11","0.77",0,2017-10-12,"10","2017",0,25.11,"-20.125 150.275"
"5873401","2017-10-12T12:00:00Z",-20.775,150.425,"0.0",0,"25.03","0.9",0,2017-10-12,"10","2017",0,25.03,"-20.775 150.425"
"5873402","2017-10-12T12:00:00Z",-20.775,150.475,"0.0",0,"25.03","0.9",0,2017-10-12,"10","2017",0,25.03,"-20.775 150.475"
"5873481","2017-10-12T12:00:00Z",-20.825,150.375,"0.0",0,"25.080000000000002","0.9400000000000001",0,2017-10-12,"10","2017",0,25.08,"-20.825 150.375"
"5873482","2017-10-12T12:00:00Z",-20.825,150.425,"0.0",0,"25.07","0.9400000000000001",0,2017-10-12,"10","2017",0,25.07,"-20.825 150.425"
"5873560","2017-10-12T12:00:00Z",-20.875,150.275,"0.0",0,"25.19","1.02",0,2017-10-12,"10","2017",0,25.19,"-20.875 150.275"
"5877561","2017-10-12T12:00:00Z",-23.325,151.875,"0.0",0,"24.240000000000002","1.55",0,2017-10-12,"10","2017",0,24.24,"-23.325 151.875"
"5877803","2017-10-12T12:00:00Z",-23.475,151.825,"0.0",0,"24.25","1.59",0,2017-10-12,"10","2017",0,24.25,"-23.475 151.825"
"5877804","2017-10-12T12:00:00Z",-23.475,151.875,"0.0",0,"24.28","1.61",0,2017-10-12,"10","2017",0,24.28,"-23.475 151.875"
"5877806","2017-10-12T12:00:00Z",-23.475,151.975,"0.0",0,"24.34","1.67",0,2017-10-12,"10","2017",0,24.34,"-23.475 151.975"
"5918272","2017-10-19T12:00:00Z",-20.125,150.275,"0.0",0,"25.13","0.48",0,2017-10-19,"10","2017",0,25.13,"-20.125 150.275"
"5919328","2017-10-19T12:00:00Z",-20.775,150.425,"0.0",0,"25.34","0.84",0,2017-10-19,"10","2017",0,25.34,"-20.775 150.425"
"5919329","2017-10-19T12:00:00Z",-20.775,150.475,"0.0",0,"25.34","0.84",0,2017-10-19,"10","2017",0,25.34,"-20.775 150.475"
"5919408","2017-10-19T12:00:00Z",-20.825,150.375,"0.0",0,"25.36","0.85",0,2017-10-19,"10","2017",0,25.36,"-20.825 150.375"
"5919409","2017-10-19T12:00:00Z",-20.825,150.425,"0.0",0,"25.36","0.86",0,2017-10-19,"10","2017",0,25.36,"-20.825 150.425"
"5919487","2017-10-19T12:00:00Z",-20.875,150.275,"0.0",0,"25.330000000000002","0.79",0,2017-10-19,"10","2017",0,25.33,"-20.875 150.275"
"5923488","2017-10-19T12:00:00Z",-23.325,151.875,"0.0",0,"23.91","0.89",0,2017-10-19,"10","2017",0,23.91,"-23.325 151.875"
"5923730","2017-10-19T12:00:00Z",-23.475,151.825,"0.0",0,"23.79","0.78",0,2017-10-19,"10","2017",0,23.79,"-23.475 151.825"
"5923731","2017-10-19T12:00:00Z",-23.475,151.875,"0.0",0,"23.8","0.79",0,2017-10-19,"10","2017",0,23.8,"-23.475 151.875"
"5923733","2017-10-19T12:00:00Z",-23.475,151.975,"0.0",0,"23.87","0.86",0,2017-10-19,"10","2017",0,23.87,"-23.475 151.975"
"5964199","2017-10-26T12:00:00Z",-20.125,150.275,"0.0",0,"25.35","0.37",0,2017-10-26,"10","2017",0,25.35,"-20.125 150.275"
"5965255","2017-10-26T12:00:00Z",-20.775,150.425,"0.0",0,"25.44","0.58",0,2017-10-26,"10","2017",0,25.44,"-20.775 150.425"
"5965256","2017-10-26T12:00:00Z",-20.775,150.475,"0.0",0,"25.44","0.59",0,2017-10-26,"10","2017",0,25.44,"-20.775 150.475"
"5965335","2017-10-26T12:00:00Z",-20.825,150.375,"0.0",0,"25.47","0.6",0,2017-10-26,"10","2017",0,25.47,"-20.825 150.375"
"5965336","2017-10-26T12:00:00Z",-20.825,150.425,"0.0",0,"25.46","0.6",0,2017-10-26,"10","2017",0,25.46,"-20.825 150.425"
"5965414","2017-10-26T12:00:00Z",-20.875,150.275,"0.0",0,"25.5","0.6",0,2017-10-26,"10","2017",0,25.5,"-20.875 150.275"
"5969415","2017-10-26T12:00:00Z",-23.325,151.875,"0.0",0,"24.44","1.08",0,2017-10-26,"10","2017",0,24.44,"-23.325 151.875"
"5969657","2017-10-26T12:00:00Z",-23.475,151.825,"0.0",0,"24.36","1.0",0,2017-10-26,"10","2017",0,24.36,"-23.475 151.825"
"5969658","2017-10-26T12:00:00Z",-23.475,151.875,"0.0",0,"24.35","0.99",0,2017-10-26,"10","2017",0,24.35,"-23.475 151.875"
"5969660","2017-10-26T12:00:00Z",-23.475,151.975,"0.0",0,"24.29","0.9400000000000001",0,2017-10-26,"10","2017",0,24.29,"-23.475 151.975"
"6010126","2017-11-02T12:00:00Z",-20.125,150.275,"0.0",0,"25.97","0.67",0,2017-11-02,"11","2017",0,25.97,"-20.125 150.275"
"6011182","2017-11-02T12:00:00Z",-20.775,150.425,"0.0",0,"26.080000000000002","0.86",0,2017-11-02,"11","2017",0,26.08,"-20.775 150.425"
"6011183","2017-11-02T12:00:00Z",-20.775,150.475,"0.0",0,"26.1","0.89",0,2017-11-02,"11","2017",0,26.1,"-20.775 150.475"
"6011262","2017-11-02T12:00:00Z",-20.825,150.375,"0.0",0,"26.12","0.88",0,2017-11-02,"11","2017",0,26.12,"-20.825 150.375"
"6011263","2017-11-02T12:00:00Z",-20.825,150.425,"0.0",0,"26.14","0.92",0,2017-11-02,"11","2017",0,26.14,"-20.825 150.425"
"6011341","2017-11-02T12:00:00Z",-20.875,150.275,"0.0",0,"26.18","0.92",0,2017-11-02,"11","2017",0,26.18,"-20.875 150.275"
"6015342","2017-11-02T12:00:00Z",-23.325,151.875,"0.0",0,"24.88","1.18",0,2017-11-02,"11","2017",0,24.88,"-23.325 151.875"
"6015584","2017-11-02T12:00:00Z",-23.475,151.825,"0.0",0,"25.02","1.3",0,2017-11-02,"11","2017",0,25.02,"-23.475 151.825"
"6015585","2017-11-02T12:00:00Z",-23.475,151.875,"0.0",0,"25.01","1.3",0,2017-11-02,"11","2017",0,25.01,"-23.475 151.875"
"6015587","2017-11-02T12:00:00Z",-23.475,151.975,"0.0",0,"24.96","1.27",0,2017-11-02,"11","2017",0,24.96,"-23.475 151.975"
"6056053","2017-11-09T12:00:00Z",-20.125,150.275,"0.0",0,"25.990000000000002","0.37",0,2017-11-09,"11","2017",0,25.99,"-20.125 150.275"
"6057109","2017-11-09T12:00:00Z",-20.775,150.425,"0.0",0,"26.3","0.72",0,2017-11-09,"11","2017",0,26.3,"-20.775 150.425"
"6057110","2017-11-09T12:00:00Z",-20.775,150.475,"0.0",0,"26.28","0.71",0,2017-11-09,"11","2017",0,26.28,"-20.775 150.475"
"6057189","2017-11-09T12:00:00Z",-20.825,150.375,"0.0",0,"26.38","0.77",0,2017-11-09,"11","2017",0,26.38,"-20.825 150.375"
"6057190","2017-11-09T12:00:00Z",-20.825,150.425,"0.0",0,"26.36","0.77",0,2017-11-09,"11","2017",0,26.36,"-20.825 150.425"
"6057268","2017-11-09T12:00:00Z",-20.875,150.275,"0.0",0,"26.41","0.78",0,2017-11-09,"11","2017",0,26.41,"-20.875 150.275"
"6061269","2017-11-09T12:00:00Z",-23.325,151.875,"0.0",0,"24.900000000000002","0.85",0,2017-11-09,"11","2017",0,24.9,"-23.325 151.875"
"6061511","2017-11-09T12:00:00Z",-23.475,151.825,"0.0",0,"24.95","0.88",0,2017-11-09,"11","2017",0,24.95,"-23.475 151.825"
"6061512","2017-11-09T12:00:00Z",-23.475,151.875,"0.0",0,"24.92","0.86",0,2017-11-09,"11","2017",0,24.92,"-23.475 151.875"
"6061514","2017-11-09T12:00:00Z",-23.475,151.975,"0.0",0,"24.94","0.9",0,2017-11-09,"11","2017",0,24.94,"-23.475 151.975"
"6101980","2017-11-16T12:00:00Z",-20.125,150.275,"0.0",0,"25.810000000000002","-0.12",0,2017-11-16,"11","2017",0,25.81,"-20.125 150.275"
"6103036","2017-11-16T12:00:00Z",-20.775,150.425,"0.0",0,"25.87","-0.06",0,2017-11-16,"11","2017",0,25.87,"-20.775 150.425"
"6103037","2017-11-16T12:00:00Z",-20.775,150.475,"0.0",0,"25.87","-0.05",0,2017-11-16,"11","2017",0,25.87,"-20.775 150.475"
"6103116","2017-11-16T12:00:00Z",-20.825,150.375,"0.0",0,"25.89","-0.06",0,2017-11-16,"11","2017",0,25.89,"-20.825 150.375"
"6103117","2017-11-16T12:00:00Z",-20.825,150.425,"0.0",0,"25.88","-0.06",0,2017-11-16,"11","2017",0,25.88,"-20.825 150.425"
"6103195","2017-11-16T12:00:00Z",-20.875,150.275,"0.0",0,"25.88","-0.09",0,2017-11-16,"11","2017",0,25.88,"-20.875 150.275"
"6107196","2017-11-16T12:00:00Z",-23.325,151.875,"0.0",0,"24.330000000000002","-0.06",0,2017-11-16,"11","2017",0,24.33,"-23.325 151.875"
"6107438","2017-11-16T12:00:00Z",-23.475,151.825,"0.0",0,"24.27","-0.15",0,2017-11-16,"11","2017",0,24.27,"-23.475 151.825"
"6107439","2017-11-16T12:00:00Z",-23.475,151.875,"0.0",0,"24.29","-0.12",0,2017-11-16,"11","2017",0,24.29,"-23.475 151.875"
"6107441","2017-11-16T12:00:00Z",-23.475,151.975,"0.0",0,"24.34","-0.04",0,2017-11-16,"11","2017",0,24.34,"-23.475 151.975"
"6147907","2017-11-23T12:00:00Z",-20.125,150.275,"0.0",0,"25.68","-0.47000000000000003",0,2017-11-23,"11","2017",0,25.68,"-20.125 150.275"
"6148963","2017-11-23T12:00:00Z",-20.775,150.425,"0.0",0,"25.69","-0.49",0,2017-11-23,"11","2017",0,25.69,"-20.775 150.425"
"6148964","2017-11-23T12:00:00Z",-20.775,150.475,"0.0",0,"25.69","-0.48",0,2017-11-23,"11","2017",0,25.69,"-20.775 150.475"
"6149043","2017-11-23T12:00:00Z",-20.825,150.375,"0.0",0,"25.72","-0.48",0,2017-11-23,"11","2017",0,25.72,"-20.825 150.375"
"6149044","2017-11-23T12:00:00Z",-20.825,150.425,"0.0",0,"25.71","-0.48",0,2017-11-23,"11","2017",0,25.71,"-20.825 150.425"
"6149122","2017-11-23T12:00:00Z",-20.875,150.275,"0.0",0,"25.75","-0.47000000000000003",0,2017-11-23,"11","2017",0,25.75,"-20.875 150.275"
"6153123","2017-11-23T12:00:00Z",-23.325,151.875,"0.0",0,"24.12","-0.61",0,2017-11-23,"11","2017",0,24.12,"-23.325 151.875"
"6153365","2017-11-23T12:00:00Z",-23.475,151.825,"0.0",0,"24.17","-0.6",0,2017-11-23,"11","2017",0,24.17,"-23.475 151.825"
"6153366","2017-11-23T12:00:00Z",-23.475,151.875,"0.0",0,"24.18","-0.5700000000000001",0,2017-11-23,"11","2017",0,24.18,"-23.475 151.875"
"6153368","2017-11-23T12:00:00Z",-23.475,151.975,"0.0",0,"24.26","-0.45",0,2017-11-23,"11","2017",0,24.26,"-23.475 151.975"
"6193834","2017-11-30T12:00:00Z",-20.125,150.275,"0.0",0,"26.28","-0.09",0,2017-11-30,"11","2017",0,26.28,"-20.125 150.275"
"6194890","2017-11-30T12:00:00Z",-20.775,150.425,"0.0",0,"26.23","-0.19",0,2017-11-30,"11","2017",0,26.23,"-20.775 150.425"
"6194891","2017-11-30T12:00:00Z",-20.775,150.475,"0.0",0,"26.3","-0.12",0,2017-11-30,"11","2017",0,26.3,"-20.775 150.475"
"6194970","2017-11-30T12:00:00Z",-20.825,150.375,"0.0",0,"26.19","-0.25",0,2017-11-30,"11","2017",0,26.19,"-20.825 150.375"
"6194971","2017-11-30T12:00:00Z",-20.825,150.425,"0.0",0,"26.26","-0.17",0,2017-11-30,"11","2017",0,26.26,"-20.825 150.425"
"6195049","2017-11-30T12:00:00Z",-20.875,150.275,"0.0",0,"26.21","-0.25",0,2017-11-30,"11","2017",0,26.21,"-20.875 150.275"
"6199050","2017-11-30T12:00:00Z",-23.325,151.875,"0.0",0,"25.04","-0.04",0,2017-11-30,"11","2017",0,25.04,"-23.325 151.875"
"6199292","2017-11-30T12:00:00Z",-23.475,151.825,"0.0",0,"25.04","-0.07",0,2017-11-30,"11","2017",0,25.04,"-23.475 151.825"
"6199293","2017-11-30T12:00:00Z",-23.475,151.875,"0.0",0,"25.080000000000002","-0.01",0,2017-11-30,"11","2017",0,25.08,"-23.475 151.875"
"6199295","2017-11-30T12:00:00Z",-23.475,151.975,"0.0",0,"25.150000000000002","0.1",0,2017-11-30,"11","2017",0,25.15,"-23.475 151.975"
"6239761","2017-12-07T12:00:00Z",-20.125,150.275,"0.0",0,"26.91","0.32",0,2017-12-07,"12","2017",0,26.91,"-20.125 150.275"
"6240817","2017-12-07T12:00:00Z",-20.775,150.425,"0.0",0,"26.990000000000002","0.32",0,2017-12-07,"12","2017",0,26.99,"-20.775 150.425"
"6240818","2017-12-07T12:00:00Z",-20.775,150.475,"0.0",0,"27.01","0.34",0,2017-12-07,"12","2017",0,27.01,"-20.775 150.475"
"6240897","2017-12-07T12:00:00Z",-20.825,150.375,"0.0",0,"27.04","0.35000000000000003",0,2017-12-07,"12","2017",0,27.04,"-20.825 150.375"
"6240898","2017-12-07T12:00:00Z",-20.825,150.425,"0.0",0,"27.05","0.37",0,2017-12-07,"12","2017",0,27.05,"-20.825 150.425"
"6240976","2017-12-07T12:00:00Z",-20.875,150.275,"0.0",0,"27.21","0.51",0,2017-12-07,"12","2017",0,27.21,"-20.875 150.275"
"6244977","2017-12-07T12:00:00Z",-23.325,151.875,"0.0",0,"25.650000000000002","0.23",0,2017-12-07,"12","2017",0,25.65,"-23.325 151.875"
"6245219","2017-12-07T12:00:00Z",-23.475,151.825,"0.0",0,"25.810000000000002","0.35000000000000003",0,2017-12-07,"12","2017",0,25.81,"-23.475 151.825"
"6245220","2017-12-07T12:00:00Z",-23.475,151.875,"0.0",0,"25.8","0.36",0,2017-12-07,"12","2017",0,25.8,"-23.475 151.875"
"6245222","2017-12-07T12:00:00Z",-23.475,151.975,"0.0",0,"25.77","0.38",0,2017-12-07,"12","2017",0,25.77,"-23.475 151.975"
"6285688","2017-12-14T12:00:00Z",-20.125,150.275,"0.0",0,"26.85","0.04",0,2017-12-14,"12","2017",0,26.85,"-20.125 150.275"
"6286744","2017-12-14T12:00:00Z",-20.775,150.425,"0.0",0,"26.95","0.03",0,2017-12-14,"12","2017",0,26.95,"-20.775 150.425"
"6286745","2017-12-14T12:00:00Z",-20.775,150.475,"0.0",0,"26.94","0.02",0,2017-12-14,"12","2017",0,26.94,"-20.775 150.475"
"6286824","2017-12-14T12:00:00Z",-20.825,150.375,"0.0",0,"26.95","0.02",0,2017-12-14,"12","2017",0,26.95,"-20.825 150.375"
"6286825","2017-12-14T12:00:00Z",-20.825,150.425,"0.0",0,"26.96","0.03",0,2017-12-14,"12","2017",0,26.96,"-20.825 150.425"
"6286903","2017-12-14T12:00:00Z",-20.875,150.275,"0.0",0,"26.94","-0.01",0,2017-12-14,"12","2017",0,26.94,"-20.875 150.275"
"6290904","2017-12-14T12:00:00Z",-23.325,151.875,"0.0",0,"25.66","-0.1",0,2017-12-14,"12","2017",0,25.66,"-23.325 151.875"
"6291146","2017-12-14T12:00:00Z",-23.475,151.825,"0.0",0,"25.72","-0.09",0,2017-12-14,"12","2017",0,25.72,"-23.475 151.825"
"6291147","2017-12-14T12:00:00Z",-23.475,151.875,"0.0",0,"25.7","-0.08",0,2017-12-14,"12","2017",0,25.7,"-23.475 151.875"
"6291149","2017-12-14T12:00:00Z",-23.475,151.975,"0.0",0,"25.72","0.0",0,2017-12-14,"12","2017",0,25.72,"-23.475 151.975"
"6331615","2017-12-21T12:00:00Z",-20.125,150.275,"0.0",0,"27.22","0.23",0,2017-12-21,"12","2017",0,27.22,"-20.125 150.275"
"6332671","2017-12-21T12:00:00Z",-20.775,150.425,"0.0",0,"27.240000000000002","0.11",0,2017-12-21,"12","2017",0,27.24,"-20.775 150.425"
"6332672","2017-12-21T12:00:00Z",-20.775,150.475,"0.0",0,"27.23","0.1",0,2017-12-21,"12","2017",0,27.23,"-20.775 150.475"
"6332751","2017-12-21T12:00:00Z",-20.825,150.375,"0.0",0,"27.27","0.13",0,2017-12-21,"12","2017",0,27.27,"-20.825 150.375"
"6332752","2017-12-21T12:00:00Z",-20.825,150.425,"0.0",0,"27.26","0.12",0,2017-12-21,"12","2017",0,27.26,"-20.825 150.425"
"6332830","2017-12-21T12:00:00Z",-20.875,150.275,"0.0",0,"27.310000000000002","0.16",0,2017-12-21,"12","2017",0,27.31,"-20.875 150.275"
"6336831","2017-12-21T12:00:00Z",-23.325,151.875,"0.0",0,"26.04","0.02",0,2017-12-21,"12","2017",0,26.04,"-23.325 151.875"
"6337073","2017-12-21T12:00:00Z",-23.475,151.825,"0.0",0,"26.21","0.13",0,2017-12-21,"12","2017",0,26.21,"-23.475 151.825"
"6337074","2017-12-21T12:00:00Z",-23.475,151.875,"0.0",0,"26.17","0.12",0,2017-12-21,"12","2017",0,26.17,"-23.475 151.875"
"6337076","2017-12-21T12:00:00Z",-23.475,151.975,"0.0",0,"26.150000000000002","0.16",0,2017-12-21,"12","2017",0,26.15,"-23.475 151.975"
"6377542","2017-12-28T12:00:00Z",-20.125,150.275,"0.0",0,"27.47","0.29",0,2017-12-28,"12","2017",0,27.47,"-20.125 150.275"
"6378598","2017-12-28T12:00:00Z",-20.775,150.425,"0.0",0,"27.62","0.3",0,2017-12-28,"12","2017",0,27.62,"-20.775 150.425"
"6378599","2017-12-28T12:00:00Z",-20.775,150.475,"0.0",0,"27.59","0.27",0,2017-12-28,"12","2017",0,27.59,"-20.775 150.475"
"6378678","2017-12-28T12:00:00Z",-20.825,150.375,"0.0",0,"27.71","0.37",0,2017-12-28,"12","2017",0,27.71,"-20.825 150.375"
"6378679","2017-12-28T12:00:00Z",-20.825,150.425,"0.0",0,"27.68","0.35000000000000003",0,2017-12-28,"12","2017",0,27.68,"-20.825 150.425"
"6378757","2017-12-28T12:00:00Z",-20.875,150.275,"0.0",0,"27.810000000000002","0.46",0,2017-12-28,"12","2017",0,27.81,"-20.875 150.275"
"6382758","2017-12-28T12:00:00Z",-23.325,151.875,"0.0",0,"26.84","0.5700000000000001",0,2017-12-28,"12","2017",0,26.84,"-23.325 151.875"
"6383000","2017-12-28T12:00:00Z",-23.475,151.825,"0.0",0,"27.03","0.7000000000000001",0,2017-12-28,"12","2017",0,27.03,"-23.475 151.825"
"6383001","2017-12-28T12:00:00Z",-23.475,151.875,"0.0",0,"27.01","0.71",0,2017-12-28,"12","2017",0,27.01,"-23.475 151.875"
"6383003","2017-12-28T12:00:00Z",-23.475,151.975,"0.0",0,"26.94","0.7000000000000001",0,2017-12-28,"12","2017",0,26.94,"-23.475 151.975"
"6423469","2018-01-04T12:00:00Z",-20.125,150.275,"0.0",0,"27.93","0.5700000000000001",0,2018-01-04,"01","2018",0,27.93,"-20.125 150.275"
"6424525","2018-01-04T12:00:00Z",-20.775,150.425,"0.0",0,"28.07","0.55",0,2018-01-04,"01","2018",0,28.07,"-20.775 150.425"
"6424526","2018-01-04T12:00:00Z",-20.775,150.475,"0.0",0,"28.07","0.56",0,2018-01-04,"01","2018",0,28.07,"-20.775 150.475"
"6424605","2018-01-04T12:00:00Z",-20.825,150.375,"0.0",0,"28.080000000000002","0.54",0,2018-01-04,"01","2018",0,28.08,"-20.825 150.375"
"6424606","2018-01-04T12:00:00Z",-20.825,150.425,"0.0",0,"28.09","0.56",0,2018-01-04,"01","2018",0,28.09,"-20.825 150.425"
"6424684","2018-01-04T12:00:00Z",-20.875,150.275,"0.0",0,"28.11","0.56",0,2018-01-04,"01","2018",0,28.11,"-20.875 150.275"
"6428685","2018-01-04T12:00:00Z",-23.325,151.875,"0.0",0,"27.060000000000002","0.55",0,2018-01-04,"01","2018",0,27.06,"-23.325 151.875"
"6428927","2018-01-04T12:00:00Z",-23.475,151.825,"0.0",0,"27.14","0.56",0,2018-01-04,"01","2018",0,27.14,"-23.475 151.825"
"6428928","2018-01-04T12:00:00Z",-23.475,151.875,"0.0",0,"27.09","0.54",0,2018-01-04,"01","2018",0,27.09,"-23.475 151.875"
"6428930","2018-01-04T12:00:00Z",-23.475,151.975,"0.0",0,"27.01","0.51",0,2018-01-04,"01","2018",0,27.01,"-23.475 151.975"
"6469396","2018-01-11T12:00:00Z",-20.125,150.275,"0.0",0,"27.86","0.32",0,2018-01-11,"01","2018",0,27.86,"-20.125 150.275"
"6470452","2018-01-11T12:00:00Z",-20.775,150.425,"0.0",0,"28.240000000000002","0.52",0,2018-01-11,"01","2018",0,28.24,"-20.775 150.425"
"6470453","2018-01-11T12:00:00Z",-20.775,150.475,"0.0",0,"28.22","0.51",0,2018-01-11,"01","2018",0,28.22,"-20.775 150.475"
"6470532","2018-01-11T12:00:00Z",-20.825,150.375,"0.0",0,"28.310000000000002","0.56",0,2018-01-11,"01","2018",0,28.31,"-20.825 150.375"
"6470533","2018-01-11T12:00:00Z",-20.825,150.425,"0.0",0,"28.310000000000002","0.58",0,2018-01-11,"01","2018",0,28.31,"-20.825 150.425"
"6470611","2018-01-11T12:00:00Z",-20.875,150.275,"0.0",0,"28.32","0.56",0,2018-01-11,"01","2018",0,28.32,"-20.875 150.275"
"6474612","2018-01-11T12:00:00Z",-23.325,151.875,"0.0",0,"27.32","0.56",0,2018-01-11,"01","2018",0,27.32,"-23.325 151.875"
"6474854","2018-01-11T12:00:00Z",-23.475,151.825,"0.0",0,"27.45","0.61",0,2018-01-11,"01","2018",0,27.45,"-23.475 151.825"
"6474855","2018-01-11T12:00:00Z",-23.475,151.875,"0.0",0,"27.39","0.58",0,2018-01-11,"01","2018",0,27.39,"-23.475 151.875"
"6474857","2018-01-11T12:00:00Z",-23.475,151.975,"0.0",0,"27.29","0.54",0,2018-01-11,"01","2018",0,27.29,"-23.475 151.975"
"6515323","2018-01-18T12:00:00Z",-20.125,150.275,"0.0",0,"27.77","0.11",0,2018-01-18,"01","2018",0,27.77,"-20.125 150.275"
"6516379","2018-01-18T12:00:00Z",-20.775,150.425,"0.0",0,"28.07","0.23",0,2018-01-18,"01","2018",0,28.07,"-20.775 150.425"
"6516380","2018-01-18T12:00:00Z",-20.775,150.475,"0.0",0,"28.04","0.21",0,2018-01-18,"01","2018",0,28.04,"-20.775 150.475"
"6516459","2018-01-18T12:00:00Z",-20.825,150.375,"0.0",0,"28.12","0.25",0,2018-01-18,"01","2018",0,28.12,"-20.825 150.375"
"6516460","2018-01-18T12:00:00Z",-20.825,150.425,"0.0",0,"28.09","0.24",0,2018-01-18,"01","2018",0,28.09,"-20.825 150.425"
"6516538","2018-01-18T12:00:00Z",-20.875,150.275,"0.0",0,"28.2","0.32",0,2018-01-18,"01","2018",0,28.2,"-20.875 150.275"
"6520539","2018-01-18T12:00:00Z",-23.325,151.875,"0.0",0,"26.54","-0.38",0,2018-01-18,"01","2018",0,26.54,"-23.325 151.875"
"6520781","2018-01-18T12:00:00Z",-23.475,151.825,"0.0",0,"26.69","-0.31",0,2018-01-18,"01","2018",0,26.69,"-23.475 151.825"
"6520782","2018-01-18T12:00:00Z",-23.475,151.875,"0.0",0,"26.55","-0.42",0,2018-01-18,"01","2018",0,26.55,"-23.475 151.875"
"6520784","2018-01-18T12:00:00Z",-23.475,151.975,"0.0",0,"26.38","-0.54",0,2018-01-18,"01","2018",0,26.38,"-23.475 151.975"
"6561250","2018-01-25T12:00:00Z",-20.125,150.275,"0.0",0,"27.69","-0.02",0,2018-01-25,"01","2018",0,27.69,"-20.125 150.275"
"6562306","2018-01-25T12:00:00Z",-20.775,150.425,"0.0",0,"27.91","0.04",0,2018-01-25,"01","2018",0,27.91,"-20.775 150.425"
"6562307","2018-01-25T12:00:00Z",-20.775,150.475,"0.0",0,"27.87","0.01",0,2018-01-25,"01","2018",0,27.87,"-20.775 150.475"
"6562386","2018-01-25T12:00:00Z",-20.825,150.375,"0.0",0,"27.98","0.08",0,2018-01-25,"01","2018",0,27.98,"-20.825 150.375"
"6562387","2018-01-25T12:00:00Z",-20.825,150.425,"0.0",0,"27.94","0.06",0,2018-01-25,"01","2018",0,27.94,"-20.825 150.425"
"6562465","2018-01-25T12:00:00Z",-20.875,150.275,"0.0",0,"28.1","0.18",0,2018-01-25,"01","2018",0,28.1,"-20.875 150.275"
"6566466","2018-01-25T12:00:00Z",-23.325,151.875,"0.0",0,"27.11","0.13",0,2018-01-25,"01","2018",0,27.11,"-23.325 151.875"
"6566708","2018-01-25T12:00:00Z",-23.475,151.825,"0.0",0,"27.310000000000002","0.28",0,2018-01-25,"01","2018",0,27.31,"-23.475 151.825"
"6566709","2018-01-25T12:00:00Z",-23.475,151.875,"0.0",0,"27.27","0.26",0,2018-01-25,"01","2018",0,27.27,"-23.475 151.875"
"6566711","2018-01-25T12:00:00Z",-23.475,151.975,"0.0",0,"27.17","0.2",0,2018-01-25,"01","2018",0,27.17,"-23.475 151.975"
"6607177","2018-02-01T12:00:00Z",-20.125,150.275,"0.0",0,"28.03","0.27",0,2018-02-01,"02","2018",0,28.03,"-20.125 150.275"
"6608233","2018-02-01T12:00:00Z",-20.775,150.425,"0.0",0,"28.13","0.23",0,2018-02-01,"02","2018",0,28.13,"-20.775 150.425"
"6608234","2018-02-01T12:00:00Z",-20.775,150.475,"0.0",0,"28.11","0.22",0,2018-02-01,"02","2018",0,28.11,"-20.775 150.475"
"6608313","2018-02-01T12:00:00Z",-20.825,150.375,"0.0",0,"28.21","0.28",0,2018-02-01,"02","2018",0,28.21,"-20.825 150.375"
"6608314","2018-02-01T12:00:00Z",-20.825,150.425,"0.0",0,"28.18","0.27",0,2018-02-01,"02","2018",0,28.18,"-20.825 150.425"
"6608392","2018-02-01T12:00:00Z",-20.875,150.275,"0.0",0,"28.27","0.32",0,2018-02-01,"02","2018",0,28.27,"-20.875 150.275"
"6612393","2018-02-01T12:00:00Z",-23.325,151.875,"0.0",0,"27.23","0.2",0,2018-02-01,"02","2018",0,27.23,"-23.325 151.875"
"6612635","2018-02-01T12:00:00Z",-23.475,151.825,"0.0",0,"27.23","0.16",0,2018-02-01,"02","2018",0,27.23,"-23.475 151.825"
"6612636","2018-02-01T12:00:00Z",-23.475,151.875,"0.0",0,"27.21","0.16",0,2018-02-01,"02","2018",0,27.21,"-23.475 151.875"
"6612638","2018-02-01T12:00:00Z",-23.475,151.975,"0.0",0,"27.16","0.14",0,2018-02-01,"02","2018",0,27.16,"-23.475 151.975"
"6653104","2018-02-08T12:00:00Z",-20.125,150.275,"0.0",0,"27.71","-0.1",0,2018-02-08,"02","2018",0,27.71,"-20.125 150.275"
"6654160","2018-02-08T12:00:00Z",-20.775,150.425,"0.0",0,"27.84","-0.08",0,2018-02-08,"02","2018",0,27.84,"-20.775 150.425"
"6654161","2018-02-08T12:00:00Z",-20.775,150.475,"0.0",0,"27.830000000000002","-0.08",0,2018-02-08,"02","2018",0,27.83,"-20.775 150.475"
"6654240","2018-02-08T12:00:00Z",-20.825,150.375,"0.0",0,"27.87","-0.08",0,2018-02-08,"02","2018",0,27.87,"-20.825 150.375"
"6654241","2018-02-08T12:00:00Z",-20.825,150.425,"0.0",0,"27.85","-0.08",0,2018-02-08,"02","2018",0,27.85,"-20.825 150.425"
"6654319","2018-02-08T12:00:00Z",-20.875,150.275,"0.0",0,"27.92","-0.07",0,2018-02-08,"02","2018",0,27.92,"-20.875 150.275"
"6658320","2018-02-08T12:00:00Z",-23.325,151.875,"0.0",0,"26.57","-0.52",0,2018-02-08,"02","2018",0,26.57,"-23.325 151.875"
"6658562","2018-02-08T12:00:00Z",-23.475,151.825,"0.0",0,"26.54","-0.56",0,2018-02-08,"02","2018",0,26.54,"-23.475 151.825"
"6658563","2018-02-08T12:00:00Z",-23.475,151.875,"0.0",0,"26.55","-0.54",0,2018-02-08,"02","2018",0,26.55,"-23.475 151.875"
"6658565","2018-02-08T12:00:00Z",-23.475,151.975,"0.0",0,"26.59","-0.47000000000000003",0,2018-02-08,"02","2018",0,26.59,"-23.475 151.975"
"6699031","2018-02-15T12:00:00Z",-20.125,150.275,"0.0",0,"28.01","0.15",0,2018-02-15,"02","2018",0,28.01,"-20.125 150.275"
"6700087","2018-02-15T12:00:00Z",-20.775,150.425,"0.0",0,"28.080000000000002","0.13",0,2018-02-15,"02","2018",0,28.08,"-20.775 150.425"
"6700088","2018-02-15T12:00:00Z",-20.775,150.475,"0.0",0,"28.13","0.19",0,2018-02-15,"02","2018",0,28.13,"-20.775 150.475"
"6700167","2018-02-15T12:00:00Z",-20.825,150.375,"0.0",0,"28.0","0.02",0,2018-02-15,"02","2018",0,28,"-20.825 150.375"
"6700168","2018-02-15T12:00:00Z",-20.825,150.425,"0.0",0,"28.080000000000002","0.12",0,2018-02-15,"02","2018",0,28.08,"-20.825 150.425"
"6700246","2018-02-15T12:00:00Z",-20.875,150.275,"0.0",0,"27.94","-0.08",0,2018-02-15,"02","2018",0,27.94,"-20.875 150.275"
"6704247","2018-02-15T12:00:00Z",-23.325,151.875,"0.0",0,"27.34","0.2",0,2018-02-15,"02","2018",0,27.34,"-23.325 151.875"
"6704489","2018-02-15T12:00:00Z",-23.475,151.825,"0.0",0,"27.45","0.31",0,2018-02-15,"02","2018",0,27.45,"-23.475 151.825"
"6704490","2018-02-15T12:00:00Z",-23.475,151.875,"0.0",0,"27.42","0.29",0,2018-02-15,"02","2018",0,27.42,"-23.475 151.875"
"6704492","2018-02-15T12:00:00Z",-23.475,151.975,"0.0",0,"27.37","0.26",0,2018-02-15,"02","2018",0,27.37,"-23.475 151.975"
"6744958","2018-02-22T12:00:00Z",-20.125,150.275,"0.0",0,"28.37","0.62",0,2018-02-22,"02","2018",0,28.37,"-20.125 150.275"
"6746014","2018-02-22T12:00:00Z",-20.775,150.425,"0.0",0,"28.740000000000002","0.91",0,2018-02-22,"02","2018",0,28.74,"-20.775 150.425"
"6746015","2018-02-22T12:00:00Z",-20.775,150.475,"0.0",0,"28.71","0.89",0,2018-02-22,"02","2018",0,28.71,"-20.775 150.475"
"6746094","2018-02-22T12:00:00Z",-20.825,150.375,"0.0",0,"28.77","0.92",0,2018-02-22,"02","2018",0,28.77,"-20.825 150.375"
"6746095","2018-02-22T12:00:00Z",-20.825,150.425,"0.0",0,"28.75","0.91",0,2018-02-22,"02","2018",0,28.75,"-20.825 150.425"
"6746173","2018-02-22T12:00:00Z",-20.875,150.275,"0.0",0,"28.79","0.9",0,2018-02-22,"02","2018",0,28.79,"-20.875 150.275"
"6750174","2018-02-22T12:00:00Z",-23.325,151.875,"0.0",0,"27.53","0.56",0,2018-02-22,"02","2018",0,27.53,"-23.325 151.875"
"6750416","2018-02-22T12:00:00Z",-23.475,151.825,"0.0",0,"27.46","0.51",0,2018-02-22,"02","2018",0,27.46,"-23.475 151.825"
"6750417","2018-02-22T12:00:00Z",-23.475,151.875,"0.0",0,"27.46","0.52",0,2018-02-22,"02","2018",0,27.46,"-23.475 151.875"
"6750419","2018-02-22T12:00:00Z",-23.475,151.975,"0.0",0,"27.51","0.58",0,2018-02-22,"02","2018",0,27.51,"-23.475 151.975"
"6790885","2018-03-01T12:00:00Z",-20.125,150.275,"0.0",0,"27.86","0.21",0,2018-03-01,"03","2018",0,27.86,"-20.125 150.275"
"6791941","2018-03-01T12:00:00Z",-20.775,150.425,"0.0",0,"28.330000000000002","0.62",0,2018-03-01,"03","2018",0,28.33,"-20.775 150.425"
"6791942","2018-03-01T12:00:00Z",-20.775,150.475,"0.0",0,"28.32","0.62",0,2018-03-01,"03","2018",0,28.32,"-20.775 150.475"
"6792021","2018-03-01T12:00:00Z",-20.825,150.375,"0.0",0,"28.39","0.66",0,2018-03-01,"03","2018",0,28.39,"-20.825 150.375"
"6792022","2018-03-01T12:00:00Z",-20.825,150.425,"0.0",0,"28.38","0.66",0,2018-03-01,"03","2018",0,28.38,"-20.825 150.425"
"6792100","2018-03-01T12:00:00Z",-20.875,150.275,"0.0",0,"28.46","0.7000000000000001",0,2018-03-01,"03","2018",0,28.46,"-20.875 150.275"
"6796101","2018-03-01T12:00:00Z",-23.325,151.875,"0.0",0,"27.61","0.81",0,2018-03-01,"03","2018",0,27.61,"-23.325 151.875"
"6796343","2018-03-01T12:00:00Z",-23.475,151.825,"0.0",0,"27.62","0.86",0,2018-03-01,"03","2018",0,27.62,"-23.475 151.825"
"6796344","2018-03-01T12:00:00Z",-23.475,151.875,"0.0",0,"27.62","0.87",0,2018-03-01,"03","2018",0,27.62,"-23.475 151.875"
"6796346","2018-03-01T12:00:00Z",-23.475,151.975,"0.0",0,"27.66","0.92",0,2018-03-01,"03","2018",0,27.66,"-23.475 151.975"
"6836812","2018-03-08T12:00:00Z",-20.125,150.275,"0.0",0,"27.78","0.24",0,2018-03-08,"03","2018",0,27.78,"-20.125 150.275"
"6837868","2018-03-08T12:00:00Z",-20.775,150.425,"0.0",0,"28.35","0.76",0,2018-03-08,"03","2018",0,28.35,"-20.775 150.425"
"6837869","2018-03-08T12:00:00Z",-20.775,150.475,"0.0",0,"28.3","0.71",0,2018-03-08,"03","2018",0,28.3,"-20.775 150.475"
"6837948","2018-03-08T12:00:00Z",-20.825,150.375,"0.0",0,"28.44","0.84",0,2018-03-08,"03","2018",0,28.44,"-20.825 150.375"
"6837949","2018-03-08T12:00:00Z",-20.825,150.425,"0.0",0,"28.41","0.8200000000000001",0,2018-03-08,"03","2018",0,28.41,"-20.825 150.425"
"6838027","2018-03-08T12:00:00Z",-20.875,150.275,"0.0",0,"28.51","0.88",0,2018-03-08,"03","2018",0,28.51,"-20.875 150.275"
"6842028","2018-03-08T12:00:00Z",-23.325,151.875,"0.0",0,"27.32","0.6900000000000001",0,2018-03-08,"03","2018",0,27.32,"-23.325 151.875"
"6842270","2018-03-08T12:00:00Z",-23.475,151.825,"0.0",0,"27.51","0.9400000000000001",0,2018-03-08,"03","2018",0,27.51,"-23.475 151.825"
"6842271","2018-03-08T12:00:00Z",-23.475,151.875,"0.0",0,"27.490000000000002","0.92",0,2018-03-08,"03","2018",0,27.49,"-23.475 151.875"
"6842273","2018-03-08T12:00:00Z",-23.475,151.975,"0.0",0,"27.48","0.92",0,2018-03-08,"03","2018",0,27.48,"-23.475 151.975"
"6882739","2018-03-15T12:00:00Z",-20.125,150.275,"0.0",0,"27.57","0.13",0,2018-03-15,"03","2018",0,27.57,"-20.125 150.275"
"6883795","2018-03-15T12:00:00Z",-20.775,150.425,"0.0",0,"27.580000000000002","0.11",0,2018-03-15,"03","2018",0,27.58,"-20.775 150.425"
"6883796","2018-03-15T12:00:00Z",-20.775,150.475,"0.0",0,"27.55","0.08",0,2018-03-15,"03","2018",0,27.55,"-20.775 150.475"
"6883875","2018-03-15T12:00:00Z",-20.825,150.375,"0.0",0,"27.61","0.13",0,2018-03-15,"03","2018",0,27.61,"-20.825 150.375"
"6883876","2018-03-15T12:00:00Z",-20.825,150.425,"0.0",0,"27.59","0.12",0,2018-03-15,"03","2018",0,27.59,"-20.825 150.425"
"6883954","2018-03-15T12:00:00Z",-20.875,150.275,"0.0",0,"27.62","0.12",0,2018-03-15,"03","2018",0,27.62,"-20.875 150.275"
"6887955","2018-03-15T12:00:00Z",-23.325,151.875,"0.0",0,"26.900000000000002","0.44",0,2018-03-15,"03","2018",0,26.9,"-23.325 151.875"
"6888197","2018-03-15T12:00:00Z",-23.475,151.825,"0.0",0,"26.740000000000002","0.36",0,2018-03-15,"03","2018",0,26.74,"-23.475 151.825"
"6888198","2018-03-15T12:00:00Z",-23.475,151.875,"0.0",0,"26.8","0.42",0,2018-03-15,"03","2018",0,26.8,"-23.475 151.875"
"6888200","2018-03-15T12:00:00Z",-23.475,151.975,"0.0",0,"26.89","0.51",0,2018-03-15,"03","2018",0,26.89,"-23.475 151.975"
"6928666","2018-03-22T12:00:00Z",-20.125,150.275,"0.0",0,"27.54","0.29",0,2018-03-22,"03","2018",0,27.54,"-20.125 150.275"
"6929722","2018-03-22T12:00:00Z",-20.775,150.425,"0.0",0,"27.43","0.18",0,2018-03-22,"03","2018",0,27.43,"-20.775 150.425"
"6929723","2018-03-22T12:00:00Z",-20.775,150.475,"0.0",0,"27.41","0.16",0,2018-03-22,"03","2018",0,27.41,"-20.775 150.475"
"6929802","2018-03-22T12:00:00Z",-20.825,150.375,"0.0",0,"27.45","0.2",0,2018-03-22,"03","2018",0,27.45,"-20.825 150.375"
"6929803","2018-03-22T12:00:00Z",-20.825,150.425,"0.0",0,"27.43","0.18",0,2018-03-22,"03","2018",0,27.43,"-20.825 150.425"
"6929881","2018-03-22T12:00:00Z",-20.875,150.275,"0.0",0,"27.490000000000002","0.22",0,2018-03-22,"03","2018",0,27.49,"-20.875 150.275"
"6933882","2018-03-22T12:00:00Z",-23.325,151.875,"0.0",0,"26.810000000000002","0.58",0,2018-03-22,"03","2018",0,26.81,"-23.325 151.875"
"6934124","2018-03-22T12:00:00Z",-23.475,151.825,"0.0",0,"26.73","0.59",0,2018-03-22,"03","2018",0,26.73,"-23.475 151.825"
"6934125","2018-03-22T12:00:00Z",-23.475,151.875,"0.0",0,"26.75","0.61",0,2018-03-22,"03","2018",0,26.75,"-23.475 151.875"
"6934127","2018-03-22T12:00:00Z",-23.475,151.975,"0.0",0,"26.830000000000002","0.67",0,2018-03-22,"03","2018",0,26.83,"-23.475 151.975"
"6974593","2018-03-29T12:00:00Z",-20.125,150.275,"0.0",0,"27.76","0.7000000000000001",0,2018-03-29,"03","2018",0,27.76,"-20.125 150.275"
"6975649","2018-03-29T12:00:00Z",-20.775,150.425,"0.0",0,"27.48","0.45",0,2018-03-29,"03","2018",0,27.48,"-20.775 150.425"
"6975650","2018-03-29T12:00:00Z",-20.775,150.475,"0.0",0,"27.52","0.49",0,2018-03-29,"03","2018",0,27.52,"-20.775 150.475"
"6975729","2018-03-29T12:00:00Z",-20.825,150.375,"0.0",0,"27.41","0.38",0,2018-03-29,"03","2018",0,27.41,"-20.825 150.375"
"6975730","2018-03-29T12:00:00Z",-20.825,150.425,"0.0",0,"27.44","0.42",0,2018-03-29,"03","2018",0,27.44,"-20.825 150.425"
"6975808","2018-03-29T12:00:00Z",-20.875,150.275,"0.0",0,"27.44","0.4",0,2018-03-29,"03","2018",0,27.44,"-20.875 150.275"
"6979809","2018-03-29T12:00:00Z",-23.325,151.875,"0.0",0,"26.68","0.6900000000000001",0,2018-03-29,"03","2018",0,26.68,"-23.325 151.875"
"6980051","2018-03-29T12:00:00Z",-23.475,151.825,"0.0",0,"26.560000000000002","0.66",0,2018-03-29,"03","2018",0,26.56,"-23.475 151.825"
"6980052","2018-03-29T12:00:00Z",-23.475,151.875,"0.0",0,"26.57","0.66",0,2018-03-29,"03","2018",0,26.57,"-23.475 151.875"
"6980054","2018-03-29T12:00:00Z",-23.475,151.975,"0.0",0,"26.61","0.68",0,2018-03-29,"03","2018",0,26.61,"-23.475 151.975"
"7020520","2018-04-05T12:00:00Z",-20.125,150.275,"0.0",0,"27.07","0.21",0,2018-04-05,"04","2018",0,27.07,"-20.125 150.275"
"7021576","2018-04-05T12:00:00Z",-20.775,150.425,"0.0",0,"27.080000000000002","0.27",0,2018-04-05,"04","2018",0,27.08,"-20.775 150.425"
"7021577","2018-04-05T12:00:00Z",-20.775,150.475,"0.0",0,"27.09","0.28",0,2018-04-05,"04","2018",0,27.09,"-20.775 150.475"
"7021656","2018-04-05T12:00:00Z",-20.825,150.375,"0.0",0,"27.04","0.24",0,2018-04-05,"04","2018",0,27.04,"-20.825 150.375"
"7021657","2018-04-05T12:00:00Z",-20.825,150.425,"0.0",0,"27.060000000000002","0.26",0,2018-04-05,"04","2018",0,27.06,"-20.825 150.425"
"7021735","2018-04-05T12:00:00Z",-20.875,150.275,"0.0",0,"26.98","0.16",0,2018-04-05,"04","2018",0,26.98,"-20.875 150.275"
"7025736","2018-04-05T12:00:00Z",-23.325,151.875,"0.0",0,"26.23","0.47000000000000003",0,2018-04-05,"04","2018",0,26.23,"-23.325 151.875"
"7025978","2018-04-05T12:00:00Z",-23.475,151.825,"0.0",0,"26.150000000000002","0.49",0,2018-04-05,"04","2018",0,26.15,"-23.475 151.825"
"7025979","2018-04-05T12:00:00Z",-23.475,151.875,"0.0",0,"26.18","0.51",0,2018-04-05,"04","2018",0,26.18,"-23.475 151.875"
"7025981","2018-04-05T12:00:00Z",-23.475,151.975,"0.0",0,"26.26","0.55",0,2018-04-05,"04","2018",0,26.26,"-23.475 151.975"
"7066447","2018-04-12T12:00:00Z",-20.125,150.275,"0.0",0,"26.810000000000002","0.14",0,2018-04-12,"04","2018",0,26.81,"-20.125 150.275"
"7067503","2018-04-12T12:00:00Z",-20.775,150.425,"0.0",0,"26.62","0.04",0,2018-04-12,"04","2018",0,26.62,"-20.775 150.425"
"7067504","2018-04-12T12:00:00Z",-20.775,150.475,"0.0",0,"26.64","0.05",0,2018-04-12,"04","2018",0,26.64,"-20.775 150.475"
"7067583","2018-04-12T12:00:00Z",-20.825,150.375,"0.0",0,"26.580000000000002","0.0",0,2018-04-12,"04","2018",0,26.58,"-20.825 150.375"
"7067584","2018-04-12T12:00:00Z",-20.825,150.425,"0.0",0,"26.6","0.02",0,2018-04-12,"04","2018",0,26.6,"-20.825 150.425"
"7067662","2018-04-12T12:00:00Z",-20.875,150.275,"0.0",0,"26.5","-0.09",0,2018-04-12,"04","2018",0,26.5,"-20.875 150.275"
"7071663","2018-04-12T12:00:00Z",-23.325,151.875,"0.0",0,"25.87","0.35000000000000003",0,2018-04-12,"04","2018",0,25.87,"-23.325 151.875"
"7071905","2018-04-12T12:00:00Z",-23.475,151.825,"0.0",0,"25.72","0.3",0,2018-04-12,"04","2018",0,25.72,"-23.475 151.825"
"7071906","2018-04-12T12:00:00Z",-23.475,151.875,"0.0",0,"25.75","0.32",0,2018-04-12,"04","2018",0,25.75,"-23.475 151.875"
"7071908","2018-04-12T12:00:00Z",-23.475,151.975,"0.0",0,"25.830000000000002","0.34",0,2018-04-12,"04","2018",0,25.83,"-23.475 151.975"
"7112374","2018-04-19T12:00:00Z",-20.125,150.275,"0.0",0,"26.85","0.43",0,2018-04-19,"04","2018",0,26.85,"-20.125 150.275"
"7113430","2018-04-19T12:00:00Z",-20.775,150.425,"0.0",0,"26.72","0.42",0,2018-04-19,"04","2018",0,26.72,"-20.775 150.425"
"7113431","2018-04-19T12:00:00Z",-20.775,150.475,"0.0",0,"26.75","0.44",0,2018-04-19,"04","2018",0,26.75,"-20.775 150.475"
"7113510","2018-04-19T12:00:00Z",-20.825,150.375,"0.0",0,"26.7","0.41000000000000003",0,2018-04-19,"04","2018",0,26.7,"-20.825 150.375"
"7113511","2018-04-19T12:00:00Z",-20.825,150.425,"0.0",0,"26.72","0.43",0,2018-04-19,"04","2018",0,26.72,"-20.825 150.425"
"7113589","2018-04-19T12:00:00Z",-20.875,150.275,"0.0",0,"26.69","0.39",0,2018-04-19,"04","2018",0,26.69,"-20.875 150.275"
"7117590","2018-04-19T12:00:00Z",-23.325,151.875,"0.0",0,"26.02","0.78",0,2018-04-19,"04","2018",0,26.02,"-23.325 151.875"
"7117832","2018-04-19T12:00:00Z",-23.475,151.825,"0.0",0,"25.97","0.84",0,2018-04-19,"04","2018",0,25.97,"-23.475 151.825"
"7117833","2018-04-19T12:00:00Z",-23.475,151.875,"0.0",0,"25.990000000000002","0.85",0,2018-04-19,"04","2018",0,25.99,"-23.475 151.875"
"7117835","2018-04-19T12:00:00Z",-23.475,151.975,"0.0",0,"26.04","0.8300000000000001",0,2018-04-19,"04","2018",0,26.04,"-23.475 151.975"
"7158301","2018-04-26T12:00:00Z",-20.125,150.275,"0.0",0,"26.63","0.52",0,2018-04-26,"04","2018",0,26.63,"-20.125 150.275"
"7159357","2018-04-26T12:00:00Z",-20.775,150.425,"0.0",0,"26.57","0.61",0,2018-04-26,"04","2018",0,26.57,"-20.775 150.425"
"7159358","2018-04-26T12:00:00Z",-20.775,150.475,"0.0",0,"26.580000000000002","0.61",0,2018-04-26,"04","2018",0,26.58,"-20.775 150.475"
"7159437","2018-04-26T12:00:00Z",-20.825,150.375,"0.0",0,"26.560000000000002","0.61",0,2018-04-26,"04","2018",0,26.56,"-20.825 150.375"
"7159438","2018-04-26T12:00:00Z",-20.825,150.425,"0.0",0,"26.560000000000002","0.61",0,2018-04-26,"04","2018",0,26.56,"-20.825 150.425"
"7159516","2018-04-26T12:00:00Z",-20.875,150.275,"0.0",0,"26.57","0.62",0,2018-04-26,"04","2018",0,26.57,"-20.875 150.275"
"7163517","2018-04-26T12:00:00Z",-23.325,151.875,"0.0",0,"25.87","0.93",0,2018-04-26,"04","2018",0,25.87,"-23.325 151.875"
"7163759","2018-04-26T12:00:00Z",-23.475,151.825,"0.0",0,"25.78","0.99",0,2018-04-26,"04","2018",0,25.78,"-23.475 151.825"
"7163760","2018-04-26T12:00:00Z",-23.475,151.875,"0.0",0,"25.830000000000002","1.01",0,2018-04-26,"04","2018",0,25.83,"-23.475 151.875"
"7163762","2018-04-26T12:00:00Z",-23.475,151.975,"0.0",0,"25.93","1.03",0,2018-04-26,"04","2018",0,25.93,"-23.475 151.975"
"7204228","2018-05-03T12:00:00Z",-20.125,150.275,"0.0",0,"26.16","0.35000000000000003",0,2018-05-03,"05","2018",0,26.16,"-20.125 150.275"
"7205284","2018-05-03T12:00:00Z",-20.775,150.425,"0.0",0,"26.13","0.5",0,2018-05-03,"05","2018",0,26.13,"-20.775 150.425"
"7205285","2018-05-03T12:00:00Z",-20.775,150.475,"0.0",0,"26.150000000000002","0.51",0,2018-05-03,"05","2018",0,26.15,"-20.775 150.475"
"7205364","2018-05-03T12:00:00Z",-20.825,150.375,"0.0",0,"26.1","0.49",0,2018-05-03,"05","2018",0,26.1,"-20.825 150.375"
"7205365","2018-05-03T12:00:00Z",-20.825,150.425,"0.0",0,"26.12","0.51",0,2018-05-03,"05","2018",0,26.12,"-20.825 150.425"
"7205443","2018-05-03T12:00:00Z",-20.875,150.275,"0.0",0,"26.04","0.43",0,2018-05-03,"05","2018",0,26.04,"-20.875 150.275"
"7209444","2018-05-03T12:00:00Z",-23.325,151.875,"0.0",0,"25.44","0.81",0,2018-05-03,"05","2018",0,25.44,"-23.325 151.875"
"7209686","2018-05-03T12:00:00Z",-23.475,151.825,"0.0",0,"25.29","0.8300000000000001",0,2018-05-03,"05","2018",0,25.29,"-23.475 151.825"
"7209687","2018-05-03T12:00:00Z",-23.475,151.875,"0.0",0,"25.35","0.85",0,2018-05-03,"05","2018",0,25.35,"-23.475 151.875"
"7209689","2018-05-03T12:00:00Z",-23.475,151.975,"0.0",0,"25.490000000000002","0.9",0,2018-05-03,"05","2018",0,25.49,"-23.475 151.975"
"7250155","2018-05-10T12:00:00Z",-20.125,150.275,"0.0",0,"25.87","0.36",0,2018-05-10,"05","2018",0,25.87,"-20.125 150.275"
"7251211","2018-05-10T12:00:00Z",-20.775,150.425,"0.0",0,"25.8","0.51",0,2018-05-10,"05","2018",0,25.8,"-20.775 150.425"
"7251212","2018-05-10T12:00:00Z",-20.775,150.475,"0.0",0,"25.8","0.5",0,2018-05-10,"05","2018",0,25.8,"-20.775 150.475"
"7251291","2018-05-10T12:00:00Z",-20.825,150.375,"0.0",0,"25.76","0.49",0,2018-05-10,"05","2018",0,25.76,"-20.825 150.375"
"7251292","2018-05-10T12:00:00Z",-20.825,150.425,"0.0",0,"25.76","0.49",0,2018-05-10,"05","2018",0,25.76,"-20.825 150.425"
"7251370","2018-05-10T12:00:00Z",-20.875,150.275,"0.0",0,"25.88","0.61",0,2018-05-10,"05","2018",0,25.88,"-20.875 150.275"
"7255371","2018-05-10T12:00:00Z",-23.325,151.875,"0.0",0,"25.36","1.04",0,2018-05-10,"05","2018",0,25.36,"-23.325 151.875"
"7255613","2018-05-10T12:00:00Z",-23.475,151.825,"0.0",0,"25.12","1.0",0,2018-05-10,"05","2018",0,25.12,"-23.475 151.825"
"7255614","2018-05-10T12:00:00Z",-23.475,151.875,"0.0",0,"25.18","1.01",0,2018-05-10,"05","2018",0,25.18,"-23.475 151.875"
"7255616","2018-05-10T12:00:00Z",-23.475,151.975,"0.0",0,"25.25","0.97",0,2018-05-10,"05","2018",0,25.25,"-23.475 151.975"
"7296082","2018-05-17T12:00:00Z",-20.125,150.275,"0.0",0,"25.580000000000002","0.38",0,2018-05-17,"05","2018",0,25.58,"-20.125 150.275"
"7297138","2018-05-17T12:00:00Z",-20.775,150.425,"0.0",0,"25.27","0.33",0,2018-05-17,"05","2018",0,25.27,"-20.775 150.425"
"7297139","2018-05-17T12:00:00Z",-20.775,150.475,"0.0",0,"25.28","0.33",0,2018-05-17,"05","2018",0,25.28,"-20.775 150.475"
"7297218","2018-05-17T12:00:00Z",-20.825,150.375,"0.0",0,"25.240000000000002","0.32",0,2018-05-17,"05","2018",0,25.24,"-20.825 150.375"
"7297219","2018-05-17T12:00:00Z",-20.825,150.425,"0.0",0,"25.26","0.34",0,2018-05-17,"05","2018",0,25.26,"-20.825 150.425"
"7297297","2018-05-17T12:00:00Z",-20.875,150.275,"0.0",0,"25.19","0.27",0,2018-05-17,"05","2018",0,25.19,"-20.875 150.275"
"7301298","2018-05-17T12:00:00Z",-23.325,151.875,"0.0",0,"24.66","0.66",0,2018-05-17,"05","2018",0,24.66,"-23.325 151.875"
"7301540","2018-05-17T12:00:00Z",-23.475,151.825,"0.0",0,"24.400000000000002","0.63",0,2018-05-17,"05","2018",0,24.4,"-23.475 151.825"
"7301541","2018-05-17T12:00:00Z",-23.475,151.875,"0.0",0,"24.48","0.64",0,2018-05-17,"05","2018",0,24.48,"-23.475 151.875"
"7301543","2018-05-17T12:00:00Z",-23.475,151.975,"0.0",0,"24.62","0.66",0,2018-05-17,"05","2018",0,24.62,"-23.475 151.975"
"7342009","2018-05-24T12:00:00Z",-20.125,150.275,"0.0",0,"25.0","0.13",0,2018-05-24,"05","2018",0,25,"-20.125 150.275"
"7343065","2018-05-24T12:00:00Z",-20.775,150.425,"0.0",0,"24.66","0.09",0,2018-05-24,"05","2018",0,24.66,"-20.775 150.425"
"7343066","2018-05-24T12:00:00Z",-20.775,150.475,"0.0",0,"24.69","0.11",0,2018-05-24,"05","2018",0,24.69,"-20.775 150.475"
"7343145","2018-05-24T12:00:00Z",-20.825,150.375,"0.0",0,"24.62","0.08",0,2018-05-24,"05","2018",0,24.62,"-20.825 150.375"
"7343146","2018-05-24T12:00:00Z",-20.825,150.425,"0.0",0,"24.650000000000002","0.11",0,2018-05-24,"05","2018",0,24.65,"-20.825 150.425"
"7343224","2018-05-24T12:00:00Z",-20.875,150.275,"0.0",0,"24.57","0.04",0,2018-05-24,"05","2018",0,24.57,"-20.875 150.275"
"7347225","2018-05-24T12:00:00Z",-23.325,151.875,"0.0",0,"23.740000000000002","0.08",0,2018-05-24,"05","2018",0,23.74,"-23.325 151.875"
"7347467","2018-05-24T12:00:00Z",-23.475,151.825,"0.0",0,"23.5","0.09",0,2018-05-24,"05","2018",0,23.5,"-23.475 151.825"
"7347468","2018-05-24T12:00:00Z",-23.475,151.875,"0.0",0,"23.580000000000002","0.11",0,2018-05-24,"05","2018",0,23.58,"-23.475 151.875"
"7347470","2018-05-24T12:00:00Z",-23.475,151.975,"0.0",0,"23.75","0.14",0,2018-05-24,"05","2018",0,23.75,"-23.475 151.975"
"7387936","2018-05-31T12:00:00Z",-20.125,150.275,"0.0",0,"24.53","-0.01",0,2018-05-31,"05","2018",0,24.53,"-20.125 150.275"
"7388992","2018-05-31T12:00:00Z",-20.775,150.425,"0.0",0,"24.22","0.03",0,2018-05-31,"05","2018",0,24.22,"-20.775 150.425"
"7388993","2018-05-31T12:00:00Z",-20.775,150.475,"0.0",0,"24.25","0.04",0,2018-05-31,"05","2018",0,24.25,"-20.775 150.475"
"7389072","2018-05-31T12:00:00Z",-20.825,150.375,"0.0",0,"24.19","0.03",0,2018-05-31,"05","2018",0,24.19,"-20.825 150.375"
"7389073","2018-05-31T12:00:00Z",-20.825,150.425,"0.0",0,"24.21","0.05",0,2018-05-31,"05","2018",0,24.21,"-20.825 150.425"
"7389151","2018-05-31T12:00:00Z",-20.875,150.275,"0.0",0,"24.18","0.04",0,2018-05-31,"05","2018",0,24.18,"-20.875 150.275"
"7393152","2018-05-31T12:00:00Z",-23.325,151.875,"0.0",0,"23.62","0.3",0,2018-05-31,"05","2018",0,23.62,"-23.325 151.875"
"7393394","2018-05-31T12:00:00Z",-23.475,151.825,"0.0",0,"23.34","0.3",0,2018-05-31,"05","2018",0,23.34,"-23.475 151.825"
"7393395","2018-05-31T12:00:00Z",-23.475,151.875,"0.0",0,"23.41","0.3",0,2018-05-31,"05","2018",0,23.41,"-23.475 151.875"
"7393397","2018-05-31T12:00:00Z",-23.475,151.975,"0.0",0,"23.55","0.29",0,2018-05-31,"05","2018",0,23.55,"-23.475 151.975"
"7433863","2018-06-07T12:00:00Z",-20.125,150.275,"0.0",0,"24.07","-0.14",0,2018-06-07,"06","2018",0,24.07,"-20.125 150.275"
"7434919","2018-06-07T12:00:00Z",-20.775,150.425,"0.0",0,"23.73","-0.08",0,2018-06-07,"06","2018",0,23.73,"-20.775 150.425"
"7434920","2018-06-07T12:00:00Z",-20.775,150.475,"0.0",0,"23.76","-0.08",0,2018-06-07,"06","2018",0,23.76,"-20.775 150.475"
"7434999","2018-06-07T12:00:00Z",-20.825,150.375,"0.0",0,"23.7","-0.08",0,2018-06-07,"06","2018",0,23.7,"-20.825 150.375"
"7435000","2018-06-07T12:00:00Z",-20.825,150.425,"0.0",0,"23.71","-0.07",0,2018-06-07,"06","2018",0,23.71,"-20.825 150.425"
"7435078","2018-06-07T12:00:00Z",-20.875,150.275,"0.0",0,"23.64","-0.11",0,2018-06-07,"06","2018",0,23.64,"-20.875 150.275"
"7439079","2018-06-07T12:00:00Z",-23.325,151.875,"0.0",0,"23.330000000000002","0.36",0,2018-06-07,"06","2018",0,23.33,"-23.325 151.875"
"7439321","2018-06-07T12:00:00Z",-23.475,151.825,"0.0",0,"22.89","0.22",0,2018-06-07,"06","2018",0,22.89,"-23.475 151.825"
"7439322","2018-06-07T12:00:00Z",-23.475,151.875,"0.0",0,"23.03","0.28",0,2018-06-07,"06","2018",0,23.03,"-23.475 151.875"
"7439324","2018-06-07T12:00:00Z",-23.475,151.975,"0.0",0,"23.27","0.36",0,2018-06-07,"06","2018",0,23.27,"-23.475 151.975"
"7479790","2018-06-14T12:00:00Z",-20.125,150.275,"0.0",0,"23.95","0.07",0,2018-06-14,"06","2018",0,23.95,"-20.125 150.275"
"7480846","2018-06-14T12:00:00Z",-20.775,150.425,"0.0",0,"23.93","0.5",0,2018-06-14,"06","2018",0,23.93,"-20.775 150.425"
"7480847","2018-06-14T12:00:00Z",-20.775,150.475,"0.0",0,"23.97","0.51",0,2018-06-14,"06","2018",0,23.97,"-20.775 150.475"
"7480926","2018-06-14T12:00:00Z",-20.825,150.375,"0.0",0,"23.88","0.49",0,2018-06-14,"06","2018",0,23.88,"-20.825 150.375"
"7480927","2018-06-14T12:00:00Z",-20.825,150.425,"0.0",0,"23.89","0.49",0,2018-06-14,"06","2018",0,23.89,"-20.825 150.425"
"7481005","2018-06-14T12:00:00Z",-20.875,150.275,"0.0",0,"23.84","0.47000000000000003",0,2018-06-14,"06","2018",0,23.84,"-20.875 150.275"
"7485006","2018-06-14T12:00:00Z",-23.325,151.875,"0.0",0,"23.330000000000002","0.7000000000000001",0,2018-06-14,"06","2018",0,23.33,"-23.325 151.875"
"7485248","2018-06-14T12:00:00Z",-23.475,151.825,"0.0",0,"23.06","0.76",0,2018-06-14,"06","2018",0,23.06,"-23.475 151.825"
"7485249","2018-06-14T12:00:00Z",-23.475,151.875,"0.0",0,"23.150000000000002","0.77",0,2018-06-14,"06","2018",0,23.15,"-23.475 151.875"
"7485251","2018-06-14T12:00:00Z",-23.475,151.975,"0.0",0,"23.28","0.72",0,2018-06-14,"06","2018",0,23.28,"-23.475 151.975"
"7525717","2018-06-21T12:00:00Z",-20.125,150.275,"0.0",0,"23.67","0.03",0,2018-06-21,"06","2018",0,23.67,"-20.125 150.275"
"7526773","2018-06-21T12:00:00Z",-20.775,150.425,"0.0",0,"23.32","0.14",0,2018-06-21,"06","2018",0,23.32,"-20.775 150.425"
"7526774","2018-06-21T12:00:00Z",-20.775,150.475,"0.0",0,"23.400000000000002","0.19",0,2018-06-21,"06","2018",0,23.4,"-20.775 150.475"
"7526853","2018-06-21T12:00:00Z",-20.825,150.375,"0.0",0,"23.23","0.1",0,2018-06-21,"06","2018",0,23.23,"-20.825 150.375"
"7526854","2018-06-21T12:00:00Z",-20.825,150.425,"0.0",0,"23.29","0.14",0,2018-06-21,"06","2018",0,23.29,"-20.825 150.425"
"7526932","2018-06-21T12:00:00Z",-20.875,150.275,"0.0",0,"23.22","0.12",0,2018-06-21,"06","2018",0,23.22,"-20.875 150.275"
"7530933","2018-06-21T12:00:00Z",-23.325,151.875,"0.0",0,"22.79","0.42",0,2018-06-21,"06","2018",0,22.79,"-23.325 151.875"
"7531175","2018-06-21T12:00:00Z",-23.475,151.825,"0.0",0,"22.28","0.26",0,2018-06-21,"06","2018",0,22.28,"-23.475 151.825"
"7531176","2018-06-21T12:00:00Z",-23.475,151.875,"0.0",0,"22.42","0.32",0,2018-06-21,"06","2018",0,22.42,"-23.475 151.875"
"7531178","2018-06-21T12:00:00Z",-23.475,151.975,"0.0",0,"22.7","0.42",0,2018-06-21,"06","2018",0,22.7,"-23.475 151.975"
"7571644","2018-06-28T12:00:00Z",-20.125,150.275,"0.0",0,"23.37","-0.06",0,2018-06-28,"06","2018",0,23.37,"-20.125 150.275"
"7572700","2018-06-28T12:00:00Z",-20.775,150.425,"0.0",0,"22.95","0.0",0,2018-06-28,"06","2018",0,22.95,"-20.775 150.425"
"7572701","2018-06-28T12:00:00Z",-20.775,150.475,"0.0",0,"22.990000000000002","0.01",0,2018-06-28,"06","2018",0,22.99,"-20.775 150.475"
"7572780","2018-06-28T12:00:00Z",-20.825,150.375,"0.0",0,"22.86","-0.03",0,2018-06-28,"06","2018",0,22.86,"-20.825 150.375"
"7572781","2018-06-28T12:00:00Z",-20.825,150.425,"0.0",0,"22.900000000000002","-0.01",0,2018-06-28,"06","2018",0,22.9,"-20.825 150.425"
"7572859","2018-06-28T12:00:00Z",-20.875,150.275,"0.0",0,"22.76","-0.09",0,2018-06-28,"06","2018",0,22.76,"-20.875 150.275"
"7576860","2018-06-28T12:00:00Z",-23.325,151.875,"0.0",0,"22.75","0.63",0,2018-06-28,"06","2018",0,22.75,"-23.325 151.875"
"7577102","2018-06-28T12:00:00Z",-23.475,151.825,"0.0",0,"22.34","0.58",0,2018-06-28,"06","2018",0,22.34,"-23.475 151.825"
"7577103","2018-06-28T12:00:00Z",-23.475,151.875,"0.0",0,"22.43","0.59",0,2018-06-28,"06","2018",0,22.43,"-23.475 151.875"
"7577105","2018-06-28T12:00:00Z",-23.475,151.975,"0.0",0,"22.62","0.6",0,2018-06-28,"06","2018",0,22.62,"-23.475 151.975"
"7617571","2018-07-05T12:00:00Z",-20.125,150.275,"0.0",0,"23.42","0.21",0,2018-07-05,"07","2018",0,23.42,"-20.125 150.275"
"7618627","2018-07-05T12:00:00Z",-20.775,150.425,"0.0",0,"22.95","0.24",0,2018-07-05,"07","2018",0,22.95,"-20.775 150.425"
"7618628","2018-07-05T12:00:00Z",-20.775,150.475,"0.0",0,"22.990000000000002","0.24",0,2018-07-05,"07","2018",0,22.99,"-20.775 150.475"
"7618707","2018-07-05T12:00:00Z",-20.825,150.375,"0.0",0,"22.87","0.22",0,2018-07-05,"07","2018",0,22.87,"-20.825 150.375"
"7618708","2018-07-05T12:00:00Z",-20.825,150.425,"0.0",0,"22.91","0.23",0,2018-07-05,"07","2018",0,22.91,"-20.825 150.425"
"7618786","2018-07-05T12:00:00Z",-20.875,150.275,"0.0",0,"22.81","0.21",0,2018-07-05,"07","2018",0,22.81,"-20.875 150.275"
"7622787","2018-07-05T12:00:00Z",-23.325,151.875,"0.0",0,"22.68","0.81",0,2018-07-05,"07","2018",0,22.68,"-23.325 151.875"
"7623029","2018-07-05T12:00:00Z",-23.475,151.825,"0.0",0,"22.400000000000002","0.9",0,2018-07-05,"07","2018",0,22.4,"-23.475 151.825"
"7623030","2018-07-05T12:00:00Z",-23.475,151.875,"0.0",0,"22.46","0.88",0,2018-07-05,"07","2018",0,22.46,"-23.475 151.875"
"7623032","2018-07-05T12:00:00Z",-23.475,151.975,"0.0",0,"22.6","0.84",0,2018-07-05,"07","2018",0,22.6,"-23.475 151.975"
"7663498","2018-07-12T12:00:00Z",-20.125,150.275,"0.0",0,"23.13","0.14",0,2018-07-12,"07","2018",0,23.13,"-20.125 150.275"
"7664554","2018-07-12T12:00:00Z",-20.775,150.425,"0.0",0,"22.81","0.33",0,2018-07-12,"07","2018",0,22.81,"-20.775 150.425"
"7664555","2018-07-12T12:00:00Z",-20.775,150.475,"0.0",0,"22.87","0.35000000000000003",0,2018-07-12,"07","2018",0,22.87,"-20.775 150.475"
"7664634","2018-07-12T12:00:00Z",-20.825,150.375,"0.0",0,"22.72","0.31",0,2018-07-12,"07","2018",0,22.72,"-20.825 150.375"
"7664635","2018-07-12T12:00:00Z",-20.825,150.425,"0.0",0,"22.78","0.34",0,2018-07-12,"07","2018",0,22.78,"-20.825 150.425"
"7664713","2018-07-12T12:00:00Z",-20.875,150.275,"0.0",0,"22.55","0.2",0,2018-07-12,"07","2018",0,22.55,"-20.875 150.275"
"7668714","2018-07-12T12:00:00Z",-23.325,151.875,"0.0",0,"22.13","0.51",0,2018-07-12,"07","2018",0,22.13,"-23.325 151.875"
"7668956","2018-07-12T12:00:00Z",-23.475,151.825,"0.0",0,"21.87","0.64",0,2018-07-12,"07","2018",0,21.87,"-23.475 151.825"
"7668957","2018-07-12T12:00:00Z",-23.475,151.875,"0.0",0,"21.93","0.62",0,2018-07-12,"07","2018",0,21.93,"-23.475 151.875"
"7668959","2018-07-12T12:00:00Z",-23.475,151.975,"0.0",0,"22.07","0.58",0,2018-07-12,"07","2018",0,22.07,"-23.475 151.975"
"7709425","2018-07-19T12:00:00Z",-20.125,150.275,"0.0",0,"23.01","0.14",0,2018-07-19,"07","2018",0,23.01,"-20.125 150.275"
"7710481","2018-07-19T12:00:00Z",-20.775,150.425,"0.0",0,"22.53","0.2",0,2018-07-19,"07","2018",0,22.53,"-20.775 150.425"
"7710482","2018-07-19T12:00:00Z",-20.775,150.475,"0.0",0,"22.580000000000002","0.21",0,2018-07-19,"07","2018",0,22.58,"-20.775 150.475"
"7710561","2018-07-19T12:00:00Z",-20.825,150.375,"0.0",0,"22.44","0.17",0,2018-07-19,"07","2018",0,22.44,"-20.825 150.375"
"7710562","2018-07-19T12:00:00Z",-20.825,150.425,"0.0",0,"22.47","0.18",0,2018-07-19,"07","2018",0,22.47,"-20.825 150.425"
"7710640","2018-07-19T12:00:00Z",-20.875,150.275,"0.0",0,"22.37","0.17",0,2018-07-19,"07","2018",0,22.37,"-20.875 150.275"
"7714641","2018-07-19T12:00:00Z",-23.325,151.875,"0.0",0,"22.31","0.85",0,2018-07-19,"07","2018",0,22.31,"-23.325 151.875"
"7714883","2018-07-19T12:00:00Z",-23.475,151.825,"0.0",0,"22.03","0.9500000000000001",0,2018-07-19,"07","2018",0,22.03,"-23.475 151.825"
"7714884","2018-07-19T12:00:00Z",-23.475,151.875,"0.0",0,"22.14","0.99",0,2018-07-19,"07","2018",0,22.14,"-23.475 151.875"
"7714886","2018-07-19T12:00:00Z",-23.475,151.975,"0.0",0,"22.34","1.01",0,2018-07-19,"07","2018",0,22.34,"-23.475 151.975"
"7755352","2018-07-26T12:00:00Z",-20.125,150.275,"0.0",0,"23.09","0.28",0,2018-07-26,"07","2018",0,23.09,"-20.125 150.275"
"7756408","2018-07-26T12:00:00Z",-20.775,150.425,"0.0",0,"22.57","0.31",0,2018-07-26,"07","2018",0,22.57,"-20.775 150.425"
"7756409","2018-07-26T12:00:00Z",-20.775,150.475,"0.0",0,"22.59","0.29",0,2018-07-26,"07","2018",0,22.59,"-20.775 150.475"
"7756488","2018-07-26T12:00:00Z",-20.825,150.375,"0.0",0,"22.5","0.31",0,2018-07-26,"07","2018",0,22.5,"-20.825 150.375"
"7756489","2018-07-26T12:00:00Z",-20.825,150.425,"0.0",0,"22.490000000000002","0.27",0,2018-07-26,"07","2018",0,22.49,"-20.825 150.425"
"7756567","2018-07-26T12:00:00Z",-20.875,150.275,"0.0",0,"22.45","0.32",0,2018-07-26,"07","2018",0,22.45,"-20.875 150.275"
"7760568","2018-07-26T12:00:00Z",-23.325,151.875,"0.0",0,"22.1","0.73",0,2018-07-26,"07","2018",0,22.1,"-23.325 151.875"
"7760810","2018-07-26T12:00:00Z",-23.475,151.825,"0.0",0,"21.95","0.9500000000000001",0,2018-07-26,"07","2018",0,21.95,"-23.475 151.825"
"7760811","2018-07-26T12:00:00Z",-23.475,151.875,"0.0",0,"22.02","0.9500000000000001",0,2018-07-26,"07","2018",0,22.02,"-23.475 151.875"
"7760813","2018-07-26T12:00:00Z",-23.475,151.975,"0.0",0,"22.17","0.92",0,2018-07-26,"07","2018",0,22.17,"-23.475 151.975"
"7801279","2018-08-02T12:00:00Z",-20.125,150.275,"0.0",0,"23.06","0.31",0,2018-08-02,"08","2018",0,23.06,"-20.125 150.275"
"7802335","2018-08-02T12:00:00Z",-20.775,150.425,"0.0",0,"22.650000000000002","0.47000000000000003",0,2018-08-02,"08","2018",0,22.65,"-20.775 150.425"
"7802336","2018-08-02T12:00:00Z",-20.775,150.475,"0.0",0,"22.68","0.46",0,2018-08-02,"08","2018",0,22.68,"-20.775 150.475"
"7802415","2018-08-02T12:00:00Z",-20.825,150.375,"0.0",0,"22.61","0.5",0,2018-08-02,"08","2018",0,22.61,"-20.825 150.375"
"7802416","2018-08-02T12:00:00Z",-20.825,150.425,"0.0",0,"22.61","0.47000000000000003",0,2018-08-02,"08","2018",0,22.61,"-20.825 150.425"
"7802494","2018-08-02T12:00:00Z",-20.875,150.275,"0.0",0,"22.55","0.5",0,2018-08-02,"08","2018",0,22.55,"-20.875 150.275"
"7806495","2018-08-02T12:00:00Z",-23.325,151.875,"0.0",0,"22.06","0.78",0,2018-08-02,"08","2018",0,22.06,"-23.325 151.875"
"7806737","2018-08-02T12:00:00Z",-23.475,151.825,"0.0",0,"21.98","1.06",0,2018-08-02,"08","2018",0,21.98,"-23.475 151.825"
"7806738","2018-08-02T12:00:00Z",-23.475,151.875,"0.0",0,"22.01","1.02",0,2018-08-02,"08","2018",0,22.01,"-23.475 151.875"
"7806740","2018-08-02T12:00:00Z",-23.475,151.975,"0.0",0,"22.07","0.9",0,2018-08-02,"08","2018",0,22.07,"-23.475 151.975"
"7847206","2018-08-09T12:00:00Z",-20.125,150.275,"0.0",0,"23.06","0.36",0,2018-08-09,"08","2018",0,23.06,"-20.125 150.275"
"7848262","2018-08-09T12:00:00Z",-20.775,150.425,"0.0",0,"22.52","0.42",0,2018-08-09,"08","2018",0,22.52,"-20.775 150.425"
"7848263","2018-08-09T12:00:00Z",-20.775,150.475,"0.0",0,"22.54","0.4",0,2018-08-09,"08","2018",0,22.54,"-20.775 150.475"
"7848342","2018-08-09T12:00:00Z",-20.825,150.375,"0.0",0,"22.48","0.44",0,2018-08-09,"08","2018",0,22.48,"-20.825 150.375"
"7848343","2018-08-09T12:00:00Z",-20.825,150.425,"0.0",0,"22.48","0.42",0,2018-08-09,"08","2018",0,22.48,"-20.825 150.425"
"7848421","2018-08-09T12:00:00Z",-20.875,150.275,"0.0",0,"22.490000000000002","0.51",0,2018-08-09,"08","2018",0,22.49,"-20.875 150.275"
"7852422","2018-08-09T12:00:00Z",-23.325,151.875,"0.0",0,"21.68","0.49",0,2018-08-09,"08","2018",0,21.68,"-23.325 151.875"
"7852664","2018-08-09T12:00:00Z",-23.475,151.825,"0.0",0,"21.61","0.76",0,2018-08-09,"08","2018",0,21.61,"-23.475 151.825"
"7852665","2018-08-09T12:00:00Z",-23.475,151.875,"0.0",0,"21.61","0.7000000000000001",0,2018-08-09,"08","2018",0,21.61,"-23.475 151.875"
"7852667","2018-08-09T12:00:00Z",-23.475,151.975,"0.0",0,"21.61","0.53",0,2018-08-09,"08","2018",0,21.61,"-23.475 151.975"
"7893133","2018-08-16T12:00:00Z",-20.125,150.275,"0.0",0,"22.990000000000002","0.32",0,2018-08-16,"08","2018",0,22.99,"-20.125 150.275"
"7894189","2018-08-16T12:00:00Z",-20.775,150.425,"0.0",0,"22.48","0.43",0,2018-08-16,"08","2018",0,22.48,"-20.775 150.425"
"7894190","2018-08-16T12:00:00Z",-20.775,150.475,"0.0",0,"22.54","0.45",0,2018-08-16,"08","2018",0,22.54,"-20.775 150.475"
"7894269","2018-08-16T12:00:00Z",-20.825,150.375,"0.0",0,"22.41","0.42",0,2018-08-16,"08","2018",0,22.41,"-20.825 150.375"
"7894270","2018-08-16T12:00:00Z",-20.825,150.425,"0.0",0,"22.44","0.43",0,2018-08-16,"08","2018",0,22.44,"-20.825 150.425"
"7894348","2018-08-16T12:00:00Z",-20.875,150.275,"0.0",0,"22.400000000000002","0.45",0,2018-08-16,"08","2018",0,22.4,"-20.875 150.275"
"7898349","2018-08-16T12:00:00Z",-23.325,151.875,"0.0",0,"21.68","0.56",0,2018-08-16,"08","2018",0,21.68,"-23.325 151.875"
"7898591","2018-08-16T12:00:00Z",-23.475,151.825,"0.0",0,"21.59","0.79",0,2018-08-16,"08","2018",0,21.59,"-23.475 151.825"
"7898592","2018-08-16T12:00:00Z",-23.475,151.875,"0.0",0,"21.64","0.78",0,2018-08-16,"08","2018",0,21.64,"-23.475 151.875"
"7898594","2018-08-16T12:00:00Z",-23.475,151.975,"0.0",0,"21.72","0.7000000000000001",0,2018-08-16,"08","2018",0,21.72,"-23.475 151.975"
"7939060","2018-08-23T12:00:00Z",-20.125,150.275,"0.0",0,"23.03","0.24",0,2018-08-23,"08","2018",0,23.03,"-20.125 150.275"
"7940116","2018-08-23T12:00:00Z",-20.775,150.425,"0.0",0,"22.39","0.18",0,2018-08-23,"08","2018",0,22.39,"-20.775 150.425"
"7940117","2018-08-23T12:00:00Z",-20.775,150.475,"0.0",0,"22.41","0.17",0,2018-08-23,"08","2018",0,22.41,"-20.775 150.475"
"7940196","2018-08-23T12:00:00Z",-20.825,150.375,"0.0",0,"22.34","0.18",0,2018-08-23,"08","2018",0,22.34,"-20.825 150.375"
"7940197","2018-08-23T12:00:00Z",-20.825,150.425,"0.0",0,"22.34","0.17",0,2018-08-23,"08","2018",0,22.34,"-20.825 150.425"
"7940275","2018-08-23T12:00:00Z",-20.875,150.275,"0.0",0,"22.35","0.22",0,2018-08-23,"08","2018",0,22.35,"-20.875 150.275"
"7944276","2018-08-23T12:00:00Z",-23.325,151.875,"0.0",0,"21.44","0.22",0,2018-08-23,"08","2018",0,21.44,"-23.325 151.875"
"7944518","2018-08-23T12:00:00Z",-23.475,151.825,"0.0",0,"21.22","0.29",0,2018-08-23,"08","2018",0,21.22,"-23.475 151.825"
"7944519","2018-08-23T12:00:00Z",-23.475,151.875,"0.0",0,"21.32","0.34",0,2018-08-23,"08","2018",0,21.32,"-23.475 151.875"
"7944521","2018-08-23T12:00:00Z",-23.475,151.975,"0.0",0,"21.580000000000002","0.46",0,2018-08-23,"08","2018",0,21.58,"-23.475 151.975"
"7984987","2018-08-30T12:00:00Z",-20.125,150.275,"0.0",0,"23.23","0.31",0,2018-08-30,"08","2018",0,23.23,"-20.125 150.275"
"7986043","2018-08-30T12:00:00Z",-20.775,150.425,"0.0",0,"22.72","0.35000000000000003",0,2018-08-30,"08","2018",0,22.72,"-20.775 150.425"
"7986044","2018-08-30T12:00:00Z",-20.775,150.475,"0.0",0,"22.740000000000002","0.35000000000000003",0,2018-08-30,"08","2018",0,22.74,"-20.775 150.475"
"7986123","2018-08-30T12:00:00Z",-20.825,150.375,"0.0",0,"22.68","0.35000000000000003",0,2018-08-30,"08","2018",0,22.68,"-20.825 150.375"
"7986124","2018-08-30T12:00:00Z",-20.825,150.425,"0.0",0,"22.67","0.34",0,2018-08-30,"08","2018",0,22.67,"-20.825 150.425"
"7986202","2018-08-30T12:00:00Z",-20.875,150.275,"0.0",0,"22.72","0.41000000000000003",0,2018-08-30,"08","2018",0,22.72,"-20.875 150.275"
"7990203","2018-08-30T12:00:00Z",-23.325,151.875,"0.0",0,"21.94","0.63",0,2018-08-30,"08","2018",0,21.94,"-23.325 151.875"
"7990445","2018-08-30T12:00:00Z",-23.475,151.825,"0.0",0,"21.8","0.74",0,2018-08-30,"08","2018",0,21.8,"-23.475 151.825"
"7990446","2018-08-30T12:00:00Z",-23.475,151.875,"0.0",0,"21.86","0.76",0,2018-08-30,"08","2018",0,21.86,"-23.475 151.875"
"7990448","2018-08-30T12:00:00Z",-23.475,151.975,"0.0",0,"22.02","0.81",0,2018-08-30,"08","2018",0,22.02,"-23.475 151.975"
"8030914","2018-09-06T12:00:00Z",-20.125,150.275,"0.0",0,"23.400000000000002","0.35000000000000003",0,2018-09-06,"09","2018",0,23.4,"-20.125 150.275"
"8031970","2018-09-06T12:00:00Z",-20.775,150.425,"0.0",0,"22.98","0.45",0,2018-09-06,"09","2018",0,22.98,"-20.775 150.425"
"8031971","2018-09-06T12:00:00Z",-20.775,150.475,"0.0",0,"23.01","0.46",0,2018-09-06,"09","2018",0,23.01,"-20.775 150.475"
"8032050","2018-09-06T12:00:00Z",-20.825,150.375,"0.0",0,"22.93","0.43",0,2018-09-06,"09","2018",0,22.93,"-20.825 150.375"
"8032051","2018-09-06T12:00:00Z",-20.825,150.425,"0.0",0,"22.94","0.45",0,2018-09-06,"09","2018",0,22.94,"-20.825 150.425"
"8032129","2018-09-06T12:00:00Z",-20.875,150.275,"0.0",0,"22.96","0.47000000000000003",0,2018-09-06,"09","2018",0,22.96,"-20.875 150.275"
"8036130","2018-09-06T12:00:00Z",-23.325,151.875,"0.0",0,"21.91","0.5",0,2018-09-06,"09","2018",0,21.91,"-23.325 151.875"
"8036372","2018-09-06T12:00:00Z",-23.475,151.825,"0.0",0,"21.71","0.53",0,2018-09-06,"09","2018",0,21.71,"-23.475 151.825"
"8036373","2018-09-06T12:00:00Z",-23.475,151.875,"0.0",0,"21.75","0.53",0,2018-09-06,"09","2018",0,21.75,"-23.475 151.875"
"8036375","2018-09-06T12:00:00Z",-23.475,151.975,"0.0",0,"21.84","0.53",0,2018-09-06,"09","2018",0,21.84,"-23.475 151.975"
"8076841","2018-09-13T12:00:00Z",-20.125,150.275,"0.0",0,"23.64","0.47000000000000003",0,2018-09-13,"09","2018",0,23.64,"-20.125 150.275"
"8077897","2018-09-13T12:00:00Z",-20.775,150.425,"0.0",0,"23.12","0.44",0,2018-09-13,"09","2018",0,23.12,"-20.775 150.425"
"8077898","2018-09-13T12:00:00Z",-20.775,150.475,"0.0",0,"23.150000000000002","0.45",0,2018-09-13,"09","2018",0,23.15,"-20.775 150.475"
"8077977","2018-09-13T12:00:00Z",-20.825,150.375,"0.0",0,"23.07","0.41000000000000003",0,2018-09-13,"09","2018",0,23.07,"-20.825 150.375"
"8077978","2018-09-13T12:00:00Z",-20.825,150.425,"0.0",0,"23.080000000000002","0.43",0,2018-09-13,"09","2018",0,23.08,"-20.825 150.425"
"8078056","2018-09-13T12:00:00Z",-20.875,150.275,"0.0",0,"23.080000000000002","0.41000000000000003",0,2018-09-13,"09","2018",0,23.08,"-20.875 150.275"
"8082057","2018-09-13T12:00:00Z",-23.325,151.875,"0.0",0,"21.95","0.45",0,2018-09-13,"09","2018",0,21.95,"-23.325 151.875"
"8082299","2018-09-13T12:00:00Z",-23.475,151.825,"0.0",0,"21.92","0.61",0,2018-09-13,"09","2018",0,21.92,"-23.475 151.825"
"8082300","2018-09-13T12:00:00Z",-23.475,151.875,"0.0",0,"21.92","0.58",0,2018-09-13,"09","2018",0,21.92,"-23.475 151.875"
"8082302","2018-09-13T12:00:00Z",-23.475,151.975,"0.0",0,"21.94","0.54",0,2018-09-13,"09","2018",0,21.94,"-23.475 151.975"
"8122768","2018-09-20T12:00:00Z",-20.125,150.275,"0.0",0,"23.490000000000002","0.07",0,2018-09-20,"09","2018",0,23.49,"-20.125 150.275"
"8123824","2018-09-20T12:00:00Z",-20.775,150.425,"0.0",0,"23.16","0.17",0,2018-09-20,"09","2018",0,23.16,"-20.775 150.425"
"8123825","2018-09-20T12:00:00Z",-20.775,150.475,"0.0",0,"23.17","0.17",0,2018-09-20,"09","2018",0,23.17,"-20.775 150.475"
"8123904","2018-09-20T12:00:00Z",-20.825,150.375,"0.0",0,"23.14","0.17",0,2018-09-20,"09","2018",0,23.14,"-20.825 150.375"
"8123905","2018-09-20T12:00:00Z",-20.825,150.425,"0.0",0,"23.14","0.18",0,2018-09-20,"09","2018",0,23.14,"-20.825 150.425"
"8123983","2018-09-20T12:00:00Z",-20.875,150.275,"0.0",0,"23.2","0.21",0,2018-09-20,"09","2018",0,23.2,"-20.875 150.275"
"8127984","2018-09-20T12:00:00Z",-23.325,151.875,"0.0",0,"21.98","0.24",0,2018-09-20,"09","2018",0,21.98,"-23.325 151.875"
"8128226","2018-09-20T12:00:00Z",-23.475,151.825,"0.0",0,"21.98","0.39",0,2018-09-20,"09","2018",0,21.98,"-23.475 151.825"
"8128227","2018-09-20T12:00:00Z",-23.475,151.875,"0.0",0,"21.97","0.36",0,2018-09-20,"09","2018",0,21.97,"-23.475 151.875"
"8128229","2018-09-20T12:00:00Z",-23.475,151.975,"0.0",0,"21.97","0.31",0,2018-09-20,"09","2018",0,21.97,"-23.475 151.975"
"8168695","2018-09-27T12:00:00Z",-20.125,150.275,"0.0",0,"23.76","0.05",0,2018-09-27,"09","2018",0,23.76,"-20.125 150.275"
"8169751","2018-09-27T12:00:00Z",-20.775,150.425,"0.0",0,"23.27","-0.08",0,2018-09-27,"09","2018",0,23.27,"-20.775 150.425"
"8169752","2018-09-27T12:00:00Z",-20.775,150.475,"0.0",0,"23.31","-0.05",0,2018-09-27,"09","2018",0,23.31,"-20.775 150.475"
"8169831","2018-09-27T12:00:00Z",-20.825,150.375,"0.0",0,"23.22","-0.13",0,2018-09-27,"09","2018",0,23.22,"-20.825 150.375"
"8169832","2018-09-27T12:00:00Z",-20.825,150.425,"0.0",0,"23.240000000000002","-0.1",0,2018-09-27,"09","2018",0,23.24,"-20.825 150.425"
"8169910","2018-09-27T12:00:00Z",-20.875,150.275,"0.0",0,"23.25","-0.11",0,2018-09-27,"09","2018",0,23.25,"-20.875 150.275"
"8173911","2018-09-27T12:00:00Z",-23.325,151.875,"0.0",0,"21.95","-0.1",0,2018-09-27,"09","2018",0,21.95,"-23.325 151.875"
"8174153","2018-09-27T12:00:00Z",-23.475,151.825,"0.0",0,"21.85","-0.08",0,2018-09-27,"09","2018",0,21.85,"-23.475 151.825"
"8174154","2018-09-27T12:00:00Z",-23.475,151.875,"0.0",0,"21.86","-0.09",0,2018-09-27,"09","2018",0,21.86,"-23.475 151.875"
"8174156","2018-09-27T12:00:00Z",-23.475,151.975,"0.0",0,"21.87","-0.11",0,2018-09-27,"09","2018",0,21.87,"-23.475 151.975"
"8214622","2018-10-04T12:00:00Z",-20.125,150.275,"0.0",0,"23.82","-0.19",0,2018-10-04,"10","2018",0,23.82,"-20.125 150.275"
"8215678","2018-10-04T12:00:00Z",-20.775,150.425,"0.0",0,"23.43","-0.29",0,2018-10-04,"10","2018",0,23.43,"-20.775 150.425"
"8215679","2018-10-04T12:00:00Z",-20.775,150.475,"0.0",0,"23.47","-0.25",0,2018-10-04,"10","2018",0,23.47,"-20.775 150.475"
"8215758","2018-10-04T12:00:00Z",-20.825,150.375,"0.0",0,"23.37","-0.35000000000000003",0,2018-10-04,"10","2018",0,23.37,"-20.825 150.375"
"8215759","2018-10-04T12:00:00Z",-20.825,150.425,"0.0",0,"23.400000000000002","-0.31",0,2018-10-04,"10","2018",0,23.4,"-20.825 150.425"
"8215837","2018-10-04T12:00:00Z",-20.875,150.275,"0.0",0,"23.36","-0.38",0,2018-10-04,"10","2018",0,23.36,"-20.875 150.275"
"8219838","2018-10-04T12:00:00Z",-23.325,151.875,"0.0",0,"22.150000000000002","-0.2",0,2018-10-04,"10","2018",0,22.15,"-23.325 151.875"
"8220080","2018-10-04T12:00:00Z",-23.475,151.825,"0.0",0,"22.05","-0.22",0,2018-10-04,"10","2018",0,22.05,"-23.475 151.825"
"8220081","2018-10-04T12:00:00Z",-23.475,151.875,"0.0",0,"22.06","-0.22",0,2018-10-04,"10","2018",0,22.06,"-23.475 151.875"
"8220083","2018-10-04T12:00:00Z",-23.475,151.975,"0.0",0,"22.13","-0.17",0,2018-10-04,"10","2018",0,22.13,"-23.475 151.975"
"8260549","2018-10-11T12:00:00Z",-20.125,150.275,"0.0",0,"24.38","0.08",0,2018-10-11,"10","2018",0,24.38,"-20.125 150.275"
"8261605","2018-10-11T12:00:00Z",-20.775,150.425,"0.0",0,"24.05","-0.03",0,2018-10-11,"10","2018",0,24.05,"-20.775 150.425"
"8261606","2018-10-11T12:00:00Z",-20.775,150.475,"0.0",0,"24.05","-0.03",0,2018-10-11,"10","2018",0,24.05,"-20.775 150.475"
"8261685","2018-10-11T12:00:00Z",-20.825,150.375,"0.0",0,"24.05","-0.04",0,2018-10-11,"10","2018",0,24.05,"-20.825 150.375"
"8261686","2018-10-11T12:00:00Z",-20.825,150.425,"0.0",0,"24.04","-0.04",0,2018-10-11,"10","2018",0,24.04,"-20.825 150.425"
"8261764","2018-10-11T12:00:00Z",-20.875,150.275,"0.0",0,"24.080000000000002","-0.04",0,2018-10-11,"10","2018",0,24.08,"-20.875 150.275"
"8265765","2018-10-11T12:00:00Z",-23.325,151.875,"0.0",0,"22.8","0.15",0,2018-10-11,"10","2018",0,22.8,"-23.325 151.875"
"8266007","2018-10-11T12:00:00Z",-23.475,151.825,"0.0",0,"22.82","0.2",0,2018-10-11,"10","2018",0,22.82,"-23.475 151.825"
"8266008","2018-10-11T12:00:00Z",-23.475,151.875,"0.0",0,"22.82","0.2",0,2018-10-11,"10","2018",0,22.82,"-23.475 151.875"
"8266010","2018-10-11T12:00:00Z",-23.475,151.975,"0.0",0,"22.8","0.17",0,2018-10-11,"10","2018",0,22.8,"-23.475 151.975"
"8306476","2018-10-18T12:00:00Z",-20.125,150.275,"0.0",0,"24.73","0.12",0,2018-10-18,"10","2018",0,24.73,"-20.125 150.275"
"8307532","2018-10-18T12:00:00Z",-20.775,150.425,"0.0",0,"24.5","0.06",0,2018-10-18,"10","2018",0,24.5,"-20.775 150.425"
"8307533","2018-10-18T12:00:00Z",-20.775,150.475,"0.0",0,"24.51","0.07",0,2018-10-18,"10","2018",0,24.51,"-20.775 150.475"
"8307612","2018-10-18T12:00:00Z",-20.825,150.375,"0.0",0,"24.5","0.04",0,2018-10-18,"10","2018",0,24.5,"-20.825 150.375"
"8307613","2018-10-18T12:00:00Z",-20.825,150.425,"0.0",0,"24.5","0.05",0,2018-10-18,"10","2018",0,24.5,"-20.825 150.425"
"8307691","2018-10-18T12:00:00Z",-20.875,150.275,"0.0",0,"24.52","0.03",0,2018-10-18,"10","2018",0,24.52,"-20.875 150.275"
"8311692","2018-10-18T12:00:00Z",-23.325,151.875,"0.0",0,"23.01","0.04",0,2018-10-18,"10","2018",0,23.01,"-23.325 151.875"
"8311934","2018-10-18T12:00:00Z",-23.475,151.825,"0.0",0,"23.06","0.1",0,2018-10-18,"10","2018",0,23.06,"-23.475 151.825"
"8311935","2018-10-18T12:00:00Z",-23.475,151.875,"0.0",0,"23.04","0.08",0,2018-10-18,"10","2018",0,23.04,"-23.475 151.875"
"8311937","2018-10-18T12:00:00Z",-23.475,151.975,"0.0",0,"23.02","0.06",0,2018-10-18,"10","2018",0,23.02,"-23.475 151.975"
"8352403","2018-10-25T12:00:00Z",-20.125,150.275,"0.0",0,"25.2","0.27",0,2018-10-25,"10","2018",0,25.2,"-20.125 150.275"
"8353459","2018-10-25T12:00:00Z",-20.775,150.425,"0.0",0,"25.150000000000002","0.34",0,2018-10-25,"10","2018",0,25.15,"-20.775 150.425"
"8353460","2018-10-25T12:00:00Z",-20.775,150.475,"0.0",0,"25.13","0.33",0,2018-10-25,"10","2018",0,25.13,"-20.775 150.475"
"8353539","2018-10-25T12:00:00Z",-20.825,150.375,"0.0",0,"25.19","0.37",0,2018-10-25,"10","2018",0,25.19,"-20.825 150.375"
"8353540","2018-10-25T12:00:00Z",-20.825,150.425,"0.0",0,"25.18","0.37",0,2018-10-25,"10","2018",0,25.18,"-20.825 150.425"
"8353618","2018-10-25T12:00:00Z",-20.875,150.275,"0.0",0,"25.28","0.43",0,2018-10-25,"10","2018",0,25.28,"-20.875 150.275"
"8357619","2018-10-25T12:00:00Z",-23.325,151.875,"0.0",0,"23.61","0.3",0,2018-10-25,"10","2018",0,23.61,"-23.325 151.875"
"8357861","2018-10-25T12:00:00Z",-23.475,151.825,"0.0",0,"23.79","0.48",0,2018-10-25,"10","2018",0,23.79,"-23.475 151.825"
"8357862","2018-10-25T12:00:00Z",-23.475,151.875,"0.0",0,"23.76","0.45",0,2018-10-25,"10","2018",0,23.76,"-23.475 151.875"
"8357864","2018-10-25T12:00:00Z",-23.475,151.975,"0.0",0,"23.7","0.4",0,2018-10-25,"10","2018",0,23.7,"-23.475 151.975"
"8398330","2018-11-01T12:00:00Z",-20.125,150.275,"0.0",0,"25.63","0.38",0,2018-11-01,"11","2018",0,25.63,"-20.125 150.275"
"8399386","2018-11-01T12:00:00Z",-20.775,150.425,"0.0",0,"25.63","0.46",0,2018-11-01,"11","2018",0,25.63,"-20.775 150.425"
"8399387","2018-11-01T12:00:00Z",-20.775,150.475,"0.0",0,"25.62","0.46",0,2018-11-01,"11","2018",0,25.62,"-20.775 150.475"
"8399466","2018-11-01T12:00:00Z",-20.825,150.375,"0.0",0,"25.69","0.5",0,2018-11-01,"11","2018",0,25.69,"-20.825 150.375"
"8399467","2018-11-01T12:00:00Z",-20.825,150.425,"0.0",0,"25.67","0.5",0,2018-11-01,"11","2018",0,25.67,"-20.825 150.425"
"8399545","2018-11-01T12:00:00Z",-20.875,150.275,"0.0",0,"25.77","0.56",0,2018-11-01,"11","2018",0,25.77,"-20.875 150.275"
"8403546","2018-11-01T12:00:00Z",-23.325,151.875,"0.0",0,"24.04","0.39",0,2018-11-01,"11","2018",0,24.04,"-23.325 151.875"
"8403788","2018-11-01T12:00:00Z",-23.475,151.825,"0.0",0,"24.080000000000002","0.41000000000000003",0,2018-11-01,"11","2018",0,24.08,"-23.475 151.825"
"8403789","2018-11-01T12:00:00Z",-23.475,151.875,"0.0",0,"24.04","0.38",0,2018-11-01,"11","2018",0,24.04,"-23.475 151.875"
"8403791","2018-11-01T12:00:00Z",-23.475,151.975,"0.0",0,"23.990000000000002","0.35000000000000003",0,2018-11-01,"11","2018",0,23.99,"-23.475 151.975"
"8444257","2018-11-08T12:00:00Z",-20.125,150.275,"0.0",0,"25.98","0.4",0,2018-11-08,"11","2018",0,25.98,"-20.125 150.275"
"8445313","2018-11-08T12:00:00Z",-20.775,150.425,"0.0",0,"26.09","0.56",0,2018-11-08,"11","2018",0,26.09,"-20.775 150.425"
"8445314","2018-11-08T12:00:00Z",-20.775,150.475,"0.0",0,"26.080000000000002","0.56",0,2018-11-08,"11","2018",0,26.08,"-20.775 150.475"
"8445393","2018-11-08T12:00:00Z",-20.825,150.375,"0.0",0,"26.14","0.59",0,2018-11-08,"11","2018",0,26.14,"-20.825 150.375"
"8445394","2018-11-08T12:00:00Z",-20.825,150.425,"0.0",0,"26.150000000000002","0.61",0,2018-11-08,"11","2018",0,26.15,"-20.825 150.425"
"8445472","2018-11-08T12:00:00Z",-20.875,150.275,"0.0",0,"26.23","0.65",0,2018-11-08,"11","2018",0,26.23,"-20.875 150.275"
"8449473","2018-11-08T12:00:00Z",-23.325,151.875,"0.0",0,"24.3","0.3",0,2018-11-08,"11","2018",0,24.3,"-23.325 151.875"
"8449715","2018-11-08T12:00:00Z",-23.475,151.825,"0.0",0,"24.46","0.44",0,2018-11-08,"11","2018",0,24.46,"-23.475 151.825"
"8449716","2018-11-08T12:00:00Z",-23.475,151.875,"0.0",0,"24.35","0.34",0,2018-11-08,"11","2018",0,24.35,"-23.475 151.875"
"8449718","2018-11-08T12:00:00Z",-23.475,151.975,"0.0",0,"24.16","0.17",0,2018-11-08,"11","2018",0,24.16,"-23.475 151.975"
"8490184","2018-11-15T12:00:00Z",-20.125,150.275,"0.0",0,"26.03","0.13",0,2018-11-15,"11","2018",0,26.03,"-20.125 150.275"
"8491240","2018-11-15T12:00:00Z",-20.775,150.425,"0.0",0,"26.03","0.14",0,2018-11-15,"11","2018",0,26.03,"-20.775 150.425"
"8491241","2018-11-15T12:00:00Z",-20.775,150.475,"0.0",0,"26.01","0.13",0,2018-11-15,"11","2018",0,26.01,"-20.775 150.475"
"8491320","2018-11-15T12:00:00Z",-20.825,150.375,"0.0",0,"26.060000000000002","0.14",0,2018-11-15,"11","2018",0,26.06,"-20.825 150.375"
"8491321","2018-11-15T12:00:00Z",-20.825,150.425,"0.0",0,"26.05","0.15",0,2018-11-15,"11","2018",0,26.05,"-20.825 150.425"
"8491399","2018-11-15T12:00:00Z",-20.875,150.275,"0.0",0,"26.09","0.15",0,2018-11-15,"11","2018",0,26.09,"-20.875 150.275"
"8495400","2018-11-15T12:00:00Z",-23.325,151.875,"0.0",0,"24.35","0.01",0,2018-11-15,"11","2018",0,24.35,"-23.325 151.875"
"8495642","2018-11-15T12:00:00Z",-23.475,151.825,"0.0",0,"24.42","0.05",0,2018-11-15,"11","2018",0,24.42,"-23.475 151.825"
"8495643","2018-11-15T12:00:00Z",-23.475,151.875,"0.0",0,"24.43","0.07",0,2018-11-15,"11","2018",0,24.43,"-23.475 151.875"
"8495645","2018-11-15T12:00:00Z",-23.475,151.975,"0.0",0,"24.48","0.15",0,2018-11-15,"11","2018",0,24.48,"-23.475 151.975"
"8536111","2018-11-22T12:00:00Z",-20.125,150.275,"0.0",0,"26.43","0.31",0,2018-11-22,"11","2018",0,26.43,"-20.125 150.275"
"8537167","2018-11-22T12:00:00Z",-20.775,150.425,"0.0",0,"26.490000000000002","0.35000000000000003",0,2018-11-22,"11","2018",0,26.49,"-20.775 150.425"
"8537168","2018-11-22T12:00:00Z",-20.775,150.475,"0.0",0,"26.46","0.33",0,2018-11-22,"11","2018",0,26.46,"-20.775 150.475"
"8537247","2018-11-22T12:00:00Z",-20.825,150.375,"0.0",0,"26.53","0.37",0,2018-11-22,"11","2018",0,26.53,"-20.825 150.375"
"8537248","2018-11-22T12:00:00Z",-20.825,150.425,"0.0",0,"26.5","0.35000000000000003",0,2018-11-22,"11","2018",0,26.5,"-20.825 150.425"
"8537326","2018-11-22T12:00:00Z",-20.875,150.275,"0.0",0,"26.61","0.43",0,2018-11-22,"11","2018",0,26.61,"-20.875 150.275"
"8541327","2018-11-22T12:00:00Z",-23.325,151.875,"0.0",0,"24.92","0.24",0,2018-11-22,"11","2018",0,24.92,"-23.325 151.875"
"8541569","2018-11-22T12:00:00Z",-23.475,151.825,"0.0",0,"24.98","0.26",0,2018-11-22,"11","2018",0,24.98,"-23.475 151.825"
"8541570","2018-11-22T12:00:00Z",-23.475,151.875,"0.0",0,"24.96","0.26",0,2018-11-22,"11","2018",0,24.96,"-23.475 151.875"
"8541572","2018-11-22T12:00:00Z",-23.475,151.975,"0.0",0,"24.93","0.26",0,2018-11-22,"11","2018",0,24.93,"-23.475 151.975"
"8582038","2018-11-29T12:00:00Z",-20.125,150.275,"0.0",0,"26.82","0.48",0,2018-11-29,"11","2018",0,26.82,"-20.125 150.275"
"8583094","2018-11-29T12:00:00Z",-20.775,150.425,"0.0",0,"26.96","0.5700000000000001",0,2018-11-29,"11","2018",0,26.96,"-20.775 150.425"
"8583095","2018-11-29T12:00:00Z",-20.775,150.475,"0.0",0,"26.95","0.5700000000000001",0,2018-11-29,"11","2018",0,26.95,"-20.775 150.475"
"8583174","2018-11-29T12:00:00Z",-20.825,150.375,"0.0",0,"27.05","0.64",0,2018-11-29,"11","2018",0,27.05,"-20.825 150.375"
"8583175","2018-11-29T12:00:00Z",-20.825,150.425,"0.0",0,"27.03","0.63",0,2018-11-29,"11","2018",0,27.03,"-20.825 150.425"
"8583253","2018-11-29T12:00:00Z",-20.875,150.275,"0.0",0,"27.14","0.71",0,2018-11-29,"11","2018",0,27.14,"-20.875 150.275"
"8587254","2018-11-29T12:00:00Z",-23.325,151.875,"0.0",0,"25.26","0.23",0,2018-11-29,"11","2018",0,25.26,"-23.325 151.875"
"8587496","2018-11-29T12:00:00Z",-23.475,151.825,"0.0",0,"25.490000000000002","0.42",0,2018-11-29,"11","2018",0,25.49,"-23.475 151.825"
"8587497","2018-11-29T12:00:00Z",-23.475,151.875,"0.0",0,"25.39","0.34",0,2018-11-29,"11","2018",0,25.39,"-23.475 151.875"
"8587499","2018-11-29T12:00:00Z",-23.475,151.975,"0.0",0,"25.11","0.11",0,2018-11-29,"11","2018",0,25.11,"-23.475 151.975"
"8627965","2018-12-06T12:00:00Z",-20.125,150.275,"0.0",0,"27.080000000000002","0.52",0,2018-12-06,"12","2018",0,27.08,"-20.125 150.275"
"8629021","2018-12-06T12:00:00Z",-20.775,150.425,"0.0",0,"27.73","1.09",0,2018-12-06,"12","2018",0,27.73,"-20.775 150.425"
"8629022","2018-12-06T12:00:00Z",-20.775,150.475,"0.0",0,"27.71","1.07",0,2018-12-06,"12","2018",0,27.71,"-20.775 150.475"
"8629101","2018-12-06T12:00:00Z",-20.825,150.375,"0.0",0,"27.78","1.1300000000000001",0,2018-12-06,"12","2018",0,27.78,"-20.825 150.375"
"8629102","2018-12-06T12:00:00Z",-20.825,150.425,"0.0",0,"27.78","1.1300000000000001",0,2018-12-06,"12","2018",0,27.78,"-20.825 150.425"
"8629180","2018-12-06T12:00:00Z",-20.875,150.275,"0.0",0,"27.82","1.1500000000000001",0,2018-12-06,"12","2018",0,27.82,"-20.875 150.275"
"8633181","2018-12-06T12:00:00Z",-23.325,151.875,"0.0",0,"25.88","0.51",0,2018-12-06,"12","2018",0,25.88,"-23.325 151.875"
"8633423","2018-12-06T12:00:00Z",-23.475,151.825,"0.0",0,"25.97","0.56",0,2018-12-06,"12","2018",0,25.97,"-23.475 151.825"
"8633424","2018-12-06T12:00:00Z",-23.475,151.875,"0.0",0,"25.91","0.52",0,2018-12-06,"12","2018",0,25.91,"-23.475 151.875"
"8633426","2018-12-06T12:00:00Z",-23.475,151.975,"0.0",0,"25.84","0.5",0,2018-12-06,"12","2018",0,25.84,"-23.475 151.975"
"8673892","2018-12-13T12:00:00Z",-20.125,150.275,"0.0",0,"27.37","0.59",0,2018-12-13,"12","2018",0,27.37,"-20.125 150.275"
"8674948","2018-12-13T12:00:00Z",-20.775,150.425,"0.0",0,"27.11","0.22",0,2018-12-13,"12","2018",0,27.11,"-20.775 150.425"
"8674949","2018-12-13T12:00:00Z",-20.775,150.475,"0.0",0,"27.09","0.2",0,2018-12-13,"12","2018",0,27.09,"-20.775 150.475"
"8675028","2018-12-13T12:00:00Z",-20.825,150.375,"0.0",0,"27.16","0.26",0,2018-12-13,"12","2018",0,27.16,"-20.825 150.375"
"8675029","2018-12-13T12:00:00Z",-20.825,150.425,"0.0",0,"27.13","0.23",0,2018-12-13,"12","2018",0,27.13,"-20.825 150.425"
"8675107","2018-12-13T12:00:00Z",-20.875,150.275,"0.0",0,"27.240000000000002","0.33",0,2018-12-13,"12","2018",0,27.24,"-20.875 150.275"
"8679108","2018-12-13T12:00:00Z",-23.325,151.875,"0.0",0,"25.8","0.09",0,2018-12-13,"12","2018",0,25.8,"-23.325 151.875"
"8679350","2018-12-13T12:00:00Z",-23.475,151.825,"0.0",0,"25.7","-0.06",0,2018-12-13,"12","2018",0,25.7,"-23.475 151.825"
"8679351","2018-12-13T12:00:00Z",-23.475,151.875,"0.0",0,"25.75","0.02",0,2018-12-13,"12","2018",0,25.75,"-23.475 151.875"
"8679353","2018-12-13T12:00:00Z",-23.475,151.975,"0.0",0,"25.89","0.22",0,2018-12-13,"12","2018",0,25.89,"-23.475 151.975"
"8719819","2018-12-20T12:00:00Z",-20.125,150.275,"0.0",0,"27.25","0.28",0,2018-12-20,"12","2018",0,27.25,"-20.125 150.275"
"8720875","2018-12-20T12:00:00Z",-20.775,150.425,"0.0",0,"27.39","0.29",0,2018-12-20,"12","2018",0,27.39,"-20.775 150.425"
"8720876","2018-12-20T12:00:00Z",-20.775,150.475,"0.0",0,"27.400000000000002","0.3",0,2018-12-20,"12","2018",0,27.4,"-20.775 150.475"
"8720955","2018-12-20T12:00:00Z",-20.825,150.375,"0.0",0,"27.36","0.25",0,2018-12-20,"12","2018",0,27.36,"-20.825 150.375"
"8720956","2018-12-20T12:00:00Z",-20.825,150.425,"0.0",0,"27.37","0.26",0,2018-12-20,"12","2018",0,27.37,"-20.825 150.425"
"8721034","2018-12-20T12:00:00Z",-20.875,150.275,"0.0",0,"27.32","0.2",0,2018-12-20,"12","2018",0,27.32,"-20.875 150.275"
"8725035","2018-12-20T12:00:00Z",-23.325,151.875,"0.0",0,"26.14","0.15",0,2018-12-20,"12","2018",0,26.14,"-23.325 151.875"
"8725277","2018-12-20T12:00:00Z",-23.475,151.825,"0.0",0,"26.12","0.08",0,2018-12-20,"12","2018",0,26.12,"-23.475 151.825"
"8725278","2018-12-20T12:00:00Z",-23.475,151.875,"0.0",0,"26.14","0.13",0,2018-12-20,"12","2018",0,26.14,"-23.475 151.875"
"8725280","2018-12-20T12:00:00Z",-23.475,151.975,"0.0",0,"26.22","0.27",0,2018-12-20,"12","2018",0,26.22,"-23.475 151.975"
"8765746","2018-12-27T12:00:00Z",-20.125,150.275,"0.0",0,"27.400000000000002","0.25",0,2018-12-27,"12","2018",0,27.4,"-20.125 150.275"
"8766802","2018-12-27T12:00:00Z",-20.775,150.425,"0.0",0,"27.310000000000002","0.01",0,2018-12-27,"12","2018",0,27.31,"-20.775 150.425"
"8766803","2018-12-27T12:00:00Z",-20.775,150.475,"0.0",0,"27.310000000000002","0.02",0,2018-12-27,"12","2018",0,27.31,"-20.775 150.475"
"8766882","2018-12-27T12:00:00Z",-20.825,150.375,"0.0",0,"27.310000000000002","0.0",0,2018-12-27,"12","2018",0,27.31,"-20.825 150.375"
"8766883","2018-12-27T12:00:00Z",-20.825,150.425,"0.0",0,"27.32","0.01",0,2018-12-27,"12","2018",0,27.32,"-20.825 150.425"
"8766961","2018-12-27T12:00:00Z",-20.875,150.275,"0.0",0,"27.310000000000002","-0.01",0,2018-12-27,"12","2018",0,27.31,"-20.875 150.275"
"8770962","2018-12-27T12:00:00Z",-23.325,151.875,"0.0",0,"26.03","-0.2",0,2018-12-27,"12","2018",0,26.03,"-23.325 151.875"
"8771204","2018-12-27T12:00:00Z",-23.475,151.825,"0.0",0,"25.88","-0.41000000000000003",0,2018-12-27,"12","2018",0,25.88,"-23.475 151.825"
"8771205","2018-12-27T12:00:00Z",-23.475,151.875,"0.0",0,"25.89","-0.37",0,2018-12-27,"12","2018",0,25.89,"-23.475 151.875"
"8771207","2018-12-27T12:00:00Z",-23.475,151.975,"0.0",0,"25.94","-0.27",0,2018-12-27,"12","2018",0,25.94,"-23.475 151.975"
"8811673","2019-01-03T12:00:00Z",-20.125,150.275,"0.0",0,"27.39","0.06",0,2019-01-03,"01","2019",0,27.39,"-20.125 150.275"
"8812729","2019-01-03T12:00:00Z",-20.775,150.425,"0.0",0,"27.310000000000002","-0.18",0,2019-01-03,"01","2019",0,27.31,"-20.775 150.425"
"8812730","2019-01-03T12:00:00Z",-20.775,150.475,"0.0",0,"27.310000000000002","-0.18",0,2019-01-03,"01","2019",0,27.31,"-20.775 150.475"
"8812809","2019-01-03T12:00:00Z",-20.825,150.375,"0.0",0,"27.3","-0.22",0,2019-01-03,"01","2019",0,27.3,"-20.825 150.375"
"8812810","2019-01-03T12:00:00Z",-20.825,150.425,"0.0",0,"27.310000000000002","-0.19",0,2019-01-03,"01","2019",0,27.31,"-20.825 150.425"
"8812888","2019-01-03T12:00:00Z",-20.875,150.275,"0.0",0,"27.29","-0.24",0,2019-01-03,"01","2019",0,27.29,"-20.875 150.275"
"8816889","2019-01-03T12:00:00Z",-23.325,151.875,"0.0",0,"26.310000000000002","-0.17",0,2019-01-03,"01","2019",0,26.31,"-23.325 151.875"
"8817131","2019-01-03T12:00:00Z",-23.475,151.825,"0.0",0,"26.34","-0.21",0,2019-01-03,"01","2019",0,26.34,"-23.475 151.825"
"8817132","2019-01-03T12:00:00Z",-23.475,151.875,"0.0",0,"26.330000000000002","-0.19",0,2019-01-03,"01","2019",0,26.33,"-23.475 151.875"
"8817134","2019-01-03T12:00:00Z",-23.475,151.975,"0.0",0,"26.26","-0.2",0,2019-01-03,"01","2019",0,26.26,"-23.475 151.975"
"8857600","2019-01-10T12:00:00Z",-20.125,150.275,"0.0",0,"27.2","-0.31",0,2019-01-10,"01","2019",0,27.2,"-20.125 150.275"
"8858656","2019-01-10T12:00:00Z",-20.775,150.425,"0.0",0,"27.35","-0.34",0,2019-01-10,"01","2019",0,27.35,"-20.775 150.425"
"8858657","2019-01-10T12:00:00Z",-20.775,150.475,"0.0",0,"27.34","-0.34",0,2019-01-10,"01","2019",0,27.34,"-20.775 150.475"
"8858736","2019-01-10T12:00:00Z",-20.825,150.375,"0.0",0,"27.36","-0.36",0,2019-01-10,"01","2019",0,27.36,"-20.825 150.375"
"8858737","2019-01-10T12:00:00Z",-20.825,150.425,"0.0",0,"27.35","-0.35000000000000003",0,2019-01-10,"01","2019",0,27.35,"-20.825 150.425"
"8858815","2019-01-10T12:00:00Z",-20.875,150.275,"0.0",0,"27.36","-0.37",0,2019-01-10,"01","2019",0,27.36,"-20.875 150.275"
"8862816","2019-01-10T12:00:00Z",-23.325,151.875,"0.0",0,"26.47","-0.25",0,2019-01-10,"01","2019",0,26.47,"-23.325 151.875"
"8863058","2019-01-10T12:00:00Z",-23.475,151.825,"0.0",0,"26.35","-0.45",0,2019-01-10,"01","2019",0,26.35,"-23.475 151.825"
"8863059","2019-01-10T12:00:00Z",-23.475,151.875,"0.0",0,"26.36","-0.41000000000000003",0,2019-01-10,"01","2019",0,26.36,"-23.475 151.875"
"8863061","2019-01-10T12:00:00Z",-23.475,151.975,"0.0",0,"26.41","-0.31",0,2019-01-10,"01","2019",0,26.41,"-23.475 151.975"
"8903527","2019-01-17T12:00:00Z",-20.125,150.275,"0.0",0,"27.55","-0.1",0,2019-01-17,"01","2019",0,27.55,"-20.125 150.275"
"8904583","2019-01-17T12:00:00Z",-20.775,150.425,"0.0",0,"27.53","-0.31",0,2019-01-17,"01","2019",0,27.53,"-20.775 150.425"
"8904584","2019-01-17T12:00:00Z",-20.775,150.475,"0.0",0,"27.51","-0.32",0,2019-01-17,"01","2019",0,27.51,"-20.775 150.475"
"8904663","2019-01-17T12:00:00Z",-20.825,150.375,"0.0",0,"27.560000000000002","-0.31",0,2019-01-17,"01","2019",0,27.56,"-20.825 150.375"
"8904664","2019-01-17T12:00:00Z",-20.825,150.425,"0.0",0,"27.54","-0.31",0,2019-01-17,"01","2019",0,27.54,"-20.825 150.425"
"8904742","2019-01-17T12:00:00Z",-20.875,150.275,"0.0",0,"27.560000000000002","-0.32",0,2019-01-17,"01","2019",0,27.56,"-20.875 150.275"
"8908743","2019-01-17T12:00:00Z",-23.325,151.875,"0.0",0,"26.62","-0.3",0,2019-01-17,"01","2019",0,26.62,"-23.325 151.875"
"8908985","2019-01-17T12:00:00Z",-23.475,151.825,"0.0",0,"26.47","-0.52",0,2019-01-17,"01","2019",0,26.47,"-23.475 151.825"
"8908986","2019-01-17T12:00:00Z",-23.475,151.875,"0.0",0,"26.48","-0.48",0,2019-01-17,"01","2019",0,26.48,"-23.475 151.875"
"8908988","2019-01-17T12:00:00Z",-23.475,151.975,"0.0",0,"26.53","-0.38",0,2019-01-17,"01","2019",0,26.53,"-23.475 151.975"
"8949454","2019-01-24T12:00:00Z",-20.125,150.275,"0.0",0,"27.6","-0.1",0,2019-01-24,"01","2019",0,27.6,"-20.125 150.275"
"8950510","2019-01-24T12:00:00Z",-20.775,150.425,"0.0",0,"27.6","-0.26",0,2019-01-24,"01","2019",0,27.6,"-20.775 150.425"
"8950511","2019-01-24T12:00:00Z",-20.775,150.475,"0.0",0,"27.62","-0.23",0,2019-01-24,"01","2019",0,27.62,"-20.775 150.475"
"8950590","2019-01-24T12:00:00Z",-20.825,150.375,"0.0",0,"27.61","-0.28",0,2019-01-24,"01","2019",0,27.61,"-20.825 150.375"
"8950591","2019-01-24T12:00:00Z",-20.825,150.425,"0.0",0,"27.62","-0.25",0,2019-01-24,"01","2019",0,27.62,"-20.825 150.425"
"8950669","2019-01-24T12:00:00Z",-20.875,150.275,"0.0",0,"27.64","-0.27",0,2019-01-24,"01","2019",0,27.64,"-20.875 150.275"
"8954670","2019-01-24T12:00:00Z",-23.325,151.875,"0.0",0,"26.61","-0.36",0,2019-01-24,"01","2019",0,26.61,"-23.325 151.875"
"8954912","2019-01-24T12:00:00Z",-23.475,151.825,"0.0",0,"26.6","-0.43",0,2019-01-24,"01","2019",0,26.6,"-23.475 151.825"
"8954913","2019-01-24T12:00:00Z",-23.475,151.875,"0.0",0,"26.6","-0.4",0,2019-01-24,"01","2019",0,26.6,"-23.475 151.875"
"8954915","2019-01-24T12:00:00Z",-23.475,151.975,"0.0",0,"26.650000000000002","-0.31",0,2019-01-24,"01","2019",0,26.65,"-23.475 151.975"
"8995381","2019-01-31T12:00:00Z",-20.125,150.275,"0.0",0,"27.87","0.12",0,2019-01-31,"01","2019",0,27.87,"-20.125 150.275"
"8996437","2019-01-31T12:00:00Z",-20.775,150.425,"0.0",0,"27.69","-0.2",0,2019-01-31,"01","2019",0,27.69,"-20.775 150.425"
"8996438","2019-01-31T12:00:00Z",-20.775,150.475,"0.0",0,"27.69","-0.19",0,2019-01-31,"01","2019",0,27.69,"-20.775 150.475"
"8996517","2019-01-31T12:00:00Z",-20.825,150.375,"0.0",0,"27.68","-0.24",0,2019-01-31,"01","2019",0,27.68,"-20.825 150.375"
"8996518","2019-01-31T12:00:00Z",-20.825,150.425,"0.0",0,"27.68","-0.22",0,2019-01-31,"01","2019",0,27.68,"-20.825 150.425"
"8996596","2019-01-31T12:00:00Z",-20.875,150.275,"0.0",0,"27.66","-0.29",0,2019-01-31,"01","2019",0,27.66,"-20.875 150.275"
"9000597","2019-01-31T12:00:00Z",-23.325,151.875,"0.0",0,"26.95","-0.07",0,2019-01-31,"01","2019",0,26.95,"-23.325 151.875"
"9000839","2019-01-31T12:00:00Z",-23.475,151.825,"0.0",0,"27.09","0.03",0,2019-01-31,"01","2019",0,27.09,"-23.475 151.825"
"9000840","2019-01-31T12:00:00Z",-23.475,151.875,"0.0",0,"27.07","0.03",0,2019-01-31,"01","2019",0,27.07,"-23.475 151.875"
"9000842","2019-01-31T12:00:00Z",-23.475,151.975,"0.0",0,"26.98","-0.03",0,2019-01-31,"01","2019",0,26.98,"-23.475 151.975"
"9041308","2019-02-07T12:00:00Z",-20.125,150.275,"0.0",0,"27.66","-0.14",0,2019-02-07,"02","2019",0,27.66,"-20.125 150.275"
"9042364","2019-02-07T12:00:00Z",-20.775,150.425,"0.0",0,"27.55","-0.37",0,2019-02-07,"02","2019",0,27.55,"-20.775 150.425"
"9042365","2019-02-07T12:00:00Z",-20.775,150.475,"0.0",0,"27.580000000000002","-0.33",0,2019-02-07,"02","2019",0,27.58,"-20.775 150.475"
"9042444","2019-02-07T12:00:00Z",-20.825,150.375,"0.0",0,"27.51","-0.44",0,2019-02-07,"02","2019",0,27.51,"-20.825 150.375"
"9042445","2019-02-07T12:00:00Z",-20.825,150.425,"0.0",0,"27.54","-0.39",0,2019-02-07,"02","2019",0,27.54,"-20.825 150.425"
"9042523","2019-02-07T12:00:00Z",-20.875,150.275,"0.0",0,"27.44","-0.54",0,2019-02-07,"02","2019",0,27.44,"-20.875 150.275"
"9046524","2019-02-07T12:00:00Z",-23.325,151.875,"0.0",0,"26.98","-0.1",0,2019-02-07,"02","2019",0,26.98,"-23.325 151.875"
"9046766","2019-02-07T12:00:00Z",-23.475,151.825,"0.0",0,"27.02","-0.08",0,2019-02-07,"02","2019",0,27.02,"-23.475 151.825"
"9046767","2019-02-07T12:00:00Z",-23.475,151.875,"0.0",0,"27.04","-0.04",0,2019-02-07,"02","2019",0,27.04,"-23.475 151.875"
"9046769","2019-02-07T12:00:00Z",-23.475,151.975,"0.0",0,"27.080000000000002","0.02",0,2019-02-07,"02","2019",0,27.08,"-23.475 151.975"
"9087235","2019-02-14T12:00:00Z",-20.125,150.275,"0.0",0,"27.580000000000002","-0.27",0,2019-02-14,"02","2019",0,27.58,"-20.125 150.275"
"9088291","2019-02-14T12:00:00Z",-20.775,150.425,"0.0",0,"27.69","-0.26",0,2019-02-14,"02","2019",0,27.69,"-20.775 150.425"
"9088292","2019-02-14T12:00:00Z",-20.775,150.475,"0.0",0,"27.69","-0.25",0,2019-02-14,"02","2019",0,27.69,"-20.775 150.475"
"9088371","2019-02-14T12:00:00Z",-20.825,150.375,"0.0",0,"27.69","-0.29",0,2019-02-14,"02","2019",0,27.69,"-20.825 150.375"
"9088372","2019-02-14T12:00:00Z",-20.825,150.425,"0.0",0,"27.71","-0.25",0,2019-02-14,"02","2019",0,27.71,"-20.825 150.425"
"9088450","2019-02-14T12:00:00Z",-20.875,150.275,"0.0",0,"27.78","-0.24",0,2019-02-14,"02","2019",0,27.78,"-20.875 150.275"
"9092451","2019-02-14T12:00:00Z",-23.325,151.875,"0.0",0,"27.23","0.1",0,2019-02-14,"02","2019",0,27.23,"-23.325 151.875"
"9092693","2019-02-14T12:00:00Z",-23.475,151.825,"0.0",0,"27.32","0.19",0,2019-02-14,"02","2019",0,27.32,"-23.475 151.825"
"9092694","2019-02-14T12:00:00Z",-23.475,151.875,"0.0",0,"27.32","0.2",0,2019-02-14,"02","2019",0,27.32,"-23.475 151.875"
"9092696","2019-02-14T12:00:00Z",-23.475,151.975,"0.0",0,"27.28","0.18",0,2019-02-14,"02","2019",0,27.28,"-23.475 151.975"
"9133162","2019-02-21T12:00:00Z",-20.125,150.275,"0.0",0,"27.55","-0.22",0,2019-02-21,"02","2019",0,27.55,"-20.125 150.275"
"9134218","2019-02-21T12:00:00Z",-20.775,150.425,"0.0",0,"27.71","-0.14",0,2019-02-21,"02","2019",0,27.71,"-20.775 150.425"
"9134219","2019-02-21T12:00:00Z",-20.775,150.475,"0.0",0,"27.69","-0.15",0,2019-02-21,"02","2019",0,27.69,"-20.775 150.475"
"9134298","2019-02-21T12:00:00Z",-20.825,150.375,"0.0",0,"27.78","-0.09",0,2019-02-21,"02","2019",0,27.78,"-20.825 150.375"
"9134299","2019-02-21T12:00:00Z",-20.825,150.425,"0.0",0,"27.740000000000002","-0.11",0,2019-02-21,"02","2019",0,27.74,"-20.825 150.425"
"9134377","2019-02-21T12:00:00Z",-20.875,150.275,"0.0",0,"27.87","-0.04",0,2019-02-21,"02","2019",0,27.87,"-20.875 150.275"
"9138378","2019-02-21T12:00:00Z",-23.325,151.875,"0.0",0,"27.310000000000002","0.32",0,2019-02-21,"02","2019",0,27.31,"-23.325 151.875"
"9138620","2019-02-21T12:00:00Z",-23.475,151.825,"0.0",0,"27.41","0.43",0,2019-02-21,"02","2019",0,27.41,"-23.475 151.825"
"9138621","2019-02-21T12:00:00Z",-23.475,151.875,"0.0",0,"27.38","0.41000000000000003",0,2019-02-21,"02","2019",0,27.38,"-23.475 151.875"
"9138623","2019-02-21T12:00:00Z",-23.475,151.975,"0.0",0,"27.34","0.39",0,2019-02-21,"02","2019",0,27.34,"-23.475 151.975"
"9179089","2019-02-28T12:00:00Z",-20.125,150.275,"0.0",0,"27.47","-0.19",0,2019-02-28,"02","2019",0,27.47,"-20.125 150.275"
"9180145","2019-02-28T12:00:00Z",-20.775,150.425,"0.0",0,"27.41","-0.32",0,2019-02-28,"02","2019",0,27.41,"-20.775 150.425"
"9180146","2019-02-28T12:00:00Z",-20.775,150.475,"0.0",0,"27.43","-0.29",0,2019-02-28,"02","2019",0,27.43,"-20.775 150.475"
"9180225","2019-02-28T12:00:00Z",-20.825,150.375,"0.0",0,"27.400000000000002","-0.35000000000000003",0,2019-02-28,"02","2019",0,27.4,"-20.825 150.375"
"9180226","2019-02-28T12:00:00Z",-20.825,150.425,"0.0",0,"27.41","-0.32",0,2019-02-28,"02","2019",0,27.41,"-20.825 150.425"
"9180304","2019-02-28T12:00:00Z",-20.875,150.275,"0.0",0,"27.39","-0.39",0,2019-02-28,"02","2019",0,27.39,"-20.875 150.275"
"9184305","2019-02-28T12:00:00Z",-23.325,151.875,"0.0",0,"26.96","0.14",0,2019-02-28,"02","2019",0,26.96,"-23.325 151.875"
"9184547","2019-02-28T12:00:00Z",-23.475,151.825,"0.0",0,"26.98","0.19",0,2019-02-28,"02","2019",0,26.98,"-23.475 151.825"
"9184548","2019-02-28T12:00:00Z",-23.475,151.875,"0.0",0,"26.98","0.2",0,2019-02-28,"02","2019",0,26.98,"-23.475 151.875"
"9184550","2019-02-28T12:00:00Z",-23.475,151.975,"0.0",0,"26.86","0.09",0,2019-02-28,"02","2019",0,26.86,"-23.475 151.975"
"9225016","2019-03-07T12:00:00Z",-20.125,150.275,"0.0",0,"27.55","-0.01",0,2019-03-07,"03","2019",0,27.55,"-20.125 150.275"
"9226072","2019-03-07T12:00:00Z",-20.775,150.425,"0.0",0,"27.560000000000002","-0.05",0,2019-03-07,"03","2019",0,27.56,"-20.775 150.425"
"9226073","2019-03-07T12:00:00Z",-20.775,150.475,"0.0",0,"27.55","-0.05",0,2019-03-07,"03","2019",0,27.55,"-20.775 150.475"
"9226152","2019-03-07T12:00:00Z",-20.825,150.375,"0.0",0,"27.57","-0.05",0,2019-03-07,"03","2019",0,27.57,"-20.825 150.375"
"9226153","2019-03-07T12:00:00Z",-20.825,150.425,"0.0",0,"27.57","-0.04",0,2019-03-07,"03","2019",0,27.57,"-20.825 150.425"
"9226231","2019-03-07T12:00:00Z",-20.875,150.275,"0.0",0,"27.55","-0.1",0,2019-03-07,"03","2019",0,27.55,"-20.875 150.275"
"9230232","2019-03-07T12:00:00Z",-23.325,151.875,"0.0",0,"26.57","-0.08",0,2019-03-07,"03","2019",0,26.57,"-23.325 151.875"
"9230474","2019-03-07T12:00:00Z",-23.475,151.825,"0.0",0,"26.43","-0.17",0,2019-03-07,"03","2019",0,26.43,"-23.475 151.825"
"9230475","2019-03-07T12:00:00Z",-23.475,151.875,"0.0",0,"26.490000000000002","-0.1",0,2019-03-07,"03","2019",0,26.49,"-23.475 151.875"
"9230477","2019-03-07T12:00:00Z",-23.475,151.975,"0.0",0,"26.64","0.05",0,2019-03-07,"03","2019",0,26.64,"-23.475 151.975"
"9270943","2019-03-14T12:00:00Z",-20.125,150.275,"0.0",0,"28.01","0.56",0,2019-03-14,"03","2019",0,28.01,"-20.125 150.275"
"9271999","2019-03-14T12:00:00Z",-20.775,150.425,"0.0",0,"27.95","0.46",0,2019-03-14,"03","2019",0,27.95,"-20.775 150.425"
"9272000","2019-03-14T12:00:00Z",-20.775,150.475,"0.0",0,"27.97","0.48",0,2019-03-14,"03","2019",0,27.97,"-20.775 150.475"
"9272079","2019-03-14T12:00:00Z",-20.825,150.375,"0.0",0,"27.97","0.47000000000000003",0,2019-03-14,"03","2019",0,27.97,"-20.825 150.375"
"9272080","2019-03-14T12:00:00Z",-20.825,150.425,"0.0",0,"27.97","0.48",0,2019-03-14,"03","2019",0,27.97,"-20.825 150.425"
"9272158","2019-03-14T12:00:00Z",-20.875,150.275,"0.0",0,"28.02","0.5",0,2019-03-14,"03","2019",0,28.02,"-20.875 150.275"
"9276159","2019-03-14T12:00:00Z",-23.325,151.875,"0.0",0,"27.2","0.72",0,2019-03-14,"03","2019",0,27.2,"-23.325 151.875"
"9276401","2019-03-14T12:00:00Z",-23.475,151.825,"0.0",0,"27.12","0.71",0,2019-03-14,"03","2019",0,27.12,"-23.475 151.825"
"9276402","2019-03-14T12:00:00Z",-23.475,151.875,"0.0",0,"27.14","0.73",0,2019-03-14,"03","2019",0,27.14,"-23.475 151.875"
"9276404","2019-03-14T12:00:00Z",-23.475,151.975,"0.0",0,"27.13","0.72",0,2019-03-14,"03","2019",0,27.13,"-23.475 151.975"
"9316870","2019-03-21T12:00:00Z",-20.125,150.275,"0.0",0,"28.29","1.01",0,2019-03-21,"03","2019",0,28.29,"-20.125 150.275"
"9317926","2019-03-21T12:00:00Z",-20.775,150.425,"0.0",0,"28.45","1.17",0,2019-03-21,"03","2019",0,28.45,"-20.775 150.425"
"9317927","2019-03-21T12:00:00Z",-20.775,150.475,"0.0",0,"28.43","1.1500000000000001",0,2019-03-21,"03","2019",0,28.43,"-20.775 150.475"
"9318006","2019-03-21T12:00:00Z",-20.825,150.375,"0.0",0,"28.51","1.22",0,2019-03-21,"03","2019",0,28.51,"-20.825 150.375"
"9318007","2019-03-21T12:00:00Z",-20.825,150.425,"0.0",0,"28.490000000000002","1.21",0,2019-03-21,"03","2019",0,28.49,"-20.825 150.425"
"9318085","2019-03-21T12:00:00Z",-20.875,150.275,"0.0",0,"28.57","1.27",0,2019-03-21,"03","2019",0,28.57,"-20.875 150.275"
"9322086","2019-03-21T12:00:00Z",-23.325,151.875,"0.0",0,"27.41","1.1500000000000001",0,2019-03-21,"03","2019",0,27.41,"-23.325 151.875"
"9322328","2019-03-21T12:00:00Z",-23.475,151.825,"0.0",0,"27.44","1.27",0,2019-03-21,"03","2019",0,27.44,"-23.475 151.825"
"9322329","2019-03-21T12:00:00Z",-23.475,151.875,"0.0",0,"27.400000000000002","1.22",0,2019-03-21,"03","2019",0,27.4,"-23.475 151.875"
"9322331","2019-03-21T12:00:00Z",-23.475,151.975,"0.0",0,"27.36","1.17",0,2019-03-21,"03","2019",0,27.36,"-23.475 151.975"
"9362797","2019-03-28T12:00:00Z",-20.125,150.275,"0.0",0,"27.82","0.74",0,2019-03-28,"03","2019",0,27.82,"-20.125 150.275"
"9363853","2019-03-28T12:00:00Z",-20.775,150.425,"0.0",0,"28.25","1.19",0,2019-03-28,"03","2019",0,28.25,"-20.775 150.425"
"9363854","2019-03-28T12:00:00Z",-20.775,150.475,"0.0",0,"28.240000000000002","1.18",0,2019-03-28,"03","2019",0,28.24,"-20.775 150.475"
"9363933","2019-03-28T12:00:00Z",-20.825,150.375,"0.0",0,"28.27","1.21",0,2019-03-28,"03","2019",0,28.27,"-20.825 150.375"
"9363934","2019-03-28T12:00:00Z",-20.825,150.425,"0.0",0,"28.29","1.24",0,2019-03-28,"03","2019",0,28.29,"-20.825 150.425"
"9364012","2019-03-28T12:00:00Z",-20.875,150.275,"0.0",0,"28.27","1.19",0,2019-03-28,"03","2019",0,28.27,"-20.875 150.275"
"9368013","2019-03-28T12:00:00Z",-23.325,151.875,"0.0",0,"27.61","1.59",0,2019-03-28,"03","2019",0,27.61,"-23.325 151.875"
"9368255","2019-03-28T12:00:00Z",-23.475,151.825,"0.0",0,"27.59","1.6500000000000001",0,2019-03-28,"03","2019",0,27.59,"-23.475 151.825"
"9368256","2019-03-28T12:00:00Z",-23.475,151.875,"0.0",0,"27.53","1.59",0,2019-03-28,"03","2019",0,27.53,"-23.475 151.875"
"9368258","2019-03-28T12:00:00Z",-23.475,151.975,"0.0",0,"27.46","1.5",0,2019-03-28,"03","2019",0,27.46,"-23.475 151.975"
"9408724","2019-04-04T12:00:00Z",-20.125,150.275,"0.0",0,"27.400000000000002","0.51",0,2019-04-04,"04","2019",0,27.4,"-20.125 150.275"
"9409780","2019-04-04T12:00:00Z",-20.775,150.425,"0.0",0,"27.7","0.86",0,2019-04-04,"04","2019",0,27.7,"-20.775 150.425"
"9409781","2019-04-04T12:00:00Z",-20.775,150.475,"0.0",0,"27.650000000000002","0.81",0,2019-04-04,"04","2019",0,27.65,"-20.775 150.475"
"9409860","2019-04-04T12:00:00Z",-20.825,150.375,"0.0",0,"27.75","0.92",0,2019-04-04,"04","2019",0,27.75,"-20.825 150.375"
"9409861","2019-04-04T12:00:00Z",-20.825,150.425,"0.0",0,"27.71","0.88",0,2019-04-04,"04","2019",0,27.71,"-20.825 150.425"
"9409939","2019-04-04T12:00:00Z",-20.875,150.275,"0.0",0,"27.82","0.97",0,2019-04-04,"04","2019",0,27.82,"-20.875 150.275"
"9413940","2019-04-04T12:00:00Z",-23.325,151.875,"0.0",0,"26.92","1.1300000000000001",0,2019-04-04,"04","2019",0,26.92,"-23.325 151.875"
"9414182","2019-04-04T12:00:00Z",-23.475,151.825,"0.0",0,"26.73","1.03",0,2019-04-04,"04","2019",0,26.73,"-23.475 151.825"
"9414183","2019-04-04T12:00:00Z",-23.475,151.875,"0.0",0,"26.75","1.05",0,2019-04-04,"04","2019",0,26.75,"-23.475 151.875"
"9414185","2019-04-04T12:00:00Z",-23.475,151.975,"0.0",0,"26.810000000000002","1.07",0,2019-04-04,"04","2019",0,26.81,"-23.475 151.975"
"9454651","2019-04-11T12:00:00Z",-20.125,150.275,"0.0",0,"26.94","0.24",0,2019-04-11,"04","2019",0,26.94,"-20.125 150.275"
"9455707","2019-04-11T12:00:00Z",-20.775,150.425,"0.0",0,"27.82","1.2",0,2019-04-11,"04","2019",0,27.82,"-20.775 150.425"
"9455708","2019-04-11T12:00:00Z",-20.775,150.475,"0.0",0,"27.740000000000002","1.11",0,2019-04-11,"04","2019",0,27.74,"-20.775 150.475"
"9455787","2019-04-11T12:00:00Z",-20.825,150.375,"0.0",0,"27.98","1.37",0,2019-04-11,"04","2019",0,27.98,"-20.825 150.375"
"9455788","2019-04-11T12:00:00Z",-20.825,150.425,"0.0",0,"27.92","1.31",0,2019-04-11,"04","2019",0,27.92,"-20.825 150.425"
"9455866","2019-04-11T12:00:00Z",-20.875,150.275,"0.0",0,"27.990000000000002","1.37",0,2019-04-11,"04","2019",0,27.99,"-20.875 150.275"
"9459867","2019-04-11T12:00:00Z",-23.325,151.875,"0.0",0,"26.27","0.72",0,2019-04-11,"04","2019",0,26.27,"-23.325 151.875"
"9460109","2019-04-11T12:00:00Z",-23.475,151.825,"0.0",0,"26.060000000000002","0.6",0,2019-04-11,"04","2019",0,26.06,"-23.475 151.825"
"9460110","2019-04-11T12:00:00Z",-23.475,151.875,"0.0",0,"26.14","0.67",0,2019-04-11,"04","2019",0,26.14,"-23.475 151.875"
"9460112","2019-04-11T12:00:00Z",-23.475,151.975,"0.0",0,"26.37","0.85",0,2019-04-11,"04","2019",0,26.37,"-23.475 151.975"
"9500578","2019-04-18T12:00:00Z",-20.125,150.275,"0.0",0,"26.79","0.33",0,2019-04-18,"04","2019",0,26.79,"-20.125 150.275"
"9501634","2019-04-18T12:00:00Z",-20.775,150.425,"0.0",0,"26.73","0.38",0,2019-04-18,"04","2019",0,26.73,"-20.775 150.425"
"9501635","2019-04-18T12:00:00Z",-20.775,150.475,"0.0",0,"26.73","0.37",0,2019-04-18,"04","2019",0,26.73,"-20.775 150.475"
"9501714","2019-04-18T12:00:00Z",-20.825,150.375,"0.0",0,"26.75","0.42",0,2019-04-18,"04","2019",0,26.75,"-20.825 150.375"
"9501715","2019-04-18T12:00:00Z",-20.825,150.425,"0.0",0,"26.75","0.42",0,2019-04-18,"04","2019",0,26.75,"-20.825 150.425"
"9501793","2019-04-18T12:00:00Z",-20.875,150.275,"0.0",0,"26.76","0.42",0,2019-04-18,"04","2019",0,26.76,"-20.875 150.275"
"9505794","2019-04-18T12:00:00Z",-23.325,151.875,"0.0",0,"25.89","0.6",0,2019-04-18,"04","2019",0,25.89,"-23.325 151.875"
"9506036","2019-04-18T12:00:00Z",-23.475,151.825,"0.0",0,"25.6","0.42",0,2019-04-18,"04","2019",0,25.6,"-23.475 151.825"
"9506037","2019-04-18T12:00:00Z",-23.475,151.875,"0.0",0,"25.69","0.5",0,2019-04-18,"04","2019",0,25.69,"-23.475 151.875"
"9506039","2019-04-18T12:00:00Z",-23.475,151.975,"0.0",0,"25.88","0.62",0,2019-04-18,"04","2019",0,25.88,"-23.475 151.975"
"9546505","2019-04-25T12:00:00Z",-20.125,150.275,"0.0",0,"26.8","0.64",0,2019-04-25,"04","2019",0,26.8,"-20.125 150.275"
"9547561","2019-04-25T12:00:00Z",-20.775,150.425,"0.0",0,"26.650000000000002","0.64",0,2019-04-25,"04","2019",0,26.65,"-20.775 150.425"
"9547562","2019-04-25T12:00:00Z",-20.775,150.475,"0.0",0,"26.67","0.65",0,2019-04-25,"04","2019",0,26.67,"-20.775 150.475"
"9547641","2019-04-25T12:00:00Z",-20.825,150.375,"0.0",0,"26.61","0.61",0,2019-04-25,"04","2019",0,26.61,"-20.825 150.375"
"9547642","2019-04-25T12:00:00Z",-20.825,150.425,"0.0",0,"26.63","0.63",0,2019-04-25,"04","2019",0,26.63,"-20.825 150.425"
"9547720","2019-04-25T12:00:00Z",-20.875,150.275,"0.0",0,"26.6","0.6",0,2019-04-25,"04","2019",0,26.6,"-20.875 150.275"
"9551721","2019-04-25T12:00:00Z",-23.325,151.875,"0.0",0,"25.95","0.97",0,2019-04-25,"04","2019",0,25.95,"-23.325 151.875"
"9551963","2019-04-25T12:00:00Z",-23.475,151.825,"0.0",0,"25.68","0.84",0,2019-04-25,"04","2019",0,25.68,"-23.475 151.825"
"9551964","2019-04-25T12:00:00Z",-23.475,151.875,"0.0",0,"25.75","0.88",0,2019-04-25,"04","2019",0,25.75,"-23.475 151.875"
"9551966","2019-04-25T12:00:00Z",-23.475,151.975,"0.0",0,"25.85","0.9",0,2019-04-25,"04","2019",0,25.85,"-23.475 151.975"
"9592432","2019-05-02T12:00:00Z",-20.125,150.275,"0.0",0,"26.490000000000002","0.64",0,2019-05-02,"05","2019",0,26.49,"-20.125 150.275"
"9593488","2019-05-02T12:00:00Z",-20.775,150.425,"0.0",0,"26.32","0.65",0,2019-05-02,"05","2019",0,26.32,"-20.775 150.425"
"9593489","2019-05-02T12:00:00Z",-20.775,150.475,"0.0",0,"26.34","0.66",0,2019-05-02,"05","2019",0,26.34,"-20.775 150.475"
"9593568","2019-05-02T12:00:00Z",-20.825,150.375,"0.0",0,"26.3","0.64",0,2019-05-02,"05","2019",0,26.3,"-20.825 150.375"
"9593569","2019-05-02T12:00:00Z",-20.825,150.425,"0.0",0,"26.310000000000002","0.65",0,2019-05-02,"05","2019",0,26.31,"-20.825 150.425"
"9593647","2019-05-02T12:00:00Z",-20.875,150.275,"0.0",0,"26.26","0.6",0,2019-05-02,"05","2019",0,26.26,"-20.875 150.275"
"9597648","2019-05-02T12:00:00Z",-23.325,151.875,"0.0",0,"25.490000000000002","0.8200000000000001",0,2019-05-02,"05","2019",0,25.49,"-23.325 151.875"
"9597890","2019-05-02T12:00:00Z",-23.475,151.825,"0.0",0,"25.27","0.77",0,2019-05-02,"05","2019",0,25.27,"-23.475 151.825"
"9597891","2019-05-02T12:00:00Z",-23.475,151.875,"0.0",0,"25.3","0.76",0,2019-05-02,"05","2019",0,25.3,"-23.475 151.875"
"9597893","2019-05-02T12:00:00Z",-23.475,151.975,"0.0",0,"25.34","0.7000000000000001",0,2019-05-02,"05","2019",0,25.34,"-23.475 151.975"
"9638359","2019-05-09T12:00:00Z",-20.125,150.275,"0.0",0,"25.91","0.36",0,2019-05-09,"05","2019",0,25.91,"-20.125 150.275"
"9639415","2019-05-09T12:00:00Z",-20.775,150.425,"0.0",0,"25.71","0.37",0,2019-05-09,"05","2019",0,25.71,"-20.775 150.425"
"9639416","2019-05-09T12:00:00Z",-20.775,150.475,"0.0",0,"25.76","0.41000000000000003",0,2019-05-09,"05","2019",0,25.76,"-20.775 150.475"
"9639495","2019-05-09T12:00:00Z",-20.825,150.375,"0.0",0,"25.67","0.35000000000000003",0,2019-05-09,"05","2019",0,25.67,"-20.825 150.375"
"9639496","2019-05-09T12:00:00Z",-20.825,150.425,"0.0",0,"25.71","0.39",0,2019-05-09,"05","2019",0,25.71,"-20.825 150.425"
"9639574","2019-05-09T12:00:00Z",-20.875,150.275,"0.0",0,"25.64","0.32",0,2019-05-09,"05","2019",0,25.64,"-20.875 150.275"
"9643575","2019-05-09T12:00:00Z",-23.325,151.875,"0.0",0,"24.79","0.43",0,2019-05-09,"05","2019",0,24.79,"-23.325 151.875"
"9643817","2019-05-09T12:00:00Z",-23.475,151.825,"0.0",0,"24.54","0.37",0,2019-05-09,"05","2019",0,24.54,"-23.475 151.825"
"9643818","2019-05-09T12:00:00Z",-23.475,151.875,"0.0",0,"24.580000000000002","0.36",0,2019-05-09,"05","2019",0,24.58,"-23.475 151.875"
"9643820","2019-05-09T12:00:00Z",-23.475,151.975,"0.0",0,"24.7","0.37",0,2019-05-09,"05","2019",0,24.7,"-23.475 151.975"
"9684286","2019-05-16T12:00:00Z",-20.125,150.275,"0.0",0,"25.69","0.45",0,2019-05-16,"05","2019",0,25.69,"-20.125 150.275"
"9685342","2019-05-16T12:00:00Z",-20.775,150.425,"0.0",0,"25.47","0.47000000000000003",0,2019-05-16,"05","2019",0,25.47,"-20.775 150.425"
"9685343","2019-05-16T12:00:00Z",-20.775,150.475,"0.0",0,"25.47","0.46",0,2019-05-16,"05","2019",0,25.47,"-20.775 150.475"
"9685422","2019-05-16T12:00:00Z",-20.825,150.375,"0.0",0,"25.44","0.46",0,2019-05-16,"05","2019",0,25.44,"-20.825 150.375"
"9685423","2019-05-16T12:00:00Z",-20.825,150.425,"0.0",0,"25.45","0.47000000000000003",0,2019-05-16,"05","2019",0,25.45,"-20.825 150.425"
"9685501","2019-05-16T12:00:00Z",-20.875,150.275,"0.0",0,"25.38","0.41000000000000003",0,2019-05-16,"05","2019",0,25.38,"-20.875 150.275"
"9689502","2019-05-16T12:00:00Z",-23.325,151.875,"0.0",0,"24.53","0.48",0,2019-05-16,"05","2019",0,24.53,"-23.325 151.875"
"9689744","2019-05-16T12:00:00Z",-23.475,151.825,"0.0",0,"24.16","0.33",0,2019-05-16,"05","2019",0,24.16,"-23.475 151.825"
"9689745","2019-05-16T12:00:00Z",-23.475,151.875,"0.0",0,"24.25","0.36",0,2019-05-16,"05","2019",0,24.25,"-23.475 151.875"
"9689747","2019-05-16T12:00:00Z",-23.475,151.975,"0.0",0,"24.5","0.49",0,2019-05-16,"05","2019",0,24.5,"-23.475 151.975"
"9730213","2019-05-23T12:00:00Z",-20.125,150.275,"0.0",0,"25.22","0.31",0,2019-05-23,"05","2019",0,25.22,"-20.125 150.275"
"9731269","2019-05-23T12:00:00Z",-20.775,150.425,"0.0",0,"24.89","0.27",0,2019-05-23,"05","2019",0,24.89,"-20.775 150.425"
"9731270","2019-05-23T12:00:00Z",-20.775,150.475,"0.0",0,"24.900000000000002","0.27",0,2019-05-23,"05","2019",0,24.9,"-20.775 150.475"
"9731349","2019-05-23T12:00:00Z",-20.825,150.375,"0.0",0,"24.89","0.3",0,2019-05-23,"05","2019",0,24.89,"-20.825 150.375"
"9731350","2019-05-23T12:00:00Z",-20.825,150.425,"0.0",0,"24.900000000000002","0.3",0,2019-05-23,"05","2019",0,24.9,"-20.825 150.425"
"9731428","2019-05-23T12:00:00Z",-20.875,150.275,"0.0",0,"24.85","0.26",0,2019-05-23,"05","2019",0,24.85,"-20.875 150.275"
"9735429","2019-05-23T12:00:00Z",-23.325,151.875,"0.0",0,"24.12","0.41000000000000003",0,2019-05-23,"05","2019",0,24.12,"-23.325 151.875"
"9735671","2019-05-23T12:00:00Z",-23.475,151.825,"0.0",0,"23.87","0.41000000000000003",0,2019-05-23,"05","2019",0,23.87,"-23.475 151.825"
"9735672","2019-05-23T12:00:00Z",-23.475,151.875,"0.0",0,"23.93","0.41000000000000003",0,2019-05-23,"05","2019",0,23.93,"-23.475 151.875"
"9735674","2019-05-23T12:00:00Z",-23.475,151.975,"0.0",0,"24.09","0.43",0,2019-05-23,"05","2019",0,24.09,"-23.475 151.975"
"9776140","2019-05-30T12:00:00Z",-20.125,150.275,"0.0",0,"25.3","0.72",0,2019-05-30,"05","2019",0,25.3,"-20.125 150.275"
"9777196","2019-05-30T12:00:00Z",-20.775,150.425,"0.0",0,"24.93","0.6900000000000001",0,2019-05-30,"05","2019",0,24.93,"-20.775 150.425"
"9777197","2019-05-30T12:00:00Z",-20.775,150.475,"0.0",0,"24.97","0.71",0,2019-05-30,"05","2019",0,24.97,"-20.775 150.475"
"9777276","2019-05-30T12:00:00Z",-20.825,150.375,"0.0",0,"24.87","0.66",0,2019-05-30,"05","2019",0,24.87,"-20.825 150.375"
"9777277","2019-05-30T12:00:00Z",-20.825,150.425,"0.0",0,"24.89","0.67",0,2019-05-30,"05","2019",0,24.89,"-20.825 150.425"
"9777355","2019-05-30T12:00:00Z",-20.875,150.275,"0.0",0,"24.830000000000002","0.63",0,2019-05-30,"05","2019",0,24.83,"-20.875 150.275"
"9781356","2019-05-30T12:00:00Z",-23.325,151.875,"0.0",0,"23.98","0.62",0,2019-05-30,"05","2019",0,23.98,"-23.325 151.875"
"9781598","2019-05-30T12:00:00Z",-23.475,151.825,"0.0",0,"23.650000000000002","0.56",0,2019-05-30,"05","2019",0,23.65,"-23.475 151.825"
"9781599","2019-05-30T12:00:00Z",-23.475,151.875,"0.0",0,"23.76","0.6",0,2019-05-30,"05","2019",0,23.76,"-23.475 151.875"
"9781601","2019-05-30T12:00:00Z",-23.475,151.975,"0.0",0,"24.03","0.72",0,2019-05-30,"05","2019",0,24.03,"-23.475 151.975"
"9822067","2019-06-06T12:00:00Z",-20.125,150.275,"0.0",0,"24.93","0.68",0,2019-06-06,"06","2019",0,24.93,"-20.125 150.275"
"9823123","2019-06-06T12:00:00Z",-20.775,150.425,"0.0",0,"24.66","0.8",0,2019-06-06,"06","2019",0,24.66,"-20.775 150.425"
"9823124","2019-06-06T12:00:00Z",-20.775,150.475,"0.0",0,"24.67","0.78",0,2019-06-06,"06","2019",0,24.67,"-20.775 150.475"
"9823203","2019-06-06T12:00:00Z",-20.825,150.375,"0.0",0,"24.59","0.76",0,2019-06-06,"06","2019",0,24.59,"-20.825 150.375"
"9823204","2019-06-06T12:00:00Z",-20.825,150.425,"0.0",0,"24.62","0.78",0,2019-06-06,"06","2019",0,24.62,"-20.825 150.425"
"9823282","2019-06-06T12:00:00Z",-20.875,150.275,"0.0",0,"24.48","0.67",0,2019-06-06,"06","2019",0,24.48,"-20.875 150.275"
"9827283","2019-06-06T12:00:00Z",-23.325,151.875,"0.0",0,"23.47","0.45",0,2019-06-06,"06","2019",0,23.47,"-23.325 151.875"
"9827525","2019-06-06T12:00:00Z",-23.475,151.825,"0.0",0,"23.13","0.41000000000000003",0,2019-06-06,"06","2019",0,23.13,"-23.475 151.825"
"9827526","2019-06-06T12:00:00Z",-23.475,151.875,"0.0",0,"23.21","0.41000000000000003",0,2019-06-06,"06","2019",0,23.21,"-23.475 151.875"
"9827528","2019-06-06T12:00:00Z",-23.475,151.975,"0.0",0,"23.34","0.38",0,2019-06-06,"06","2019",0,23.34,"-23.475 151.975"
"9867994","2019-06-13T12:00:00Z",-20.125,150.275,"0.0",0,"24.51","0.59",0,2019-06-13,"06","2019",0,24.51,"-20.125 150.275"
"9869050","2019-06-13T12:00:00Z",-20.775,150.425,"0.0",0,"24.060000000000002","0.5700000000000001",0,2019-06-13,"06","2019",0,24.06,"-20.775 150.425"
"9869051","2019-06-13T12:00:00Z",-20.775,150.475,"0.0",0,"24.09","0.5700000000000001",0,2019-06-13,"06","2019",0,24.09,"-20.775 150.475"
"9869130","2019-06-13T12:00:00Z",-20.825,150.375,"0.0",0,"23.990000000000002","0.54",0,2019-06-13,"06","2019",0,23.99,"-20.825 150.375"
"9869131","2019-06-13T12:00:00Z",-20.825,150.425,"0.0",0,"24.01","0.55",0,2019-06-13,"06","2019",0,24.01,"-20.825 150.425"
"9869209","2019-06-13T12:00:00Z",-20.875,150.275,"0.0",0,"23.91","0.49",0,2019-06-13,"06","2019",0,23.91,"-20.875 150.275"
"9873210","2019-06-13T12:00:00Z",-23.325,151.875,"0.0",0,"23.11","0.43",0,2019-06-13,"06","2019",0,23.11,"-23.325 151.875"
"9873452","2019-06-13T12:00:00Z",-23.475,151.825,"0.0",0,"22.76","0.4",0,2019-06-13,"06","2019",0,22.76,"-23.475 151.825"
"9873453","2019-06-13T12:00:00Z",-23.475,151.875,"0.0",0,"22.87","0.44",0,2019-06-13,"06","2019",0,22.87,"-23.475 151.875"
"9873455","2019-06-13T12:00:00Z",-23.475,151.975,"0.0",0,"23.11","0.5",0,2019-06-13,"06","2019",0,23.11,"-23.475 151.975"
"9913921","2019-06-20T12:00:00Z",-20.125,150.275,"0.0",0,"24.23","0.56",0,2019-06-20,"06","2019",0,24.23,"-20.125 150.275"
"9914977","2019-06-20T12:00:00Z",-20.775,150.425,"0.0",0,"23.71","0.5",0,2019-06-20,"06","2019",0,23.71,"-20.775 150.425"
"9914978","2019-06-20T12:00:00Z",-20.775,150.475,"0.0",0,"23.78","0.54",0,2019-06-20,"06","2019",0,23.78,"-20.775 150.475"
"9915057","2019-06-20T12:00:00Z",-20.825,150.375,"0.0",0,"23.62","0.45",0,2019-06-20,"06","2019",0,23.62,"-20.825 150.375"
"9915058","2019-06-20T12:00:00Z",-20.825,150.425,"0.0",0,"23.650000000000002","0.47000000000000003",0,2019-06-20,"06","2019",0,23.65,"-20.825 150.425"
"9915136","2019-06-20T12:00:00Z",-20.875,150.275,"0.0",0,"23.580000000000002","0.45",0,2019-06-20,"06","2019",0,23.58,"-20.875 150.275"
"9919137","2019-06-20T12:00:00Z",-23.325,151.875,"0.0",0,"22.77","0.37",0,2019-06-20,"06","2019",0,22.77,"-23.325 151.875"
"9919379","2019-06-20T12:00:00Z",-23.475,151.825,"0.0",0,"22.5","0.44",0,2019-06-20,"06","2019",0,22.5,"-23.475 151.825"
"9919380","2019-06-20T12:00:00Z",-23.475,151.875,"0.0",0,"22.580000000000002","0.44",0,2019-06-20,"06","2019",0,22.58,"-23.475 151.875"
"9919382","2019-06-20T12:00:00Z",-23.475,151.975,"0.0",0,"22.78","0.46",0,2019-06-20,"06","2019",0,22.78,"-23.475 151.975"
"9959848","2019-06-27T12:00:00Z",-20.125,150.275,"0.0",0,"23.7","0.24",0,2019-06-27,"06","2019",0,23.7,"-20.125 150.275"
"9960904","2019-06-27T12:00:00Z",-20.775,150.425,"0.0",0,"23.47","0.49",0,2019-06-27,"06","2019",0,23.47,"-20.775 150.425"
"9960905","2019-06-27T12:00:00Z",-20.775,150.475,"0.0",0,"23.5","0.49",0,2019-06-27,"06","2019",0,23.5,"-20.775 150.475"
"9960984","2019-06-27T12:00:00Z",-20.825,150.375,"0.0",0,"23.36","0.43",0,2019-06-27,"06","2019",0,23.36,"-20.825 150.375"
"9960985","2019-06-27T12:00:00Z",-20.825,150.425,"0.0",0,"23.41","0.46",0,2019-06-27,"06","2019",0,23.41,"-20.825 150.425"
"9961063","2019-06-27T12:00:00Z",-20.875,150.275,"0.0",0,"23.16","0.28",0,2019-06-27,"06","2019",0,23.16,"-20.875 150.275"
"9965064","2019-06-27T12:00:00Z",-23.325,151.875,"0.0",0,"22.43","0.28",0,2019-06-27,"06","2019",0,22.43,"-23.325 151.875"
"9965306","2019-06-27T12:00:00Z",-23.475,151.825,"0.0",0,"22.06","0.26",0,2019-06-27,"06","2019",0,22.06,"-23.475 151.825"
"9965307","2019-06-27T12:00:00Z",-23.475,151.875,"0.0",0,"22.16","0.28",0,2019-06-27,"06","2019",0,22.16,"-23.475 151.875"
"9965309","2019-06-27T12:00:00Z",-23.475,151.975,"0.0",0,"22.44","0.38",0,2019-06-27,"06","2019",0,22.44,"-23.475 151.975"
"10005775","2019-07-04T12:00:00Z",-20.125,150.275,"0.0",0,"23.63","0.39",0,2019-07-04,"07","2019",0,23.63,"-20.125 150.275"
"10006831","2019-07-04T12:00:00Z",-20.775,150.425,"0.0",0,"23.17","0.42",0,2019-07-04,"07","2019",0,23.17,"-20.775 150.425"
"10006832","2019-07-04T12:00:00Z",-20.775,150.475,"0.0",0,"23.2","0.42",0,2019-07-04,"07","2019",0,23.2,"-20.775 150.475"
"10006911","2019-07-04T12:00:00Z",-20.825,150.375,"0.0",0,"23.07","0.38",0,2019-07-04,"07","2019",0,23.07,"-20.825 150.375"
"10006912","2019-07-04T12:00:00Z",-20.825,150.425,"0.0",0,"23.09","0.38",0,2019-07-04,"07","2019",0,23.09,"-20.825 150.425"
"10006990","2019-07-04T12:00:00Z",-20.875,150.275,"0.0",0,"22.96","0.33",0,2019-07-04,"07","2019",0,22.96,"-20.875 150.275"
"10010991","2019-07-04T12:00:00Z",-23.325,151.875,"0.0",0,"22.61","0.71",0,2019-07-04,"07","2019",0,22.61,"-23.325 151.875"
"10011233","2019-07-04T12:00:00Z",-23.475,151.825,"0.0",0,"22.14","0.61",0,2019-07-04,"07","2019",0,22.14,"-23.475 151.825"
"10011234","2019-07-04T12:00:00Z",-23.475,151.875,"0.0",0,"22.25","0.64",0,2019-07-04,"07","2019",0,22.25,"-23.475 151.875"
"10011236","2019-07-04T12:00:00Z",-23.475,151.975,"0.0",0,"22.52","0.73",0,2019-07-04,"07","2019",0,22.52,"-23.475 151.975"
"10051702","2019-07-11T12:00:00Z",-20.125,150.275,"0.0",0,"23.82","0.8",0,2019-07-11,"07","2019",0,23.82,"-20.125 150.275"
"10052758","2019-07-11T12:00:00Z",-20.775,150.425,"0.0",0,"23.080000000000002","0.5700000000000001",0,2019-07-11,"07","2019",0,23.08,"-20.775 150.425"
"10052759","2019-07-11T12:00:00Z",-20.775,150.475,"0.0",0,"23.13","0.58",0,2019-07-11,"07","2019",0,23.13,"-20.775 150.475"
"10052838","2019-07-11T12:00:00Z",-20.825,150.375,"0.0",0,"22.990000000000002","0.54",0,2019-07-11,"07","2019",0,22.99,"-20.825 150.375"
"10052839","2019-07-11T12:00:00Z",-20.825,150.425,"0.0",0,"23.0","0.53",0,2019-07-11,"07","2019",0,23,"-20.825 150.425"
"10052917","2019-07-11T12:00:00Z",-20.875,150.275,"0.0",0,"22.97","0.59",0,2019-07-11,"07","2019",0,22.97,"-20.875 150.275"
"10056918","2019-07-11T12:00:00Z",-23.325,151.875,"0.0",0,"22.490000000000002","0.84",0,2019-07-11,"07","2019",0,22.49,"-23.325 151.875"
"10057160","2019-07-11T12:00:00Z",-23.475,151.825,"0.0",0,"22.14","0.87",0,2019-07-11,"07","2019",0,22.14,"-23.475 151.825"
"10057161","2019-07-11T12:00:00Z",-23.475,151.875,"0.0",0,"22.2","0.85",0,2019-07-11,"07","2019",0,22.2,"-23.475 151.875"
"10057163","2019-07-11T12:00:00Z",-23.475,151.975,"0.0",0,"22.41","0.88",0,2019-07-11,"07","2019",0,22.41,"-23.475 151.975"
"10097629","2019-07-18T12:00:00Z",-20.125,150.275,"0.0",0,"23.41","0.53",0,2019-07-18,"07","2019",0,23.41,"-20.125 150.275"
"10098685","2019-07-18T12:00:00Z",-20.775,150.425,"0.0",0,"22.63","0.28",0,2019-07-18,"07","2019",0,22.63,"-20.775 150.425"
"10098686","2019-07-18T12:00:00Z",-20.775,150.475,"0.0",0,"22.71","0.32",0,2019-07-18,"07","2019",0,22.71,"-20.775 150.475"
"10098765","2019-07-18T12:00:00Z",-20.825,150.375,"0.0",0,"22.5","0.22",0,2019-07-18,"07","2019",0,22.5,"-20.825 150.375"
"10098766","2019-07-18T12:00:00Z",-20.825,150.425,"0.0",0,"22.57","0.26",0,2019-07-18,"07","2019",0,22.57,"-20.825 150.425"
"10098844","2019-07-18T12:00:00Z",-20.875,150.275,"0.0",0,"22.39","0.18",0,2019-07-18,"07","2019",0,22.39,"-20.875 150.275"
"10102845","2019-07-18T12:00:00Z",-23.325,151.875,"0.0",0,"22.02","0.55",0,2019-07-18,"07","2019",0,22.02,"-23.325 151.875"
"10103087","2019-07-18T12:00:00Z",-23.475,151.825,"0.0",0,"21.490000000000002","0.4",0,2019-07-18,"07","2019",0,21.49,"-23.475 151.825"
"10103088","2019-07-18T12:00:00Z",-23.475,151.875,"0.0",0,"21.63","0.46",0,2019-07-18,"07","2019",0,21.63,"-23.475 151.875"
"10103090","2019-07-18T12:00:00Z",-23.475,151.975,"0.0",0,"21.92","0.58",0,2019-07-18,"07","2019",0,21.92,"-23.475 151.975"
"10143556","2019-07-25T12:00:00Z",-20.125,150.275,"0.0",0,"23.0","0.18",0,2019-07-25,"07","2019",0,23,"-20.125 150.275"
"10144612","2019-07-25T12:00:00Z",-20.775,150.425,"0.0",0,"22.56","0.29",0,2019-07-25,"07","2019",0,22.56,"-20.775 150.425"
"10144613","2019-07-25T12:00:00Z",-20.775,150.475,"0.0",0,"22.62","0.31",0,2019-07-25,"07","2019",0,22.62,"-20.775 150.475"
"10144692","2019-07-25T12:00:00Z",-20.825,150.375,"0.0",0,"22.48","0.28",0,2019-07-25,"07","2019",0,22.48,"-20.825 150.375"
"10144693","2019-07-25T12:00:00Z",-20.825,150.425,"0.0",0,"22.5","0.27",0,2019-07-25,"07","2019",0,22.5,"-20.825 150.425"
"10144771","2019-07-25T12:00:00Z",-20.875,150.275,"0.0",0,"22.41","0.27",0,2019-07-25,"07","2019",0,22.41,"-20.875 150.275"
"10148772","2019-07-25T12:00:00Z",-23.325,151.875,"0.0",0,"22.04","0.66",0,2019-07-25,"07","2019",0,22.04,"-23.325 151.875"
"10149014","2019-07-25T12:00:00Z",-23.475,151.825,"0.0",0,"21.78","0.77",0,2019-07-25,"07","2019",0,21.78,"-23.475 151.825"
"10149015","2019-07-25T12:00:00Z",-23.475,151.875,"0.0",0,"21.89","0.81",0,2019-07-25,"07","2019",0,21.89,"-23.475 151.875"
"10149017","2019-07-25T12:00:00Z",-23.475,151.975,"0.0",0,"22.04","0.78",0,2019-07-25,"07","2019",0,22.04,"-23.475 151.975"
"10189483","2019-08-01T12:00:00Z",-20.125,150.275,"0.0",0,"23.21","0.45",0,2019-08-01,"08","2019",0,23.21,"-20.125 150.275"
"10190539","2019-08-01T12:00:00Z",-20.775,150.425,"0.0",0,"22.5","0.31",0,2019-08-01,"08","2019",0,22.5,"-20.775 150.425"
"10190540","2019-08-01T12:00:00Z",-20.775,150.475,"0.0",0,"22.54","0.31",0,2019-08-01,"08","2019",0,22.54,"-20.775 150.475"
"10190619","2019-08-01T12:00:00Z",-20.825,150.375,"0.0",0,"22.41","0.29",0,2019-08-01,"08","2019",0,22.41,"-20.825 150.375"
"10190620","2019-08-01T12:00:00Z",-20.825,150.425,"0.0",0,"22.44","0.29",0,2019-08-01,"08","2019",0,22.44,"-20.825 150.425"
"10190698","2019-08-01T12:00:00Z",-20.875,150.275,"0.0",0,"22.31","0.25",0,2019-08-01,"08","2019",0,22.31,"-20.875 150.275"
"10194699","2019-08-01T12:00:00Z",-23.325,151.875,"0.0",0,"21.86","0.5700000000000001",0,2019-08-01,"08","2019",0,21.86,"-23.325 151.875"
"10194941","2019-08-01T12:00:00Z",-23.475,151.825,"0.0",0,"21.56","0.63",0,2019-08-01,"08","2019",0,21.56,"-23.475 151.825"
"10194942","2019-08-01T12:00:00Z",-23.475,151.875,"0.0",0,"21.63","0.63",0,2019-08-01,"08","2019",0,21.63,"-23.475 151.875"
"10194944","2019-08-01T12:00:00Z",-23.475,151.975,"0.0",0,"21.830000000000002","0.65",0,2019-08-01,"08","2019",0,21.83,"-23.475 151.975"
"10235410","2019-08-08T12:00:00Z",-20.125,150.275,"0.0",0,"23.18","0.47000000000000003",0,2019-08-08,"08","2019",0,23.18,"-20.125 150.275"
"10236466","2019-08-08T12:00:00Z",-20.775,150.425,"0.0",0,"22.59","0.48",0,2019-08-08,"08","2019",0,22.59,"-20.775 150.425"
"10236467","2019-08-08T12:00:00Z",-20.775,150.475,"0.0",0,"22.64","0.49",0,2019-08-08,"08","2019",0,22.64,"-20.775 150.475"
"10236546","2019-08-08T12:00:00Z",-20.825,150.375,"0.0",0,"22.51","0.46",0,2019-08-08,"08","2019",0,22.51,"-20.825 150.375"
"10236547","2019-08-08T12:00:00Z",-20.825,150.425,"0.0",0,"22.54","0.47000000000000003",0,2019-08-08,"08","2019",0,22.54,"-20.825 150.425"
"10236625","2019-08-08T12:00:00Z",-20.875,150.275,"0.0",0,"22.43","0.44",0,2019-08-08,"08","2019",0,22.43,"-20.875 150.275"
"10240626","2019-08-08T12:00:00Z",-23.325,151.875,"0.0",0,"21.82","0.62",0,2019-08-08,"08","2019",0,21.82,"-23.325 151.875"
"10240868","2019-08-08T12:00:00Z",-23.475,151.825,"0.0",0,"21.59","0.73",0,2019-08-08,"08","2019",0,21.59,"-23.475 151.825"
"10240869","2019-08-08T12:00:00Z",-23.475,151.875,"0.0",0,"21.650000000000002","0.73",0,2019-08-08,"08","2019",0,21.65,"-23.475 151.875"
"10240871","2019-08-08T12:00:00Z",-23.475,151.975,"0.0",0,"21.8","0.71",0,2019-08-08,"08","2019",0,21.8,"-23.475 151.975"
"10281337","2019-08-15T12:00:00Z",-20.125,150.275,"0.0",0,"22.95","0.3",0,2019-08-15,"08","2019",0,22.95,"-20.125 150.275"
"10282393","2019-08-15T12:00:00Z",-20.775,150.425,"0.0",0,"22.44","0.41000000000000003",0,2019-08-15,"08","2019",0,22.44,"-20.775 150.425"
"10282394","2019-08-15T12:00:00Z",-20.775,150.475,"0.0",0,"22.51","0.44",0,2019-08-15,"08","2019",0,22.51,"-20.775 150.475"
"10282473","2019-08-15T12:00:00Z",-20.825,150.375,"0.0",0,"22.31","0.34",0,2019-08-15,"08","2019",0,22.31,"-20.825 150.375"
"10282474","2019-08-15T12:00:00Z",-20.825,150.425,"0.0",0,"22.37","0.38",0,2019-08-15,"08","2019",0,22.37,"-20.825 150.425"
"10282552","2019-08-15T12:00:00Z",-20.875,150.275,"0.0",0,"22.21","0.29",0,2019-08-15,"08","2019",0,22.21,"-20.875 150.275"
"10286553","2019-08-15T12:00:00Z",-23.325,151.875,"0.0",0,"21.61","0.5",0,2019-08-15,"08","2019",0,21.61,"-23.325 151.875"
"10286795","2019-08-15T12:00:00Z",-23.475,151.825,"0.0",0,"21.5","0.72",0,2019-08-15,"08","2019",0,21.5,"-23.475 151.825"
"10286796","2019-08-15T12:00:00Z",-23.475,151.875,"0.0",0,"21.59","0.75",0,2019-08-15,"08","2019",0,21.59,"-23.475 151.875"
"10286798","2019-08-15T12:00:00Z",-23.475,151.975,"0.0",0,"21.77","0.76",0,2019-08-15,"08","2019",0,21.77,"-23.475 151.975"
"10327264","2019-08-22T12:00:00Z",-20.125,150.275,"0.0",0,"22.63","-0.15",0,2019-08-22,"08","2019",0,22.63,"-20.125 150.275"
"10328320","2019-08-22T12:00:00Z",-20.775,150.425,"0.0",0,"22.1","-0.09",0,2019-08-22,"08","2019",0,22.1,"-20.775 150.425"
"10328321","2019-08-22T12:00:00Z",-20.775,150.475,"0.0",0,"22.150000000000002","-0.07",0,2019-08-22,"08","2019",0,22.15,"-20.775 150.475"
"10328400","2019-08-22T12:00:00Z",-20.825,150.375,"0.0",0,"22.01","-0.13",0,2019-08-22,"08","2019",0,22.01,"-20.825 150.375"
"10328401","2019-08-22T12:00:00Z",-20.825,150.425,"0.0",0,"22.04","-0.11",0,2019-08-22,"08","2019",0,22.04,"-20.825 150.425"
"10328479","2019-08-22T12:00:00Z",-20.875,150.275,"0.0",0,"21.98","-0.12",0,2019-08-22,"08","2019",0,21.98,"-20.875 150.275"
"10332480","2019-08-22T12:00:00Z",-23.325,151.875,"0.0",0,"21.62","0.42",0,2019-08-22,"08","2019",0,21.62,"-23.325 151.875"
"10332722","2019-08-22T12:00:00Z",-23.475,151.825,"0.0",0,"21.41","0.5",0,2019-08-22,"08","2019",0,21.41,"-23.475 151.825"
"10332723","2019-08-22T12:00:00Z",-23.475,151.875,"0.0",0,"21.490000000000002","0.53",0,2019-08-22,"08","2019",0,21.49,"-23.475 151.875"
"10332725","2019-08-22T12:00:00Z",-23.475,151.975,"0.0",0,"21.57","0.47000000000000003",0,2019-08-22,"08","2019",0,21.57,"-23.475 151.975"
"10373191","2019-08-29T12:00:00Z",-20.125,150.275,"0.0",0,"22.76","-0.14",0,2019-08-29,"08","2019",0,22.76,"-20.125 150.275"
"10374247","2019-08-29T12:00:00Z",-20.775,150.425,"0.0",0,"22.26","-0.09",0,2019-08-29,"08","2019",0,22.26,"-20.775 150.425"
"10374248","2019-08-29T12:00:00Z",-20.775,150.475,"0.0",0,"22.31","-0.06",0,2019-08-29,"08","2019",0,22.31,"-20.775 150.475"
"10374327","2019-08-29T12:00:00Z",-20.825,150.375,"0.0",0,"22.17","-0.13",0,2019-08-29,"08","2019",0,22.17,"-20.825 150.375"
"10374328","2019-08-29T12:00:00Z",-20.825,150.425,"0.0",0,"22.21","-0.1",0,2019-08-29,"08","2019",0,22.21,"-20.825 150.425"
"10374406","2019-08-29T12:00:00Z",-20.875,150.275,"0.0",0,"22.1","-0.18",0,2019-08-29,"08","2019",0,22.1,"-20.875 150.275"
"10378407","2019-08-29T12:00:00Z",-23.325,151.875,"0.0",0,"21.740000000000002","0.44",0,2019-08-29,"08","2019",0,21.74,"-23.325 151.875"
"10378649","2019-08-29T12:00:00Z",-23.475,151.825,"0.0",0,"21.61","0.5700000000000001",0,2019-08-29,"08","2019",0,21.61,"-23.475 151.825"
"10378650","2019-08-29T12:00:00Z",-23.475,151.875,"0.0",0,"21.71","0.63",0,2019-08-29,"08","2019",0,21.71,"-23.475 151.875"
"10378652","2019-08-29T12:00:00Z",-23.475,151.975,"0.0",0,"21.900000000000002","0.7000000000000001",0,2019-08-29,"08","2019",0,21.9,"-23.475 151.975"
"10419118","2019-09-05T12:00:00Z",-20.125,150.275,"0.0",0,"23.01","-0.02",0,2019-09-05,"09","2019",0,23.01,"-20.125 150.275"
"10420174","2019-09-05T12:00:00Z",-20.775,150.425,"0.0",0,"22.57","0.07",0,2019-09-05,"09","2019",0,22.57,"-20.775 150.425"
"10420175","2019-09-05T12:00:00Z",-20.775,150.475,"0.0",0,"22.59","0.07",0,2019-09-05,"09","2019",0,22.59,"-20.775 150.475"
"10420254","2019-09-05T12:00:00Z",-20.825,150.375,"0.0",0,"22.52","0.05",0,2019-09-05,"09","2019",0,22.52,"-20.825 150.375"
"10420255","2019-09-05T12:00:00Z",-20.825,150.425,"0.0",0,"22.53","0.06",0,2019-09-05,"09","2019",0,22.53,"-20.825 150.425"
"10420333","2019-09-05T12:00:00Z",-20.875,150.275,"0.0",0,"22.51","0.05",0,2019-09-05,"09","2019",0,22.51,"-20.875 150.275"
"10424334","2019-09-05T12:00:00Z",-23.325,151.875,"0.0",0,"22.13","0.74",0,2019-09-05,"09","2019",0,22.13,"-23.325 151.875"
"10424576","2019-09-05T12:00:00Z",-23.475,151.825,"0.0",0,"22.0","0.8300000000000001",0,2019-09-05,"09","2019",0,22,"-23.475 151.825"
"10424577","2019-09-05T12:00:00Z",-23.475,151.875,"0.0",0,"22.06","0.86",0,2019-09-05,"09","2019",0,22.06,"-23.475 151.875"
"10424579","2019-09-05T12:00:00Z",-23.475,151.975,"0.0",0,"22.09","0.8",0,2019-09-05,"09","2019",0,22.09,"-23.475 151.975"
"10465045","2019-09-12T12:00:00Z",-20.125,150.275,"0.0",0,"22.86","-0.3",0,2019-09-12,"09","2019",0,22.86,"-20.125 150.275"
"10466101","2019-09-12T12:00:00Z",-20.775,150.425,"0.0",0,"22.51","-0.15",0,2019-09-12,"09","2019",0,22.51,"-20.775 150.425"
"10466102","2019-09-12T12:00:00Z",-20.775,150.475,"0.0",0,"22.57","-0.11",0,2019-09-12,"09","2019",0,22.57,"-20.775 150.475"
"10466181","2019-09-12T12:00:00Z",-20.825,150.375,"0.0",0,"22.44","-0.2",0,2019-09-12,"09","2019",0,22.44,"-20.825 150.375"
"10466182","2019-09-12T12:00:00Z",-20.825,150.425,"0.0",0,"22.5","-0.13",0,2019-09-12,"09","2019",0,22.5,"-20.825 150.425"
"10466260","2019-09-12T12:00:00Z",-20.875,150.275,"0.0",0,"22.31","-0.33",0,2019-09-12,"09","2019",0,22.31,"-20.875 150.275"
"10470261","2019-09-12T12:00:00Z",-23.325,151.875,"0.0",0,"21.61","0.12",0,2019-09-12,"09","2019",0,21.61,"-23.325 151.875"
"10470503","2019-09-12T12:00:00Z",-23.475,151.825,"0.0",0,"21.400000000000002","0.11",0,2019-09-12,"09","2019",0,21.4,"-23.475 151.825"
"10470504","2019-09-12T12:00:00Z",-23.475,151.875,"0.0",0,"21.46","0.14",0,2019-09-12,"09","2019",0,21.46,"-23.475 151.875"
"10470506","2019-09-12T12:00:00Z",-23.475,151.975,"0.0",0,"21.6","0.21",0,2019-09-12,"09","2019",0,21.6,"-23.475 151.975"
"10510972","2019-09-19T12:00:00Z",-20.125,150.275,"0.0",0,"23.14","-0.24",0,2019-09-19,"09","2019",0,23.14,"-20.125 150.275"
"10512028","2019-09-19T12:00:00Z",-20.775,150.425,"0.0",0,"22.61","-0.33",0,2019-09-19,"09","2019",0,22.61,"-20.775 150.425"
"10512029","2019-09-19T12:00:00Z",-20.775,150.475,"0.0",0,"22.650000000000002","-0.3",0,2019-09-19,"09","2019",0,22.65,"-20.775 150.475"
"10512108","2019-09-19T12:00:00Z",-20.825,150.375,"0.0",0,"22.55","-0.37",0,2019-09-19,"09","2019",0,22.55,"-20.825 150.375"
"10512109","2019-09-19T12:00:00Z",-20.825,150.425,"0.0",0,"22.56","-0.35000000000000003",0,2019-09-19,"09","2019",0,22.56,"-20.825 150.425"
"10512187","2019-09-19T12:00:00Z",-20.875,150.275,"0.0",0,"22.54","-0.39",0,2019-09-19,"09","2019",0,22.54,"-20.875 150.275"
"10516188","2019-09-19T12:00:00Z",-23.325,151.875,"0.0",0,"21.88","0.18",0,2019-09-19,"09","2019",0,21.88,"-23.325 151.875"
"10516430","2019-09-19T12:00:00Z",-23.475,151.825,"0.0",0,"21.81","0.27",0,2019-09-19,"09","2019",0,21.81,"-23.475 151.825"
"10516431","2019-09-19T12:00:00Z",-23.475,151.875,"0.0",0,"21.85","0.29",0,2019-09-19,"09","2019",0,21.85,"-23.475 151.875"
"10516433","2019-09-19T12:00:00Z",-23.475,151.975,"0.0",0,"21.92","0.31",0,2019-09-19,"09","2019",0,21.92,"-23.475 151.975"
"10556899","2019-09-26T12:00:00Z",-20.125,150.275,"0.0",0,"23.490000000000002","-0.18",0,2019-09-26,"09","2019",0,23.49,"-20.125 150.275"
"10557955","2019-09-26T12:00:00Z",-20.775,150.425,"0.0",0,"22.98","-0.32",0,2019-09-26,"09","2019",0,22.98,"-20.775 150.425"
"10557956","2019-09-26T12:00:00Z",-20.775,150.475,"0.0",0,"23.02","-0.29",0,2019-09-26,"09","2019",0,23.02,"-20.775 150.475"
"10558035","2019-09-26T12:00:00Z",-20.825,150.375,"0.0",0,"22.900000000000002","-0.39",0,2019-09-26,"09","2019",0,22.9,"-20.825 150.375"
"10558036","2019-09-26T12:00:00Z",-20.825,150.425,"0.0",0,"22.92","-0.36",0,2019-09-26,"09","2019",0,22.92,"-20.825 150.425"
"10558114","2019-09-26T12:00:00Z",-20.875,150.275,"0.0",0,"22.88","-0.43",0,2019-09-26,"09","2019",0,22.88,"-20.875 150.275"
"10562115","2019-09-26T12:00:00Z",-23.325,151.875,"0.0",0,"22.16","0.16",0,2019-09-26,"09","2019",0,22.16,"-23.325 151.875"
"10562357","2019-09-26T12:00:00Z",-23.475,151.825,"0.0",0,"22.19","0.3",0,2019-09-26,"09","2019",0,22.19,"-23.475 151.825"
"10562358","2019-09-26T12:00:00Z",-23.475,151.875,"0.0",0,"22.18","0.28",0,2019-09-26,"09","2019",0,22.18,"-23.475 151.875"
"10562360","2019-09-26T12:00:00Z",-23.475,151.975,"0.0",0,"22.13","0.19",0,2019-09-26,"09","2019",0,22.13,"-23.475 151.975"
"10602826","2019-10-03T12:00:00Z",-20.125,150.275,"0.0",0,"23.67","-0.3",0,2019-10-03,"10","2019",0,23.67,"-20.125 150.275"
"10603882","2019-10-03T12:00:00Z",-20.775,150.425,"0.0",0,"23.43","-0.24",0,2019-10-03,"10","2019",0,23.43,"-20.775 150.425"
"10603883","2019-10-03T12:00:00Z",-20.775,150.475,"0.0",0,"23.47","-0.2",0,2019-10-03,"10","2019",0,23.47,"-20.775 150.475"
"10603962","2019-10-03T12:00:00Z",-20.825,150.375,"0.0",0,"23.39","-0.27",0,2019-10-03,"10","2019",0,23.39,"-20.825 150.375"
"10603963","2019-10-03T12:00:00Z",-20.825,150.425,"0.0",0,"23.42","-0.23",0,2019-10-03,"10","2019",0,23.42,"-20.825 150.425"
"10604041","2019-10-03T12:00:00Z",-20.875,150.275,"0.0",0,"23.34","-0.35000000000000003",0,2019-10-03,"10","2019",0,23.34,"-20.875 150.275"
"10608042","2019-10-03T12:00:00Z",-23.325,151.875,"0.0",0,"22.23","-0.07",0,2019-10-03,"10","2019",0,22.23,"-23.325 151.875"
"10608284","2019-10-03T12:00:00Z",-23.475,151.825,"0.0",0,"22.26","0.03",0,2019-10-03,"10","2019",0,22.26,"-23.475 151.825"
"10608285","2019-10-03T12:00:00Z",-23.475,151.875,"0.0",0,"22.22","-0.01",0,2019-10-03,"10","2019",0,22.22,"-23.475 151.875"
"10608287","2019-10-03T12:00:00Z",-23.475,151.975,"0.0",0,"22.240000000000002","-0.02",0,2019-10-03,"10","2019",0,22.24,"-23.475 151.975"
"10648753","2019-10-10T12:00:00Z",-20.125,150.275,"0.0",0,"23.98","-0.28",0,2019-10-10,"10","2019",0,23.98,"-20.125 150.275"
"10649809","2019-10-10T12:00:00Z",-20.775,150.425,"0.0",0,"23.76","-0.27",0,2019-10-10,"10","2019",0,23.76,"-20.775 150.425"
"10649810","2019-10-10T12:00:00Z",-20.775,150.475,"0.0",0,"23.78","-0.25",0,2019-10-10,"10","2019",0,23.78,"-20.775 150.475"
"10649889","2019-10-10T12:00:00Z",-20.825,150.375,"0.0",0,"23.740000000000002","-0.29",0,2019-10-10,"10","2019",0,23.74,"-20.825 150.375"
"10649890","2019-10-10T12:00:00Z",-20.825,150.425,"0.0",0,"23.75","-0.27",0,2019-10-10,"10","2019",0,23.75,"-20.825 150.425"
"10649968","2019-10-10T12:00:00Z",-20.875,150.275,"0.0",0,"23.84","-0.22",0,2019-10-10,"10","2019",0,23.84,"-20.875 150.275"
"10653969","2019-10-10T12:00:00Z",-23.325,151.875,"0.0",0,"22.29","-0.31",0,2019-10-10,"10","2019",0,22.29,"-23.325 151.875"
"10654211","2019-10-10T12:00:00Z",-23.475,151.825,"0.0",0,"22.34","-0.23",0,2019-10-10,"10","2019",0,22.34,"-23.475 151.825"
"10654212","2019-10-10T12:00:00Z",-23.475,151.875,"0.0",0,"22.330000000000002","-0.24",0,2019-10-10,"10","2019",0,22.33,"-23.475 151.875"
"10654214","2019-10-10T12:00:00Z",-23.475,151.975,"0.0",0,"22.31","-0.27",0,2019-10-10,"10","2019",0,22.31,"-23.475 151.975"
"10694680","2019-10-17T12:00:00Z",-20.125,150.275,"0.0",0,"24.14","-0.42",0,2019-10-17,"10","2019",0,24.14,"-20.125 150.275"
"10695736","2019-10-17T12:00:00Z",-20.775,150.425,"0.0",0,"24.060000000000002","-0.33",0,2019-10-17,"10","2019",0,24.06,"-20.775 150.425"
"10695737","2019-10-17T12:00:00Z",-20.775,150.475,"0.0",0,"24.05","-0.34",0,2019-10-17,"10","2019",0,24.05,"-20.775 150.475"
"10695816","2019-10-17T12:00:00Z",-20.825,150.375,"0.0",0,"24.080000000000002","-0.32",0,2019-10-17,"10","2019",0,24.08,"-20.825 150.375"
"10695817","2019-10-17T12:00:00Z",-20.825,150.425,"0.0",0,"24.060000000000002","-0.33",0,2019-10-17,"10","2019",0,24.06,"-20.825 150.425"
"10695895","2019-10-17T12:00:00Z",-20.875,150.275,"0.0",0,"24.150000000000002","-0.28",0,2019-10-17,"10","2019",0,24.15,"-20.875 150.275"
"10699896","2019-10-17T12:00:00Z",-23.325,151.875,"0.0",0,"22.740000000000002","-0.18",0,2019-10-17,"10","2019",0,22.74,"-23.325 151.875"
"10700138","2019-10-17T12:00:00Z",-23.475,151.825,"0.0",0,"22.8","-0.11",0,2019-10-17,"10","2019",0,22.8,"-23.475 151.825"
"10700139","2019-10-17T12:00:00Z",-23.475,151.875,"0.0",0,"22.82","-0.09",0,2019-10-17,"10","2019",0,22.82,"-23.475 151.875"
"10700141","2019-10-17T12:00:00Z",-23.475,151.975,"0.0",0,"22.830000000000002","-0.08",0,2019-10-17,"10","2019",0,22.83,"-23.475 151.975"
"10740607","2019-10-24T12:00:00Z",-20.125,150.275,"0.0",0,"24.55","-0.34",0,2019-10-24,"10","2019",0,24.55,"-20.125 150.275"
"10741663","2019-10-24T12:00:00Z",-20.775,150.425,"0.0",0,"24.490000000000002","-0.26",0,2019-10-24,"10","2019",0,24.49,"-20.775 150.425"
"10741664","2019-10-24T12:00:00Z",-20.775,150.475,"0.0",0,"24.48","-0.27",0,2019-10-24,"10","2019",0,24.48,"-20.775 150.475"
"10741743","2019-10-24T12:00:00Z",-20.825,150.375,"0.0",0,"24.5","-0.27",0,2019-10-24,"10","2019",0,24.5,"-20.825 150.375"
"10741744","2019-10-24T12:00:00Z",-20.825,150.425,"0.0",0,"24.5","-0.26",0,2019-10-24,"10","2019",0,24.5,"-20.825 150.425"
"10741822","2019-10-24T12:00:00Z",-20.875,150.275,"0.0",0,"24.52","-0.28",0,2019-10-24,"10","2019",0,24.52,"-20.875 150.275"
"10745823","2019-10-24T12:00:00Z",-23.325,151.875,"0.0",0,"23.400000000000002","0.14",0,2019-10-24,"10","2019",0,23.4,"-23.325 151.875"
"10746065","2019-10-24T12:00:00Z",-23.475,151.825,"0.0",0,"23.34","0.08",0,2019-10-24,"10","2019",0,23.34,"-23.475 151.825"
"10746066","2019-10-24T12:00:00Z",-23.475,151.875,"0.0",0,"23.34","0.08",0,2019-10-24,"10","2019",0,23.34,"-23.475 151.875"
"10746068","2019-10-24T12:00:00Z",-23.475,151.975,"0.0",0,"23.35","0.1",0,2019-10-24,"10","2019",0,23.35,"-23.475 151.975"
"10786534","2019-10-31T12:00:00Z",-20.125,150.275,"0.0",0,"24.61","-0.6",0,2019-10-31,"10","2019",0,24.61,"-20.125 150.275"
"10787590","2019-10-31T12:00:00Z",-20.775,150.425,"0.0",0,"24.650000000000002","-0.47000000000000003",0,2019-10-31,"10","2019",0,24.65,"-20.775 150.425"
"10787591","2019-10-31T12:00:00Z",-20.775,150.475,"0.0",0,"24.650000000000002","-0.46",0,2019-10-31,"10","2019",0,24.65,"-20.775 150.475"
"10787670","2019-10-31T12:00:00Z",-20.825,150.375,"0.0",0,"24.650000000000002","-0.49",0,2019-10-31,"10","2019",0,24.65,"-20.825 150.375"
"10787671","2019-10-31T12:00:00Z",-20.825,150.425,"0.0",0,"24.650000000000002","-0.47000000000000003",0,2019-10-31,"10","2019",0,24.65,"-20.825 150.425"
"10787749","2019-10-31T12:00:00Z",-20.875,150.275,"0.0",0,"24.66","-0.5",0,2019-10-31,"10","2019",0,24.66,"-20.875 150.275"
"10791750","2019-10-31T12:00:00Z",-23.325,151.875,"0.0",0,"23.400000000000002","-0.2",0,2019-10-31,"10","2019",0,23.4,"-23.325 151.875"
"10791992","2019-10-31T12:00:00Z",-23.475,151.825,"0.0",0,"23.48","-0.14",0,2019-10-31,"10","2019",0,23.48,"-23.475 151.825"
"10791993","2019-10-31T12:00:00Z",-23.475,151.875,"0.0",0,"23.46","-0.15",0,2019-10-31,"10","2019",0,23.46,"-23.475 151.875"
"10791995","2019-10-31T12:00:00Z",-23.475,151.975,"0.0",0,"23.43","-0.16",0,2019-10-31,"10","2019",0,23.43,"-23.475 151.975"
"10832461","2019-11-07T12:00:00Z",-20.125,150.275,"0.0",0,"25.12","-0.41000000000000003",0,2019-11-07,"11","2019",0,25.12,"-20.125 150.275"
"10833517","2019-11-07T12:00:00Z",-20.775,150.425,"0.0",0,"25.12","-0.36",0,2019-11-07,"11","2019",0,25.12,"-20.775 150.425"
"10833518","2019-11-07T12:00:00Z",-20.775,150.475,"0.0",0,"25.12","-0.35000000000000003",0,2019-11-07,"11","2019",0,25.12,"-20.775 150.475"
"10833597","2019-11-07T12:00:00Z",-20.825,150.375,"0.0",0,"25.18","-0.32",0,2019-11-07,"11","2019",0,25.18,"-20.825 150.375"
"10833598","2019-11-07T12:00:00Z",-20.825,150.425,"0.0",0,"25.17","-0.31",0,2019-11-07,"11","2019",0,25.17,"-20.825 150.425"
"10833676","2019-11-07T12:00:00Z",-20.875,150.275,"0.0",0,"25.28","-0.24",0,2019-11-07,"11","2019",0,25.28,"-20.875 150.275"
"10837677","2019-11-07T12:00:00Z",-23.325,151.875,"0.0",0,"23.8","-0.15",0,2019-11-07,"11","2019",0,23.8,"-23.325 151.875"
"10837919","2019-11-07T12:00:00Z",-23.475,151.825,"0.0",0,"23.94","-0.03",0,2019-11-07,"11","2019",0,23.94,"-23.475 151.825"
"10837920","2019-11-07T12:00:00Z",-23.475,151.875,"0.0",0,"23.92","-0.04",0,2019-11-07,"11","2019",0,23.92,"-23.475 151.875"
"10837922","2019-11-07T12:00:00Z",-23.475,151.975,"0.0",0,"23.830000000000002","-0.11",0,2019-11-07,"11","2019",0,23.83,"-23.475 151.975"
"10878388","2019-11-14T12:00:00Z",-20.125,150.275,"0.0",0,"25.330000000000002","-0.52",0,2019-11-14,"11","2019",0,25.33,"-20.125 150.275"
"10879444","2019-11-14T12:00:00Z",-20.775,150.425,"0.0",0,"25.27","-0.5700000000000001",0,2019-11-14,"11","2019",0,25.27,"-20.775 150.425"
"10879445","2019-11-14T12:00:00Z",-20.775,150.475,"0.0",0,"25.26","-0.5700000000000001",0,2019-11-14,"11","2019",0,25.26,"-20.775 150.475"
"10879524","2019-11-14T12:00:00Z",-20.825,150.375,"0.0",0,"25.330000000000002","-0.54",0,2019-11-14,"11","2019",0,25.33,"-20.825 150.375"
"10879525","2019-11-14T12:00:00Z",-20.825,150.425,"0.0",0,"25.32","-0.53",0,2019-11-14,"11","2019",0,25.32,"-20.825 150.425"
"10879603","2019-11-14T12:00:00Z",-20.875,150.275,"0.0",0,"25.39","-0.5",0,2019-11-14,"11","2019",0,25.39,"-20.875 150.275"
"10883604","2019-11-14T12:00:00Z",-23.325,151.875,"0.0",0,"23.92","-0.37",0,2019-11-14,"11","2019",0,23.92,"-23.325 151.875"
"10883846","2019-11-14T12:00:00Z",-23.475,151.825,"0.0",0,"24.09","-0.23",0,2019-11-14,"11","2019",0,24.09,"-23.475 151.825"
"10883847","2019-11-14T12:00:00Z",-23.475,151.875,"0.0",0,"24.02","-0.29",0,2019-11-14,"11","2019",0,24.02,"-23.475 151.875"
"10883849","2019-11-14T12:00:00Z",-23.475,151.975,"0.0",0,"23.82","-0.46",0,2019-11-14,"11","2019",0,23.82,"-23.475 151.975"
"10924315","2019-11-21T12:00:00Z",-20.125,150.275,"0.0",0,"25.77","-0.32",0,2019-11-21,"11","2019",0,25.77,"-20.125 150.275"
"10925371","2019-11-21T12:00:00Z",-20.775,150.425,"0.0",0,"26.05","-0.05",0,2019-11-21,"11","2019",0,26.05,"-20.775 150.425"
"10925372","2019-11-21T12:00:00Z",-20.775,150.475,"0.0",0,"26.03","-0.07",0,2019-11-21,"11","2019",0,26.03,"-20.775 150.475"
"10925451","2019-11-21T12:00:00Z",-20.825,150.375,"0.0",0,"26.14","0.01",0,2019-11-21,"11","2019",0,26.14,"-20.825 150.375"
"10925452","2019-11-21T12:00:00Z",-20.825,150.425,"0.0",0,"26.11","0.0",0,2019-11-21,"11","2019",0,26.11,"-20.825 150.425"
"10925530","2019-11-21T12:00:00Z",-20.875,150.275,"0.0",0,"26.27","0.12",0,2019-11-21,"11","2019",0,26.27,"-20.875 150.275"
"10929531","2019-11-21T12:00:00Z",-23.325,151.875,"0.0",0,"24.96","0.33",0,2019-11-21,"11","2019",0,24.96,"-23.325 151.875"
"10929773","2019-11-21T12:00:00Z",-23.475,151.825,"0.0",0,"25.03","0.36",0,2019-11-21,"11","2019",0,25.03,"-23.475 151.825"
"10929774","2019-11-21T12:00:00Z",-23.475,151.875,"0.0",0,"25.04","0.39",0,2019-11-21,"11","2019",0,25.04,"-23.475 151.875"
"10929776","2019-11-21T12:00:00Z",-23.475,151.975,"0.0",0,"25.01","0.39",0,2019-11-21,"11","2019",0,25.01,"-23.475 151.975"
"10970242","2019-11-28T12:00:00Z",-20.125,150.275,"0.0",0,"25.900000000000002","-0.41000000000000003",0,2019-11-28,"11","2019",0,25.9,"-20.125 150.275"
"10971298","2019-11-28T12:00:00Z",-20.775,150.425,"0.0",0,"26.27","-0.08",0,2019-11-28,"11","2019",0,26.27,"-20.775 150.425"
"10971299","2019-11-28T12:00:00Z",-20.775,150.475,"0.0",0,"26.25","-0.1",0,2019-11-28,"11","2019",0,26.25,"-20.775 150.475"
"10971378","2019-11-28T12:00:00Z",-20.825,150.375,"0.0",0,"26.330000000000002","-0.04",0,2019-11-28,"11","2019",0,26.33,"-20.825 150.375"
"10971379","2019-11-28T12:00:00Z",-20.825,150.425,"0.0",0,"26.32","-0.04",0,2019-11-28,"11","2019",0,26.32,"-20.825 150.425"
"10971457","2019-11-28T12:00:00Z",-20.875,150.275,"0.0",0,"26.43","0.04",0,2019-11-28,"11","2019",0,26.43,"-20.875 150.275"
"10975458","2019-11-28T12:00:00Z",-23.325,151.875,"0.0",0,"24.88","-0.1",0,2019-11-28,"11","2019",0,24.88,"-23.325 151.875"
"10975700","2019-11-28T12:00:00Z",-23.475,151.825,"0.0",0,"25.23","0.21",0,2019-11-28,"11","2019",0,25.23,"-23.475 151.825"
"10975701","2019-11-28T12:00:00Z",-23.475,151.875,"0.0",0,"25.11","0.11",0,2019-11-28,"11","2019",0,25.11,"-23.475 151.875"
"10975703","2019-11-28T12:00:00Z",-23.475,151.975,"0.0",0,"24.85","-0.1",0,2019-11-28,"11","2019",0,24.85,"-23.475 151.975"
"11016169","2019-12-05T12:00:00Z",-20.125,150.275,"0.0",0,"26.64","0.11",0,2019-12-05,"12","2019",0,26.64,"-20.125 150.275"
"11017225","2019-12-05T12:00:00Z",-20.775,150.425,"0.0",0,"26.98","0.38",0,2019-12-05,"12","2019",0,26.98,"-20.775 150.425"
"11017226","2019-12-05T12:00:00Z",-20.775,150.475,"0.0",0,"26.990000000000002","0.39",0,2019-12-05,"12","2019",0,26.99,"-20.775 150.475"
"11017305","2019-12-05T12:00:00Z",-20.825,150.375,"0.0",0,"27.04","0.42",0,2019-12-05,"12","2019",0,27.04,"-20.825 150.375"
"11017306","2019-12-05T12:00:00Z",-20.825,150.425,"0.0",0,"27.03","0.42",0,2019-12-05,"12","2019",0,27.03,"-20.825 150.425"
"11017384","2019-12-05T12:00:00Z",-20.875,150.275,"0.0",0,"27.12","0.49",0,2019-12-05,"12","2019",0,27.12,"-20.875 150.275"
"11021385","2019-12-05T12:00:00Z",-23.325,151.875,"0.0",0,"25.86","0.54",0,2019-12-05,"12","2019",0,25.86,"-23.325 151.875"
"11021627","2019-12-05T12:00:00Z",-23.475,151.825,"0.0",0,"26.02","0.66",0,2019-12-05,"12","2019",0,26.02,"-23.475 151.825"
"11021628","2019-12-05T12:00:00Z",-23.475,151.875,"0.0",0,"26.02","0.68",0,2019-12-05,"12","2019",0,26.02,"-23.475 151.875"
"11021630","2019-12-05T12:00:00Z",-23.475,151.975,"0.0",0,"25.91","0.62",0,2019-12-05,"12","2019",0,25.91,"-23.475 151.975"
"11062096","2019-12-12T12:00:00Z",-20.125,150.275,"0.0",0,"26.39","-0.36",0,2019-12-12,"12","2019",0,26.39,"-20.125 150.275"
"11063152","2019-12-12T12:00:00Z",-20.775,150.425,"0.0",0,"26.97","0.12",0,2019-12-12,"12","2019",0,26.97,"-20.775 150.425"
"11063153","2019-12-12T12:00:00Z",-20.775,150.475,"0.0",0,"26.97","0.12",0,2019-12-12,"12","2019",0,26.97,"-20.775 150.475"
"11063232","2019-12-12T12:00:00Z",-20.825,150.375,"0.0",0,"26.990000000000002","0.13",0,2019-12-12,"12","2019",0,26.99,"-20.825 150.375"
"11063233","2019-12-12T12:00:00Z",-20.825,150.425,"0.0",0,"27.02","0.16",0,2019-12-12,"12","2019",0,27.02,"-20.825 150.425"
"11063311","2019-12-12T12:00:00Z",-20.875,150.275,"0.0",0,"27.03","0.15",0,2019-12-12,"12","2019",0,27.03,"-20.875 150.275"
"11067312","2019-12-12T12:00:00Z",-23.325,151.875,"0.0",0,"26.02","0.36",0,2019-12-12,"12","2019",0,26.02,"-23.325 151.875"
"11067554","2019-12-12T12:00:00Z",-23.475,151.825,"0.0",0,"26.21","0.5",0,2019-12-12,"12","2019",0,26.21,"-23.475 151.825"
"11067555","2019-12-12T12:00:00Z",-23.475,151.875,"0.0",0,"26.14","0.46",0,2019-12-12,"12","2019",0,26.14,"-23.475 151.875"
"11067557","2019-12-12T12:00:00Z",-23.475,151.975,"0.0",0,"25.990000000000002","0.36",0,2019-12-12,"12","2019",0,25.99,"-23.475 151.975"
"11108023","2019-12-19T12:00:00Z",-20.125,150.275,"0.0",0,"26.82","-0.12",0,2019-12-19,"12","2019",0,26.82,"-20.125 150.275"
"11109079","2019-12-19T12:00:00Z",-20.775,150.425,"0.0",0,"27.27","0.2",0,2019-12-19,"12","2019",0,27.27,"-20.775 150.425"
"11109080","2019-12-19T12:00:00Z",-20.775,150.475,"0.0",0,"27.22","0.15",0,2019-12-19,"12","2019",0,27.22,"-20.775 150.475"
"11109159","2019-12-19T12:00:00Z",-20.825,150.375,"0.0",0,"27.330000000000002","0.25",0,2019-12-19,"12","2019",0,27.33,"-20.825 150.375"
"11109160","2019-12-19T12:00:00Z",-20.825,150.425,"0.0",0,"27.3","0.22",0,2019-12-19,"12","2019",0,27.3,"-20.825 150.425"
"11109238","2019-12-19T12:00:00Z",-20.875,150.275,"0.0",0,"27.34","0.25",0,2019-12-19,"12","2019",0,27.34,"-20.875 150.275"
"11113239","2019-12-19T12:00:00Z",-23.325,151.875,"0.0",0,"26.16","0.21",0,2019-12-19,"12","2019",0,26.16,"-23.325 151.875"
"11113481","2019-12-19T12:00:00Z",-23.475,151.825,"0.0",0,"26.22","0.22",0,2019-12-19,"12","2019",0,26.22,"-23.475 151.825"
"11113482","2019-12-19T12:00:00Z",-23.475,151.875,"0.0",0,"26.17","0.2",0,2019-12-19,"12","2019",0,26.17,"-23.475 151.875"
"11113484","2019-12-19T12:00:00Z",-23.475,151.975,"0.0",0,"26.16","0.24",0,2019-12-19,"12","2019",0,26.16,"-23.475 151.975"
"11153950","2019-12-26T12:00:00Z",-20.125,150.275,"0.0",0,"27.12","0.0",0,2019-12-26,"12","2019",0,27.12,"-20.125 150.275"
"11155006","2019-12-26T12:00:00Z",-20.775,150.425,"0.0",0,"27.45","0.18",0,2019-12-26,"12","2019",0,27.45,"-20.775 150.425"
"11155007","2019-12-26T12:00:00Z",-20.775,150.475,"0.0",0,"27.42","0.15",0,2019-12-26,"12","2019",0,27.42,"-20.775 150.475"
"11155086","2019-12-26T12:00:00Z",-20.825,150.375,"0.0",0,"27.52","0.23",0,2019-12-26,"12","2019",0,27.52,"-20.825 150.375"
"11155087","2019-12-26T12:00:00Z",-20.825,150.425,"0.0",0,"27.48","0.2",0,2019-12-26,"12","2019",0,27.48,"-20.825 150.425"
"11155165","2019-12-26T12:00:00Z",-20.875,150.275,"0.0",0,"27.59","0.29",0,2019-12-26,"12","2019",0,27.59,"-20.875 150.275"
"11159166","2019-12-26T12:00:00Z",-23.325,151.875,"0.0",0,"26.32","0.12",0,2019-12-26,"12","2019",0,26.32,"-23.325 151.875"
"11159408","2019-12-26T12:00:00Z",-23.475,151.825,"0.0",0,"26.43","0.17",0,2019-12-26,"12","2019",0,26.43,"-23.475 151.825"
"11159409","2019-12-26T12:00:00Z",-23.475,151.875,"0.0",0,"26.37","0.14",0,2019-12-26,"12","2019",0,26.37,"-23.475 151.875"
"11159411","2019-12-26T12:00:00Z",-23.475,151.975,"0.0",0,"26.29","0.12",0,2019-12-26,"12","2019",0,26.29,"-23.475 151.975"
"11199877","2020-01-02T12:00:00Z",-20.125,150.275,"0.0",0,"27.46","0.16",0,2020-01-02,"01","2020",0,27.46,"-20.125 150.275"
"11200933","2020-01-02T12:00:00Z",-20.775,150.425,"0.0",0,"27.53","0.06",0,2020-01-02,"01","2020",0,27.53,"-20.775 150.425"
"11200934","2020-01-02T12:00:00Z",-20.775,150.475,"0.0",0,"27.51","0.05",0,2020-01-02,"01","2020",0,27.51,"-20.775 150.475"
"11201013","2020-01-02T12:00:00Z",-20.825,150.375,"0.0",0,"27.61","0.12",0,2020-01-02,"01","2020",0,27.61,"-20.825 150.375"
"11201014","2020-01-02T12:00:00Z",-20.825,150.425,"0.0",0,"27.59","0.11",0,2020-01-02,"01","2020",0,27.59,"-20.825 150.425"
"11201092","2020-01-02T12:00:00Z",-20.875,150.275,"0.0",0,"27.69","0.19",0,2020-01-02,"01","2020",0,27.69,"-20.875 150.275"
"11205093","2020-01-02T12:00:00Z",-23.325,151.875,"0.0",0,"26.55","0.11",0,2020-01-02,"01","2020",0,26.55,"-23.325 151.875"
"11205335","2020-01-02T12:00:00Z",-23.475,151.825,"0.0",0,"26.67","0.16",0,2020-01-02,"01","2020",0,26.67,"-23.475 151.825"
"11205336","2020-01-02T12:00:00Z",-23.475,151.875,"0.0",0,"26.650000000000002","0.17",0,2020-01-02,"01","2020",0,26.65,"-23.475 151.875"
"11205338","2020-01-02T12:00:00Z",-23.475,151.975,"0.0",0,"26.54","0.11",0,2020-01-02,"01","2020",0,26.54,"-23.475 151.975"
"11245804","2020-01-09T12:00:00Z",-20.125,150.275,"0.0",0,"27.51","0.02",0,2020-01-09,"01","2020",0,27.51,"-20.125 150.275"
"11246860","2020-01-09T12:00:00Z",-20.775,150.425,"0.0",0,"27.61","-0.05",0,2020-01-09,"01","2020",0,27.61,"-20.775 150.425"
"11246861","2020-01-09T12:00:00Z",-20.775,150.475,"0.0",0,"27.6","-0.05",0,2020-01-09,"01","2020",0,27.6,"-20.775 150.475"
"11246940","2020-01-09T12:00:00Z",-20.825,150.375,"0.0",0,"27.650000000000002","-0.04",0,2020-01-09,"01","2020",0,27.65,"-20.825 150.375"
"11246941","2020-01-09T12:00:00Z",-20.825,150.425,"0.0",0,"27.64","-0.03",0,2020-01-09,"01","2020",0,27.64,"-20.825 150.425"
"11247019","2020-01-09T12:00:00Z",-20.875,150.275,"0.0",0,"27.68","-0.02",0,2020-01-09,"01","2020",0,27.68,"-20.875 150.275"
"11251020","2020-01-09T12:00:00Z",-23.325,151.875,"0.0",0,"26.76","0.07",0,2020-01-09,"01","2020",0,26.76,"-23.325 151.875"
"11251262","2020-01-09T12:00:00Z",-23.475,151.825,"0.0",0,"26.84","0.08",0,2020-01-09,"01","2020",0,26.84,"-23.475 151.825"
"11251263","2020-01-09T12:00:00Z",-23.475,151.875,"0.0",0,"26.810000000000002","0.08",0,2020-01-09,"01","2020",0,26.81,"-23.475 151.875"
"11251265","2020-01-09T12:00:00Z",-23.475,151.975,"0.0",0,"26.740000000000002","0.06",0,2020-01-09,"01","2020",0,26.74,"-23.475 151.975"
"11291731","2020-01-16T12:00:00Z",-20.125,150.275,"0.0",0,"27.7","0.05",0,2020-01-16,"01","2020",0,27.7,"-20.125 150.275"
"11292787","2020-01-16T12:00:00Z",-20.775,150.425,"0.0",0,"27.71","-0.12",0,2020-01-16,"01","2020",0,27.71,"-20.775 150.425"
"11292788","2020-01-16T12:00:00Z",-20.775,150.475,"0.0",0,"27.72","-0.1",0,2020-01-16,"01","2020",0,27.72,"-20.775 150.475"
"11292867","2020-01-16T12:00:00Z",-20.825,150.375,"0.0",0,"27.71","-0.15",0,2020-01-16,"01","2020",0,27.71,"-20.825 150.375"
"11292868","2020-01-16T12:00:00Z",-20.825,150.425,"0.0",0,"27.72","-0.12",0,2020-01-16,"01","2020",0,27.72,"-20.825 150.425"
"11292946","2020-01-16T12:00:00Z",-20.875,150.275,"0.0",0,"27.830000000000002","-0.04",0,2020-01-16,"01","2020",0,27.83,"-20.875 150.275"
"11296947","2020-01-16T12:00:00Z",-23.325,151.875,"0.0",0,"27.14","0.23",0,2020-01-16,"01","2020",0,27.14,"-23.325 151.875"
"11297189","2020-01-16T12:00:00Z",-23.475,151.825,"0.0",0,"27.080000000000002","0.09",0,2020-01-16,"01","2020",0,27.08,"-23.475 151.825"
"11297190","2020-01-16T12:00:00Z",-23.475,151.875,"0.0",0,"27.080000000000002","0.12",0,2020-01-16,"01","2020",0,27.08,"-23.475 151.875"
"11297192","2020-01-16T12:00:00Z",-23.475,151.975,"0.0",0,"27.14","0.23",0,2020-01-16,"01","2020",0,27.14,"-23.475 151.975"
"11337658","2020-01-23T12:00:00Z",-20.125,150.275,"0.0",0,"28.400000000000002","0.7000000000000001",0,2020-01-23,"01","2020",0,28.4,"-20.125 150.275"
"11338714","2020-01-23T12:00:00Z",-20.775,150.425,"0.0",0,"28.76","0.9",0,2020-01-23,"01","2020",0,28.76,"-20.775 150.425"
"11338715","2020-01-23T12:00:00Z",-20.775,150.475,"0.0",0,"28.72","0.87",0,2020-01-23,"01","2020",0,28.72,"-20.775 150.475"
"11338794","2020-01-23T12:00:00Z",-20.825,150.375,"0.0",0,"28.86","0.97",0,2020-01-23,"01","2020",0,28.86,"-20.825 150.375"
"11338795","2020-01-23T12:00:00Z",-20.825,150.425,"0.0",0,"28.82","0.9500000000000001",0,2020-01-23,"01","2020",0,28.82,"-20.825 150.425"
"11338873","2020-01-23T12:00:00Z",-20.875,150.275,"0.0",0,"28.98","1.07",0,2020-01-23,"01","2020",0,28.98,"-20.875 150.275"
"11342874","2020-01-23T12:00:00Z",-23.325,151.875,"0.0",0,"27.87","0.91",0,2020-01-23,"01","2020",0,27.87,"-23.325 151.875"
"11343116","2020-01-23T12:00:00Z",-23.475,151.825,"0.0",0,"27.95","0.93",0,2020-01-23,"01","2020",0,27.95,"-23.475 151.825"
"11343117","2020-01-23T12:00:00Z",-23.475,151.875,"0.0",0,"27.89","0.89",0,2020-01-23,"01","2020",0,27.89,"-23.475 151.875"
"11343119","2020-01-23T12:00:00Z",-23.475,151.975,"0.0",0,"27.78","0.8300000000000001",0,2020-01-23,"01","2020",0,27.78,"-23.475 151.975"
"11383585","2020-01-30T12:00:00Z",-20.125,150.275,"0.0",0,"28.400000000000002","0.65",0,2020-01-30,"01","2020",0,28.4,"-20.125 150.275"
"11384641","2020-01-30T12:00:00Z",-20.775,150.425,"0.0",0,"28.79","0.9",0,2020-01-30,"01","2020",0,28.79,"-20.775 150.425"
"11384642","2020-01-30T12:00:00Z",-20.775,150.475,"0.0",0,"28.77","0.89",0,2020-01-30,"01","2020",0,28.77,"-20.775 150.475"
"11384721","2020-01-30T12:00:00Z",-20.825,150.375,"0.14",0,"28.84","0.92",0,2020-01-30,"01","2020",0.14,28.84,"-20.825 150.375"
"11384722","2020-01-30T12:00:00Z",-20.825,150.425,"0.14",0,"28.830000000000002","0.93",0,2020-01-30,"01","2020",0.14,28.83,"-20.825 150.425"
"11384800","2020-01-30T12:00:00Z",-20.875,150.275,"0.29",0,"28.85","0.91",0,2020-01-30,"01","2020",0.29,28.85,"-20.875 150.275"
"11388801","2020-01-30T12:00:00Z",-23.325,151.875,"0.15",0,"27.93","0.91",0,2020-01-30,"01","2020",0.15,27.93,"-23.325 151.875"
"11389043","2020-01-30T12:00:00Z",-23.475,151.825,"0.14",0,"28.02","0.96",0,2020-01-30,"01","2020",0.14,28.02,"-23.475 151.825"
"11389044","2020-01-30T12:00:00Z",-23.475,151.875,"0.0",0,"27.98","0.9400000000000001",0,2020-01-30,"01","2020",0,27.98,"-23.475 151.875"
"11389046","2020-01-30T12:00:00Z",-23.475,151.975,"0.0",0,"27.830000000000002","0.8300000000000001",0,2020-01-30,"01","2020",0,27.83,"-23.475 151.975"
"11429512","2020-02-06T12:00:00Z",-20.125,150.275,"0.0",0,"28.34","0.54",0,2020-02-06,"02","2020",0,28.34,"-20.125 150.275"
"11430568","2020-02-06T12:00:00Z",-20.775,150.425,"0.16",0,"28.92","1.0",0,2020-02-06,"02","2020",0.16,28.92,"-20.775 150.425"
"11430569","2020-02-06T12:00:00Z",-20.775,150.475,"0.16",0,"28.92","1.01",0,2020-02-06,"02","2020",0.16,28.92,"-20.775 150.475"
"11430648","2020-02-06T12:00:00Z",-20.825,150.375,"0.46",0,"28.94","0.99",0,2020-02-06,"02","2020",0.46,28.94,"-20.825 150.375"
"11430649","2020-02-06T12:00:00Z",-20.825,150.425,"0.45",0,"28.95","1.02",0,2020-02-06,"02","2020",0.45,28.95,"-20.825 150.425"
"11430727","2020-02-06T12:00:00Z",-20.875,150.275,"0.61",0,"29.0","1.02",0,2020-02-06,"02","2020",0.61,29,"-20.875 150.275"
"11434728","2020-02-06T12:00:00Z",-23.325,151.875,"0.97",0,"28.22","1.1500000000000001",0,2020-02-06,"02","2020",0.97,28.22,"-23.325 151.875"
"11434970","2020-02-06T12:00:00Z",-23.475,151.825,"1.31",0,"28.29","1.2",0,2020-02-06,"02","2020",1.31,28.29,"-23.475 151.825"
"11434971","2020-02-06T12:00:00Z",-23.475,151.875,"1.0",0,"28.25","1.17",0,2020-02-06,"02","2020",1,28.25,"-23.475 151.875"
"11434973","2020-02-06T12:00:00Z",-23.475,151.975,"0.65",0,"28.14","1.09",0,2020-02-06,"02","2020",0.65,28.14,"-23.475 151.975"
"11475439","2020-02-13T12:00:00Z",-20.125,150.275,"0.0",0,"28.8","0.9500000000000001",0,2020-02-13,"02","2020",0,28.8,"-20.125 150.275"
"11476495","2020-02-13T12:00:00Z",-20.775,150.425,"1.43",0,"29.53","1.59",0,2020-02-13,"02","2020",1.43,29.53,"-20.775 150.425"
"11476496","2020-02-13T12:00:00Z",-20.775,150.475,"1.43",0,"29.52","1.59",0,2020-02-13,"02","2020",1.43,29.52,"-20.775 150.475"
"11476575","2020-02-13T12:00:00Z",-20.825,150.375,"1.76",0,"29.59","1.62",0,2020-02-13,"02","2020",1.76,29.59,"-20.825 150.375"
"11476576","2020-02-13T12:00:00Z",-20.825,150.425,"1.77",0,"29.580000000000002","1.6300000000000001",0,2020-02-13,"02","2020",1.77,29.58,"-20.825 150.425"
"11476654","2020-02-13T12:00:00Z",-20.875,150.275,"1.96",0,"29.68","1.67",0,2020-02-13,"02","2020",1.96,29.68,"-20.875 150.275"
"11480655","2020-02-13T12:00:00Z",-23.325,151.875,"2.08",0,"28.32","1.2",0,2020-02-13,"02","2020",2.08,28.32,"-23.325 151.875"
"11480897","2020-02-13T12:00:00Z",-23.475,151.825,"2.6",0,"28.53","1.4000000000000001",0,2020-02-13,"02","2020",2.6,28.53,"-23.475 151.825"
"11480898","2020-02-13T12:00:00Z",-23.475,151.875,"2.25",0,"28.48","1.36",0,2020-02-13,"02","2020",2.25,28.48,"-23.475 151.875"
"11480900","2020-02-13T12:00:00Z",-23.475,151.975,"1.79",0,"28.26","1.16",0,2020-02-13,"02","2020",1.79,28.26,"-23.475 151.975"
"11521366","2020-02-20T12:00:00Z",-20.125,150.275,"1.04",0,"28.830000000000002","1.04",0,2020-02-20,"02","2020",1.04,28.83,"-20.125 150.275"
"11522422","2020-02-20T12:00:00Z",-20.775,150.425,"3.2",0,"29.61","1.74",0,2020-02-20,"02","2020",3.2,29.61,"-20.775 150.425"
"11522423","2020-02-20T12:00:00Z",-20.775,150.475,"3.19",0,"29.580000000000002","1.72",0,2020-02-20,"02","2020",3.19,29.58,"-20.775 150.475"
"11522502","2020-02-20T12:00:00Z",-20.825,150.375,"3.58",0,"29.73","1.84",0,2020-02-20,"02","2020",3.58,29.73,"-20.825 150.375"
"11522503","2020-02-20T12:00:00Z",-20.825,150.425,"3.59",0,"29.68","1.8",0,2020-02-20,"02","2020",3.59,29.68,"-20.825 150.425"
"11522581","2020-02-20T12:00:00Z",-20.875,150.275,"3.86",0,"29.92","1.99",0,2020-02-20,"02","2020",3.86,29.92,"-20.875 150.275"
"11526582","2020-02-20T12:00:00Z",-23.325,151.875,"3.7600000000000002",0,"28.94","1.92",0,2020-02-20,"02","2020",3.76,28.94,"-23.325 151.875"
"11526824","2020-02-20T12:00:00Z",-23.475,151.825,"4.43",0,"29.17","2.16",0,2020-02-20,"02","2020",4.43,29.17,"-23.475 151.825"
"11526825","2020-02-20T12:00:00Z",-23.475,151.875,"4.05",0,"29.11","2.11",0,2020-02-20,"02","2020",4.05,29.11,"-23.475 151.875"
"11526827","2020-02-20T12:00:00Z",-23.475,151.975,"3.5",0,"28.96","1.98",0,2020-02-20,"02","2020",3.5,28.96,"-23.475 151.975"
"11567293","2020-02-27T12:00:00Z",-20.125,150.275,"1.6500000000000001",0,"28.95","1.26",0,2020-02-27,"02","2020",1.65,28.95,"-20.125 150.275"
"11568349","2020-02-27T12:00:00Z",-20.775,150.425,"4.76",0,"29.580000000000002","1.83",0,2020-02-27,"02","2020",4.76,29.58,"-20.775 150.425"
"11568350","2020-02-27T12:00:00Z",-20.775,150.475,"4.74",0,"29.57","1.82",0,2020-02-27,"02","2020",4.74,29.57,"-20.775 150.475"
"11568429","2020-02-27T12:00:00Z",-20.825,150.375,"5.21",0,"29.650000000000002","1.8800000000000001",0,2020-02-27,"02","2020",5.21,29.65,"-20.825 150.375"
"11568430","2020-02-27T12:00:00Z",-20.825,150.425,"5.23",0,"29.650000000000002","1.8900000000000001",0,2020-02-27,"02","2020",5.23,29.65,"-20.825 150.425"
"11568508","2020-02-27T12:00:00Z",-20.875,150.275,"5.53",0,"29.650000000000002","1.85",0,2020-02-27,"02","2020",5.53,29.65,"-20.875 150.275"
"11572509","2020-02-27T12:00:00Z",-23.325,151.875,"5.28",0,"28.650000000000002","1.79",0,2020-02-27,"02","2020",5.28,28.65,"-23.325 151.875"
"11572751","2020-02-27T12:00:00Z",-23.475,151.825,"6.03",0,"28.76","1.93",0,2020-02-27,"02","2020",6.03,28.76,"-23.475 151.825"
"11572752","2020-02-27T12:00:00Z",-23.475,151.875,"5.61",0,"28.72","1.9000000000000001",0,2020-02-27,"02","2020",5.61,28.72,"-23.475 151.875"
"11572754","2020-02-27T12:00:00Z",-23.475,151.975,"4.96",0,"28.6","1.79",0,2020-02-27,"02","2020",4.96,28.6,"-23.475 151.975"
"11613220","2020-03-05T12:00:00Z",-20.125,150.275,"1.6500000000000001",0,"28.62","1.04",0,2020-03-05,"03","2020",1.65,28.62,"-20.125 150.275"
"11614276","2020-03-05T12:00:00Z",-20.775,150.425,"6.24",0,"29.39","1.75",0,2020-03-05,"03","2020",6.24,29.39,"-20.775 150.425"
"11614277","2020-03-05T12:00:00Z",-20.775,150.475,"6.19",0,"29.38","1.75",0,2020-03-05,"03","2020",6.19,29.38,"-20.775 150.475"
"11614356","2020-03-05T12:00:00Z",-20.825,150.375,"6.74",0,"29.46","1.81",0,2020-03-05,"03","2020",6.74,29.46,"-20.825 150.375"
"11614357","2020-03-05T12:00:00Z",-20.825,150.425,"6.7700000000000005",0,"29.47","1.83",0,2020-03-05,"03","2020",6.77,29.47,"-20.825 150.425"
"11614435","2020-03-05T12:00:00Z",-20.875,150.275,"7.0600000000000005",0,"29.42","1.74",0,2020-03-05,"03","2020",7.06,29.42,"-20.875 150.275"
"11618436","2020-03-05T12:00:00Z",-23.325,151.875,"6.82",0,"28.490000000000002","1.8",0,2020-03-05,"03","2020",6.82,28.49,"-23.325 151.875"
"11618678","2020-03-05T12:00:00Z",-23.475,151.825,"7.69",0,"28.57","1.93",0,2020-03-05,"03","2020",7.69,28.57,"-23.475 151.825"
"11618679","2020-03-05T12:00:00Z",-23.475,151.875,"7.2",0,"28.5","1.86",0,2020-03-05,"03","2020",7.2,28.5,"-23.475 151.875"
"11618681","2020-03-05T12:00:00Z",-23.475,151.975,"6.3500000000000005",0,"28.3","1.67",0,2020-03-05,"03","2020",6.35,28.3,"-23.475 151.975"
"11659147","2020-03-12T12:00:00Z",-20.125,150.275,"1.6500000000000001",0,"28.6","1.12",0,2020-03-12,"03","2020",1.65,28.6,"-20.125 150.275"
"11660203","2020-03-12T12:00:00Z",-20.775,150.425,"7.57",0,"29.02","1.5",0,2020-03-12,"03","2020",7.57,29.02,"-20.775 150.425"
"11660204","2020-03-12T12:00:00Z",-20.775,150.475,"7.5200000000000005",0,"28.990000000000002","1.47",0,2020-03-12,"03","2020",7.52,28.99,"-20.775 150.475"
"11660283","2020-03-12T12:00:00Z",-20.825,150.375,"8.11",0,"29.12","1.59",0,2020-03-12,"03","2020",8.11,29.12,"-20.825 150.375"
"11660284","2020-03-12T12:00:00Z",-20.825,150.425,"8.16",0,"29.1","1.58",0,2020-03-12,"03","2020",8.16,29.1,"-20.825 150.425"
"11660362","2020-03-12T12:00:00Z",-20.875,150.275,"8.44",0,"29.2","1.6500000000000001",0,2020-03-12,"03","2020",8.44,29.2,"-20.875 150.275"
"11664363","2020-03-12T12:00:00Z",-23.325,151.875,"7.75",0,"27.77","1.24",0,2020-03-12,"03","2020",7.75,27.77,"-23.325 151.875"
"11664605","2020-03-12T12:00:00Z",-23.475,151.825,"8.63",0,"27.61","1.1500000000000001",0,2020-03-12,"03","2020",8.63,27.61,"-23.475 151.825"
"11664606","2020-03-12T12:00:00Z",-23.475,151.875,"8.120000000000001",0,"27.580000000000002","1.12",0,2020-03-12,"03","2020",8.12,27.58,"-23.475 151.875"
"11664608","2020-03-12T12:00:00Z",-23.475,151.975,"7.07",0,"27.53","1.07",0,2020-03-12,"03","2020",7.07,27.53,"-23.475 151.975"
"11705074","2020-03-19T12:00:00Z",-20.125,150.275,"1.6500000000000001",0,"27.69","0.36",0,2020-03-19,"03","2020",1.65,27.69,"-20.125 150.275"
"11706130","2020-03-19T12:00:00Z",-20.775,150.425,"7.57",0,"28.02","0.68",0,2020-03-19,"03","2020",7.57,28.02,"-20.775 150.425"
"11706131","2020-03-19T12:00:00Z",-20.775,150.475,"7.5200000000000005",0,"28.0","0.66",0,2020-03-19,"03","2020",7.52,28,"-20.775 150.475"
"11706210","2020-03-19T12:00:00Z",-20.825,150.375,"8.11",0,"28.060000000000002","0.71",0,2020-03-19,"03","2020",8.11,28.06,"-20.825 150.375"
"11706211","2020-03-19T12:00:00Z",-20.825,150.425,"8.16",0,"28.05","0.71",0,2020-03-19,"03","2020",8.16,28.05,"-20.825 150.425"
"11706289","2020-03-19T12:00:00Z",-20.875,150.275,"8.44",0,"28.1","0.73",0,2020-03-19,"03","2020",8.44,28.1,"-20.875 150.275"
"11710290","2020-03-19T12:00:00Z",-23.325,151.875,"7.75",0,"26.650000000000002","0.32",0,2020-03-19,"03","2020",7.75,26.65,"-23.325 151.875"
"11710532","2020-03-19T12:00:00Z",-23.475,151.825,"8.63",0,"26.44","0.2",0,2020-03-19,"03","2020",8.63,26.44,"-23.475 151.825"
"11710533","2020-03-19T12:00:00Z",-23.475,151.875,"8.120000000000001",0,"26.5","0.26",0,2020-03-19,"03","2020",8.12,26.5,"-23.475 151.875"
"11710535","2020-03-19T12:00:00Z",-23.475,151.975,"7.07",0,"26.69","0.44",0,2020-03-19,"03","2020",7.07,26.69,"-23.475 151.975"
"11751001","2020-03-26T12:00:00Z",-20.125,150.275,"1.6500000000000001",0,"27.810000000000002","0.67",0,2020-03-26,"03","2020",1.65,27.81,"-20.125 150.275"
"11752057","2020-03-26T12:00:00Z",-20.775,150.425,"7.57",0,"27.87","0.75",0,2020-03-26,"03","2020",7.57,27.87,"-20.775 150.425"
"11752058","2020-03-26T12:00:00Z",-20.775,150.475,"7.5200000000000005",0,"27.84","0.71",0,2020-03-26,"03","2020",7.52,27.84,"-20.775 150.475"
"11752137","2020-03-26T12:00:00Z",-20.825,150.375,"8.11",0,"27.900000000000002","0.77",0,2020-03-26,"03","2020",8.11,27.9,"-20.825 150.375"
"11752138","2020-03-26T12:00:00Z",-20.825,150.425,"8.16",0,"27.89","0.77",0,2020-03-26,"03","2020",8.16,27.89,"-20.825 150.425"
"11752216","2020-03-26T12:00:00Z",-20.875,150.275,"8.44",0,"27.92","0.78",0,2020-03-26,"03","2020",8.44,27.92,"-20.875 150.275"
"11756217","2020-03-26T12:00:00Z",-23.325,151.875,"7.75",0,"26.78","0.6900000000000001",0,2020-03-26,"03","2020",7.75,26.78,"-23.325 151.875"
"11756459","2020-03-26T12:00:00Z",-23.475,151.825,"8.63",0,"26.63","0.63",0,2020-03-26,"03","2020",8.63,26.63,"-23.475 151.825"
"11756460","2020-03-26T12:00:00Z",-23.475,151.875,"8.120000000000001",0,"26.69","0.68",0,2020-03-26,"03","2020",8.12,26.69,"-23.475 151.875"
"11756462","2020-03-26T12:00:00Z",-23.475,151.975,"7.07",0,"26.8","0.77",0,2020-03-26,"03","2020",7.07,26.8,"-23.475 151.975"
"11796928","2020-04-02T12:00:00Z",-20.125,150.275,"1.6500000000000001",0,"27.44","0.49",0,2020-04-02,"04","2020",1.65,27.44,"-20.125 150.275"
"11797984","2020-04-02T12:00:00Z",-20.775,150.425,"7.57",0,"27.61","0.71",0,2020-04-02,"04","2020",7.57,27.61,"-20.775 150.425"
"11797985","2020-04-02T12:00:00Z",-20.775,150.475,"7.5200000000000005",0,"27.6","0.6900000000000001",0,2020-04-02,"04","2020",7.52,27.6,"-20.775 150.475"
"11798064","2020-04-02T12:00:00Z",-20.825,150.375,"8.11",0,"27.64","0.74",0,2020-04-02,"04","2020",8.11,27.64,"-20.825 150.375"
"11798065","2020-04-02T12:00:00Z",-20.825,150.425,"8.16",0,"27.63","0.73",0,2020-04-02,"04","2020",8.16,27.63,"-20.825 150.425"
"11798143","2020-04-02T12:00:00Z",-20.875,150.275,"8.44",0,"27.73","0.8200000000000001",0,2020-04-02,"04","2020",8.44,27.73,"-20.875 150.275"
"11802144","2020-04-02T12:00:00Z",-23.325,151.875,"7.75",0,"26.75","0.89",0,2020-04-02,"04","2020",7.75,26.75,"-23.325 151.875"
"11802386","2020-04-02T12:00:00Z",-23.475,151.825,"8.63",0,"26.73","0.97",0,2020-04-02,"04","2020",8.63,26.73,"-23.475 151.825"
"11802387","2020-04-02T12:00:00Z",-23.475,151.875,"8.120000000000001",0,"26.75","0.98",0,2020-04-02,"04","2020",8.12,26.75,"-23.475 151.875"
"11802389","2020-04-02T12:00:00Z",-23.475,151.975,"7.07",0,"26.76","0.9500000000000001",0,2020-04-02,"04","2020",7.07,26.76,"-23.475 151.975"
"11842855","2020-04-09T12:00:00Z",-20.125,150.275,"1.6500000000000001",0,"27.34","0.59",0,2020-04-09,"04","2020",1.65,27.34,"-20.125 150.275"
"11843911","2020-04-09T12:00:00Z",-20.775,150.425,"7.57",0,"27.45","0.77",0,2020-04-09,"04","2020",7.57,27.45,"-20.775 150.425"
"11843912","2020-04-09T12:00:00Z",-20.775,150.475,"7.5200000000000005",0,"27.44","0.75",0,2020-04-09,"04","2020",7.52,27.44,"-20.775 150.475"
"11843991","2020-04-09T12:00:00Z",-20.825,150.375,"8.11",0,"27.490000000000002","0.8200000000000001",0,2020-04-09,"04","2020",8.11,27.49,"-20.825 150.375"
"11843992","2020-04-09T12:00:00Z",-20.825,150.425,"8.16",0,"27.47","0.8",0,2020-04-09,"04","2020",8.16,27.47,"-20.825 150.425"
"11844070","2020-04-09T12:00:00Z",-20.875,150.275,"8.44",0,"27.55","0.86",0,2020-04-09,"04","2020",8.44,27.55,"-20.875 150.275"
"11848071","2020-04-09T12:00:00Z",-23.325,151.875,"7.75",0,"26.6","0.98",0,2020-04-09,"04","2020",7.75,26.6,"-23.325 151.875"
"11848313","2020-04-09T12:00:00Z",-23.475,151.825,"8.63",0,"26.48","0.9500000000000001",0,2020-04-09,"04","2020",8.63,26.48,"-23.475 151.825"
"11848314","2020-04-09T12:00:00Z",-23.475,151.875,"8.120000000000001",0,"26.51","0.98",0,2020-04-09,"04","2020",8.12,26.51,"-23.475 151.875"
"11848316","2020-04-09T12:00:00Z",-23.475,151.975,"7.07",0,"26.580000000000002","1.0",0,2020-04-09,"04","2020",7.07,26.58,"-23.475 151.975"
"11888782","2020-04-16T12:00:00Z",-20.125,150.275,"1.6500000000000001",0,"27.29","0.74",0,2020-04-16,"04","2020",1.65,27.29,"-20.125 150.275"
"11889838","2020-04-16T12:00:00Z",-20.775,150.425,"7.57",0,"27.240000000000002","0.8",0,2020-04-16,"04","2020",7.57,27.24,"-20.775 150.425"
"11889839","2020-04-16T12:00:00Z",-20.775,150.475,"7.5200000000000005",0,"27.23","0.78",0,2020-04-16,"04","2020",7.52,27.23,"-20.775 150.475"
"11889918","2020-04-16T12:00:00Z",-20.825,150.375,"8.11",0,"27.240000000000002","0.81",0,2020-04-16,"04","2020",8.11,27.24,"-20.825 150.375"
"11889919","2020-04-16T12:00:00Z",-20.825,150.425,"8.16",0,"27.23","0.8",0,2020-04-16,"04","2020",8.16,27.23,"-20.825 150.425"
"11889997","2020-04-16T12:00:00Z",-20.875,150.275,"8.44",0,"27.240000000000002","0.8",0,2020-04-16,"04","2020",8.44,27.24,"-20.875 150.275"
"11893998","2020-04-16T12:00:00Z",-23.325,151.875,"7.75",0,"26.18","0.8",0,2020-04-16,"04","2020",7.75,26.18,"-23.325 151.875"
"11894240","2020-04-16T12:00:00Z",-23.475,151.825,"8.63",0,"26.03","0.76",0,2020-04-16,"04","2020",8.63,26.03,"-23.475 151.825"
"11894241","2020-04-16T12:00:00Z",-23.475,151.875,"8.120000000000001",0,"26.05","0.77",0,2020-04-16,"04","2020",8.12,26.05,"-23.475 151.875"
"11894243","2020-04-16T12:00:00Z",-23.475,151.975,"7.07",0,"26.150000000000002","0.8",0,2020-04-16,"04","2020",7.07,26.15,"-23.475 151.975"
"11934709","2020-04-23T12:00:00Z",-20.125,150.275,"1.6500000000000001",0,"27.330000000000002","1.09",0,2020-04-23,"04","2020",1.65,27.33,"-20.125 150.275"
"11935765","2020-04-23T12:00:00Z",-20.775,150.425,"7.57",0,"27.490000000000002","1.3800000000000001",0,2020-04-23,"04","2020",7.57,27.49,"-20.775 150.425"
"11935766","2020-04-23T12:00:00Z",-20.775,150.475,"7.5200000000000005",0,"27.490000000000002","1.37",0,2020-04-23,"04","2020",7.52,27.49,"-20.775 150.475"
"11935845","2020-04-23T12:00:00Z",-20.825,150.375,"7.97",0,"27.52","1.43",0,2020-04-23,"04","2020",7.97,27.52,"-20.825 150.375"
"11935846","2020-04-23T12:00:00Z",-20.825,150.425,"8.02",0,"27.51","1.42",0,2020-04-23,"04","2020",8.02,27.51,"-20.825 150.425"
"11935924","2020-04-23T12:00:00Z",-20.875,150.275,"8.16",0,"27.560000000000002","1.46",0,2020-04-23,"04","2020",8.16,27.56,"-20.875 150.275"
"11939925","2020-04-23T12:00:00Z",-23.325,151.875,"7.6000000000000005",0,"26.38","1.31",0,2020-04-23,"04","2020",7.6,26.38,"-23.325 151.875"
"11940167","2020-04-23T12:00:00Z",-23.475,151.825,"8.49",0,"26.34","1.4000000000000001",0,2020-04-23,"04","2020",8.49,26.34,"-23.475 151.825"
"11940168","2020-04-23T12:00:00Z",-23.475,151.875,"8.120000000000001",0,"26.3","1.34",0,2020-04-23,"04","2020",8.12,26.3,"-23.475 151.875"
"11940170","2020-04-23T12:00:00Z",-23.475,151.975,"7.07",0,"26.29","1.25",0,2020-04-23,"04","2020",7.07,26.29,"-23.475 151.975"
"11980636","2020-04-30T12:00:00Z",-20.125,150.275,"1.6500000000000001",0,"26.96","1.02",0,2020-04-30,"04","2020",1.65,26.96,"-20.125 150.275"
"11981692","2020-04-30T12:00:00Z",-20.775,150.425,"7.41",0,"27.05","1.28",0,2020-04-30,"04","2020",7.41,27.05,"-20.775 150.425"
"11981693","2020-04-30T12:00:00Z",-20.775,150.475,"7.36",0,"27.05","1.27",0,2020-04-30,"04","2020",7.36,27.05,"-20.775 150.475"
"11981772","2020-04-30T12:00:00Z",-20.825,150.375,"7.66",0,"27.080000000000002","1.33",0,2020-04-30,"04","2020",7.66,27.08,"-20.825 150.375"
"11981773","2020-04-30T12:00:00Z",-20.825,150.425,"7.71",0,"27.080000000000002","1.33",0,2020-04-30,"04","2020",7.71,27.08,"-20.825 150.425"
"11981851","2020-04-30T12:00:00Z",-20.875,150.275,"7.83",0,"27.09","1.33",0,2020-04-30,"04","2020",7.83,27.09,"-20.875 150.275"
"11985852","2020-04-30T12:00:00Z",-23.325,151.875,"6.7700000000000005",0,"25.990000000000002","1.23",0,2020-04-30,"04","2020",6.77,25.99,"-23.325 151.875"
"11986094","2020-04-30T12:00:00Z",-23.475,151.825,"7.32",0,"25.93","1.33",0,2020-04-30,"04","2020",7.32,25.93,"-23.475 151.825"
"11986095","2020-04-30T12:00:00Z",-23.475,151.875,"7.12",0,"25.94","1.31",0,2020-04-30,"04","2020",7.12,25.94,"-23.475 151.875"
"11986097","2020-04-30T12:00:00Z",-23.475,151.975,"6.42",0,"26.05","1.33",0,2020-04-30,"04","2020",6.42,26.05,"-23.475 151.975"
"12026563","2020-05-07T12:00:00Z",-20.125,150.275,"1.6500000000000001",0,"26.38","0.74",0,2020-05-07,"05","2020",1.65,26.38,"-20.125 150.275"
"12027619","2020-05-07T12:00:00Z",-20.775,150.425,"6.140000000000001",0,"26.27","0.84",0,2020-05-07,"05","2020",6.14,26.27,"-20.775 150.425"
"12027620","2020-05-07T12:00:00Z",-20.775,150.475,"6.09",0,"26.27","0.8300000000000001",0,2020-05-07,"05","2020",6.09,26.27,"-20.775 150.475"
"12027699","2020-05-07T12:00:00Z",-20.825,150.375,"6.3500000000000005",0,"26.26","0.84",0,2020-05-07,"05","2020",6.35,26.26,"-20.825 150.375"
"12027700","2020-05-07T12:00:00Z",-20.825,150.425,"6.390000000000001",0,"26.26","0.84",0,2020-05-07,"05","2020",6.39,26.26,"-20.825 150.425"
"12027778","2020-05-07T12:00:00Z",-20.875,150.275,"6.48",0,"26.240000000000002","0.8200000000000001",0,2020-05-07,"05","2020",6.48,26.24,"-20.875 150.275"
"12031779","2020-05-07T12:00:00Z",-23.325,151.875,"5.66",0,"25.330000000000002","0.88",0,2020-05-07,"05","2020",5.66,25.33,"-23.325 151.875"
"12032021","2020-05-07T12:00:00Z",-23.475,151.825,"6.03",0,"24.97","0.71",0,2020-05-07,"05","2020",6.03,24.97,"-23.475 151.825"
"12032022","2020-05-07T12:00:00Z",-23.475,151.875,"5.87",0,"25.02","0.71",0,2020-05-07,"05","2020",5.87,25.02,"-23.475 151.875"
"12032024","2020-05-07T12:00:00Z",-23.475,151.975,"5.28",0,"25.12","0.71",0,2020-05-07,"05","2020",5.28,25.12,"-23.475 151.975"
"12072490","2020-05-14T12:00:00Z",-20.125,150.275,"0.61",0,"25.96","0.63",0,2020-05-14,"05","2020",0.61,25.96,"-20.125 150.275"
"12073546","2020-05-14T12:00:00Z",-20.775,150.425,"4.37",0,"25.810000000000002","0.71",0,2020-05-14,"05","2020",4.37,25.81,"-20.775 150.425"
"12073547","2020-05-14T12:00:00Z",-20.775,150.475,"4.32",0,"25.84","0.73",0,2020-05-14,"05","2020",4.32,25.84,"-20.775 150.475"
"12073626","2020-05-14T12:00:00Z",-20.825,150.375,"4.53",0,"25.79","0.71",0,2020-05-14,"05","2020",4.53,25.79,"-20.825 150.375"
"12073627","2020-05-14T12:00:00Z",-20.825,150.425,"4.5600000000000005",0,"25.810000000000002","0.73",0,2020-05-14,"05","2020",4.56,25.81,"-20.825 150.425"
"12073705","2020-05-14T12:00:00Z",-20.875,150.275,"4.59",0,"25.8","0.72",0,2020-05-14,"05","2020",4.59,25.8,"-20.875 150.275"
"12077706","2020-05-14T12:00:00Z",-23.325,151.875,"3.98",0,"25.150000000000002","1.01",0,2020-05-14,"05","2020",3.98,25.15,"-23.325 151.875"
"12077948","2020-05-14T12:00:00Z",-23.475,151.825,"4.2",0,"24.740000000000002","0.81",0,2020-05-14,"05","2020",4.2,24.74,"-23.475 151.825"
"12077949","2020-05-14T12:00:00Z",-23.475,151.875,"4.07",0,"24.82","0.8300000000000001",0,2020-05-14,"05","2020",4.07,24.82,"-23.475 151.875"
"12077951","2020-05-14T12:00:00Z",-23.475,151.975,"3.5700000000000003",0,"25.03","0.93",0,2020-05-14,"05","2020",3.57,25.03,"-23.475 151.975"
"12118417","2020-05-21T12:00:00Z",-20.125,150.275,"0.0",0,"25.52","0.51",0,2020-05-21,"05","2020",0,25.52,"-20.125 150.275"
"12119473","2020-05-21T12:00:00Z",-20.775,150.425,"2.81",0,"25.57","0.84",0,2020-05-21,"05","2020",2.81,25.57,"-20.775 150.425"
"12119474","2020-05-21T12:00:00Z",-20.775,150.475,"2.7800000000000002",0,"25.580000000000002","0.84",0,2020-05-21,"05","2020",2.78,25.58,"-20.775 150.475"
"12119553","2020-05-21T12:00:00Z",-20.825,150.375,"2.9",0,"25.57","0.87",0,2020-05-21,"05","2020",2.9,25.57,"-20.825 150.375"
"12119554","2020-05-21T12:00:00Z",-20.825,150.425,"2.92",0,"25.580000000000002","0.88",0,2020-05-21,"05","2020",2.92,25.58,"-20.825 150.425"
"12119632","2020-05-21T12:00:00Z",-20.875,150.275,"2.91",0,"25.54","0.84",0,2020-05-21,"05","2020",2.91,25.54,"-20.875 150.275"
"12123633","2020-05-21T12:00:00Z",-23.325,151.875,"2.47",0,"24.47","0.66",0,2020-05-21,"05","2020",2.47,24.47,"-23.325 151.875"
"12123875","2020-05-21T12:00:00Z",-23.475,151.825,"2.6",0,"24.150000000000002","0.59",0,2020-05-21,"05","2020",2.6,24.15,"-23.475 151.825"
"12123876","2020-05-21T12:00:00Z",-23.475,151.875,"2.5100000000000002",0,"24.26","0.63",0,2020-05-21,"05","2020",2.51,24.26,"-23.475 151.875"
"12123878","2020-05-21T12:00:00Z",-23.475,151.975,"2.11",0,"24.46","0.7000000000000001",0,2020-05-21,"05","2020",2.11,24.46,"-23.475 151.975"
"12164344","2020-05-28T12:00:00Z",-20.125,150.275,"0.0",0,"25.03","0.35000000000000003",0,2020-05-28,"05","2020",0,25.03,"-20.125 150.275"
"12165400","2020-05-28T12:00:00Z",-20.775,150.425,"1.32",0,"24.57","0.22",0,2020-05-28,"05","2020",1.32,24.57,"-20.775 150.425"
"12165401","2020-05-28T12:00:00Z",-20.775,150.475,"1.33",0,"24.62","0.25",0,2020-05-28,"05","2020",1.33,24.62,"-20.775 150.475"
"12165480","2020-05-28T12:00:00Z",-20.825,150.375,"1.37",0,"24.51","0.19",0,2020-05-28,"05","2020",1.37,24.51,"-20.825 150.375"
"12165481","2020-05-28T12:00:00Z",-20.825,150.425,"1.3900000000000001",0,"24.52","0.19",0,2020-05-28,"05","2020",1.39,24.52,"-20.825 150.425"
"12165559","2020-05-28T12:00:00Z",-20.875,150.275,"1.3900000000000001",0,"24.51","0.2",0,2020-05-28,"05","2020",1.39,24.51,"-20.875 150.275"
"12169560","2020-05-28T12:00:00Z",-23.325,151.875,"0.93",0,"23.75","0.29",0,2020-05-28,"05","2020",0.93,23.75,"-23.325 151.875"
"12169802","2020-05-28T12:00:00Z",-23.475,151.825,"0.9400000000000001",0,"23.330000000000002","0.13",0,2020-05-28,"05","2020",0.94,23.33,"-23.475 151.825"
"12169803","2020-05-28T12:00:00Z",-23.475,151.875,"0.92",0,"23.42","0.16",0,2020-05-28,"05","2020",0.92,23.42,"-23.475 151.875"
"12169805","2020-05-28T12:00:00Z",-23.475,151.975,"0.72",0,"23.6","0.19",0,2020-05-28,"05","2020",0.72,23.6,"-23.475 151.975"
"12210271","2020-06-04T12:00:00Z",-20.125,150.275,"0.0",0,"24.75","0.4",0,2020-06-04,"06","2020",0,24.75,"-20.125 150.275"
"12211327","2020-06-04T12:00:00Z",-20.775,150.425,"0.0",0,"24.28","0.31",0,2020-06-04,"06","2020",0,24.28,"-20.775 150.425"
"12211328","2020-06-04T12:00:00Z",-20.775,150.475,"0.0",0,"24.32","0.32",0,2020-06-04,"06","2020",0,24.32,"-20.775 150.475"
"12211407","2020-06-04T12:00:00Z",-20.825,150.375,"0.0",0,"24.23","0.29",0,2020-06-04,"06","2020",0,24.23,"-20.825 150.375"
"12211408","2020-06-04T12:00:00Z",-20.825,150.425,"0.0",0,"24.26","0.31",0,2020-06-04,"06","2020",0,24.26,"-20.825 150.425"
"12211486","2020-06-04T12:00:00Z",-20.875,150.275,"0.0",0,"24.2","0.28",0,2020-06-04,"06","2020",0,24.2,"-20.875 150.275"
"12215487","2020-06-04T12:00:00Z",-23.325,151.875,"0.0",0,"23.44","0.32",0,2020-06-04,"06","2020",0,23.44,"-23.325 151.875"
"12215729","2020-06-04T12:00:00Z",-23.475,151.825,"0.0",0,"23.03","0.2",0,2020-06-04,"06","2020",0,23.03,"-23.475 151.825"
"12215730","2020-06-04T12:00:00Z",-23.475,151.875,"0.0",0,"23.19","0.29",0,2020-06-04,"06","2020",0,23.19,"-23.475 151.875"
"12215732","2020-06-04T12:00:00Z",-23.475,151.975,"0.0",0,"23.47","0.41000000000000003",0,2020-06-04,"06","2020",0,23.47,"-23.475 151.975"
"12256198","2020-06-11T12:00:00Z",-20.125,150.275,"0.0",0,"24.36","0.34",0,2020-06-11,"06","2020",0,24.36,"-20.125 150.275"
"12257254","2020-06-11T12:00:00Z",-20.775,150.425,"0.0",0,"23.96","0.36",0,2020-06-11,"06","2020",0,23.96,"-20.775 150.425"
"12257255","2020-06-11T12:00:00Z",-20.775,150.475,"0.0",0,"23.990000000000002","0.37",0,2020-06-11,"06","2020",0,23.99,"-20.775 150.475"
"12257334","2020-06-11T12:00:00Z",-20.825,150.375,"0.0",0,"23.87","0.31",0,2020-06-11,"06","2020",0,23.87,"-20.825 150.375"
"12257335","2020-06-11T12:00:00Z",-20.825,150.425,"0.0",0,"23.92","0.35000000000000003",0,2020-06-11,"06","2020",0,23.92,"-20.825 150.425"
"12257413","2020-06-11T12:00:00Z",-20.875,150.275,"0.0",0,"23.76","0.23",0,2020-06-11,"06","2020",0,23.76,"-20.875 150.275"
"12261414","2020-06-11T12:00:00Z",-23.325,151.875,"0.0",0,"23.28","0.5",0,2020-06-11,"06","2020",0,23.28,"-23.325 151.875"
"12261656","2020-06-11T12:00:00Z",-23.475,151.825,"0.0",0,"22.87","0.41000000000000003",0,2020-06-11,"06","2020",0,22.87,"-23.475 151.825"
"12261657","2020-06-11T12:00:00Z",-23.475,151.875,"0.0",0,"22.95","0.41000000000000003",0,2020-06-11,"06","2020",0,22.95,"-23.475 151.875"
"12261659","2020-06-11T12:00:00Z",-23.475,151.975,"0.0",0,"23.14","0.43",0,2020-06-11,"06","2020",0,23.14,"-23.475 151.975"
"12302125","2020-06-18T12:00:00Z",-20.125,150.275,"0.0",0,"24.240000000000002","0.5",0,2020-06-18,"06","2020",0,24.24,"-20.125 150.275"
"12303181","2020-06-18T12:00:00Z",-20.775,150.425,"0.0",0,"23.830000000000002","0.55",0,2020-06-18,"06","2020",0,23.83,"-20.775 150.425"
"12303182","2020-06-18T12:00:00Z",-20.775,150.475,"0.0",0,"23.86","0.55",0,2020-06-18,"06","2020",0,23.86,"-20.775 150.475"
"12303261","2020-06-18T12:00:00Z",-20.825,150.375,"0.0",0,"23.77","0.53",0,2020-06-18,"06","2020",0,23.77,"-20.825 150.375"
"12303262","2020-06-18T12:00:00Z",-20.825,150.425,"0.0",0,"23.8","0.55",0,2020-06-18,"06","2020",0,23.8,"-20.825 150.425"
"12303340","2020-06-18T12:00:00Z",-20.875,150.275,"0.0",0,"23.71","0.51",0,2020-06-18,"06","2020",0,23.71,"-20.875 150.275"
"12307341","2020-06-18T12:00:00Z",-23.325,151.875,"0.0",0,"23.28","0.81",0,2020-06-18,"06","2020",0,23.28,"-23.325 151.875"
"12307583","2020-06-18T12:00:00Z",-23.475,151.825,"0.0",0,"22.97","0.8300000000000001",0,2020-06-18,"06","2020",0,22.97,"-23.475 151.825"
"12307584","2020-06-18T12:00:00Z",-23.475,151.875,"0.0",0,"23.05","0.8300000000000001",0,2020-06-18,"06","2020",0,23.05,"-23.475 151.875"
"12307586","2020-06-18T12:00:00Z",-23.475,151.975,"0.0",0,"23.19","0.79",0,2020-06-18,"06","2020",0,23.19,"-23.475 151.975"
"12348052","2020-06-25T12:00:00Z",-20.125,150.275,"0.0",0,"24.150000000000002","0.63",0,2020-06-25,"06","2020",0,24.15,"-20.125 150.275"
"12349108","2020-06-25T12:00:00Z",-20.775,150.425,"0.0",0,"23.6","0.55",0,2020-06-25,"06","2020",0,23.6,"-20.775 150.425"
"12349109","2020-06-25T12:00:00Z",-20.775,150.475,"0.0",0,"23.66","0.58",0,2020-06-25,"06","2020",0,23.66,"-20.775 150.475"
"12349188","2020-06-25T12:00:00Z",-20.825,150.375,"0.0",0,"23.53","0.53",0,2020-06-25,"06","2020",0,23.53,"-20.825 150.375"
"12349189","2020-06-25T12:00:00Z",-20.825,150.425,"0.0",0,"23.56","0.55",0,2020-06-25,"06","2020",0,23.56,"-20.825 150.425"
"12349267","2020-06-25T12:00:00Z",-20.875,150.275,"0.0",0,"23.51","0.56",0,2020-06-25,"06","2020",0,23.51,"-20.875 150.275"
"12353268","2020-06-25T12:00:00Z",-23.325,151.875,"0.0",0,"22.73","0.51",0,2020-06-25,"06","2020",0,22.73,"-23.325 151.875"
"12353510","2020-06-25T12:00:00Z",-23.475,151.825,"0.0",0,"22.32","0.45",0,2020-06-25,"06","2020",0,22.32,"-23.475 151.825"
"12353511","2020-06-25T12:00:00Z",-23.475,151.875,"0.0",0,"22.400000000000002","0.45",0,2020-06-25,"06","2020",0,22.4,"-23.475 151.875"
"12353513","2020-06-25T12:00:00Z",-23.475,151.975,"0.0",0,"22.6","0.47000000000000003",0,2020-06-25,"06","2020",0,22.6,"-23.475 151.975"
"12393979","2020-07-02T12:00:00Z",-20.125,150.275,"0.0",0,"23.85","0.55",0,2020-07-02,"07","2020",0,23.85,"-20.125 150.275"
"12395035","2020-07-02T12:00:00Z",-20.775,150.425,"0.0",0,"23.51","0.7000000000000001",0,2020-07-02,"07","2020",0,23.51,"-20.775 150.425"
"12395036","2020-07-02T12:00:00Z",-20.775,150.475,"0.0",0,"23.56","0.71",0,2020-07-02,"07","2020",0,23.56,"-20.775 150.475"
"12395115","2020-07-02T12:00:00Z",-20.825,150.375,"0.0",0,"23.41","0.65",0,2020-07-02,"07","2020",0,23.41,"-20.825 150.375"
"12395116","2020-07-02T12:00:00Z",-20.825,150.425,"0.0",0,"23.46","0.68",0,2020-07-02,"07","2020",0,23.46,"-20.825 150.425"
"12395194","2020-07-02T12:00:00Z",-20.875,150.275,"0.0",0,"23.32","0.62",0,2020-07-02,"07","2020",0,23.32,"-20.875 150.275"
"12399195","2020-07-02T12:00:00Z",-23.325,151.875,"0.0",0,"22.51","0.54",0,2020-07-02,"07","2020",0,22.51,"-23.325 151.875"
"12399437","2020-07-02T12:00:00Z",-23.475,151.825,"0.0",0,"22.04","0.43",0,2020-07-02,"07","2020",0,22.04,"-23.475 151.825"
"12399438","2020-07-02T12:00:00Z",-23.475,151.875,"0.0",0,"22.12","0.43",0,2020-07-02,"07","2020",0,22.12,"-23.475 151.875"
"12399440","2020-07-02T12:00:00Z",-23.475,151.975,"0.0",0,"22.34","0.47000000000000003",0,2020-07-02,"07","2020",0,22.34,"-23.475 151.975"
"12439906","2020-07-09T12:00:00Z",-20.125,150.275,"0.0",0,"23.52","0.43",0,2020-07-09,"07","2020",0,23.52,"-20.125 150.275"
"12440962","2020-07-09T12:00:00Z",-20.775,150.425,"0.0",0,"23.06","0.48",0,2020-07-09,"07","2020",0,23.06,"-20.775 150.425"
"12440963","2020-07-09T12:00:00Z",-20.775,150.475,"0.0",0,"23.11","0.49",0,2020-07-09,"07","2020",0,23.11,"-20.775 150.475"
"12441042","2020-07-09T12:00:00Z",-20.825,150.375,"0.0",0,"22.95","0.43",0,2020-07-09,"07","2020",0,22.95,"-20.825 150.375"
"12441043","2020-07-09T12:00:00Z",-20.825,150.425,"0.0",0,"23.02","0.48",0,2020-07-09,"07","2020",0,23.02,"-20.825 150.425"
"12441121","2020-07-09T12:00:00Z",-20.875,150.275,"0.0",0,"22.84","0.39",0,2020-07-09,"07","2020",0,22.84,"-20.875 150.275"
"12445122","2020-07-09T12:00:00Z",-23.325,151.875,"0.0",0,"22.52","0.8",0,2020-07-09,"07","2020",0,22.52,"-23.325 151.875"
"12445364","2020-07-09T12:00:00Z",-23.475,151.825,"0.0",0,"22.06","0.71",0,2020-07-09,"07","2020",0,22.06,"-23.475 151.825"
"12445365","2020-07-09T12:00:00Z",-23.475,151.875,"0.0",0,"22.18","0.75",0,2020-07-09,"07","2020",0,22.18,"-23.475 151.875"
"12445367","2020-07-09T12:00:00Z",-23.475,151.975,"0.0",0,"22.51","0.9",0,2020-07-09,"07","2020",0,22.51,"-23.475 151.975"
"12485833","2020-07-16T12:00:00Z",-20.125,150.275,"0.0",0,"23.25","0.36",0,2020-07-16,"07","2020",0,23.25,"-20.125 150.275"
"12486889","2020-07-16T12:00:00Z",-20.775,150.425,"0.0",0,"22.68","0.31",0,2020-07-16,"07","2020",0,22.68,"-20.775 150.425"
"12486890","2020-07-16T12:00:00Z",-20.775,150.475,"0.0",0,"22.76","0.35000000000000003",0,2020-07-16,"07","2020",0,22.76,"-20.775 150.475"
"12486969","2020-07-16T12:00:00Z",-20.825,150.375,"0.0",0,"22.57","0.27",0,2020-07-16,"07","2020",0,22.57,"-20.825 150.375"
"12486970","2020-07-16T12:00:00Z",-20.825,150.425,"0.0",0,"22.62","0.29",0,2020-07-16,"07","2020",0,22.62,"-20.825 150.425"
"12487048","2020-07-16T12:00:00Z",-20.875,150.275,"0.0",0,"22.5","0.27",0,2020-07-16,"07","2020",0,22.5,"-20.875 150.275"
"12491049","2020-07-16T12:00:00Z",-23.325,151.875,"0.0",0,"22.16","0.66",0,2020-07-16,"07","2020",0,22.16,"-23.325 151.875"
"12491291","2020-07-16T12:00:00Z",-23.475,151.825,"0.0",0,"21.77","0.66",0,2020-07-16,"07","2020",0,21.77,"-23.475 151.825"
"12491292","2020-07-16T12:00:00Z",-23.475,151.875,"0.0",0,"21.85","0.66",0,2020-07-16,"07","2020",0,21.85,"-23.475 151.875"
"12491294","2020-07-16T12:00:00Z",-23.475,151.975,"0.0",0,"22.21","0.84",0,2020-07-16,"07","2020",0,22.21,"-23.475 151.975"
"12531760","2020-07-23T12:00:00Z",-20.125,150.275,"0.0",0,"23.080000000000002","0.24",0,2020-07-23,"07","2020",0,23.08,"-20.125 150.275"
"12532816","2020-07-23T12:00:00Z",-20.775,150.425,"0.0",0,"22.6","0.31",0,2020-07-23,"07","2020",0,22.6,"-20.775 150.425"
"12532817","2020-07-23T12:00:00Z",-20.775,150.475,"0.0",0,"22.650000000000002","0.32",0,2020-07-23,"07","2020",0,22.65,"-20.775 150.475"
"12532896","2020-07-23T12:00:00Z",-20.825,150.375,"0.0",0,"22.52","0.3",0,2020-07-23,"07","2020",0,22.52,"-20.825 150.375"
"12532897","2020-07-23T12:00:00Z",-20.825,150.425,"0.0",0,"22.59","0.34",0,2020-07-23,"07","2020",0,22.59,"-20.825 150.425"
"12532975","2020-07-23T12:00:00Z",-20.875,150.275,"0.0",0,"22.29","0.13",0,2020-07-23,"07","2020",0,22.29,"-20.875 150.275"
"12536976","2020-07-23T12:00:00Z",-23.325,151.875,"0.0",0,"22.13","0.72",0,2020-07-23,"07","2020",0,22.13,"-23.325 151.875"
"12537218","2020-07-23T12:00:00Z",-23.475,151.825,"0.0",0,"21.66","0.63",0,2020-07-23,"07","2020",0,21.66,"-23.475 151.825"
"12537219","2020-07-23T12:00:00Z",-23.475,151.875,"0.0",0,"21.76","0.65",0,2020-07-23,"07","2020",0,21.76,"-23.475 151.875"
"12537221","2020-07-23T12:00:00Z",-23.475,151.975,"0.0",0,"21.97","0.6900000000000001",0,2020-07-23,"07","2020",0,21.97,"-23.475 151.975"
"12577687","2020-07-30T12:00:00Z",-20.125,150.275,"0.0",0,"23.02","0.24",0,2020-07-30,"07","2020",0,23.02,"-20.125 150.275"
"12578743","2020-07-30T12:00:00Z",-20.775,150.425,"0.0",0,"22.39","0.18",0,2020-07-30,"07","2020",0,22.39,"-20.775 150.425"
"12578744","2020-07-30T12:00:00Z",-20.775,150.475,"0.0",0,"22.46","0.21",0,2020-07-30,"07","2020",0,22.46,"-20.775 150.475"
"12578823","2020-07-30T12:00:00Z",-20.825,150.375,"0.0",0,"22.28","0.13",0,2020-07-30,"07","2020",0,22.28,"-20.825 150.375"
"12578824","2020-07-30T12:00:00Z",-20.825,150.425,"0.0",0,"22.32","0.15",0,2020-07-30,"07","2020",0,22.32,"-20.825 150.425"
"12578902","2020-07-30T12:00:00Z",-20.875,150.275,"0.0",0,"22.19","0.1",0,2020-07-30,"07","2020",0,22.19,"-20.875 150.275"
"12582903","2020-07-30T12:00:00Z",-23.325,151.875,"0.0",0,"21.66","0.34",0,2020-07-30,"07","2020",0,21.66,"-23.325 151.875"
"12583145","2020-07-30T12:00:00Z",-23.475,151.825,"0.0",0,"21.18","0.22",0,2020-07-30,"07","2020",0,21.18,"-23.475 151.825"
"12583146","2020-07-30T12:00:00Z",-23.475,151.875,"0.0",0,"21.29","0.26",0,2020-07-30,"07","2020",0,21.29,"-23.475 151.875"
"12583148","2020-07-30T12:00:00Z",-23.475,151.975,"0.0",0,"21.6","0.4",0,2020-07-30,"07","2020",0,21.6,"-23.475 151.975"
"12623614","2020-08-06T12:00:00Z",-20.125,150.275,"0.0",0,"23.27","0.55",0,2020-08-06,"08","2020",0,23.27,"-20.125 150.275"
"12624670","2020-08-06T12:00:00Z",-20.775,150.425,"0.0",0,"22.69","0.56",0,2020-08-06,"08","2020",0,22.69,"-20.775 150.425"
"12624671","2020-08-06T12:00:00Z",-20.775,150.475,"0.0",0,"22.72","0.55",0,2020-08-06,"08","2020",0,22.72,"-20.775 150.475"
"12624750","2020-08-06T12:00:00Z",-20.825,150.375,"0.0",0,"22.63","0.56",0,2020-08-06,"08","2020",0,22.63,"-20.825 150.375"
"12624751","2020-08-06T12:00:00Z",-20.825,150.425,"0.0",0,"22.67","0.58",0,2020-08-06,"08","2020",0,22.67,"-20.825 150.425"
"12624829","2020-08-06T12:00:00Z",-20.875,150.275,"0.0",0,"22.5","0.49",0,2020-08-06,"08","2020",0,22.5,"-20.875 150.275"
"12628830","2020-08-06T12:00:00Z",-23.325,151.875,"0.0",0,"21.88","0.65",0,2020-08-06,"08","2020",0,21.88,"-23.325 151.875"
"12629072","2020-08-06T12:00:00Z",-23.475,151.825,"0.0",0,"21.67","0.79",0,2020-08-06,"08","2020",0,21.67,"-23.475 151.825"
"12629073","2020-08-06T12:00:00Z",-23.475,151.875,"0.0",0,"21.77","0.8300000000000001",0,2020-08-06,"08","2020",0,21.77,"-23.475 151.875"
"12629075","2020-08-06T12:00:00Z",-23.475,151.975,"0.0",0,"21.97","0.85",0,2020-08-06,"08","2020",0,21.97,"-23.475 151.975"
"12669541","2020-08-13T12:00:00Z",-20.125,150.275,"0.0",0,"23.13","0.46",0,2020-08-13,"08","2020",0,23.13,"-20.125 150.275"
"12670597","2020-08-13T12:00:00Z",-20.775,150.425,"0.0",0,"22.39","0.34",0,2020-08-13,"08","2020",0,22.39,"-20.775 150.425"
"12670598","2020-08-13T12:00:00Z",-20.775,150.475,"0.0",0,"22.47","0.38",0,2020-08-13,"08","2020",0,22.47,"-20.775 150.475"
"12670677","2020-08-13T12:00:00Z",-20.825,150.375,"0.0",0,"22.27","0.28",0,2020-08-13,"08","2020",0,22.27,"-20.825 150.375"
"12670678","2020-08-13T12:00:00Z",-20.825,150.425,"0.0",0,"22.31","0.3",0,2020-08-13,"08","2020",0,22.31,"-20.825 150.425"
"12670756","2020-08-13T12:00:00Z",-20.875,150.275,"0.0",0,"22.26","0.32",0,2020-08-13,"08","2020",0,22.26,"-20.875 150.275"
"12674757","2020-08-13T12:00:00Z",-23.325,151.875,"0.0",0,"21.63","0.49",0,2020-08-13,"08","2020",0,21.63,"-23.325 151.875"
"12674999","2020-08-13T12:00:00Z",-23.475,151.825,"0.0",0,"21.37","0.5700000000000001",0,2020-08-13,"08","2020",0,21.37,"-23.475 151.825"
"12675000","2020-08-13T12:00:00Z",-23.475,151.875,"0.0",0,"21.41","0.55",0,2020-08-13,"08","2020",0,21.41,"-23.475 151.875"
"12675002","2020-08-13T12:00:00Z",-23.475,151.975,"0.0",0,"21.5","0.47000000000000003",0,2020-08-13,"08","2020",0,21.5,"-23.475 151.975"
"12715468","2020-08-20T12:00:00Z",-20.125,150.275,"0.0",0,"23.41","0.67",0,2020-08-20,"08","2020",0,23.41,"-20.125 150.275"
"12716524","2020-08-20T12:00:00Z",-20.775,150.425,"0.0",0,"22.78","0.64",0,2020-08-20,"08","2020",0,22.78,"-20.775 150.425"
"12716525","2020-08-20T12:00:00Z",-20.775,150.475,"0.0",0,"22.830000000000002","0.65",0,2020-08-20,"08","2020",0,22.83,"-20.775 150.475"
"12716604","2020-08-20T12:00:00Z",-20.825,150.375,"0.0",0,"22.69","0.6",0,2020-08-20,"08","2020",0,22.69,"-20.825 150.375"
"12716605","2020-08-20T12:00:00Z",-20.825,150.425,"0.0",0,"22.7","0.6",0,2020-08-20,"08","2020",0,22.7,"-20.825 150.425"
"12716683","2020-08-20T12:00:00Z",-20.875,150.275,"0.0",0,"22.740000000000002","0.6900000000000001",0,2020-08-20,"08","2020",0,22.74,"-20.875 150.275"
"12720684","2020-08-20T12:00:00Z",-23.325,151.875,"0.0",0,"21.55","0.37",0,2020-08-20,"08","2020",0,21.55,"-23.325 151.875"
"12720926","2020-08-20T12:00:00Z",-23.475,151.825,"0.0",0,"21.45","0.58",0,2020-08-20,"08","2020",0,21.45,"-23.475 151.825"
"12720927","2020-08-20T12:00:00Z",-23.475,151.875,"0.0",0,"21.45","0.52",0,2020-08-20,"08","2020",0,21.45,"-23.475 151.875"
"12720929","2020-08-20T12:00:00Z",-23.475,151.975,"0.0",0,"21.46","0.38",0,2020-08-20,"08","2020",0,21.46,"-23.475 151.975"
"12761395","2020-08-27T12:00:00Z",-20.125,150.275,"0.0",0,"23.14","0.27",0,2020-08-27,"08","2020",0,23.14,"-20.125 150.275"
"12762451","2020-08-27T12:00:00Z",-20.775,150.425,"0.0",0,"22.61","0.31",0,2020-08-27,"08","2020",0,22.61,"-20.775 150.425"
"12762452","2020-08-27T12:00:00Z",-20.775,150.475,"0.0",0,"22.69","0.36",0,2020-08-27,"08","2020",0,22.69,"-20.775 150.475"
"12762531","2020-08-27T12:00:00Z",-20.825,150.375,"0.0",0,"22.52","0.26",0,2020-08-27,"08","2020",0,22.52,"-20.825 150.375"
"12762532","2020-08-27T12:00:00Z",-20.825,150.425,"0.0",0,"22.57","0.31",0,2020-08-27,"08","2020",0,22.57,"-20.825 150.425"
"12762610","2020-08-27T12:00:00Z",-20.875,150.275,"0.0",0,"22.51","0.28",0,2020-08-27,"08","2020",0,22.51,"-20.875 150.275"
"12766611","2020-08-27T12:00:00Z",-23.325,151.875,"0.0",0,"21.7","0.43",0,2020-08-27,"08","2020",0,21.7,"-23.325 151.875"
"12766853","2020-08-27T12:00:00Z",-23.475,151.825,"0.0",0,"21.2","0.2",0,2020-08-27,"08","2020",0,21.2,"-23.475 151.825"
"12766854","2020-08-27T12:00:00Z",-23.475,151.875,"0.0",0,"21.31","0.26",0,2020-08-27,"08","2020",0,21.31,"-23.475 151.875"
"12766856","2020-08-27T12:00:00Z",-23.475,151.975,"0.0",0,"21.59","0.42",0,2020-08-27,"08","2020",0,21.59,"-23.475 151.975"
"12807322","2020-09-03T12:00:00Z",-20.125,150.275,"0.0",0,"23.28","0.29",0,2020-09-03,"09","2020",0,23.28,"-20.125 150.275"
"12808378","2020-09-03T12:00:00Z",-20.775,150.425,"0.0",0,"22.6","0.14",0,2020-09-03,"09","2020",0,22.6,"-20.775 150.425"
"12808379","2020-09-03T12:00:00Z",-20.775,150.475,"0.0",0,"22.64","0.16",0,2020-09-03,"09","2020",0,22.64,"-20.775 150.475"
"12808458","2020-09-03T12:00:00Z",-20.825,150.375,"0.0",0,"22.53","0.11",0,2020-09-03,"09","2020",0,22.53,"-20.825 150.375"
"12808459","2020-09-03T12:00:00Z",-20.825,150.425,"0.0",0,"22.54","0.11",0,2020-09-03,"09","2020",0,22.54,"-20.825 150.425"
"12808537","2020-09-03T12:00:00Z",-20.875,150.275,"0.0",0,"22.55","0.14",0,2020-09-03,"09","2020",0,22.55,"-20.875 150.275"
"12812538","2020-09-03T12:00:00Z",-23.325,151.875,"0.0",0,"21.71","0.34",0,2020-09-03,"09","2020",0,21.71,"-23.325 151.875"
"12812780","2020-09-03T12:00:00Z",-23.475,151.825,"0.0",0,"21.32","0.19",0,2020-09-03,"09","2020",0,21.32,"-23.475 151.825"
"12812781","2020-09-03T12:00:00Z",-23.475,151.875,"0.0",0,"21.31","0.15",0,2020-09-03,"09","2020",0,21.31,"-23.475 151.875"
"12812783","2020-09-03T12:00:00Z",-23.475,151.975,"0.0",0,"21.37","0.1",0,2020-09-03,"09","2020",0,21.37,"-23.475 151.975"
"12853249","2020-09-10T12:00:00Z",-20.125,150.275,"0.0",0,"23.56","0.44",0,2020-09-10,"09","2020",0,23.56,"-20.125 150.275"
"12854305","2020-09-10T12:00:00Z",-20.775,150.425,"0.0",0,"22.85","0.23",0,2020-09-10,"09","2020",0,22.85,"-20.775 150.425"
"12854306","2020-09-10T12:00:00Z",-20.775,150.475,"0.0",0,"22.91","0.28",0,2020-09-10,"09","2020",0,22.91,"-20.775 150.475"
"12854385","2020-09-10T12:00:00Z",-20.825,150.375,"0.0",0,"22.72","0.13",0,2020-09-10,"09","2020",0,22.72,"-20.825 150.375"
"12854386","2020-09-10T12:00:00Z",-20.825,150.425,"0.0",0,"22.79","0.2",0,2020-09-10,"09","2020",0,22.79,"-20.825 150.425"
"12854464","2020-09-10T12:00:00Z",-20.875,150.275,"0.0",0,"22.63","0.04",0,2020-09-10,"09","2020",0,22.63,"-20.875 150.275"
"12858465","2020-09-10T12:00:00Z",-23.325,151.875,"0.0",0,"21.91","0.45",0,2020-09-10,"09","2020",0,21.91,"-23.325 151.875"
"12858707","2020-09-10T12:00:00Z",-23.475,151.825,"0.0",0,"21.67","0.41000000000000003",0,2020-09-10,"09","2020",0,21.67,"-23.475 151.825"
"12858708","2020-09-10T12:00:00Z",-23.475,151.875,"0.0",0,"21.72","0.44",0,2020-09-10,"09","2020",0,21.72,"-23.475 151.875"
"12858710","2020-09-10T12:00:00Z",-23.475,151.975,"0.0",0,"21.900000000000002","0.54",0,2020-09-10,"09","2020",0,21.9,"-23.475 151.975"
"12899176","2020-09-17T12:00:00Z",-20.125,150.275,"0.0",0,"23.73","0.44",0,2020-09-17,"09","2020",0,23.73,"-20.125 150.275"
"12900232","2020-09-17T12:00:00Z",-20.775,150.425,"0.0",0,"23.04","0.21",0,2020-09-17,"09","2020",0,23.04,"-20.775 150.425"
"12900233","2020-09-17T12:00:00Z",-20.775,150.475,"0.0",0,"23.11","0.27",0,2020-09-17,"09","2020",0,23.11,"-20.775 150.475"
"12900312","2020-09-17T12:00:00Z",-20.825,150.375,"0.0",0,"22.95","0.13",0,2020-09-17,"09","2020",0,22.95,"-20.825 150.375"
"12900313","2020-09-17T12:00:00Z",-20.825,150.425,"0.0",0,"23.0","0.19",0,2020-09-17,"09","2020",0,23,"-20.825 150.425"
"12900391","2020-09-17T12:00:00Z",-20.875,150.275,"0.0",0,"22.91","0.08",0,2020-09-17,"09","2020",0,22.91,"-20.875 150.275"
"12904392","2020-09-17T12:00:00Z",-23.325,151.875,"0.0",0,"21.96","0.34",0,2020-09-17,"09","2020",0,21.96,"-23.325 151.875"
"12904634","2020-09-17T12:00:00Z",-23.475,151.825,"0.0",0,"21.91","0.46",0,2020-09-17,"09","2020",0,21.91,"-23.475 151.825"
"12904635","2020-09-17T12:00:00Z",-23.475,151.875,"0.0",0,"21.93","0.46",0,2020-09-17,"09","2020",0,21.93,"-23.475 151.875"
"12904637","2020-09-17T12:00:00Z",-23.475,151.975,"0.0",0,"21.97","0.45",0,2020-09-17,"09","2020",0,21.97,"-23.475 151.975"
"12945103","2020-09-24T12:00:00Z",-20.125,150.275,"0.0",0,"24.3","0.71",0,2020-09-24,"09","2020",0,24.3,"-20.125 150.275"
"12946159","2020-09-24T12:00:00Z",-20.775,150.425,"0.0",0,"23.8","0.6",0,2020-09-24,"09","2020",0,23.8,"-20.775 150.425"
"12946160","2020-09-24T12:00:00Z",-20.775,150.475,"0.0",0,"23.86","0.66",0,2020-09-24,"09","2020",0,23.86,"-20.775 150.475"
"12946239","2020-09-24T12:00:00Z",-20.825,150.375,"0.0",0,"23.75","0.56",0,2020-09-24,"09","2020",0,23.75,"-20.825 150.375"
"12946240","2020-09-24T12:00:00Z",-20.825,150.425,"0.0",0,"23.77","0.59",0,2020-09-24,"09","2020",0,23.77,"-20.825 150.425"
"12946318","2020-09-24T12:00:00Z",-20.875,150.275,"0.0",0,"23.78","0.58",0,2020-09-24,"09","2020",0,23.78,"-20.875 150.275"
"12950319","2020-09-24T12:00:00Z",-23.325,151.875,"0.0",0,"22.42","0.5",0,2020-09-24,"09","2020",0,22.42,"-23.325 151.875"
"12950561","2020-09-24T12:00:00Z",-23.475,151.825,"0.0",0,"22.36","0.5700000000000001",0,2020-09-24,"09","2020",0,22.36,"-23.475 151.825"
"12950562","2020-09-24T12:00:00Z",-23.475,151.875,"0.0",0,"22.37","0.5700000000000001",0,2020-09-24,"09","2020",0,22.37,"-23.475 151.875"
"12950564","2020-09-24T12:00:00Z",-23.475,151.975,"0.0",0,"22.37","0.53",0,2020-09-24,"09","2020",0,22.37,"-23.475 151.975"
"12991030","2020-10-01T12:00:00Z",-20.125,150.275,"0.0",0,"24.21","0.33",0,2020-10-01,"10","2020",0,24.21,"-20.125 150.275"
"12992086","2020-10-01T12:00:00Z",-20.775,150.425,"0.0",0,"23.78","0.22",0,2020-10-01,"10","2020",0,23.78,"-20.775 150.425"
"12992087","2020-10-01T12:00:00Z",-20.775,150.475,"0.0",0,"23.82","0.25",0,2020-10-01,"10","2020",0,23.82,"-20.775 150.475"
"12992166","2020-10-01T12:00:00Z",-20.825,150.375,"0.0",0,"23.72","0.16",0,2020-10-01,"10","2020",0,23.72,"-20.825 150.375"
"12992167","2020-10-01T12:00:00Z",-20.825,150.425,"0.0",0,"23.75","0.2",0,2020-10-01,"10","2020",0,23.75,"-20.825 150.425"
"12992245","2020-10-01T12:00:00Z",-20.875,150.275,"0.0",0,"23.71","0.13",0,2020-10-01,"10","2020",0,23.71,"-20.875 150.275"
"12996246","2020-10-01T12:00:00Z",-23.325,151.875,"0.0",0,"22.73","0.51",0,2020-10-01,"10","2020",0,22.73,"-23.325 151.875"
"12996488","2020-10-01T12:00:00Z",-23.475,151.825,"0.0",0,"22.56","0.43",0,2020-10-01,"10","2020",0,22.56,"-23.475 151.825"
"12996489","2020-10-01T12:00:00Z",-23.475,151.875,"0.0",0,"22.63","0.49",0,2020-10-01,"10","2020",0,22.63,"-23.475 151.875"
"12996491","2020-10-01T12:00:00Z",-23.475,151.975,"0.0",0,"22.73","0.56",0,2020-10-01,"10","2020",0,22.73,"-23.475 151.975"
"13036957","2020-10-08T12:00:00Z",-20.125,150.275,"0.0",0,"24.490000000000002","0.31",0,2020-10-08,"10","2020",0,24.49,"-20.125 150.275"
"13038013","2020-10-08T12:00:00Z",-20.775,150.425,"0.0",0,"24.07","0.14",0,2020-10-08,"10","2020",0,24.07,"-20.775 150.425"
"13038014","2020-10-08T12:00:00Z",-20.775,150.475,"0.0",0,"24.09","0.16",0,2020-10-08,"10","2020",0,24.09,"-20.775 150.475"
"13038093","2020-10-08T12:00:00Z",-20.825,150.375,"0.0",0,"24.02","0.09",0,2020-10-08,"10","2020",0,24.02,"-20.825 150.375"
"13038094","2020-10-08T12:00:00Z",-20.825,150.425,"0.0",0,"24.02","0.1",0,2020-10-08,"10","2020",0,24.02,"-20.825 150.425"
"13038172","2020-10-08T12:00:00Z",-20.875,150.275,"0.0",0,"24.01","0.06",0,2020-10-08,"10","2020",0,24.01,"-20.875 150.275"
"13042173","2020-10-08T12:00:00Z",-23.325,151.875,"0.0",0,"23.05","0.53",0,2020-10-08,"10","2020",0,23.05,"-23.325 151.875"
"13042415","2020-10-08T12:00:00Z",-23.475,151.825,"0.0",0,"22.96","0.49",0,2020-10-08,"10","2020",0,22.96,"-23.475 151.825"
"13042416","2020-10-08T12:00:00Z",-23.475,151.875,"0.0",0,"22.96","0.49",0,2020-10-08,"10","2020",0,22.96,"-23.475 151.875"
"13042418","2020-10-08T12:00:00Z",-23.475,151.975,"0.0",0,"22.98","0.49",0,2020-10-08,"10","2020",0,22.98,"-23.475 151.975"
"13082884","2020-10-15T12:00:00Z",-20.125,150.275,"0.0",0,"24.75","0.28",0,2020-10-15,"10","2020",0,24.75,"-20.125 150.275"
"13083940","2020-10-15T12:00:00Z",-20.775,150.425,"0.0",0,"24.310000000000002","0.02",0,2020-10-15,"10","2020",0,24.31,"-20.775 150.425"
"13083941","2020-10-15T12:00:00Z",-20.775,150.475,"0.0",0,"24.330000000000002","0.04",0,2020-10-15,"10","2020",0,24.33,"-20.775 150.475"
"13084020","2020-10-15T12:00:00Z",-20.825,150.375,"0.0",0,"24.26","-0.04",0,2020-10-15,"10","2020",0,24.26,"-20.825 150.375"
"13084021","2020-10-15T12:00:00Z",-20.825,150.425,"0.0",0,"24.28","-0.01",0,2020-10-15,"10","2020",0,24.28,"-20.825 150.425"
"13084099","2020-10-15T12:00:00Z",-20.875,150.275,"0.0",0,"24.23","-0.1",0,2020-10-15,"10","2020",0,24.23,"-20.875 150.275"
"13088100","2020-10-15T12:00:00Z",-23.325,151.875,"0.0",0,"23.11","0.29",0,2020-10-15,"10","2020",0,23.11,"-23.325 151.875"
"13088342","2020-10-15T12:00:00Z",-23.475,151.825,"0.0",0,"23.09","0.28",0,2020-10-15,"10","2020",0,23.09,"-23.475 151.825"
"13088343","2020-10-15T12:00:00Z",-23.475,151.875,"0.0",0,"23.09","0.28",0,2020-10-15,"10","2020",0,23.09,"-23.475 151.875"
"13088345","2020-10-15T12:00:00Z",-23.475,151.975,"0.0",0,"23.12","0.31",0,2020-10-15,"10","2020",0,23.12,"-23.475 151.975"
"13128811","2020-10-22T12:00:00Z",-20.125,150.275,"0.0",0,"24.900000000000002","0.11",0,2020-10-22,"10","2020",0,24.9,"-20.125 150.275"
"13129867","2020-10-22T12:00:00Z",-20.775,150.425,"0.0",0,"24.64","-0.01",0,2020-10-22,"10","2020",0,24.64,"-20.775 150.425"
"13129868","2020-10-22T12:00:00Z",-20.775,150.475,"0.0",0,"24.650000000000002","0.0",0,2020-10-22,"10","2020",0,24.65,"-20.775 150.475"
"13129947","2020-10-22T12:00:00Z",-20.825,150.375,"0.0",0,"24.66","-0.01",0,2020-10-22,"10","2020",0,24.66,"-20.825 150.375"
"13129948","2020-10-22T12:00:00Z",-20.825,150.425,"0.0",0,"24.64","-0.01",0,2020-10-22,"10","2020",0,24.64,"-20.825 150.425"
"13130026","2020-10-22T12:00:00Z",-20.875,150.275,"0.0",0,"24.73","0.04",0,2020-10-22,"10","2020",0,24.73,"-20.875 150.275"
"13134027","2020-10-22T12:00:00Z",-23.325,151.875,"0.0",0,"23.400000000000002","0.24",0,2020-10-22,"10","2020",0,23.4,"-23.325 151.875"
"13134269","2020-10-22T12:00:00Z",-23.475,151.825,"0.0",0,"23.46","0.3",0,2020-10-22,"10","2020",0,23.46,"-23.475 151.825"
"13134270","2020-10-22T12:00:00Z",-23.475,151.875,"0.0",0,"23.490000000000002","0.33",0,2020-10-22,"10","2020",0,23.49,"-23.475 151.875"
"13134272","2020-10-22T12:00:00Z",-23.475,151.975,"0.0",0,"23.52","0.37",0,2020-10-22,"10","2020",0,23.52,"-23.475 151.975"
"13174738","2020-10-29T12:00:00Z",-20.125,150.275,"0.0",0,"25.48","0.36",0,2020-10-29,"10","2020",0,25.48,"-20.125 150.275"
"13175794","2020-10-29T12:00:00Z",-20.775,150.425,"0.0",0,"25.47","0.46",0,2020-10-29,"10","2020",0,25.47,"-20.775 150.425"
"13175795","2020-10-29T12:00:00Z",-20.775,150.475,"0.0",0,"25.46","0.45",0,2020-10-29,"10","2020",0,25.46,"-20.775 150.475"
"13175874","2020-10-29T12:00:00Z",-20.825,150.375,"0.0",0,"25.57","0.54",0,2020-10-29,"10","2020",0,25.57,"-20.825 150.375"
"13175875","2020-10-29T12:00:00Z",-20.825,150.425,"0.0",0,"25.55","0.53",0,2020-10-29,"10","2020",0,25.55,"-20.825 150.425"
"13175953","2020-10-29T12:00:00Z",-20.875,150.275,"0.0",0,"25.740000000000002","0.68",0,2020-10-29,"10","2020",0,25.74,"-20.875 150.275"
"13179954","2020-10-29T12:00:00Z",-23.325,151.875,"0.0",0,"24.080000000000002","0.5700000000000001",0,2020-10-29,"10","2020",0,24.08,"-23.325 151.875"
"13180196","2020-10-29T12:00:00Z",-23.475,151.825,"0.0",0,"24.23","0.72",0,2020-10-29,"10","2020",0,24.23,"-23.475 151.825"
"13180197","2020-10-29T12:00:00Z",-23.475,151.875,"0.0",0,"24.22","0.71",0,2020-10-29,"10","2020",0,24.22,"-23.475 151.875"
"13180199","2020-10-29T12:00:00Z",-23.475,151.975,"0.0",0,"24.2","0.7000000000000001",0,2020-10-29,"10","2020",0,24.2,"-23.475 151.975"
"13220665","2020-11-05T12:00:00Z",-20.125,150.275,"0.0",0,"25.82","0.38",0,2020-11-05,"11","2020",0,25.82,"-20.125 150.275"
"13221721","2020-11-05T12:00:00Z",-20.775,150.425,"0.0",0,"25.86","0.49",0,2020-11-05,"11","2020",0,25.86,"-20.775 150.425"
"13221722","2020-11-05T12:00:00Z",-20.775,150.475,"0.0",0,"25.85","0.48",0,2020-11-05,"11","2020",0,25.85,"-20.775 150.475"
"13221801","2020-11-05T12:00:00Z",-20.825,150.375,"0.0",0,"25.900000000000002","0.5",0,2020-11-05,"11","2020",0,25.9,"-20.825 150.375"
"13221802","2020-11-05T12:00:00Z",-20.825,150.425,"0.0",0,"25.89","0.51",0,2020-11-05,"11","2020",0,25.89,"-20.825 150.425"
"13221880","2020-11-05T12:00:00Z",-20.875,150.275,"0.0",0,"25.94","0.52",0,2020-11-05,"11","2020",0,25.94,"-20.875 150.275"
"13225881","2020-11-05T12:00:00Z",-23.325,151.875,"0.0",0,"24.37","0.52",0,2020-11-05,"11","2020",0,24.37,"-23.325 151.875"
"13226123","2020-11-05T12:00:00Z",-23.475,151.825,"0.0",0,"24.5","0.63",0,2020-11-05,"11","2020",0,24.5,"-23.475 151.825"
"13226124","2020-11-05T12:00:00Z",-23.475,151.875,"0.0",0,"24.47","0.61",0,2020-11-05,"11","2020",0,24.47,"-23.475 151.875"
"13226126","2020-11-05T12:00:00Z",-23.475,151.975,"0.0",0,"24.39","0.55",0,2020-11-05,"11","2020",0,24.39,"-23.475 151.975"
"13266592","2020-11-12T12:00:00Z",-20.125,150.275,"0.0",0,"25.85","0.09",0,2020-11-12,"11","2020",0,25.85,"-20.125 150.275"
"13267648","2020-11-12T12:00:00Z",-20.775,150.425,"0.0",0,"25.93","0.19",0,2020-11-12,"11","2020",0,25.93,"-20.775 150.425"
"13267649","2020-11-12T12:00:00Z",-20.775,150.475,"0.0",0,"25.92","0.19",0,2020-11-12,"11","2020",0,25.92,"-20.775 150.475"
"13267728","2020-11-12T12:00:00Z",-20.825,150.375,"0.0",0,"25.97","0.21",0,2020-11-12,"11","2020",0,25.97,"-20.825 150.375"
"13267729","2020-11-12T12:00:00Z",-20.825,150.425,"0.0",0,"25.96","0.22",0,2020-11-12,"11","2020",0,25.96,"-20.825 150.425"
"13267807","2020-11-12T12:00:00Z",-20.875,150.275,"0.0",0,"26.02","0.24",0,2020-11-12,"11","2020",0,26.02,"-20.875 150.275"
"13271808","2020-11-12T12:00:00Z",-23.325,151.875,"0.0",0,"24.27","0.08",0,2020-11-12,"11","2020",0,24.27,"-23.325 151.875"
"13272050","2020-11-12T12:00:00Z",-23.475,151.825,"0.0",0,"24.27","0.05",0,2020-11-12,"11","2020",0,24.27,"-23.475 151.825"
"13272051","2020-11-12T12:00:00Z",-23.475,151.875,"0.0",0,"24.28","0.07",0,2020-11-12,"11","2020",0,24.28,"-23.475 151.875"
"13272053","2020-11-12T12:00:00Z",-23.475,151.975,"0.0",0,"24.3","0.12",0,2020-11-12,"11","2020",0,24.3,"-23.475 151.975"
"13312519","2020-11-19T12:00:00Z",-20.125,150.275,"0.0",0,"26.17","0.14",0,2020-11-19,"11","2020",0,26.17,"-20.125 150.275"
"13313575","2020-11-19T12:00:00Z",-20.775,150.425,"0.0",0,"26.21","0.18",0,2020-11-19,"11","2020",0,26.21,"-20.775 150.425"
"13313576","2020-11-19T12:00:00Z",-20.775,150.475,"0.0",0,"26.2","0.18",0,2020-11-19,"11","2020",0,26.2,"-20.775 150.475"
"13313655","2020-11-19T12:00:00Z",-20.825,150.375,"0.0",0,"26.240000000000002","0.18",0,2020-11-19,"11","2020",0,26.24,"-20.825 150.375"
"13313656","2020-11-19T12:00:00Z",-20.825,150.425,"0.0",0,"26.23","0.19",0,2020-11-19,"11","2020",0,26.23,"-20.825 150.425"
"13313734","2020-11-19T12:00:00Z",-20.875,150.275,"0.0",0,"26.3","0.22",0,2020-11-19,"11","2020",0,26.3,"-20.875 150.275"
"13317735","2020-11-19T12:00:00Z",-23.325,151.875,"0.0",0,"24.97","0.43",0,2020-11-19,"11","2020",0,24.97,"-23.325 151.875"
"13317977","2020-11-19T12:00:00Z",-23.475,151.825,"0.0",0,"25.03","0.46",0,2020-11-19,"11","2020",0,25.03,"-23.475 151.825"
"13317978","2020-11-19T12:00:00Z",-23.475,151.875,"0.0",0,"25.0","0.44",0,2020-11-19,"11","2020",0,25,"-23.475 151.875"
"13317980","2020-11-19T12:00:00Z",-23.475,151.975,"0.0",0,"24.98","0.46",0,2020-11-19,"11","2020",0,24.98,"-23.475 151.975"
"13358446","2020-11-26T12:00:00Z",-20.125,150.275,"0.0",0,"26.3","0.06",0,2020-11-26,"11","2020",0,26.3,"-20.125 150.275"
"13359502","2020-11-26T12:00:00Z",-20.775,150.425,"0.0",0,"26.43","0.15",0,2020-11-26,"11","2020",0,26.43,"-20.775 150.425"
"13359503","2020-11-26T12:00:00Z",-20.775,150.475,"0.0",0,"26.45","0.17",0,2020-11-26,"11","2020",0,26.45,"-20.775 150.475"
"13359582","2020-11-26T12:00:00Z",-20.825,150.375,"0.0",0,"26.43","0.12",0,2020-11-26,"11","2020",0,26.43,"-20.825 150.375"
"13359583","2020-11-26T12:00:00Z",-20.825,150.425,"0.0",0,"26.44","0.15",0,2020-11-26,"11","2020",0,26.44,"-20.825 150.425"
"13359661","2020-11-26T12:00:00Z",-20.875,150.275,"0.0",0,"26.44","0.12",0,2020-11-26,"11","2020",0,26.44,"-20.875 150.275"
"13363662","2020-11-26T12:00:00Z",-23.325,151.875,"0.0",0,"25.39","0.51",0,2020-11-26,"11","2020",0,25.39,"-23.325 151.875"
"13363904","2020-11-26T12:00:00Z",-23.475,151.825,"0.0",0,"25.45","0.53",0,2020-11-26,"11","2020",0,25.45,"-23.475 151.825"
"13363905","2020-11-26T12:00:00Z",-23.475,151.875,"0.0",0,"25.44","0.54",0,2020-11-26,"11","2020",0,25.44,"-23.475 151.875"
"13363907","2020-11-26T12:00:00Z",-23.475,151.975,"0.0",0,"25.43","0.5700000000000001",0,2020-11-26,"11","2020",0,25.43,"-23.475 151.975"
"13404373","2020-12-03T12:00:00Z",-20.125,150.275,"0.0",0,"26.75","0.29",0,2020-12-03,"12","2020",0,26.75,"-20.125 150.275"
"13405429","2020-12-03T12:00:00Z",-20.775,150.425,"0.0",0,"26.73","0.2",0,2020-12-03,"12","2020",0,26.73,"-20.775 150.425"
"13405430","2020-12-03T12:00:00Z",-20.775,150.475,"0.0",0,"26.740000000000002","0.21",0,2020-12-03,"12","2020",0,26.74,"-20.775 150.475"
"13405509","2020-12-03T12:00:00Z",-20.825,150.375,"0.0",0,"26.75","0.2",0,2020-12-03,"12","2020",0,26.75,"-20.825 150.375"
"13405510","2020-12-03T12:00:00Z",-20.825,150.425,"0.0",0,"26.76","0.22",0,2020-12-03,"12","2020",0,26.76,"-20.825 150.425"
"13405588","2020-12-03T12:00:00Z",-20.875,150.275,"0.0",0,"26.79","0.23",0,2020-12-03,"12","2020",0,26.79,"-20.875 150.275"
"13409589","2020-12-03T12:00:00Z",-23.325,151.875,"0.0",0,"25.86","0.64",0,2020-12-03,"12","2020",0,25.86,"-23.325 151.875"
"13409831","2020-12-03T12:00:00Z",-23.475,151.825,"0.0",0,"25.990000000000002","0.73",0,2020-12-03,"12","2020",0,25.99,"-23.475 151.825"
"13409832","2020-12-03T12:00:00Z",-23.475,151.875,"0.0",0,"25.95","0.71",0,2020-12-03,"12","2020",0,25.95,"-23.475 151.875"
"13409834","2020-12-03T12:00:00Z",-23.475,151.975,"0.0",0,"25.93","0.74",0,2020-12-03,"12","2020",0,25.93,"-23.475 151.975"
"13450300","2020-12-10T12:00:00Z",-20.125,150.275,"0.0",0,"27.04","0.36",0,2020-12-10,"12","2020",0,27.04,"-20.125 150.275"
"13451356","2020-12-10T12:00:00Z",-20.775,150.425,"0.0",0,"27.07","0.29",0,2020-12-10,"12","2020",0,27.07,"-20.775 150.425"
"13451357","2020-12-10T12:00:00Z",-20.775,150.475,"0.0",0,"27.060000000000002","0.28",0,2020-12-10,"12","2020",0,27.06,"-20.775 150.475"
"13451436","2020-12-10T12:00:00Z",-20.825,150.375,"0.0",0,"27.1","0.3",0,2020-12-10,"12","2020",0,27.1,"-20.825 150.375"
"13451437","2020-12-10T12:00:00Z",-20.825,150.425,"0.0",0,"27.080000000000002","0.29",0,2020-12-10,"12","2020",0,27.08,"-20.825 150.425"
"13451515","2020-12-10T12:00:00Z",-20.875,150.275,"0.0",0,"27.18","0.37",0,2020-12-10,"12","2020",0,27.18,"-20.875 150.275"
"13455516","2020-12-10T12:00:00Z",-23.325,151.875,"0.0",0,"26.12","0.55",0,2020-12-10,"12","2020",0,26.12,"-23.325 151.875"
"13455758","2020-12-10T12:00:00Z",-23.475,151.825,"0.0",0,"26.22","0.61",0,2020-12-10,"12","2020",0,26.22,"-23.475 151.825"
"13455759","2020-12-10T12:00:00Z",-23.475,151.875,"0.0",0,"26.16","0.58",0,2020-12-10,"12","2020",0,26.16,"-23.475 151.875"
"13455761","2020-12-10T12:00:00Z",-23.475,151.975,"0.0",0,"26.080000000000002","0.55",0,2020-12-10,"12","2020",0,26.08,"-23.475 151.975"
"13496227","2020-12-17T12:00:00Z",-20.125,150.275,"0.0",0,"27.43","0.54",0,2020-12-17,"12","2020",0,27.43,"-20.125 150.275"
"13497283","2020-12-17T12:00:00Z",-20.775,150.425,"0.0",0,"27.42","0.4",0,2020-12-17,"12","2020",0,27.42,"-20.775 150.425"
"13497284","2020-12-17T12:00:00Z",-20.775,150.475,"0.0",0,"27.43","0.41000000000000003",0,2020-12-17,"12","2020",0,27.43,"-20.775 150.475"
"13497363","2020-12-17T12:00:00Z",-20.825,150.375,"0.0",0,"27.43","0.4",0,2020-12-17,"12","2020",0,27.43,"-20.825 150.375"
"13497364","2020-12-17T12:00:00Z",-20.825,150.425,"0.0",0,"27.44","0.41000000000000003",0,2020-12-17,"12","2020",0,27.44,"-20.825 150.425"
"13497442","2020-12-17T12:00:00Z",-20.875,150.275,"0.0",0,"27.48","0.44",0,2020-12-17,"12","2020",0,27.48,"-20.875 150.275"
"13501443","2020-12-17T12:00:00Z",-23.325,151.875,"0.0",0,"26.38","0.5",0,2020-12-17,"12","2020",0,26.38,"-23.325 151.875"
"13501685","2020-12-17T12:00:00Z",-23.475,151.825,"0.0",0,"26.560000000000002","0.63",0,2020-12-17,"12","2020",0,26.56,"-23.475 151.825"
"13501686","2020-12-17T12:00:00Z",-23.475,151.875,"0.0",0,"26.52","0.62",0,2020-12-17,"12","2020",0,26.52,"-23.475 151.875"
"13501688","2020-12-17T12:00:00Z",-23.475,151.975,"0.0",0,"26.47","0.63",0,2020-12-17,"12","2020",0,26.47,"-23.475 151.975"
"13542154","2020-12-24T12:00:00Z",-20.125,150.275,"0.0",0,"28.12","1.05",0,2020-12-24,"12","2020",0,28.12,"-20.125 150.275"
"13543210","2020-12-24T12:00:00Z",-20.775,150.425,"0.0",0,"28.2","0.99",0,2020-12-24,"12","2020",0,28.2,"-20.775 150.425"
"13543211","2020-12-24T12:00:00Z",-20.775,150.475,"0.0",0,"28.19","0.98",0,2020-12-24,"12","2020",0,28.19,"-20.775 150.475"
"13543290","2020-12-24T12:00:00Z",-20.825,150.375,"0.0",0,"28.25","1.02",0,2020-12-24,"12","2020",0,28.25,"-20.825 150.375"
"13543291","2020-12-24T12:00:00Z",-20.825,150.425,"0.0",0,"28.23","1.01",0,2020-12-24,"12","2020",0,28.23,"-20.825 150.425"
"13543369","2020-12-24T12:00:00Z",-20.875,150.275,"0.0",0,"28.330000000000002","1.09",0,2020-12-24,"12","2020",0,28.33,"-20.875 150.275"
"13547370","2020-12-24T12:00:00Z",-23.325,151.875,"0.0",0,"26.79","0.66",0,2020-12-24,"12","2020",0,26.79,"-23.325 151.875"
"13547612","2020-12-24T12:00:00Z",-23.475,151.825,"0.0",0,"26.82","0.63",0,2020-12-24,"12","2020",0,26.82,"-23.475 151.825"
"13547613","2020-12-24T12:00:00Z",-23.475,151.875,"0.0",0,"26.76","0.6",0,2020-12-24,"12","2020",0,26.76,"-23.475 151.875"
"13547615","2020-12-24T12:00:00Z",-23.475,151.975,"0.0",0,"26.63","0.53",0,2020-12-24,"12","2020",0,26.63,"-23.475 151.975"
"13588081","2020-12-31T12:00:00Z",-20.125,150.275,"0.0",0,"28.080000000000002","0.8300000000000001",0,2020-12-31,"12","2020",0,28.08,"-20.125 150.275"
"13589137","2020-12-31T12:00:00Z",-20.775,150.425,"0.0",0,"27.97","0.56",0,2020-12-31,"12","2020",0,27.97,"-20.775 150.425"
"13589138","2020-12-31T12:00:00Z",-20.775,150.475,"0.0",0,"27.96","0.56",0,2020-12-31,"12","2020",0,27.96,"-20.775 150.475"
"13589217","2020-12-31T12:00:00Z",-20.825,150.375,"0.0",0,"27.97","0.54",0,2020-12-31,"12","2020",0,27.97,"-20.825 150.375"
"13589218","2020-12-31T12:00:00Z",-20.825,150.425,"0.0",0,"27.97","0.55",0,2020-12-31,"12","2020",0,27.97,"-20.825 150.425"
"13589296","2020-12-31T12:00:00Z",-20.875,150.275,"0.0",0,"27.98","0.54",0,2020-12-31,"12","2020",0,27.98,"-20.875 150.275"
"13593297","2020-12-31T12:00:00Z",-23.325,151.875,"0.0",0,"26.41","0.04",0,2020-12-31,"12","2020",0,26.41,"-23.325 151.875"
"13593539","2020-12-31T12:00:00Z",-23.475,151.825,"0.0",0,"26.42","-0.02",0,2020-12-31,"12","2020",0,26.42,"-23.475 151.825"
"13593540","2020-12-31T12:00:00Z",-23.475,151.875,"0.0",0,"26.41","0.0",0,2020-12-31,"12","2020",0,26.41,"-23.475 151.875"
"13593542","2020-12-31T12:00:00Z",-23.475,151.975,"0.0",0,"26.46","0.11",0,2020-12-31,"12","2020",0,26.46,"-23.475 151.975"
"13634008","2021-01-07T12:00:00Z",-20.125,150.275,"0.0",0,"28.26","0.8300000000000001",0,2021-01-07,"01","2021",0,28.26,"-20.125 150.275"
"13635064","2021-01-07T12:00:00Z",-20.775,150.425,"0.0",0,"28.27","0.66",0,2021-01-07,"01","2021",0,28.27,"-20.775 150.425"
"13635065","2021-01-07T12:00:00Z",-20.775,150.475,"0.0",0,"28.240000000000002","0.64",0,2021-01-07,"01","2021",0,28.24,"-20.775 150.475"
"13635144","2021-01-07T12:00:00Z",-20.825,150.375,"0.0",0,"28.29","0.66",0,2021-01-07,"01","2021",0,28.29,"-20.825 150.375"
"13635145","2021-01-07T12:00:00Z",-20.825,150.425,"0.0",0,"28.26","0.64",0,2021-01-07,"01","2021",0,28.26,"-20.825 150.425"
"13635223","2021-01-07T12:00:00Z",-20.875,150.275,"0.0",0,"28.32","0.68",0,2021-01-07,"01","2021",0,28.32,"-20.875 150.275"
"13639224","2021-01-07T12:00:00Z",-23.325,151.875,"0.0",0,"27.16","0.54",0,2021-01-07,"01","2021",0,27.16,"-23.325 151.875"
"13639466","2021-01-07T12:00:00Z",-23.475,151.825,"0.0",0,"27.17","0.48",0,2021-01-07,"01","2021",0,27.17,"-23.475 151.825"
"13639467","2021-01-07T12:00:00Z",-23.475,151.875,"0.0",0,"27.18","0.52",0,2021-01-07,"01","2021",0,27.18,"-23.475 151.875"
"13639469","2021-01-07T12:00:00Z",-23.475,151.975,"0.0",0,"27.19","0.58",0,2021-01-07,"01","2021",0,27.19,"-23.475 151.975"
"13679935","2021-01-14T12:00:00Z",-20.125,150.275,"0.0",0,"27.84","0.23",0,2021-01-14,"01","2021",0,27.84,"-20.125 150.275"
"13680991","2021-01-14T12:00:00Z",-20.775,150.425,"0.0",0,"27.75","-0.05",0,2021-01-14,"01","2021",0,27.75,"-20.775 150.425"
"13680992","2021-01-14T12:00:00Z",-20.775,150.475,"0.0",0,"27.72","-0.07",0,2021-01-14,"01","2021",0,27.72,"-20.775 150.475"
"13681071","2021-01-14T12:00:00Z",-20.825,150.375,"0.0",0,"27.810000000000002","-0.02",0,2021-01-14,"01","2021",0,27.81,"-20.825 150.375"
"13681072","2021-01-14T12:00:00Z",-20.825,150.425,"0.0",0,"27.78","-0.03",0,2021-01-14,"01","2021",0,27.78,"-20.825 150.425"
"13681150","2021-01-14T12:00:00Z",-20.875,150.275,"0.0",0,"27.79","-0.05",0,2021-01-14,"01","2021",0,27.79,"-20.875 150.275"
"13685151","2021-01-14T12:00:00Z",-23.325,151.875,"0.0",0,"26.55","-0.31",0,2021-01-14,"01","2021",0,26.55,"-23.325 151.875"
"13685393","2021-01-14T12:00:00Z",-23.475,151.825,"0.0",0,"26.44","-0.5",0,2021-01-14,"01","2021",0,26.44,"-23.475 151.825"
"13685394","2021-01-14T12:00:00Z",-23.475,151.875,"0.0",0,"26.46","-0.45",0,2021-01-14,"01","2021",0,26.46,"-23.475 151.875"
"13685396","2021-01-14T12:00:00Z",-23.475,151.975,"0.0",0,"26.53","-0.33",0,2021-01-14,"01","2021",0,26.53,"-23.475 151.975"
"13725862","2021-01-21T12:00:00Z",-20.125,150.275,"0.0",0,"27.8","0.12",0,2021-01-21,"01","2021",0,27.8,"-20.125 150.275"
"13726918","2021-01-21T12:00:00Z",-20.775,150.425,"0.0",0,"27.82","-0.03",0,2021-01-21,"01","2021",0,27.82,"-20.775 150.425"
"13726919","2021-01-21T12:00:00Z",-20.775,150.475,"0.0",0,"27.830000000000002","-0.01",0,2021-01-21,"01","2021",0,27.83,"-20.775 150.475"
"13726998","2021-01-21T12:00:00Z",-20.825,150.375,"0.0",0,"27.810000000000002","-0.07",0,2021-01-21,"01","2021",0,27.81,"-20.825 150.375"
"13726999","2021-01-21T12:00:00Z",-20.825,150.425,"0.0",0,"27.82","-0.04",0,2021-01-21,"01","2021",0,27.82,"-20.825 150.425"
"13727077","2021-01-21T12:00:00Z",-20.875,150.275,"0.0",0,"27.82","-0.08",0,2021-01-21,"01","2021",0,27.82,"-20.875 150.275"
"13731078","2021-01-21T12:00:00Z",-23.325,151.875,"0.0",0,"26.900000000000002","-0.05",0,2021-01-21,"01","2021",0,26.9,"-23.325 151.875"
"13731320","2021-01-21T12:00:00Z",-23.475,151.825,"0.0",0,"26.79","-0.22",0,2021-01-21,"01","2021",0,26.79,"-23.475 151.825"
"13731321","2021-01-21T12:00:00Z",-23.475,151.875,"0.0",0,"26.8","-0.18",0,2021-01-21,"01","2021",0,26.8,"-23.475 151.875"
"13731323","2021-01-21T12:00:00Z",-23.475,151.975,"0.0",0,"26.85","-0.09",0,2021-01-21,"01","2021",0,26.85,"-23.475 151.975"
"13771789","2021-01-28T12:00:00Z",-20.125,150.275,"0.0",0,"28.09","0.36",0,2021-01-28,"01","2021",0,28.09,"-20.125 150.275"
"13772845","2021-01-28T12:00:00Z",-20.775,150.425,"0.0",0,"27.98","0.1",0,2021-01-28,"01","2021",0,27.98,"-20.775 150.425"
"13772846","2021-01-28T12:00:00Z",-20.775,150.475,"0.0",0,"27.990000000000002","0.12",0,2021-01-28,"01","2021",0,27.99,"-20.775 150.475"
"13772925","2021-01-28T12:00:00Z",-20.825,150.375,"0.0",0,"27.96","0.05",0,2021-01-28,"01","2021",0,27.96,"-20.825 150.375"
"13772926","2021-01-28T12:00:00Z",-20.825,150.425,"0.0",0,"27.98","0.09",0,2021-01-28,"01","2021",0,27.98,"-20.825 150.425"
"13773004","2021-01-28T12:00:00Z",-20.875,150.275,"0.0",0,"27.96","0.03",0,2021-01-28,"01","2021",0,27.96,"-20.875 150.275"
"13777005","2021-01-28T12:00:00Z",-23.325,151.875,"0.0",0,"27.05","0.05",0,2021-01-28,"01","2021",0,27.05,"-23.325 151.875"
"13777247","2021-01-28T12:00:00Z",-23.475,151.825,"0.0",0,"27.0","-0.05",0,2021-01-28,"01","2021",0,27,"-23.475 151.825"
"13777248","2021-01-28T12:00:00Z",-23.475,151.875,"0.0",0,"26.990000000000002","-0.04",0,2021-01-28,"01","2021",0,26.99,"-23.475 151.875"
"13777250","2021-01-28T12:00:00Z",-23.475,151.975,"0.0",0,"26.990000000000002","0.0",0,2021-01-28,"01","2021",0,26.99,"-23.475 151.975"
"13817716","2021-02-04T12:00:00Z",-20.125,150.275,"0.0",0,"28.21","0.43",0,2021-02-04,"02","2021",0,28.21,"-20.125 150.275"
"13818772","2021-02-04T12:00:00Z",-20.775,150.425,"0.0",0,"28.12","0.21",0,2021-02-04,"02","2021",0,28.12,"-20.775 150.425"
"13818773","2021-02-04T12:00:00Z",-20.775,150.475,"0.0",0,"28.13","0.23",0,2021-02-04,"02","2021",0,28.13,"-20.775 150.475"
"13818852","2021-02-04T12:00:00Z",-20.825,150.375,"0.0",0,"28.11","0.17",0,2021-02-04,"02","2021",0,28.11,"-20.825 150.375"
"13818853","2021-02-04T12:00:00Z",-20.825,150.425,"0.0",0,"28.1","0.18",0,2021-02-04,"02","2021",0,28.1,"-20.825 150.425"
"13818931","2021-02-04T12:00:00Z",-20.875,150.275,"0.0",0,"28.13","0.16",0,2021-02-04,"02","2021",0,28.13,"-20.875 150.275"
"13822932","2021-02-04T12:00:00Z",-23.325,151.875,"0.0",0,"26.97","-0.08",0,2021-02-04,"02","2021",0,26.97,"-23.325 151.875"
"13823174","2021-02-04T12:00:00Z",-23.475,151.825,"0.0",0,"26.95","-0.13",0,2021-02-04,"02","2021",0,26.95,"-23.475 151.825"
"13823175","2021-02-04T12:00:00Z",-23.475,151.875,"0.0",0,"26.94","-0.13",0,2021-02-04,"02","2021",0,26.94,"-23.475 151.875"
"13823177","2021-02-04T12:00:00Z",-23.475,151.975,"0.0",0,"26.92","-0.12",0,2021-02-04,"02","2021",0,26.92,"-23.475 151.975"
"13863643","2021-02-11T12:00:00Z",-20.125,150.275,"0.0",0,"28.19","0.36",0,2021-02-11,"02","2021",0,28.19,"-20.125 150.275"
"13864699","2021-02-11T12:00:00Z",-20.775,150.425,"0.0",0,"28.23","0.3",0,2021-02-11,"02","2021",0,28.23,"-20.775 150.425"
"13864700","2021-02-11T12:00:00Z",-20.775,150.475,"0.0",0,"28.23","0.31",0,2021-02-11,"02","2021",0,28.23,"-20.775 150.475"
"13864779","2021-02-11T12:00:00Z",-20.825,150.375,"0.0",0,"28.240000000000002","0.28",0,2021-02-11,"02","2021",0,28.24,"-20.825 150.375"
"13864780","2021-02-11T12:00:00Z",-20.825,150.425,"0.0",0,"28.240000000000002","0.3",0,2021-02-11,"02","2021",0,28.24,"-20.825 150.425"
"13864858","2021-02-11T12:00:00Z",-20.875,150.275,"0.0",0,"28.27","0.27",0,2021-02-11,"02","2021",0,28.27,"-20.875 150.275"
"13868859","2021-02-11T12:00:00Z",-23.325,151.875,"0.0",0,"26.900000000000002","-0.21",0,2021-02-11,"02","2021",0,26.9,"-23.325 151.875"
"13869101","2021-02-11T12:00:00Z",-23.475,151.825,"0.0",0,"27.02","-0.1",0,2021-02-11,"02","2021",0,27.02,"-23.475 151.825"
"13869102","2021-02-11T12:00:00Z",-23.475,151.875,"0.0",0,"26.990000000000002","-0.12",0,2021-02-11,"02","2021",0,26.99,"-23.475 151.875"
"13869104","2021-02-11T12:00:00Z",-23.475,151.975,"0.0",0,"26.92","-0.16",0,2021-02-11,"02","2021",0,26.92,"-23.475 151.975"
"13909570","2021-02-18T12:00:00Z",-20.125,150.275,"0.0",0,"28.01","0.2",0,2021-02-18,"02","2021",0,28.01,"-20.125 150.275"
"13910626","2021-02-18T12:00:00Z",-20.775,150.425,"0.0",0,"28.240000000000002","0.34",0,2021-02-18,"02","2021",0,28.24,"-20.775 150.425"
"13910627","2021-02-18T12:00:00Z",-20.775,150.475,"0.0",0,"28.240000000000002","0.35000000000000003",0,2021-02-18,"02","2021",0,28.24,"-20.775 150.475"
"13910706","2021-02-18T12:00:00Z",-20.825,150.375,"0.0",0,"28.25","0.32",0,2021-02-18,"02","2021",0,28.25,"-20.825 150.375"
"13910707","2021-02-18T12:00:00Z",-20.825,150.425,"0.0",0,"28.25","0.34",0,2021-02-18,"02","2021",0,28.25,"-20.825 150.425"
"13910785","2021-02-18T12:00:00Z",-20.875,150.275,"0.0",0,"28.25","0.29",0,2021-02-18,"02","2021",0,28.25,"-20.875 150.275"
"13914786","2021-02-18T12:00:00Z",-23.325,151.875,"0.0",0,"26.78","-0.29",0,2021-02-18,"02","2021",0,26.78,"-23.325 151.875"
"13915028","2021-02-18T12:00:00Z",-23.475,151.825,"0.0",0,"26.84","-0.22",0,2021-02-18,"02","2021",0,26.84,"-23.475 151.825"
"13915029","2021-02-18T12:00:00Z",-23.475,151.875,"0.0",0,"26.8","-0.25",0,2021-02-18,"02","2021",0,26.8,"-23.475 151.875"
"13915031","2021-02-18T12:00:00Z",-23.475,151.975,"0.0",0,"26.740000000000002","-0.29",0,2021-02-18,"02","2021",0,26.74,"-23.475 151.975"
"13955497","2021-02-25T12:00:00Z",-20.125,150.275,"0.0",0,"28.25","0.54",0,2021-02-25,"02","2021",0,28.25,"-20.125 150.275"
"13956553","2021-02-25T12:00:00Z",-20.775,150.425,"0.0",0,"28.560000000000002","0.78",0,2021-02-25,"02","2021",0,28.56,"-20.775 150.425"
"13956554","2021-02-25T12:00:00Z",-20.775,150.475,"0.0",0,"28.55","0.78",0,2021-02-25,"02","2021",0,28.55,"-20.775 150.475"
"13956633","2021-02-25T12:00:00Z",-20.825,150.375,"0.0",0,"28.59","0.79",0,2021-02-25,"02","2021",0,28.59,"-20.825 150.375"
"13956634","2021-02-25T12:00:00Z",-20.825,150.425,"0.0",0,"28.59","0.81",0,2021-02-25,"02","2021",0,28.59,"-20.825 150.425"
"13956712","2021-02-25T12:00:00Z",-20.875,150.275,"0.0",0,"28.61","0.78",0,2021-02-25,"02","2021",0,28.61,"-20.875 150.275"
"13960713","2021-02-25T12:00:00Z",-23.325,151.875,"0.0",0,"27.55","0.65",0,2021-02-25,"02","2021",0,27.55,"-23.325 151.875"
"13960955","2021-02-25T12:00:00Z",-23.475,151.825,"0.0",0,"27.69","0.8200000000000001",0,2021-02-25,"02","2021",0,27.69,"-23.475 151.825"
"13960956","2021-02-25T12:00:00Z",-23.475,151.875,"0.0",0,"27.7","0.84",0,2021-02-25,"02","2021",0,27.7,"-23.475 151.875"
"13960958","2021-02-25T12:00:00Z",-23.475,151.975,"0.0",0,"27.61","0.76",0,2021-02-25,"02","2021",0,27.61,"-23.475 151.975"
"14001424","2021-03-04T12:00:00Z",-20.125,150.275,"0.0",0,"28.16","0.56",0,2021-03-04,"03","2021",0,28.16,"-20.125 150.275"
"14002480","2021-03-04T12:00:00Z",-20.775,150.425,"0.0",0,"28.35","0.6900000000000001",0,2021-03-04,"03","2021",0,28.35,"-20.775 150.425"
"14002481","2021-03-04T12:00:00Z",-20.775,150.475,"0.0",0,"28.34","0.6900000000000001",0,2021-03-04,"03","2021",0,28.34,"-20.775 150.475"
"14002560","2021-03-04T12:00:00Z",-20.825,150.375,"0.0",0,"28.41","0.73",0,2021-03-04,"03","2021",0,28.41,"-20.825 150.375"
"14002561","2021-03-04T12:00:00Z",-20.825,150.425,"0.0",0,"28.39","0.73",0,2021-03-04,"03","2021",0,28.39,"-20.825 150.425"
"14002639","2021-03-04T12:00:00Z",-20.875,150.275,"0.0",0,"28.47","0.77",0,2021-03-04,"03","2021",0,28.47,"-20.875 150.275"
"14006640","2021-03-04T12:00:00Z",-23.325,151.875,"0.0",0,"27.52","0.79",0,2021-03-04,"03","2021",0,27.52,"-23.325 151.875"
"14006882","2021-03-04T12:00:00Z",-23.475,151.825,"0.0",0,"27.52","0.84",0,2021-03-04,"03","2021",0,27.52,"-23.475 151.825"
"14006883","2021-03-04T12:00:00Z",-23.475,151.875,"0.0",0,"27.52","0.85",0,2021-03-04,"03","2021",0,27.52,"-23.475 151.875"
"14006885","2021-03-04T12:00:00Z",-23.475,151.975,"0.0",0,"27.52","0.85",0,2021-03-04,"03","2021",0,27.52,"-23.475 151.975"
"14047351","2021-03-11T12:00:00Z",-20.125,150.275,"0.0",0,"27.77","0.27",0,2021-03-11,"03","2021",0,27.77,"-20.125 150.275"
"14048407","2021-03-11T12:00:00Z",-20.775,150.425,"0.0",0,"28.060000000000002","0.52",0,2021-03-11,"03","2021",0,28.06,"-20.775 150.425"
"14048408","2021-03-11T12:00:00Z",-20.775,150.475,"0.0",0,"28.05","0.51",0,2021-03-11,"03","2021",0,28.05,"-20.775 150.475"
"14048487","2021-03-11T12:00:00Z",-20.825,150.375,"0.0",0,"28.1","0.55",0,2021-03-11,"03","2021",0,28.1,"-20.825 150.375"
"14048488","2021-03-11T12:00:00Z",-20.825,150.425,"0.0",0,"28.09","0.55",0,2021-03-11,"03","2021",0,28.09,"-20.825 150.425"
"14048566","2021-03-11T12:00:00Z",-20.875,150.275,"0.0",0,"28.18","0.61",0,2021-03-11,"03","2021",0,28.18,"-20.875 150.275"
"14052567","2021-03-11T12:00:00Z",-23.325,151.875,"0.0",0,"27.48","0.92",0,2021-03-11,"03","2021",0,27.48,"-23.325 151.875"
"14052809","2021-03-11T12:00:00Z",-23.475,151.825,"0.0",0,"27.47","0.98",0,2021-03-11,"03","2021",0,27.47,"-23.475 151.825"
"14052810","2021-03-11T12:00:00Z",-23.475,151.875,"0.0",0,"27.48","0.99",0,2021-03-11,"03","2021",0,27.48,"-23.475 151.875"
"14052812","2021-03-11T12:00:00Z",-23.475,151.975,"0.0",0,"27.5","1.02",0,2021-03-11,"03","2021",0,27.5,"-23.475 151.975"
"14093278","2021-03-18T12:00:00Z",-20.125,150.275,"0.0",0,"27.8","0.44",0,2021-03-18,"03","2021",0,27.8,"-20.125 150.275"
"14094334","2021-03-18T12:00:00Z",-20.775,150.425,"0.0",0,"28.3","0.92",0,2021-03-18,"03","2021",0,28.3,"-20.775 150.425"
"14094335","2021-03-18T12:00:00Z",-20.775,150.475,"0.0",0,"28.29","0.91",0,2021-03-18,"03","2021",0,28.29,"-20.775 150.475"
"14094414","2021-03-18T12:00:00Z",-20.825,150.375,"0.0",0,"28.35","0.97",0,2021-03-18,"03","2021",0,28.35,"-20.825 150.375"
"14094415","2021-03-18T12:00:00Z",-20.825,150.425,"0.0",0,"28.35","0.98",0,2021-03-18,"03","2021",0,28.35,"-20.825 150.425"
"14094493","2021-03-18T12:00:00Z",-20.875,150.275,"0.0",0,"28.400000000000002","1.0",0,2021-03-18,"03","2021",0,28.4,"-20.875 150.275"
"14098494","2021-03-18T12:00:00Z",-23.325,151.875,"0.0",0,"27.41","1.05",0,2021-03-18,"03","2021",0,27.41,"-23.325 151.875"
"14098736","2021-03-18T12:00:00Z",-23.475,151.825,"0.0",0,"27.38","1.1",0,2021-03-18,"03","2021",0,27.38,"-23.475 151.825"
"14098737","2021-03-18T12:00:00Z",-23.475,151.875,"0.0",0,"27.36","1.08",0,2021-03-18,"03","2021",0,27.36,"-23.475 151.875"
"14098739","2021-03-18T12:00:00Z",-23.475,151.975,"0.0",0,"27.36","1.08",0,2021-03-18,"03","2021",0,27.36,"-23.475 151.975"
"14139205","2021-03-25T12:00:00Z",-20.125,150.275,"0.0",0,"28.18","1.01",0,2021-03-25,"03","2021",0,28.18,"-20.125 150.275"
"14140261","2021-03-25T12:00:00Z",-20.775,150.425,"0.0",0,"28.51","1.36",0,2021-03-25,"03","2021",0,28.51,"-20.775 150.425"
"14140262","2021-03-25T12:00:00Z",-20.775,150.475,"0.0",0,"28.490000000000002","1.33",0,2021-03-25,"03","2021",0,28.49,"-20.775 150.475"
"14140341","2021-03-25T12:00:00Z",-20.825,150.375,"0.0",0,"28.61","1.45",0,2021-03-25,"03","2021",0,28.61,"-20.825 150.375"
"14140342","2021-03-25T12:00:00Z",-20.825,150.425,"0.0",0,"28.580000000000002","1.43",0,2021-03-25,"03","2021",0,28.58,"-20.825 150.425"
"14140420","2021-03-25T12:00:00Z",-20.875,150.275,"0.0",0,"28.68","1.51",0,2021-03-25,"03","2021",0,28.68,"-20.875 150.275"
"14144421","2021-03-25T12:00:00Z",-23.325,151.875,"0.0",0,"27.16","1.04",0,2021-03-25,"03","2021",0,27.16,"-23.325 151.875"
"14144663","2021-03-25T12:00:00Z",-23.475,151.825,"0.0",0,"27.17","1.1300000000000001",0,2021-03-25,"03","2021",0,27.17,"-23.475 151.825"
"14144664","2021-03-25T12:00:00Z",-23.475,151.875,"0.0",0,"27.14","1.1",0,2021-03-25,"03","2021",0,27.14,"-23.475 151.875"
"14144666","2021-03-25T12:00:00Z",-23.475,151.975,"0.0",0,"27.22","1.16",0,2021-03-25,"03","2021",0,27.22,"-23.475 151.975"
"14185132","2021-04-01T12:00:00Z",-20.125,150.275,"0.0",0,"27.63","0.66",0,2021-04-01,"04","2021",0,27.63,"-20.125 150.275"
"14186188","2021-04-01T12:00:00Z",-20.775,150.425,"0.0",0,"27.67","0.74",0,2021-04-01,"04","2021",0,27.67,"-20.775 150.425"
"14186189","2021-04-01T12:00:00Z",-20.775,150.475,"0.0",0,"27.66","0.72",0,2021-04-01,"04","2021",0,27.66,"-20.775 150.475"
"14186268","2021-04-01T12:00:00Z",-20.825,150.375,"0.0",0,"27.7","0.77",0,2021-04-01,"04","2021",0,27.7,"-20.825 150.375"
"14186269","2021-04-01T12:00:00Z",-20.825,150.425,"0.0",0,"27.69","0.76",0,2021-04-01,"04","2021",0,27.69,"-20.825 150.425"
"14186347","2021-04-01T12:00:00Z",-20.875,150.275,"0.0",0,"27.73","0.78",0,2021-04-01,"04","2021",0,27.73,"-20.875 150.275"
"14190348","2021-04-01T12:00:00Z",-23.325,151.875,"0.0",0,"26.82","0.93",0,2021-04-01,"04","2021",0,26.82,"-23.325 151.875"
"14190590","2021-04-01T12:00:00Z",-23.475,151.825,"0.0",0,"26.75","0.9500000000000001",0,2021-04-01,"04","2021",0,26.75,"-23.475 151.825"
"14190591","2021-04-01T12:00:00Z",-23.475,151.875,"0.0",0,"26.78","0.98",0,2021-04-01,"04","2021",0,26.78,"-23.475 151.875"
"14190593","2021-04-01T12:00:00Z",-23.475,151.975,"0.0",0,"26.87","1.03",0,2021-04-01,"04","2021",0,26.87,"-23.475 151.975"
"14231059","2021-04-08T12:00:00Z",-20.125,150.275,"0.0",0,"27.19","0.41000000000000003",0,2021-04-08,"04","2021",0,27.19,"-20.125 150.275"
"14232115","2021-04-08T12:00:00Z",-20.775,150.425,"0.0",0,"27.41","0.7000000000000001",0,2021-04-08,"04","2021",0,27.41,"-20.775 150.425"
"14232116","2021-04-08T12:00:00Z",-20.775,150.475,"0.0",0,"27.41","0.6900000000000001",0,2021-04-08,"04","2021",0,27.41,"-20.775 150.475"
"14232195","2021-04-08T12:00:00Z",-20.825,150.375,"0.0",0,"27.41","0.7000000000000001",0,2021-04-08,"04","2021",0,27.41,"-20.825 150.375"
"14232196","2021-04-08T12:00:00Z",-20.825,150.425,"0.0",0,"27.42","0.72",0,2021-04-08,"04","2021",0,27.42,"-20.825 150.425"
"14232274","2021-04-08T12:00:00Z",-20.875,150.275,"0.0",0,"27.43","0.71",0,2021-04-08,"04","2021",0,27.43,"-20.875 150.275"
"14236275","2021-04-08T12:00:00Z",-23.325,151.875,"0.0",0,"26.35","0.7000000000000001",0,2021-04-08,"04","2021",0,26.35,"-23.325 151.875"
"14236517","2021-04-08T12:00:00Z",-23.475,151.825,"0.0",0,"26.2","0.64",0,2021-04-08,"04","2021",0,26.2,"-23.475 151.825"
"14236518","2021-04-08T12:00:00Z",-23.475,151.875,"0.0",0,"26.240000000000002","0.67",0,2021-04-08,"04","2021",0,26.24,"-23.475 151.875"
"14236520","2021-04-08T12:00:00Z",-23.475,151.975,"0.0",0,"26.32","0.71",0,2021-04-08,"04","2021",0,26.32,"-23.475 151.975"
"14276986","2021-04-15T12:00:00Z",-20.125,150.275,"0.0",0,"27.080000000000002","0.49",0,2021-04-15,"04","2021",0,27.08,"-20.125 150.275"
"14278042","2021-04-15T12:00:00Z",-20.775,150.425,"0.0",0,"27.25","0.76",0,2021-04-15,"04","2021",0,27.25,"-20.775 150.425"
"14278043","2021-04-15T12:00:00Z",-20.775,150.475,"0.0",0,"27.23","0.73",0,2021-04-15,"04","2021",0,27.23,"-20.775 150.475"
"14278122","2021-04-15T12:00:00Z",-20.825,150.375,"0.0",0,"27.29","0.81",0,2021-04-15,"04","2021",0,27.29,"-20.825 150.375"
"14278123","2021-04-15T12:00:00Z",-20.825,150.425,"0.0",0,"27.26","0.78",0,2021-04-15,"04","2021",0,27.26,"-20.825 150.425"
"14278201","2021-04-15T12:00:00Z",-20.875,150.275,"0.0",0,"27.36","0.87",0,2021-04-15,"04","2021",0,27.36,"-20.875 150.275"
"14282202","2021-04-15T12:00:00Z",-23.325,151.875,"0.0",0,"26.240000000000002","0.8200000000000001",0,2021-04-15,"04","2021",0,26.24,"-23.325 151.875"
"14282444","2021-04-15T12:00:00Z",-23.475,151.825,"0.0",0,"26.04","0.72",0,2021-04-15,"04","2021",0,26.04,"-23.475 151.825"
"14282445","2021-04-15T12:00:00Z",-23.475,151.875,"0.0",0,"26.1","0.77",0,2021-04-15,"04","2021",0,26.1,"-23.475 151.875"
"14282447","2021-04-15T12:00:00Z",-23.475,151.975,"0.0",0,"26.22","0.8300000000000001",0,2021-04-15,"04","2021",0,26.22,"-23.475 151.975"
"14322913","2021-04-22T12:00:00Z",-20.125,150.275,"0.0",0,"27.19","0.9",0,2021-04-22,"04","2021",0,27.19,"-20.125 150.275"
"14323969","2021-04-22T12:00:00Z",-20.775,150.425,"0.0",0,"27.34","1.19",0,2021-04-22,"04","2021",0,27.34,"-20.775 150.425"
"14323970","2021-04-22T12:00:00Z",-20.775,150.475,"0.0",0,"27.330000000000002","1.17",0,2021-04-22,"04","2021",0,27.33,"-20.775 150.475"
"14324049","2021-04-22T12:00:00Z",-20.825,150.375,"0.0",0,"27.34","1.2",0,2021-04-22,"04","2021",0,27.34,"-20.825 150.375"
"14324050","2021-04-22T12:00:00Z",-20.825,150.425,"0.0",0,"27.330000000000002","1.19",0,2021-04-22,"04","2021",0,27.33,"-20.825 150.425"
"14324128","2021-04-22T12:00:00Z",-20.875,150.275,"0.0",0,"27.36","1.21",0,2021-04-22,"04","2021",0,27.36,"-20.875 150.275"
"14328129","2021-04-22T12:00:00Z",-23.325,151.875,"0.0",0,"25.96","0.85",0,2021-04-22,"04","2021",0,25.96,"-23.325 151.875"
"14328371","2021-04-22T12:00:00Z",-23.475,151.825,"0.0",0,"25.810000000000002","0.8300000000000001",0,2021-04-22,"04","2021",0,25.81,"-23.475 151.825"
"14328372","2021-04-22T12:00:00Z",-23.475,151.875,"0.0",0,"25.85","0.84",0,2021-04-22,"04","2021",0,25.85,"-23.475 151.875"
"14328374","2021-04-22T12:00:00Z",-23.475,151.975,"0.0",0,"25.94","0.86",0,2021-04-22,"04","2021",0,25.94,"-23.475 151.975"
"14368840","2021-04-29T12:00:00Z",-20.125,150.275,"0.0",0,"26.25","0.27",0,2021-04-29,"04","2021",0,26.25,"-20.125 150.275"
"14369896","2021-04-29T12:00:00Z",-20.775,150.425,"0.0",0,"26.11","0.29",0,2021-04-29,"04","2021",0,26.11,"-20.775 150.425"
"14369897","2021-04-29T12:00:00Z",-20.775,150.475,"0.0",0,"26.1","0.27",0,2021-04-29,"04","2021",0,26.1,"-20.775 150.475"
"14369976","2021-04-29T12:00:00Z",-20.825,150.375,"0.0",0,"26.11","0.31",0,2021-04-29,"04","2021",0,26.11,"-20.825 150.375"
"14369977","2021-04-29T12:00:00Z",-20.825,150.425,"0.0",0,"26.1","0.3",0,2021-04-29,"04","2021",0,26.1,"-20.825 150.425"
"14370055","2021-04-29T12:00:00Z",-20.875,150.275,"0.0",0,"26.12","0.31",0,2021-04-29,"04","2021",0,26.12,"-20.875 150.275"
"14374056","2021-04-29T12:00:00Z",-23.325,151.875,"0.0",0,"25.12","0.32",0,2021-04-29,"04","2021",0,25.12,"-23.325 151.875"
"14374298","2021-04-29T12:00:00Z",-23.475,151.825,"0.0",0,"24.91","0.26",0,2021-04-29,"04","2021",0,24.91,"-23.475 151.825"
"14374299","2021-04-29T12:00:00Z",-23.475,151.875,"0.0",0,"24.98","0.3",0,2021-04-29,"04","2021",0,24.98,"-23.475 151.875"
"14374301","2021-04-29T12:00:00Z",-23.475,151.975,"0.0",0,"25.09","0.32",0,2021-04-29,"04","2021",0,25.09,"-23.475 151.975"
"14414767","2021-05-06T12:00:00Z",-20.125,150.275,"0.0",0,"26.12","0.44",0,2021-05-06,"05","2021",0,26.12,"-20.125 150.275"
"14415823","2021-05-06T12:00:00Z",-20.775,150.425,"0.0",0,"25.76","0.28",0,2021-05-06,"05","2021",0,25.76,"-20.775 150.425"
"14415824","2021-05-06T12:00:00Z",-20.775,150.475,"0.0",0,"25.79","0.3",0,2021-05-06,"05","2021",0,25.79,"-20.775 150.475"
"14415903","2021-05-06T12:00:00Z",-20.825,150.375,"0.0",0,"25.68","0.22",0,2021-05-06,"05","2021",0,25.68,"-20.825 150.375"
"14415904","2021-05-06T12:00:00Z",-20.825,150.425,"0.0",0,"25.71","0.25",0,2021-05-06,"05","2021",0,25.71,"-20.825 150.425"
"14415982","2021-05-06T12:00:00Z",-20.875,150.275,"0.0",0,"25.68","0.21",0,2021-05-06,"05","2021",0,25.68,"-20.875 150.275"
"14419983","2021-05-06T12:00:00Z",-23.325,151.875,"0.0",0,"24.740000000000002","0.24",0,2021-05-06,"05","2021",0,24.74,"-23.325 151.875"
"14420225","2021-05-06T12:00:00Z",-23.475,151.825,"0.0",0,"24.490000000000002","0.18",0,2021-05-06,"05","2021",0,24.49,"-23.475 151.825"
"14420226","2021-05-06T12:00:00Z",-23.475,151.875,"0.0",0,"24.52","0.16",0,2021-05-06,"05","2021",0,24.52,"-23.475 151.875"
"14420228","2021-05-06T12:00:00Z",-23.475,151.975,"0.0",0,"24.650000000000002","0.19",0,2021-05-06,"05","2021",0,24.65,"-23.475 151.975"
"14460694","2021-05-13T12:00:00Z",-20.125,150.275,"0.0",0,"26.02","0.64",0,2021-05-13,"05","2021",0,26.02,"-20.125 150.275"
"14461750","2021-05-13T12:00:00Z",-20.775,150.425,"0.0",0,"26.080000000000002","0.93",0,2021-05-13,"05","2021",0,26.08,"-20.775 150.425"
"14461751","2021-05-13T12:00:00Z",-20.775,150.475,"0.0",0,"26.080000000000002","0.92",0,2021-05-13,"05","2021",0,26.08,"-20.775 150.475"
"14461830","2021-05-13T12:00:00Z",-20.825,150.375,"0.0",0,"26.09","0.96",0,2021-05-13,"05","2021",0,26.09,"-20.825 150.375"
"14461831","2021-05-13T12:00:00Z",-20.825,150.425,"0.0",0,"26.09","0.96",0,2021-05-13,"05","2021",0,26.09,"-20.825 150.425"
"14461909","2021-05-13T12:00:00Z",-20.875,150.275,"0.0",0,"26.12","0.99",0,2021-05-13,"05","2021",0,26.12,"-20.875 150.275"
"14465910","2021-05-13T12:00:00Z",-23.325,151.875,"0.0",0,"24.8","0.61",0,2021-05-13,"05","2021",0,24.8,"-23.325 151.875"
"14466152","2021-05-13T12:00:00Z",-23.475,151.825,"0.0",0,"24.66","0.68",0,2021-05-13,"05","2021",0,24.66,"-23.475 151.825"
"14466153","2021-05-13T12:00:00Z",-23.475,151.875,"0.0",0,"24.7","0.67",0,2021-05-13,"05","2021",0,24.7,"-23.475 151.875"
"14466155","2021-05-13T12:00:00Z",-23.475,151.975,"0.0",0,"24.88","0.73",0,2021-05-13,"05","2021",0,24.88,"-23.475 151.975"
"14506621","2021-05-20T12:00:00Z",-20.125,150.275,"0.0",0,"25.36","0.31",0,2021-05-20,"05","2021",0,25.36,"-20.125 150.275"
"14507677","2021-05-20T12:00:00Z",-20.775,150.425,"0.0",0,"25.43","0.65",0,2021-05-20,"05","2021",0,25.43,"-20.775 150.425"
"14507678","2021-05-20T12:00:00Z",-20.775,150.475,"0.0",0,"25.45","0.66",0,2021-05-20,"05","2021",0,25.45,"-20.775 150.475"
"14507757","2021-05-20T12:00:00Z",-20.825,150.375,"0.0",0,"25.38","0.62",0,2021-05-20,"05","2021",0,25.38,"-20.825 150.375"
"14507758","2021-05-20T12:00:00Z",-20.825,150.425,"0.0",0,"25.41","0.65",0,2021-05-20,"05","2021",0,25.41,"-20.825 150.425"
"14507836","2021-05-20T12:00:00Z",-20.875,150.275,"0.0",0,"25.3","0.55",0,2021-05-20,"05","2021",0,25.3,"-20.875 150.275"
"14511837","2021-05-20T12:00:00Z",-23.325,151.875,"0.0",0,"24.69","0.84",0,2021-05-20,"05","2021",0,24.69,"-23.325 151.875"
"14512079","2021-05-20T12:00:00Z",-23.475,151.825,"0.0",0,"24.34","0.72",0,2021-05-20,"05","2021",0,24.34,"-23.475 151.825"
"14512080","2021-05-20T12:00:00Z",-23.475,151.875,"0.0",0,"24.48","0.8",0,2021-05-20,"05","2021",0,24.48,"-23.475 151.875"
"14512082","2021-05-20T12:00:00Z",-23.475,151.975,"0.0",0,"24.77","0.96",0,2021-05-20,"05","2021",0,24.77,"-23.475 151.975"
"14552548","2021-05-27T12:00:00Z",-20.125,150.275,"0.0",0,"24.990000000000002","0.27",0,2021-05-27,"05","2021",0,24.99,"-20.125 150.275"
"14553604","2021-05-27T12:00:00Z",-20.775,150.425,"0.0",0,"24.86","0.46",0,2021-05-27,"05","2021",0,24.86,"-20.775 150.425"
"14553605","2021-05-27T12:00:00Z",-20.775,150.475,"0.0",0,"24.88","0.46",0,2021-05-27,"05","2021",0,24.88,"-20.775 150.475"
"14553684","2021-05-27T12:00:00Z",-20.825,150.375,"0.0",0,"24.82","0.44",0,2021-05-27,"05","2021",0,24.82,"-20.825 150.375"
"14553685","2021-05-27T12:00:00Z",-20.825,150.425,"0.0",0,"24.84","0.46",0,2021-05-27,"05","2021",0,24.84,"-20.825 150.425"
"14553763","2021-05-27T12:00:00Z",-20.875,150.275,"0.0",0,"24.77","0.41000000000000003",0,2021-05-27,"05","2021",0,24.77,"-20.875 150.275"
"14557764","2021-05-27T12:00:00Z",-23.325,151.875,"0.0",0,"24.55","1.04",0,2021-05-27,"05","2021",0,24.55,"-23.325 151.875"
"14558006","2021-05-27T12:00:00Z",-23.475,151.825,"0.0",0,"24.34","1.09",0,2021-05-27,"05","2021",0,24.34,"-23.475 151.825"
"14558007","2021-05-27T12:00:00Z",-23.475,151.875,"0.0",0,"24.43","1.11",0,2021-05-27,"05","2021",0,24.43,"-23.475 151.875"
"14558009","2021-05-27T12:00:00Z",-23.475,151.975,"0.0",0,"24.560000000000002","1.1",0,2021-05-27,"05","2021",0,24.56,"-23.475 151.975"
"14598475","2021-06-03T12:00:00Z",-20.125,150.275,"0.0",0,"24.64","0.24",0,2021-06-03,"06","2021",0,24.64,"-20.125 150.275"
"14599531","2021-06-03T12:00:00Z",-20.775,150.425,"0.0",0,"24.400000000000002","0.37",0,2021-06-03,"06","2021",0,24.4,"-20.775 150.425"
"14599532","2021-06-03T12:00:00Z",-20.775,150.475,"0.0",0,"24.42","0.37",0,2021-06-03,"06","2021",0,24.42,"-20.775 150.475"
"14599611","2021-06-03T12:00:00Z",-20.825,150.375,"0.0",0,"24.39","0.4",0,2021-06-03,"06","2021",0,24.39,"-20.825 150.375"
"14599612","2021-06-03T12:00:00Z",-20.825,150.425,"0.0",0,"24.41","0.41000000000000003",0,2021-06-03,"06","2021",0,24.41,"-20.825 150.425"
"14599690","2021-06-03T12:00:00Z",-20.875,150.275,"0.0",0,"24.36","0.38",0,2021-06-03,"06","2021",0,24.36,"-20.875 150.275"
"14603691","2021-06-03T12:00:00Z",-23.325,151.875,"0.0",0,"24.13","0.96",0,2021-06-03,"06","2021",0,24.13,"-23.325 151.875"
"14603933","2021-06-03T12:00:00Z",-23.475,151.825,"0.0",0,"23.81","0.93",0,2021-06-03,"06","2021",0,23.81,"-23.475 151.825"
"14603934","2021-06-03T12:00:00Z",-23.475,151.875,"0.0",0,"23.91","0.96",0,2021-06-03,"06","2021",0,23.91,"-23.475 151.875"
"14603936","2021-06-03T12:00:00Z",-23.475,151.975,"0.0",0,"24.11","1.0",0,2021-06-03,"06","2021",0,24.11,"-23.475 151.975"
"14644402","2021-06-10T12:00:00Z",-20.125,150.275,"0.0",0,"24.310000000000002","0.24",0,2021-06-10,"06","2021",0,24.31,"-20.125 150.275"
"14645458","2021-06-10T12:00:00Z",-20.775,150.425,"0.0",0,"23.71","0.06",0,2021-06-10,"06","2021",0,23.71,"-20.775 150.425"
"14645459","2021-06-10T12:00:00Z",-20.775,150.475,"0.0",0,"23.75","0.07",0,2021-06-10,"06","2021",0,23.75,"-20.775 150.475"
"14645538","2021-06-10T12:00:00Z",-20.825,150.375,"0.0",0,"23.62","0.01",0,2021-06-10,"06","2021",0,23.62,"-20.825 150.375"
"14645539","2021-06-10T12:00:00Z",-20.825,150.425,"0.0",0,"23.66","0.04",0,2021-06-10,"06","2021",0,23.66,"-20.825 150.425"
"14645617","2021-06-10T12:00:00Z",-20.875,150.275,"0.0",0,"23.56","-0.03",0,2021-06-10,"06","2021",0,23.56,"-20.875 150.275"
"14649618","2021-06-10T12:00:00Z",-23.325,151.875,"0.0",0,"23.21","0.38",0,2021-06-10,"06","2021",0,23.21,"-23.325 151.875"
"14649860","2021-06-10T12:00:00Z",-23.475,151.825,"0.0",0,"22.89","0.38",0,2021-06-10,"06","2021",0,22.89,"-23.475 151.825"
"14649861","2021-06-10T12:00:00Z",-23.475,151.875,"0.0",0,"22.990000000000002","0.4",0,2021-06-10,"06","2021",0,22.99,"-23.475 151.875"
"14649863","2021-06-10T12:00:00Z",-23.475,151.975,"0.0",0,"23.2","0.44",0,2021-06-10,"06","2021",0,23.2,"-23.475 151.975"
"14690329","2021-06-17T12:00:00Z",-20.125,150.275,"0.0",0,"24.55","0.78",0,2021-06-17,"06","2021",0,24.55,"-20.125 150.275"
"14691385","2021-06-17T12:00:00Z",-20.775,150.425,"0.0",0,"24.09","0.78",0,2021-06-17,"06","2021",0,24.09,"-20.775 150.425"
"14691386","2021-06-17T12:00:00Z",-20.775,150.475,"0.0",0,"24.11","0.77",0,2021-06-17,"06","2021",0,24.11,"-20.775 150.475"
"14691465","2021-06-17T12:00:00Z",-20.825,150.375,"0.0",0,"24.03","0.76",0,2021-06-17,"06","2021",0,24.03,"-20.825 150.375"
"14691466","2021-06-17T12:00:00Z",-20.825,150.425,"0.0",0,"24.03","0.75",0,2021-06-17,"06","2021",0,24.03,"-20.825 150.425"
"14691544","2021-06-17T12:00:00Z",-20.875,150.275,"0.0",0,"24.03","0.79",0,2021-06-17,"06","2021",0,24.03,"-20.875 150.275"
"14695545","2021-06-17T12:00:00Z",-23.325,151.875,"0.0",0,"23.2","0.6900000000000001",0,2021-06-17,"06","2021",0,23.2,"-23.325 151.875"
"14695787","2021-06-17T12:00:00Z",-23.475,151.825,"0.0",0,"23.080000000000002","0.91",0,2021-06-17,"06","2021",0,23.08,"-23.475 151.825"
"14695788","2021-06-17T12:00:00Z",-23.475,151.875,"0.0",0,"23.16","0.91",0,2021-06-17,"06","2021",0,23.16,"-23.475 151.875"
"14695790","2021-06-17T12:00:00Z",-23.475,151.975,"0.0",0,"23.31","0.88",0,2021-06-17,"06","2021",0,23.31,"-23.475 151.975"
"14736256","2021-06-24T12:00:00Z",-20.125,150.275,"0.0",0,"24.25","0.7000000000000001",0,2021-06-24,"06","2021",0,24.25,"-20.125 150.275"
"14737312","2021-06-24T12:00:00Z",-20.775,150.425,"0.0",0,"23.64","0.56",0,2021-06-24,"06","2021",0,23.64,"-20.775 150.425"
"14737313","2021-06-24T12:00:00Z",-20.775,150.475,"0.0",0,"23.68","0.5700000000000001",0,2021-06-24,"06","2021",0,23.68,"-20.775 150.475"
"14737392","2021-06-24T12:00:00Z",-20.825,150.375,"0.0",0,"23.59","0.56",0,2021-06-24,"06","2021",0,23.59,"-20.825 150.375"
"14737393","2021-06-24T12:00:00Z",-20.825,150.425,"0.0",0,"23.63","0.58",0,2021-06-24,"06","2021",0,23.63,"-20.825 150.425"
"14737471","2021-06-24T12:00:00Z",-20.875,150.275,"0.0",0,"23.51","0.52",0,2021-06-24,"06","2021",0,23.51,"-20.875 150.275"
"14741472","2021-06-24T12:00:00Z",-23.325,151.875,"0.0",0,"22.82","0.56",0,2021-06-24,"06","2021",0,22.82,"-23.325 151.875"
"14741714","2021-06-24T12:00:00Z",-23.475,151.825,"0.0",0,"22.47","0.56",0,2021-06-24,"06","2021",0,22.47,"-23.475 151.825"
"14741715","2021-06-24T12:00:00Z",-23.475,151.875,"0.0",0,"22.54","0.55",0,2021-06-24,"06","2021",0,22.54,"-23.475 151.875"
"14741717","2021-06-24T12:00:00Z",-23.475,151.975,"0.0",0,"22.64","0.47000000000000003",0,2021-06-24,"06","2021",0,22.64,"-23.475 151.975"
"14782183","2021-07-01T12:00:00Z",-20.125,150.275,"0.0",0,"24.03","0.7000000000000001",0,2021-07-01,"07","2021",0,24.03,"-20.125 150.275"
"14783239","2021-07-01T12:00:00Z",-20.775,150.425,"0.0",0,"23.43","0.58",0,2021-07-01,"07","2021",0,23.43,"-20.775 150.425"
"14783240","2021-07-01T12:00:00Z",-20.775,150.475,"0.0",0,"23.47","0.59",0,2021-07-01,"07","2021",0,23.47,"-20.775 150.475"
"14783319","2021-07-01T12:00:00Z",-20.825,150.375,"0.0",0,"23.35","0.56",0,2021-07-01,"07","2021",0,23.35,"-20.825 150.375"
"14783320","2021-07-01T12:00:00Z",-20.825,150.425,"0.0",0,"23.42","0.61",0,2021-07-01,"07","2021",0,23.42,"-20.825 150.425"
"14783398","2021-07-01T12:00:00Z",-20.875,150.275,"0.0",0,"23.19","0.45",0,2021-07-01,"07","2021",0,23.19,"-20.875 150.275"
"14787399","2021-07-01T12:00:00Z",-23.325,151.875,"0.0",0,"22.28","0.27",0,2021-07-01,"07","2021",0,22.28,"-23.325 151.875"
"14787641","2021-07-01T12:00:00Z",-23.475,151.825,"0.0",0,"21.77","0.12",0,2021-07-01,"07","2021",0,21.77,"-23.475 151.825"
"14787642","2021-07-01T12:00:00Z",-23.475,151.875,"0.0",0,"21.87","0.14",0,2021-07-01,"07","2021",0,21.87,"-23.475 151.875"
"14787644","2021-07-01T12:00:00Z",-23.475,151.975,"0.0",0,"22.1","0.19",0,2021-07-01,"07","2021",0,22.1,"-23.475 151.975"
"14828110","2021-07-08T12:00:00Z",-20.125,150.275,"0.0",0,"23.91","0.79",0,2021-07-08,"07","2021",0,23.91,"-20.125 150.275"
"14829166","2021-07-08T12:00:00Z",-20.775,150.425,"0.0",0,"23.43","0.8200000000000001",0,2021-07-08,"07","2021",0,23.43,"-20.775 150.425"
"14829167","2021-07-08T12:00:00Z",-20.775,150.475,"0.0",0,"23.48","0.8300000000000001",0,2021-07-08,"07","2021",0,23.48,"-20.775 150.475"
"14829246","2021-07-08T12:00:00Z",-20.825,150.375,"0.0",0,"23.35","0.8",0,2021-07-08,"07","2021",0,23.35,"-20.825 150.375"
"14829247","2021-07-08T12:00:00Z",-20.825,150.425,"0.0",0,"23.38","0.8",0,2021-07-08,"07","2021",0,23.38,"-20.825 150.425"
"14829325","2021-07-08T12:00:00Z",-20.875,150.275,"0.0",0,"23.28","0.79",0,2021-07-08,"07","2021",0,23.28,"-20.875 150.275"
"14833326","2021-07-08T12:00:00Z",-23.325,151.875,"0.0",0,"21.8","0.04",0,2021-07-08,"07","2021",0,21.8,"-23.325 151.875"
"14833568","2021-07-08T12:00:00Z",-23.475,151.825,"0.0",0,"21.35","-0.03",0,2021-07-08,"07","2021",0,21.35,"-23.475 151.825"
"14833569","2021-07-08T12:00:00Z",-23.475,151.875,"0.0",0,"21.46","0.0",0,2021-07-08,"07","2021",0,21.46,"-23.475 151.875"
"14833571","2021-07-08T12:00:00Z",-23.475,151.975,"0.0",0,"21.73","0.09",0,2021-07-08,"07","2021",0,21.73,"-23.475 151.975"
"14874037","2021-07-15T12:00:00Z",-20.125,150.275,"0.0",0,"23.87","0.97",0,2021-07-15,"07","2021",0,23.87,"-20.125 150.275"
"14875093","2021-07-15T12:00:00Z",-20.775,150.425,"0.0",0,"23.29","0.91",0,2021-07-15,"07","2021",0,23.29,"-20.775 150.425"
"14875094","2021-07-15T12:00:00Z",-20.775,150.475,"0.0",0,"23.34","0.92",0,2021-07-15,"07","2021",0,23.34,"-20.775 150.475"
"14875173","2021-07-15T12:00:00Z",-20.825,150.375,"0.0",0,"23.23","0.92",0,2021-07-15,"07","2021",0,23.23,"-20.825 150.375"
"14875174","2021-07-15T12:00:00Z",-20.825,150.425,"0.0",0,"23.23","0.89",0,2021-07-15,"07","2021",0,23.23,"-20.825 150.425"
"14875252","2021-07-15T12:00:00Z",-20.875,150.275,"0.0",0,"23.18","0.9400000000000001",0,2021-07-15,"07","2021",0,23.18,"-20.875 150.275"
"14879253","2021-07-15T12:00:00Z",-23.325,151.875,"0.0",0,"21.98","0.47000000000000003",0,2021-07-15,"07","2021",0,21.98,"-23.325 151.875"
"14879495","2021-07-15T12:00:00Z",-23.475,151.825,"0.0",0,"21.62","0.5",0,2021-07-15,"07","2021",0,21.62,"-23.475 151.825"
"14879496","2021-07-15T12:00:00Z",-23.475,151.875,"0.0",0,"21.72","0.52",0,2021-07-15,"07","2021",0,21.72,"-23.475 151.875"
"14879498","2021-07-15T12:00:00Z",-23.475,151.975,"0.0",0,"21.86","0.48",0,2021-07-15,"07","2021",0,21.86,"-23.475 151.975"
"14919964","2021-07-22T12:00:00Z",-20.125,150.275,"0.0",0,"23.67","0.8300000000000001",0,2021-07-22,"07","2021",0,23.67,"-20.125 150.275"
"14921020","2021-07-22T12:00:00Z",-20.775,150.425,"0.0",0,"23.04","0.74",0,2021-07-22,"07","2021",0,23.04,"-20.775 150.425"
"14921021","2021-07-22T12:00:00Z",-20.775,150.475,"0.0",0,"23.1","0.76",0,2021-07-22,"07","2021",0,23.1,"-20.775 150.475"
"14921100","2021-07-22T12:00:00Z",-20.825,150.375,"0.0",0,"22.93","0.7000000000000001",0,2021-07-22,"07","2021",0,22.93,"-20.825 150.375"
"14921101","2021-07-22T12:00:00Z",-20.825,150.425,"0.0",0,"22.96","0.7000000000000001",0,2021-07-22,"07","2021",0,22.96,"-20.825 150.425"
"14921179","2021-07-22T12:00:00Z",-20.875,150.275,"0.0",0,"22.88","0.71",0,2021-07-22,"07","2021",0,22.88,"-20.875 150.275"
"14925180","2021-07-22T12:00:00Z",-23.325,151.875,"0.0",0,"21.38","-0.04",0,2021-07-22,"07","2021",0,21.38,"-23.325 151.875"
"14925422","2021-07-22T12:00:00Z",-23.475,151.825,"0.0",0,"21.04","0.0",0,2021-07-22,"07","2021",0,21.04,"-23.475 151.825"
"14925423","2021-07-22T12:00:00Z",-23.475,151.875,"0.0",0,"21.150000000000002","0.03",0,2021-07-22,"07","2021",0,21.15,"-23.475 151.875"
"14925425","2021-07-22T12:00:00Z",-23.475,151.975,"0.0",0,"21.37","0.07",0,2021-07-22,"07","2021",0,21.37,"-23.475 151.975"
"14965891","2021-07-29T12:00:00Z",-20.125,150.275,"0.0",0,"23.59","0.8",0,2021-07-29,"07","2021",0,23.59,"-20.125 150.275"
"14966947","2021-07-29T12:00:00Z",-20.775,150.425,"0.0",0,"23.12","0.9",0,2021-07-29,"07","2021",0,23.12,"-20.775 150.425"
"14966948","2021-07-29T12:00:00Z",-20.775,150.475,"0.0",0,"23.13","0.87",0,2021-07-29,"07","2021",0,23.13,"-20.775 150.475"
"14967027","2021-07-29T12:00:00Z",-20.825,150.375,"0.0",0,"23.09","0.93",0,2021-07-29,"07","2021",0,23.09,"-20.825 150.375"
"14967028","2021-07-29T12:00:00Z",-20.825,150.425,"0.0",0,"23.07","0.89",0,2021-07-29,"07","2021",0,23.07,"-20.825 150.425"
"14967106","2021-07-29T12:00:00Z",-20.875,150.275,"0.0",0,"23.080000000000002","0.98",0,2021-07-29,"07","2021",0,23.08,"-20.875 150.275"
"14971107","2021-07-29T12:00:00Z",-23.325,151.875,"0.0",0,"21.51","0.18",0,2021-07-29,"07","2021",0,21.51,"-23.325 151.875"
"14971349","2021-07-29T12:00:00Z",-23.475,151.825,"0.0",0,"21.23","0.26",0,2021-07-29,"07","2021",0,21.23,"-23.475 151.825"
"14971350","2021-07-29T12:00:00Z",-23.475,151.875,"0.0",0,"21.31","0.27",0,2021-07-29,"07","2021",0,21.31,"-23.475 151.875"
"14971352","2021-07-29T12:00:00Z",-23.475,151.975,"0.0",0,"21.47","0.26",0,2021-07-29,"07","2021",0,21.47,"-23.475 151.975"
"15011818","2021-08-05T12:00:00Z",-20.125,150.275,"0.0",0,"23.61","0.88",0,2021-08-05,"08","2021",0,23.61,"-20.125 150.275"
"15012874","2021-08-05T12:00:00Z",-20.775,150.425,"0.0",0,"23.07","0.93",0,2021-08-05,"08","2021",0,23.07,"-20.775 150.425"
"15012875","2021-08-05T12:00:00Z",-20.775,150.475,"0.0",0,"23.09","0.91",0,2021-08-05,"08","2021",0,23.09,"-20.775 150.475"
"15012954","2021-08-05T12:00:00Z",-20.825,150.375,"0.0",0,"23.05","0.97",0,2021-08-05,"08","2021",0,23.05,"-20.825 150.375"
"15012955","2021-08-05T12:00:00Z",-20.825,150.425,"0.0",0,"23.04","0.9400000000000001",0,2021-08-05,"08","2021",0,23.04,"-20.825 150.425"
"15013033","2021-08-05T12:00:00Z",-20.875,150.275,"0.0",0,"23.09","1.07",0,2021-08-05,"08","2021",0,23.09,"-20.875 150.275"
"15017034","2021-08-05T12:00:00Z",-23.325,151.875,"0.0",0,"21.05","-0.19",0,2021-08-05,"08","2021",0,21.05,"-23.325 151.875"
"15017276","2021-08-05T12:00:00Z",-23.475,151.825,"0.0",0,"20.86","-0.03",0,2021-08-05,"08","2021",0,20.86,"-23.475 151.825"
"15017277","2021-08-05T12:00:00Z",-23.475,151.875,"0.0",0,"20.88","-0.08",0,2021-08-05,"08","2021",0,20.88,"-23.475 151.875"
"15017279","2021-08-05T12:00:00Z",-23.475,151.975,"0.0",0,"20.95","-0.18",0,2021-08-05,"08","2021",0,20.95,"-23.475 151.975"
"15057745","2021-08-12T12:00:00Z",-20.125,150.275,"0.0",0,"23.56","0.89",0,2021-08-12,"08","2021",0,23.56,"-20.125 150.275"
"15058801","2021-08-12T12:00:00Z",-20.775,150.425,"0.0",0,"22.97","0.91",0,2021-08-12,"08","2021",0,22.97,"-20.775 150.425"
"15058802","2021-08-12T12:00:00Z",-20.775,150.475,"0.0",0,"23.01","0.91",0,2021-08-12,"08","2021",0,23.01,"-20.775 150.475"
"15058881","2021-08-12T12:00:00Z",-20.825,150.375,"0.0",0,"22.92","0.92",0,2021-08-12,"08","2021",0,22.92,"-20.825 150.375"
"15058882","2021-08-12T12:00:00Z",-20.825,150.425,"0.0",0,"22.95","0.93",0,2021-08-12,"08","2021",0,22.95,"-20.825 150.425"
"15058960","2021-08-12T12:00:00Z",-20.875,150.275,"0.0",0,"22.89","0.9400000000000001",0,2021-08-12,"08","2021",0,22.89,"-20.875 150.275"
"15062961","2021-08-12T12:00:00Z",-23.325,151.875,"0.0",0,"21.35","0.2",0,2021-08-12,"08","2021",0,21.35,"-23.325 151.875"
"15063203","2021-08-12T12:00:00Z",-23.475,151.825,"0.0",0,"21.13","0.32",0,2021-08-12,"08","2021",0,21.13,"-23.475 151.825"
"15063204","2021-08-12T12:00:00Z",-23.475,151.875,"0.0",0,"21.18","0.31",0,2021-08-12,"08","2021",0,21.18,"-23.475 151.875"
"15063206","2021-08-12T12:00:00Z",-23.475,151.975,"0.0",0,"21.400000000000002","0.35000000000000003",0,2021-08-12,"08","2021",0,21.4,"-23.475 151.975"
"15103672","2021-08-19T12:00:00Z",-20.125,150.275,"0.0",0,"23.59","0.87",0,2021-08-19,"08","2021",0,23.59,"-20.125 150.275"
"15104728","2021-08-19T12:00:00Z",-20.775,150.425,"0.0",0,"22.97","0.85",0,2021-08-19,"08","2021",0,22.97,"-20.775 150.425"
"15104729","2021-08-19T12:00:00Z",-20.775,150.475,"0.0",0,"23.02","0.86",0,2021-08-19,"08","2021",0,23.02,"-20.775 150.475"
"15104808","2021-08-19T12:00:00Z",-20.825,150.375,"0.0",0,"22.88","0.81",0,2021-08-19,"08","2021",0,22.88,"-20.825 150.375"
"15104809","2021-08-19T12:00:00Z",-20.825,150.425,"0.0",0,"22.92","0.84",0,2021-08-19,"08","2021",0,22.92,"-20.825 150.425"
"15104887","2021-08-19T12:00:00Z",-20.875,150.275,"0.0",0,"22.87","0.85",0,2021-08-19,"08","2021",0,22.87,"-20.875 150.275"
"15108888","2021-08-19T12:00:00Z",-23.325,151.875,"0.0",0,"21.28","0.12",0,2021-08-19,"08","2021",0,21.28,"-23.325 151.875"
"15109130","2021-08-19T12:00:00Z",-23.475,151.825,"0.0",0,"21.12","0.27",0,2021-08-19,"08","2021",0,21.12,"-23.475 151.825"
"15109131","2021-08-19T12:00:00Z",-23.475,151.875,"0.0",0,"21.21","0.3",0,2021-08-19,"08","2021",0,21.21,"-23.475 151.875"
"15109133","2021-08-19T12:00:00Z",-23.475,151.975,"0.0",0,"21.38","0.32",0,2021-08-19,"08","2021",0,21.38,"-23.475 151.975"
"15149599","2021-08-26T12:00:00Z",-20.125,150.275,"0.0",0,"23.62","0.77",0,2021-08-26,"08","2021",0,23.62,"-20.125 150.275"
"15150655","2021-08-26T12:00:00Z",-20.775,150.425,"0.0",0,"22.96","0.68",0,2021-08-26,"08","2021",0,22.96,"-20.775 150.425"
"15150656","2021-08-26T12:00:00Z",-20.775,150.475,"0.0",0,"23.01","0.7000000000000001",0,2021-08-26,"08","2021",0,23.01,"-20.775 150.475"
"15150735","2021-08-26T12:00:00Z",-20.825,150.375,"0.0",0,"22.900000000000002","0.67",0,2021-08-26,"08","2021",0,22.9,"-20.825 150.375"
"15150736","2021-08-26T12:00:00Z",-20.825,150.425,"0.0",0,"22.91","0.67",0,2021-08-26,"08","2021",0,22.91,"-20.825 150.425"
"15150814","2021-08-26T12:00:00Z",-20.875,150.275,"0.0",0,"22.900000000000002","0.7000000000000001",0,2021-08-26,"08","2021",0,22.9,"-20.875 150.275"
"15154815","2021-08-26T12:00:00Z",-23.325,151.875,"0.0",0,"21.54","0.28",0,2021-08-26,"08","2021",0,21.54,"-23.325 151.875"
"15155057","2021-08-26T12:00:00Z",-23.475,151.825,"0.0",0,"21.42","0.44",0,2021-08-26,"08","2021",0,21.42,"-23.475 151.825"
"15155058","2021-08-26T12:00:00Z",-23.475,151.875,"0.0",0,"21.45","0.42",0,2021-08-26,"08","2021",0,21.45,"-23.475 151.875"
"15155060","2021-08-26T12:00:00Z",-23.475,151.975,"0.0",0,"21.52","0.36",0,2021-08-26,"08","2021",0,21.52,"-23.475 151.975"
"15195526","2021-09-02T12:00:00Z",-20.125,150.275,"0.0",0,"23.71","0.73",0,2021-09-02,"09","2021",0,23.71,"-20.125 150.275"
"15196582","2021-09-02T12:00:00Z",-20.775,150.425,"0.0",0,"23.25","0.81",0,2021-09-02,"09","2021",0,23.25,"-20.775 150.425"
"15196583","2021-09-02T12:00:00Z",-20.775,150.475,"0.0",0,"23.3","0.84",0,2021-09-02,"09","2021",0,23.3,"-20.775 150.475"
"15196662","2021-09-02T12:00:00Z",-20.825,150.375,"0.0",0,"23.21","0.81",0,2021-09-02,"09","2021",0,23.21,"-20.825 150.375"
"15196663","2021-09-02T12:00:00Z",-20.825,150.425,"0.0",0,"23.23","0.8300000000000001",0,2021-09-02,"09","2021",0,23.23,"-20.825 150.425"
"15196741","2021-09-02T12:00:00Z",-20.875,150.275,"0.0",0,"23.18","0.8",0,2021-09-02,"09","2021",0,23.18,"-20.875 150.275"
"15200742","2021-09-02T12:00:00Z",-23.325,151.875,"0.0",0,"21.990000000000002","0.64",0,2021-09-02,"09","2021",0,21.99,"-23.325 151.875"
"15200984","2021-09-02T12:00:00Z",-23.475,151.825,"0.0",0,"21.740000000000002","0.63",0,2021-09-02,"09","2021",0,21.74,"-23.475 151.825"
"15200985","2021-09-02T12:00:00Z",-23.475,151.875,"0.0",0,"21.8","0.65",0,2021-09-02,"09","2021",0,21.8,"-23.475 151.875"
"15200987","2021-09-02T12:00:00Z",-23.475,151.975,"0.0",0,"21.95","0.7000000000000001",0,2021-09-02,"09","2021",0,21.95,"-23.475 151.975"
"15241453","2021-09-09T12:00:00Z",-20.125,150.275,"0.0",0,"23.48","0.38",0,2021-09-09,"09","2021",0,23.48,"-20.125 150.275"
"15242509","2021-09-09T12:00:00Z",-20.775,150.425,"0.0",0,"22.97","0.38",0,2021-09-09,"09","2021",0,22.97,"-20.775 150.425"
"15242510","2021-09-09T12:00:00Z",-20.775,150.475,"0.0",0,"23.01","0.4",0,2021-09-09,"09","2021",0,23.01,"-20.775 150.475"
"15242589","2021-09-09T12:00:00Z",-20.825,150.375,"0.0",0,"22.93","0.36",0,2021-09-09,"09","2021",0,22.93,"-20.825 150.375"
"15242590","2021-09-09T12:00:00Z",-20.825,150.425,"0.0",0,"22.96","0.4",0,2021-09-09,"09","2021",0,22.96,"-20.825 150.425"
"15242668","2021-09-09T12:00:00Z",-20.875,150.275,"0.0",0,"22.86","0.29",0,2021-09-09,"09","2021",0,22.86,"-20.875 150.275"
"15246669","2021-09-09T12:00:00Z",-23.325,151.875,"0.0",0,"22.32","0.87",0,2021-09-09,"09","2021",0,22.32,"-23.325 151.875"
"15246911","2021-09-09T12:00:00Z",-23.475,151.825,"0.0",0,"21.79","0.55",0,2021-09-09,"09","2021",0,21.79,"-23.475 151.825"
"15246912","2021-09-09T12:00:00Z",-23.475,151.875,"0.0",0,"21.98","0.71",0,2021-09-09,"09","2021",0,21.98,"-23.475 151.875"
"15246914","2021-09-09T12:00:00Z",-23.475,151.975,"0.0",0,"22.41","1.06",0,2021-09-09,"09","2021",0,22.41,"-23.475 151.975"
"15287380","2021-09-16T12:00:00Z",-20.125,150.275,"0.0",0,"23.64","0.39",0,2021-09-16,"09","2021",0,23.64,"-20.125 150.275"
"15288436","2021-09-16T12:00:00Z",-20.775,150.425,"0.0",0,"23.03","0.25",0,2021-09-16,"09","2021",0,23.03,"-20.775 150.425"
"15288437","2021-09-16T12:00:00Z",-20.775,150.475,"0.0",0,"23.06","0.27",0,2021-09-16,"09","2021",0,23.06,"-20.775 150.475"
"15288516","2021-09-16T12:00:00Z",-20.825,150.375,"0.0",0,"22.98","0.22",0,2021-09-16,"09","2021",0,22.98,"-20.825 150.375"
"15288517","2021-09-16T12:00:00Z",-20.825,150.425,"0.0",0,"22.98","0.23",0,2021-09-16,"09","2021",0,22.98,"-20.825 150.425"
"15288595","2021-09-16T12:00:00Z",-20.875,150.275,"0.0",0,"22.990000000000002","0.22",0,2021-09-16,"09","2021",0,22.99,"-20.875 150.275"
"15292596","2021-09-16T12:00:00Z",-23.325,151.875,"0.0",0,"22.19","0.62",0,2021-09-16,"09","2021",0,22.19,"-23.325 151.875"
"15292838","2021-09-16T12:00:00Z",-23.475,151.825,"0.0",0,"22.080000000000002","0.68",0,2021-09-16,"09","2021",0,22.08,"-23.475 151.825"
"15292839","2021-09-16T12:00:00Z",-23.475,151.875,"0.0",0,"22.150000000000002","0.73",0,2021-09-16,"09","2021",0,22.15,"-23.475 151.875"
"15292841","2021-09-16T12:00:00Z",-23.475,151.975,"0.0",0,"22.26","0.78",0,2021-09-16,"09","2021",0,22.26,"-23.475 151.975"
"15333307","2021-09-23T12:00:00Z",-20.125,150.275,"0.0",0,"23.63","0.08",0,2021-09-23,"09","2021",0,23.63,"-20.125 150.275"
"15334363","2021-09-23T12:00:00Z",-20.775,150.425,"0.0",0,"23.05","-0.1",0,2021-09-23,"09","2021",0,23.05,"-20.775 150.425"
"15334364","2021-09-23T12:00:00Z",-20.775,150.475,"0.0",0,"23.12","-0.03",0,2021-09-23,"09","2021",0,23.12,"-20.775 150.475"
"15334443","2021-09-23T12:00:00Z",-20.825,150.375,"0.0",0,"22.94","-0.19",0,2021-09-23,"09","2021",0,22.94,"-20.825 150.375"
"15334444","2021-09-23T12:00:00Z",-20.825,150.425,"0.0",0,"22.990000000000002","-0.13",0,2021-09-23,"09","2021",0,22.99,"-20.825 150.425"
"15334522","2021-09-23T12:00:00Z",-20.875,150.275,"0.0",0,"22.86","-0.29",0,2021-09-23,"09","2021",0,22.86,"-20.875 150.275"
"15338523","2021-09-23T12:00:00Z",-23.325,151.875,"0.0",0,"21.86","-0.01",0,2021-09-23,"09","2021",0,21.86,"-23.325 151.875"
"15338765","2021-09-23T12:00:00Z",-23.475,151.825,"0.0",0,"21.86","0.12",0,2021-09-23,"09","2021",0,21.86,"-23.475 151.825"
"15338766","2021-09-23T12:00:00Z",-23.475,151.875,"0.0",0,"21.85","0.1",0,2021-09-23,"09","2021",0,21.85,"-23.475 151.875"
"15338768","2021-09-23T12:00:00Z",-23.475,151.975,"0.0",0,"21.89","0.09",0,2021-09-23,"09","2021",0,21.89,"-23.475 151.975"
"15379234","2021-09-30T12:00:00Z",-20.125,150.275,"0.0",0,"24.11","0.27",0,2021-09-30,"09","2021",0,24.11,"-20.125 150.275"
"15380290","2021-09-30T12:00:00Z",-20.775,150.425,"0.0",0,"23.47","-0.04",0,2021-09-30,"09","2021",0,23.47,"-20.775 150.425"
"15380291","2021-09-30T12:00:00Z",-20.775,150.475,"0.0",0,"23.5","-0.01",0,2021-09-30,"09","2021",0,23.5,"-20.775 150.475"
"15380370","2021-09-30T12:00:00Z",-20.825,150.375,"0.0",0,"23.42","-0.08",0,2021-09-30,"09","2021",0,23.42,"-20.825 150.375"
"15380371","2021-09-30T12:00:00Z",-20.825,150.425,"0.0",0,"23.44","-0.05",0,2021-09-30,"09","2021",0,23.44,"-20.825 150.425"
"15380449","2021-09-30T12:00:00Z",-20.875,150.275,"0.0",0,"23.42","-0.1",0,2021-09-30,"09","2021",0,23.42,"-20.875 150.275"
"15384450","2021-09-30T12:00:00Z",-23.325,151.875,"0.0",0,"22.240000000000002","0.07",0,2021-09-30,"09","2021",0,22.24,"-23.325 151.875"
"15384692","2021-09-30T12:00:00Z",-23.475,151.825,"0.0",0,"22.27","0.19",0,2021-09-30,"09","2021",0,22.27,"-23.475 151.825"
"15384693","2021-09-30T12:00:00Z",-23.475,151.875,"0.0",0,"22.29","0.2",0,2021-09-30,"09","2021",0,22.29,"-23.475 151.875"
"15384695","2021-09-30T12:00:00Z",-23.475,151.975,"0.0",0,"22.34","0.22",0,2021-09-30,"09","2021",0,22.34,"-23.475 151.975"
"15425161","2021-10-07T12:00:00Z",-20.125,150.275,"0.0",0,"24.580000000000002","0.45",0,2021-10-07,"10","2021",0,24.58,"-20.125 150.275"
"15426217","2021-10-07T12:00:00Z",-20.775,150.425,"0.0",0,"24.22","0.35000000000000003",0,2021-10-07,"10","2021",0,24.22,"-20.775 150.425"
"15426218","2021-10-07T12:00:00Z",-20.775,150.475,"0.0",0,"24.240000000000002","0.36",0,2021-10-07,"10","2021",0,24.24,"-20.775 150.475"
"15426297","2021-10-07T12:00:00Z",-20.825,150.375,"0.0",0,"24.19","0.31",0,2021-10-07,"10","2021",0,24.19,"-20.825 150.375"
"15426298","2021-10-07T12:00:00Z",-20.825,150.425,"0.0",0,"24.19","0.32",0,2021-10-07,"10","2021",0,24.19,"-20.825 150.425"
"15426376","2021-10-07T12:00:00Z",-20.875,150.275,"0.0",0,"24.26","0.36",0,2021-10-07,"10","2021",0,24.26,"-20.875 150.275"
"15430377","2021-10-07T12:00:00Z",-23.325,151.875,"0.0",0,"22.62","0.14",0,2021-10-07,"10","2021",0,22.62,"-23.325 151.875"
"15430619","2021-10-07T12:00:00Z",-23.475,151.825,"0.0",0,"22.67","0.25",0,2021-10-07,"10","2021",0,22.67,"-23.475 151.825"
"15430620","2021-10-07T12:00:00Z",-23.475,151.875,"0.0",0,"22.67","0.24",0,2021-10-07,"10","2021",0,22.67,"-23.475 151.875"
"15430622","2021-10-07T12:00:00Z",-23.475,151.975,"0.0",0,"22.67","0.23",0,2021-10-07,"10","2021",0,22.67,"-23.475 151.975"
"15471088","2021-10-14T12:00:00Z",-20.125,150.275,"0.0",0,"25.29","0.86",0,2021-10-14,"10","2021",0,25.29,"-20.125 150.275"
"15472144","2021-10-14T12:00:00Z",-20.775,150.425,"0.0",0,"25.2","0.96",0,2021-10-14,"10","2021",0,25.2,"-20.775 150.425"
"15472145","2021-10-14T12:00:00Z",-20.775,150.475,"0.0",0,"25.21","0.97",0,2021-10-14,"10","2021",0,25.21,"-20.775 150.475"
"15472224","2021-10-14T12:00:00Z",-20.825,150.375,"0.0",0,"25.25","1.0",0,2021-10-14,"10","2021",0,25.25,"-20.825 150.375"
"15472225","2021-10-14T12:00:00Z",-20.825,150.425,"0.0",0,"25.240000000000002","1.0",0,2021-10-14,"10","2021",0,25.24,"-20.825 150.425"
"15472303","2021-10-14T12:00:00Z",-20.875,150.275,"0.0",0,"25.44","1.16",0,2021-10-14,"10","2021",0,25.44,"-20.875 150.275"
"15476304","2021-10-14T12:00:00Z",-23.325,151.875,"0.0",0,"23.34","0.56",0,2021-10-14,"10","2021",0,23.34,"-23.325 151.875"
"15476546","2021-10-14T12:00:00Z",-23.475,151.825,"0.0",0,"23.44","0.68",0,2021-10-14,"10","2021",0,23.44,"-23.475 151.825"
"15476547","2021-10-14T12:00:00Z",-23.475,151.875,"0.0",0,"23.44","0.68",0,2021-10-14,"10","2021",0,23.44,"-23.475 151.875"
"15476549","2021-10-14T12:00:00Z",-23.475,151.975,"0.0",0,"23.39","0.63",0,2021-10-14,"10","2021",0,23.39,"-23.475 151.975"
"15517015","2021-10-21T12:00:00Z",-20.125,150.275,"0.0",0,"25.150000000000002","0.4",0,2021-10-21,"10","2021",0,25.15,"-20.125 150.275"
"15518071","2021-10-21T12:00:00Z",-20.775,150.425,"0.0",0,"25.39","0.79",0,2021-10-21,"10","2021",0,25.39,"-20.775 150.425"
"15518072","2021-10-21T12:00:00Z",-20.775,150.475,"0.0",0,"25.38","0.78",0,2021-10-21,"10","2021",0,25.38,"-20.775 150.475"
"15518151","2021-10-21T12:00:00Z",-20.825,150.375,"0.0",0,"25.43","0.8200000000000001",0,2021-10-21,"10","2021",0,25.43,"-20.825 150.375"
"15518152","2021-10-21T12:00:00Z",-20.825,150.425,"0.0",0,"25.42","0.8200000000000001",0,2021-10-21,"10","2021",0,25.42,"-20.825 150.425"
"15518230","2021-10-21T12:00:00Z",-20.875,150.275,"0.0",0,"25.51","0.87",0,2021-10-21,"10","2021",0,25.51,"-20.875 150.275"
"15522231","2021-10-21T12:00:00Z",-23.325,151.875,"0.0",0,"23.26","0.15",0,2021-10-21,"10","2021",0,23.26,"-23.325 151.875"
"15522473","2021-10-21T12:00:00Z",-23.475,151.825,"0.0",0,"23.31","0.2",0,2021-10-21,"10","2021",0,23.31,"-23.475 151.825"
"15522474","2021-10-21T12:00:00Z",-23.475,151.875,"0.0",0,"23.25","0.14",0,2021-10-21,"10","2021",0,23.25,"-23.475 151.875"
"15522476","2021-10-21T12:00:00Z",-23.475,151.975,"0.0",0,"23.21","0.11",0,2021-10-21,"10","2021",0,23.21,"-23.475 151.975"
"15562942","2021-10-28T12:00:00Z",-20.125,150.275,"0.0",0,"25.92","0.85",0,2021-10-28,"10","2021",0,25.92,"-20.125 150.275"
"15563998","2021-10-28T12:00:00Z",-20.775,150.425,"0.0",0,"26.34","1.3800000000000001",0,2021-10-28,"10","2021",0,26.34,"-20.775 150.425"
"15563999","2021-10-28T12:00:00Z",-20.775,150.475,"0.0",0,"26.310000000000002","1.35",0,2021-10-28,"10","2021",0,26.31,"-20.775 150.475"
"15564078","2021-10-28T12:00:00Z",-20.825,150.375,"0.0",0,"26.44","1.46",0,2021-10-28,"10","2021",0,26.44,"-20.825 150.375"
"15564079","2021-10-28T12:00:00Z",-20.825,150.425,"0.0",0,"26.42","1.45",0,2021-10-28,"10","2021",0,26.42,"-20.825 150.425"
"15564157","2021-10-28T12:00:00Z",-20.875,150.275,"0.0",0,"26.580000000000002","1.57",0,2021-10-28,"10","2021",0,26.58,"-20.875 150.275"
"15568158","2021-10-28T12:00:00Z",-23.325,151.875,"0.0",0,"24.63","1.17",0,2021-10-28,"10","2021",0,24.63,"-23.325 151.875"
"15568400","2021-10-28T12:00:00Z",-23.475,151.825,"0.0",0,"24.85","1.3900000000000001",0,2021-10-28,"10","2021",0,24.85,"-23.475 151.825"
"15568401","2021-10-28T12:00:00Z",-23.475,151.875,"0.0",0,"24.82","1.36",0,2021-10-28,"10","2021",0,24.82,"-23.475 151.875"
"15568403","2021-10-28T12:00:00Z",-23.475,151.975,"0.0",0,"24.69","1.24",0,2021-10-28,"10","2021",0,24.69,"-23.475 151.975"
"15608869","2021-11-04T12:00:00Z",-20.125,150.275,"0.0",0,"25.96","0.5700000000000001",0,2021-11-04,"11","2021",0,25.96,"-20.125 150.275"
"15609925","2021-11-04T12:00:00Z",-20.775,150.425,"0.0",0,"26.23","0.91",0,2021-11-04,"11","2021",0,26.23,"-20.775 150.425"
"15609926","2021-11-04T12:00:00Z",-20.775,150.475,"0.0",0,"26.17","0.85",0,2021-11-04,"11","2021",0,26.17,"-20.775 150.475"
"15610005","2021-11-04T12:00:00Z",-20.825,150.375,"0.0",0,"26.310000000000002","0.96",0,2021-11-04,"11","2021",0,26.31,"-20.825 150.375"
"15610006","2021-11-04T12:00:00Z",-20.825,150.425,"0.0",0,"26.27","0.9400000000000001",0,2021-11-04,"11","2021",0,26.27,"-20.825 150.425"
"15610084","2021-11-04T12:00:00Z",-20.875,150.275,"0.0",0,"26.37","1.0",0,2021-11-04,"11","2021",0,26.37,"-20.875 150.275"
"15614085","2021-11-04T12:00:00Z",-23.325,151.875,"0.0",0,"24.19","0.39",0,2021-11-04,"11","2021",0,24.19,"-23.325 151.875"
"15614327","2021-11-04T12:00:00Z",-23.475,151.825,"0.0",0,"24.18","0.36",0,2021-11-04,"11","2021",0,24.18,"-23.475 151.825"
"15614328","2021-11-04T12:00:00Z",-23.475,151.875,"0.0",0,"24.18","0.37",0,2021-11-04,"11","2021",0,24.18,"-23.475 151.875"
"15614330","2021-11-04T12:00:00Z",-23.475,151.975,"0.0",0,"24.22","0.43",0,2021-11-04,"11","2021",0,24.22,"-23.475 151.975"
"15654796","2021-11-11T12:00:00Z",-20.125,150.275,"0.0",0,"27.12","1.4000000000000001",0,2021-11-11,"11","2021",0,27.12,"-20.125 150.275"
"15655852","2021-11-11T12:00:00Z",-20.775,150.425,"0.0",0,"27.060000000000002","1.3800000000000001",0,2021-11-11,"11","2021",0,27.06,"-20.775 150.425"
"15655853","2021-11-11T12:00:00Z",-20.775,150.475,"0.0",0,"27.02","1.35",0,2021-11-11,"11","2021",0,27.02,"-20.775 150.475"
"15655932","2021-11-11T12:00:00Z",-20.825,150.375,"0.0",0,"27.13","1.42",0,2021-11-11,"11","2021",0,27.13,"-20.825 150.375"
"15655933","2021-11-11T12:00:00Z",-20.825,150.425,"0.0",0,"27.1","1.41",0,2021-11-11,"11","2021",0,27.1,"-20.825 150.425"
"15656011","2021-11-11T12:00:00Z",-20.875,150.275,"0.0",0,"27.19","1.46",0,2021-11-11,"11","2021",0,27.19,"-20.875 150.275"
"15660012","2021-11-11T12:00:00Z",-23.325,151.875,"0.0",0,"25.09","0.9500000000000001",0,2021-11-11,"11","2021",0,25.09,"-23.325 151.875"
"15660254","2021-11-11T12:00:00Z",-23.475,151.825,"0.0",0,"25.21","1.04",0,2021-11-11,"11","2021",0,25.21,"-23.475 151.825"
"15660255","2021-11-11T12:00:00Z",-23.475,151.875,"0.0",0,"25.16","1.0",0,2021-11-11,"11","2021",0,25.16,"-23.475 151.875"
"15660257","2021-11-11T12:00:00Z",-23.475,151.975,"0.0",0,"25.060000000000002","0.93",0,2021-11-11,"11","2021",0,25.06,"-23.475 151.975"
"15700723","2021-11-18T12:00:00Z",-20.125,150.275,"0.0",0,"26.6","0.61",0,2021-11-18,"11","2021",0,26.6,"-20.125 150.275"
"15701779","2021-11-18T12:00:00Z",-20.775,150.425,"0.0",0,"26.94","0.9400000000000001",0,2021-11-18,"11","2021",0,26.94,"-20.775 150.425"
"15701780","2021-11-18T12:00:00Z",-20.775,150.475,"0.0",0,"26.900000000000002","0.91",0,2021-11-18,"11","2021",0,26.9,"-20.775 150.475"
"15701859","2021-11-18T12:00:00Z",-20.825,150.375,"0.0",0,"26.990000000000002","0.97",0,2021-11-18,"11","2021",0,26.99,"-20.825 150.375"
"15701860","2021-11-18T12:00:00Z",-20.825,150.425,"0.0",0,"26.98","0.97",0,2021-11-18,"11","2021",0,26.98,"-20.825 150.425"
"15701938","2021-11-18T12:00:00Z",-20.875,150.275,"0.0",0,"27.03","0.99",0,2021-11-18,"11","2021",0,27.03,"-20.875 150.275"
"15705939","2021-11-18T12:00:00Z",-23.325,151.875,"0.0",0,"25.11","0.62",0,2021-11-18,"11","2021",0,25.11,"-23.325 151.875"
"15706181","2021-11-18T12:00:00Z",-23.475,151.825,"0.0",0,"25.240000000000002","0.72",0,2021-11-18,"11","2021",0,25.24,"-23.475 151.825"
"15706182","2021-11-18T12:00:00Z",-23.475,151.875,"0.0",0,"25.17","0.66",0,2021-11-18,"11","2021",0,25.17,"-23.475 151.875"
"15706184","2021-11-18T12:00:00Z",-23.475,151.975,"0.0",0,"25.02","0.55",0,2021-11-18,"11","2021",0,25.02,"-23.475 151.975"
"15746650","2021-11-25T12:00:00Z",-20.125,150.275,"0.0",0,"27.23","1.02",0,2021-11-25,"11","2021",0,27.23,"-20.125 150.275"
"15747706","2021-11-25T12:00:00Z",-20.775,150.425,"0.0",0,"27.400000000000002","1.1500000000000001",0,2021-11-25,"11","2021",0,27.4,"-20.775 150.425"
"15747707","2021-11-25T12:00:00Z",-20.775,150.475,"0.0",0,"27.36","1.12",0,2021-11-25,"11","2021",0,27.36,"-20.775 150.475"
"15747786","2021-11-25T12:00:00Z",-20.825,150.375,"0.0",0,"27.44","1.17",0,2021-11-25,"11","2021",0,27.44,"-20.825 150.375"
"15747787","2021-11-25T12:00:00Z",-20.825,150.425,"0.0",0,"27.400000000000002","1.1400000000000001",0,2021-11-25,"11","2021",0,27.4,"-20.825 150.425"
"15747865","2021-11-25T12:00:00Z",-20.875,150.275,"0.0",0,"27.52","1.23",0,2021-11-25,"11","2021",0,27.52,"-20.875 150.275"
"15751866","2021-11-25T12:00:00Z",-23.325,151.875,"0.0",0,"25.71","0.88",0,2021-11-25,"11","2021",0,25.71,"-23.325 151.875"
"15752108","2021-11-25T12:00:00Z",-23.475,151.825,"0.0",0,"25.73","0.86",0,2021-11-25,"11","2021",0,25.73,"-23.475 151.825"
"15752109","2021-11-25T12:00:00Z",-23.475,151.875,"0.0",0,"25.7","0.85",0,2021-11-25,"11","2021",0,25.7,"-23.475 151.875"
"15752111","2021-11-25T12:00:00Z",-23.475,151.975,"0.0",0,"25.66","0.85",0,2021-11-25,"11","2021",0,25.66,"-23.475 151.975"
"15792577","2021-12-02T12:00:00Z",-20.125,150.275,"0.0",0,"27.38","0.9500000000000001",0,2021-12-02,"12","2021",0,27.38,"-20.125 150.275"
"15793633","2021-12-02T12:00:00Z",-20.775,150.425,"0.0",0,"27.72","1.22",0,2021-12-02,"12","2021",0,27.72,"-20.775 150.425"
"15793634","2021-12-02T12:00:00Z",-20.775,150.475,"0.0",0,"27.72","1.23",0,2021-12-02,"12","2021",0,27.72,"-20.775 150.475"
"15793713","2021-12-02T12:00:00Z",-20.825,150.375,"0.0",0,"27.8","1.29",0,2021-12-02,"12","2021",0,27.8,"-20.825 150.375"
"15793714","2021-12-02T12:00:00Z",-20.825,150.425,"0.0",0,"27.78","1.27",0,2021-12-02,"12","2021",0,27.78,"-20.825 150.425"
"15793792","2021-12-02T12:00:00Z",-20.875,150.275,"0.0",0,"28.03","1.5",0,2021-12-02,"12","2021",0,28.03,"-20.875 150.275"
"15797793","2021-12-02T12:00:00Z",-23.325,151.875,"0.0",0,"26.060000000000002","0.89",0,2021-12-02,"12","2021",0,26.06,"-23.325 151.875"
"15798035","2021-12-02T12:00:00Z",-23.475,151.825,"0.0",0,"26.13","0.92",0,2021-12-02,"12","2021",0,26.13,"-23.475 151.825"
"15798036","2021-12-02T12:00:00Z",-23.475,151.875,"0.0",0,"26.080000000000002","0.89",0,2021-12-02,"12","2021",0,26.08,"-23.475 151.875"
"15798038","2021-12-02T12:00:00Z",-23.475,151.975,"0.0",0,"26.060000000000002","0.91",0,2021-12-02,"12","2021",0,26.06,"-23.475 151.975"
"15838504","2021-12-09T12:00:00Z",-20.125,150.275,"0.0",0,"27.79","1.1400000000000001",0,2021-12-09,"12","2021",0,27.79,"-20.125 150.275"
"15839560","2021-12-09T12:00:00Z",-20.775,150.425,"0.0",0,"28.2","1.45",0,2021-12-09,"12","2021",0,28.2,"-20.775 150.425"
"15839561","2021-12-09T12:00:00Z",-20.775,150.475,"0.0",0,"28.2","1.46",0,2021-12-09,"12","2021",0,28.2,"-20.775 150.475"
"15839640","2021-12-09T12:00:00Z",-20.825,150.375,"0.0",0,"28.26","1.5",0,2021-12-09,"12","2021",0,28.26,"-20.825 150.375"
"15839641","2021-12-09T12:00:00Z",-20.825,150.425,"0.0",0,"28.26","1.5",0,2021-12-09,"12","2021",0,28.26,"-20.825 150.425"
"15839719","2021-12-09T12:00:00Z",-20.875,150.275,"0.0",0,"28.34","1.57",0,2021-12-09,"12","2021",0,28.34,"-20.875 150.275"
"15843720","2021-12-09T12:00:00Z",-23.325,151.875,"0.0",0,"26.76","1.24",0,2021-12-09,"12","2021",0,26.76,"-23.325 151.875"
"15843962","2021-12-09T12:00:00Z",-23.475,151.825,"0.0",0,"26.79","1.23",0,2021-12-09,"12","2021",0,26.79,"-23.475 151.825"
"15843963","2021-12-09T12:00:00Z",-23.475,151.875,"0.0",0,"26.810000000000002","1.27",0,2021-12-09,"12","2021",0,26.81,"-23.475 151.875"
"15843965","2021-12-09T12:00:00Z",-23.475,151.975,"0.0",0,"26.8","1.32",0,2021-12-09,"12","2021",0,26.8,"-23.475 151.975"
"15884431","2021-12-16T12:00:00Z",-20.125,150.275,"0.0",0,"27.72","0.85",0,2021-12-16,"12","2021",0,27.72,"-20.125 150.275"
"15885487","2021-12-16T12:00:00Z",-20.775,150.425,"0.0",0,"27.91","0.92",0,2021-12-16,"12","2021",0,27.91,"-20.775 150.425"
"15885488","2021-12-16T12:00:00Z",-20.775,150.475,"0.0",0,"27.88","0.89",0,2021-12-16,"12","2021",0,27.88,"-20.775 150.475"
"15885567","2021-12-16T12:00:00Z",-20.825,150.375,"0.0",0,"27.94","0.9400000000000001",0,2021-12-16,"12","2021",0,27.94,"-20.825 150.375"
"15885568","2021-12-16T12:00:00Z",-20.825,150.425,"0.0",0,"27.93","0.93",0,2021-12-16,"12","2021",0,27.93,"-20.825 150.425"
"15885646","2021-12-16T12:00:00Z",-20.875,150.275,"0.0",0,"28.0","0.99",0,2021-12-16,"12","2021",0,28,"-20.875 150.275"
"15889647","2021-12-16T12:00:00Z",-23.325,151.875,"0.0",0,"26.75","0.9",0,2021-12-16,"12","2021",0,26.75,"-23.325 151.875"
"15889889","2021-12-16T12:00:00Z",-23.475,151.825,"0.0",0,"26.85","0.9500000000000001",0,2021-12-16,"12","2021",0,26.85,"-23.475 151.825"
"15889890","2021-12-16T12:00:00Z",-23.475,151.875,"0.0",0,"26.8","0.93",0,2021-12-16,"12","2021",0,26.8,"-23.475 151.875"
"15889892","2021-12-16T12:00:00Z",-23.475,151.975,"0.0",0,"26.77","0.96",0,2021-12-16,"12","2021",0,26.77,"-23.475 151.975"
"15930358","2021-12-23T12:00:00Z",-20.125,150.275,"0.0",0,"28.12","1.07",0,2021-12-23,"12","2021",0,28.12,"-20.125 150.275"
"15931414","2021-12-23T12:00:00Z",-20.775,150.425,"0.0",0,"28.21","1.03",0,2021-12-23,"12","2021",0,28.21,"-20.775 150.425"
"15931415","2021-12-23T12:00:00Z",-20.775,150.475,"0.0",0,"28.23","1.05",0,2021-12-23,"12","2021",0,28.23,"-20.775 150.475"
"15931494","2021-12-23T12:00:00Z",-20.825,150.375,"0.0",0,"28.240000000000002","1.04",0,2021-12-23,"12","2021",0,28.24,"-20.825 150.375"
"15931495","2021-12-23T12:00:00Z",-20.825,150.425,"0.0",0,"28.25","1.06",0,2021-12-23,"12","2021",0,28.25,"-20.825 150.425"
"15931573","2021-12-23T12:00:00Z",-20.875,150.275,"0.0",0,"28.310000000000002","1.1",0,2021-12-23,"12","2021",0,28.31,"-20.875 150.275"
"15935574","2021-12-23T12:00:00Z",-23.325,151.875,"0.0",0,"27.17","1.08",0,2021-12-23,"12","2021",0,27.17,"-23.325 151.875"
"15935816","2021-12-23T12:00:00Z",-23.475,151.825,"0.0",0,"27.35","1.2",0,2021-12-23,"12","2021",0,27.35,"-23.475 151.825"
"15935817","2021-12-23T12:00:00Z",-23.475,151.875,"0.0",0,"27.27","1.1500000000000001",0,2021-12-23,"12","2021",0,27.27,"-23.475 151.875"
"15935819","2021-12-23T12:00:00Z",-23.475,151.975,"0.0",0,"27.1","1.04",0,2021-12-23,"12","2021",0,27.1,"-23.475 151.975"
"15976285","2021-12-30T12:00:00Z",-20.125,150.275,"0.0",0,"28.38","1.1500000000000001",0,2021-12-30,"12","2021",0,28.38,"-20.125 150.275"
"15977341","2021-12-30T12:00:00Z",-20.775,150.425,"0.0",0,"28.37","0.99",0,2021-12-30,"12","2021",0,28.37,"-20.775 150.425"
"15977342","2021-12-30T12:00:00Z",-20.775,150.475,"0.0",0,"28.35","0.97",0,2021-12-30,"12","2021",0,28.35,"-20.775 150.475"
"15977421","2021-12-30T12:00:00Z",-20.825,150.375,"0.0",0,"28.43","1.03",0,2021-12-30,"12","2021",0,28.43,"-20.825 150.375"
"15977422","2021-12-30T12:00:00Z",-20.825,150.425,"0.0",0,"28.400000000000002","1.01",0,2021-12-30,"12","2021",0,28.4,"-20.825 150.425"
"15977500","2021-12-30T12:00:00Z",-20.875,150.275,"0.0",0,"28.48","1.07",0,2021-12-30,"12","2021",0,28.48,"-20.875 150.275"
"15981501","2021-12-30T12:00:00Z",-23.325,151.875,"0.0",0,"27.490000000000002","1.1500000000000001",0,2021-12-30,"12","2021",0,27.49,"-23.325 151.875"
"15981743","2021-12-30T12:00:00Z",-23.475,151.825,"0.0",0,"27.36","0.96",0,2021-12-30,"12","2021",0,27.36,"-23.475 151.825"
"15981744","2021-12-30T12:00:00Z",-23.475,151.875,"0.0",0,"27.34","0.97",0,2021-12-30,"12","2021",0,27.34,"-23.475 151.875"
"15981746","2021-12-30T12:00:00Z",-23.475,151.975,"0.0",0,"27.310000000000002","0.99",0,2021-12-30,"12","2021",0,27.31,"-23.475 151.975"
"16022212","2022-01-06T12:00:00Z",-20.125,150.275,"0.0",0,"28.61","1.2",0,2022-01-06,"01","2022",0,28.61,"-20.125 150.275"
"16023268","2022-01-06T12:00:00Z",-20.775,150.425,"0.0",0,"28.71","1.1300000000000001",0,2022-01-06,"01","2022",0,28.71,"-20.775 150.425"
"16023269","2022-01-06T12:00:00Z",-20.775,150.475,"0.0",0,"28.71","1.1400000000000001",0,2022-01-06,"01","2022",0,28.71,"-20.775 150.475"
"16023348","2022-01-06T12:00:00Z",-20.825,150.375,"0.0",0,"28.88","1.28",0,2022-01-06,"01","2022",0,28.88,"-20.825 150.375"
"16023349","2022-01-06T12:00:00Z",-20.825,150.425,"0.0",0,"28.810000000000002","1.22",0,2022-01-06,"01","2022",0,28.81,"-20.825 150.425"
"16023427","2022-01-06T12:00:00Z",-20.875,150.275,"0.15",0,"29.1","1.49",0,2022-01-06,"01","2022",0.15,29.1,"-20.875 150.275"
"16027428","2022-01-06T12:00:00Z",-23.325,151.875,"0.0",0,"27.18","0.6",0,2022-01-06,"01","2022",0,27.18,"-23.325 151.875"
"16027670","2022-01-06T12:00:00Z",-23.475,151.825,"0.0",0,"27.32","0.67",0,2022-01-06,"01","2022",0,27.32,"-23.475 151.825"
"16027671","2022-01-06T12:00:00Z",-23.475,151.875,"0.0",0,"27.29","0.67",0,2022-01-06,"01","2022",0,27.29,"-23.475 151.875"
"16027673","2022-01-06T12:00:00Z",-23.475,151.975,"0.0",0,"27.22","0.65",0,2022-01-06,"01","2022",0,27.22,"-23.475 151.975"
"16068139","2022-01-13T12:00:00Z",-20.125,150.275,"0.14",0,"28.47","0.88",0,2022-01-13,"01","2022",0.14,28.47,"-20.125 150.275"
"16069195","2022-01-13T12:00:00Z",-20.775,150.425,"0.34",0,"28.66","0.89",0,2022-01-13,"01","2022",0.34,28.66,"-20.775 150.425"
"16069196","2022-01-13T12:00:00Z",-20.775,150.475,"0.33",0,"28.650000000000002","0.89",0,2022-01-13,"01","2022",0.33,28.65,"-20.775 150.475"
"16069275","2022-01-13T12:00:00Z",-20.825,150.375,"0.67",0,"28.66","0.86",0,2022-01-13,"01","2022",0.67,28.66,"-20.825 150.375"
"16069276","2022-01-13T12:00:00Z",-20.825,150.425,"0.51",0,"28.66","0.88",0,2022-01-13,"01","2022",0.51,28.66,"-20.825 150.425"
"16069354","2022-01-13T12:00:00Z",-20.875,150.275,"0.92",0,"28.64","0.8300000000000001",0,2022-01-13,"01","2022",0.92,28.64,"-20.875 150.275"
"16073355","2022-01-13T12:00:00Z",-23.325,151.875,"0.0",0,"27.13","0.3",0,2022-01-13,"01","2022",0,27.13,"-23.325 151.875"
"16073597","2022-01-13T12:00:00Z",-23.475,151.825,"0.0",0,"27.21","0.3",0,2022-01-13,"01","2022",0,27.21,"-23.475 151.825"
"16073598","2022-01-13T12:00:00Z",-23.475,151.875,"0.0",0,"27.18","0.3",0,2022-01-13,"01","2022",0,27.18,"-23.475 151.875"
"16073600","2022-01-13T12:00:00Z",-23.475,151.975,"0.0",0,"27.13","0.3",0,2022-01-13,"01","2022",0,27.13,"-23.475 151.975"
"16114066","2022-01-20T12:00:00Z",-20.125,150.275,"0.45",0,"28.830000000000002","1.1500000000000001",0,2022-01-20,"01","2022",0.45,28.83,"-20.125 150.275"
"16115122","2022-01-20T12:00:00Z",-20.775,150.425,"0.64",0,"28.93","1.08",0,2022-01-20,"01","2022",0.64,28.93,"-20.775 150.425"
"16115123","2022-01-20T12:00:00Z",-20.775,150.475,"0.63",0,"28.900000000000002","1.06",0,2022-01-20,"01","2022",0.63,28.9,"-20.775 150.475"
"16115202","2022-01-20T12:00:00Z",-20.825,150.375,"1.12",0,"28.990000000000002","1.11",0,2022-01-20,"01","2022",1.12,28.99,"-20.825 150.375"
"16115203","2022-01-20T12:00:00Z",-20.825,150.425,"0.96",0,"28.97","1.11",0,2022-01-20,"01","2022",0.96,28.97,"-20.825 150.425"
"16115281","2022-01-20T12:00:00Z",-20.875,150.275,"1.3900000000000001",0,"29.07","1.18",0,2022-01-20,"01","2022",1.39,29.07,"-20.875 150.275"
"16119282","2022-01-20T12:00:00Z",-23.325,151.875,"0.0",0,"27.91","0.97",0,2022-01-20,"01","2022",0,27.91,"-23.325 151.875"
"16119524","2022-01-20T12:00:00Z",-23.475,151.825,"0.0",0,"27.94","0.93",0,2022-01-20,"01","2022",0,27.94,"-23.475 151.825"
"16119525","2022-01-20T12:00:00Z",-23.475,151.875,"0.0",0,"27.91","0.93",0,2022-01-20,"01","2022",0,27.91,"-23.475 151.875"
"16119527","2022-01-20T12:00:00Z",-23.475,151.975,"0.0",0,"27.87","0.9400000000000001",0,2022-01-20,"01","2022",0,27.87,"-23.475 151.975"
"16159993","2022-01-27T12:00:00Z",-20.125,150.275,"0.6",0,"28.72","0.99",0,2022-01-27,"01","2022",0.6,28.72,"-20.125 150.275"
"16161049","2022-01-27T12:00:00Z",-20.775,150.425,"0.8",0,"28.88","1.0",0,2022-01-27,"01","2022",0.8,28.88,"-20.775 150.425"
"16161050","2022-01-27T12:00:00Z",-20.775,150.475,"0.79",0,"28.85","0.98",0,2022-01-27,"01","2022",0.79,28.85,"-20.775 150.475"
"16161129","2022-01-27T12:00:00Z",-20.825,150.375,"1.42",0,"28.95","1.04",0,2022-01-27,"01","2022",1.42,28.95,"-20.825 150.375"
"16161130","2022-01-27T12:00:00Z",-20.825,150.425,"1.27",0,"28.93","1.04",0,2022-01-27,"01","2022",1.27,28.93,"-20.825 150.425"
"16161208","2022-01-27T12:00:00Z",-20.875,150.275,"1.68",0,"29.02","1.09",0,2022-01-27,"01","2022",1.68,29.02,"-20.875 150.275"
"16165209","2022-01-27T12:00:00Z",-23.325,151.875,"0.0",0,"27.41","0.42",0,2022-01-27,"01","2022",0,27.41,"-23.325 151.875"
"16165451","2022-01-27T12:00:00Z",-23.475,151.825,"0.0",0,"27.39","0.35000000000000003",0,2022-01-27,"01","2022",0,27.39,"-23.475 151.825"
"16165452","2022-01-27T12:00:00Z",-23.475,151.875,"0.0",0,"27.36","0.34",0,2022-01-27,"01","2022",0,27.36,"-23.475 151.875"
"16165454","2022-01-27T12:00:00Z",-23.475,151.975,"0.0",0,"27.39","0.41000000000000003",0,2022-01-27,"01","2022",0,27.39,"-23.475 151.975"
"16205920","2022-02-03T12:00:00Z",-20.125,150.275,"0.6",0,"28.46","0.6900000000000001",0,2022-02-03,"02","2022",0.6,28.46,"-20.125 150.275"
"16206976","2022-02-03T12:00:00Z",-20.775,150.425,"0.8",0,"28.66","0.76",0,2022-02-03,"02","2022",0.8,28.66,"-20.775 150.425"
"16206977","2022-02-03T12:00:00Z",-20.775,150.475,"0.79",0,"28.66","0.77",0,2022-02-03,"02","2022",0.79,28.66,"-20.775 150.475"
"16207056","2022-02-03T12:00:00Z",-20.825,150.375,"1.42",0,"28.73","0.8",0,2022-02-03,"02","2022",1.42,28.73,"-20.825 150.375"
"16207057","2022-02-03T12:00:00Z",-20.825,150.425,"1.27",0,"28.71","0.8",0,2022-02-03,"02","2022",1.27,28.71,"-20.825 150.425"
"16207135","2022-02-03T12:00:00Z",-20.875,150.275,"1.83",0,"28.900000000000002","0.9400000000000001",0,2022-02-03,"02","2022",1.83,28.9,"-20.875 150.275"
"16211136","2022-02-03T12:00:00Z",-23.325,151.875,"0.0",0,"27.79","0.74",0,2022-02-03,"02","2022",0,27.79,"-23.325 151.875"
"16211378","2022-02-03T12:00:00Z",-23.475,151.825,"0.0",0,"27.69","0.61",0,2022-02-03,"02","2022",0,27.69,"-23.475 151.825"
"16211379","2022-02-03T12:00:00Z",-23.475,151.875,"0.0",0,"27.740000000000002","0.68",0,2022-02-03,"02","2022",0,27.74,"-23.475 151.875"
"16211381","2022-02-03T12:00:00Z",-23.475,151.975,"0.15",0,"27.88","0.85",0,2022-02-03,"02","2022",0.15,27.88,"-23.475 151.975"
"16251847","2022-02-10T12:00:00Z",-20.125,150.275,"0.6",0,"28.25","0.43",0,2022-02-10,"02","2022",0.6,28.25,"-20.125 150.275"
"16252903","2022-02-10T12:00:00Z",-20.775,150.425,"0.8",0,"28.26","0.33",0,2022-02-10,"02","2022",0.8,28.26,"-20.775 150.425"
"16252904","2022-02-10T12:00:00Z",-20.775,150.475,"0.79",0,"28.25","0.33",0,2022-02-10,"02","2022",0.79,28.25,"-20.775 150.475"
"16252983","2022-02-10T12:00:00Z",-20.825,150.375,"1.42",0,"28.27","0.31",0,2022-02-10,"02","2022",1.42,28.27,"-20.825 150.375"
"16252984","2022-02-10T12:00:00Z",-20.825,150.425,"1.27",0,"28.27","0.33",0,2022-02-10,"02","2022",1.27,28.27,"-20.825 150.425"
"16253062","2022-02-10T12:00:00Z",-20.875,150.275,"1.83",0,"28.310000000000002","0.31",0,2022-02-10,"02","2022",1.83,28.31,"-20.875 150.275"
"16257063","2022-02-10T12:00:00Z",-23.325,151.875,"0.0",0,"27.150000000000002","0.05",0,2022-02-10,"02","2022",0,27.15,"-23.325 151.875"
"16257305","2022-02-10T12:00:00Z",-23.475,151.825,"0.0",0,"26.900000000000002","-0.21",0,2022-02-10,"02","2022",0,26.9,"-23.475 151.825"
"16257306","2022-02-10T12:00:00Z",-23.475,151.875,"0.0",0,"26.97","-0.13",0,2022-02-10,"02","2022",0,26.97,"-23.475 151.875"
"16257308","2022-02-10T12:00:00Z",-23.475,151.975,"0.15",0,"27.23","0.15",0,2022-02-10,"02","2022",0.15,27.23,"-23.475 151.975"
"16297774","2022-02-17T12:00:00Z",-20.125,150.275,"0.6",0,"28.19","0.36",0,2022-02-17,"02","2022",0.6,28.19,"-20.125 150.275"
"16298830","2022-02-17T12:00:00Z",-20.775,150.425,"0.8",0,"28.09","0.17",0,2022-02-17,"02","2022",0.8,28.09,"-20.775 150.425"
"16298831","2022-02-17T12:00:00Z",-20.775,150.475,"0.79",0,"28.080000000000002","0.17",0,2022-02-17,"02","2022",0.79,28.08,"-20.775 150.475"
"16298910","2022-02-17T12:00:00Z",-20.825,150.375,"1.42",0,"28.07","0.13",0,2022-02-17,"02","2022",1.42,28.07,"-20.825 150.375"
"16298911","2022-02-17T12:00:00Z",-20.825,150.425,"1.27",0,"28.07","0.15",0,2022-02-17,"02","2022",1.27,28.07,"-20.825 150.425"
"16298989","2022-02-17T12:00:00Z",-20.875,150.275,"1.83",0,"28.04","0.06",0,2022-02-17,"02","2022",1.83,28.04,"-20.875 150.275"
"16302990","2022-02-17T12:00:00Z",-23.325,151.875,"0.0",0,"27.07","-0.02",0,2022-02-17,"02","2022",0,27.07,"-23.325 151.875"
"16303232","2022-02-17T12:00:00Z",-23.475,151.825,"0.0",0,"26.67","-0.42",0,2022-02-17,"02","2022",0,26.67,"-23.475 151.825"
"16303233","2022-02-17T12:00:00Z",-23.475,151.875,"0.0",0,"26.73","-0.35000000000000003",0,2022-02-17,"02","2022",0,26.73,"-23.475 151.875"
"16303235","2022-02-17T12:00:00Z",-23.475,151.975,"0.15",0,"26.900000000000002","-0.16",0,2022-02-17,"02","2022",0.15,26.9,"-23.475 151.975"
"16343701","2022-02-24T12:00:00Z",-20.125,150.275,"0.6",0,"28.42","0.7000000000000001",0,2022-02-24,"02","2022",0.6,28.42,"-20.125 150.275"
"16344757","2022-02-24T12:00:00Z",-20.775,150.425,"0.8",0,"28.2","0.4",0,2022-02-24,"02","2022",0.8,28.2,"-20.775 150.425"
"16344758","2022-02-24T12:00:00Z",-20.775,150.475,"0.79",0,"28.22","0.43",0,2022-02-24,"02","2022",0.79,28.22,"-20.775 150.475"
"16344837","2022-02-24T12:00:00Z",-20.825,150.375,"1.42",0,"28.14","0.32",0,2022-02-24,"02","2022",1.42,28.14,"-20.825 150.375"
"16344838","2022-02-24T12:00:00Z",-20.825,150.425,"1.27",0,"28.18","0.38",0,2022-02-24,"02","2022",1.27,28.18,"-20.825 150.425"
"16344916","2022-02-24T12:00:00Z",-20.875,150.275,"1.83",0,"28.14","0.29",0,2022-02-24,"02","2022",1.83,28.14,"-20.875 150.275"
"16348917","2022-02-24T12:00:00Z",-23.325,151.875,"0.0",0,"27.18","0.26",0,2022-02-24,"02","2022",0,27.18,"-23.325 151.875"
"16349159","2022-02-24T12:00:00Z",-23.475,151.825,"0.0",0,"27.11","0.21",0,2022-02-24,"02","2022",0,27.11,"-23.475 151.825"
"16349160","2022-02-24T12:00:00Z",-23.475,151.875,"0.0",0,"27.13","0.24",0,2022-02-24,"02","2022",0,27.13,"-23.475 151.875"
"16349162","2022-02-24T12:00:00Z",-23.475,151.975,"0.15",0,"27.19","0.31",0,2022-02-24,"02","2022",0.15,27.19,"-23.475 151.975"
"16389628","2022-03-03T12:00:00Z",-20.125,150.275,"0.6",0,"28.7","1.08",0,2022-03-03,"03","2022",0.6,28.7,"-20.125 150.275"
"16390684","2022-03-03T12:00:00Z",-20.775,150.425,"1.1",0,"29.03","1.35",0,2022-03-03,"03","2022",1.1,29.03,"-20.775 150.425"
"16390685","2022-03-03T12:00:00Z",-20.775,150.475,"1.09",0,"29.03","1.36",0,2022-03-03,"03","2022",1.09,29.03,"-20.775 150.475"
"16390764","2022-03-03T12:00:00Z",-20.825,150.375,"1.73",0,"29.09","1.4000000000000001",0,2022-03-03,"03","2022",1.73,29.09,"-20.825 150.375"
"16390765","2022-03-03T12:00:00Z",-20.825,150.425,"1.59",0,"29.1","1.42",0,2022-03-03,"03","2022",1.59,29.1,"-20.825 150.425"
"16390843","2022-03-03T12:00:00Z",-20.875,150.275,"2.6",0,"29.09","1.37",0,2022-03-03,"03","2022",2.6,29.09,"-20.875 150.275"
"16394844","2022-03-03T12:00:00Z",-23.325,151.875,"0.0",0,"27.95","1.2",0,2022-03-03,"03","2022",0,27.95,"-23.325 151.875"
"16395086","2022-03-03T12:00:00Z",-23.475,151.825,"0.0",0,"27.95","1.24",0,2022-03-03,"03","2022",0,27.95,"-23.475 151.825"
"16395087","2022-03-03T12:00:00Z",-23.475,151.875,"0.0",0,"27.95","1.25",0,2022-03-03,"03","2022",0,27.95,"-23.475 151.875"
"16395089","2022-03-03T12:00:00Z",-23.475,151.975,"0.15",0,"27.91","1.22",0,2022-03-03,"03","2022",0.15,27.91,"-23.475 151.975"
"16435555","2022-03-10T12:00:00Z",-20.125,150.275,"0.97",0,"29.23","1.72",0,2022-03-10,"03","2022",0.97,29.23,"-20.125 150.275"
"16436611","2022-03-10T12:00:00Z",-20.775,150.425,"2.31",0,"29.54","1.98",0,2022-03-10,"03","2022",2.31,29.54,"-20.775 150.425"
"16436612","2022-03-10T12:00:00Z",-20.775,150.475,"2.29",0,"29.52","1.97",0,2022-03-10,"03","2022",2.29,29.52,"-20.775 150.475"
"16436691","2022-03-10T12:00:00Z",-20.825,150.375,"2.83",0,"29.61","2.04",0,2022-03-10,"03","2022",2.83,29.61,"-20.825 150.375"
"16436692","2022-03-10T12:00:00Z",-20.825,150.425,"2.83",0,"29.580000000000002","2.02",0,2022-03-10,"03","2022",2.83,29.58,"-20.825 150.425"
"16436770","2022-03-10T12:00:00Z",-20.875,150.275,"3.68",0,"29.64","2.05",0,2022-03-10,"03","2022",3.68,29.64,"-20.875 150.275"
"16440771","2022-03-10T12:00:00Z",-23.325,151.875,"0.17",0,"28.13","1.55",0,2022-03-10,"03","2022",0.17,28.13,"-23.325 151.875"
"16441013","2022-03-10T12:00:00Z",-23.475,151.825,"0.31",0,"28.07","1.55",0,2022-03-10,"03","2022",0.31,28.07,"-23.475 151.825"
"16441014","2022-03-10T12:00:00Z",-23.475,151.875,"0.31",0,"28.09","1.58",0,2022-03-10,"03","2022",0.31,28.09,"-23.475 151.875"
"16441016","2022-03-10T12:00:00Z",-23.475,151.975,"0.31",0,"28.07","1.56",0,2022-03-10,"03","2022",0.31,28.07,"-23.475 151.975"
"16481482","2022-03-17T12:00:00Z",-20.125,150.275,"1.31",0,"28.650000000000002","1.26",0,2022-03-17,"03","2022",1.31,28.65,"-20.125 150.275"
"16482538","2022-03-17T12:00:00Z",-20.775,150.425,"3.59",0,"29.07","1.6600000000000001",0,2022-03-17,"03","2022",3.59,29.07,"-20.775 150.425"
"16482539","2022-03-17T12:00:00Z",-20.775,150.475,"3.5500000000000003",0,"29.03","1.62",0,2022-03-17,"03","2022",3.55,29.03,"-20.775 150.475"
"16482618","2022-03-17T12:00:00Z",-20.825,150.375,"4.12",0,"29.14","1.72",0,2022-03-17,"03","2022",4.12,29.14,"-20.825 150.375"
"16482619","2022-03-17T12:00:00Z",-20.825,150.425,"4.11",0,"29.11","1.7",0,2022-03-17,"03","2022",4.11,29.11,"-20.825 150.425"
"16482697","2022-03-17T12:00:00Z",-20.875,150.275,"4.95",0,"29.19","1.76",0,2022-03-17,"03","2022",4.95,29.19,"-20.875 150.275"
"16486698","2022-03-17T12:00:00Z",-23.325,151.875,"0.17",0,"27.19","0.8",0,2022-03-17,"03","2022",0.17,27.19,"-23.325 151.875"
"16486940","2022-03-17T12:00:00Z",-23.475,151.825,"0.31",0,"26.96","0.65",0,2022-03-17,"03","2022",0.31,26.96,"-23.475 151.825"
"16486941","2022-03-17T12:00:00Z",-23.475,151.875,"0.31",0,"26.990000000000002","0.68",0,2022-03-17,"03","2022",0.31,26.99,"-23.475 151.875"
"16486943","2022-03-17T12:00:00Z",-23.475,151.975,"0.31",0,"27.07","0.75",0,2022-03-17,"03","2022",0.31,27.07,"-23.475 151.975"
"16527409","2022-03-24T12:00:00Z",-20.125,150.275,"1.31",0,"28.04","0.85",0,2022-03-24,"03","2022",1.31,28.04,"-20.125 150.275"
"16528465","2022-03-24T12:00:00Z",-20.775,150.425,"3.59",0,"28.080000000000002","0.89",0,2022-03-24,"03","2022",3.59,28.08,"-20.775 150.425"
"16528466","2022-03-24T12:00:00Z",-20.775,150.475,"3.5500000000000003",0,"28.060000000000002","0.87",0,2022-03-24,"03","2022",3.55,28.06,"-20.775 150.475"
"16528545","2022-03-24T12:00:00Z",-20.825,150.375,"4.12",0,"28.13","0.9400000000000001",0,2022-03-24,"03","2022",4.12,28.13,"-20.825 150.375"
"16528546","2022-03-24T12:00:00Z",-20.825,150.425,"4.11",0,"28.11","0.93",0,2022-03-24,"03","2022",4.11,28.11,"-20.825 150.425"
"16528624","2022-03-24T12:00:00Z",-20.875,150.275,"4.95",0,"28.22","1.01",0,2022-03-24,"03","2022",4.95,28.22,"-20.875 150.275"
"16532625","2022-03-24T12:00:00Z",-23.325,151.875,"0.17",0,"26.89","0.73",0,2022-03-24,"03","2022",0.17,26.89,"-23.325 151.875"
"16532867","2022-03-24T12:00:00Z",-23.475,151.825,"0.31",0,"26.8","0.73",0,2022-03-24,"03","2022",0.31,26.8,"-23.475 151.825"
"16532868","2022-03-24T12:00:00Z",-23.475,151.875,"0.31",0,"26.830000000000002","0.75",0,2022-03-24,"03","2022",0.31,26.83,"-23.475 151.875"
"16532870","2022-03-24T12:00:00Z",-23.475,151.975,"0.31",0,"26.92","0.8300000000000001",0,2022-03-24,"03","2022",0.31,26.92,"-23.475 151.975"
"16573336","2022-03-31T12:00:00Z",-20.125,150.275,"1.31",0,"27.95","0.9500000000000001",0,2022-03-31,"03","2022",1.31,27.95,"-20.125 150.275"
"16574392","2022-03-31T12:00:00Z",-20.775,150.425,"3.59",0,"28.04","1.08",0,2022-03-31,"03","2022",3.59,28.04,"-20.775 150.425"
"16574393","2022-03-31T12:00:00Z",-20.775,150.475,"3.5500000000000003",0,"28.02","1.05",0,2022-03-31,"03","2022",3.55,28.02,"-20.775 150.475"
"16574472","2022-03-31T12:00:00Z",-20.825,150.375,"4.12",0,"28.1","1.1400000000000001",0,2022-03-31,"03","2022",4.12,28.1,"-20.825 150.375"
"16574473","2022-03-31T12:00:00Z",-20.825,150.425,"4.11",0,"28.060000000000002","1.1",0,2022-03-31,"03","2022",4.11,28.06,"-20.825 150.425"
"16574551","2022-03-31T12:00:00Z",-20.875,150.275,"4.8",0,"28.22","1.24",0,2022-03-31,"03","2022",4.8,28.22,"-20.875 150.275"
"16578552","2022-03-31T12:00:00Z",-23.325,151.875,"0.17",0,"26.810000000000002","0.89",0,2022-03-31,"03","2022",0.17,26.81,"-23.325 151.875"
"16578794","2022-03-31T12:00:00Z",-23.475,151.825,"0.31",0,"26.8","0.97",0,2022-03-31,"03","2022",0.31,26.8,"-23.475 151.825"
"16578795","2022-03-31T12:00:00Z",-23.475,151.875,"0.31",0,"26.73","0.89",0,2022-03-31,"03","2022",0.31,26.73,"-23.475 151.875"
"16578797","2022-03-31T12:00:00Z",-23.475,151.975,"0.31",0,"26.71","0.84",0,2022-03-31,"03","2022",0.31,26.71,"-23.475 151.975"
"16619263","2022-04-07T12:00:00Z",-20.125,150.275,"1.17",0,"27.98","1.17",0,2022-04-07,"04","2022",1.17,27.98,"-20.125 150.275"
"16620319","2022-04-07T12:00:00Z",-20.775,150.425,"3.24",0,"27.990000000000002","1.25",0,2022-04-07,"04","2022",3.24,27.99,"-20.775 150.425"
"16620320","2022-04-07T12:00:00Z",-20.775,150.475,"3.22",0,"27.97","1.22",0,2022-04-07,"04","2022",3.22,27.97,"-20.775 150.475"
"16620399","2022-04-07T12:00:00Z",-20.825,150.375,"3.45",0,"28.02","1.28",0,2022-04-07,"04","2022",3.45,28.02,"-20.825 150.375"
"16620400","2022-04-07T12:00:00Z",-20.825,150.425,"3.6",0,"27.990000000000002","1.25",0,2022-04-07,"04","2022",3.6,27.99,"-20.825 150.425"
"16620478","2022-04-07T12:00:00Z",-20.875,150.275,"4.04",0,"28.07","1.32",0,2022-04-07,"04","2022",4.04,28.07,"-20.875 150.275"
"16624479","2022-04-07T12:00:00Z",-23.325,151.875,"0.17",0,"26.46","0.77",0,2022-04-07,"04","2022",0.17,26.46,"-23.325 151.875"
"16624721","2022-04-07T12:00:00Z",-23.475,151.825,"0.31",0,"26.42","0.8300000000000001",0,2022-04-07,"04","2022",0.31,26.42,"-23.475 151.825"
"16624722","2022-04-07T12:00:00Z",-23.475,151.875,"0.31",0,"26.42","0.8200000000000001",0,2022-04-07,"04","2022",0.31,26.42,"-23.475 151.875"
"16624724","2022-04-07T12:00:00Z",-23.475,151.975,"0.31",0,"26.43","0.78",0,2022-04-07,"04","2022",0.31,26.43,"-23.475 151.975"
"16665190","2022-04-14T12:00:00Z",-20.125,150.275,"0.86",0,"27.73","1.11",0,2022-04-14,"04","2022",0.86,27.73,"-20.125 150.275"
"16666246","2022-04-14T12:00:00Z",-20.775,150.425,"2.94",0,"27.560000000000002","1.04",0,2022-04-14,"04","2022",2.94,27.56,"-20.775 150.425"
"16666247","2022-04-14T12:00:00Z",-20.775,150.475,"2.92",0,"27.57","1.04",0,2022-04-14,"04","2022",2.92,27.57,"-20.775 150.475"
"16666326","2022-04-14T12:00:00Z",-20.825,150.375,"3.0",0,"27.560000000000002","1.05",0,2022-04-14,"04","2022",3,27.56,"-20.825 150.375"
"16666327","2022-04-14T12:00:00Z",-20.825,150.425,"3.15",0,"27.560000000000002","1.05",0,2022-04-14,"04","2022",3.15,27.56,"-20.825 150.425"
"16666405","2022-04-14T12:00:00Z",-20.875,150.275,"3.5700000000000003",0,"27.6","1.08",0,2022-04-14,"04","2022",3.57,27.6,"-20.875 150.275"
"16670406","2022-04-14T12:00:00Z",-23.325,151.875,"0.17",0,"26.310000000000002","0.86",0,2022-04-14,"04","2022",0.17,26.31,"-23.325 151.875"
"16670648","2022-04-14T12:00:00Z",-23.475,151.825,"0.31",0,"26.16","0.81",0,2022-04-14,"04","2022",0.31,26.16,"-23.475 151.825"
"16670649","2022-04-14T12:00:00Z",-23.475,151.875,"0.31",0,"26.2","0.84",0,2022-04-14,"04","2022",0.31,26.2,"-23.475 151.875"
"16670651","2022-04-14T12:00:00Z",-23.475,151.975,"0.31",0,"26.3","0.88",0,2022-04-14,"04","2022",0.31,26.3,"-23.475 151.975"
"16711117","2022-04-21T12:00:00Z",-20.125,150.275,"0.72",0,"27.27","0.9400000000000001",0,2022-04-21,"04","2022",0.72,27.27,"-20.125 150.275"
"16712173","2022-04-21T12:00:00Z",-20.775,150.425,"2.7800000000000002",0,"26.990000000000002","0.79",0,2022-04-21,"04","2022",2.78,26.99,"-20.775 150.425"
"16712174","2022-04-21T12:00:00Z",-20.775,150.475,"2.7600000000000002",0,"27.03","0.8200000000000001",0,2022-04-21,"04","2022",2.76,27.03,"-20.775 150.475"
"16712253","2022-04-21T12:00:00Z",-20.825,150.375,"2.7",0,"26.92","0.73",0,2022-04-21,"04","2022",2.7,26.92,"-20.825 150.375"
"16712254","2022-04-21T12:00:00Z",-20.825,150.425,"2.84",0,"26.96","0.77",0,2022-04-21,"04","2022",2.84,26.96,"-20.825 150.425"
"16712332","2022-04-21T12:00:00Z",-20.875,150.275,"3.27",0,"26.86","0.66",0,2022-04-21,"04","2022",3.27,26.86,"-20.875 150.275"
"16716333","2022-04-21T12:00:00Z",-23.325,151.875,"0.17",0,"26.21","1.05",0,2022-04-21,"04","2022",0.17,26.21,"-23.325 151.875"
"16716575","2022-04-21T12:00:00Z",-23.475,151.825,"0.31",0,"26.07","1.04",0,2022-04-21,"04","2022",0.31,26.07,"-23.475 151.825"
"16716576","2022-04-21T12:00:00Z",-23.475,151.875,"0.31",0,"26.11","1.06",0,2022-04-21,"04","2022",0.31,26.11,"-23.475 151.875"
"16716578","2022-04-21T12:00:00Z",-23.475,151.975,"0.31",0,"26.18","1.06",0,2022-04-21,"04","2022",0.31,26.18,"-23.475 151.975"
"16757044","2022-04-28T12:00:00Z",-20.125,150.275,"0.72",0,"26.93","0.9",0,2022-04-28,"04","2022",0.72,26.93,"-20.125 150.275"
"16758100","2022-04-28T12:00:00Z",-20.775,150.425,"2.7800000000000002",0,"26.61","0.74",0,2022-04-28,"04","2022",2.78,26.61,"-20.775 150.425"
"16758101","2022-04-28T12:00:00Z",-20.775,150.475,"2.7600000000000002",0,"26.61","0.73",0,2022-04-28,"04","2022",2.76,26.61,"-20.775 150.475"
"16758180","2022-04-28T12:00:00Z",-20.825,150.375,"2.7",0,"26.59","0.74",0,2022-04-28,"04","2022",2.7,26.59,"-20.825 150.375"
"16758181","2022-04-28T12:00:00Z",-20.825,150.425,"2.84",0,"26.59","0.74",0,2022-04-28,"04","2022",2.84,26.59,"-20.825 150.425"
"16758259","2022-04-28T12:00:00Z",-20.875,150.275,"3.13",0,"26.57","0.71",0,2022-04-28,"04","2022",3.13,26.57,"-20.875 150.275"
"16762260","2022-04-28T12:00:00Z",-23.325,151.875,"0.17",0,"25.330000000000002","0.48",0,2022-04-28,"04","2022",0.17,25.33,"-23.325 151.875"
"16762502","2022-04-28T12:00:00Z",-23.475,151.825,"0.31",0,"25.16","0.46",0,2022-04-28,"04","2022",0.31,25.16,"-23.475 151.825"
"16762503","2022-04-28T12:00:00Z",-23.475,151.875,"0.31",0,"25.2","0.47000000000000003",0,2022-04-28,"04","2022",0.31,25.2,"-23.475 151.875"
"16762505","2022-04-28T12:00:00Z",-23.475,151.975,"0.16",0,"25.25","0.44",0,2022-04-28,"04","2022",0.16,25.25,"-23.475 151.975"
"16802971","2022-05-05T12:00:00Z",-20.125,150.275,"0.72",0,"26.7","0.98",0,2022-05-05,"05","2022",0.72,26.7,"-20.125 150.275"
"16804027","2022-05-05T12:00:00Z",-20.775,150.425,"2.7800000000000002",0,"26.48","0.9500000000000001",0,2022-05-05,"05","2022",2.78,26.48,"-20.775 150.425"
"16804028","2022-05-05T12:00:00Z",-20.775,150.475,"2.7600000000000002",0,"26.5","0.96",0,2022-05-05,"05","2022",2.76,26.5,"-20.775 150.475"
"16804107","2022-05-05T12:00:00Z",-20.825,150.375,"2.7",0,"26.43","0.92",0,2022-05-05,"05","2022",2.7,26.43,"-20.825 150.375"
"16804108","2022-05-05T12:00:00Z",-20.825,150.425,"2.84",0,"26.44","0.93",0,2022-05-05,"05","2022",2.84,26.44,"-20.825 150.425"
"16804186","2022-05-05T12:00:00Z",-20.875,150.275,"3.13",0,"26.39","0.87",0,2022-05-05,"05","2022",3.13,26.39,"-20.875 150.275"
"16808187","2022-05-05T12:00:00Z",-23.325,151.875,"0.17",0,"25.240000000000002","0.7000000000000001",0,2022-05-05,"05","2022",0.17,25.24,"-23.325 151.875"
"16808429","2022-05-05T12:00:00Z",-23.475,151.825,"0.31",0,"25.1","0.74",0,2022-05-05,"05","2022",0.31,25.1,"-23.475 151.825"
"16808430","2022-05-05T12:00:00Z",-23.475,151.875,"0.31",0,"25.14","0.74",0,2022-05-05,"05","2022",0.31,25.14,"-23.475 151.875"
"16808432","2022-05-05T12:00:00Z",-23.475,151.975,"0.16",0,"25.2","0.7000000000000001",0,2022-05-05,"05","2022",0.16,25.2,"-23.475 151.975"
"16848898","2022-05-12T12:00:00Z",-20.125,150.275,"0.72",0,"26.85","1.43",0,2022-05-12,"05","2022",0.72,26.85,"-20.125 150.275"
"16849954","2022-05-12T12:00:00Z",-20.775,150.425,"2.7800000000000002",0,"26.77","1.58",0,2022-05-12,"05","2022",2.78,26.77,"-20.775 150.425"
"16849955","2022-05-12T12:00:00Z",-20.775,150.475,"2.7600000000000002",0,"26.78","1.58",0,2022-05-12,"05","2022",2.76,26.78,"-20.775 150.475"
"16850034","2022-05-12T12:00:00Z",-20.825,150.375,"2.7",0,"26.75","1.58",0,2022-05-12,"05","2022",2.7,26.75,"-20.825 150.375"
"16850035","2022-05-12T12:00:00Z",-20.825,150.425,"2.84",0,"26.76","1.59",0,2022-05-12,"05","2022",2.84,26.76,"-20.825 150.425"
"16850113","2022-05-12T12:00:00Z",-20.875,150.275,"3.13",0,"26.69","1.51",0,2022-05-12,"05","2022",3.13,26.69,"-20.875 150.275"
"16854114","2022-05-12T12:00:00Z",-23.325,151.875,"0.17",0,"24.650000000000002","0.42",0,2022-05-12,"05","2022",0.17,24.65,"-23.325 151.875"
"16854356","2022-05-12T12:00:00Z",-23.475,151.825,"0.31",0,"24.42","0.4",0,2022-05-12,"05","2022",0.31,24.42,"-23.475 151.825"
"16854357","2022-05-12T12:00:00Z",-23.475,151.875,"0.31",0,"24.490000000000002","0.41000000000000003",0,2022-05-12,"05","2022",0.31,24.49,"-23.475 151.875"
"16854359","2022-05-12T12:00:00Z",-23.475,151.975,"0.16",0,"24.67","0.48",0,2022-05-12,"05","2022",0.16,24.67,"-23.475 151.975"
"16894825","2022-05-19T12:00:00Z",-20.125,150.275,"0.72",0,"26.650000000000002","1.55",0,2022-05-19,"05","2022",0.72,26.65,"-20.125 150.275"
"16895881","2022-05-19T12:00:00Z",-20.775,150.425,"2.7800000000000002",0,"26.38","1.55",0,2022-05-19,"05","2022",2.78,26.38,"-20.775 150.425"
"16895882","2022-05-19T12:00:00Z",-20.775,150.475,"2.7600000000000002",0,"26.400000000000002","1.55",0,2022-05-19,"05","2022",2.76,26.4,"-20.775 150.475"
"16895961","2022-05-19T12:00:00Z",-20.825,150.375,"2.7",0,"26.37","1.56",0,2022-05-19,"05","2022",2.7,26.37,"-20.825 150.375"
"16895962","2022-05-19T12:00:00Z",-20.825,150.425,"2.84",0,"26.38","1.57",0,2022-05-19,"05","2022",2.84,26.38,"-20.825 150.425"
"16896040","2022-05-19T12:00:00Z",-20.875,150.275,"3.13",0,"26.35","1.54",0,2022-05-19,"05","2022",3.13,26.35,"-20.875 150.275"
"16900041","2022-05-19T12:00:00Z",-23.325,151.875,"0.17",0,"24.79","0.89",0,2022-05-19,"05","2022",0.17,24.79,"-23.325 151.875"
"16900283","2022-05-19T12:00:00Z",-23.475,151.825,"0.31",0,"24.650000000000002","0.98",0,2022-05-19,"05","2022",0.31,24.65,"-23.475 151.825"
"16900284","2022-05-19T12:00:00Z",-23.475,151.875,"0.31",0,"24.67","0.9400000000000001",0,2022-05-19,"05","2022",0.31,24.67,"-23.475 151.875"
"16900286","2022-05-19T12:00:00Z",-23.475,151.975,"0.16",0,"24.73","0.87",0,2022-05-19,"05","2022",0.16,24.73,"-23.475 151.975"
"16940752","2022-05-26T12:00:00Z",-20.125,150.275,"0.72",0,"26.13","1.36",0,2022-05-26,"05","2022",0.72,26.13,"-20.125 150.275"
"16941808","2022-05-26T12:00:00Z",-20.775,150.425,"2.49",0,"25.900000000000002","1.44",0,2022-05-26,"05","2022",2.49,25.9,"-20.775 150.425"
"16941809","2022-05-26T12:00:00Z",-20.775,150.475,"2.46",0,"25.94","1.47",0,2022-05-26,"05","2022",2.46,25.94,"-20.775 150.475"
"16941888","2022-05-26T12:00:00Z",-20.825,150.375,"2.39",0,"25.8","1.37",0,2022-05-26,"05","2022",2.39,25.8,"-20.825 150.375"
"16941889","2022-05-26T12:00:00Z",-20.825,150.425,"2.5300000000000002",0,"25.85","1.42",0,2022-05-26,"05","2022",2.53,25.85,"-20.825 150.425"
"16941967","2022-05-26T12:00:00Z",-20.875,150.275,"2.35",0,"25.68","1.26",0,2022-05-26,"05","2022",2.35,25.68,"-20.875 150.275"
"16945968","2022-05-26T12:00:00Z",-23.325,151.875,"0.17",0,"24.05","0.49",0,2022-05-26,"05","2022",0.17,24.05,"-23.325 151.875"
"16946210","2022-05-26T12:00:00Z",-23.475,151.825,"0.31",0,"23.89","0.59",0,2022-05-26,"05","2022",0.31,23.89,"-23.475 151.825"
"16946211","2022-05-26T12:00:00Z",-23.475,151.875,"0.31",0,"23.96","0.59",0,2022-05-26,"05","2022",0.31,23.96,"-23.475 151.875"
"16946213","2022-05-26T12:00:00Z",-23.475,151.975,"0.16",0,"24.12","0.61",0,2022-05-26,"05","2022",0.16,24.12,"-23.475 151.975"
"16986679","2022-06-02T12:00:00Z",-20.125,150.275,"0.34",0,"25.6","1.16",0,2022-06-02,"06","2022",0.34,25.6,"-20.125 150.275"
"16987735","2022-06-02T12:00:00Z",-20.775,150.425,"1.27",0,"25.5","1.42",0,2022-06-02,"06","2022",1.27,25.5,"-20.775 150.425"
"16987736","2022-06-02T12:00:00Z",-20.775,150.475,"1.26",0,"25.52","1.42",0,2022-06-02,"06","2022",1.26,25.52,"-20.775 150.475"
"16987815","2022-06-02T12:00:00Z",-20.825,150.375,"1.29",0,"25.46","1.41",0,2022-06-02,"06","2022",1.29,25.46,"-20.825 150.375"
"16987816","2022-06-02T12:00:00Z",-20.825,150.425,"1.29",0,"25.45","1.4000000000000001",0,2022-06-02,"06","2022",1.29,25.45,"-20.825 150.425"
"16987894","2022-06-02T12:00:00Z",-20.875,150.275,"1.28",0,"25.43","1.4000000000000001",0,2022-06-02,"06","2022",1.28,25.43,"-20.875 150.275"
"16991895","2022-06-02T12:00:00Z",-23.325,151.875,"0.0",0,"23.75","0.53",0,2022-06-02,"06","2022",0,23.75,"-23.325 151.875"
"16992137","2022-06-02T12:00:00Z",-23.475,151.825,"0.0",0,"23.68","0.75",0,2022-06-02,"06","2022",0,23.68,"-23.475 151.825"
"16992138","2022-06-02T12:00:00Z",-23.475,151.875,"0.0",0,"23.71","0.7000000000000001",0,2022-06-02,"06","2022",0,23.71,"-23.475 151.875"
"16992140","2022-06-02T12:00:00Z",-23.475,151.975,"0.0",0,"23.82","0.66",0,2022-06-02,"06","2022",0,23.82,"-23.475 151.975"
"17032606","2022-06-09T12:00:00Z",-20.125,150.275,"0.0",0,"25.490000000000002","1.3800000000000001",0,2022-06-09,"06","2022",0,25.49,"-20.125 150.275"
"17033662","2022-06-09T12:00:00Z",-20.775,150.425,"0.0",0,"25.240000000000002","1.54",0,2022-06-09,"06","2022",0,25.24,"-20.775 150.425"
"17033663","2022-06-09T12:00:00Z",-20.775,150.475,"0.0",0,"25.28","1.55",0,2022-06-09,"06","2022",0,25.28,"-20.775 150.475"
"17033742","2022-06-09T12:00:00Z",-20.825,150.375,"0.0",0,"25.22","1.55",0,2022-06-09,"06","2022",0,25.22,"-20.825 150.375"
"17033743","2022-06-09T12:00:00Z",-20.825,150.425,"0.0",0,"25.23","1.55",0,2022-06-09,"06","2022",0,25.23,"-20.825 150.425"
"17033821","2022-06-09T12:00:00Z",-20.875,150.275,"0.0",0,"25.23","1.59",0,2022-06-09,"06","2022",0,25.23,"-20.875 150.275"
"17037822","2022-06-09T12:00:00Z",-23.325,151.875,"0.0",0,"23.01","0.14",0,2022-06-09,"06","2022",0,23.01,"-23.325 151.875"
"17038064","2022-06-09T12:00:00Z",-23.475,151.825,"0.0",0,"22.88","0.31",0,2022-06-09,"06","2022",0,22.88,"-23.475 151.825"
"17038065","2022-06-09T12:00:00Z",-23.475,151.875,"0.0",0,"22.93","0.29",0,2022-06-09,"06","2022",0,22.93,"-23.475 151.875"
"17038067","2022-06-09T12:00:00Z",-23.475,151.975,"0.0",0,"23.13","0.32",0,2022-06-09,"06","2022",0,23.13,"-23.475 151.975"
"17078533","2022-06-16T12:00:00Z",-20.125,150.275,"0.0",0,"24.810000000000002","1.01",0,2022-06-16,"06","2022",0,24.81,"-20.125 150.275"
"17079589","2022-06-16T12:00:00Z",-20.775,150.425,"0.0",0,"24.6","1.25",0,2022-06-16,"06","2022",0,24.6,"-20.775 150.425"
"17079590","2022-06-16T12:00:00Z",-20.775,150.475,"0.0",0,"24.64","1.26",0,2022-06-16,"06","2022",0,24.64,"-20.775 150.475"
"17079669","2022-06-16T12:00:00Z",-20.825,150.375,"0.0",0,"24.57","1.26",0,2022-06-16,"06","2022",0,24.57,"-20.825 150.375"
"17079670","2022-06-16T12:00:00Z",-20.825,150.425,"0.0",0,"24.6","1.28",0,2022-06-16,"06","2022",0,24.6,"-20.825 150.425"
"17079748","2022-06-16T12:00:00Z",-20.875,150.275,"0.0",0,"24.52","1.25",0,2022-06-16,"06","2022",0,24.52,"-20.875 150.275"
"17083749","2022-06-16T12:00:00Z",-23.325,151.875,"0.0",0,"22.5","-0.04",0,2022-06-16,"06","2022",0,22.5,"-23.325 151.875"
"17083991","2022-06-16T12:00:00Z",-23.475,151.825,"0.0",0,"22.28","0.07",0,2022-06-16,"06","2022",0,22.28,"-23.475 151.825"
"17083992","2022-06-16T12:00:00Z",-23.475,151.875,"0.0",0,"22.330000000000002","0.04",0,2022-06-16,"06","2022",0,22.33,"-23.475 151.875"
"17083994","2022-06-16T12:00:00Z",-23.475,151.975,"0.0",0,"22.47","0.0",0,2022-06-16,"06","2022",0,22.47,"-23.475 151.975"
"17124460","2022-06-23T12:00:00Z",-20.125,150.275,"0.0",0,"24.21","0.63",0,2022-06-23,"06","2022",0,24.21,"-20.125 150.275"
"17125516","2022-06-23T12:00:00Z",-20.775,150.425,"0.0",0,"23.98","0.87",0,2022-06-23,"06","2022",0,23.98,"-20.775 150.425"
"17125517","2022-06-23T12:00:00Z",-20.775,150.475,"0.0",0,"24.04","0.89",0,2022-06-23,"06","2022",0,24.04,"-20.775 150.475"
"17125596","2022-06-23T12:00:00Z",-20.825,150.375,"0.0",0,"23.92","0.85",0,2022-06-23,"06","2022",0,23.92,"-20.825 150.375"
"17125597","2022-06-23T12:00:00Z",-20.825,150.425,"0.0",0,"23.97","0.89",0,2022-06-23,"06","2022",0,23.97,"-20.825 150.425"
"17125675","2022-06-23T12:00:00Z",-20.875,150.275,"0.0",0,"23.85","0.8300000000000001",0,2022-06-23,"06","2022",0,23.85,"-20.875 150.275"
"17129676","2022-06-23T12:00:00Z",-23.325,151.875,"0.0",0,"21.93","-0.36",0,2022-06-23,"06","2022",0,21.93,"-23.325 151.875"
"17129918","2022-06-23T12:00:00Z",-23.475,151.825,"0.0",0,"21.55","-0.4",0,2022-06-23,"06","2022",0,21.55,"-23.475 151.825"
"17129919","2022-06-23T12:00:00Z",-23.475,151.875,"0.0",0,"21.57","-0.46",0,2022-06-23,"06","2022",0,21.57,"-23.475 151.875"
"17129921","2022-06-23T12:00:00Z",-23.475,151.975,"0.0",0,"21.73","-0.48",0,2022-06-23,"06","2022",0,21.73,"-23.475 151.975"
"17170387","2022-06-30T12:00:00Z",-20.125,150.275,"0.0",0,"23.8","0.44",0,2022-06-30,"06","2022",0,23.8,"-20.125 150.275"
"17171443","2022-06-30T12:00:00Z",-20.775,150.425,"0.0",0,"23.580000000000002","0.7000000000000001",0,2022-06-30,"06","2022",0,23.58,"-20.775 150.425"
"17171444","2022-06-30T12:00:00Z",-20.775,150.475,"0.0",0,"23.59","0.67",0,2022-06-30,"06","2022",0,23.59,"-20.775 150.475"
"17171523","2022-06-30T12:00:00Z",-20.825,150.375,"0.0",0,"23.52","0.6900000000000001",0,2022-06-30,"06","2022",0,23.52,"-20.825 150.375"
"17171524","2022-06-30T12:00:00Z",-20.825,150.425,"0.0",0,"23.54","0.6900000000000001",0,2022-06-30,"06","2022",0,23.54,"-20.825 150.425"
"17171602","2022-06-30T12:00:00Z",-20.875,150.275,"0.0",0,"23.41","0.64",0,2022-06-30,"06","2022",0,23.41,"-20.875 150.275"
"17175603","2022-06-30T12:00:00Z",-23.325,151.875,"0.0",0,"21.77","-0.28",0,2022-06-30,"06","2022",0,21.77,"-23.325 151.875"
"17175845","2022-06-30T12:00:00Z",-23.475,151.825,"0.0",0,"21.46","-0.22",0,2022-06-30,"06","2022",0,21.46,"-23.475 151.825"
"17175846","2022-06-30T12:00:00Z",-23.475,151.875,"0.0",0,"21.57","-0.19",0,2022-06-30,"06","2022",0,21.57,"-23.475 151.875"
"17175848","2022-06-30T12:00:00Z",-23.475,151.975,"0.0",0,"21.81","-0.13",0,2022-06-30,"06","2022",0,21.81,"-23.475 151.975"
"17216314","2022-07-07T12:00:00Z",-20.125,150.275,"0.0",0,"23.36","0.21",0,2022-07-07,"07","2022",0,23.36,"-20.125 150.275"
"17217370","2022-07-07T12:00:00Z",-20.775,150.425,"0.0",0,"22.86","0.21",0,2022-07-07,"07","2022",0,22.86,"-20.775 150.425"
"17217371","2022-07-07T12:00:00Z",-20.775,150.475,"0.0",0,"22.93","0.25",0,2022-07-07,"07","2022",0,22.93,"-20.775 150.475"
"17217450","2022-07-07T12:00:00Z",-20.825,150.375,"0.0",0,"22.81","0.23",0,2022-07-07,"07","2022",0,22.81,"-20.825 150.375"
"17217451","2022-07-07T12:00:00Z",-20.825,150.425,"0.0",0,"22.830000000000002","0.22",0,2022-07-07,"07","2022",0,22.83,"-20.825 150.425"
"17217529","2022-07-07T12:00:00Z",-20.875,150.275,"0.0",0,"22.8","0.27",0,2022-07-07,"07","2022",0,22.8,"-20.875 150.275"
"17221530","2022-07-07T12:00:00Z",-23.325,151.875,"0.0",0,"21.69","-0.11",0,2022-07-07,"07","2022",0,21.69,"-23.325 151.875"
"17221772","2022-07-07T12:00:00Z",-23.475,151.825,"0.0",0,"21.23","-0.19",0,2022-07-07,"07","2022",0,21.23,"-23.475 151.825"
"17221773","2022-07-07T12:00:00Z",-23.475,151.875,"0.0",0,"21.37","-0.13",0,2022-07-07,"07","2022",0,21.37,"-23.475 151.875"
"17221775","2022-07-07T12:00:00Z",-23.475,151.975,"0.0",0,"21.66","-0.02",0,2022-07-07,"07","2022",0,21.66,"-23.475 151.975"
"17262241","2022-07-14T12:00:00Z",-20.125,150.275,"0.0",0,"22.89","-0.04",0,2022-07-14,"07","2022",0,22.89,"-20.125 150.275"
"17263297","2022-07-14T12:00:00Z",-20.775,150.425,"0.0",0,"22.29","-0.12",0,2022-07-14,"07","2022",0,22.29,"-20.775 150.425"
"17263298","2022-07-14T12:00:00Z",-20.775,150.475,"0.0",0,"22.39","-0.06",0,2022-07-14,"07","2022",0,22.39,"-20.775 150.475"
"17263377","2022-07-14T12:00:00Z",-20.825,150.375,"0.0",0,"22.19","-0.15",0,2022-07-14,"07","2022",0,22.19,"-20.825 150.375"
"17263378","2022-07-14T12:00:00Z",-20.825,150.425,"0.0",0,"22.27","-0.1",0,2022-07-14,"07","2022",0,22.27,"-20.825 150.425"
"17263456","2022-07-14T12:00:00Z",-20.875,150.275,"0.0",0,"22.1","-0.18",0,2022-07-14,"07","2022",0,22.1,"-20.875 150.275"
"17267457","2022-07-14T12:00:00Z",-23.325,151.875,"0.0",0,"21.25","-0.3",0,2022-07-14,"07","2022",0,21.25,"-23.325 151.875"
"17267699","2022-07-14T12:00:00Z",-23.475,151.825,"0.0",0,"20.77","-0.39",0,2022-07-14,"07","2022",0,20.77,"-23.475 151.825"
"17267700","2022-07-14T12:00:00Z",-23.475,151.875,"0.0",0,"20.87","-0.37",0,2022-07-14,"07","2022",0,20.87,"-23.475 151.875"
"17267702","2022-07-14T12:00:00Z",-23.475,151.975,"0.0",0,"21.0","-0.42",0,2022-07-14,"07","2022",0,21,"-23.475 151.975"
"17308168","2022-07-21T12:00:00Z",-20.125,150.275,"0.0",0,"22.63","-0.22",0,2022-07-21,"07","2022",0,22.63,"-20.125 150.275"
"17309224","2022-07-21T12:00:00Z",-20.775,150.425,"0.0",0,"22.1","-0.21",0,2022-07-21,"07","2022",0,22.1,"-20.775 150.425"
"17309225","2022-07-21T12:00:00Z",-20.775,150.475,"0.0",0,"22.150000000000002","-0.2",0,2022-07-21,"07","2022",0,22.15,"-20.775 150.475"
"17309304","2022-07-21T12:00:00Z",-20.825,150.375,"0.0",0,"22.03","-0.21",0,2022-07-21,"07","2022",0,22.03,"-20.825 150.375"
"17309305","2022-07-21T12:00:00Z",-20.825,150.425,"0.0",0,"22.07","-0.2",0,2022-07-21,"07","2022",0,22.07,"-20.825 150.425"
"17309383","2022-07-21T12:00:00Z",-20.875,150.275,"0.0",0,"21.900000000000002","-0.28",0,2022-07-21,"07","2022",0,21.9,"-20.875 150.275"
"17313384","2022-07-21T12:00:00Z",-23.325,151.875,"0.0",0,"21.21","-0.22",0,2022-07-21,"07","2022",0,21.21,"-23.325 151.875"
"17313626","2022-07-21T12:00:00Z",-23.475,151.825,"0.0",0,"20.87","-0.18",0,2022-07-21,"07","2022",0,20.87,"-23.475 151.825"
"17313627","2022-07-21T12:00:00Z",-23.475,151.875,"0.0",0,"21.03","-0.1",0,2022-07-21,"07","2022",0,21.03,"-23.475 151.875"
"17313629","2022-07-21T12:00:00Z",-23.475,151.975,"0.0",0,"21.34","0.03",0,2022-07-21,"07","2022",0,21.34,"-23.475 151.975"
"17354095","2022-07-28T12:00:00Z",-20.125,150.275,"0.0",0,"22.45","-0.35000000000000003",0,2022-07-28,"07","2022",0,22.45,"-20.125 150.275"
"17355151","2022-07-28T12:00:00Z",-20.775,150.425,"0.0",0,"21.94","-0.29",0,2022-07-28,"07","2022",0,21.94,"-20.775 150.425"
"17355152","2022-07-28T12:00:00Z",-20.775,150.475,"0.0",0,"22.0","-0.27",0,2022-07-28,"07","2022",0,22,"-20.775 150.475"
"17355231","2022-07-28T12:00:00Z",-20.825,150.375,"0.0",0,"21.84","-0.33",0,2022-07-28,"07","2022",0,21.84,"-20.825 150.375"
"17355232","2022-07-28T12:00:00Z",-20.825,150.425,"0.0",0,"21.88","-0.31",0,2022-07-28,"07","2022",0,21.88,"-20.825 150.425"
"17355310","2022-07-28T12:00:00Z",-20.875,150.275,"0.0",0,"21.77","-0.34",0,2022-07-28,"07","2022",0,21.77,"-20.875 150.275"
"17359311","2022-07-28T12:00:00Z",-23.325,151.875,"0.0",0,"21.080000000000002","-0.26",0,2022-07-28,"07","2022",0,21.08,"-23.325 151.875"
"17359553","2022-07-28T12:00:00Z",-23.475,151.825,"0.0",0,"20.73","-0.25",0,2022-07-28,"07","2022",0,20.73,"-23.475 151.825"
"17359554","2022-07-28T12:00:00Z",-23.475,151.875,"0.0",0,"20.85","-0.2",0,2022-07-28,"07","2022",0,20.85,"-23.475 151.875"
"17359556","2022-07-28T12:00:00Z",-23.475,151.975,"0.0",0,"21.09","-0.13",0,2022-07-28,"07","2022",0,21.09,"-23.475 151.975"
"17400022","2022-08-04T12:00:00Z",-20.125,150.275,"0.0",0,"23.04","0.3",0,2022-08-04,"08","2022",0,23.04,"-20.125 150.275"
"17401078","2022-08-04T12:00:00Z",-20.775,150.425,"0.0",0,"22.32","0.17",0,2022-08-04,"08","2022",0,22.32,"-20.775 150.425"
"17401079","2022-08-04T12:00:00Z",-20.775,150.475,"0.0",0,"22.37","0.18",0,2022-08-04,"08","2022",0,22.37,"-20.775 150.475"
"17401158","2022-08-04T12:00:00Z",-20.825,150.375,"0.0",0,"22.22","0.13",0,2022-08-04,"08","2022",0,22.22,"-20.825 150.375"
"17401159","2022-08-04T12:00:00Z",-20.825,150.425,"0.0",0,"22.240000000000002","0.13",0,2022-08-04,"08","2022",0,22.24,"-20.825 150.425"
"17401237","2022-08-04T12:00:00Z",-20.875,150.275,"0.0",0,"22.2","0.17",0,2022-08-04,"08","2022",0,22.2,"-20.875 150.275"
"17405238","2022-08-04T12:00:00Z",-23.325,151.875,"0.0",0,"21.38","0.13",0,2022-08-04,"08","2022",0,21.38,"-23.325 151.875"
"17405480","2022-08-04T12:00:00Z",-23.475,151.825,"0.0",0,"21.150000000000002","0.25",0,2022-08-04,"08","2022",0,21.15,"-23.475 151.825"
"17405481","2022-08-04T12:00:00Z",-23.475,151.875,"0.0",0,"21.22","0.25",0,2022-08-04,"08","2022",0,21.22,"-23.475 151.875"
"17405483","2022-08-04T12:00:00Z",-23.475,151.975,"0.0",0,"21.36","0.22",0,2022-08-04,"08","2022",0,21.36,"-23.475 151.975"
"17445949","2022-08-11T12:00:00Z",-20.125,150.275,"0.0",0,"22.76","0.08",0,2022-08-11,"08","2022",0,22.76,"-20.125 150.275"
"17447005","2022-08-11T12:00:00Z",-20.775,150.425,"0.0",0,"22.09","0.01",0,2022-08-11,"08","2022",0,22.09,"-20.775 150.425"
"17447006","2022-08-11T12:00:00Z",-20.775,150.475,"0.0",0,"22.18","0.06",0,2022-08-11,"08","2022",0,22.18,"-20.775 150.475"
"17447085","2022-08-11T12:00:00Z",-20.825,150.375,"0.0",0,"21.94","-0.07",0,2022-08-11,"08","2022",0,21.94,"-20.825 150.375"
"17447086","2022-08-11T12:00:00Z",-20.825,150.425,"0.0",0,"22.04","0.0",0,2022-08-11,"08","2022",0,22.04,"-20.825 150.425"
"17447164","2022-08-11T12:00:00Z",-20.875,150.275,"0.0",0,"21.76","-0.2",0,2022-08-11,"08","2022",0,21.76,"-20.875 150.275"
"17451165","2022-08-11T12:00:00Z",-23.325,151.875,"0.0",0,"20.98","-0.18",0,2022-08-11,"08","2022",0,20.98,"-23.325 151.875"
"17451407","2022-08-11T12:00:00Z",-23.475,151.825,"0.0",0,"20.67","-0.15",0,2022-08-11,"08","2022",0,20.67,"-23.475 151.825"
"17451408","2022-08-11T12:00:00Z",-23.475,151.875,"0.0",0,"20.76","-0.13",0,2022-08-11,"08","2022",0,20.76,"-23.475 151.875"
"17451410","2022-08-11T12:00:00Z",-23.475,151.975,"0.0",0,"20.93","-0.13",0,2022-08-11,"08","2022",0,20.93,"-23.475 151.975"
"17491876","2022-08-18T12:00:00Z",-20.125,150.275,"0.0",0,"22.66","-0.04",0,2022-08-18,"08","2022",0,22.66,"-20.125 150.275"
"17492932","2022-08-18T12:00:00Z",-20.775,150.425,"0.0",0,"22.04","-0.06",0,2022-08-18,"08","2022",0,22.04,"-20.775 150.425"
"17492933","2022-08-18T12:00:00Z",-20.775,150.475,"0.0",0,"22.13","0.0",0,2022-08-18,"08","2022",0,22.13,"-20.775 150.475"
"17493012","2022-08-18T12:00:00Z",-20.825,150.375,"0.0",0,"21.91","-0.13",0,2022-08-18,"08","2022",0,21.91,"-20.825 150.375"
"17493013","2022-08-18T12:00:00Z",-20.825,150.425,"0.0",0,"21.96","-0.1",0,2022-08-18,"08","2022",0,21.96,"-20.825 150.425"
"17493091","2022-08-18T12:00:00Z",-20.875,150.275,"0.0",0,"21.830000000000002","-0.17",0,2022-08-18,"08","2022",0,21.83,"-20.875 150.275"
"17497092","2022-08-18T12:00:00Z",-23.325,151.875,"0.0",0,"21.02","-0.13",0,2022-08-18,"08","2022",0,21.02,"-23.325 151.875"
"17497334","2022-08-18T12:00:00Z",-23.475,151.825,"0.0",0,"20.8","-0.04",0,2022-08-18,"08","2022",0,20.8,"-23.475 151.825"
"17497335","2022-08-18T12:00:00Z",-23.475,151.875,"0.0",0,"20.88","-0.01",0,2022-08-18,"08","2022",0,20.88,"-23.475 151.875"
"17497337","2022-08-18T12:00:00Z",-23.475,151.975,"0.0",0,"21.18","0.13",0,2022-08-18,"08","2022",0,21.18,"-23.475 151.975"
"17537803","2022-08-25T12:00:00Z",-20.125,150.275,"0.0",0,"22.54","-0.29",0,2022-08-25,"08","2022",0,22.54,"-20.125 150.275"
"17538859","2022-08-25T12:00:00Z",-20.775,150.425,"0.0",0,"21.990000000000002","-0.27",0,2022-08-25,"08","2022",0,21.99,"-20.775 150.425"
"17538860","2022-08-25T12:00:00Z",-20.775,150.475,"0.0",0,"22.04","-0.25",0,2022-08-25,"08","2022",0,22.04,"-20.775 150.475"
"17538939","2022-08-25T12:00:00Z",-20.825,150.375,"0.0",0,"21.88","-0.33",0,2022-08-25,"08","2022",0,21.88,"-20.825 150.375"
"17538940","2022-08-25T12:00:00Z",-20.825,150.425,"0.0",0,"21.92","-0.3",0,2022-08-25,"08","2022",0,21.92,"-20.825 150.425"
"17539018","2022-08-25T12:00:00Z",-20.875,150.275,"0.0",0,"21.78","-0.4",0,2022-08-25,"08","2022",0,21.78,"-20.875 150.275"
"17543019","2022-08-25T12:00:00Z",-23.325,151.875,"0.0",0,"20.94","-0.31",0,2022-08-25,"08","2022",0,20.94,"-23.325 151.875"
"17543261","2022-08-25T12:00:00Z",-23.475,151.825,"0.0",0,"20.82","-0.14",0,2022-08-25,"08","2022",0,20.82,"-23.475 151.825"
"17543262","2022-08-25T12:00:00Z",-23.475,151.875,"0.0",0,"20.88","-0.13",0,2022-08-25,"08","2022",0,20.88,"-23.475 151.875"
"17543264","2022-08-25T12:00:00Z",-23.475,151.975,"0.0",0,"21.11","-0.04",0,2022-08-25,"08","2022",0,21.11,"-23.475 151.975"
"17583730","2022-09-01T12:00:00Z",-20.125,150.275,"0.0",0,"22.990000000000002","0.03",0,2022-09-01,"09","2022",0,22.99,"-20.125 150.275"
"17584786","2022-09-01T12:00:00Z",-20.775,150.425,"0.0",0,"22.240000000000002","-0.17",0,2022-09-01,"09","2022",0,22.24,"-20.775 150.425"
"17584787","2022-09-01T12:00:00Z",-20.775,150.475,"0.0",0,"22.29","-0.15",0,2022-09-01,"09","2022",0,22.29,"-20.775 150.475"
"17584866","2022-09-01T12:00:00Z",-20.825,150.375,"0.0",0,"22.13","-0.25",0,2022-09-01,"09","2022",0,22.13,"-20.825 150.375"
"17584867","2022-09-01T12:00:00Z",-20.825,150.425,"0.0",0,"22.18","-0.2",0,2022-09-01,"09","2022",0,22.18,"-20.825 150.425"
"17584945","2022-09-01T12:00:00Z",-20.875,150.275,"0.0",0,"22.02","-0.34",0,2022-09-01,"09","2022",0,22.02,"-20.875 150.275"
"17588946","2022-09-01T12:00:00Z",-23.325,151.875,"0.0",0,"21.43","0.09",0,2022-09-01,"09","2022",0,21.43,"-23.325 151.875"
"17589188","2022-09-01T12:00:00Z",-23.475,151.825,"0.0",0,"21.35","0.26",0,2022-09-01,"09","2022",0,21.35,"-23.475 151.825"
"17589189","2022-09-01T12:00:00Z",-23.475,151.875,"0.0",0,"21.44","0.31",0,2022-09-01,"09","2022",0,21.44,"-23.475 151.875"
"17589191","2022-09-01T12:00:00Z",-23.475,151.975,"0.0",0,"21.59","0.35000000000000003",0,2022-09-01,"09","2022",0,21.59,"-23.475 151.975"
"17629657","2022-09-08T12:00:00Z",-20.125,150.275,"0.0",0,"23.09","0.01",0,2022-09-08,"09","2022",0,23.09,"-20.125 150.275"
"17630713","2022-09-08T12:00:00Z",-20.775,150.425,"0.0",0,"22.46","-0.11",0,2022-09-08,"09","2022",0,22.46,"-20.775 150.425"
"17630714","2022-09-08T12:00:00Z",-20.775,150.475,"0.0",0,"22.51","-0.08",0,2022-09-08,"09","2022",0,22.51,"-20.775 150.475"
"17630793","2022-09-08T12:00:00Z",-20.825,150.375,"0.0",0,"22.37","-0.17",0,2022-09-08,"09","2022",0,22.37,"-20.825 150.375"
"17630794","2022-09-08T12:00:00Z",-20.825,150.425,"0.0",0,"22.41","-0.13",0,2022-09-08,"09","2022",0,22.41,"-20.825 150.425"
"17630872","2022-09-08T12:00:00Z",-20.875,150.275,"0.0",0,"22.3","-0.24",0,2022-09-08,"09","2022",0,22.3,"-20.875 150.275"
"17634873","2022-09-08T12:00:00Z",-23.325,151.875,"0.0",0,"21.25","-0.19",0,2022-09-08,"09","2022",0,21.25,"-23.325 151.875"
"17635115","2022-09-08T12:00:00Z",-23.475,151.825,"0.0",0,"21.21","-0.01",0,2022-09-08,"09","2022",0,21.21,"-23.475 151.825"
"17635116","2022-09-08T12:00:00Z",-23.475,151.875,"0.0",0,"21.23","-0.02",0,2022-09-08,"09","2022",0,21.23,"-23.475 151.875"
"17635118","2022-09-08T12:00:00Z",-23.475,151.975,"0.0",0,"21.27","-0.07",0,2022-09-08,"09","2022",0,21.27,"-23.475 151.975"
"17675584","2022-09-15T12:00:00Z",-20.125,150.275,"0.0",0,"23.36","0.15",0,2022-09-15,"09","2022",0,23.36,"-20.125 150.275"
"17676640","2022-09-15T12:00:00Z",-20.775,150.425,"0.0",0,"22.78","0.05",0,2022-09-15,"09","2022",0,22.78,"-20.775 150.425"
"17676641","2022-09-15T12:00:00Z",-20.775,150.475,"0.0",0,"22.830000000000002","0.09",0,2022-09-15,"09","2022",0,22.83,"-20.775 150.475"
"17676720","2022-09-15T12:00:00Z",-20.825,150.375,"0.0",0,"22.69","-0.02",0,2022-09-15,"09","2022",0,22.69,"-20.825 150.375"
"17676721","2022-09-15T12:00:00Z",-20.825,150.425,"0.0",0,"22.71","0.01",0,2022-09-15,"09","2022",0,22.71,"-20.825 150.425"
"17676799","2022-09-15T12:00:00Z",-20.875,150.275,"0.0",0,"22.63","-0.09",0,2022-09-15,"09","2022",0,22.63,"-20.875 150.275"
"17680800","2022-09-15T12:00:00Z",-23.325,151.875,"0.0",0,"21.6","0.07",0,2022-09-15,"09","2022",0,21.6,"-23.325 151.875"
"17681042","2022-09-15T12:00:00Z",-23.475,151.825,"0.0",0,"21.59","0.24",0,2022-09-15,"09","2022",0,21.59,"-23.475 151.825"
"17681043","2022-09-15T12:00:00Z",-23.475,151.875,"0.0",0,"21.59","0.22",0,2022-09-15,"09","2022",0,21.59,"-23.475 151.875"
"17681045","2022-09-15T12:00:00Z",-23.475,151.975,"0.0",0,"21.63","0.2",0,2022-09-15,"09","2022",0,21.63,"-23.475 151.975"
"17721511","2022-09-22T12:00:00Z",-20.125,150.275,"0.0",0,"24.060000000000002","0.56",0,2022-09-22,"09","2022",0,24.06,"-20.125 150.275"
"17722567","2022-09-22T12:00:00Z",-20.775,150.425,"0.0",0,"23.7","0.61",0,2022-09-22,"09","2022",0,23.7,"-20.775 150.425"
"17722568","2022-09-22T12:00:00Z",-20.775,150.475,"0.0",0,"23.73","0.63",0,2022-09-22,"09","2022",0,23.73,"-20.775 150.475"
"17722647","2022-09-22T12:00:00Z",-20.825,150.375,"0.0",0,"23.78","0.7000000000000001",0,2022-09-22,"09","2022",0,23.78,"-20.825 150.375"
"17722648","2022-09-22T12:00:00Z",-20.825,150.425,"0.0",0,"23.740000000000002","0.67",0,2022-09-22,"09","2022",0,23.74,"-20.825 150.425"
"17722726","2022-09-22T12:00:00Z",-20.875,150.275,"0.0",0,"24.1","1.0",0,2022-09-22,"09","2022",0,24.1,"-20.875 150.275"
"17726727","2022-09-22T12:00:00Z",-23.325,151.875,"0.0",0,"22.05","0.22",0,2022-09-22,"09","2022",0,22.05,"-23.325 151.875"
"17726969","2022-09-22T12:00:00Z",-23.475,151.825,"0.0",0,"22.11","0.42",0,2022-09-22,"09","2022",0,22.11,"-23.475 151.825"
"17726970","2022-09-22T12:00:00Z",-23.475,151.875,"0.0",0,"22.12","0.41000000000000003",0,2022-09-22,"09","2022",0,22.12,"-23.475 151.875"
"17726972","2022-09-22T12:00:00Z",-23.475,151.975,"0.0",0,"22.1","0.35000000000000003",0,2022-09-22,"09","2022",0,22.1,"-23.475 151.975"
"17767438","2022-09-29T12:00:00Z",-20.125,150.275,"0.0",0,"24.37","0.5700000000000001",0,2022-09-29,"09","2022",0,24.37,"-20.125 150.275"
"17768494","2022-09-29T12:00:00Z",-20.775,150.425,"0.0",0,"24.07","0.61",0,2022-09-29,"09","2022",0,24.07,"-20.775 150.425"
"17768495","2022-09-29T12:00:00Z",-20.775,150.475,"0.0",0,"24.05","0.59",0,2022-09-29,"09","2022",0,24.05,"-20.775 150.475"
"17768574","2022-09-29T12:00:00Z",-20.825,150.375,"0.0",0,"24.13","0.68",0,2022-09-29,"09","2022",0,24.13,"-20.825 150.375"
"17768575","2022-09-29T12:00:00Z",-20.825,150.425,"0.0",0,"24.080000000000002","0.64",0,2022-09-29,"09","2022",0,24.08,"-20.825 150.425"
"17768653","2022-09-29T12:00:00Z",-20.875,150.275,"0.0",0,"24.32","0.85",0,2022-09-29,"09","2022",0,24.32,"-20.875 150.275"
"17772654","2022-09-29T12:00:00Z",-23.325,151.875,"0.0",0,"22.07","-0.06",0,2022-09-29,"09","2022",0,22.07,"-23.325 151.875"
"17772896","2022-09-29T12:00:00Z",-23.475,151.825,"0.0",0,"22.13","0.1",0,2022-09-29,"09","2022",0,22.13,"-23.475 151.825"
"17772897","2022-09-29T12:00:00Z",-23.475,151.875,"0.0",0,"22.06","0.02",0,2022-09-29,"09","2022",0,22.06,"-23.475 151.875"
"17772899","2022-09-29T12:00:00Z",-23.475,151.975,"0.0",0,"21.98","-0.09",0,2022-09-29,"09","2022",0,21.98,"-23.475 151.975"
"17813365","2022-10-06T12:00:00Z",-20.125,150.275,"0.0",0,"24.54","0.45",0,2022-10-06,"10","2022",0,24.54,"-20.125 150.275"
"17814421","2022-10-06T12:00:00Z",-20.775,150.425,"0.0",0,"24.18","0.36",0,2022-10-06,"10","2022",0,24.18,"-20.775 150.425"
"17814422","2022-10-06T12:00:00Z",-20.775,150.475,"0.0",0,"24.19","0.37",0,2022-10-06,"10","2022",0,24.19,"-20.775 150.475"
"17814501","2022-10-06T12:00:00Z",-20.825,150.375,"0.0",0,"24.16","0.34",0,2022-10-06,"10","2022",0,24.16,"-20.825 150.375"
"17814502","2022-10-06T12:00:00Z",-20.825,150.425,"0.0",0,"24.16","0.35000000000000003",0,2022-10-06,"10","2022",0,24.16,"-20.825 150.425"
"17814580","2022-10-06T12:00:00Z",-20.875,150.275,"0.0",0,"24.16","0.31",0,2022-10-06,"10","2022",0,24.16,"-20.875 150.275"
"17818581","2022-10-06T12:00:00Z",-23.325,151.875,"0.0",0,"22.51","0.08",0,2022-10-06,"10","2022",0,22.51,"-23.325 151.875"
"17818823","2022-10-06T12:00:00Z",-23.475,151.825,"0.0",0,"22.28","-0.09",0,2022-10-06,"10","2022",0,22.28,"-23.475 151.825"
"17818824","2022-10-06T12:00:00Z",-23.475,151.875,"0.0",0,"22.35","-0.03",0,2022-10-06,"10","2022",0,22.35,"-23.475 151.875"
"17818826","2022-10-06T12:00:00Z",-23.475,151.975,"0.0",0,"22.51","0.11",0,2022-10-06,"10","2022",0,22.51,"-23.475 151.975"
"17859292","2022-10-13T12:00:00Z",-20.125,150.275,"0.0",0,"25.03","0.64",0,2022-10-13,"10","2022",0,25.03,"-20.125 150.275"
"17860348","2022-10-13T12:00:00Z",-20.775,150.425,"0.0",0,"24.54","0.35000000000000003",0,2022-10-13,"10","2022",0,24.54,"-20.775 150.425"
"17860349","2022-10-13T12:00:00Z",-20.775,150.475,"0.0",0,"24.580000000000002","0.39",0,2022-10-13,"10","2022",0,24.58,"-20.775 150.475"
"17860428","2022-10-13T12:00:00Z",-20.825,150.375,"0.0",0,"24.5","0.31",0,2022-10-13,"10","2022",0,24.5,"-20.825 150.375"
"17860429","2022-10-13T12:00:00Z",-20.825,150.425,"0.0",0,"24.52","0.34",0,2022-10-13,"10","2022",0,24.52,"-20.825 150.425"
"17860507","2022-10-13T12:00:00Z",-20.875,150.275,"0.0",0,"24.48","0.26",0,2022-10-13,"10","2022",0,24.48,"-20.875 150.275"
"17864508","2022-10-13T12:00:00Z",-23.325,151.875,"0.0",0,"22.91","0.18",0,2022-10-13,"10","2022",0,22.91,"-23.325 151.875"
"17864750","2022-10-13T12:00:00Z",-23.475,151.825,"0.0",0,"22.740000000000002","0.03",0,2022-10-13,"10","2022",0,22.74,"-23.475 151.825"
"17864751","2022-10-13T12:00:00Z",-23.475,151.875,"0.0",0,"22.78","0.07",0,2022-10-13,"10","2022",0,22.78,"-23.475 151.875"
"17864753","2022-10-13T12:00:00Z",-23.475,151.975,"0.0",0,"22.85","0.13",0,2022-10-13,"10","2022",0,22.85,"-23.475 151.975"
"17905219","2022-10-20T12:00:00Z",-20.125,150.275,"0.0",0,"25.48","0.78",0,2022-10-20,"10","2022",0,25.48,"-20.125 150.275"
"17906275","2022-10-20T12:00:00Z",-20.775,150.425,"0.0",0,"25.32","0.77",0,2022-10-20,"10","2022",0,25.32,"-20.775 150.425"
"17906276","2022-10-20T12:00:00Z",-20.775,150.475,"0.0",0,"25.34","0.79",0,2022-10-20,"10","2022",0,25.34,"-20.775 150.475"
"17906355","2022-10-20T12:00:00Z",-20.825,150.375,"0.0",0,"25.310000000000002","0.75",0,2022-10-20,"10","2022",0,25.31,"-20.825 150.375"
"17906356","2022-10-20T12:00:00Z",-20.825,150.425,"0.0",0,"25.310000000000002","0.76",0,2022-10-20,"10","2022",0,25.31,"-20.825 150.425"
"17906434","2022-10-20T12:00:00Z",-20.875,150.275,"0.0",0,"25.39","0.8",0,2022-10-20,"10","2022",0,25.39,"-20.875 150.275"
"17910435","2022-10-20T12:00:00Z",-23.325,151.875,"0.0",0,"23.21","0.14",0,2022-10-20,"10","2022",0,23.21,"-23.325 151.875"
"17910677","2022-10-20T12:00:00Z",-23.475,151.825,"0.0",0,"23.17","0.11",0,2022-10-20,"10","2022",0,23.17,"-23.475 151.825"
"17910678","2022-10-20T12:00:00Z",-23.475,151.875,"0.0",0,"23.17","0.11",0,2022-10-20,"10","2022",0,23.17,"-23.475 151.875"
"17910680","2022-10-20T12:00:00Z",-23.475,151.975,"0.0",0,"23.26","0.2",0,2022-10-20,"10","2022",0,23.26,"-23.475 151.975"
"17951146","2022-10-27T12:00:00Z",-20.125,150.275,"0.0",0,"26.39","1.37",0,2022-10-27,"10","2022",0,26.39,"-20.125 150.275"
"17952202","2022-10-27T12:00:00Z",-20.775,150.425,"0.0",0,"26.47","1.56",0,2022-10-27,"10","2022",0,26.47,"-20.775 150.425"
"17952203","2022-10-27T12:00:00Z",-20.775,150.475,"0.0",0,"26.47","1.56",0,2022-10-27,"10","2022",0,26.47,"-20.775 150.475"
"17952282","2022-10-27T12:00:00Z",-20.825,150.375,"0.0",0,"26.55","1.62",0,2022-10-27,"10","2022",0,26.55,"-20.825 150.375"
"17952283","2022-10-27T12:00:00Z",-20.825,150.425,"0.0",0,"26.53","1.62",0,2022-10-27,"10","2022",0,26.53,"-20.825 150.425"
"17952361","2022-10-27T12:00:00Z",-20.875,150.275,"0.0",0,"26.63","1.68",0,2022-10-27,"10","2022",0,26.63,"-20.875 150.275"
"17956362","2022-10-27T12:00:00Z",-23.325,151.875,"0.0",0,"24.1","0.6900000000000001",0,2022-10-27,"10","2022",0,24.1,"-23.325 151.875"
"17956604","2022-10-27T12:00:00Z",-23.475,151.825,"0.0",0,"24.3","0.89",0,2022-10-27,"10","2022",0,24.3,"-23.475 151.825"
"17956605","2022-10-27T12:00:00Z",-23.475,151.875,"0.0",0,"24.3","0.89",0,2022-10-27,"10","2022",0,24.3,"-23.475 151.875"
"17956607","2022-10-27T12:00:00Z",-23.475,151.975,"0.0",0,"24.27","0.87",0,2022-10-27,"10","2022",0,24.27,"-23.475 151.975"
"17997073","2022-11-03T12:00:00Z",-20.125,150.275,"0.0",0,"26.23","0.88",0,2022-11-03,"11","2022",0,26.23,"-20.125 150.275"
"17998129","2022-11-03T12:00:00Z",-20.775,150.425,"0.0",0,"26.66","1.3900000000000001",0,2022-11-03,"11","2022",0,26.66,"-20.775 150.425"
"17998130","2022-11-03T12:00:00Z",-20.775,150.475,"0.0",0,"26.61","1.35",0,2022-11-03,"11","2022",0,26.61,"-20.775 150.475"
"17998209","2022-11-03T12:00:00Z",-20.825,150.375,"0.0",0,"26.740000000000002","1.45",0,2022-11-03,"11","2022",0,26.74,"-20.825 150.375"
"17998210","2022-11-03T12:00:00Z",-20.825,150.425,"0.0",0,"26.71","1.43",0,2022-11-03,"11","2022",0,26.71,"-20.825 150.425"
"17998288","2022-11-03T12:00:00Z",-20.875,150.275,"0.0",0,"26.830000000000002","1.51",0,2022-11-03,"11","2022",0,26.83,"-20.875 150.275"
"18002289","2022-11-03T12:00:00Z",-23.325,151.875,"0.0",0,"24.04","0.29",0,2022-11-03,"11","2022",0,24.04,"-23.325 151.875"
"18002531","2022-11-03T12:00:00Z",-23.475,151.825,"0.0",0,"24.22","0.45",0,2022-11-03,"11","2022",0,24.22,"-23.475 151.825"
"18002532","2022-11-03T12:00:00Z",-23.475,151.875,"0.0",0,"24.12","0.36",0,2022-11-03,"11","2022",0,24.12,"-23.475 151.875"
"18002534","2022-11-03T12:00:00Z",-23.475,151.975,"0.0",0,"23.86","0.12",0,2022-11-03,"11","2022",0,23.86,"-23.475 151.975"
"18043000","2022-11-10T12:00:00Z",-20.125,150.275,"0.0",0,"26.22","0.55",0,2022-11-10,"11","2022",0,26.22,"-20.125 150.275"
"18044056","2022-11-10T12:00:00Z",-20.775,150.425,"0.0",0,"26.150000000000002","0.52",0,2022-11-10,"11","2022",0,26.15,"-20.775 150.425"
"18044057","2022-11-10T12:00:00Z",-20.775,150.475,"0.0",0,"26.080000000000002","0.46",0,2022-11-10,"11","2022",0,26.08,"-20.775 150.475"
"18044136","2022-11-10T12:00:00Z",-20.825,150.375,"0.0",0,"26.23","0.5700000000000001",0,2022-11-10,"11","2022",0,26.23,"-20.825 150.375"
"18044137","2022-11-10T12:00:00Z",-20.825,150.425,"0.0",0,"26.17","0.53",0,2022-11-10,"11","2022",0,26.17,"-20.825 150.425"
"18044215","2022-11-10T12:00:00Z",-20.875,150.275,"0.0",0,"26.330000000000002","0.65",0,2022-11-10,"11","2022",0,26.33,"-20.875 150.275"
"18048216","2022-11-10T12:00:00Z",-23.325,151.875,"0.0",0,"23.990000000000002","-0.1",0,2022-11-10,"11","2022",0,23.99,"-23.325 151.875"
"18048458","2022-11-10T12:00:00Z",-23.475,151.825,"0.0",0,"23.66","-0.46",0,2022-11-10,"11","2022",0,23.66,"-23.475 151.825"
"18048459","2022-11-10T12:00:00Z",-23.475,151.875,"0.0",0,"23.72","-0.39",0,2022-11-10,"11","2022",0,23.72,"-23.475 151.875"
"18048461","2022-11-10T12:00:00Z",-23.475,151.975,"0.0",0,"23.93","-0.15",0,2022-11-10,"11","2022",0,23.93,"-23.475 151.975"
"18088927","2022-11-17T12:00:00Z",-20.125,150.275,"0.0",0,"26.88","0.92",0,2022-11-17,"11","2022",0,26.88,"-20.125 150.275"
"18089983","2022-11-17T12:00:00Z",-20.775,150.425,"0.0",0,"26.84","0.88",0,2022-11-17,"11","2022",0,26.84,"-20.775 150.425"
"18089984","2022-11-17T12:00:00Z",-20.775,150.475,"0.0",0,"26.78","0.8300000000000001",0,2022-11-17,"11","2022",0,26.78,"-20.775 150.475"
"18090063","2022-11-17T12:00:00Z",-20.825,150.375,"0.0",0,"26.96","0.97",0,2022-11-17,"11","2022",0,26.96,"-20.825 150.375"
"18090064","2022-11-17T12:00:00Z",-20.825,150.425,"0.0",0,"26.900000000000002","0.93",0,2022-11-17,"11","2022",0,26.9,"-20.825 150.425"
"18090142","2022-11-17T12:00:00Z",-20.875,150.275,"0.0",0,"27.12","1.11",0,2022-11-17,"11","2022",0,27.12,"-20.875 150.275"
"18094143","2022-11-17T12:00:00Z",-23.325,151.875,"0.0",0,"24.41","-0.03",0,2022-11-17,"11","2022",0,24.41,"-23.325 151.875"
"18094385","2022-11-17T12:00:00Z",-23.475,151.825,"0.0",0,"24.37","-0.1",0,2022-11-17,"11","2022",0,24.37,"-23.475 151.825"
"18094386","2022-11-17T12:00:00Z",-23.475,151.875,"0.0",0,"24.39","-0.07",0,2022-11-17,"11","2022",0,24.39,"-23.475 151.875"
"18094388","2022-11-17T12:00:00Z",-23.475,151.975,"0.0",0,"24.46","0.03",0,2022-11-17,"11","2022",0,24.46,"-23.475 151.975"
"18134854","2022-11-24T12:00:00Z",-20.125,150.275,"0.0",0,"27.27","1.09",0,2022-11-24,"11","2022",0,27.27,"-20.125 150.275"
"18135910","2022-11-24T12:00:00Z",-20.775,150.425,"0.0",0,"27.02","0.81",0,2022-11-24,"11","2022",0,27.02,"-20.775 150.425"
"18135911","2022-11-24T12:00:00Z",-20.775,150.475,"0.0",0,"27.0","0.8",0,2022-11-24,"11","2022",0,27,"-20.775 150.475"
"18135990","2022-11-24T12:00:00Z",-20.825,150.375,"0.0",0,"27.060000000000002","0.8200000000000001",0,2022-11-24,"11","2022",0,27.06,"-20.825 150.375"
"18135991","2022-11-24T12:00:00Z",-20.825,150.425,"0.0",0,"27.04","0.8200000000000001",0,2022-11-24,"11","2022",0,27.04,"-20.825 150.425"
"18136069","2022-11-24T12:00:00Z",-20.875,150.275,"0.0",0,"27.13","0.88",0,2022-11-24,"11","2022",0,27.13,"-20.875 150.275"
"18140070","2022-11-24T12:00:00Z",-23.325,151.875,"0.0",0,"24.82","0.04",0,2022-11-24,"11","2022",0,24.82,"-23.325 151.875"
"18140312","2022-11-24T12:00:00Z",-23.475,151.825,"0.0",0,"24.89","0.07",0,2022-11-24,"11","2022",0,24.89,"-23.475 151.825"
"18140313","2022-11-24T12:00:00Z",-23.475,151.875,"0.0",0,"24.88","0.08",0,2022-11-24,"11","2022",0,24.88,"-23.475 151.875"
"18140315","2022-11-24T12:00:00Z",-23.475,151.975,"0.0",0,"24.88","0.12",0,2022-11-24,"11","2022",0,24.88,"-23.475 151.975"
"18180781","2022-12-01T12:00:00Z",-20.125,150.275,"0.0",0,"27.73","1.33",0,2022-12-01,"12","2022",0,27.73,"-20.125 150.275"
"18181837","2022-12-01T12:00:00Z",-20.775,150.425,"0.0",0,"27.51","1.05",0,2022-12-01,"12","2022",0,27.51,"-20.775 150.425"
"18181838","2022-12-01T12:00:00Z",-20.775,150.475,"0.0",0,"27.45","0.99",0,2022-12-01,"12","2022",0,27.45,"-20.775 150.475"
"18181917","2022-12-01T12:00:00Z",-20.825,150.375,"0.0",0,"27.59","1.11",0,2022-12-01,"12","2022",0,27.59,"-20.825 150.375"
"18181918","2022-12-01T12:00:00Z",-20.825,150.425,"0.0",0,"27.54","1.07",0,2022-12-01,"12","2022",0,27.54,"-20.825 150.425"
"18181996","2022-12-01T12:00:00Z",-20.875,150.275,"0.0",0,"27.7","1.21",0,2022-12-01,"12","2022",0,27.7,"-20.875 150.275"
"18185997","2022-12-01T12:00:00Z",-23.325,151.875,"0.0",0,"25.38","0.26",0,2022-12-01,"12","2022",0,25.38,"-23.325 151.875"
"18186239","2022-12-01T12:00:00Z",-23.475,151.825,"0.0",0,"25.25","0.09",0,2022-12-01,"12","2022",0,25.25,"-23.475 151.825"
"18186240","2022-12-01T12:00:00Z",-23.475,151.875,"0.0",0,"25.26","0.12",0,2022-12-01,"12","2022",0,25.26,"-23.475 151.875"
"18186242","2022-12-01T12:00:00Z",-23.475,151.975,"0.0",0,"25.32","0.22",0,2022-12-01,"12","2022",0,25.32,"-23.475 151.975"
"18226708","2022-12-08T12:00:00Z",-20.125,150.275,"0.0",0,"27.5","0.88",0,2022-12-08,"12","2022",0,27.5,"-20.125 150.275"
"18227764","2022-12-08T12:00:00Z",-20.775,150.425,"0.0",0,"27.39","0.68",0,2022-12-08,"12","2022",0,27.39,"-20.775 150.425"
"18227765","2022-12-08T12:00:00Z",-20.775,150.475,"0.0",0,"27.36","0.65",0,2022-12-08,"12","2022",0,27.36,"-20.775 150.475"
"18227844","2022-12-08T12:00:00Z",-20.825,150.375,"0.0",0,"27.48","0.75",0,2022-12-08,"12","2022",0,27.48,"-20.825 150.375"
"18227845","2022-12-08T12:00:00Z",-20.825,150.425,"0.0",0,"27.42","0.7000000000000001",0,2022-12-08,"12","2022",0,27.42,"-20.825 150.425"
"18227923","2022-12-08T12:00:00Z",-20.875,150.275,"0.0",0,"27.64","0.9",0,2022-12-08,"12","2022",0,27.64,"-20.875 150.275"
"18231924","2022-12-08T12:00:00Z",-23.325,151.875,"0.0",0,"25.72","0.25",0,2022-12-08,"12","2022",0,25.72,"-23.325 151.875"
"18232166","2022-12-08T12:00:00Z",-23.475,151.825,"0.0",0,"25.48","-0.03",0,2022-12-08,"12","2022",0,25.48,"-23.475 151.825"
"18232167","2022-12-08T12:00:00Z",-23.475,151.875,"0.0",0,"25.5","0.01",0,2022-12-08,"12","2022",0,25.5,"-23.475 151.875"
"18232169","2022-12-08T12:00:00Z",-23.475,151.975,"0.0",0,"25.6","0.17",0,2022-12-08,"12","2022",0,25.6,"-23.475 151.975"
"18272635","2022-12-15T12:00:00Z",-20.125,150.275,"0.0",0,"27.95","1.11",0,2022-12-15,"12","2022",0,27.95,"-20.125 150.275"
"18273691","2022-12-15T12:00:00Z",-20.775,150.425,"0.0",0,"28.2","1.24",0,2022-12-15,"12","2022",0,28.2,"-20.775 150.425"
"18273692","2022-12-15T12:00:00Z",-20.775,150.475,"0.0",0,"28.16","1.2",0,2022-12-15,"12","2022",0,28.16,"-20.775 150.475"
"18273771","2022-12-15T12:00:00Z",-20.825,150.375,"0.0",0,"28.32","1.35",0,2022-12-15,"12","2022",0,28.32,"-20.825 150.375"
"18273772","2022-12-15T12:00:00Z",-20.825,150.425,"0.0",0,"28.27","1.3",0,2022-12-15,"12","2022",0,28.27,"-20.825 150.425"
"18273850","2022-12-15T12:00:00Z",-20.875,150.275,"0.0",0,"28.400000000000002","1.42",0,2022-12-15,"12","2022",0,28.4,"-20.875 150.275"
"18277851","2022-12-15T12:00:00Z",-23.325,151.875,"0.0",0,"26.400000000000002","0.59",0,2022-12-15,"12","2022",0,26.4,"-23.325 151.875"
"18278093","2022-12-15T12:00:00Z",-23.475,151.825,"0.0",0,"26.25","0.39",0,2022-12-15,"12","2022",0,26.25,"-23.475 151.825"
"18278094","2022-12-15T12:00:00Z",-23.475,151.875,"0.0",0,"26.22","0.39",0,2022-12-15,"12","2022",0,26.22,"-23.475 151.875"
"18278096","2022-12-15T12:00:00Z",-23.475,151.975,"0.0",0,"26.240000000000002","0.47000000000000003",0,2022-12-15,"12","2022",0,26.24,"-23.475 151.975"
"18318562","2022-12-22T12:00:00Z",-20.125,150.275,"0.0",0,"27.53","0.51",0,2022-12-22,"12","2022",0,27.53,"-20.125 150.275"
"18319618","2022-12-22T12:00:00Z",-20.775,150.425,"0.0",0,"27.43","0.27",0,2022-12-22,"12","2022",0,27.43,"-20.775 150.425"
"18319619","2022-12-22T12:00:00Z",-20.775,150.475,"0.0",0,"27.41","0.26",0,2022-12-22,"12","2022",0,27.41,"-20.775 150.475"
"18319698","2022-12-22T12:00:00Z",-20.825,150.375,"0.0",0,"27.46","0.29",0,2022-12-22,"12","2022",0,27.46,"-20.825 150.375"
"18319699","2022-12-22T12:00:00Z",-20.825,150.425,"0.0",0,"27.43","0.26",0,2022-12-22,"12","2022",0,27.43,"-20.825 150.425"
"18319777","2022-12-22T12:00:00Z",-20.875,150.275,"0.0",0,"27.560000000000002","0.38",0,2022-12-22,"12","2022",0,27.56,"-20.875 150.275"
"18323778","2022-12-22T12:00:00Z",-23.325,151.875,"0.0",0,"25.61","-0.45",0,2022-12-22,"12","2022",0,25.61,"-23.325 151.875"
"18324020","2022-12-22T12:00:00Z",-23.475,151.825,"0.0",0,"25.490000000000002","-0.62",0,2022-12-22,"12","2022",0,25.49,"-23.475 151.825"
"18324021","2022-12-22T12:00:00Z",-23.475,151.875,"0.0",0,"25.5","-0.58",0,2022-12-22,"12","2022",0,25.5,"-23.475 151.875"
"18324023","2022-12-22T12:00:00Z",-23.475,151.975,"0.0",0,"25.51","-0.52",0,2022-12-22,"12","2022",0,25.51,"-23.475 151.975"
"18364489","2022-12-29T12:00:00Z",-20.125,150.275,"0.0",0,"27.740000000000002","0.54",0,2022-12-29,"12","2022",0,27.74,"-20.125 150.275"
"18365545","2022-12-29T12:00:00Z",-20.775,150.425,"0.0",0,"27.47","0.12",0,2022-12-29,"12","2022",0,27.47,"-20.775 150.425"
"18365546","2022-12-29T12:00:00Z",-20.775,150.475,"0.0",0,"27.48","0.13",0,2022-12-29,"12","2022",0,27.48,"-20.775 150.475"
"18365625","2022-12-29T12:00:00Z",-20.825,150.375,"0.0",0,"27.46","0.09",0,2022-12-29,"12","2022",0,27.46,"-20.825 150.375"
"18365626","2022-12-29T12:00:00Z",-20.825,150.425,"0.0",0,"27.46","0.1",0,2022-12-29,"12","2022",0,27.46,"-20.825 150.425"
"18365704","2022-12-29T12:00:00Z",-20.875,150.275,"0.0",0,"27.48","0.1",0,2022-12-29,"12","2022",0,27.48,"-20.875 150.275"
"18369705","2022-12-29T12:00:00Z",-23.325,151.875,"0.0",0,"25.72","-0.58",0,2022-12-29,"12","2022",0,25.72,"-23.325 151.875"
"18369947","2022-12-29T12:00:00Z",-23.475,151.825,"0.0",0,"25.59","-0.78",0,2022-12-29,"12","2022",0,25.59,"-23.475 151.825"
"18369948","2022-12-29T12:00:00Z",-23.475,151.875,"0.0",0,"25.59","-0.75",0,2022-12-29,"12","2022",0,25.59,"-23.475 151.875"
"18369950","2022-12-29T12:00:00Z",-23.475,151.975,"0.0",0,"25.64","-0.64",0,2022-12-29,"12","2022",0,25.64,"-23.475 151.975"
"18410416","2023-01-05T12:00:00Z",-20.125,150.275,"0.0",0,"27.810000000000002","0.43",0,2023-01-05,"01","2023",0,27.81,"-20.125 150.275"
"18411472","2023-01-05T12:00:00Z",-20.775,150.425,"0.0",0,"27.79","0.24",0,2023-01-05,"01","2023",0,27.79,"-20.775 150.425"
"18411473","2023-01-05T12:00:00Z",-20.775,150.475,"0.0",0,"27.78","0.24",0,2023-01-05,"01","2023",0,27.78,"-20.775 150.475"
"18411552","2023-01-05T12:00:00Z",-20.825,150.375,"0.0",0,"27.82","0.25",0,2023-01-05,"01","2023",0,27.82,"-20.825 150.375"
"18411553","2023-01-05T12:00:00Z",-20.825,150.425,"0.0",0,"27.79","0.23",0,2023-01-05,"01","2023",0,27.79,"-20.825 150.425"
"18411631","2023-01-05T12:00:00Z",-20.875,150.275,"0.0",0,"27.95","0.37",0,2023-01-05,"01","2023",0,27.95,"-20.875 150.275"
"18415632","2023-01-05T12:00:00Z",-23.325,151.875,"0.0",0,"26.29","-0.26",0,2023-01-05,"01","2023",0,26.29,"-23.325 151.875"
"18415874","2023-01-05T12:00:00Z",-23.475,151.825,"0.0",0,"26.13","-0.49",0,2023-01-05,"01","2023",0,26.13,"-23.475 151.825"
"18415875","2023-01-05T12:00:00Z",-23.475,151.875,"0.0",0,"26.18","-0.41000000000000003",0,2023-01-05,"01","2023",0,26.18,"-23.475 151.875"
"18415877","2023-01-05T12:00:00Z",-23.475,151.975,"0.0",0,"26.310000000000002","-0.23",0,2023-01-05,"01","2023",0,26.31,"-23.475 151.975"
"18456343","2023-01-12T12:00:00Z",-20.125,150.275,"0.0",0,"27.89","0.33",0,2023-01-12,"01","2023",0,27.89,"-20.125 150.275"
"18457399","2023-01-12T12:00:00Z",-20.775,150.425,"0.0",0,"27.85","0.1",0,2023-01-12,"01","2023",0,27.85,"-20.775 150.425"
"18457400","2023-01-12T12:00:00Z",-20.775,150.475,"0.0",0,"27.85","0.11",0,2023-01-12,"01","2023",0,27.85,"-20.775 150.475"
"18457479","2023-01-12T12:00:00Z",-20.825,150.375,"0.0",0,"27.88","0.11",0,2023-01-12,"01","2023",0,27.88,"-20.825 150.375"
"18457480","2023-01-12T12:00:00Z",-20.825,150.425,"0.0",0,"27.89","0.13",0,2023-01-12,"01","2023",0,27.89,"-20.825 150.425"
"18457558","2023-01-12T12:00:00Z",-20.875,150.275,"0.0",0,"27.900000000000002","0.12",0,2023-01-12,"01","2023",0,27.9,"-20.875 150.275"
"18461559","2023-01-12T12:00:00Z",-23.325,151.875,"0.0",0,"26.55","-0.24",0,2023-01-12,"01","2023",0,26.55,"-23.325 151.875"
"18461801","2023-01-12T12:00:00Z",-23.475,151.825,"0.0",0,"26.580000000000002","-0.29",0,2023-01-12,"01","2023",0,26.58,"-23.475 151.825"
"18461802","2023-01-12T12:00:00Z",-23.475,151.875,"0.0",0,"26.59","-0.25",0,2023-01-12,"01","2023",0,26.59,"-23.475 151.875"
"18461804","2023-01-12T12:00:00Z",-23.475,151.975,"0.0",0,"26.63","-0.16",0,2023-01-12,"01","2023",0,26.63,"-23.475 151.975"
"18502270","2023-01-19T12:00:00Z",-20.125,150.275,"0.0",0,"27.97","0.3",0,2023-01-19,"01","2023",0,27.97,"-20.125 150.275"
"18503326","2023-01-19T12:00:00Z",-20.775,150.425,"0.0",0,"27.73","-0.12",0,2023-01-19,"01","2023",0,27.73,"-20.775 150.425"
"18503327","2023-01-19T12:00:00Z",-20.775,150.475,"0.0",0,"27.73","-0.11",0,2023-01-19,"01","2023",0,27.73,"-20.775 150.475"
"18503406","2023-01-19T12:00:00Z",-20.825,150.375,"0.0",0,"27.75","-0.13",0,2023-01-19,"01","2023",0,27.75,"-20.825 150.375"
"18503407","2023-01-19T12:00:00Z",-20.825,150.425,"0.0",0,"27.740000000000002","-0.12",0,2023-01-19,"01","2023",0,27.74,"-20.825 150.425"
"18503485","2023-01-19T12:00:00Z",-20.875,150.275,"0.0",0,"27.77","-0.12",0,2023-01-19,"01","2023",0,27.77,"-20.875 150.275"
"18507486","2023-01-19T12:00:00Z",-23.325,151.875,"0.0",0,"26.28","-0.65",0,2023-01-19,"01","2023",0,26.28,"-23.325 151.875"
"18507728","2023-01-19T12:00:00Z",-23.475,151.825,"0.0",0,"26.16","-0.84",0,2023-01-19,"01","2023",0,26.16,"-23.475 151.825"
"18507729","2023-01-19T12:00:00Z",-23.475,151.875,"0.0",0,"26.22","-0.75",0,2023-01-19,"01","2023",0,26.22,"-23.475 151.875"
"18507731","2023-01-19T12:00:00Z",-23.475,151.975,"0.0",0,"26.330000000000002","-0.6",0,2023-01-19,"01","2023",0,26.33,"-23.475 151.975"
"18548197","2023-01-26T12:00:00Z",-20.125,150.275,"0.0",0,"28.150000000000002","0.43",0,2023-01-26,"01","2023",0,28.15,"-20.125 150.275"
"18549253","2023-01-26T12:00:00Z",-20.775,150.425,"0.0",0,"28.16","0.29",0,2023-01-26,"01","2023",0,28.16,"-20.775 150.425"
"18549254","2023-01-26T12:00:00Z",-20.775,150.475,"0.0",0,"28.18","0.32",0,2023-01-26,"01","2023",0,28.18,"-20.775 150.475"
"18549333","2023-01-26T12:00:00Z",-20.825,150.375,"0.0",0,"28.16","0.26",0,2023-01-26,"01","2023",0,28.16,"-20.825 150.375"
"18549334","2023-01-26T12:00:00Z",-20.825,150.425,"0.0",0,"28.16","0.28",0,2023-01-26,"01","2023",0,28.16,"-20.825 150.425"
"18549412","2023-01-26T12:00:00Z",-20.875,150.275,"0.0",0,"28.2","0.28",0,2023-01-26,"01","2023",0,28.2,"-20.875 150.275"
"18553413","2023-01-26T12:00:00Z",-23.325,151.875,"0.0",0,"27.04","0.05",0,2023-01-26,"01","2023",0,27.04,"-23.325 151.875"
"18553655","2023-01-26T12:00:00Z",-23.475,151.825,"0.0",0,"27.0","-0.04",0,2023-01-26,"01","2023",0,27,"-23.475 151.825"
"18553656","2023-01-26T12:00:00Z",-23.475,151.875,"0.0",0,"27.07","0.06",0,2023-01-26,"01","2023",0,27.07,"-23.475 151.875"
"18553658","2023-01-26T12:00:00Z",-23.475,151.975,"0.0",0,"27.17","0.2",0,2023-01-26,"01","2023",0,27.17,"-23.475 151.975"
"18594124","2023-02-02T12:00:00Z",-20.125,150.275,"0.0",0,"28.59","0.8200000000000001",0,2023-02-02,"02","2023",0,28.59,"-20.125 150.275"
"18595180","2023-02-02T12:00:00Z",-20.775,150.425,"0.0",0,"28.82","0.92",0,2023-02-02,"02","2023",0,28.82,"-20.775 150.425"
"18595181","2023-02-02T12:00:00Z",-20.775,150.475,"0.0",0,"28.78","0.89",0,2023-02-02,"02","2023",0,28.78,"-20.775 150.475"
"18595260","2023-02-02T12:00:00Z",-20.825,150.375,"0.0",0,"28.95","1.02",0,2023-02-02,"02","2023",0,28.95,"-20.825 150.375"
"18595261","2023-02-02T12:00:00Z",-20.825,150.425,"0.0",0,"28.89","0.98",0,2023-02-02,"02","2023",0,28.89,"-20.825 150.425"
"18595339","2023-02-02T12:00:00Z",-20.875,150.275,"0.15",0,"29.07","1.11",0,2023-02-02,"02","2023",0.15,29.07,"-20.875 150.275"
"18599340","2023-02-02T12:00:00Z",-23.325,151.875,"0.0",0,"27.64","0.6",0,2023-02-02,"02","2023",0,27.64,"-23.325 151.875"
"18599582","2023-02-02T12:00:00Z",-23.475,151.825,"0.0",0,"27.740000000000002","0.67",0,2023-02-02,"02","2023",0,27.74,"-23.475 151.825"
"18599583","2023-02-02T12:00:00Z",-23.475,151.875,"0.0",0,"27.76","0.71",0,2023-02-02,"02","2023",0,27.76,"-23.475 151.875"
"18599585","2023-02-02T12:00:00Z",-23.475,151.975,"0.15",0,"27.72","0.7000000000000001",0,2023-02-02,"02","2023",0.15,27.72,"-23.475 151.975"
"18640051","2023-02-09T12:00:00Z",-20.125,150.275,"0.0",0,"28.17","0.35000000000000003",0,2023-02-09,"02","2023",0,28.17,"-20.125 150.275"
"18641107","2023-02-09T12:00:00Z",-20.775,150.425,"0.0",0,"28.47","0.54",0,2023-02-09,"02","2023",0,28.47,"-20.775 150.425"
"18641108","2023-02-09T12:00:00Z",-20.775,150.475,"0.15",0,"28.45","0.53",0,2023-02-09,"02","2023",0.15,28.45,"-20.775 150.475"
"18641187","2023-02-09T12:00:00Z",-20.825,150.375,"0.29",0,"28.53","0.5700000000000001",0,2023-02-09,"02","2023",0.29,28.53,"-20.825 150.375"
"18641188","2023-02-09T12:00:00Z",-20.825,150.425,"0.29",0,"28.52","0.58",0,2023-02-09,"02","2023",0.29,28.52,"-20.825 150.425"
"18641266","2023-02-09T12:00:00Z",-20.875,150.275,"0.45",0,"28.560000000000002","0.5700000000000001",0,2023-02-09,"02","2023",0.45,28.56,"-20.875 150.275"
"18645267","2023-02-09T12:00:00Z",-23.325,151.875,"0.47000000000000003",0,"27.55","0.46",0,2023-02-09,"02","2023",0.47,27.55,"-23.325 151.875"
"18645509","2023-02-09T12:00:00Z",-23.475,151.825,"0.32",0,"27.38","0.27",0,2023-02-09,"02","2023",0.32,27.38,"-23.475 151.825"
"18645510","2023-02-09T12:00:00Z",-23.475,151.875,"0.32",0,"27.42","0.32",0,2023-02-09,"02","2023",0.32,27.42,"-23.475 151.875"
"18645512","2023-02-09T12:00:00Z",-23.475,151.975,"0.64",0,"27.53","0.46",0,2023-02-09,"02","2023",0.64,27.53,"-23.475 151.975"
"18685978","2023-02-16T12:00:00Z",-20.125,150.275,"0.0",0,"28.28","0.44",0,2023-02-16,"02","2023",0,28.28,"-20.125 150.275"
"18687034","2023-02-16T12:00:00Z",-20.775,150.425,"0.0",0,"28.63","0.7000000000000001",0,2023-02-16,"02","2023",0,28.63,"-20.775 150.425"
"18687035","2023-02-16T12:00:00Z",-20.775,150.475,"0.15",0,"28.63","0.71",0,2023-02-16,"02","2023",0.15,28.63,"-20.775 150.475"
"18687114","2023-02-16T12:00:00Z",-20.825,150.375,"0.29",0,"28.67","0.71",0,2023-02-16,"02","2023",0.29,28.67,"-20.825 150.375"
"18687115","2023-02-16T12:00:00Z",-20.825,150.425,"0.29",0,"28.68","0.74",0,2023-02-16,"02","2023",0.29,28.68,"-20.825 150.425"
"18687193","2023-02-16T12:00:00Z",-20.875,150.275,"0.45",0,"28.71","0.71",0,2023-02-16,"02","2023",0.45,28.71,"-20.875 150.275"
"18691194","2023-02-16T12:00:00Z",-23.325,151.875,"0.47000000000000003",0,"27.35","0.23",0,2023-02-16,"02","2023",0.47,27.35,"-23.325 151.875"
"18691436","2023-02-16T12:00:00Z",-23.475,151.825,"0.32",0,"27.330000000000002","0.22",0,2023-02-16,"02","2023",0.32,27.33,"-23.475 151.825"
"18691437","2023-02-16T12:00:00Z",-23.475,151.875,"0.32",0,"27.34","0.24",0,2023-02-16,"02","2023",0.32,27.34,"-23.475 151.875"
"18691439","2023-02-16T12:00:00Z",-23.475,151.975,"0.64",0,"27.38","0.3",0,2023-02-16,"02","2023",0.64,27.38,"-23.475 151.975"
"18731905","2023-02-23T12:00:00Z",-20.125,150.275,"0.0",0,"28.22","0.48",0,2023-02-23,"02","2023",0,28.22,"-20.125 150.275"
"18732961","2023-02-23T12:00:00Z",-20.775,150.425,"0.0",0,"28.47","0.66",0,2023-02-23,"02","2023",0,28.47,"-20.775 150.425"
"18732962","2023-02-23T12:00:00Z",-20.775,150.475,"0.15",0,"28.46","0.65",0,2023-02-23,"02","2023",0.15,28.46,"-20.775 150.475"
"18733041","2023-02-23T12:00:00Z",-20.825,150.375,"0.29",0,"28.490000000000002","0.65",0,2023-02-23,"02","2023",0.29,28.49,"-20.825 150.375"
"18733042","2023-02-23T12:00:00Z",-20.825,150.425,"0.29",0,"28.48","0.66",0,2023-02-23,"02","2023",0.29,28.48,"-20.825 150.425"
"18733120","2023-02-23T12:00:00Z",-20.875,150.275,"0.45",0,"28.51","0.64",0,2023-02-23,"02","2023",0.45,28.51,"-20.875 150.275"
"18737121","2023-02-23T12:00:00Z",-23.325,151.875,"0.47000000000000003",0,"27.26","0.31",0,2023-02-23,"02","2023",0.47,27.26,"-23.325 151.875"
"18737363","2023-02-23T12:00:00Z",-23.475,151.825,"0.32",0,"27.18","0.26",0,2023-02-23,"02","2023",0.32,27.18,"-23.475 151.825"
"18737364","2023-02-23T12:00:00Z",-23.475,151.875,"0.32",0,"27.22","0.3",0,2023-02-23,"02","2023",0.32,27.22,"-23.475 151.875"
"18737366","2023-02-23T12:00:00Z",-23.475,151.975,"0.64",0,"27.3","0.4",0,2023-02-23,"02","2023",0.64,27.3,"-23.475 151.975"
"18777832","2023-03-02T12:00:00Z",-20.125,150.275,"0.0",0,"27.98","0.35000000000000003",0,2023-03-02,"03","2023",0,27.98,"-20.125 150.275"
"18778888","2023-03-02T12:00:00Z",-20.775,150.425,"0.0",0,"28.0","0.31",0,2023-03-02,"03","2023",0,28,"-20.775 150.425"
"18778889","2023-03-02T12:00:00Z",-20.775,150.475,"0.15",0,"28.0","0.31",0,2023-03-02,"03","2023",0.15,28,"-20.775 150.475"
"18778968","2023-03-02T12:00:00Z",-20.825,150.375,"0.29",0,"28.01","0.3",0,2023-03-02,"03","2023",0.29,28.01,"-20.825 150.375"
"18778969","2023-03-02T12:00:00Z",-20.825,150.425,"0.29",0,"28.01","0.31",0,2023-03-02,"03","2023",0.29,28.01,"-20.825 150.425"
"18779047","2023-03-02T12:00:00Z",-20.875,150.275,"0.45",0,"28.080000000000002","0.34",0,2023-03-02,"03","2023",0.45,28.08,"-20.875 150.275"
"18783048","2023-03-02T12:00:00Z",-23.325,151.875,"0.47000000000000003",0,"27.150000000000002","0.37",0,2023-03-02,"03","2023",0.47,27.15,"-23.325 151.875"
"18783290","2023-03-02T12:00:00Z",-23.475,151.825,"0.32",0,"27.150000000000002","0.42",0,2023-03-02,"03","2023",0.32,27.15,"-23.475 151.825"
"18783291","2023-03-02T12:00:00Z",-23.475,151.875,"0.32",0,"27.17","0.44",0,2023-03-02,"03","2023",0.32,27.17,"-23.475 151.875"
"18783293","2023-03-02T12:00:00Z",-23.475,151.975,"0.64",0,"27.19","0.47000000000000003",0,2023-03-02,"03","2023",0.64,27.19,"-23.475 151.975"
"18823759","2023-03-09T12:00:00Z",-20.125,150.275,"0.0",0,"28.25","0.72",0,2023-03-09,"03","2023",0,28.25,"-20.125 150.275"
"18824815","2023-03-09T12:00:00Z",-20.775,150.425,"0.0",0,"28.42","0.85",0,2023-03-09,"03","2023",0,28.42,"-20.775 150.425"
"18824816","2023-03-09T12:00:00Z",-20.775,150.475,"0.15",0,"28.400000000000002","0.8300000000000001",0,2023-03-09,"03","2023",0.15,28.4,"-20.775 150.475"
"18824895","2023-03-09T12:00:00Z",-20.825,150.375,"0.29",0,"28.41","0.8200000000000001",0,2023-03-09,"03","2023",0.29,28.41,"-20.825 150.375"
"18824896","2023-03-09T12:00:00Z",-20.825,150.425,"0.29",0,"28.400000000000002","0.8300000000000001",0,2023-03-09,"03","2023",0.29,28.4,"-20.825 150.425"
"18824974","2023-03-09T12:00:00Z",-20.875,150.275,"0.45",0,"28.42","0.81",0,2023-03-09,"03","2023",0.45,28.42,"-20.875 150.275"
"18828975","2023-03-09T12:00:00Z",-23.325,151.875,"0.47000000000000003",0,"27.400000000000002","0.79",0,2023-03-09,"03","2023",0.47,27.4,"-23.325 151.875"
"18829217","2023-03-09T12:00:00Z",-23.475,151.825,"0.32",0,"27.42","0.88",0,2023-03-09,"03","2023",0.32,27.42,"-23.475 151.825"
"18829218","2023-03-09T12:00:00Z",-23.475,151.875,"0.32",0,"27.43","0.89",0,2023-03-09,"03","2023",0.32,27.43,"-23.475 151.875"
"18829220","2023-03-09T12:00:00Z",-23.475,151.975,"0.64",0,"27.43","0.89",0,2023-03-09,"03","2023",0.64,27.43,"-23.475 151.975"
"18869686","2023-03-16T12:00:00Z",-20.125,150.275,"0.0",0,"28.6","1.19",0,2023-03-16,"03","2023",0,28.6,"-20.125 150.275"
"18870742","2023-03-16T12:00:00Z",-20.775,150.425,"0.33",0,"29.12","1.68",0,2023-03-16,"03","2023",0.33,29.12,"-20.775 150.425"
"18870743","2023-03-16T12:00:00Z",-20.775,150.475,"0.47000000000000003",0,"29.1","1.6600000000000001",0,2023-03-16,"03","2023",0.47,29.1,"-20.775 150.475"
"18870822","2023-03-16T12:00:00Z",-20.825,150.375,"0.63",0,"29.18","1.73",0,2023-03-16,"03","2023",0.63,29.18,"-20.825 150.375"
"18870823","2023-03-16T12:00:00Z",-20.825,150.425,"0.63",0,"29.18","1.74",0,2023-03-16,"03","2023",0.63,29.18,"-20.825 150.425"
"18870901","2023-03-16T12:00:00Z",-20.875,150.275,"0.8",0,"29.26","1.79",0,2023-03-16,"03","2023",0.8,29.26,"-20.875 150.275"
"18874902","2023-03-16T12:00:00Z",-23.325,151.875,"0.63",0,"28.27","1.84",0,2023-03-16,"03","2023",0.63,28.27,"-23.325 151.875"
"18875144","2023-03-16T12:00:00Z",-23.475,151.825,"0.47000000000000003",0,"28.23","1.8800000000000001",0,2023-03-16,"03","2023",0.47,28.23,"-23.475 151.825"
"18875145","2023-03-16T12:00:00Z",-23.475,151.875,"0.48",0,"28.21","1.86",0,2023-03-16,"03","2023",0.48,28.21,"-23.475 151.875"
"18875147","2023-03-16T12:00:00Z",-23.475,151.975,"0.8",0,"28.19","1.84",0,2023-03-16,"03","2023",0.8,28.19,"-23.475 151.975"
"18915613","2023-03-23T12:00:00Z",-20.125,150.275,"0.0",0,"28.04","0.8200000000000001",0,2023-03-23,"03","2023",0,28.04,"-20.125 150.275"
"18916669","2023-03-23T12:00:00Z",-20.775,150.425,"0.48",0,"28.330000000000002","1.11",0,2023-03-23,"03","2023",0.48,28.33,"-20.775 150.425"
"18916670","2023-03-23T12:00:00Z",-20.775,150.475,"0.63",0,"28.3","1.08",0,2023-03-23,"03","2023",0.63,28.3,"-20.775 150.475"
"18916749","2023-03-23T12:00:00Z",-20.825,150.375,"0.79",0,"28.38","1.16",0,2023-03-23,"03","2023",0.79,28.38,"-20.825 150.375"
"18916750","2023-03-23T12:00:00Z",-20.825,150.425,"0.79",0,"28.36","1.1500000000000001",0,2023-03-23,"03","2023",0.79,28.36,"-20.825 150.425"
"18916828","2023-03-23T12:00:00Z",-20.875,150.275,"0.96",0,"28.42","1.18",0,2023-03-23,"03","2023",0.96,28.42,"-20.875 150.275"
"18920829","2023-03-23T12:00:00Z",-23.325,151.875,"0.78",0,"27.34","1.1500000000000001",0,2023-03-23,"03","2023",0.78,27.34,"-23.325 151.875"
"18921071","2023-03-23T12:00:00Z",-23.475,151.825,"0.62",0,"27.38","1.27",0,2023-03-23,"03","2023",0.62,27.38,"-23.475 151.825"
"18921072","2023-03-23T12:00:00Z",-23.475,151.875,"0.63",0,"27.37","1.26",0,2023-03-23,"03","2023",0.63,27.37,"-23.475 151.875"
"18921074","2023-03-23T12:00:00Z",-23.475,151.975,"0.9500000000000001",0,"27.37","1.25",0,2023-03-23,"03","2023",0.95,27.37,"-23.475 151.975"
"18961540","2023-03-30T12:00:00Z",-20.125,150.275,"0.0",0,"28.17","1.1400000000000001",0,2023-03-30,"03","2023",0,28.17,"-20.125 150.275"
"18962596","2023-03-30T12:00:00Z",-20.775,150.425,"0.48",0,"28.37","1.37",0,2023-03-30,"03","2023",0.48,28.37,"-20.775 150.425"
"18962597","2023-03-30T12:00:00Z",-20.775,150.475,"0.63",0,"28.36","1.36",0,2023-03-30,"03","2023",0.63,28.36,"-20.775 150.475"
"18962676","2023-03-30T12:00:00Z",-20.825,150.375,"0.79",0,"28.42","1.42",0,2023-03-30,"03","2023",0.79,28.42,"-20.825 150.375"
"18962677","2023-03-30T12:00:00Z",-20.825,150.425,"0.79",0,"28.41","1.42",0,2023-03-30,"03","2023",0.79,28.41,"-20.825 150.425"
"18962755","2023-03-30T12:00:00Z",-20.875,150.275,"0.96",0,"28.51","1.5",0,2023-03-30,"03","2023",0.96,28.51,"-20.875 150.275"
"18966756","2023-03-30T12:00:00Z",-23.325,151.875,"0.78",0,"27.48","1.52",0,2023-03-30,"03","2023",0.78,27.48,"-23.325 151.875"
"18966998","2023-03-30T12:00:00Z",-23.475,151.825,"0.62",0,"27.42","1.55",0,2023-03-30,"03","2023",0.62,27.42,"-23.475 151.825"
"18966999","2023-03-30T12:00:00Z",-23.475,151.875,"0.63",0,"27.38","1.51",0,2023-03-30,"03","2023",0.63,27.38,"-23.475 151.875"
"18967001","2023-03-30T12:00:00Z",-23.475,151.975,"0.9500000000000001",0,"27.3","1.4000000000000001",0,2023-03-30,"03","2023",0.95,27.3,"-23.475 151.975"
"19007467","2023-04-06T12:00:00Z",-20.125,150.275,"0.0",0,"27.85","1.01",0,2023-04-06,"04","2023",0,27.85,"-20.125 150.275"
"19008523","2023-04-06T12:00:00Z",-20.775,150.425,"0.48",0,"28.36","1.59",0,2023-04-06,"04","2023",0.48,28.36,"-20.775 150.425"
"19008524","2023-04-06T12:00:00Z",-20.775,150.475,"0.63",0,"28.35","1.57",0,2023-04-06,"04","2023",0.63,28.35,"-20.775 150.475"
"19008603","2023-04-06T12:00:00Z",-20.825,150.375,"0.79",0,"28.39","1.62",0,2023-04-06,"04","2023",0.79,28.39,"-20.825 150.375"
"19008604","2023-04-06T12:00:00Z",-20.825,150.425,"0.79",0,"28.39","1.62",0,2023-04-06,"04","2023",0.79,28.39,"-20.825 150.425"
"19008682","2023-04-06T12:00:00Z",-20.875,150.275,"0.96",0,"28.42","1.6400000000000001",0,2023-04-06,"04","2023",0.96,28.42,"-20.875 150.275"
"19012683","2023-04-06T12:00:00Z",-23.325,151.875,"0.78",0,"27.46","1.74",0,2023-04-06,"04","2023",0.78,27.46,"-23.325 151.875"
"19012925","2023-04-06T12:00:00Z",-23.475,151.825,"0.62",0,"27.41","1.78",0,2023-04-06,"04","2023",0.62,27.41,"-23.475 151.825"
"19012926","2023-04-06T12:00:00Z",-23.475,151.875,"0.63",0,"27.37","1.74",0,2023-04-06,"04","2023",0.63,27.37,"-23.475 151.875"
"19012928","2023-04-06T12:00:00Z",-23.475,151.975,"0.9500000000000001",0,"27.29","1.61",0,2023-04-06,"04","2023",0.95,27.29,"-23.475 151.975"
"19053394","2023-04-13T12:00:00Z",-20.125,150.275,"0.0",0,"28.04","1.4000000000000001",0,2023-04-13,"04","2023",0,28.04,"-20.125 150.275"
"19054450","2023-04-13T12:00:00Z",-20.775,150.425,"0.48",0,"28.43","1.8800000000000001",0,2023-04-13,"04","2023",0.48,28.43,"-20.775 150.425"
"19054451","2023-04-13T12:00:00Z",-20.775,150.475,"0.63",0,"28.43","1.87",0,2023-04-13,"04","2023",0.63,28.43,"-20.775 150.475"
"19054530","2023-04-13T12:00:00Z",-20.825,150.375,"0.79",0,"28.44","1.9000000000000001",0,2023-04-13,"04","2023",0.79,28.44,"-20.825 150.375"
"19054531","2023-04-13T12:00:00Z",-20.825,150.425,"0.79",0,"28.44","1.9000000000000001",0,2023-04-13,"04","2023",0.79,28.44,"-20.825 150.425"
"19054609","2023-04-13T12:00:00Z",-20.875,150.275,"0.96",0,"28.42","1.86",0,2023-04-13,"04","2023",0.96,28.42,"-20.875 150.275"
"19058610","2023-04-13T12:00:00Z",-23.325,151.875,"0.78",0,"27.330000000000002","1.84",0,2023-04-13,"04","2023",0.78,27.33,"-23.325 151.875"
"19058852","2023-04-13T12:00:00Z",-23.475,151.825,"0.62",0,"27.25","1.86",0,2023-04-13,"04","2023",0.62,27.25,"-23.475 151.825"
"19058853","2023-04-13T12:00:00Z",-23.475,151.875,"0.63",0,"27.21","1.81",0,2023-04-13,"04","2023",0.63,27.21,"-23.475 151.875"
"19058855","2023-04-13T12:00:00Z",-23.475,151.975,"0.9500000000000001",0,"27.11","1.6600000000000001",0,2023-04-13,"04","2023",0.95,27.11,"-23.475 151.975"
"19099321","2023-04-20T12:00:00Z",-20.125,150.275,"0.0",0,"27.46","1.09",0,2023-04-20,"04","2023",0,27.46,"-20.125 150.275"
"19100377","2023-04-20T12:00:00Z",-20.775,150.425,"0.48",0,"27.96","1.71",0,2023-04-20,"04","2023",0.48,27.96,"-20.775 150.425"
"19100378","2023-04-20T12:00:00Z",-20.775,150.475,"0.63",0,"27.91","1.6500000000000001",0,2023-04-20,"04","2023",0.63,27.91,"-20.775 150.475"
"19100457","2023-04-20T12:00:00Z",-20.825,150.375,"0.79",0,"28.01","1.77",0,2023-04-20,"04","2023",0.79,28.01,"-20.825 150.375"
"19100458","2023-04-20T12:00:00Z",-20.825,150.425,"0.79",0,"27.97","1.73",0,2023-04-20,"04","2023",0.79,27.97,"-20.825 150.425"
"19100536","2023-04-20T12:00:00Z",-20.875,150.275,"0.96",0,"28.05","1.8",0,2023-04-20,"04","2023",0.96,28.05,"-20.875 150.275"
"19104537","2023-04-20T12:00:00Z",-23.325,151.875,"0.78",0,"26.76","1.56",0,2023-04-20,"04","2023",0.78,26.76,"-23.325 151.875"
"19104779","2023-04-20T12:00:00Z",-23.475,151.825,"0.62",0,"26.59","1.51",0,2023-04-20,"04","2023",0.62,26.59,"-23.475 151.825"
"19104780","2023-04-20T12:00:00Z",-23.475,151.875,"0.63",0,"26.61","1.51",0,2023-04-20,"04","2023",0.63,26.61,"-23.475 151.875"
"19104782","2023-04-20T12:00:00Z",-23.475,151.975,"0.9500000000000001",0,"26.66","1.49",0,2023-04-20,"04","2023",0.95,26.66,"-23.475 151.975"
"19145248","2023-04-27T12:00:00Z",-20.125,150.275,"0.0",0,"26.990000000000002","0.92",0,2023-04-27,"04","2023",0,26.99,"-20.125 150.275"
"19146304","2023-04-27T12:00:00Z",-20.775,150.425,"0.48",0,"27.02","1.11",0,2023-04-27,"04","2023",0.48,27.02,"-20.775 150.425"
"19146305","2023-04-27T12:00:00Z",-20.775,150.475,"0.63",0,"27.0","1.08",0,2023-04-27,"04","2023",0.63,27,"-20.775 150.475"
"19146384","2023-04-27T12:00:00Z",-20.825,150.375,"0.79",0,"27.02","1.12",0,2023-04-27,"04","2023",0.79,27.02,"-20.825 150.375"
"19146385","2023-04-27T12:00:00Z",-20.825,150.425,"0.79",0,"27.0","1.1",0,2023-04-27,"04","2023",0.79,27,"-20.825 150.425"
"19146463","2023-04-27T12:00:00Z",-20.875,150.275,"0.81",0,"26.97","1.06",0,2023-04-27,"04","2023",0.81,26.97,"-20.875 150.275"
"19150464","2023-04-27T12:00:00Z",-23.325,151.875,"0.78",0,"26.2","1.31",0,2023-04-27,"04","2023",0.78,26.2,"-23.325 151.875"
"19150706","2023-04-27T12:00:00Z",-23.475,151.825,"0.62",0,"25.89","1.1500000000000001",0,2023-04-27,"04","2023",0.62,25.89,"-23.475 151.825"
"19150707","2023-04-27T12:00:00Z",-23.475,151.875,"0.63",0,"25.98","1.21",0,2023-04-27,"04","2023",0.63,25.98,"-23.475 151.875"
"19150709","2023-04-27T12:00:00Z",-23.475,151.975,"0.8",0,"26.150000000000002","1.29",0,2023-04-27,"04","2023",0.8,26.15,"-23.475 151.975"
"19191175","2023-05-04T12:00:00Z",-20.125,150.275,"0.0",0,"26.98","1.21",0,2023-05-04,"05","2023",0,26.98,"-20.125 150.275"
"19192231","2023-05-04T12:00:00Z",-20.775,150.425,"0.48",0,"26.7","1.12",0,2023-05-04,"05","2023",0.48,26.7,"-20.775 150.425"
"19192232","2023-05-04T12:00:00Z",-20.775,150.475,"0.48",0,"26.71","1.12",0,2023-05-04,"05","2023",0.48,26.71,"-20.775 150.475"
"19192311","2023-05-04T12:00:00Z",-20.825,150.375,"0.5",0,"26.7","1.1400000000000001",0,2023-05-04,"05","2023",0.5,26.7,"-20.825 150.375"
"19192312","2023-05-04T12:00:00Z",-20.825,150.425,"0.5",0,"26.7","1.1400000000000001",0,2023-05-04,"05","2023",0.5,26.7,"-20.825 150.425"
"19192390","2023-05-04T12:00:00Z",-20.875,150.275,"0.51",0,"26.72","1.1500000000000001",0,2023-05-04,"05","2023",0.51,26.72,"-20.875 150.275"
"19196391","2023-05-04T12:00:00Z",-23.325,151.875,"0.32",0,"25.86","1.28",0,2023-05-04,"05","2023",0.32,25.86,"-23.325 151.875"
"19196633","2023-05-04T12:00:00Z",-23.475,151.825,"0.31",0,"25.5","1.09",0,2023-05-04,"05","2023",0.31,25.5,"-23.475 151.825"
"19196634","2023-05-04T12:00:00Z",-23.475,151.875,"0.3",0,"25.57","1.12",0,2023-05-04,"05","2023",0.3,25.57,"-23.475 151.875"
"19196636","2023-05-04T12:00:00Z",-23.475,151.975,"0.3",0,"25.75","1.2",0,2023-05-04,"05","2023",0.3,25.75,"-23.475 151.975"
"19237102","2023-05-11T12:00:00Z",-20.125,150.275,"0.0",0,"26.16","0.7000000000000001",0,2023-05-11,"05","2023",0,26.16,"-20.125 150.275"
"19238158","2023-05-11T12:00:00Z",-20.775,150.425,"0.48",0,"25.71","0.47000000000000003",0,2023-05-11,"05","2023",0.48,25.71,"-20.775 150.425"
"19238159","2023-05-11T12:00:00Z",-20.775,150.475,"0.48",0,"25.73","0.48",0,2023-05-11,"05","2023",0.48,25.73,"-20.775 150.475"
"19238238","2023-05-11T12:00:00Z",-20.825,150.375,"0.5",0,"25.66","0.44",0,2023-05-11,"05","2023",0.5,25.66,"-20.825 150.375"
"19238239","2023-05-11T12:00:00Z",-20.825,150.425,"0.5",0,"25.68","0.46",0,2023-05-11,"05","2023",0.5,25.68,"-20.825 150.425"
"19238317","2023-05-11T12:00:00Z",-20.875,150.275,"0.51",0,"25.68","0.46",0,2023-05-11,"05","2023",0.51,25.68,"-20.875 150.275"
"19242318","2023-05-11T12:00:00Z",-23.325,151.875,"0.32",0,"24.93","0.65",0,2023-05-11,"05","2023",0.32,24.93,"-23.325 151.875"
"19242560","2023-05-11T12:00:00Z",-23.475,151.825,"0.31",0,"24.63","0.56",0,2023-05-11,"05","2023",0.31,24.63,"-23.475 151.825"
"19242561","2023-05-11T12:00:00Z",-23.475,151.875,"0.3",0,"24.71","0.58",0,2023-05-11,"05","2023",0.3,24.71,"-23.475 151.875"
"19242563","2023-05-11T12:00:00Z",-23.475,151.975,"0.3",0,"24.82","0.58",0,2023-05-11,"05","2023",0.3,24.82,"-23.475 151.975"
"19283029","2023-05-18T12:00:00Z",-20.125,150.275,"0.0",0,"25.88","0.73",0,2023-05-18,"05","2023",0,25.88,"-20.125 150.275"
"19284085","2023-05-18T12:00:00Z",-20.775,150.425,"0.48",0,"25.44","0.55",0,2023-05-18,"05","2023",0.48,25.44,"-20.775 150.425"
"19284086","2023-05-18T12:00:00Z",-20.775,150.475,"0.48",0,"25.47","0.5700000000000001",0,2023-05-18,"05","2023",0.48,25.47,"-20.775 150.475"
"19284165","2023-05-18T12:00:00Z",-20.825,150.375,"0.5",0,"25.38","0.51",0,2023-05-18,"05","2023",0.5,25.38,"-20.825 150.375"
"19284166","2023-05-18T12:00:00Z",-20.825,150.425,"0.5",0,"25.38","0.51",0,2023-05-18,"05","2023",0.5,25.38,"-20.825 150.425"
"19284244","2023-05-18T12:00:00Z",-20.875,150.275,"0.51",0,"25.37","0.51",0,2023-05-18,"05","2023",0.51,25.37,"-20.875 150.275"
"19288245","2023-05-18T12:00:00Z",-23.325,151.875,"0.32",0,"24.21","0.26",0,2023-05-18,"05","2023",0.32,24.21,"-23.325 151.875"
"19288487","2023-05-18T12:00:00Z",-23.475,151.825,"0.31",0,"23.91","0.19",0,2023-05-18,"05","2023",0.31,23.91,"-23.475 151.825"
"19288488","2023-05-18T12:00:00Z",-23.475,151.875,"0.3",0,"23.990000000000002","0.21",0,2023-05-18,"05","2023",0.3,23.99,"-23.475 151.875"
"19288490","2023-05-18T12:00:00Z",-23.475,151.975,"0.3",0,"24.14","0.23",0,2023-05-18,"05","2023",0.3,24.14,"-23.475 151.975"
"19328956","2023-05-25T12:00:00Z",-20.125,150.275,"0.0",0,"25.240000000000002","0.42",0,2023-05-25,"05","2023",0,25.24,"-20.125 150.275"
"19330012","2023-05-25T12:00:00Z",-20.775,150.425,"0.48",0,"24.84","0.33",0,2023-05-25,"05","2023",0.48,24.84,"-20.775 150.425"
"19330013","2023-05-25T12:00:00Z",-20.775,150.475,"0.48",0,"24.89","0.36",0,2023-05-25,"05","2023",0.48,24.89,"-20.775 150.475"
"19330092","2023-05-25T12:00:00Z",-20.825,150.375,"0.5",0,"24.75","0.27",0,2023-05-25,"05","2023",0.5,24.75,"-20.825 150.375"
"19330093","2023-05-25T12:00:00Z",-20.825,150.425,"0.5",0,"24.82","0.33",0,2023-05-25,"05","2023",0.5,24.82,"-20.825 150.425"
"19330171","2023-05-25T12:00:00Z",-20.875,150.275,"0.51",0,"24.67","0.19",0,2023-05-25,"05","2023",0.51,24.67,"-20.875 150.275"
"19334172","2023-05-25T12:00:00Z",-23.325,151.875,"0.32",0,"23.900000000000002","0.29",0,2023-05-25,"05","2023",0.32,23.9,"-23.325 151.875"
"19334414","2023-05-25T12:00:00Z",-23.475,151.825,"0.31",0,"23.45","0.1",0,2023-05-25,"05","2023",0.31,23.45,"-23.475 151.825"
"19334415","2023-05-25T12:00:00Z",-23.475,151.875,"0.3",0,"23.52","0.1",0,2023-05-25,"05","2023",0.3,23.52,"-23.475 151.875"
"19334417","2023-05-25T12:00:00Z",-23.475,151.975,"0.3",0,"23.650000000000002","0.09",0,2023-05-25,"05","2023",0.3,23.65,"-23.475 151.975"
"19374883","2023-06-01T12:00:00Z",-20.125,150.275,"0.0",0,"24.94","0.45",0,2023-06-01,"06","2023",0,24.94,"-20.125 150.275"
"19375939","2023-06-01T12:00:00Z",-20.775,150.425,"0.48",0,"24.47","0.34",0,2023-06-01,"06","2023",0.48,24.47,"-20.775 150.425"
"19375940","2023-06-01T12:00:00Z",-20.775,150.475,"0.48",0,"24.52","0.36",0,2023-06-01,"06","2023",0.48,24.52,"-20.775 150.475"
"19376019","2023-06-01T12:00:00Z",-20.825,150.375,"0.5",0,"24.39","0.29",0,2023-06-01,"06","2023",0.5,24.39,"-20.825 150.375"
"19376020","2023-06-01T12:00:00Z",-20.825,150.425,"0.5",0,"24.44","0.33",0,2023-06-01,"06","2023",0.5,24.44,"-20.825 150.425"
"19376098","2023-06-01T12:00:00Z",-20.875,150.275,"0.51",0,"24.32","0.23",0,2023-06-01,"06","2023",0.51,24.32,"-20.875 150.275"
"19380099","2023-06-01T12:00:00Z",-23.325,151.875,"0.32",0,"23.46","0.19",0,2023-06-01,"06","2023",0.32,23.46,"-23.325 151.875"
"19380341","2023-06-01T12:00:00Z",-23.475,151.825,"0.31",0,"23.1","0.11",0,2023-06-01,"06","2023",0.31,23.1,"-23.475 151.825"
"19380342","2023-06-01T12:00:00Z",-23.475,151.875,"0.3",0,"23.19","0.13",0,2023-06-01,"06","2023",0.3,23.19,"-23.475 151.875"
"19380344","2023-06-01T12:00:00Z",-23.475,151.975,"0.3",0,"23.39","0.18",0,2023-06-01,"06","2023",0.3,23.39,"-23.475 151.975"
"19420810","2023-06-08T12:00:00Z",-20.125,150.275,"0.0",0,"24.92","0.76",0,2023-06-08,"06","2023",0,24.92,"-20.125 150.275"
"19421866","2023-06-08T12:00:00Z",-20.775,150.425,"0.15",0,"24.41","0.65",0,2023-06-08,"06","2023",0.15,24.41,"-20.775 150.425"
"19421867","2023-06-08T12:00:00Z",-20.775,150.475,"0.15",0,"24.46","0.68",0,2023-06-08,"06","2023",0.15,24.46,"-20.775 150.475"
"19421946","2023-06-08T12:00:00Z",-20.825,150.375,"0.16",0,"24.32","0.6",0,2023-06-08,"06","2023",0.16,24.32,"-20.825 150.375"
"19421947","2023-06-08T12:00:00Z",-20.825,150.425,"0.16",0,"24.37","0.64",0,2023-06-08,"06","2023",0.16,24.37,"-20.825 150.425"
"19422025","2023-06-08T12:00:00Z",-20.875,150.275,"0.17",0,"24.23","0.53",0,2023-06-08,"06","2023",0.17,24.23,"-20.875 150.275"
"19426026","2023-06-08T12:00:00Z",-23.325,151.875,"0.16",0,"23.3","0.38",0,2023-06-08,"06","2023",0.16,23.3,"-23.325 151.875"
"19426268","2023-06-08T12:00:00Z",-23.475,151.825,"0.15",0,"22.990000000000002","0.37",0,2023-06-08,"06","2023",0.15,22.99,"-23.475 151.825"
"19426269","2023-06-08T12:00:00Z",-23.475,151.875,"0.15",0,"23.04","0.35000000000000003",0,2023-06-08,"06","2023",0.15,23.04,"-23.475 151.875"
"19426271","2023-06-08T12:00:00Z",-23.475,151.975,"0.15",0,"23.2","0.34",0,2023-06-08,"06","2023",0.15,23.2,"-23.475 151.975"
"19466737","2023-06-15T12:00:00Z",-20.125,150.275,"0.0",0,"25.080000000000002","1.25",0,2023-06-15,"06","2023",0,25.08,"-20.125 150.275"
"19467793","2023-06-15T12:00:00Z",-20.775,150.425,"0.0",0,"24.46","1.08",0,2023-06-15,"06","2023",0,24.46,"-20.775 150.425"
"19467794","2023-06-15T12:00:00Z",-20.775,150.475,"0.0",0,"24.490000000000002","1.08",0,2023-06-15,"06","2023",0,24.49,"-20.775 150.475"
"19467873","2023-06-15T12:00:00Z",-20.825,150.375,"0.0",0,"24.400000000000002","1.06",0,2023-06-15,"06","2023",0,24.4,"-20.825 150.375"
"19467874","2023-06-15T12:00:00Z",-20.825,150.425,"0.0",0,"24.400000000000002","1.05",0,2023-06-15,"06","2023",0,24.4,"-20.825 150.425"
"19467952","2023-06-15T12:00:00Z",-20.875,150.275,"0.0",0,"24.330000000000002","1.02",0,2023-06-15,"06","2023",0,24.33,"-20.875 150.275"
"19471953","2023-06-15T12:00:00Z",-23.325,151.875,"0.0",0,"23.12","0.54",0,2023-06-15,"06","2023",0,23.12,"-23.325 151.875"
"19472195","2023-06-15T12:00:00Z",-23.475,151.825,"0.0",0,"22.830000000000002","0.58",0,2023-06-15,"06","2023",0,22.83,"-23.475 151.825"
"19472196","2023-06-15T12:00:00Z",-23.475,151.875,"0.0",0,"22.89","0.56",0,2023-06-15,"06","2023",0,22.89,"-23.475 151.875"
"19472198","2023-06-15T12:00:00Z",-23.475,151.975,"0.0",0,"23.04","0.53",0,2023-06-15,"06","2023",0,23.04,"-23.475 151.975"
"19512664","2023-06-22T12:00:00Z",-20.125,150.275,"0.0",0,"24.61","1.0",0,2023-06-22,"06","2023",0,24.61,"-20.125 150.275"
"19513720","2023-06-22T12:00:00Z",-20.775,150.425,"0.0",0,"24.080000000000002","0.93",0,2023-06-22,"06","2023",0,24.08,"-20.775 150.425"
"19513721","2023-06-22T12:00:00Z",-20.775,150.475,"0.0",0,"24.12","0.9400000000000001",0,2023-06-22,"06","2023",0,24.12,"-20.775 150.475"
"19513800","2023-06-22T12:00:00Z",-20.825,150.375,"0.0",0,"24.01","0.91",0,2023-06-22,"06","2023",0,24.01,"-20.825 150.375"
"19513801","2023-06-22T12:00:00Z",-20.825,150.425,"0.0",0,"24.03","0.92",0,2023-06-22,"06","2023",0,24.03,"-20.825 150.425"
"19513879","2023-06-22T12:00:00Z",-20.875,150.275,"0.0",0,"23.96","0.9",0,2023-06-22,"06","2023",0,23.96,"-20.875 150.275"
"19517880","2023-06-22T12:00:00Z",-23.325,151.875,"0.0",0,"23.02","0.6900000000000001",0,2023-06-22,"06","2023",0,23.02,"-23.325 151.875"
"19518122","2023-06-22T12:00:00Z",-23.475,151.825,"0.0",0,"22.76","0.77",0,2023-06-22,"06","2023",0,22.76,"-23.475 151.825"
"19518123","2023-06-22T12:00:00Z",-23.475,151.875,"0.0",0,"22.85","0.78",0,2023-06-22,"06","2023",0,22.85,"-23.475 151.875"
"19518125","2023-06-22T12:00:00Z",-23.475,151.975,"0.0",0,"23.02","0.77",0,2023-06-22,"06","2023",0,23.02,"-23.475 151.975"
"19558591","2023-06-29T12:00:00Z",-20.125,150.275,"0.0",0,"24.95","1.55",0,2023-06-29,"06","2023",0,24.95,"-20.125 150.275"
"19559647","2023-06-29T12:00:00Z",-20.775,150.425,"0.0",0,"24.310000000000002","1.4000000000000001",0,2023-06-29,"06","2023",0,24.31,"-20.775 150.425"
"19559648","2023-06-29T12:00:00Z",-20.775,150.475,"0.0",0,"24.32","1.37",0,2023-06-29,"06","2023",0,24.32,"-20.775 150.475"
"19559727","2023-06-29T12:00:00Z",-20.825,150.375,"0.0",0,"24.27","1.41",0,2023-06-29,"06","2023",0,24.27,"-20.825 150.375"
"19559728","2023-06-29T12:00:00Z",-20.825,150.425,"0.0",0,"24.26","1.3800000000000001",0,2023-06-29,"06","2023",0,24.26,"-20.825 150.425"
"19559806","2023-06-29T12:00:00Z",-20.875,150.275,"0.0",0,"24.310000000000002","1.5",0,2023-06-29,"06","2023",0,24.31,"-20.875 150.275"
"19563807","2023-06-29T12:00:00Z",-23.325,151.875,"0.0",0,"22.77","0.6900000000000001",0,2023-06-29,"06","2023",0,22.77,"-23.325 151.875"
"19564049","2023-06-29T12:00:00Z",-23.475,151.825,"0.0",0,"22.63","0.91",0,2023-06-29,"06","2023",0,22.63,"-23.475 151.825"
"19564050","2023-06-29T12:00:00Z",-23.475,151.875,"0.0",0,"22.7","0.9",0,2023-06-29,"06","2023",0,22.7,"-23.475 151.875"
"19564052","2023-06-29T12:00:00Z",-23.475,151.975,"0.0",0,"22.85","0.87",0,2023-06-29,"06","2023",0,22.85,"-23.475 151.975"
"19604518","2023-07-06T12:00:00Z",-20.125,150.275,"0.0",0,"25.04","1.86",0,2023-07-06,"07","2023",0,25.04,"-20.125 150.275"
"19605574","2023-07-06T12:00:00Z",-20.775,150.425,"0.0",0,"24.330000000000002","1.6500000000000001",0,2023-07-06,"07","2023",0,24.33,"-20.775 150.425"
"19605575","2023-07-06T12:00:00Z",-20.775,150.475,"0.0",0,"24.37","1.6500000000000001",0,2023-07-06,"07","2023",0,24.37,"-20.775 150.475"
"19605654","2023-07-06T12:00:00Z",-20.825,150.375,"0.0",0,"24.26","1.6400000000000001",0,2023-07-06,"07","2023",0,24.26,"-20.825 150.375"
"19605655","2023-07-06T12:00:00Z",-20.825,150.425,"0.0",0,"24.27","1.6300000000000001",0,2023-07-06,"07","2023",0,24.27,"-20.825 150.425"
"19605733","2023-07-06T12:00:00Z",-20.875,150.275,"0.0",0,"24.27","1.71",0,2023-07-06,"07","2023",0,24.27,"-20.875 150.275"
"19609734","2023-07-06T12:00:00Z",-23.325,151.875,"0.0",0,"22.92","1.09",0,2023-07-06,"07","2023",0,22.92,"-23.325 151.875"
"19609976","2023-07-06T12:00:00Z",-23.475,151.825,"0.0",0,"22.75","1.29",0,2023-07-06,"07","2023",0,22.75,"-23.475 151.825"
"19609977","2023-07-06T12:00:00Z",-23.475,151.875,"0.0",0,"22.85","1.31",0,2023-07-06,"07","2023",0,22.85,"-23.475 151.875"
"19609979","2023-07-06T12:00:00Z",-23.475,151.975,"0.0",0,"23.06","1.34",0,2023-07-06,"07","2023",0,23.06,"-23.475 151.975"
"19650445","2023-07-13T12:00:00Z",-20.125,150.275,"0.0",0,"24.37","1.41",0,2023-07-13,"07","2023",0,24.37,"-20.125 150.275"
"19651501","2023-07-13T12:00:00Z",-20.775,150.425,"0.0",0,"23.71","1.26",0,2023-07-13,"07","2023",0,23.71,"-20.775 150.425"
"19651502","2023-07-13T12:00:00Z",-20.775,150.475,"0.0",0,"23.77","1.28",0,2023-07-13,"07","2023",0,23.77,"-20.775 150.475"
"19651581","2023-07-13T12:00:00Z",-20.825,150.375,"0.0",0,"23.62","1.24",0,2023-07-13,"07","2023",0,23.62,"-20.825 150.375"
"19651582","2023-07-13T12:00:00Z",-20.825,150.425,"0.0",0,"23.66","1.25",0,2023-07-13,"07","2023",0,23.66,"-20.825 150.425"
"19651660","2023-07-13T12:00:00Z",-20.875,150.275,"0.0",0,"23.62","1.31",0,2023-07-13,"07","2023",0,23.62,"-20.875 150.275"
"19655661","2023-07-13T12:00:00Z",-23.325,151.875,"0.0",0,"22.32","0.74",0,2023-07-13,"07","2023",0,22.32,"-23.325 151.875"
"19655903","2023-07-13T12:00:00Z",-23.475,151.825,"0.0",0,"22.18","0.98",0,2023-07-13,"07","2023",0,22.18,"-23.475 151.825"
"19655904","2023-07-13T12:00:00Z",-23.475,151.875,"0.0",0,"22.240000000000002","0.96",0,2023-07-13,"07","2023",0,22.24,"-23.475 151.875"
"19655906","2023-07-13T12:00:00Z",-23.475,151.975,"0.0",0,"22.34","0.88",0,2023-07-13,"07","2023",0,22.34,"-23.475 151.975"
"19696372","2023-07-20T12:00:00Z",-20.125,150.275,"0.0",0,"24.05","1.19",0,2023-07-20,"07","2023",0,24.05,"-20.125 150.275"
"19697428","2023-07-20T12:00:00Z",-20.775,150.425,"0.0",0,"23.64","1.32",0,2023-07-20,"07","2023",0,23.64,"-20.775 150.425"
"19697429","2023-07-20T12:00:00Z",-20.775,150.475,"0.0",0,"23.7","1.34",0,2023-07-20,"07","2023",0,23.7,"-20.775 150.475"
"19697508","2023-07-20T12:00:00Z",-20.825,150.375,"0.0",0,"23.53","1.27",0,2023-07-20,"07","2023",0,23.53,"-20.825 150.375"
"19697509","2023-07-20T12:00:00Z",-20.825,150.425,"0.0",0,"23.59","1.31",0,2023-07-20,"07","2023",0,23.59,"-20.825 150.425"
"19697587","2023-07-20T12:00:00Z",-20.875,150.275,"0.0",0,"23.42","1.23",0,2023-07-20,"07","2023",0,23.42,"-20.875 150.275"
"19701588","2023-07-20T12:00:00Z",-23.325,151.875,"0.0",0,"22.3","0.85",0,2023-07-20,"07","2023",0,22.3,"-23.325 151.875"
"19701830","2023-07-20T12:00:00Z",-23.475,151.825,"0.0",0,"22.05","0.98",0,2023-07-20,"07","2023",0,22.05,"-23.475 151.825"
"19701831","2023-07-20T12:00:00Z",-23.475,151.875,"0.0",0,"22.12","0.98",0,2023-07-20,"07","2023",0,22.12,"-23.475 151.875"
"19701833","2023-07-20T12:00:00Z",-23.475,151.975,"0.0",0,"22.36","1.04",0,2023-07-20,"07","2023",0,22.36,"-23.475 151.975"
"19742299","2023-07-27T12:00:00Z",-20.125,150.275,"0.0",0,"23.86","1.06",0,2023-07-27,"07","2023",0,23.86,"-20.125 150.275"
"19743355","2023-07-27T12:00:00Z",-20.775,150.425,"0.0",0,"23.3","1.06",0,2023-07-27,"07","2023",0,23.3,"-20.775 150.425"
"19743356","2023-07-27T12:00:00Z",-20.775,150.475,"0.0",0,"23.37","1.09",0,2023-07-27,"07","2023",0,23.37,"-20.775 150.475"
"19743435","2023-07-27T12:00:00Z",-20.825,150.375,"0.0",0,"23.19","1.01",0,2023-07-27,"07","2023",0,23.19,"-20.825 150.375"
"19743436","2023-07-27T12:00:00Z",-20.825,150.425,"0.0",0,"23.27","1.07",0,2023-07-27,"07","2023",0,23.27,"-20.825 150.425"
"19743514","2023-07-27T12:00:00Z",-20.875,150.275,"0.0",0,"23.04","0.92",0,2023-07-27,"07","2023",0,23.04,"-20.875 150.275"
"19747515","2023-07-27T12:00:00Z",-23.325,151.875,"0.0",0,"21.88","0.52",0,2023-07-27,"07","2023",0,21.88,"-23.325 151.875"
"19747757","2023-07-27T12:00:00Z",-23.475,151.825,"0.0",0,"21.37","0.38",0,2023-07-27,"07","2023",0,21.37,"-23.475 151.825"
"19747758","2023-07-27T12:00:00Z",-23.475,151.875,"0.0",0,"21.400000000000002","0.34",0,2023-07-27,"07","2023",0,21.4,"-23.475 151.875"
"19747760","2023-07-27T12:00:00Z",-23.475,151.975,"0.0",0,"21.57","0.33",0,2023-07-27,"07","2023",0,21.57,"-23.475 151.975"
"19788226","2023-08-03T12:00:00Z",-20.125,150.275,"0.0",0,"23.87","1.12",0,2023-08-03,"08","2023",0,23.87,"-20.125 150.275"
"19789282","2023-08-03T12:00:00Z",-20.775,150.425,"0.0",0,"23.1","0.93",0,2023-08-03,"08","2023",0,23.1,"-20.775 150.425"
"19789283","2023-08-03T12:00:00Z",-20.775,150.475,"0.0",0,"23.19","0.98",0,2023-08-03,"08","2023",0,23.19,"-20.775 150.475"
"19789362","2023-08-03T12:00:00Z",-20.825,150.375,"0.0",0,"22.97","0.87",0,2023-08-03,"08","2023",0,22.97,"-20.825 150.375"
"19789363","2023-08-03T12:00:00Z",-20.825,150.425,"0.0",0,"23.05","0.92",0,2023-08-03,"08","2023",0,23.05,"-20.825 150.425"
"19789441","2023-08-03T12:00:00Z",-20.875,150.275,"0.0",0,"22.85","0.81",0,2023-08-03,"08","2023",0,22.85,"-20.875 150.275"
"19793442","2023-08-03T12:00:00Z",-23.325,151.875,"0.0",0,"22.22","0.96",0,2023-08-03,"08","2023",0,22.22,"-23.325 151.875"
"19793684","2023-08-03T12:00:00Z",-23.475,151.825,"0.0",0,"21.8","0.89",0,2023-08-03,"08","2023",0,21.8,"-23.475 151.825"
"19793685","2023-08-03T12:00:00Z",-23.475,151.875,"0.0",0,"21.94","0.96",0,2023-08-03,"08","2023",0,21.94,"-23.475 151.875"
"19793687","2023-08-03T12:00:00Z",-23.475,151.975,"0.0",0,"22.26","1.11",0,2023-08-03,"08","2023",0,22.26,"-23.475 151.975"
"19834153","2023-08-10T12:00:00Z",-20.125,150.275,"0.0",0,"23.56","0.87",0,2023-08-10,"08","2023",0,23.56,"-20.125 150.275"
"19835209","2023-08-10T12:00:00Z",-20.775,150.425,"0.0",0,"22.92","0.8300000000000001",0,2023-08-10,"08","2023",0,22.92,"-20.775 150.425"
"19835210","2023-08-10T12:00:00Z",-20.775,150.475,"0.0",0,"22.98","0.85",0,2023-08-10,"08","2023",0,22.98,"-20.775 150.475"
"19835289","2023-08-10T12:00:00Z",-20.825,150.375,"0.0",0,"22.81","0.79",0,2023-08-10,"08","2023",0,22.81,"-20.825 150.375"
"19835290","2023-08-10T12:00:00Z",-20.825,150.425,"0.0",0,"22.88","0.8300000000000001",0,2023-08-10,"08","2023",0,22.88,"-20.825 150.425"
"19835368","2023-08-10T12:00:00Z",-20.875,150.275,"0.0",0,"22.64","0.67",0,2023-08-10,"08","2023",0,22.64,"-20.875 150.275"
"19839369","2023-08-10T12:00:00Z",-23.325,151.875,"0.0",0,"22.39","1.22",0,2023-08-10,"08","2023",0,22.39,"-23.325 151.875"
"19839611","2023-08-10T12:00:00Z",-23.475,151.825,"0.0",0,"22.02","1.19",0,2023-08-10,"08","2023",0,22.02,"-23.475 151.825"
"19839612","2023-08-10T12:00:00Z",-23.475,151.875,"0.0",0,"22.1","1.2",0,2023-08-10,"08","2023",0,22.1,"-23.475 151.875"
"19839614","2023-08-10T12:00:00Z",-23.475,151.975,"0.0",0,"22.28","1.21",0,2023-08-10,"08","2023",0,22.28,"-23.475 151.975"
"19880080","2023-08-17T12:00:00Z",-20.125,150.275,"0.0",0,"24.09","1.4000000000000001",0,2023-08-17,"08","2023",0,24.09,"-20.125 150.275"
"19881136","2023-08-17T12:00:00Z",-20.775,150.425,"0.0",0,"23.240000000000002","1.16",0,2023-08-17,"08","2023",0,23.24,"-20.775 150.425"
"19881137","2023-08-17T12:00:00Z",-20.775,150.475,"0.0",0,"23.25","1.1400000000000001",0,2023-08-17,"08","2023",0,23.25,"-20.775 150.475"
"19881216","2023-08-17T12:00:00Z",-20.825,150.375,"0.0",0,"23.17","1.1500000000000001",0,2023-08-17,"08","2023",0,23.17,"-20.825 150.375"
"19881217","2023-08-17T12:00:00Z",-20.825,150.425,"0.0",0,"23.150000000000002","1.11",0,2023-08-17,"08","2023",0,23.15,"-20.825 150.425"
"19881295","2023-08-17T12:00:00Z",-20.875,150.275,"0.0",0,"23.11","1.1400000000000001",0,2023-08-17,"08","2023",0,23.11,"-20.875 150.275"
"19885296","2023-08-17T12:00:00Z",-23.325,151.875,"0.0",0,"22.29","1.1500000000000001",0,2023-08-17,"08","2023",0,22.29,"-23.325 151.875"
"19885538","2023-08-17T12:00:00Z",-23.475,151.825,"0.0",0,"22.150000000000002","1.33",0,2023-08-17,"08","2023",0,22.15,"-23.475 151.825"
"19885539","2023-08-17T12:00:00Z",-23.475,151.875,"0.0",0,"22.18","1.31",0,2023-08-17,"08","2023",0,22.18,"-23.475 151.875"
"19885541","2023-08-17T12:00:00Z",-23.475,151.975,"0.0",0,"22.22","1.18",0,2023-08-17,"08","2023",0,22.22,"-23.475 151.975"
"19926007","2023-08-24T12:00:00Z",-20.125,150.275,"0.0",0,"23.66","0.85",0,2023-08-24,"08","2023",0,23.66,"-20.125 150.275"
"19927063","2023-08-24T12:00:00Z",-20.775,150.425,"0.0",0,"23.080000000000002","0.85",0,2023-08-24,"08","2023",0,23.08,"-20.775 150.425"
"19927064","2023-08-24T12:00:00Z",-20.775,150.475,"0.0",0,"23.13","0.87",0,2023-08-24,"08","2023",0,23.13,"-20.775 150.475"
"19927143","2023-08-24T12:00:00Z",-20.825,150.375,"0.0",0,"22.990000000000002","0.81",0,2023-08-24,"08","2023",0,22.99,"-20.825 150.375"
"19927144","2023-08-24T12:00:00Z",-20.825,150.425,"0.0",0,"22.990000000000002","0.79",0,2023-08-24,"08","2023",0,22.99,"-20.825 150.425"
"19927222","2023-08-24T12:00:00Z",-20.875,150.275,"0.0",0,"22.94","0.79",0,2023-08-24,"08","2023",0,22.94,"-20.875 150.275"
"19931223","2023-08-24T12:00:00Z",-23.325,151.875,"0.0",0,"22.400000000000002","1.17",0,2023-08-24,"08","2023",0,22.4,"-23.325 151.875"
"19931465","2023-08-24T12:00:00Z",-23.475,151.825,"0.0",0,"22.2","1.25",0,2023-08-24,"08","2023",0,22.2,"-23.475 151.825"
"19931466","2023-08-24T12:00:00Z",-23.475,151.875,"0.0",0,"22.29","1.3",0,2023-08-24,"08","2023",0,22.29,"-23.475 151.875"
"19931468","2023-08-24T12:00:00Z",-23.475,151.975,"0.0",0,"22.53","1.4000000000000001",0,2023-08-24,"08","2023",0,22.53,"-23.475 151.975"
"19971934","2023-08-31T12:00:00Z",-20.125,150.275,"0.0",0,"23.85","0.91",0,2023-08-31,"08","2023",0,23.85,"-20.125 150.275"
"19972990","2023-08-31T12:00:00Z",-20.775,150.425,"0.0",0,"23.1","0.71",0,2023-08-31,"08","2023",0,23.1,"-20.775 150.425"
"19972991","2023-08-31T12:00:00Z",-20.775,150.475,"0.0",0,"23.150000000000002","0.73",0,2023-08-31,"08","2023",0,23.15,"-20.775 150.475"
"19973070","2023-08-31T12:00:00Z",-20.825,150.375,"0.0",0,"23.04","0.6900000000000001",0,2023-08-31,"08","2023",0,23.04,"-20.825 150.375"
"19973071","2023-08-31T12:00:00Z",-20.825,150.425,"0.0",0,"23.07","0.71",0,2023-08-31,"08","2023",0,23.07,"-20.825 150.425"
"19973149","2023-08-31T12:00:00Z",-20.875,150.275,"0.0",0,"23.03","0.7000000000000001",0,2023-08-31,"08","2023",0,23.03,"-20.875 150.275"
"19977150","2023-08-31T12:00:00Z",-23.325,151.875,"0.0",0,"22.62","1.29",0,2023-08-31,"08","2023",0,22.62,"-23.325 151.875"
"19977392","2023-08-31T12:00:00Z",-23.475,151.825,"0.0",0,"22.37","1.3",0,2023-08-31,"08","2023",0,22.37,"-23.475 151.825"
"19977393","2023-08-31T12:00:00Z",-23.475,151.875,"0.0",0,"22.42","1.31",0,2023-08-31,"08","2023",0,22.42,"-23.475 151.875"
"19977395","2023-08-31T12:00:00Z",-23.475,151.975,"0.0",0,"22.5","1.27",0,2023-08-31,"08","2023",0,22.5,"-23.475 151.975"
"20017861","2023-09-07T12:00:00Z",-20.125,150.275,"0.0",0,"24.1","1.03",0,2023-09-07,"09","2023",0,24.1,"-20.125 150.275"
"20018917","2023-09-07T12:00:00Z",-20.775,150.425,"0.0",0,"23.62","1.07",0,2023-09-07,"09","2023",0,23.62,"-20.775 150.425"
"20018918","2023-09-07T12:00:00Z",-20.775,150.475,"0.0",0,"23.650000000000002","1.08",0,2023-09-07,"09","2023",0,23.65,"-20.775 150.475"
"20018997","2023-09-07T12:00:00Z",-20.825,150.375,"0.0",0,"23.52","1.0",0,2023-09-07,"09","2023",0,23.52,"-20.825 150.375"
"20018998","2023-09-07T12:00:00Z",-20.825,150.425,"0.0",0,"23.54","1.02",0,2023-09-07,"09","2023",0,23.54,"-20.825 150.425"
"20019076","2023-09-07T12:00:00Z",-20.875,150.275,"0.0",0,"23.46","0.9500000000000001",0,2023-09-07,"09","2023",0,23.46,"-20.875 150.275"
"20023077","2023-09-07T12:00:00Z",-23.325,151.875,"0.0",0,"22.84","1.42",0,2023-09-07,"09","2023",0,22.84,"-23.325 151.875"
"20023319","2023-09-07T12:00:00Z",-23.475,151.825,"0.0",0,"22.76","1.56",0,2023-09-07,"09","2023",0,22.76,"-23.475 151.825"
"20023320","2023-09-07T12:00:00Z",-23.475,151.875,"0.0",0,"22.76","1.53",0,2023-09-07,"09","2023",0,22.76,"-23.475 151.875"
"20023322","2023-09-07T12:00:00Z",-23.475,151.975,"0.0",0,"22.79","1.47",0,2023-09-07,"09","2023",0,22.79,"-23.475 151.975"
"20063788","2023-09-14T12:00:00Z",-20.125,150.275,"0.0",0,"23.89","0.7000000000000001",0,2023-09-14,"09","2023",0,23.89,"-20.125 150.275"
"20064844","2023-09-14T12:00:00Z",-20.775,150.425,"0.0",0,"23.37","0.66",0,2023-09-14,"09","2023",0,23.37,"-20.775 150.425"
"20064845","2023-09-14T12:00:00Z",-20.775,150.475,"0.0",0,"23.42","0.7000000000000001",0,2023-09-14,"09","2023",0,23.42,"-20.775 150.475"
"20064924","2023-09-14T12:00:00Z",-20.825,150.375,"0.0",0,"23.31","0.62",0,2023-09-14,"09","2023",0,23.31,"-20.825 150.375"
"20064925","2023-09-14T12:00:00Z",-20.825,150.425,"0.0",0,"23.36","0.68",0,2023-09-14,"09","2023",0,23.36,"-20.825 150.425"
"20065003","2023-09-14T12:00:00Z",-20.875,150.275,"0.0",0,"23.21","0.52",0,2023-09-14,"09","2023",0,23.21,"-20.875 150.275"
"20069004","2023-09-14T12:00:00Z",-23.325,151.875,"0.0",0,"22.53","1.01",0,2023-09-14,"09","2023",0,22.53,"-23.325 151.875"
"20069246","2023-09-14T12:00:00Z",-23.475,151.825,"0.0",0,"22.21","0.88",0,2023-09-14,"09","2023",0,22.21,"-23.475 151.825"
"20069247","2023-09-14T12:00:00Z",-23.475,151.875,"0.0",0,"22.240000000000002","0.89",0,2023-09-14,"09","2023",0,22.24,"-23.475 151.875"
"20069249","2023-09-14T12:00:00Z",-23.475,151.975,"0.0",0,"22.37","0.9500000000000001",0,2023-09-14,"09","2023",0,22.37,"-23.475 151.975"
"20109715","2023-09-21T12:00:00Z",-20.125,150.275,"0.0",0,"24.22","0.76",0,2023-09-21,"09","2023",0,24.22,"-20.125 150.275"
"20110771","2023-09-21T12:00:00Z",-20.775,150.425,"0.0",0,"23.63","0.59",0,2023-09-21,"09","2023",0,23.63,"-20.775 150.425"
"20110772","2023-09-21T12:00:00Z",-20.775,150.475,"0.0",0,"23.67","0.62",0,2023-09-21,"09","2023",0,23.67,"-20.775 150.475"
"20110851","2023-09-21T12:00:00Z",-20.825,150.375,"0.0",0,"23.59","0.56",0,2023-09-21,"09","2023",0,23.59,"-20.825 150.375"
"20110852","2023-09-21T12:00:00Z",-20.825,150.425,"0.0",0,"23.6","0.58",0,2023-09-21,"09","2023",0,23.6,"-20.825 150.425"
"20110930","2023-09-21T12:00:00Z",-20.875,150.275,"0.0",0,"23.54","0.5",0,2023-09-21,"09","2023",0,23.54,"-20.875 150.275"
"20114931","2023-09-21T12:00:00Z",-23.325,151.875,"0.0",0,"22.89","1.1",0,2023-09-21,"09","2023",0,22.89,"-23.325 151.875"
"20115173","2023-09-21T12:00:00Z",-23.475,151.825,"0.0",0,"22.740000000000002","1.1",0,2023-09-21,"09","2023",0,22.74,"-23.475 151.825"
"20115174","2023-09-21T12:00:00Z",-23.475,151.875,"0.0",0,"22.81","1.1500000000000001",0,2023-09-21,"09","2023",0,22.81,"-23.475 151.875"
"20115176","2023-09-21T12:00:00Z",-23.475,151.975,"0.0",0,"22.93","1.22",0,2023-09-21,"09","2023",0,22.93,"-23.475 151.975"
"20155642","2023-09-28T12:00:00Z",-20.125,150.275,"0.0",0,"24.18","0.42",0,2023-09-28,"09","2023",0,24.18,"-20.125 150.275"
"20156698","2023-09-28T12:00:00Z",-20.775,150.425,"0.0",0,"23.580000000000002","0.17",0,2023-09-28,"09","2023",0,23.58,"-20.775 150.425"
"20156699","2023-09-28T12:00:00Z",-20.775,150.475,"0.0",0,"23.64","0.23",0,2023-09-28,"09","2023",0,23.64,"-20.775 150.475"
"20156778","2023-09-28T12:00:00Z",-20.825,150.375,"0.0",0,"23.51","0.11",0,2023-09-28,"09","2023",0,23.51,"-20.825 150.375"
"20156779","2023-09-28T12:00:00Z",-20.825,150.425,"0.0",0,"23.54","0.15",0,2023-09-28,"09","2023",0,23.54,"-20.825 150.425"
"20156857","2023-09-28T12:00:00Z",-20.875,150.275,"0.0",0,"23.44","0.02",0,2023-09-28,"09","2023",0,23.44,"-20.875 150.275"
"20160858","2023-09-28T12:00:00Z",-23.325,151.875,"0.0",0,"23.09","1.0",0,2023-09-28,"09","2023",0,23.09,"-23.325 151.875"
"20161100","2023-09-28T12:00:00Z",-23.475,151.825,"0.0",0,"22.73","0.75",0,2023-09-28,"09","2023",0,22.73,"-23.475 151.825"
"20161101","2023-09-28T12:00:00Z",-23.475,151.875,"0.0",0,"22.79","0.8",0,2023-09-28,"09","2023",0,22.79,"-23.475 151.875"
"20161103","2023-09-28T12:00:00Z",-23.475,151.975,"0.0",0,"22.89","0.86",0,2023-09-28,"09","2023",0,22.89,"-23.475 151.975"
"20201569","2023-10-05T12:00:00Z",-20.125,150.275,"0.0",0,"24.63","0.58",0,2023-10-05,"10","2023",0,24.63,"-20.125 150.275"
"20202625","2023-10-05T12:00:00Z",-20.775,150.425,"0.0",0,"24.19","0.42",0,2023-10-05,"10","2023",0,24.19,"-20.775 150.425"
"20202626","2023-10-05T12:00:00Z",-20.775,150.475,"0.0",0,"24.240000000000002","0.47000000000000003",0,2023-10-05,"10","2023",0,24.24,"-20.775 150.475"
"20202705","2023-10-05T12:00:00Z",-20.825,150.375,"0.0",0,"24.13","0.36",0,2023-10-05,"10","2023",0,24.13,"-20.825 150.375"
"20202706","2023-10-05T12:00:00Z",-20.825,150.425,"0.0",0,"24.150000000000002","0.39",0,2023-10-05,"10","2023",0,24.15,"-20.825 150.425"
"20202784","2023-10-05T12:00:00Z",-20.875,150.275,"0.0",0,"24.09","0.3",0,2023-10-05,"10","2023",0,24.09,"-20.875 150.275"
"20206785","2023-10-05T12:00:00Z",-23.325,151.875,"0.0",0,"23.46","1.07",0,2023-10-05,"10","2023",0,23.46,"-23.325 151.875"
"20207027","2023-10-05T12:00:00Z",-23.475,151.825,"0.0",0,"23.37","1.05",0,2023-10-05,"10","2023",0,23.37,"-23.475 151.825"
"20207028","2023-10-05T12:00:00Z",-23.475,151.875,"0.0",0,"23.400000000000002","1.07",0,2023-10-05,"10","2023",0,23.4,"-23.475 151.875"
"20207030","2023-10-05T12:00:00Z",-23.475,151.975,"0.0",0,"23.42","1.07",0,2023-10-05,"10","2023",0,23.42,"-23.475 151.975"
"20247496","2023-10-12T12:00:00Z",-20.125,150.275,"0.0",0,"24.55","0.21",0,2023-10-12,"10","2023",0,24.55,"-20.125 150.275"
"20248552","2023-10-12T12:00:00Z",-20.775,150.425,"0.0",0,"24.060000000000002","-0.07",0,2023-10-12,"10","2023",0,24.06,"-20.775 150.425"
"20248553","2023-10-12T12:00:00Z",-20.775,150.475,"0.0",0,"24.1","-0.03",0,2023-10-12,"10","2023",0,24.1,"-20.775 150.475"
"20248632","2023-10-12T12:00:00Z",-20.825,150.375,"0.0",0,"23.98","-0.16",0,2023-10-12,"10","2023",0,23.98,"-20.825 150.375"
"20248633","2023-10-12T12:00:00Z",-20.825,150.425,"0.0",0,"24.0","-0.13",0,2023-10-12,"10","2023",0,24,"-20.825 150.425"
"20248711","2023-10-12T12:00:00Z",-20.875,150.275,"0.0",0,"23.94","-0.23",0,2023-10-12,"10","2023",0,23.94,"-20.875 150.275"
"20252712","2023-10-12T12:00:00Z",-23.325,151.875,"0.0",0,"23.0","0.31",0,2023-10-12,"10","2023",0,23,"-23.325 151.875"
"20252954","2023-10-12T12:00:00Z",-23.475,151.825,"0.0",0,"22.89","0.23",0,2023-10-12,"10","2023",0,22.89,"-23.475 151.825"
"20252955","2023-10-12T12:00:00Z",-23.475,151.875,"0.0",0,"22.900000000000002","0.23",0,2023-10-12,"10","2023",0,22.9,"-23.475 151.875"
"20252957","2023-10-12T12:00:00Z",-23.475,151.975,"0.0",0,"22.92","0.25",0,2023-10-12,"10","2023",0,22.92,"-23.475 151.975"
"20293423","2023-10-19T12:00:00Z",-20.125,150.275,"0.0",0,"24.8","0.15",0,2023-10-19,"10","2023",0,24.8,"-20.125 150.275"
"20294479","2023-10-19T12:00:00Z",-20.775,150.425,"0.0",0,"24.36","-0.14",0,2023-10-19,"10","2023",0,24.36,"-20.775 150.425"
"20294480","2023-10-19T12:00:00Z",-20.775,150.475,"0.0",0,"24.400000000000002","-0.1",0,2023-10-19,"10","2023",0,24.4,"-20.775 150.475"
"20294559","2023-10-19T12:00:00Z",-20.825,150.375,"0.0",0,"24.29","-0.22",0,2023-10-19,"10","2023",0,24.29,"-20.825 150.375"
"20294560","2023-10-19T12:00:00Z",-20.825,150.425,"0.0",0,"24.310000000000002","-0.19",0,2023-10-19,"10","2023",0,24.31,"-20.825 150.425"
"20294638","2023-10-19T12:00:00Z",-20.875,150.275,"0.0",0,"24.26","-0.28",0,2023-10-19,"10","2023",0,24.26,"-20.875 150.275"
"20298639","2023-10-19T12:00:00Z",-23.325,151.875,"0.0",0,"23.04","0.02",0,2023-10-19,"10","2023",0,23.04,"-23.325 151.875"
"20298881","2023-10-19T12:00:00Z",-23.475,151.825,"0.0",0,"22.97","-0.04",0,2023-10-19,"10","2023",0,22.97,"-23.475 151.825"
"20298882","2023-10-19T12:00:00Z",-23.475,151.875,"0.0",0,"22.96","-0.05",0,2023-10-19,"10","2023",0,22.96,"-23.475 151.875"
"20298884","2023-10-19T12:00:00Z",-23.475,151.975,"0.0",0,"22.990000000000002","-0.02",0,2023-10-19,"10","2023",0,22.99,"-23.475 151.975"
"20339350","2023-10-26T12:00:00Z",-20.125,150.275,"0.0",0,"25.17","0.19",0,2023-10-26,"10","2023",0,25.17,"-20.125 150.275"
"20340406","2023-10-26T12:00:00Z",-20.775,150.425,"0.0",0,"24.84","-0.02",0,2023-10-26,"10","2023",0,24.84,"-20.775 150.425"
"20340407","2023-10-26T12:00:00Z",-20.775,150.475,"0.0",0,"24.86","0.01",0,2023-10-26,"10","2023",0,24.86,"-20.775 150.475"
"20340486","2023-10-26T12:00:00Z",-20.825,150.375,"0.0",0,"24.84","-0.03",0,2023-10-26,"10","2023",0,24.84,"-20.825 150.375"
"20340487","2023-10-26T12:00:00Z",-20.825,150.425,"0.0",0,"24.84","-0.02",0,2023-10-26,"10","2023",0,24.84,"-20.825 150.425"
"20340565","2023-10-26T12:00:00Z",-20.875,150.275,"0.0",0,"24.89","-0.01",0,2023-10-26,"10","2023",0,24.89,"-20.875 150.275"
"20344566","2023-10-26T12:00:00Z",-23.325,151.875,"0.0",0,"23.76","0.4",0,2023-10-26,"10","2023",0,23.76,"-23.325 151.875"
"20344808","2023-10-26T12:00:00Z",-23.475,151.825,"0.0",0,"23.69","0.33",0,2023-10-26,"10","2023",0,23.69,"-23.475 151.825"
"20344809","2023-10-26T12:00:00Z",-23.475,151.875,"0.0",0,"23.77","0.41000000000000003",0,2023-10-26,"10","2023",0,23.77,"-23.475 151.875"
"20344811","2023-10-26T12:00:00Z",-23.475,151.975,"0.0",0,"23.94","0.59",0,2023-10-26,"10","2023",0,23.94,"-23.475 151.975"
"20385277","2023-11-02T12:00:00Z",-20.125,150.275,"0.0",0,"25.18","-0.12",0,2023-11-02,"11","2023",0,25.18,"-20.125 150.275"
"20386333","2023-11-02T12:00:00Z",-20.775,150.425,"0.0",0,"24.97","-0.25",0,2023-11-02,"11","2023",0,24.97,"-20.775 150.425"
"20386334","2023-11-02T12:00:00Z",-20.775,150.475,"0.0",0,"25.0","-0.21",0,2023-11-02,"11","2023",0,25,"-20.775 150.475"
"20386413","2023-11-02T12:00:00Z",-20.825,150.375,"0.0",0,"24.96","-0.28",0,2023-11-02,"11","2023",0,24.96,"-20.825 150.375"
"20386414","2023-11-02T12:00:00Z",-20.825,150.425,"0.0",0,"24.97","-0.25",0,2023-11-02,"11","2023",0,24.97,"-20.825 150.425"
"20386492","2023-11-02T12:00:00Z",-20.875,150.275,"0.0",0,"25.01","-0.25",0,2023-11-02,"11","2023",0,25.01,"-20.875 150.275"
"20390493","2023-11-02T12:00:00Z",-23.325,151.875,"0.0",0,"23.68","-0.02",0,2023-11-02,"11","2023",0,23.68,"-23.325 151.875"
"20390735","2023-11-02T12:00:00Z",-23.475,151.825,"0.0",0,"23.59","-0.13",0,2023-11-02,"11","2023",0,23.59,"-23.475 151.825"
"20390736","2023-11-02T12:00:00Z",-23.475,151.875,"0.0",0,"23.62","-0.09",0,2023-11-02,"11","2023",0,23.62,"-23.475 151.875"
"20390738","2023-11-02T12:00:00Z",-23.475,151.975,"0.0",0,"23.73","0.04",0,2023-11-02,"11","2023",0,23.73,"-23.475 151.975"
"20431204","2023-11-09T12:00:00Z",-20.125,150.275,"0.0",0,"25.42","-0.2",0,2023-11-09,"11","2023",0,25.42,"-20.125 150.275"
"20432260","2023-11-09T12:00:00Z",-20.775,150.425,"0.0",0,"25.330000000000002","-0.25",0,2023-11-09,"11","2023",0,25.33,"-20.775 150.425"
"20432261","2023-11-09T12:00:00Z",-20.775,150.475,"0.0",0,"25.34","-0.23",0,2023-11-09,"11","2023",0,25.34,"-20.775 150.475"
"20432340","2023-11-09T12:00:00Z",-20.825,150.375,"0.0",0,"25.330000000000002","-0.28",0,2023-11-09,"11","2023",0,25.33,"-20.825 150.375"
"20432341","2023-11-09T12:00:00Z",-20.825,150.425,"0.0",0,"25.32","-0.27",0,2023-11-09,"11","2023",0,25.32,"-20.825 150.425"
"20432419","2023-11-09T12:00:00Z",-20.875,150.275,"0.0",0,"25.28","-0.35000000000000003",0,2023-11-09,"11","2023",0,25.28,"-20.875 150.275"
"20436420","2023-11-09T12:00:00Z",-23.325,151.875,"0.0",0,"24.17","0.12",0,2023-11-09,"11","2023",0,24.17,"-23.325 151.875"
"20436662","2023-11-09T12:00:00Z",-23.475,151.825,"0.0",0,"24.080000000000002","0.01",0,2023-11-09,"11","2023",0,24.08,"-23.475 151.825"
"20436663","2023-11-09T12:00:00Z",-23.475,151.875,"0.0",0,"24.1","0.04",0,2023-11-09,"11","2023",0,24.1,"-23.475 151.875"
"20436665","2023-11-09T12:00:00Z",-23.475,151.975,"0.0",0,"24.14","0.1",0,2023-11-09,"11","2023",0,24.14,"-23.475 151.975"
"20477131","2023-11-16T12:00:00Z",-20.125,150.275,"0.0",0,"25.75","-0.18",0,2023-11-16,"11","2023",0,25.75,"-20.125 150.275"
"20478187","2023-11-16T12:00:00Z",-20.775,150.425,"0.0",0,"25.6","-0.33",0,2023-11-16,"11","2023",0,25.6,"-20.775 150.425"
"20478188","2023-11-16T12:00:00Z",-20.775,150.475,"0.0",0,"25.6","-0.32",0,2023-11-16,"11","2023",0,25.6,"-20.775 150.475"
"20478267","2023-11-16T12:00:00Z",-20.825,150.375,"0.0",0,"25.63","-0.32",0,2023-11-16,"11","2023",0,25.63,"-20.825 150.375"
"20478268","2023-11-16T12:00:00Z",-20.825,150.425,"0.0",0,"25.61","-0.33",0,2023-11-16,"11","2023",0,25.61,"-20.825 150.425"
"20478346","2023-11-16T12:00:00Z",-20.875,150.275,"0.0",0,"25.7","-0.27",0,2023-11-16,"11","2023",0,25.7,"-20.875 150.275"
"20482347","2023-11-16T12:00:00Z",-23.325,151.875,"0.0",0,"24.77","0.38",0,2023-11-16,"11","2023",0,24.77,"-23.325 151.875"
"20482589","2023-11-16T12:00:00Z",-23.475,151.825,"0.0",0,"24.82","0.4",0,2023-11-16,"11","2023",0,24.82,"-23.475 151.825"
"20482590","2023-11-16T12:00:00Z",-23.475,151.875,"0.0",0,"24.82","0.41000000000000003",0,2023-11-16,"11","2023",0,24.82,"-23.475 151.875"
"20482592","2023-11-16T12:00:00Z",-23.475,151.975,"0.0",0,"24.77","0.39",0,2023-11-16,"11","2023",0,24.77,"-23.475 151.975"
"20523058","2023-11-23T12:00:00Z",-20.125,150.275,"0.0",0,"26.080000000000002","-0.07",0,2023-11-23,"11","2023",0,26.08,"-20.125 150.275"
"20524114","2023-11-23T12:00:00Z",-20.775,150.425,"0.0",0,"26.330000000000002","0.15",0,2023-11-23,"11","2023",0,26.33,"-20.775 150.425"
"20524115","2023-11-23T12:00:00Z",-20.775,150.475,"0.0",0,"26.32","0.15",0,2023-11-23,"11","2023",0,26.32,"-20.775 150.475"
"20524194","2023-11-23T12:00:00Z",-20.825,150.375,"0.0",0,"26.35","0.15",0,2023-11-23,"11","2023",0,26.35,"-20.825 150.375"
"20524195","2023-11-23T12:00:00Z",-20.825,150.425,"0.0",0,"26.34","0.15",0,2023-11-23,"11","2023",0,26.34,"-20.825 150.425"
"20524273","2023-11-23T12:00:00Z",-20.875,150.275,"0.0",0,"26.38","0.16",0,2023-11-23,"11","2023",0,26.38,"-20.875 150.275"
"20528274","2023-11-23T12:00:00Z",-23.325,151.875,"0.0",0,"24.71","-0.02",0,2023-11-23,"11","2023",0,24.71,"-23.325 151.875"
"20528516","2023-11-23T12:00:00Z",-23.475,151.825,"0.0",0,"24.72","-0.05",0,2023-11-23,"11","2023",0,24.72,"-23.475 151.825"
"20528517","2023-11-23T12:00:00Z",-23.475,151.875,"0.0",0,"24.72","-0.03",0,2023-11-23,"11","2023",0,24.72,"-23.475 151.875"
"20528519","2023-11-23T12:00:00Z",-23.475,151.975,"0.0",0,"24.76","0.05",0,2023-11-23,"11","2023",0,24.76,"-23.475 151.975"
"20568985","2023-11-30T12:00:00Z",-20.125,150.275,"0.0",0,"26.72","0.35000000000000003",0,2023-11-30,"11","2023",0,26.72,"-20.125 150.275"
"20570041","2023-11-30T12:00:00Z",-20.775,150.425,"0.0",0,"26.75","0.33",0,2023-11-30,"11","2023",0,26.75,"-20.775 150.425"
"20570042","2023-11-30T12:00:00Z",-20.775,150.475,"0.0",0,"26.740000000000002","0.32",0,2023-11-30,"11","2023",0,26.74,"-20.775 150.475"
"20570121","2023-11-30T12:00:00Z",-20.825,150.375,"0.0",0,"26.830000000000002","0.39",0,2023-11-30,"11","2023",0,26.83,"-20.825 150.375"
"20570122","2023-11-30T12:00:00Z",-20.825,150.425,"0.0",0,"26.79","0.36",0,2023-11-30,"11","2023",0,26.79,"-20.825 150.425"
"20570200","2023-11-30T12:00:00Z",-20.875,150.275,"0.0",0,"26.94","0.48",0,2023-11-30,"11","2023",0,26.94,"-20.875 150.275"
"20574201","2023-11-30T12:00:00Z",-23.325,151.875,"0.0",0,"25.39","0.31",0,2023-11-30,"11","2023",0,25.39,"-23.325 151.875"
"20574443","2023-11-30T12:00:00Z",-23.475,151.825,"0.0",0,"25.42","0.31",0,2023-11-30,"11","2023",0,25.42,"-23.475 151.825"
"20574444","2023-11-30T12:00:00Z",-23.475,151.875,"0.0",0,"25.47","0.38",0,2023-11-30,"11","2023",0,25.47,"-23.475 151.875"
"20574446","2023-11-30T12:00:00Z",-23.475,151.975,"0.0",0,"25.490000000000002","0.44",0,2023-11-30,"11","2023",0,25.49,"-23.475 151.975"
"20614912","2023-12-07T12:00:00Z",-20.125,150.275,"0.0",0,"27.01","0.42",0,2023-12-07,"12","2023",0,27.01,"-20.125 150.275"
"20615968","2023-12-07T12:00:00Z",-20.775,150.425,"0.0",0,"27.240000000000002","0.5700000000000001",0,2023-12-07,"12","2023",0,27.24,"-20.775 150.425"
"20615969","2023-12-07T12:00:00Z",-20.775,150.475,"0.0",0,"27.22","0.55",0,2023-12-07,"12","2023",0,27.22,"-20.775 150.475"
"20616048","2023-12-07T12:00:00Z",-20.825,150.375,"0.0",0,"27.29","0.6",0,2023-12-07,"12","2023",0,27.29,"-20.825 150.375"
"20616049","2023-12-07T12:00:00Z",-20.825,150.425,"0.0",0,"27.28","0.6",0,2023-12-07,"12","2023",0,27.28,"-20.825 150.425"
"20616127","2023-12-07T12:00:00Z",-20.875,150.275,"0.0",0,"27.37","0.67",0,2023-12-07,"12","2023",0,27.37,"-20.875 150.275"
"20620128","2023-12-07T12:00:00Z",-23.325,151.875,"0.0",0,"25.93","0.51",0,2023-12-07,"12","2023",0,25.93,"-23.325 151.875"
"20620370","2023-12-07T12:00:00Z",-23.475,151.825,"0.0",0,"26.0","0.54",0,2023-12-07,"12","2023",0,26,"-23.475 151.825"
"20620371","2023-12-07T12:00:00Z",-23.475,151.875,"0.0",0,"25.990000000000002","0.55",0,2023-12-07,"12","2023",0,25.99,"-23.475 151.875"
"20620373","2023-12-07T12:00:00Z",-23.475,151.975,"0.0",0,"25.94","0.55",0,2023-12-07,"12","2023",0,25.94,"-23.475 151.975"
"20660839","2023-12-14T12:00:00Z",-20.125,150.275,"0.0",0,"26.77","-0.04",0,2023-12-14,"12","2023",0,26.77,"-20.125 150.275"
"20661895","2023-12-14T12:00:00Z",-20.775,150.425,"0.0",0,"26.76","-0.16",0,2023-12-14,"12","2023",0,26.76,"-20.775 150.425"
"20661896","2023-12-14T12:00:00Z",-20.775,150.475,"0.0",0,"26.740000000000002","-0.18",0,2023-12-14,"12","2023",0,26.74,"-20.775 150.475"
"20661975","2023-12-14T12:00:00Z",-20.825,150.375,"0.0",0,"26.79","-0.14",0,2023-12-14,"12","2023",0,26.79,"-20.825 150.375"
"20661976","2023-12-14T12:00:00Z",-20.825,150.425,"0.0",0,"26.77","-0.16",0,2023-12-14,"12","2023",0,26.77,"-20.825 150.425"
"20662054","2023-12-14T12:00:00Z",-20.875,150.275,"0.0",0,"26.830000000000002","-0.12",0,2023-12-14,"12","2023",0,26.83,"-20.875 150.275"
"20666055","2023-12-14T12:00:00Z",-23.325,151.875,"0.0",0,"25.88","0.12",0,2023-12-14,"12","2023",0,25.88,"-23.325 151.875"
"20666297","2023-12-14T12:00:00Z",-23.475,151.825,"0.0",0,"25.990000000000002","0.18",0,2023-12-14,"12","2023",0,25.99,"-23.475 151.825"
"20666298","2023-12-14T12:00:00Z",-23.475,151.875,"0.0",0,"25.98","0.2",0,2023-12-14,"12","2023",0,25.98,"-23.475 151.875"
"20666300","2023-12-14T12:00:00Z",-23.475,151.975,"0.0",0,"25.95","0.23",0,2023-12-14,"12","2023",0,25.95,"-23.475 151.975"
"20706766","2023-12-21T12:00:00Z",-20.125,150.275,"0.0",0,"27.36","0.37",0,2023-12-21,"12","2023",0,27.36,"-20.125 150.275"
"20707822","2023-12-21T12:00:00Z",-20.775,150.425,"0.0",0,"27.5","0.37",0,2023-12-21,"12","2023",0,27.5,"-20.775 150.425"
"20707823","2023-12-21T12:00:00Z",-20.775,150.475,"0.0",0,"27.51","0.38",0,2023-12-21,"12","2023",0,27.51,"-20.775 150.475"
"20707902","2023-12-21T12:00:00Z",-20.825,150.375,"0.0",0,"27.560000000000002","0.42",0,2023-12-21,"12","2023",0,27.56,"-20.825 150.375"
"20707903","2023-12-21T12:00:00Z",-20.825,150.425,"0.0",0,"27.55","0.41000000000000003",0,2023-12-21,"12","2023",0,27.55,"-20.825 150.425"
"20707981","2023-12-21T12:00:00Z",-20.875,150.275,"0.0",0,"27.64","0.49",0,2023-12-21,"12","2023",0,27.64,"-20.875 150.275"
"20711982","2023-12-21T12:00:00Z",-23.325,151.875,"0.0",0,"26.990000000000002","0.97",0,2023-12-21,"12","2023",0,26.99,"-23.325 151.875"
"20712224","2023-12-21T12:00:00Z",-23.475,151.825,"0.0",0,"26.990000000000002","0.91",0,2023-12-21,"12","2023",0,26.99,"-23.475 151.825"
"20712225","2023-12-21T12:00:00Z",-23.475,151.875,"0.0",0,"26.990000000000002","0.9400000000000001",0,2023-12-21,"12","2023",0,26.99,"-23.475 151.875"
"20712227","2023-12-21T12:00:00Z",-23.475,151.975,"0.0",0,"26.94","0.9500000000000001",0,2023-12-21,"12","2023",0,26.94,"-23.475 151.975"
"20752693","2023-12-28T12:00:00Z",-20.125,150.275,"0.0",0,"27.68","0.5",0,2023-12-28,"12","2023",0,27.68,"-20.125 150.275"
"20753749","2023-12-28T12:00:00Z",-20.775,150.425,"0.0",0,"27.96","0.64",0,2023-12-28,"12","2023",0,27.96,"-20.775 150.425"
"20753750","2023-12-28T12:00:00Z",-20.775,150.475,"0.0",0,"27.96","0.64",0,2023-12-28,"12","2023",0,27.96,"-20.775 150.475"
"20753829","2023-12-28T12:00:00Z",-20.825,150.375,"0.0",0,"28.01","0.67",0,2023-12-28,"12","2023",0,28.01,"-20.825 150.375"
"20753830","2023-12-28T12:00:00Z",-20.825,150.425,"0.0",0,"28.0","0.67",0,2023-12-28,"12","2023",0,28,"-20.825 150.425"
"20753908","2023-12-28T12:00:00Z",-20.875,150.275,"0.0",0,"28.080000000000002","0.73",0,2023-12-28,"12","2023",0,28.08,"-20.875 150.275"
"20757909","2023-12-28T12:00:00Z",-23.325,151.875,"0.0",0,"27.150000000000002","0.88",0,2023-12-28,"12","2023",0,27.15,"-23.325 151.875"
"20758151","2023-12-28T12:00:00Z",-23.475,151.825,"0.0",0,"27.38","1.05",0,2023-12-28,"12","2023",0,27.38,"-23.475 151.825"
"20758152","2023-12-28T12:00:00Z",-23.475,151.875,"0.0",0,"27.32","1.02",0,2023-12-28,"12","2023",0,27.32,"-23.475 151.875"
"20758154","2023-12-28T12:00:00Z",-23.475,151.975,"0.0",0,"27.11","0.87",0,2023-12-28,"12","2023",0,27.11,"-23.475 151.975"
"20798620","2024-01-04T12:00:00Z",-20.125,150.275,"0.0",0,"28.28","0.92",0,2024-01-04,"01","2024",0,28.28,"-20.125 150.275"
"20799676","2024-01-04T12:00:00Z",-20.775,150.425,"0.0",0,"28.79","1.27",0,2024-01-04,"01","2024",0,28.79,"-20.775 150.425"
"20799677","2024-01-04T12:00:00Z",-20.775,150.475,"0.0",0,"28.78","1.27",0,2024-01-04,"01","2024",0,28.78,"-20.775 150.475"
"20799756","2024-01-04T12:00:00Z",-20.825,150.375,"0.0",0,"28.84","1.3",0,2024-01-04,"01","2024",0,28.84,"-20.825 150.375"
"20799757","2024-01-04T12:00:00Z",-20.825,150.425,"0.0",0,"28.85","1.32",0,2024-01-04,"01","2024",0,28.85,"-20.825 150.425"
"20799835","2024-01-04T12:00:00Z",-20.875,150.275,"0.0",0,"28.88","1.33",0,2024-01-04,"01","2024",0,28.88,"-20.875 150.275"
"20803836","2024-01-04T12:00:00Z",-23.325,151.875,"0.0",0,"27.89","1.3800000000000001",0,2024-01-04,"01","2024",0,27.89,"-23.325 151.875"
"20804078","2024-01-04T12:00:00Z",-23.475,151.825,"0.0",0,"27.900000000000002","1.32",0,2024-01-04,"01","2024",0,27.9,"-23.475 151.825"
"20804079","2024-01-04T12:00:00Z",-23.475,151.875,"0.0",0,"27.93","1.3800000000000001",0,2024-01-04,"01","2024",0,27.93,"-23.475 151.875"
"20804081","2024-01-04T12:00:00Z",-23.475,151.975,"0.0",0,"28.02","1.52",0,2024-01-04,"01","2024",0,28.02,"-23.475 151.975"
"20844547","2024-01-11T12:00:00Z",-20.125,150.275,"0.0",0,"28.48","0.9400000000000001",0,2024-01-11,"01","2024",0,28.48,"-20.125 150.275"
"20845603","2024-01-11T12:00:00Z",-20.775,150.425,"0.0",0,"28.47","0.75",0,2024-01-11,"01","2024",0,28.47,"-20.775 150.425"
"20845604","2024-01-11T12:00:00Z",-20.775,150.475,"0.0",0,"28.45","0.74",0,2024-01-11,"01","2024",0,28.45,"-20.775 150.475"
"20845683","2024-01-11T12:00:00Z",-20.825,150.375,"0.0",0,"28.52","0.77",0,2024-01-11,"01","2024",0,28.52,"-20.825 150.375"
"20845684","2024-01-11T12:00:00Z",-20.825,150.425,"0.0",0,"28.51","0.78",0,2024-01-11,"01","2024",0,28.51,"-20.825 150.425"
"20845762","2024-01-11T12:00:00Z",-20.875,150.275,"0.0",0,"28.61","0.85",0,2024-01-11,"01","2024",0,28.61,"-20.875 150.275"
"20849763","2024-01-11T12:00:00Z",-23.325,151.875,"0.0",0,"27.93","1.17",0,2024-01-11,"01","2024",0,27.93,"-23.325 151.875"
"20850005","2024-01-11T12:00:00Z",-23.475,151.825,"0.0",0,"27.94","1.1",0,2024-01-11,"01","2024",0,27.94,"-23.475 151.825"
"20850006","2024-01-11T12:00:00Z",-23.475,151.875,"0.0",0,"27.91","1.1",0,2024-01-11,"01","2024",0,27.91,"-23.475 151.875"
"20850008","2024-01-11T12:00:00Z",-23.475,151.975,"0.0",0,"27.87","1.12",0,2024-01-11,"01","2024",0,27.87,"-23.475 151.975"
"20890474","2024-01-18T12:00:00Z",-20.125,150.275,"0.0",0,"28.64","0.98",0,2024-01-18,"01","2024",0,28.64,"-20.125 150.275"
"20891530","2024-01-18T12:00:00Z",-20.775,150.425,"0.0",0,"28.93","1.09",0,2024-01-18,"01","2024",0,28.93,"-20.775 150.425"
"20891531","2024-01-18T12:00:00Z",-20.775,150.475,"0.0",0,"28.900000000000002","1.07",0,2024-01-18,"01","2024",0,28.9,"-20.775 150.475"
"20891610","2024-01-18T12:00:00Z",-20.825,150.375,"0.0",0,"28.97","1.1",0,2024-01-18,"01","2024",0,28.97,"-20.825 150.375"
"20891611","2024-01-18T12:00:00Z",-20.825,150.425,"0.14",0,"28.96","1.11",0,2024-01-18,"01","2024",0.14,28.96,"-20.825 150.425"
"20891689","2024-01-18T12:00:00Z",-20.875,150.275,"0.15",0,"29.04","1.16",0,2024-01-18,"01","2024",0.15,29.04,"-20.875 150.275"
"20895690","2024-01-18T12:00:00Z",-23.325,151.875,"0.5",0,"28.43","1.51",0,2024-01-18,"01","2024",0.5,28.43,"-23.325 151.875"
"20895932","2024-01-18T12:00:00Z",-23.475,151.825,"0.52",0,"28.45","1.45",0,2024-01-18,"01","2024",0.52,28.45,"-23.475 151.825"
"20895933","2024-01-18T12:00:00Z",-23.475,151.875,"0.52",0,"28.46","1.49",0,2024-01-18,"01","2024",0.52,28.46,"-23.475 151.875"
"20895935","2024-01-18T12:00:00Z",-23.475,151.975,"0.68",0,"28.400000000000002","1.48",0,2024-01-18,"01","2024",0.68,28.4,"-23.475 151.975"
"20936401","2024-01-25T12:00:00Z",-20.125,150.275,"0.67",0,"29.21","1.5",0,2024-01-25,"01","2024",0.67,29.21,"-20.125 150.275"
"20937457","2024-01-25T12:00:00Z",-20.775,150.425,"0.61",0,"29.0","1.1300000000000001",0,2024-01-25,"01","2024",0.61,29,"-20.775 150.425"
"20937458","2024-01-25T12:00:00Z",-20.775,150.475,"0.61",0,"28.97","1.11",0,2024-01-25,"01","2024",0.61,28.97,"-20.775 150.475"
"20937537","2024-01-25T12:00:00Z",-20.825,150.375,"0.74",0,"29.01","1.11",0,2024-01-25,"01","2024",0.74,29.01,"-20.825 150.375"
"20937538","2024-01-25T12:00:00Z",-20.825,150.425,"0.9",0,"28.98","1.1",0,2024-01-25,"01","2024",0.9,28.98,"-20.825 150.425"
"20937616","2024-01-25T12:00:00Z",-20.875,150.275,"0.9",0,"29.080000000000002","1.16",0,2024-01-25,"01","2024",0.9,29.08,"-20.875 150.275"
"20941617","2024-01-25T12:00:00Z",-23.325,151.875,"2.13",0,"28.77","1.79",0,2024-01-25,"01","2024",2.13,28.77,"-23.325 151.875"
"20941859","2024-01-25T12:00:00Z",-23.475,151.825,"2.13",0,"28.57","1.54",0,2024-01-25,"01","2024",2.13,28.57,"-23.475 151.825"
"20941860","2024-01-25T12:00:00Z",-23.475,151.875,"2.15",0,"28.59","1.58",0,2024-01-25,"01","2024",2.15,28.59,"-23.475 151.875"
"20941862","2024-01-25T12:00:00Z",-23.475,151.975,"2.32",0,"28.560000000000002","1.59",0,2024-01-25,"01","2024",2.32,28.56,"-23.475 151.975"
"20982328","2024-02-02T12:00:00Z",-20.125,150.275,"2.04",0,"29.12","1.35",0,2024-02-02,"02","2024",2.04,29.12,"-20.125 150.275"
"20983384","2024-02-02T12:00:00Z",-20.775,150.425,"2.21",0,"29.44","1.54",0,2024-02-02,"02","2024",2.21,29.44,"-20.775 150.425"
"20983385","2024-02-02T12:00:00Z",-20.775,150.475,"2.23",0,"29.42","1.53",0,2024-02-02,"02","2024",2.23,29.42,"-20.775 150.475"
"20983464","2024-02-02T12:00:00Z",-20.825,150.375,"2.15",0,"29.47","1.54",0,2024-02-02,"02","2024",2.15,29.47,"-20.825 150.375"
"20983465","2024-02-02T12:00:00Z",-20.825,150.425,"2.47",0,"29.46","1.55",0,2024-02-02,"02","2024",2.47,29.46,"-20.825 150.425"
"20983543","2024-02-02T12:00:00Z",-20.875,150.275,"2.2800000000000002",0,"29.51","1.55",0,2024-02-02,"02","2024",2.28,29.51,"-20.875 150.275"
"20987544","2024-02-02T12:00:00Z",-23.325,151.875,"4.1",0,"28.580000000000002","1.54",0,2024-02-02,"02","2024",4.1,28.58,"-23.325 151.875"
"20987786","2024-02-02T12:00:00Z",-23.475,151.825,"4.15",0,"28.64","1.57",0,2024-02-02,"02","2024",4.15,28.64,"-23.475 151.825"
"20987787","2024-02-02T12:00:00Z",-23.475,151.875,"4.16",0,"28.62","1.57",0,2024-02-02,"02","2024",4.16,28.62,"-23.475 151.875"
"20987789","2024-02-02T12:00:00Z",-23.475,151.975,"4.34",0,"28.6","1.58",0,2024-02-02,"02","2024",4.34,28.6,"-23.475 151.975"
"21028255","2024-02-09T12:00:00Z",-20.125,150.275,"3.36",0,"29.060000000000002","1.24",0,2024-02-09,"02","2024",3.36,29.06,"-20.125 150.275"
"21029311","2024-02-09T12:00:00Z",-20.775,150.425,"3.7",0,"29.37","1.44",0,2024-02-09,"02","2024",3.7,29.37,"-20.775 150.425"
"21029312","2024-02-09T12:00:00Z",-20.775,150.475,"3.72",0,"29.36","1.44",0,2024-02-09,"02","2024",3.72,29.36,"-20.775 150.475"
"21029391","2024-02-09T12:00:00Z",-20.825,150.375,"3.63",0,"29.37","1.41",0,2024-02-09,"02","2024",3.63,29.37,"-20.825 150.375"
"21029392","2024-02-09T12:00:00Z",-20.825,150.425,"3.97",0,"29.37","1.43",0,2024-02-09,"02","2024",3.97,29.37,"-20.825 150.425"
"21029470","2024-02-09T12:00:00Z",-20.875,150.275,"3.75",0,"29.34","1.35",0,2024-02-09,"02","2024",3.75,29.34,"-20.875 150.275"
"21033471","2024-02-09T12:00:00Z",-23.325,151.875,"5.76",0,"28.64","1.55",0,2024-02-09,"02","2024",5.76,28.64,"-23.325 151.875"
"21033713","2024-02-09T12:00:00Z",-23.475,151.825,"5.89",0,"28.73","1.62",0,2024-02-09,"02","2024",5.89,28.73,"-23.475 151.825"
"21033714","2024-02-09T12:00:00Z",-23.475,151.875,"5.88",0,"28.7","1.6",0,2024-02-09,"02","2024",5.88,28.7,"-23.475 151.875"
"21033716","2024-02-09T12:00:00Z",-23.475,151.975,"6.0",0,"28.650000000000002","1.58",0,2024-02-09,"02","2024",6,28.65,"-23.475 151.975"
"21074182","2024-02-16T12:00:00Z",-20.125,150.275,"4.49",0,"29.09","1.24",0,2024-02-16,"02","2024",4.49,29.09,"-20.125 150.275"
"21075238","2024-02-16T12:00:00Z",-20.775,150.425,"4.94",0,"29.26","1.33",0,2024-02-16,"02","2024",4.94,29.26,"-20.775 150.425"
"21075239","2024-02-16T12:00:00Z",-20.775,150.475,"4.97",0,"29.26","1.34",0,2024-02-16,"02","2024",4.97,29.26,"-20.775 150.475"
"21075318","2024-02-16T12:00:00Z",-20.825,150.375,"4.8500000000000005",0,"29.27","1.31",0,2024-02-16,"02","2024",4.85,29.27,"-20.825 150.375"
"21075319","2024-02-16T12:00:00Z",-20.825,150.425,"5.22",0,"29.27","1.33",0,2024-02-16,"02","2024",5.22,29.27,"-20.825 150.425"
"21075397","2024-02-16T12:00:00Z",-20.875,150.275,"4.91",0,"29.25","1.25",0,2024-02-16,"02","2024",4.91,29.25,"-20.875 150.275"
"21079398","2024-02-16T12:00:00Z",-23.325,151.875,"7.21",0,"28.5","1.3800000000000001",0,2024-02-16,"02","2024",7.21,28.5,"-23.325 151.875"
"21079640","2024-02-16T12:00:00Z",-23.475,151.825,"7.29",0,"28.41","1.3",0,2024-02-16,"02","2024",7.29,28.41,"-23.475 151.825"
"21079641","2024-02-16T12:00:00Z",-23.475,151.875,"7.3",0,"28.43","1.33",0,2024-02-16,"02","2024",7.3,28.43,"-23.475 151.875"
"21079643","2024-02-16T12:00:00Z",-23.475,151.975,"7.45",0,"28.47","1.3900000000000001",0,2024-02-16,"02","2024",7.45,28.47,"-23.475 151.975"
"21120109","2024-02-23T12:00:00Z",-20.125,150.275,"5.66",0,"28.94","1.2",0,2024-02-23,"02","2024",5.66,28.94,"-20.125 150.275"
"21121165","2024-02-23T12:00:00Z",-20.775,150.425,"6.18",0,"29.29","1.47",0,2024-02-23,"02","2024",6.18,29.29,"-20.775 150.425"
"21121166","2024-02-23T12:00:00Z",-20.775,150.475,"6.21",0,"29.28","1.47",0,2024-02-23,"02","2024",6.21,29.28,"-20.775 150.475"
"21121245","2024-02-23T12:00:00Z",-20.825,150.375,"6.07",0,"29.330000000000002","1.49",0,2024-02-23,"02","2024",6.07,29.33,"-20.825 150.375"
"21121246","2024-02-23T12:00:00Z",-20.825,150.425,"6.45",0,"29.310000000000002","1.49",0,2024-02-23,"02","2024",6.45,29.31,"-20.825 150.425"
"21121324","2024-02-23T12:00:00Z",-20.875,150.275,"6.09",0,"29.34","1.46",0,2024-02-23,"02","2024",6.09,29.34,"-20.875 150.275"
"21125325","2024-02-23T12:00:00Z",-23.325,151.875,"8.61",0,"28.73","1.78",0,2024-02-23,"02","2024",8.61,28.73,"-23.325 151.875"
"21125567","2024-02-23T12:00:00Z",-23.475,151.825,"8.66",0,"28.76","1.83",0,2024-02-23,"02","2024",8.66,28.76,"-23.475 151.825"
"21125568","2024-02-23T12:00:00Z",-23.475,151.875,"8.69",0,"28.76","1.84",0,2024-02-23,"02","2024",8.69,28.76,"-23.475 151.875"
"21125570","2024-02-23T12:00:00Z",-23.475,151.975,"8.88",0,"28.76","1.85",0,2024-02-23,"02","2024",8.88,28.76,"-23.475 151.975"
"21166036","2024-03-01T12:00:00Z",-20.125,150.275,"6.2",0,"28.66","1.02",0,2024-03-01,"03","2024",6.2,28.66,"-20.125 150.275"
"21167092","2024-03-01T12:00:00Z",-20.775,150.425,"7.29",0,"28.810000000000002","1.11",0,2024-03-01,"03","2024",7.29,28.81,"-20.775 150.425"
"21167093","2024-03-01T12:00:00Z",-20.775,150.475,"7.32",0,"28.8","1.1",0,2024-03-01,"03","2024",7.32,28.8,"-20.775 150.475"
"21167172","2024-03-01T12:00:00Z",-20.825,150.375,"7.19",0,"28.84","1.12",0,2024-03-01,"03","2024",7.19,28.84,"-20.825 150.375"
"21167173","2024-03-01T12:00:00Z",-20.825,150.425,"7.58",0,"28.830000000000002","1.12",0,2024-03-01,"03","2024",7.58,28.83,"-20.825 150.425"
"21167251","2024-03-01T12:00:00Z",-20.875,150.275,"7.21",0,"28.87","1.12",0,2024-03-01,"03","2024",7.21,28.87,"-20.875 150.275"
"21171252","2024-03-01T12:00:00Z",-23.325,151.875,"10.11",0,"28.52","1.73",0,2024-03-01,"03","2024",10.11,28.52,"-23.325 151.875"
"21171494","2024-03-01T12:00:00Z",-23.475,151.825,"10.15",0,"28.51","1.76",0,2024-03-01,"03","2024",10.15,28.51,"-23.475 151.825"
"21171495","2024-03-01T12:00:00Z",-23.475,151.875,"10.19",0,"28.52","1.78",0,2024-03-01,"03","2024",10.19,28.52,"-23.475 151.875"
"21171497","2024-03-01T12:00:00Z",-23.475,151.975,"10.4",0,"28.55","1.82",0,2024-03-01,"03","2024",10.4,28.55,"-23.475 151.975"
"21211963","2024-03-08T12:00:00Z",-20.125,150.275,"6.8100000000000005",0,"28.67","1.1300000000000001",0,2024-03-08,"03","2024",6.81,28.67,"-20.125 150.275"
"21213019","2024-03-08T12:00:00Z",-20.775,150.425,"8.23",0,"28.8","1.21",0,2024-03-08,"03","2024",8.23,28.8,"-20.775 150.425"
"21213020","2024-03-08T12:00:00Z",-20.775,150.475,"8.26",0,"28.78","1.2",0,2024-03-08,"03","2024",8.26,28.78,"-20.775 150.475"
"21213099","2024-03-08T12:00:00Z",-20.825,150.375,"8.13",0,"28.810000000000002","1.21",0,2024-03-08,"03","2024",8.13,28.81,"-20.825 150.375"
"21213100","2024-03-08T12:00:00Z",-20.825,150.425,"8.53",0,"28.79","1.2",0,2024-03-08,"03","2024",8.53,28.79,"-20.825 150.425"
"21213178","2024-03-08T12:00:00Z",-20.875,150.275,"8.0",0,"28.810000000000002","1.18",0,2024-03-08,"03","2024",8,28.81,"-20.875 150.275"
"21217179","2024-03-08T12:00:00Z",-23.325,151.875,"11.450000000000001",0,"28.150000000000002","1.53",0,2024-03-08,"03","2024",11.45,28.15,"-23.325 151.875"
"21217421","2024-03-08T12:00:00Z",-23.475,151.825,"11.28",0,"28.04","1.48",0,2024-03-08,"03","2024",11.28,28.04,"-23.475 151.825"
"21217422","2024-03-08T12:00:00Z",-23.475,151.875,"11.32",0,"28.060000000000002","1.5",0,2024-03-08,"03","2024",11.32,28.06,"-23.475 151.875"
"21217424","2024-03-08T12:00:00Z",-23.475,151.975,"11.73",0,"28.12","1.56",0,2024-03-08,"03","2024",11.73,28.12,"-23.475 151.975"
"21257890","2024-03-15T12:00:00Z",-20.125,150.275,"6.8100000000000005",0,"28.580000000000002","1.1400000000000001",0,2024-03-15,"03","2024",6.81,28.58,"-20.125 150.275"
"21258946","2024-03-15T12:00:00Z",-20.775,150.425,"8.23",0,"28.490000000000002","1.02",0,2024-03-15,"03","2024",8.23,28.49,"-20.775 150.425"
"21258947","2024-03-15T12:00:00Z",-20.775,150.475,"8.26",0,"28.490000000000002","1.02",0,2024-03-15,"03","2024",8.26,28.49,"-20.775 150.475"
"21259026","2024-03-15T12:00:00Z",-20.825,150.375,"8.13",0,"28.47","0.99",0,2024-03-15,"03","2024",8.13,28.47,"-20.825 150.375"
"21259027","2024-03-15T12:00:00Z",-20.825,150.425,"8.53",0,"28.47","1.0",0,2024-03-15,"03","2024",8.53,28.47,"-20.825 150.425"
"21259105","2024-03-15T12:00:00Z",-20.875,150.275,"8.0",0,"28.47","0.97",0,2024-03-15,"03","2024",8,28.47,"-20.875 150.275"
"21263106","2024-03-15T12:00:00Z",-23.325,151.875,"11.450000000000001",0,"27.650000000000002","1.19",0,2024-03-15,"03","2024",11.45,27.65,"-23.325 151.875"
"21263348","2024-03-15T12:00:00Z",-23.475,151.825,"11.28",0,"27.51","1.1300000000000001",0,2024-03-15,"03","2024",11.28,27.51,"-23.475 151.825"
"21263349","2024-03-15T12:00:00Z",-23.475,151.875,"11.32",0,"27.53","1.1500000000000001",0,2024-03-15,"03","2024",11.32,27.53,"-23.475 151.875"
"21263351","2024-03-15T12:00:00Z",-23.475,151.975,"11.73",0,"27.57","1.19",0,2024-03-15,"03","2024",11.73,27.57,"-23.475 151.975"
"21303817","2024-03-22T12:00:00Z",-20.125,150.275,"6.96",0,"28.42","1.17",0,2024-03-22,"03","2024",6.96,28.42,"-20.125 150.275"
"21304873","2024-03-22T12:00:00Z",-20.775,150.425,"8.23",0,"28.400000000000002","1.1500000000000001",0,2024-03-22,"03","2024",8.23,28.4,"-20.775 150.425"
"21304874","2024-03-22T12:00:00Z",-20.775,150.475,"8.26",0,"28.39","1.1400000000000001",0,2024-03-22,"03","2024",8.26,28.39,"-20.775 150.475"
"21304953","2024-03-22T12:00:00Z",-20.825,150.375,"8.13",0,"28.400000000000002","1.1500000000000001",0,2024-03-22,"03","2024",8.13,28.4,"-20.825 150.375"
"21304954","2024-03-22T12:00:00Z",-20.825,150.425,"8.53",0,"28.400000000000002","1.1500000000000001",0,2024-03-22,"03","2024",8.53,28.4,"-20.825 150.425"
"21305032","2024-03-22T12:00:00Z",-20.875,150.275,"8.0",0,"28.39","1.12",0,2024-03-22,"03","2024",8,28.39,"-20.875 150.275"
"21309033","2024-03-22T12:00:00Z",-23.325,151.875,"11.450000000000001",0,"27.64","1.41",0,2024-03-22,"03","2024",11.45,27.64,"-23.325 151.875"
"21309275","2024-03-22T12:00:00Z",-23.475,151.825,"11.28",0,"27.5","1.36",0,2024-03-22,"03","2024",11.28,27.5,"-23.475 151.825"
"21309276","2024-03-22T12:00:00Z",-23.475,151.875,"11.32",0,"27.51","1.37",0,2024-03-22,"03","2024",11.32,27.51,"-23.475 151.875"
"21309278","2024-03-22T12:00:00Z",-23.475,151.975,"11.73",0,"27.55","1.3900000000000001",0,2024-03-22,"03","2024",11.73,27.55,"-23.475 151.975"
"21349744","2024-03-29T12:00:00Z",-20.125,150.275,"6.96",0,"28.27","1.21",0,2024-03-29,"03","2024",6.96,28.27,"-20.125 150.275"
"21350800","2024-03-29T12:00:00Z",-20.775,150.425,"8.23",0,"28.29","1.26",0,2024-03-29,"03","2024",8.23,28.29,"-20.775 150.425"
"21350801","2024-03-29T12:00:00Z",-20.775,150.475,"8.26",0,"28.29","1.26",0,2024-03-29,"03","2024",8.26,28.29,"-20.775 150.475"
"21350880","2024-03-29T12:00:00Z",-20.825,150.375,"8.13",0,"28.310000000000002","1.28",0,2024-03-29,"03","2024",8.13,28.31,"-20.825 150.375"
"21350881","2024-03-29T12:00:00Z",-20.825,150.425,"8.53",0,"28.3","1.28",0,2024-03-29,"03","2024",8.53,28.3,"-20.825 150.425"
"21350959","2024-03-29T12:00:00Z",-20.875,150.275,"8.0",0,"28.36","1.32",0,2024-03-29,"03","2024",8,28.36,"-20.875 150.275"
"21354960","2024-03-29T12:00:00Z",-23.325,151.875,"11.450000000000001",0,"27.57","1.58",0,2024-03-29,"03","2024",11.45,27.57,"-23.325 151.875"
"21355202","2024-03-29T12:00:00Z",-23.475,151.825,"11.28",0,"27.400000000000002","1.5",0,2024-03-29,"03","2024",11.28,27.4,"-23.475 151.825"
"21355203","2024-03-29T12:00:00Z",-23.475,151.875,"11.32",0,"27.42","1.51",0,2024-03-29,"03","2024",11.32,27.42,"-23.475 151.875"
"21355205","2024-03-29T12:00:00Z",-23.475,151.975,"11.73",0,"27.48","1.55",0,2024-03-29,"03","2024",11.73,27.48,"-23.475 151.975"
"21395671","2024-04-05T12:00:00Z",-20.125,150.275,"6.96",0,"27.810000000000002","0.9500000000000001",0,2024-04-05,"04","2024",6.96,27.81,"-20.125 150.275"
"21396727","2024-04-05T12:00:00Z",-20.775,150.425,"8.23",0,"27.76","0.9500000000000001",0,2024-04-05,"04","2024",8.23,27.76,"-20.775 150.425"
"21396728","2024-04-05T12:00:00Z",-20.775,150.475,"8.26",0,"27.740000000000002","0.93",0,2024-04-05,"04","2024",8.26,27.74,"-20.775 150.475"
"21396807","2024-04-05T12:00:00Z",-20.825,150.375,"8.13",0,"27.79","0.99",0,2024-04-05,"04","2024",8.13,27.79,"-20.825 150.375"
"21396808","2024-04-05T12:00:00Z",-20.825,150.425,"8.53",0,"27.78","0.98",0,2024-04-05,"04","2024",8.53,27.78,"-20.825 150.425"
"21396886","2024-04-05T12:00:00Z",-20.875,150.275,"8.0",0,"27.82","1.0",0,2024-04-05,"04","2024",8,27.82,"-20.875 150.275"
"21400887","2024-04-05T12:00:00Z",-23.325,151.875,"11.450000000000001",0,"27.3","1.54",0,2024-04-05,"04","2024",11.45,27.3,"-23.325 151.875"
"21401129","2024-04-05T12:00:00Z",-23.475,151.825,"11.28",0,"27.22","1.56",0,2024-04-05,"04","2024",11.28,27.22,"-23.475 151.825"
"21401130","2024-04-05T12:00:00Z",-23.475,151.875,"11.32",0,"27.26","1.59",0,2024-04-05,"04","2024",11.32,27.26,"-23.475 151.875"
"21401132","2024-04-05T12:00:00Z",-23.475,151.975,"11.73",0,"27.310000000000002","1.6",0,2024-04-05,"04","2024",11.73,27.31,"-23.475 151.975"
"21441598","2024-04-12T12:00:00Z",-20.125,150.275,"6.8",0,"27.72","1.05",0,2024-04-12,"04","2024",6.8,27.72,"-20.125 150.275"
"21442654","2024-04-12T12:00:00Z",-20.775,150.425,"8.08",0,"27.64","1.06",0,2024-04-12,"04","2024",8.08,27.64,"-20.775 150.425"
"21442655","2024-04-12T12:00:00Z",-20.775,150.475,"8.1",0,"27.650000000000002","1.06",0,2024-04-12,"04","2024",8.1,27.65,"-20.775 150.475"
"21442734","2024-04-12T12:00:00Z",-20.825,150.375,"7.99",0,"27.62","1.04",0,2024-04-12,"04","2024",7.99,27.62,"-20.825 150.375"
"21442735","2024-04-12T12:00:00Z",-20.825,150.425,"8.24",0,"27.62","1.04",0,2024-04-12,"04","2024",8.24,27.62,"-20.825 150.425"
"21442813","2024-04-12T12:00:00Z",-20.875,150.275,"7.7",0,"27.64","1.05",0,2024-04-12,"04","2024",7.7,27.64,"-20.875 150.275"
"21446814","2024-04-12T12:00:00Z",-23.325,151.875,"10.74",0,"26.61","1.09",0,2024-04-12,"04","2024",10.74,26.61,"-23.325 151.875"
"21447056","2024-04-12T12:00:00Z",-23.475,151.825,"10.53",0,"26.46","1.04",0,2024-04-12,"04","2024",10.53,26.46,"-23.475 151.825"
"21447057","2024-04-12T12:00:00Z",-23.475,151.875,"10.57",0,"26.5","1.07",0,2024-04-12,"04","2024",10.57,26.5,"-23.475 151.875"
"21447059","2024-04-12T12:00:00Z",-23.475,151.975,"10.82",0,"26.580000000000002","1.09",0,2024-04-12,"04","2024",10.82,26.58,"-23.475 151.975"
"21487525","2024-04-19T12:00:00Z",-20.125,150.275,"6.29",0,"27.53","1.11",0,2024-04-19,"04","2024",6.29,27.53,"-20.125 150.275"
"21488581","2024-04-19T12:00:00Z",-20.775,150.425,"7.46",0,"27.42","1.12",0,2024-04-19,"04","2024",7.46,27.42,"-20.775 150.425"
"21488582","2024-04-19T12:00:00Z",-20.775,150.475,"7.48",0,"27.42","1.11",0,2024-04-19,"04","2024",7.48,27.42,"-20.775 150.475"
"21488661","2024-04-19T12:00:00Z",-20.825,150.375,"7.390000000000001",0,"27.400000000000002","1.11",0,2024-04-19,"04","2024",7.39,27.4,"-20.825 150.375"
"21488662","2024-04-19T12:00:00Z",-20.825,150.425,"7.49",0,"27.41","1.12",0,2024-04-19,"04","2024",7.49,27.41,"-20.825 150.425"
"21488740","2024-04-19T12:00:00Z",-20.875,150.275,"7.1000000000000005",0,"27.400000000000002","1.1",0,2024-04-19,"04","2024",7.1,27.4,"-20.875 150.275"
"21492741","2024-04-19T12:00:00Z",-23.325,151.875,"9.09",0,"26.47","1.23",0,2024-04-19,"04","2024",9.09,26.47,"-23.325 151.875"
"21492983","2024-04-19T12:00:00Z",-23.475,151.825,"8.92",0,"26.3","1.17",0,2024-04-19,"04","2024",8.92,26.3,"-23.475 151.825"
"21492984","2024-04-19T12:00:00Z",-23.475,151.875,"8.950000000000001",0,"26.35","1.21",0,2024-04-19,"04","2024",8.95,26.35,"-23.475 151.875"
"21492986","2024-04-19T12:00:00Z",-23.475,151.975,"9.18",0,"26.44","1.23",0,2024-04-19,"04","2024",9.18,26.44,"-23.475 151.975"
"21533452","2024-04-26T12:00:00Z",-20.125,150.275,"4.92",0,"27.07","0.96",0,2024-04-26,"04","2024",4.92,27.07,"-20.125 150.275"
"21534508","2024-04-26T12:00:00Z",-20.775,150.425,"6.03",0,"26.98","1.02",0,2024-04-26,"04","2024",6.03,26.98,"-20.775 150.425"
"21534509","2024-04-26T12:00:00Z",-20.775,150.475,"6.0200000000000005",0,"26.98","1.01",0,2024-04-26,"04","2024",6.02,26.98,"-20.775 150.475"
"21534588","2024-04-26T12:00:00Z",-20.825,150.375,"5.98",0,"26.96","1.01",0,2024-04-26,"04","2024",5.98,26.96,"-20.825 150.375"
"21534589","2024-04-26T12:00:00Z",-20.825,150.425,"6.0600000000000005",0,"26.97","1.02",0,2024-04-26,"04","2024",6.06,26.97,"-20.825 150.425"
"21534667","2024-04-26T12:00:00Z",-20.875,150.275,"5.71",0,"26.94","0.99",0,2024-04-26,"04","2024",5.71,26.94,"-20.875 150.275"
"21538668","2024-04-26T12:00:00Z",-23.325,151.875,"7.3500000000000005",0,"25.67","0.73",0,2024-04-26,"04","2024",7.35,25.67,"-23.325 151.875"
"21538910","2024-04-26T12:00:00Z",-23.475,151.825,"7.13",0,"25.490000000000002","0.7000000000000001",0,2024-04-26,"04","2024",7.13,25.49,"-23.475 151.825"
"21538911","2024-04-26T12:00:00Z",-23.475,151.875,"7.16",0,"25.51","0.6900000000000001",0,2024-04-26,"04","2024",7.16,25.51,"-23.475 151.875"
"21538913","2024-04-26T12:00:00Z",-23.475,151.975,"7.390000000000001",0,"25.62","0.72",0,2024-04-26,"04","2024",7.39,25.62,"-23.475 151.975"
"21579379","2024-05-03T12:00:00Z",-20.125,150.275,"3.6",0,"26.71","0.9",0,2024-05-03,"05","2024",3.6,26.71,"-20.125 150.275"
"21580435","2024-05-03T12:00:00Z",-20.775,150.425,"4.53",0,"26.52","0.89",0,2024-05-03,"05","2024",4.53,26.52,"-20.775 150.425"
"21580436","2024-05-03T12:00:00Z",-20.775,150.475,"4.53",0,"26.53","0.89",0,2024-05-03,"05","2024",4.53,26.53,"-20.775 150.475"
"21580515","2024-05-03T12:00:00Z",-20.825,150.375,"4.5",0,"26.5","0.89",0,2024-05-03,"05","2024",4.5,26.5,"-20.825 150.375"
"21580516","2024-05-03T12:00:00Z",-20.825,150.425,"4.5600000000000005",0,"26.52","0.91",0,2024-05-03,"05","2024",4.56,26.52,"-20.825 150.425"
"21580594","2024-05-03T12:00:00Z",-20.875,150.275,"4.25",0,"26.45","0.84",0,2024-05-03,"05","2024",4.25,26.45,"-20.875 150.275"
"21584595","2024-05-03T12:00:00Z",-23.325,151.875,"5.7",0,"25.46","0.8300000000000001",0,2024-05-03,"05","2024",5.7,25.46,"-23.325 151.875"
"21584837","2024-05-03T12:00:00Z",-23.475,151.825,"5.39",0,"25.21","0.75",0,2024-05-03,"05","2024",5.39,25.21,"-23.475 151.825"
"21584838","2024-05-03T12:00:00Z",-23.475,151.875,"5.44",0,"25.310000000000002","0.81",0,2024-05-03,"05","2024",5.44,25.31,"-23.475 151.875"
"21584840","2024-05-03T12:00:00Z",-23.475,151.975,"5.73",0,"25.490000000000002","0.9",0,2024-05-03,"05","2024",5.73,25.49,"-23.475 151.975"
"21625306","2024-05-10T12:00:00Z",-20.125,150.275,"2.47",0,"26.43","0.92",0,2024-05-10,"05","2024",2.47,26.43,"-20.125 150.275"
"21626362","2024-05-10T12:00:00Z",-20.775,150.425,"3.29",0,"26.25","0.96",0,2024-05-10,"05","2024",3.29,26.25,"-20.775 150.425"
"21626363","2024-05-10T12:00:00Z",-20.775,150.475,"3.2800000000000002",0,"26.27","0.97",0,2024-05-10,"05","2024",3.28,26.27,"-20.775 150.475"
"21626442","2024-05-10T12:00:00Z",-20.825,150.375,"3.29",0,"26.21","0.9400000000000001",0,2024-05-10,"05","2024",3.29,26.21,"-20.825 150.375"
"21626443","2024-05-10T12:00:00Z",-20.825,150.425,"3.3200000000000003",0,"26.23","0.96",0,2024-05-10,"05","2024",3.32,26.23,"-20.825 150.425"
"21626521","2024-05-10T12:00:00Z",-20.875,150.275,"3.09",0,"26.19","0.92",0,2024-05-10,"05","2024",3.09,26.19,"-20.875 150.275"
"21630522","2024-05-10T12:00:00Z",-23.325,151.875,"4.25",0,"25.0","0.68",0,2024-05-10,"05","2024",4.25,25,"-23.325 151.875"
"21630764","2024-05-10T12:00:00Z",-23.475,151.825,"3.98",0,"24.76","0.64",0,2024-05-10,"05","2024",3.98,24.76,"-23.475 151.825"
"21630765","2024-05-10T12:00:00Z",-23.475,151.875,"4.03",0,"24.830000000000002","0.66",0,2024-05-10,"05","2024",4.03,24.83,"-23.475 151.875"
"21630767","2024-05-10T12:00:00Z",-23.475,151.975,"4.28",0,"24.92","0.64",0,2024-05-10,"05","2024",4.28,24.92,"-23.475 151.975"
"21671233","2024-05-17T12:00:00Z",-20.125,150.275,"1.3",0,"26.1","0.9",0,2024-05-17,"05","2024",1.3,26.1,"-20.125 150.275"
"21672289","2024-05-17T12:00:00Z",-20.775,150.425,"2.06",0,"25.86","0.92",0,2024-05-17,"05","2024",2.06,25.86,"-20.775 150.425"
"21672290","2024-05-17T12:00:00Z",-20.775,150.475,"2.04",0,"25.900000000000002","0.9500000000000001",0,2024-05-17,"05","2024",2.04,25.9,"-20.775 150.475"
"21672369","2024-05-17T12:00:00Z",-20.825,150.375,"2.07",0,"25.82","0.9",0,2024-05-17,"05","2024",2.07,25.82,"-20.825 150.375"
"21672370","2024-05-17T12:00:00Z",-20.825,150.425,"2.08",0,"25.85","0.93",0,2024-05-17,"05","2024",2.08,25.85,"-20.825 150.425"
"21672448","2024-05-17T12:00:00Z",-20.875,150.275,"1.9100000000000001",0,"25.830000000000002","0.91",0,2024-05-17,"05","2024",1.91,25.83,"-20.875 150.275"
"21676449","2024-05-17T12:00:00Z",-23.325,151.875,"2.84",0,"24.900000000000002","0.9",0,2024-05-17,"05","2024",2.84,24.9,"-23.325 151.875"
"21676691","2024-05-17T12:00:00Z",-23.475,151.825,"2.61",0,"24.53","0.76",0,2024-05-17,"05","2024",2.61,24.53,"-23.475 151.825"
"21676692","2024-05-17T12:00:00Z",-23.475,151.875,"2.63",0,"24.59","0.75",0,2024-05-17,"05","2024",2.63,24.59,"-23.475 151.875"
"21676694","2024-05-17T12:00:00Z",-23.475,151.975,"2.85",0,"24.75","0.79",0,2024-05-17,"05","2024",2.85,24.75,"-23.475 151.975"
"21717160","2024-05-24T12:00:00Z",-20.125,150.275,"0.76",0,"25.5","0.63",0,2024-05-24,"05","2024",0.76,25.5,"-20.125 150.275"
"21718216","2024-05-24T12:00:00Z",-20.775,150.425,"0.9400000000000001",0,"25.27","0.7000000000000001",0,2024-05-24,"05","2024",0.94,25.27,"-20.775 150.425"
"21718217","2024-05-24T12:00:00Z",-20.775,150.475,"0.93",0,"25.29","0.71",0,2024-05-24,"05","2024",0.93,25.29,"-20.775 150.475"
"21718296","2024-05-24T12:00:00Z",-20.825,150.375,"0.9400000000000001",0,"25.21","0.67",0,2024-05-24,"05","2024",0.94,25.21,"-20.825 150.375"
"21718297","2024-05-24T12:00:00Z",-20.825,150.425,"0.9500000000000001",0,"25.240000000000002","0.7000000000000001",0,2024-05-24,"05","2024",0.95,25.24,"-20.825 150.425"
"21718375","2024-05-24T12:00:00Z",-20.875,150.275,"0.79",0,"25.12","0.59",0,2024-05-24,"05","2024",0.79,25.12,"-20.875 150.275"
"21722376","2024-05-24T12:00:00Z",-23.325,151.875,"1.34",0,"24.5","0.84",0,2024-05-24,"05","2024",1.34,24.5,"-23.325 151.875"
"21722618","2024-05-24T12:00:00Z",-23.475,151.825,"1.12",0,"24.07","0.66",0,2024-05-24,"05","2024",1.12,24.07,"-23.475 151.825"
"21722619","2024-05-24T12:00:00Z",-23.475,151.875,"1.1300000000000001",0,"24.25","0.78",0,2024-05-24,"05","2024",1.13,24.25,"-23.475 151.875"
"21722621","2024-05-24T12:00:00Z",-23.475,151.975,"1.32",0,"24.64","1.03",0,2024-05-24,"05","2024",1.32,24.64,"-23.475 151.975"
"21763087","2024-05-31T12:00:00Z",-20.125,150.275,"0.15",0,"25.0","0.46",0,2024-05-31,"05","2024",0.15,25,"-20.125 150.275"
"21764143","2024-05-31T12:00:00Z",-20.775,150.425,"0.0",0,"24.96","0.77",0,2024-05-31,"05","2024",0,24.96,"-20.775 150.425"
"21764144","2024-05-31T12:00:00Z",-20.775,150.475,"0.0",0,"25.0","0.79",0,2024-05-31,"05","2024",0,25,"-20.775 150.475"
"21764223","2024-05-31T12:00:00Z",-20.825,150.375,"0.0",0,"24.92","0.76",0,2024-05-31,"05","2024",0,24.92,"-20.825 150.375"
"21764224","2024-05-31T12:00:00Z",-20.825,150.425,"0.0",0,"24.96","0.8",0,2024-05-31,"05","2024",0,24.96,"-20.825 150.425"
"21764302","2024-05-31T12:00:00Z",-20.875,150.275,"0.0",0,"24.830000000000002","0.6900000000000001",0,2024-05-31,"05","2024",0,24.83,"-20.875 150.275"
"21768303","2024-05-31T12:00:00Z",-23.325,151.875,"0.0",0,"24.36","1.04",0,2024-05-31,"05","2024",0,24.36,"-23.325 151.875"
"21768545","2024-05-31T12:00:00Z",-23.475,151.825,"0.0",0,"23.990000000000002","0.9500000000000001",0,2024-05-31,"05","2024",0,23.99,"-23.475 151.825"
"21768546","2024-05-31T12:00:00Z",-23.475,151.875,"0.0",0,"24.12","1.01",0,2024-05-31,"05","2024",0,24.12,"-23.475 151.875"
"21768548","2024-05-31T12:00:00Z",-23.475,151.975,"0.0",0,"24.37","1.11",0,2024-05-31,"05","2024",0,24.37,"-23.475 151.975"
"21809014","2024-06-07T12:00:00Z",-20.125,150.275,"0.15",0,"24.8","0.59",0,2024-06-07,"06","2024",0.15,24.8,"-20.125 150.275"
"21810070","2024-06-07T12:00:00Z",-20.775,150.425,"0.0",0,"24.330000000000002","0.52",0,2024-06-07,"06","2024",0,24.33,"-20.775 150.425"
"21810071","2024-06-07T12:00:00Z",-20.775,150.475,"0.0",0,"24.39","0.55",0,2024-06-07,"06","2024",0,24.39,"-20.775 150.475"
"21810150","2024-06-07T12:00:00Z",-20.825,150.375,"0.0",0,"24.27","0.49",0,2024-06-07,"06","2024",0,24.27,"-20.825 150.375"
"21810151","2024-06-07T12:00:00Z",-20.825,150.425,"0.0",0,"24.310000000000002","0.53",0,2024-06-07,"06","2024",0,24.31,"-20.825 150.425"
"21810229","2024-06-07T12:00:00Z",-20.875,150.275,"0.0",0,"24.23","0.48",0,2024-06-07,"06","2024",0,24.23,"-20.875 150.275"
"21814230","2024-06-07T12:00:00Z",-23.325,151.875,"0.0",0,"23.900000000000002","0.93",0,2024-06-07,"06","2024",0,23.9,"-23.325 151.875"
"21814472","2024-06-07T12:00:00Z",-23.475,151.825,"0.0",0,"23.41","0.74",0,2024-06-07,"06","2024",0,23.41,"-23.475 151.825"
"21814473","2024-06-07T12:00:00Z",-23.475,151.875,"0.0",0,"23.51","0.76",0,2024-06-07,"06","2024",0,23.51,"-23.475 151.875"
"21814475","2024-06-07T12:00:00Z",-23.475,151.975,"0.0",0,"23.72","0.81",0,2024-06-07,"06","2024",0,23.72,"-23.475 151.975"
"21854941","2024-06-14T12:00:00Z",-20.125,150.275,"0.0",0,"24.29","0.41000000000000003",0,2024-06-14,"06","2024",0,24.29,"-20.125 150.275"
"21855997","2024-06-14T12:00:00Z",-20.775,150.425,"0.0",0,"23.82","0.39",0,2024-06-14,"06","2024",0,23.82,"-20.775 150.425"
"21855998","2024-06-14T12:00:00Z",-20.775,150.475,"0.0",0,"23.85","0.39",0,2024-06-14,"06","2024",0,23.85,"-20.775 150.475"
"21856077","2024-06-14T12:00:00Z",-20.825,150.375,"0.0",0,"23.79","0.4",0,2024-06-14,"06","2024",0,23.79,"-20.825 150.375"
"21856078","2024-06-14T12:00:00Z",-20.825,150.425,"0.0",0,"23.79","0.39",0,2024-06-14,"06","2024",0,23.79,"-20.825 150.425"
"21856156","2024-06-14T12:00:00Z",-20.875,150.275,"0.0",0,"23.81","0.44",0,2024-06-14,"06","2024",0,23.81,"-20.875 150.275"
"21860157","2024-06-14T12:00:00Z",-23.325,151.875,"0.0",0,"23.48","0.85",0,2024-06-14,"06","2024",0,23.48,"-23.325 151.875"
"21860399","2024-06-14T12:00:00Z",-23.475,151.825,"0.0",0,"22.94","0.64",0,2024-06-14,"06","2024",0,22.94,"-23.475 151.825"
"21860400","2024-06-14T12:00:00Z",-23.475,151.875,"0.0",0,"22.990000000000002","0.61",0,2024-06-14,"06","2024",0,22.99,"-23.475 151.875"
"21860402","2024-06-14T12:00:00Z",-23.475,151.975,"0.0",0,"23.16","0.6",0,2024-06-14,"06","2024",0,23.16,"-23.475 151.975"
"21900868","2024-06-21T12:00:00Z",-20.125,150.275,"0.0",0,"24.23","0.59",0,2024-06-21,"06","2024",0,24.23,"-20.125 150.275"
"21901924","2024-06-21T12:00:00Z",-20.775,150.425,"0.0",0,"23.89","0.71",0,2024-06-21,"06","2024",0,23.89,"-20.775 150.425"
"21901925","2024-06-21T12:00:00Z",-20.775,150.475,"0.0",0,"23.93","0.72",0,2024-06-21,"06","2024",0,23.93,"-20.775 150.475"
"21902004","2024-06-21T12:00:00Z",-20.825,150.375,"0.0",0,"23.8","0.67",0,2024-06-21,"06","2024",0,23.8,"-20.825 150.375"
"21902005","2024-06-21T12:00:00Z",-20.825,150.425,"0.0",0,"23.830000000000002","0.68",0,2024-06-21,"06","2024",0,23.83,"-20.825 150.425"
"21902083","2024-06-21T12:00:00Z",-20.875,150.275,"0.0",0,"23.71","0.61",0,2024-06-21,"06","2024",0,23.71,"-20.875 150.275"
"21906084","2024-06-21T12:00:00Z",-23.325,151.875,"0.0",0,"22.990000000000002","0.62",0,2024-06-21,"06","2024",0,22.99,"-23.325 151.875"
"21906326","2024-06-21T12:00:00Z",-23.475,151.825,"0.0",0,"22.47","0.45",0,2024-06-21,"06","2024",0,22.47,"-23.475 151.825"
"21906327","2024-06-21T12:00:00Z",-23.475,151.875,"0.0",0,"22.6","0.5",0,2024-06-21,"06","2024",0,22.6,"-23.475 151.875"
"21906329","2024-06-21T12:00:00Z",-23.475,151.975,"0.0",0,"22.89","0.61",0,2024-06-21,"06","2024",0,22.89,"-23.475 151.975"
"21946795","2024-06-28T12:00:00Z",-20.125,150.275,"0.0",0,"24.32","0.89",0,2024-06-28,"06","2024",0,24.32,"-20.125 150.275"
"21947851","2024-06-28T12:00:00Z",-20.775,150.425,"0.0",0,"23.75","0.8",0,2024-06-28,"06","2024",0,23.75,"-20.775 150.425"
"21947852","2024-06-28T12:00:00Z",-20.775,150.475,"0.0",0,"23.8","0.8200000000000001",0,2024-06-28,"06","2024",0,23.8,"-20.775 150.475"
"21947931","2024-06-28T12:00:00Z",-20.825,150.375,"0.0",0,"23.67","0.78",0,2024-06-28,"06","2024",0,23.67,"-20.825 150.375"
"21947932","2024-06-28T12:00:00Z",-20.825,150.425,"0.0",0,"23.7","0.79",0,2024-06-28,"06","2024",0,23.7,"-20.825 150.425"
"21948010","2024-06-28T12:00:00Z",-20.875,150.275,"0.0",0,"23.62","0.77",0,2024-06-28,"06","2024",0,23.62,"-20.875 150.275"
"21952011","2024-06-28T12:00:00Z",-23.325,151.875,"0.0",0,"22.87","0.75",0,2024-06-28,"06","2024",0,22.87,"-23.325 151.875"
"21952253","2024-06-28T12:00:00Z",-23.475,151.825,"0.0",0,"22.39","0.63",0,2024-06-28,"06","2024",0,22.39,"-23.475 151.825"
"21952254","2024-06-28T12:00:00Z",-23.475,151.875,"0.0",0,"22.44","0.6",0,2024-06-28,"06","2024",0,22.44,"-23.475 151.875"
"21952256","2024-06-28T12:00:00Z",-23.475,151.975,"0.0",0,"22.64","0.62",0,2024-06-28,"06","2024",0,22.64,"-23.475 151.975"
"21992722","2024-07-08T12:00:00Z",-20.125,150.275,"0.0",0,"23.97","0.85",0,2024-07-08,"07","2024",0,23.97,"-20.125 150.275"
"21993778","2024-07-08T12:00:00Z",-20.775,150.425,"0.0",0,"23.37","0.76",0,2024-07-08,"07","2024",0,23.37,"-20.775 150.425"
"21993779","2024-07-08T12:00:00Z",-20.775,150.475,"0.0",0,"23.400000000000002","0.75",0,2024-07-08,"07","2024",0,23.4,"-20.775 150.475"
"21993858","2024-07-08T12:00:00Z",-20.825,150.375,"0.0",0,"23.31","0.76",0,2024-07-08,"07","2024",0,23.31,"-20.825 150.375"
"21993859","2024-07-08T12:00:00Z",-20.825,150.425,"0.0",0,"23.330000000000002","0.75",0,2024-07-08,"07","2024",0,23.33,"-20.825 150.425"
"21993937","2024-07-08T12:00:00Z",-20.875,150.275,"0.0",0,"23.240000000000002","0.75",0,2024-07-08,"07","2024",0,23.24,"-20.875 150.275"
"21997938","2024-07-08T12:00:00Z",-23.325,151.875,"0.0",0,"22.67","0.91",0,2024-07-08,"07","2024",0,22.67,"-23.325 151.875"
"21998180","2024-07-08T12:00:00Z",-23.475,151.825,"0.0",0,"22.31","0.93",0,2024-07-08,"07","2024",0,22.31,"-23.475 151.825"
"21998181","2024-07-08T12:00:00Z",-23.475,151.875,"0.0",0,"22.43","0.97",0,2024-07-08,"07","2024",0,22.43,"-23.475 151.875"
"21998183","2024-07-08T12:00:00Z",-23.475,151.975,"0.0",0,"22.69","1.05",0,2024-07-08,"07","2024",0,22.69,"-23.475 151.975"
"22038649","2024-07-15T12:00:00Z",-20.125,150.275,"0.0",0,"23.75","0.85",0,2024-07-15,"07","2024",0,23.75,"-20.125 150.275"
"22039705","2024-07-15T12:00:00Z",-20.775,150.425,"0.0",0,"23.05","0.67",0,2024-07-15,"07","2024",0,23.05,"-20.775 150.425"
"22039706","2024-07-15T12:00:00Z",-20.775,150.475,"0.0",0,"23.11","0.6900000000000001",0,2024-07-15,"07","2024",0,23.11,"-20.775 150.475"
"22039785","2024-07-15T12:00:00Z",-20.825,150.375,"0.0",0,"22.97","0.66",0,2024-07-15,"07","2024",0,22.97,"-20.825 150.375"
"22039786","2024-07-15T12:00:00Z",-20.825,150.425,"0.0",0,"22.990000000000002","0.65",0,2024-07-15,"07","2024",0,22.99,"-20.825 150.425"
"22039864","2024-07-15T12:00:00Z",-20.875,150.275,"0.0",0,"22.900000000000002","0.66",0,2024-07-15,"07","2024",0,22.9,"-20.875 150.275"
"22043865","2024-07-15T12:00:00Z",-23.325,151.875,"0.0",0,"22.240000000000002","0.73",0,2024-07-15,"07","2024",0,22.24,"-23.325 151.875"
"22044107","2024-07-15T12:00:00Z",-23.475,151.825,"0.0",0,"21.88","0.76",0,2024-07-15,"07","2024",0,21.88,"-23.475 151.825"
"22044108","2024-07-15T12:00:00Z",-23.475,151.875,"0.0",0,"21.98","0.78",0,2024-07-15,"07","2024",0,21.98,"-23.475 151.875"
"22044110","2024-07-15T12:00:00Z",-23.475,151.975,"0.0",0,"22.19","0.81",0,2024-07-15,"07","2024",0,22.19,"-23.475 151.975"
"22084576","2024-07-22T12:00:00Z",-20.125,150.275,"0.0",0,"23.43","0.59",0,2024-07-22,"07","2024",0,23.43,"-20.125 150.275"
"22085632","2024-07-22T12:00:00Z",-20.775,150.425,"0.0",0,"22.7","0.4",0,2024-07-22,"07","2024",0,22.7,"-20.775 150.425"
"22085633","2024-07-22T12:00:00Z",-20.775,150.475,"0.0",0,"22.79","0.45",0,2024-07-22,"07","2024",0,22.79,"-20.775 150.475"
"22085712","2024-07-22T12:00:00Z",-20.825,150.375,"0.0",0,"22.52","0.29",0,2024-07-22,"07","2024",0,22.52,"-20.825 150.375"
"22085713","2024-07-22T12:00:00Z",-20.825,150.425,"0.0",0,"22.6","0.34",0,2024-07-22,"07","2024",0,22.6,"-20.825 150.425"
"22085791","2024-07-22T12:00:00Z",-20.875,150.275,"0.0",0,"22.400000000000002","0.23",0,2024-07-22,"07","2024",0,22.4,"-20.875 150.275"
"22089792","2024-07-22T12:00:00Z",-23.325,151.875,"0.0",0,"21.63","0.21",0,2024-07-22,"07","2024",0,21.63,"-23.325 151.875"
"22090034","2024-07-22T12:00:00Z",-23.475,151.825,"0.0",0,"21.27","0.23",0,2024-07-22,"07","2024",0,21.27,"-23.475 151.825"
"22090035","2024-07-22T12:00:00Z",-23.475,151.875,"0.0",0,"21.39","0.27",0,2024-07-22,"07","2024",0,21.39,"-23.475 151.875"
"22090037","2024-07-22T12:00:00Z",-23.475,151.975,"0.0",0,"21.580000000000002","0.28",0,2024-07-22,"07","2024",0,21.58,"-23.475 151.975"
"22130503","2024-07-30T12:00:00Z",-20.125,150.275,"0.0",0,"23.47","0.6900000000000001",0,2024-07-30,"07","2024",0,23.47,"-20.125 150.275"
"22131559","2024-07-30T12:00:00Z",-20.775,150.425,"0.0",0,"22.81","0.6",0,2024-07-30,"07","2024",0,22.81,"-20.775 150.425"
"22131560","2024-07-30T12:00:00Z",-20.775,150.475,"0.0",0,"22.830000000000002","0.58",0,2024-07-30,"07","2024",0,22.83,"-20.775 150.475"
"22131639","2024-07-30T12:00:00Z",-20.825,150.375,"0.0",0,"22.740000000000002","0.59",0,2024-07-30,"07","2024",0,22.74,"-20.825 150.375"
"22131640","2024-07-30T12:00:00Z",-20.825,150.425,"0.0",0,"22.76","0.59",0,2024-07-30,"07","2024",0,22.76,"-20.825 150.425"
"22131718","2024-07-30T12:00:00Z",-20.875,150.275,"0.0",0,"22.62","0.53",0,2024-07-30,"07","2024",0,22.62,"-20.875 150.275"
"22135719","2024-07-30T12:00:00Z",-23.325,151.875,"0.0",0,"21.44","0.12",0,2024-07-30,"07","2024",0,21.44,"-23.325 151.875"
"22135961","2024-07-30T12:00:00Z",-23.475,151.825,"0.0",0,"20.990000000000002","0.03",0,2024-07-30,"07","2024",0,20.99,"-23.475 151.825"
"22135962","2024-07-30T12:00:00Z",-23.475,151.875,"0.0",0,"21.14","0.11",0,2024-07-30,"07","2024",0,21.14,"-23.475 151.875"
"22135964","2024-07-30T12:00:00Z",-23.475,151.975,"0.0",0,"21.57","0.37",0,2024-07-30,"07","2024",0,21.57,"-23.475 151.975"
"22176430","2024-08-06T12:00:00Z",-20.125,150.275,"0.0",0,"22.79","0.07",0,2024-08-06,"08","2024",0,22.79,"-20.125 150.275"
"22177486","2024-08-06T12:00:00Z",-20.775,150.425,"0.0",0,"22.38","0.25",0,2024-08-06,"08","2024",0,22.38,"-20.775 150.425"
"22177487","2024-08-06T12:00:00Z",-20.775,150.475,"0.0",0,"22.41","0.24",0,2024-08-06,"08","2024",0,22.41,"-20.775 150.475"
"22177566","2024-08-06T12:00:00Z",-20.825,150.375,"0.0",0,"22.29","0.22",0,2024-08-06,"08","2024",0,22.29,"-20.825 150.375"
"22177567","2024-08-06T12:00:00Z",-20.825,150.425,"0.0",0,"22.31","0.22",0,2024-08-06,"08","2024",0,22.31,"-20.825 150.425"
"22177645","2024-08-06T12:00:00Z",-20.875,150.275,"0.0",0,"22.23","0.22",0,2024-08-06,"08","2024",0,22.23,"-20.875 150.275"
"22181646","2024-08-06T12:00:00Z",-23.325,151.875,"0.0",0,"22.46","1.23",0,2024-08-06,"08","2024",0,22.46,"-23.325 151.875"
"22181888","2024-08-06T12:00:00Z",-23.475,151.825,"0.0",0,"21.98","1.1",0,2024-08-06,"08","2024",0,21.98,"-23.475 151.825"
"22181889","2024-08-06T12:00:00Z",-23.475,151.875,"0.0",0,"22.09","1.1500000000000001",0,2024-08-06,"08","2024",0,22.09,"-23.475 151.875"
"22181891","2024-08-06T12:00:00Z",-23.475,151.975,"0.0",0,"22.3","1.18",0,2024-08-06,"08","2024",0,22.3,"-23.475 151.975"
"22222357","2024-08-13T12:00:00Z",-20.125,150.275,"0.0",0,"22.98","0.31",0,2024-08-13,"08","2024",0,22.98,"-20.125 150.275"
"22223413","2024-08-13T12:00:00Z",-20.775,150.425,"0.0",0,"22.55","0.5",0,2024-08-13,"08","2024",0,22.55,"-20.775 150.425"
"22223414","2024-08-13T12:00:00Z",-20.775,150.475,"0.0",0,"22.61","0.52",0,2024-08-13,"08","2024",0,22.61,"-20.775 150.475"
"22223493","2024-08-13T12:00:00Z",-20.825,150.375,"0.0",0,"22.44","0.45",0,2024-08-13,"08","2024",0,22.44,"-20.825 150.375"
"22223494","2024-08-13T12:00:00Z",-20.825,150.425,"0.0",0,"22.490000000000002","0.48",0,2024-08-13,"08","2024",0,22.49,"-20.825 150.425"
"22223572","2024-08-13T12:00:00Z",-20.875,150.275,"0.0",0,"22.37","0.43",0,2024-08-13,"08","2024",0,22.37,"-20.875 150.275"
"22227573","2024-08-13T12:00:00Z",-23.325,151.875,"0.0",0,"22.18","1.04",0,2024-08-13,"08","2024",0,22.18,"-23.325 151.875"
"22227815","2024-08-13T12:00:00Z",-23.475,151.825,"0.0",0,"21.73","0.93",0,2024-08-13,"08","2024",0,21.73,"-23.475 151.825"
"22227816","2024-08-13T12:00:00Z",-23.475,151.875,"0.0",0,"21.85","0.99",0,2024-08-13,"08","2024",0,21.85,"-23.475 151.875"
"22227818","2024-08-13T12:00:00Z",-23.475,151.975,"0.0",0,"22.06","1.03",0,2024-08-13,"08","2024",0,22.06,"-23.475 151.975"
