"","obs","pit","belt","Survey","Date","Region","Reef","Site","Zone","Transect_Code","Reef_pit","Site_pit","Transect_pit","Depth_pit","Complexity..0.5._pit","sand","rubble","GPS.S","GPS.E","coordID","grid.lat","grid.lon","gridID","max.dhw","tlast","sumN","tlast_pre","sumN_pre","Ncoral","NcoralSC","nbleach","nbleachSC","ndead","pdead","pbleach","coral_cov","acro","poc","por","tab","region2","reef_use"
"1","ELF_B1_S1 Apr","ELF_B1_S1 Apr","ELF_B1_S1 Apr","Apr","03/03/2024","Cairns","Elford","B1 - Lagoon","Slope","ELF_B1_S1","Elford","ELF_B1","ELF_B1_S1",3.5,2.5,9,0,16.92017,146.27783,"-16.92017 146.27783",-16.925,146.275,"-16.925 146.275",7.2,7,2,7,1,29,34,23,23,1,0.0344827586206897,0.793103448275862,21.978021978022,5.49450549450549,3.2967032967033,3.2967032967033,0,"Cairns","Elford"
"2","ELF_B1_S2 Apr","ELF_B1_S2 Apr","ELF_B1_S2 Apr","Apr","03/03/2024","Cairns","Elford","B1 - Lagoon","Slope","ELF_B1_S2","Elford","ELF_B1","ELF_B1_S2",3.5,2,9,0,16.92017,146.27783,"-16.92017 146.27783",-16.925,146.275,"-16.925 146.275",7.2,7,2,7,1,28,69,22,23,1,0.0357142857142857,0.785714285714286,25.2747252747253,9.89010989010989,9.89010989010989,3.2967032967033,1.0989010989011,"Cairns","Elford"
"3","ELF_B1_C1 Apr","ELF_B1_C1 Apr","ELF_B1_C1 Apr","Apr","03/03/2024","Cairns","Elford","B1 - Lagoon","Crest","ELF_B1_C1","Elford","ELF_B1","ELF_B1_C1",1.5,3,4,0,16.92017,146.27783,"-16.92017 146.27783",-16.925,146.275,"-16.925 146.275",7.2,7,2,7,1,50,79,37,43,8,0.16,0.74,29.1666666666667,8.33333333333333,2.08333333333333,9.375,1.04166666666667,"Cairns","Elford"
"4","ELF_B1_C2 Apr","ELF_B1_C2 Apr","ELF_B1_C2 Apr","Apr","03/03/2024","Cairns","Elford","B1 - Lagoon","Crest","ELF_B1_C2","Elford","ELF_B1","ELF_B1_C2",1.5,3,1,0,16.92017,146.27783,"-16.92017 146.27783",-16.925,146.275,"-16.925 146.275",7.2,7,2,7,1,52,102,46,48,3,0.0576923076923077,0.884615384615385,32.3232323232323,17.1717171717172,4.04040404040404,6.06060606060606,4.04040404040404,"Cairns","Elford"
"5","ELF_B2_S1 Apr","ELF_B2_S1 Apr","ELF_B2_S1 Apr","Apr","03/03/2024","Cairns","Elford","B2 - NE Point","Slope","ELF_B2_S1","Elford","ELF_B2","ELF_B2_S1",9,3,2,0,16.91089,146.28952,"-16.91089 146.28952",-16.925,146.275,"-16.925 146.275",7.2,7,2,7,1,39,55,20,20,3,0.0769230769230769,0.512820512820513,20.4081632653061,3.06122448979592,1.02040816326531,2.04081632653061,0,"Cairns","Elford"
"6","ELF_B2_S2 Apr","ELF_B2_S2 Apr","ELF_B2_S2 Apr","Apr","03/03/2024","Cairns","Elford","B2 - NE Point","Slope","ELF_B2_S2","Elford","ELF_B2","ELF_B2_S2",9,3.5,19,0,16.91089,146.28952,"-16.91089 146.28952",-16.925,146.275,"-16.925 146.275",7.2,7,2,7,1,33,35,1,1,0,0,0.0303030303030303,20.9876543209876,3.7037037037037,2.46913580246914,1.23456790123457,0,"Cairns","Elford"
"7","ELF_B2_C1 Apr","ELF_B2_C1 Apr","ELF_B2_C1 Apr","Apr","03/03/2024","Cairns","Elford","B2 - NE Point","Crest","ELF_B2_C1","Elford","ELF_B2","ELF_B2_C1",1.5,3.5,0,0,16.91089,146.28952,"-16.91089 146.28952",-16.925,146.275,"-16.925 146.275",7.2,7,2,7,1,46,46,31,31,2,0.0434782608695652,0.673913043478261,70,53,9,2,9,"Cairns","Elford"
"8","ELF_B2_C2 Apr","ELF_B2_C2 Apr","ELF_B2_C2 Apr","Apr","03/03/2024","Cairns","Elford","B2 - NE Point","Crest","ELF_B2_C2","Elford","ELF_B2","ELF_B2_C2",1.5,3.5,0,0,16.91089,146.28952,"-16.91089 146.28952",-16.925,146.275,"-16.925 146.275",7.2,7,2,7,1,37,47,26,29,2,0.0540540540540541,0.702702702702703,56,50,4,0,11,"Cairns","Elford"
"9","ELF_B3_S1 Apr","ELF_B3_S1 Apr","ELF_B3_S1 Apr","Apr","03/03/2024","Cairns","Elford","B3 - SE Channel","Slope","ELF_B3_S1","Elford","ELF_B3","ELF_B3_S1",8,3,0,0,16.92845,146.25786,"-16.92845 146.25786",-16.975,146.225,"-16.975 146.225",6.8,7,2,7,1,18,22,4,5,0,0,0.222222222222222,16,5,1,4,3,"Cairns","Elford"
"10","ELF_B3_S2 Apr","ELF_B3_S2 Apr","ELF_B3_S2 Apr","Apr","03/03/2024","Cairns","Elford","B3 - SE Channel","Slope","ELF_B3_S2","Elford","ELF_B3","ELF_B3_S2",8,3,0,0,16.92845,146.25786,"-16.92845 146.25786",-16.975,146.225,"-16.975 146.225",6.8,7,2,7,1,19,23,3,3,0,0,0.157894736842105,19,9,0,5,0,"Cairns","Elford"
"11","ELF_B3_C1 Apr","ELF_B3_C1 Apr","ELF_B3_C1 Apr","Apr","03/03/2024","Cairns","Elford","B3 - SE Channel","Crest","ELF_B3_C1","Elford","ELF_B3","ELF_B3_C1",1.5,2.5,0,0,16.92845,146.25786,"-16.92845 146.25786",-16.975,146.225,"-16.975 146.225",6.8,7,2,7,1,22,30,15,19,0,0,0.681818181818182,19,10,2,2,6,"Cairns","Elford"
"12","ELF_B3_C2 Apr","ELF_B3_C2 Apr","ELF_B3_C2 Apr","Apr","03/03/2024","Cairns","Elford","B3 - SE Channel","Crest","ELF_B3_C2","Elford","ELF_B3","ELF_B3_C2",1.5,2.5,0,0,16.92845,146.25786,"-16.92845 146.25786",-16.975,146.225,"-16.975 146.225",6.8,7,2,7,1,20,27,6,11,0,0,0.3,29,22,4,0,10,"Cairns","Elford"
"13","MOO_B1_S1 Apr","MOO_B1_S1 Apr","MOO_B1_S1 Apr","Apr","04/03/2024","Cairns","Moore","B1 - South","Slope","MOO_B1_S1","Moore","MOO_B1","MOO_B1_S1",8,2.5,0,0,16.88011,146.2486,"-16.88011 146.2486",-16.925,146.225,"-16.925 146.225",6.78,7,2,7,1,6,16,3,4,1,0.166666666666667,0.5,10,3,2,0,0,"Cairns","Moore"
"14","MOO_B1_S2 Apr","MOO_B1_S2 Apr","MOO_B1_S2 Apr","Apr","04/03/2024","Cairns","Moore","B1 - South","Slope","MOO_B1_S2","Moore","MOO_B1","MOO_B1_S2",8,2.5,0,0,16.88011,146.2486,"-16.88011 146.2486",-16.925,146.225,"-16.925 146.225",6.78,7,2,7,1,12,24,3,3,0,0,0.25,11,1,1,1,0,"Cairns","Moore"
"15","MOO_B1_C1 Apr","MOO_B1_C1 Apr","MOO_B1_C1 Apr","Apr","04/03/2024","Cairns","Moore","B1 - South","Crest","MOO_B1_C1","Moore","MOO_B1","MOO_B1_C1",2,2,0,0,16.88011,146.2486,"-16.88011 146.2486",-16.925,146.225,"-16.925 146.225",6.78,7,2,7,1,28,49,22,29,1,0.0357142857142857,0.785714285714286,17,9,6,2,2,"Cairns","Moore"
"16","MOO_B1_C2 Apr","MOO_B1_C2 Apr","MOO_B1_C2 Apr","Apr","04/03/2024","Cairns","Moore","B1 - South","Crest","MOO_B1_C2","Moore","MOO_B1","MOO_B1_C2",2,2,0,0,16.88011,146.2486,"-16.88011 146.2486",-16.925,146.225,"-16.925 146.225",6.78,7,2,7,1,20,27,14,19,1,0.05,0.7,16,9,6,0,1,"Cairns","Moore"
"17","MOO_B2_S1 Apr","MOO_B2_S1 Apr","MOO_B2_S1 Apr","Apr","04/03/2024","Cairns","Moore","B2 - East","Slope","MOO_B2_S1","Moore","MOO_B2","MOO_B2_S1",8.5,4,0,0,16.85787,146.24741,"-16.85787 146.24741",-16.875,146.225,"-16.875 146.225",7.17,7,2,7,1,10,16,0,0,0,0,0,19,3,1,1,2,"Cairns","Moore"
"18","MOO_B2_S2 Apr","MOO_B2_S2 Apr","MOO_B2_S2 Apr","Apr","04/03/2024","Cairns","Moore","B2 - East","Slope","MOO_B2_S2","Moore","MOO_B2","MOO_B2_S2",8.5,4,0,0,16.85787,146.24741,"-16.85787 146.24741",-16.875,146.225,"-16.875 146.225",7.17,7,2,7,1,27,35,1,1,0,0,0.037037037037037,11,0,0,0,0,"Cairns","Moore"
"19","MOO_B2_C1 Apr","MOO_B2_C1 Apr","MOO_B2_C1 Apr","Apr","04/03/2024","Cairns","Moore","B2 - East","Crest","MOO_B2_C1","Moore","MOO_B2","MOO_B2_C1",2,2,0,0,16.85787,146.24741,"-16.85787 146.24741",-16.875,146.225,"-16.875 146.225",7.17,7,2,7,1,26,26,9,9,0,0,0.346153846153846,25,15,3,0,1,"Cairns","Moore"
"20","MOO_B2_C2 Apr","MOO_B2_C2 Apr","MOO_B2_C2 Apr","Apr","04/03/2024","Cairns","Moore","B2 - East","Crest","MOO_B2_C2","Moore","MOO_B2","MOO_B2_C2",2,2,0,0,16.85787,146.24741,"-16.85787 146.24741",-16.875,146.225,"-16.875 146.225",7.17,7,2,7,1,24,25,9,10,0,0,0.375,22,16,5,0,9,"Cairns","Moore"
"21","MOO_B3_S1 Apr","MOO_B3_S1 Apr","MOO_B3_S1 Apr","Apr","04/03/2024","Cairns","Moore","B3 - Satellite bommie","Slope","MOO_B3_S1","Moore","MOO_B3","MOO_B3_S1",8.3,3.5,0,0,16.88011,146.2486,"-16.88011 146.2486",-16.925,146.225,"-16.925 146.225",6.78,7,2,7,1,13,22,2,2,0,0,0.153846153846154,21,12,0,3,2,"Cairns","Moore"
"22","MOO_B3_S2 Apr","MOO_B3_S2 Apr","MOO_B3_S2 Apr","Apr","04/03/2024","Cairns","Moore","B3 - Satellite bommie","Slope","MOO_B3_S2","Moore","MOO_B3","MOO_B3_S2",8.3,2.5,0,0,16.84727,146.2189,"-16.84727 146.2189",-16.875,146.175,"-16.875 146.175",6.89,7,2,7,1,11,42,0,0,0,0,0,21,8,0,9,1,"Cairns","Moore"
"23","MOO_B3_C1 Apr","MOO_B3_C1 Apr","MOO_B3_C1 Apr","Apr","04/03/2024","Cairns","Moore","B3 - Satellite bommie","Crest","MOO_B3_C1","Moore","MOO_B3","MOO_B3_C1",1.7,3.5,0,0,16.84727,146.2189,"-16.84727 146.2189",-16.875,146.175,"-16.875 146.175",6.89,7,2,7,1,22,89,3,18,0,0,0.136363636363636,27,22,4,0,10,"Cairns","Moore"
"24","MOO_B3_C2 Apr","MOO_B3_C2 Apr","MOO_B3_C2 Apr","Apr","04/03/2024","Cairns","Moore","B3 - Satellite bommie","Crest","MOO_B3_C2","Moore","MOO_B3","MOO_B3_C2",1.7,3.5,0,0,16.84727,146.2189,"-16.84727 146.2189",-16.875,146.175,"-16.875 146.175",6.89,7,2,7,1,17,97,11,17,0,0,0.647058823529412,22,15,7,0,9,"Cairns","Moore"
"25","THE_B1_S1 Apr","THE_B1_S1 Apr","THE_B1_S1 Apr","Apr","06/03/2024","Cairns","Thetford","B1 - East Reef Mooring","Slope","THE_B1_S1","Thetford","THE_B1","THE_B1_S1",8,2.5,2,0,16.798,146.170892,"-16.798 146.170892",-16.825,146.125,"-16.825 146.125",7.42,4,3,4,2,46,73,17,18,0,0,0.369565217391304,19.3877551020408,3.06122448979592,6.12244897959184,7.14285714285714,0,"Cairns","Thetford"
"26","THE_B1_S2 Apr","THE_B1_S2 Apr","THE_B1_S2 Apr","Apr","06/03/2024","Cairns","Thetford","B1 - East Reef Mooring","Slope","THE_B1_S2","Thetford","THE_B1","THE_B1_S2",8,2,6,0,16.798,146.170892,"-16.798 146.170892",-16.825,146.125,"-16.825 146.125",7.42,4,3,4,2,58,76,25,26,0,0,0.431034482758621,23.4042553191489,5.31914893617021,4.25531914893617,7.4468085106383,0,"Cairns","Thetford"
"27","THE_B1_C1 Apr","THE_B1_C1 Apr","THE_B1_C1 Apr","Apr","06/03/2024","Cairns","Thetford","B1 - East Reef Mooring","Crest","THE_B1_C1","Thetford","THE_B1","THE_B1_C1",2.5,1.5,4,0,16.798,146.170892,"-16.798 146.170892",-16.825,146.125,"-16.825 146.125",7.42,4,3,4,2,64,161,53,54,0,0,0.828125,21.875,9.375,9.375,2.08333333333333,3.125,"Cairns","Thetford"
"28","THE_B1_C2 Apr","THE_B1_C2 Apr","THE_B1_C2 Apr","Apr","06/03/2024","Cairns","Thetford","B1 - East Reef Mooring","Crest","THE_B1_C2","Thetford","THE_B1","THE_B1_C2",2.5,1.5,4,0,16.798,146.170892,"-16.798 146.170892",-16.825,146.125,"-16.825 146.125",7.42,4,3,4,2,87,100,74,77,0,0,0.850574712643678,26.0416666666667,14.5833333333333,7.29166666666667,2.08333333333333,4.16666666666667,"Cairns","Thetford"
"29","THE_B2_S1 Apr","THE_B2_S1 Apr","THE_B2_S1 Apr","Apr","06/03/2024","Cairns","Thetford","B2 - Crescent patch","Slope","THE_B2_S1","Thetford","THE_B2","THE_B2_S1",8,2,9,0,16.798,146.170892,"-16.798 146.170892",-16.825,146.125,"-16.825 146.125",7.42,4,3,4,2,58,79,36,36,1,0.0172413793103448,0.620689655172414,14.2857142857143,2.1978021978022,1.0989010989011,6.59340659340659,0,"Cairns","Thetford"
"30","THE_B2_S2 Apr","THE_B2_S2 Apr","THE_B2_S2 Apr","Apr","06/03/2024","Cairns","Thetford","B2 - Crescent patch","Slope","THE_B2_S2","Thetford","THE_B2","THE_B2_S2",8,2,3,0,16.798,146.170892,"-16.798 146.170892",-16.825,146.125,"-16.825 146.125",7.42,4,3,4,2,36,66,19,19,0,0,0.527777777777778,16.4948453608247,3.09278350515464,0,9.27835051546392,0,"Cairns","Thetford"
"31","THE_B2_C1 Apr","THE_B2_C1 Apr","THE_B2_C1 Apr","Apr","06/03/2024","Cairns","Thetford","B2 - Crescent patch","Crest","THE_B2_C1","Thetford","THE_B2","THE_B2_C1",2,2.5,6,0,16.798,146.170892,"-16.798 146.170892",-16.825,146.125,"-16.825 146.125",7.42,4,3,4,2,62,98,52,62,2,0.032258064516129,0.838709677419355,23.4042553191489,13.8297872340426,1.06382978723404,3.19148936170213,4.25531914893617,"Cairns","Thetford"
"32","THE_B2_C2 Apr","THE_B2_C2 Apr","THE_B2_C2 Apr","Apr","06/03/2024","Cairns","Thetford","B2 - Crescent patch","Crest","THE_B2_C2","Thetford","THE_B2","THE_B2_C2",2.5,2,2,0,16.798,146.170892,"-16.798 146.170892",-16.825,146.125,"-16.825 146.125",7.42,4,3,4,2,26,44,21,22,2,0.0769230769230769,0.807692307692308,25.5102040816327,14.2857142857143,5.10204081632653,3.06122448979592,1.02040816326531,"Cairns","Thetford"
"33","THE_B3_S1 Apr","THE_B3_S1 Apr","THE_B3_S1 Apr","Apr","06/03/2024","Cairns","Thetford","B3 - North Point","Slope","THE_B3_S1","Thetford","THE_B3","THE_B3_S1",8,2,19,0,16.798,146.170892,"-16.798 146.170892",-16.825,146.125,"-16.825 146.125",7.42,4,3,4,2,20,23,5,5,2,0.1,0.25,16.0493827160494,1.23456790123457,1.23456790123457,7.40740740740741,0,"Cairns","Thetford"
"34","THE_B3_S2 Apr","THE_B3_S2 Apr","THE_B3_S2 Apr","Apr","06/03/2024","Cairns","Thetford","B3 - North Point","Slope","THE_B3_S2","Thetford","THE_B3","THE_B3_S2",8,2,3,0,16.798,146.170892,"-16.798 146.170892",-16.825,146.125,"-16.825 146.125",7.42,4,3,4,2,40,47,24,24,0,0,0.6,10.3092783505155,3.09278350515464,0,2.06185567010309,0,"Cairns","Thetford"
"35","THE_B3_C1 Apr","THE_B3_C1 Apr","THE_B3_C1 Apr","Apr","06/03/2024","Cairns","Thetford","B3 - North Point","Crest","THE_B3_C1","Thetford","THE_B3","THE_B3_C1",1,1.5,0,0,16.798,146.170892,"-16.798 146.170892",-16.825,146.125,"-16.825 146.125",7.42,4,3,4,2,72,87,54,56,0,0,0.75,19,10,4,1,0,"Cairns","Thetford"
"36","THE_B3_C2 Apr","THE_B3_C2 Apr","THE_B3_C2 Apr","Apr","06/03/2024","Cairns","Thetford","B3 - North Point","Crest","THE_B3_C2","Thetford","THE_B3","THE_B3_C2",1,2,0,0,16.798,146.170892,"-16.798 146.170892",-16.825,146.125,"-16.825 146.125",7.42,4,3,4,2,42,58,27,32,0,0,0.642857142857143,23,14,3,3,2,"Cairns","Thetford"
"37","WIS_B1_S1 Apr","WIS_B1_S1 Apr","WIS_B1_S1 Apr","Apr","15/03/2024","Capricorn Bunkers","Wistari","B1 - NW","Slope","WIS_B1_S1","Wistari","WIS_B1","WIS_B1_S1",6,2,7,0,23.46908,151.8989,"-23.46908 151.8989",-23.475,151.875,"-23.475 151.875",11.32,4,2,4,1,43,43,35,35,5,0.116279069767442,0.813953488372093,35.4838709677419,29.0322580645161,0,1.0752688172043,3.2258064516129,"Gladstone","Wistari"
"38","WIS_B1_S2 Apr","WIS_B1_S2 Apr","WIS_B1_S2 Apr","Apr","15/03/2024","Capricorn Bunkers","Wistari","B1 - NW","Slope","WIS_B1_S2","Wistari","WIS_B1","WIS_B1_S2",5.1,2.5,0,0,23.46908,151.8989,"-23.46908 151.8989",-23.475,151.875,"-23.475 151.875",11.32,4,2,4,1,70,90,53,65,7,0.1,0.757142857142857,47,35,1,3,0,"Gladstone","Wistari"
"39","WIS_B1_S3 Apr","WIS_B1_S3 Apr","WIS_B1_S3 Apr","Apr","15/03/2024","Capricorn Bunkers","Wistari","B1 - NW","Slope","WIS_B1_S3","Wistari","WIS_B1","WIS_B1_S3",5.5,2,4,0,23.46908,151.8989,"-23.46908 151.8989",-23.475,151.875,"-23.475 151.875",11.32,4,2,4,1,74,78,70,70,11,0.148648648648649,0.945945945945946,61.4583333333333,57.2916666666667,0,1.04166666666667,0,"Gladstone","Wistari"
"40","WIS_B1_C1 Apr","WIS_B1_C1 Apr","WIS_B1_C1 Apr","Apr","15/03/2024","Capricorn Bunkers","Wistari","B1 - NW","Crest","WIS_B1_C1","Wistari","WIS_B1","WIS_B1_C1",1.6,1,0,0,23.46908,151.8989,"-23.46908 151.8989",-23.475,151.875,"-23.475 151.875",11.32,4,2,4,1,47,48,44,45,35,0.74468085106383,0.936170212765957,56,42,3,0,1,"Gladstone","Wistari"
"41","WIS_B1_C2 Apr","WIS_B1_C2 Apr","WIS_B1_C2 Apr","Apr","15/03/2024","Capricorn Bunkers","Wistari","B1 - NW","Crest","WIS_B1_C2","Wistari","WIS_B1","WIS_B1_C2",1.5,1,4,0,23.46908,151.8989,"-23.46908 151.8989",-23.475,151.875,"-23.475 151.875",11.32,4,2,4,1,59,64,52,57,20,0.338983050847458,0.88135593220339,59.375,52.0833333333333,0,0,2.08333333333333,"Gladstone","Wistari"
"42","WIS_B1_C3 Apr","WIS_B1_C3 Apr","WIS_B1_C3 Apr","Apr","15/03/2024","Capricorn Bunkers","Wistari","B1 - NW","Crest","WIS_B1_C3","Wistari","WIS_B1","WIS_B1_C3",1.5,1,0,0,23.46908,151.8989,"-23.46908 151.8989",-23.475,151.875,"-23.475 151.875",11.32,4,2,4,1,48,52,31,35,20,0.416666666666667,0.645833333333333,63,51,6,0,1,"Gladstone","Wistari"
"43","WIS_B2_S1 Apr","WIS_B2_S1 Apr","WIS_B2_S1 Apr","Apr","15/03/2024","Capricorn Bunkers","Wistari","B2 - North","Slope","WIS_B2_S1","Wistari","WIS_B2","WIS_B2_S1",7.5,3.5,7,0,23.46908,151.84262,"-23.46908 151.84262",-23.475,151.825,"-23.475 151.825",11.28,4,2,4,1,47,49,39,39,1,0.0212765957446809,0.829787234042553,40.8602150537634,22.5806451612903,0,2.1505376344086,3.2258064516129,"Gladstone","Wistari"
"44","WIS_B2_S2 Apr","WIS_B2_S2 Apr","WIS_B2_S2 Apr","Apr","15/03/2024","Capricorn Bunkers","Wistari","B2 - North","Slope","WIS_B2_S2","Wistari","WIS_B2","WIS_B2_S2",7.5,3,8,0,23.46908,151.84262,"-23.46908 151.84262",-23.475,151.825,"-23.475 151.825",11.28,4,2,4,1,19,19,15,15,0,0,0.789473684210526,60.8695652173913,53.2608695652174,0,1.08695652173913,2.17391304347826,"Gladstone","Wistari"
"45","WIS_B2_S3 Apr","WIS_B2_S3 Apr","WIS_B2_S3 Apr","Apr","15/03/2024","Capricorn Bunkers","Wistari","B2 - North","Slope","WIS_B2_S3","Wistari","WIS_B2","WIS_B2_S3",7,3,8,0,23.46908,151.84262,"-23.46908 151.84262",-23.475,151.825,"-23.475 151.825",11.28,4,2,4,1,40,45,29,31,0,0,0.725,50,35.8695652173913,2.17391304347826,0,2.17391304347826,"Gladstone","Wistari"
"46","WIS_B2_C1 Apr","WIS_B2_C1 Apr","WIS_B2_C1 Apr","Apr","15/03/2024","Capricorn Bunkers","Wistari","B2 - North","Crest","WIS_B2_C1","Wistari","WIS_B2","WIS_B2_C1",2,2.5,0,0,23.46908,151.84262,"-23.46908 151.84262",-23.475,151.825,"-23.475 151.825",11.28,4,2,4,1,39,56,33,33,17,0.435897435897436,0.846153846153846,36,22,2,2,13,"Gladstone","Wistari"
"47","WIS_B2_C2 Apr","WIS_B2_C2 Apr","WIS_B2_C2 Apr","Apr","15/03/2024","Capricorn Bunkers","Wistari","B2 - North","Crest","WIS_B2_C2","Wistari","WIS_B2","WIS_B2_C2",2,2,6,0,23.46908,151.84262,"-23.46908 151.84262",-23.475,151.825,"-23.475 151.825",11.28,4,2,4,1,51,53,32,33,2,0.0392156862745098,0.627450980392157,32.9787234042553,23.4042553191489,1.06382978723404,1.06382978723404,13.8297872340426,"Gladstone","Wistari"
"48","WIS_B2_C3 Apr","WIS_B2_C3 Apr","WIS_B2_C3 Apr","Apr","15/03/2024","Capricorn Bunkers","Wistari","B2 - North","Crest","WIS_B2_C3","Wistari","WIS_B2","WIS_B2_C3",2.5,2,0,0,23.46908,151.8989,"-23.46908 151.8989",-23.475,151.875,"-23.475 151.875",11.32,4,2,4,1,27,36,24,25,7,0.259259259259259,0.888888888888889,41,31,3,0,13,"Gladstone","Wistari"
"49","WIS_B3_S1 Apr","WIS_B3_S1 Apr","WIS_B3_S1 Apr","Apr","15/03/2024","Capricorn Bunkers","Wistari","B3 - North Channel","Slope","WIS_B3_S1","Wistari","WIS_B3","WIS_B3_S1",5.5,3,7,0,23.4499,151.8989,"-23.4499 151.8989",-23.475,151.875,"-23.475 151.875",11.32,4,2,4,1,55,65,44,44,9,0.163636363636364,0.8,35.4838709677419,23.6559139784946,1.0752688172043,0,1.0752688172043,"Gladstone","Wistari"
"50","WIS_B3_S2 Apr","WIS_B3_S2 Apr","WIS_B3_S2 Apr","Apr","15/03/2024","Capricorn Bunkers","Wistari","B3 - North Channel","Slope","WIS_B3_S2","Wistari","WIS_B3","WIS_B3_S2",5,3.5,1,0,23.4499,151.8989,"-23.4499 151.8989",-23.475,151.875,"-23.475 151.875",11.32,4,2,4,1,53,65,50,50,3,0.0566037735849057,0.943396226415094,48.4848484848485,30.3030303030303,2.02020202020202,1.01010101010101,3.03030303030303,"Gladstone","Wistari"
"51","WIS_B3_S3 Apr","WIS_B3_S3 Apr","WIS_B3_S3 Apr","Apr","15/03/2024","Capricorn Bunkers","Wistari","B3 - North Channel","Slope","WIS_B3_S3","Wistari","WIS_B3","WIS_B3_S3",4,3.5,4,0,23.4499,151.8989,"-23.4499 151.8989",-23.475,151.875,"-23.475 151.875",11.32,4,2,4,1,76,80,73,73,7,0.0921052631578947,0.960526315789474,78.125,58.3333333333333,1.04166666666667,0,0,"Gladstone","Wistari"
"52","WIS_B3_C1 Apr","WIS_B3_C1 Apr","WIS_B3_C1 Apr","Apr","15/03/2024","Capricorn Bunkers","Wistari","B3 - North Channel","Crest","WIS_B3_C1","Wistari","WIS_B3","WIS_B3_C1",2,2.5,2,0,23.4499,151.8989,"-23.4499 151.8989",-23.475,151.875,"-23.475 151.875",11.32,4,2,4,1,54,55,51,52,24,0.444444444444444,0.944444444444444,35.7142857142857,23.469387755102,1.02040816326531,0,2.04081632653061,"Gladstone","Wistari"
"53","WIS_B3_C2 Apr","WIS_B3_C2 Apr","WIS_B3_C2 Apr","Apr","15/03/2024","Capricorn Bunkers","Wistari","B3 - North Channel","Crest","WIS_B3_C2","Wistari","WIS_B3","WIS_B3_C2",2,2,2,0,23.4499,151.8989,"-23.4499 151.8989",-23.475,151.875,"-23.475 151.875",11.32,4,2,4,1,62,62,58,58,28,0.451612903225806,0.935483870967742,33.6734693877551,23.469387755102,1.02040816326531,1.02040816326531,3.06122448979592,"Gladstone","Wistari"
"54","WIS_B3_C3 Apr","WIS_B3_C3 Apr","WIS_B3_C3 Apr","Apr","15/03/2024","Capricorn Bunkers","Wistari","B3 - North Channel","Crest","WIS_B3_C3","Wistari","WIS_B3","WIS_B3_C3",1.5,2.5,0,0,23.4499,151.8989,"-23.4499 151.8989",-23.475,151.875,"-23.475 151.875",11.32,4,2,4,1,71,76,67,69,33,0.464788732394366,0.943661971830986,39,30,1,1,4,"Gladstone","Wistari"
"55","HER_B1_S1 Apr","HER_B1_S1 Apr","HER_B1_S1 Apr","Apr","15/03/2024","Capricorn Bunkers","Heron","B1 - Viv's","Slope","HER_B1_S1","Heron","HER_B1","HER_B1_S1",7.4,2,0,0,23.44293,151.9066,"-23.44293 151.9066",-23.475,151.875,"-23.475 151.875",11.32,4,2,4,1,58,58,57,57,37,0.637931034482759,0.982758620689655,57,54,0,0,2,"Gladstone","Heron"
"56","HER_B1_S2 Apr","HER_B1_S2 Apr","HER_B1_S2 Apr","Apr","15/03/2024","Capricorn Bunkers","Heron","B1 - Viv's","Slope","HER_B1_S2","Heron","HER_B1","HER_B1_S2",8,2,0,0,23.44293,151.9066,"-23.44293 151.9066",-23.475,151.875,"-23.475 151.875",11.32,4,2,4,1,43,43,40,40,9,0.209302325581395,0.930232558139535,67,57,0,1,0,"Gladstone","Heron"
"57","HER_B1_S3 Apr","HER_B1_S3 Apr","HER_B1_S3 Apr","Apr","15/03/2024","Capricorn Bunkers","Heron","B1 - Viv's","Slope","HER_B1_S3","Heron","HER_B1","HER_B1_S3",7.5,2.5,0,0,23.44293,151.9066,"-23.44293 151.9066",-23.475,151.875,"-23.475 151.875",11.32,4,2,4,1,76,76,76,76,5,0.0657894736842105,1,65,59,1,0,0,"Gladstone","Heron"
"58","HER_B1_C1 Apr","HER_B1_C1 Apr","HER_B1_C1 Apr","Apr","15/03/2024","Capricorn Bunkers","Heron","B1 - Viv's","Crest","HER_B1_C1","Heron","HER_B1","HER_B1_C1",1.5,2.5,0,0,23.44293,151.9066,"-23.44293 151.9066",-23.475,151.875,"-23.475 151.875",11.32,4,2,4,1,29,29,26,26,4,0.137931034482759,0.896551724137931,72,72,0,0,1,"Gladstone","Heron"
"59","HER_B1_C2 Apr","HER_B1_C2 Apr","HER_B1_C2 Apr","Apr","15/03/2024","Capricorn Bunkers","Heron","B1 - Viv's","Crest","HER_B1_C2","Heron","HER_B1","HER_B1_C2",2.3,3,0,0,23.44293,151.9066,"-23.44293 151.9066",-23.475,151.875,"-23.475 151.875",11.32,4,2,4,1,40,40,24,24,10,0.25,0.6,92,91,1,0,6,"Gladstone","Heron"
"60","HER_B1_C3 Apr","HER_B1_C3 Apr","HER_B1_C3 Apr","Apr","15/03/2024","Capricorn Bunkers","Heron","B1 - Viv's","Crest","HER_B1_C3","Heron","HER_B1","HER_B1_C3",2.1,3,0,0,23.44293,151.9066,"-23.44293 151.9066",-23.475,151.875,"-23.475 151.875",11.32,4,2,4,1,50,50,50,50,29,0.58,1,90,87,2,1,2,"Gladstone","Heron"
"61","HER_B2_S1 Apr","HER_B2_S1 Apr","HER_B2_S1 Apr","Apr","15/03/2024","Capricorn Bunkers","Heron","B2 - NE Point","Slope","HER_B2_S1","Heron","HER_B2","HER_B2_S1",5.5,2.5,4,0,23.43427,151.98409,"-23.43427 151.98409",-23.475,151.975,"-23.475 151.975",11.73,4,2,4,1,55,57,52,52,14,0.254545454545455,0.945454545454545,34.375,23.9583333333333,3.125,0,0,"Gladstone","Heron"
"62","HER_B2_S2 Apr","HER_B2_S2 Apr","HER_B2_S2 Apr","Apr","15/03/2024","Capricorn Bunkers","Heron","B2 - NE Point","Slope","HER_B2_S2","Heron","HER_B2","HER_B2_S2",7.5,3,6,0,23.43427,151.98409,"-23.43427 151.98409",-23.475,151.975,"-23.475 151.975",11.73,4,2,4,1,59,59,57,57,16,0.271186440677966,0.966101694915254,50,30.8510638297872,3.19148936170213,1.06382978723404,0,"Gladstone","Heron"
"63","HER_B2_S3 Apr","HER_B2_S3 Apr","HER_B2_S3 Apr","Apr","15/03/2024","Capricorn Bunkers","Heron","B2 - NE Point","Slope","HER_B2_S3","Heron","HER_B2","HER_B2_S3",7.5,3,2,0,23.43427,151.98409,"-23.43427 151.98409",-23.475,151.975,"-23.475 151.975",11.73,4,2,4,1,50,50,35,35,4,0.08,0.7,46.9387755102041,32.6530612244898,3.06122448979592,0,0,"Gladstone","Heron"
"64","HER_B2_C1 Apr","HER_B2_C1 Apr","HER_B2_C1 Apr","Apr","15/03/2024","Capricorn Bunkers","Heron","B2 - NE Point","Crest","HER_B2_C1","Heron","HER_B2","HER_B2_C1",1.5,3.5,0,0,23.43427,151.98409,"-23.43427 151.98409",-23.475,151.975,"-23.475 151.975",11.73,4,2,4,1,87,89,86,87,30,0.344827586206897,0.988505747126437,45,32,1,0,6,"Gladstone","Heron"
"65","HER_B2_C2 Apr","HER_B2_C2 Apr","HER_B2_C2 Apr","Apr","15/03/2024","Capricorn Bunkers","Heron","B2 - NE Point","Crest","HER_B2_C2","Heron","HER_B2","HER_B2_C2",1.5,3.5,4,0,23.43427,151.98409,"-23.43427 151.98409",-23.475,151.975,"-23.475 151.975",11.73,4,2,4,1,86,88,85,85,37,0.430232558139535,0.988372093023256,51.0416666666667,37.5,1.04166666666667,3.125,9.375,"Gladstone","Heron"
"66","HER_B2_C3 Apr","HER_B2_C3 Apr","HER_B2_C3 Apr","Apr","15/03/2024","Capricorn Bunkers","Heron","B2 - NE Point","Crest","HER_B2_C3","Heron","HER_B2","HER_B2_C3",1,3,0,0,23.44293,151.9066,"-23.44293 151.9066",-23.475,151.875,"-23.475 151.875",11.32,4,2,4,1,75,80,74,75,28,0.373333333333333,0.986666666666667,45,34,0,0,8,"Gladstone","Heron"
"67","HER_B3_S1 Apr","HER_B3_S1 Apr","HER_B3_S1 Apr","Apr","16/03/2024","Capricorn Bunkers","Heron","B3 - North Bay","Slope","HER_B3_S1","Heron","HER_B3","HER_B3_S1",5.5,3,1,0,23.43936,151.97849,"-23.43936 151.97849",-23.475,151.975,"-23.475 151.975",11.73,4,2,4,1,63,64,57,57,8,0.126984126984127,0.904761904761905,70.7070707070707,50.5050505050505,2.02020202020202,2.02020202020202,0,"Gladstone","Heron"
"68","HER_B3_S2 Apr","HER_B3_S2 Apr","HER_B3_S2 Apr","Apr","16/03/2024","Capricorn Bunkers","Heron","B3 - North Bay","Slope","HER_B3_S2","Heron","HER_B3","HER_B3_S2",6,3,3,0,23.43936,151.97849,"-23.43936 151.97849",-23.475,151.975,"-23.475 151.975",11.73,4,2,4,1,97,97,81,81,22,0.22680412371134,0.835051546391753,63.9175257731959,48.4536082474227,2.06185567010309,3.09278350515464,0,"Gladstone","Heron"
"69","HER_B3_S3 Apr","HER_B3_S3 Apr","HER_B3_S3 Apr","Apr","16/03/2024","Capricorn Bunkers","Heron","B3 - North Bay","Slope","HER_B3_S3","Heron","HER_B3","HER_B3_S3",5,2,2,0,23.43936,151.97849,"-23.43936 151.97849",-23.475,151.975,"-23.475 151.975",11.73,4,2,4,1,32,34,14,14,2,0.0625,0.4375,35.7142857142857,14.2857142857143,1.02040816326531,0,1.02040816326531,"Gladstone","Heron"
"70","HER_B3_C1 Apr","HER_B3_C1 Apr","HER_B3_C1 Apr","Apr","16/03/2024","Capricorn Bunkers","Heron","B3 - North Bay","Crest","HER_B3_C1","Heron","HER_B3","HER_B3_C1",2,1.5,0,0,23.43936,151.97849,"-23.43936 151.97849",-23.475,151.975,"-23.475 151.975",11.73,4,2,4,1,72,72,68,68,22,0.305555555555556,0.944444444444444,34,23,1,0,2,"Gladstone","Heron"
"71","HER_B3_C2 Apr","HER_B3_C2 Apr","HER_B3_C2 Apr","Apr","16/03/2024","Capricorn Bunkers","Heron","B3 - North Bay","Crest","HER_B3_C2","Heron","HER_B3","HER_B3_C2",1.5,2,0,0,23.43936,151.97849,"-23.43936 151.97849",-23.475,151.975,"-23.475 151.975",11.73,4,2,4,1,76,76,72,72,35,0.460526315789474,0.947368421052632,44,30,0,0,10,"Gladstone","Heron"
"72","HER_B3_C3 Apr","HER_B3_C3 Apr","HER_B3_C3 Apr","Apr","16/03/2024","Capricorn Bunkers","Heron","B3 - North Bay","Crest","HER_B3_C3","Heron","HER_B3","HER_B3_C3",2,2,0,0,23.43936,151.97849,"-23.43936 151.97849",-23.475,151.975,"-23.475 151.975",11.73,4,2,4,1,115,116,113,113,49,0.426086956521739,0.982608695652174,48,41,1,0,6,"Gladstone","Heron"
"73","WIL_B1_S1 Apr","WIL_B1_S1 Apr","WIL_B1_S1 Apr","Apr","16/03/2024","Capricorn Bunkers","Wilson","B1 - NE","Slope","WIL_B1_S1","Wilson","WIL_B1","WIL_B1_S1",6,4.5,2,0,23.29771,151.91895,"-23.29771 151.91895",-23.325,151.875,"-23.325 151.875",11.45,4,2,4,1,77,88,72,72,28,0.363636363636364,0.935064935064935,68.3673469387755,53.0612244897959,0,3.06122448979592,24.4897959183673,"Gladstone","Wilson"
"74","WIL_B1_S2 Apr","WIL_B1_S2 Apr","WIL_B1_S2 Apr","Apr","16/03/2024","Capricorn Bunkers","Wilson","B1 - NE","Slope","WIL_B1_S2","Wilson","WIL_B1","WIL_B1_S2",7,4,2,0,23.29771,151.91895,"-23.29771 151.91895",-23.325,151.875,"-23.325 151.875",11.45,4,2,4,1,29,32,15,15,0,0,0.517241379310345,58.1632653061225,44.8979591836735,0,2.04081632653061,1.02040816326531,"Gladstone","Wilson"
"75","WIL_B1_S3 Apr","WIL_B1_S3 Apr","WIL_B1_S3 Apr","Apr","16/03/2024","Capricorn Bunkers","Wilson","B1 - NE","Slope","WIL_B1_S3","Wilson","WIL_B1","WIL_B1_S3",7.5,4,4,0,23.29771,151.91895,"-23.29771 151.91895",-23.325,151.875,"-23.325 151.875",11.45,4,2,4,1,77,87,75,78,21,0.272727272727273,0.974025974025974,66.6666666666667,53.125,0,0,17.7083333333333,"Gladstone","Wilson"
"76","WIL_B1_C1 Apr","WIL_B1_C1 Apr","WIL_B1_C1 Apr","Apr","16/03/2024","Capricorn Bunkers","Wilson","B1 - NE","Crest","WIL_B1_C1","Wilson","WIL_B1","WIL_B1_C1",2,2.5,0,0,23.29771,151.91895,"-23.29771 151.91895",-23.325,151.875,"-23.325 151.875",11.45,4,2,4,1,28,28,28,28,9,0.321428571428571,1,55,54,0,0,3,"Gladstone","Wilson"
"77","WIL_B1_C2 Apr","WIL_B1_C2 Apr","WIL_B1_C2 Apr","Apr","16/03/2024","Capricorn Bunkers","Wilson","B1 - NE","Crest","WIL_B1_C2","Wilson","WIL_B1","WIL_B1_C2",2,2.5,0,0,23.29771,151.91895,"-23.29771 151.91895",-23.325,151.875,"-23.325 151.875",11.45,4,2,4,1,75,75,75,75,56,0.746666666666667,1,63,61,0,0,1,"Gladstone","Wilson"
"78","WIL_B1_C3 Apr","WIL_B1_C3 Apr","WIL_B1_C3 Apr","Apr","16/03/2024","Capricorn Bunkers","Wilson","B1 - NE","Crest","WIL_B1_C3","Wilson","WIL_B1","WIL_B1_C3",2,2.5,2,0,23.29771,151.91895,"-23.29771 151.91895",-23.325,151.875,"-23.325 151.875",11.45,4,2,4,1,65,65,65,65,56,0.861538461538462,1,75.5102040816326,72.4489795918367,0,1.02040816326531,0,"Gladstone","Wilson"
"79","WIL_B2_S1 Apr","WIL_B2_S1 Apr","WIL_B2_S1 Apr","Apr","16/03/2024","Capricorn Bunkers","Wilson","B2 - West","Slope","WIL_B2_S1","Wilson","WIL_B2","WIL_B2_S1",5.3,3,0,0,23.3078,151.91423,"-23.3078 151.91423",-23.325,151.875,"-23.325 151.875",11.45,4,2,4,1,64,64,60,60,4,0.0625,0.9375,58,53,1,0,0,"Gladstone","Wilson"
"80","WIL_B2_S2 Apr","WIL_B2_S2 Apr","WIL_B2_S2 Apr","Apr","16/03/2024","Capricorn Bunkers","Wilson","B2 - West","Slope","WIL_B2_S2","Wilson","WIL_B2","WIL_B2_S2",5.3,3,2,0,23.3078,151.91423,"-23.3078 151.91423",-23.325,151.875,"-23.325 151.875",11.45,4,2,4,1,42,43,38,38,3,0.0714285714285714,0.904761904761905,66.3265306122449,59.1836734693878,3.06122448979592,0,4.08163265306122,"Gladstone","Wilson"
"81","WIL_B2_S3 Apr","WIL_B2_S3 Apr","WIL_B2_S3 Apr","Apr","16/03/2024","Capricorn Bunkers","Wilson","B2 - West","Slope","WIL_B2_S3","Wilson","WIL_B2","WIL_B2_S3",5.2,3,1,0,23.3078,151.91423,"-23.3078 151.91423",-23.325,151.875,"-23.325 151.875",11.45,4,2,4,1,69,69,64,64,10,0.144927536231884,0.927536231884058,76.7676767676768,70.7070707070707,3.03030303030303,0,4.04040404040404,"Gladstone","Wilson"
"82","WIL_B2_C1 Apr","WIL_B2_C1 Apr","WIL_B2_C1 Apr","Apr","16/03/2024","Capricorn Bunkers","Wilson","B2 - West","Crest","WIL_B2_C1","Wilson","WIL_B2","WIL_B2_C1",2,2.5,0,0,23.3078,151.91423,"-23.3078 151.91423",-23.325,151.875,"-23.325 151.875",11.45,4,2,4,1,50,53,46,46,15,0.3,0.92,45,39,0,0,13,"Gladstone","Wilson"
"83","WIL_B2_C2 Apr","WIL_B2_C2 Apr","WIL_B2_C2 Apr","Apr","16/03/2024","Capricorn Bunkers","Wilson","B2 - West","Crest","WIL_B2_C2","Wilson","WIL_B2","WIL_B2_C2",2,2.5,0,0,23.3078,151.91423,"-23.3078 151.91423",-23.325,151.875,"-23.325 151.875",11.45,4,2,4,1,69,69,69,69,15,0.217391304347826,1,54,51,0,1,8,"Gladstone","Wilson"
"84","WIL_B2_C3 Apr","WIL_B2_C3 Apr","WIL_B2_C3 Apr","Apr","16/03/2024","Capricorn Bunkers","Wilson","B2 - West","Crest","WIL_B2_C3","Wilson","WIL_B2","WIL_B2_C3",2,2.5,0,0,23.3078,151.91423,"-23.3078 151.91423",-23.325,151.875,"-23.325 151.875",11.45,4,2,4,1,61,65,61,61,38,0.622950819672131,1,77,76,1,0,12,"Gladstone","Wilson"
"85","CHA_B1_S1 Apr","CHA_B1_S1 Apr","CHA_B1_S1 Apr","Apr","17/03/2024","Hydrographers Passage","Chavel","B1 - Western Flank","Slope","CHA_B1_S1","Chauvel","CHA_B1","CHA_B1_S1",8,4,0,0,20.84924,150.30913,"-20.84924 150.30913",-20.875,150.275,"-20.875 150.275",8,4,2,4,1,49,58,4,4,1,0.0204081632653061,0.0816326530612245,36,13,4,2,4,"Mackay","Chavel"
"86","CHA_B1_S2 Apr","CHA_B1_S2 Apr","CHA_B1_S2 Apr","Apr","17/03/2024","Hydrographers Passage","Chavel","B1 - Western Flank","Slope","CHA_B1_S2","Chauvel","CHA_B1","CHA_B1_S2",8,3.5,1,0,20.84924,150.30913,"-20.84924 150.30913",-20.875,150.275,"-20.875 150.275",8,4,2,4,1,39,39,0,0,0,0,0,31.3131313131313,13.1313131313131,3.03030303030303,1.01010101010101,4.04040404040404,"Mackay","Chavel"
"87","CHA_B1_S3 Apr","CHA_B1_S3 Apr","CHA_B1_S3 Apr","Apr","17/03/2024","Hydrographers Passage","Chavel","B1 - Western Flank","Slope","CHA_B1_S3","Chauvel","CHA_B1","CHA_B1_S3",8,4,3,0,20.84924,150.30913,"-20.84924 150.30913",-20.875,150.275,"-20.875 150.275",8,4,2,4,1,42,44,4,4,0,0,0.0952380952380952,40.2061855670103,19.5876288659794,2.06185567010309,3.09278350515464,5.15463917525773,"Mackay","Chavel"
"88","CHA_B1_C1 Apr","CHA_B1_C1 Apr","CHA_B1_C1 Apr","Apr","17/03/2024","Hydrographers Passage","Chavel","B1 - Western Flank","Crest","CHA_B1_C1","Chauvel","CHA_B1","CHA_B1_C1",NA,NA,0,0,20.84924,150.30913,"-20.84924 150.30913",-20.875,150.275,"-20.875 150.275",8,4,2,4,1,49,54,7,7,2,0.0408163265306122,0.142857142857143,30,20,1,1,7,"Mackay","Chavel"
"89","CHA_B1_C2 Apr","CHA_B1_C2 Apr","CHA_B1_C2 Apr","Apr","17/03/2024","Hydrographers Passage","Chavel","B1 - Western Flank","Crest","CHA_B1_C2","Chauvel","CHA_B1","CHA_B1_C2",NA,NA,0,0,20.84924,150.30913,"-20.84924 150.30913",-20.875,150.275,"-20.875 150.275",8,4,2,4,1,47,52,12,13,1,0.0212765957446809,0.25531914893617,31,25,0,1,10,"Mackay","Chavel"
"90","CHA_B1_C3 Apr","CHA_B1_C3 Apr","CHA_B1_C3 Apr","Apr","17/03/2024","Hydrographers Passage","Chavel","B1 - Western Flank","Crest","CHA_B1_C3","Chauvel","CHA_B1","CHA_B1_C3",NA,NA,0,0,20.84924,150.30913,"-20.84924 150.30913",-20.875,150.275,"-20.875 150.275",8,4,2,4,1,51,56,19,20,1,0.0196078431372549,0.372549019607843,32,23,1,1,2,"Mackay","Chavel"
"91","CHA_B2_S1 Apr","CHA_B2_S1 Apr","CHA_B2_S1 Apr","Apr","17/03/2024","Hydrographers Passage","Chavel","B2 - Northern edge","Slope","CHA_B2_S1","Chauvel","CHA_B2","CHA_B2_S1",5,1.5,2,0,20.84093,150.31494,"-20.84093 150.31494",-20.875,150.275,"-20.875 150.275",8,4,2,4,1,50,62,38,38,1,0.02,0.76,11.2244897959184,5.10204081632653,0,2.04081632653061,1.02040816326531,"Mackay","Chavel"
"92","CHA_B2_S2 Apr","CHA_B2_S2 Apr","CHA_B2_S2 Apr","Apr","17/03/2024","Hydrographers Passage","Chavel","B2 - Northern edge","Slope","CHA_B2_S2","Chauvel","CHA_B2","CHA_B2_S2",5,2,4,0,20.84093,150.31494,"-20.84093 150.31494",-20.875,150.275,"-20.875 150.275",8,4,2,4,1,49,53,35,35,0,0,0.714285714285714,17.7083333333333,2.08333333333333,0,1.04166666666667,0,"Mackay","Chavel"
"93","CHA_B2_S3 Apr","CHA_B2_S3 Apr","CHA_B2_S3 Apr","Apr","17/03/2024","Hydrographers Passage","Chavel","B2 - Northern edge","Slope","CHA_B2_S3","Chauvel","CHA_B2","CHA_B2_S3",6,2,8,0,20.84093,150.31494,"-20.84093 150.31494",-20.875,150.275,"-20.875 150.275",8,4,2,4,1,35,41,1,2,1,0.0285714285714286,0.0285714285714286,16.304347826087,2.17391304347826,2.17391304347826,6.52173913043478,0,"Mackay","Chavel"
"94","CHA_B2_C1 Apr","CHA_B2_C1 Apr","CHA_B2_C1 Apr","Apr","17/03/2024","Hydrographers Passage","Chavel","B2 - Northern edge","Crest","CHA_B2_C1","Chauvel","CHA_B2","CHA_B2_C1",2.5,2,0,0,20.84093,150.31494,"-20.84093 150.31494",-20.875,150.275,"-20.875 150.275",8,4,2,4,1,45,45,35,35,1,0.0222222222222222,0.777777777777778,26,14,3,1,2,"Mackay","Chavel"
"95","CHA_B2_C2 Apr","CHA_B2_C2 Apr","CHA_B2_C2 Apr","Apr","17/03/2024","Hydrographers Passage","Chavel","B2 - Northern edge","Crest","CHA_B2_C2","Chauvel","CHA_B2","CHA_B2_C2",2.5,1.5,0,0,20.84093,150.31494,"-20.84093 150.31494",-20.875,150.275,"-20.875 150.275",8,4,2,4,1,51,55,35,35,1,0.0196078431372549,0.686274509803922,13,6,1,0,1,"Mackay","Chavel"
"96","CHA_B2_C3 Apr","CHA_B2_C3 Apr","CHA_B2_C3 Apr","Apr","17/03/2024","Hydrographers Passage","Chavel","B2 - Northern edge","Crest","CHA_B2_C3","Chauvel","CHA_B2","CHA_B2_C3",2.5,1.5,0,0,20.84093,150.31494,"-20.84093 150.31494",-20.875,150.275,"-20.875 150.275",8,4,2,4,1,54,54,26,26,0,0,0.481481481481481,13,4,2,3,1,"Mackay","Chavel"
"97","CHA_B3_S1 Apr","CHA_B3_S1 Apr","CHA_B3_S1 Apr","Apr","17/03/2024","Hydrographers Passage","Chavel","B3 - Large Lagoon Reef","Slope","CHA_B3_S1","Chauvel","CHA_B3","CHA_B3_S1",8,2,8,0,20.80667,150.40834,"-20.80667 150.40834",-20.825,150.375,"-20.825 150.375",8.13,4,2,4,1,64,76,36,38,0,0,0.5625,19.5652173913043,2.17391304347826,0,5.43478260869565,0,"Mackay","Chavel"
"98","CHA_B3_S2 Apr","CHA_B3_S2 Apr","CHA_B3_S2 Apr","Apr","17/03/2024","Hydrographers Passage","Chavel","B3 - Large Lagoon Reef","Slope","CHA_B3_S2","Chauvel","CHA_B3","CHA_B3_S2",8,2.5,7,0,20.80667,150.40834,"-20.80667 150.40834",-20.825,150.375,"-20.825 150.375",8.13,4,2,4,1,44,50,28,28,0,0,0.636363636363636,22.5806451612903,0,0,5.37634408602151,0,"Mackay","Chavel"
"99","CHA_B3_S3 Apr","CHA_B3_S3 Apr","CHA_B3_S3 Apr","Apr","17/03/2024","Hydrographers Passage","Chavel","B3 - Large Lagoon Reef","Slope","CHA_B3_S3","Chauvel","CHA_B3","CHA_B3_S3",8,2.5,5,0,20.80667,150.40834,"-20.80667 150.40834",-20.825,150.375,"-20.825 150.375",8.13,4,2,4,1,30,36,0,0,0,0,0,22.1052631578947,2.10526315789474,0,6.31578947368421,0,"Mackay","Chavel"
"100","CHA_B3_C1 Apr","CHA_B3_C1 Apr","CHA_B3_C1 Apr","Apr","17/03/2024","Hydrographers Passage","Chavel","B3 - Large Lagoon Reef","Crest","CHA_B3_C1","Chauvel","CHA_B3","CHA_B3_C1",2,2.5,1,0,20.80667,150.40834,"-20.80667 150.40834",-20.825,150.375,"-20.825 150.375",8.13,4,2,4,1,78,83,46,51,2,0.0256410256410256,0.58974358974359,28.2828282828283,14.1414141414141,6.06060606060606,1.01010101010101,1.01010101010101,"Mackay","Chavel"
"101","CHA_B3_C2 Apr","CHA_B3_C2 Apr","CHA_B3_C2 Apr","Apr","17/03/2024","Hydrographers Passage","Chavel","B3 - Large Lagoon Reef","Crest","CHA_B3_C2","Chauvel","CHA_B3","CHA_B3_C2",2,2.5,0,0,20.80667,150.40834,"-20.80667 150.40834",-20.825,150.375,"-20.825 150.375",8.13,4,2,4,1,92,93,76,76,1,0.0108695652173913,0.826086956521739,33,12,9,1,1,"Mackay","Chavel"
"102","CHA_B3_C3 Apr","CHA_B3_C3 Apr","CHA_B3_C3 Apr","Apr","17/03/2024","Hydrographers Passage","Chavel","B3 - Large Lagoon Reef","Crest","CHA_B3_C3","Chauvel","CHA_B3","CHA_B3_C3",2,2,0,0,20.80667,150.40834,"-20.80667 150.40834",-20.825,150.375,"-20.825 150.375",8.13,4,2,4,1,42,42,18,18,2,0.0476190476190476,0.428571428571429,43,13,11,4,0,"Mackay","Chavel"
"103","GOB_B1_S1 Apr","GOB_B1_S1 Apr","GOB_B1_S1 Apr","Apr","17/03/2024","Hydrographers Passage","Goble","B1 - Western Flank","Slope","GOB_B1_S1","Goble","GOB_B1","GOB_B1_S1",NA,NA,0,0,20.77806,150.46088,"-20.77806 150.46088",-20.825,150.425,"-20.825 150.425",8.53,4,2,4,1,49,51,20,20,0,0,0.408163265306122,18,3,4,0,0,"Mackay","Goble"
"104","GOB_B1_S2 Apr","GOB_B1_S2 Apr","GOB_B1_S2 Apr","Apr","17/03/2024","Hydrographers Passage","Goble","B1 - Western Flank","Slope","GOB_B1_S2","Goble","GOB_B1","GOB_B1_S2",NA,NA,0,0,20.77806,150.46088,"-20.77806 150.46088",-20.825,150.425,"-20.825 150.425",8.53,4,2,4,1,50,50,23,23,1,0.02,0.46,23,5,0,5,0,"Mackay","Goble"
"105","GOB_B1_S3 Apr","GOB_B1_S3 Apr","GOB_B1_S3 Apr","Apr","17/03/2024","Hydrographers Passage","Goble","B1 - Western Flank","Slope","GOB_B1_S3","Goble","GOB_B1","GOB_B1_S3",NA,NA,0,0,20.77806,150.46088,"-20.77806 150.46088",-20.825,150.425,"-20.825 150.425",8.53,4,2,4,1,55,63,19,19,0,0,0.345454545454545,32,5,3,7,0,"Mackay","Goble"
"106","GOB_B1_C1 Apr","GOB_B1_C1 Apr","GOB_B1_C1 Apr","Apr","17/03/2024","Hydrographers Passage","Goble","B1 - Western Flank","Crest","GOB_B1_C1","Goble","GOB_B1","GOB_B1_C1",NA,NA,0,0,20.77806,150.46088,"-20.77806 150.46088",-20.825,150.425,"-20.825 150.425",8.53,4,2,4,1,34,47,24,28,0,0,0.705882352941177,23,17,2,2,1,"Mackay","Goble"
"107","GOB_B1_C2 Apr","GOB_B1_C2 Apr","GOB_B1_C2 Apr","Apr","17/03/2024","Hydrographers Passage","Goble","B1 - Western Flank","Crest","GOB_B1_C2","Goble","GOB_B1","GOB_B1_C2",NA,NA,0,0,20.77806,150.46088,"-20.77806 150.46088",-20.825,150.425,"-20.825 150.425",8.53,4,2,4,1,47,56,30,30,0,0,0.638297872340426,22,13,3,1,0,"Mackay","Goble"
"108","GOB_B1_C3 Apr","GOB_B1_C3 Apr","GOB_B1_C3 Apr","Apr","17/03/2024","Hydrographers Passage","Goble","B1 - Western Flank","Crest","GOB_B1_C3","Goble","GOB_B1","GOB_B1_C3",NA,NA,0,0,20.77806,150.46088,"-20.77806 150.46088",-20.825,150.425,"-20.825 150.425",8.53,4,2,4,1,33,33,19,19,2,0.0606060606060606,0.575757575757576,19,12,4,0,0,"Mackay","Goble"
"109","GOB_B2_S1 Apr","GOB_B2_S1 Apr","GOB_B2_S1 Apr","Apr","17/03/2024","Hydrographers Passage","Goble","B2 - Northern edge","Slope","GOB_B2_S1","Goble","GOB_B2","GOB_B2_S1",NA,NA,3,0,20.77082,150.46986,"-20.77082 150.46986",-20.775,150.425,"-20.775 150.425",8.23,4,2,4,1,125,131,92,92,0,0,0.736,30.9278350515464,6.18556701030928,2.06185567010309,1.03092783505155,0,"Mackay","Goble"
"110","GOB_B2_S2 Apr","GOB_B2_S2 Apr","GOB_B2_S2 Apr","Apr","17/03/2024","Hydrographers Passage","Goble","B2 - Northern edge","Slope","GOB_B2_S2","Goble","GOB_B2","GOB_B2_S2",NA,NA,0,0,20.77082,150.46986,"-20.77082 150.46986",-20.775,150.425,"-20.775 150.425",8.23,4,2,4,1,53,55,23,23,0,0,0.433962264150943,22,5,1,2,0,"Mackay","Goble"
"111","GOB_B2_S3 Apr","GOB_B2_S3 Apr","GOB_B2_S3 Apr","Apr","17/03/2024","Hydrographers Passage","Goble","B2 - Northern edge","Slope","GOB_B2_S3","Goble","GOB_B2","GOB_B2_S3",NA,NA,0,0,20.77082,150.46986,"-20.77082 150.46986",-20.775,150.425,"-20.775 150.425",8.23,4,2,4,1,35,38,11,11,0,0,0.314285714285714,25,6,6,2,0,"Mackay","Goble"
"112","GOB_B2_C1 Apr","GOB_B2_C1 Apr","GOB_B2_C1 Apr","Apr","17/03/2024","Hydrographers Passage","Goble","B2 - Northern edge","Crest","GOB_B2_C1","Goble","GOB_B2","GOB_B2_C1",NA,NA,0,0,20.77082,150.46986,"-20.77082 150.46986",-20.775,150.425,"-20.775 150.425",8.23,4,2,4,1,100,100,83,83,3,0.03,0.83,25,14,5,1,0,"Mackay","Goble"
"113","GOB_B2_C2 Apr","GOB_B2_C2 Apr","GOB_B2_C2 Apr","Apr","17/03/2024","Hydrographers Passage","Goble","B2 - Northern edge","Crest","GOB_B2_C2","Goble","GOB_B2","GOB_B2_C2",NA,NA,0,0,20.77082,150.46986,"-20.77082 150.46986",-20.775,150.425,"-20.775 150.425",8.23,4,2,4,1,60,60,18,18,2,0.0333333333333333,0.3,27,15,8,0,2,"Mackay","Goble"
"114","GOB_B2_C3 Apr","GOB_B2_C3 Apr","GOB_B2_C3 Apr","Apr","17/03/2024","Hydrographers Passage","Goble","B2 - Northern edge","Crest","GOB_B2_C3","Goble","GOB_B2","GOB_B2_C3",NA,NA,0,0,20.77082,150.46986,"-20.77082 150.46986",-20.775,150.425,"-20.775 150.425",8.23,4,2,4,1,44,44,22,22,2,0.0454545454545455,0.5,36,10,9,3,1,"Mackay","Goble"
"115","GOB_B3_S1 Apr","GOB_B3_S1 Apr","GOB_B3_S1 Apr","Apr","17/03/2024","Hydrographers Passage","Goble","B3 - NE Point","Slope","GOB_B3_S1","Goble","GOB_B3","GOB_B3_S1",NA,NA,0,0,20.7634,150.49123,"-20.7634 150.49123",-20.775,150.475,"-20.775 150.475",8.26,4,2,4,1,101,103,71,72,2,0.0198019801980198,0.702970297029703,23,5,5,1,0,"Mackay","Goble"
"116","GOB_B3_S2 Apr","GOB_B3_S2 Apr","GOB_B3_S2 Apr","Apr","17/03/2024","Hydrographers Passage","Goble","B3 - NE Point","Slope","GOB_B3_S2","Goble","GOB_B3","GOB_B3_S2",NA,NA,2,0,20.7634,150.49123,"-20.7634 150.49123",-20.775,150.475,"-20.775 150.475",8.26,4,2,4,1,58,59,36,36,0,0,0.620689655172414,24.4897959183673,5.10204081632653,2.04081632653061,1.02040816326531,0,"Mackay","Goble"
"117","GOB_B3_S3 Apr","GOB_B3_S3 Apr","GOB_B3_S3 Apr","Apr","17/03/2024","Hydrographers Passage","Goble","B3 - NE Point","Slope","GOB_B3_S3","Goble","GOB_B3","GOB_B3_S3",NA,NA,0,0,20.7634,150.49123,"-20.7634 150.49123",-20.775,150.475,"-20.775 150.475",8.26,4,2,4,1,34,34,9,9,0,0,0.264705882352941,22,2,1,1,0,"Mackay","Goble"
"118","GOB_B3_C1 Apr","GOB_B3_C1 Apr","GOB_B3_C1 Apr","Apr","17/03/2024","Hydrographers Passage","Goble","B3 - NE Point","Crest","GOB_B3_C1","Goble","GOB_B3","GOB_B3_C1",NA,NA,3,0,20.7634,150.49123,"-20.7634 150.49123",-20.775,150.475,"-20.775 150.475",8.26,4,2,4,1,62,63,57,57,7,0.112903225806452,0.919354838709677,34.020618556701,18.5567010309278,8.24742268041237,2.06185567010309,3.09278350515464,"Mackay","Goble"
"119","GOB_B3_C2 Apr","GOB_B3_C2 Apr","GOB_B3_C2 Apr","Apr","17/03/2024","Hydrographers Passage","Goble","B3 - NE Point","Crest","GOB_B3_C2","Goble","GOB_B3","GOB_B3_C2",NA,NA,0,0,20.7634,150.49123,"-20.7634 150.49123",-20.775,150.475,"-20.775 150.475",8.26,4,2,4,1,116,117,113,114,8,0.0689655172413793,0.974137931034483,29,8,18,0,1,"Mackay","Goble"
"120","GOB_B3_C3 Apr","GOB_B3_C3 Apr","GOB_B3_C3 Apr","Apr","17/03/2024","Hydrographers Passage","Goble","B3 - NE Point","Crest","GOB_B3_C3","Goble","GOB_B3","GOB_B3_C3",NA,NA,0,0,20.7634,150.49123,"-20.7634 150.49123",-20.775,150.475,"-20.775 150.475",8.26,4,2,4,1,32,53,13,13,4,0.125,0.40625,43,20,14,2,0,"Mackay","Goble"
"121","BUG_B1_S1 Apr","BUG_B1_S1 Apr","BUG_B1_S1 Apr","Apr","18/03/2024","Hydrographers Passage","Bugatti","B1 - Western Flank","Slope","BUG_B1_S1","Bugatti","BUG_B1","BUG_B1_S1",NA,NA,0,0,20.12446,150.29694,"-20.12446 150.29694",-20.125,150.275,"-20.125 150.275",6.96,NA,1,NA,0,41,48,19,19,1,0.024390243902439,0.463414634146341,33,26,4,0,10,"Mackay","Bugatti"
"122","BUG_B1_S2 Apr","BUG_B1_S2 Apr","BUG_B1_S2 Apr","Apr","18/03/2024","Hydrographers Passage","Bugatti","B1 - Western Flank","Slope","BUG_B1_S2","Bugatti","BUG_B1","BUG_B1_S2",NA,NA,0,0,20.12446,150.29694,"-20.12446 150.29694",-20.125,150.275,"-20.125 150.275",6.96,NA,1,NA,0,45,45,34,34,0,0,0.755555555555556,36,23,5,0,9,"Mackay","Bugatti"
"123","BUG_B1_S3 Apr","BUG_B1_S3 Apr","BUG_B1_S3 Apr","Apr","18/03/2024","Hydrographers Passage","Bugatti","B1 - Western Flank","Slope","BUG_B1_S3","Bugatti","BUG_B1","BUG_B1_S3",NA,NA,0,0,20.12446,150.29694,"-20.12446 150.29694",-20.125,150.275,"-20.125 150.275",6.96,NA,1,NA,0,51,51,22,22,3,0.0588235294117647,0.431372549019608,31,17,2,0,4,"Mackay","Bugatti"
"124","BUG_B1_C1 Apr","BUG_B1_C1 Apr","BUG_B1_C1 Apr","Apr","18/03/2024","Hydrographers Passage","Bugatti","B1 - Western Flank","Crest","BUG_B1_C1","Bugatti","BUG_B1","BUG_B1_C1",NA,NA,0,0,20.12446,150.29694,"-20.12446 150.29694",-20.125,150.275,"-20.125 150.275",6.96,NA,1,NA,0,77,78,42,43,26,0.337662337662338,0.545454545454545,49,36,9,2,10,"Mackay","Bugatti"
"125","BUG_B1_C2 Apr","BUG_B1_C2 Apr","BUG_B1_C2 Apr","Apr","18/03/2024","Hydrographers Passage","Bugatti","B1 - Western Flank","Crest","BUG_B1_C2","Bugatti","BUG_B1","BUG_B1_C2",NA,NA,0,0,20.12446,150.29694,"-20.12446 150.29694",-20.125,150.275,"-20.125 150.275",6.96,NA,1,NA,0,67,80,28,28,19,0.283582089552239,0.417910447761194,48,36,4,5,12,"Mackay","Bugatti"
"126","BUG_B1_C3 Apr","BUG_B1_C3 Apr","BUG_B1_C3 Apr","Apr","18/03/2024","Hydrographers Passage","Bugatti","B1 - Western Flank","Crest","BUG_B1_C3","Bugatti","BUG_B1","BUG_B1_C3",NA,NA,0,0,20.12446,150.29694,"-20.12446 150.29694",-20.125,150.275,"-20.125 150.275",6.96,NA,1,NA,0,82,90,52,60,22,0.268292682926829,0.634146341463415,50,38,6,2,6,"Mackay","Bugatti"
"127","BUG_B2_S1 Apr","BUG_B2_S1 Apr","BUG_B2_S1 Apr","Apr","18/03/2024","Hydrographers Passage","Bugatti","B2 - NW","Slope","BUG_B2_S1","Bugatti","BUG_B2","BUG_B2_S1",7.5,4,0,0,20.09779,150.28989,"-20.09779 150.28989",-20.125,150.275,"-20.125 150.275",6.96,NA,1,NA,0,79,159,60,60,10,0.126582278481013,0.759493670886076,83,54,18,0,1,"Mackay","Bugatti"
"128","BUG_B2_S2 Apr","BUG_B2_S2 Apr","BUG_B2_S2 Apr","Apr","18/03/2024","Hydrographers Passage","Bugatti","B2 - NW","Slope","BUG_B2_S2","Bugatti","BUG_B2","BUG_B2_S2",8,4,0,0,20.09779,150.28989,"-20.09779 150.28989",-20.125,150.275,"-20.125 150.275",6.96,NA,1,NA,0,74,224,60,80,13,0.175675675675676,0.810810810810811,86,67,14,0,10,"Mackay","Bugatti"
"129","BUG_B2_S3 Apr","BUG_B2_S3 Apr","BUG_B2_S3 Apr","Apr","18/03/2024","Hydrographers Passage","Bugatti","B2 - NW","Slope","BUG_B2_S3","Bugatti","BUG_B2","BUG_B2_S3",8,3.5,0,0,20.09779,150.28989,"-20.09779 150.28989",-20.125,150.275,"-20.125 150.275",6.96,NA,1,NA,0,96,120,44,44,18,0.1875,0.458333333333333,80,61,14,0,3,"Mackay","Bugatti"
"130","BUG_B2_C1 Apr","BUG_B2_C1 Apr","BUG_B2_C1 Apr","Apr","18/03/2024","Hydrographers Passage","Bugatti","B2 - NW","Crest","BUG_B2_C1","Bugatti","BUG_B2","BUG_B2_C1",2,3.5,0,0,20.09779,150.28989,"-20.09779 150.28989",-20.125,150.275,"-20.125 150.275",6.96,NA,1,NA,0,56,59,35,38,10,0.178571428571429,0.625,84,69,9,3,34,"Mackay","Bugatti"
"131","BUG_B2_C2 Apr","BUG_B2_C2 Apr","BUG_B2_C2 Apr","Apr","18/03/2024","Hydrographers Passage","Bugatti","B2 - NW","Crest","BUG_B2_C2","Bugatti","BUG_B2","BUG_B2_C2",1.5,3.5,0,0,20.09779,150.28989,"-20.09779 150.28989",-20.125,150.275,"-20.125 150.275",6.96,NA,1,NA,0,48,48,17,17,5,0.104166666666667,0.354166666666667,96,84,9,0,27,"Mackay","Bugatti"
"132","BUG_B2_C3 Apr","BUG_B2_C3 Apr","BUG_B2_C3 Apr","Apr","18/03/2024","Hydrographers Passage","Bugatti","B2 - NW","Crest","BUG_B2_C3","Bugatti","BUG_B2","BUG_B2_C3",1.5,4,0,0,20.09779,150.28989,"-20.09779 150.28989",-20.125,150.275,"-20.125 150.275",6.96,NA,1,NA,0,78,80,43,43,14,0.17948717948718,0.551282051282051,74,59,11,2,20,"Mackay","Bugatti"
"133","BUG_B3_S1 Apr","BUG_B3_S1 Apr","BUG_B3_S1 Apr","Apr","18/03/2024","Hydrographers Passage","Bugatti","B3 - NE Point","Slope","BUG_B3_S1","Bugatti","BUG_B3","BUG_B3_S1",7.5,3,9,0,20.07566,150.29939,"-20.07566 150.29939",-20.125,150.275,"-20.125 150.275",6.96,NA,1,NA,0,98,122,92,92,9,0.0918367346938776,0.938775510204082,38.4615384615385,9.89010989010989,17.5824175824176,0,1.0989010989011,"Mackay","Bugatti"
"134","BUG_B3_S2 Apr","BUG_B3_S2 Apr","BUG_B3_S2 Apr","Apr","18/03/2024","Hydrographers Passage","Bugatti","B3 - NE Point","Slope","BUG_B3_S2","Bugatti","BUG_B3","BUG_B3_S2",7.5,3.5,6,0,20.07566,150.29939,"-20.07566 150.29939",-20.125,150.275,"-20.125 150.275",6.96,NA,1,NA,0,75,81,70,70,16,0.213333333333333,0.933333333333333,48.936170212766,10.6382978723404,25.531914893617,0,0,"Mackay","Bugatti"
"135","BUG_B3_S3 Apr","BUG_B3_S3 Apr","BUG_B3_S3 Apr","Apr","18/03/2024","Hydrographers Passage","Bugatti","B3 - NE Point","Slope","BUG_B3_S3","Bugatti","BUG_B3","BUG_B3_S3",5.5,2.5,13,0,20.07566,150.29939,"-20.07566 150.29939",-20.125,150.275,"-20.125 150.275",6.96,NA,1,NA,0,84,134,42,42,7,0.0833333333333333,0.5,42.5287356321839,6.89655172413793,24.1379310344828,0,0,"Mackay","Bugatti"
"136","BUG_B3_C1 Apr","BUG_B3_C1 Apr","BUG_B3_C1 Apr","Apr","18/03/2024","Hydrographers Passage","Bugatti","B3 - NE Point","Crest","BUG_B3_C1","Bugatti","BUG_B3","BUG_B3_C1",1.5,2,0,0,20.07566,150.29939,"-20.07566 150.29939",-20.125,150.275,"-20.125 150.275",6.96,NA,1,NA,0,85,89,80,84,32,0.376470588235294,0.941176470588235,28,15,11,0,1,"Mackay","Bugatti"
"137","BUG_B3_C2 Apr","BUG_B3_C2 Apr","BUG_B3_C2 Apr","Apr","18/03/2024","Hydrographers Passage","Bugatti","B3 - NE Point","Crest","BUG_B3_C2","Bugatti","BUG_B3","BUG_B3_C2",1.5,2,0,0,20.07566,150.29939,"-20.07566 150.29939",-20.125,150.275,"-20.125 150.275",6.96,NA,1,NA,0,71,73,60,62,15,0.211267605633803,0.845070422535211,23,16,4,0,5,"Mackay","Bugatti"
"138","BUG_B3_C3 Apr","BUG_B3_C3 Apr","BUG_B3_C3 Apr","Apr","18/03/2024","Hydrographers Passage","Bugatti","B3 - NE Point","Crest","BUG_B3_C3","Bugatti","BUG_B3","BUG_B3_C3",1.5,3,0,0,20.07566,150.29939,"-20.07566 150.29939",-20.125,150.275,"-20.125 150.275",6.96,NA,1,NA,0,69,75,45,49,7,0.101449275362319,0.652173913043478,71,63,8,0,19,"Mackay","Bugatti"
"139","BRO_B1_S1 Apr","BRO_B1_S1 Apr","BRO_B1_S1 Apr","Apr","19/03/2024","Cape Cleveland","Broadhurst","B1 - North Little Broadhurst","Slope","BRO_B1_S1","Broadhurst","BRO_B1","BRO_B1_S1",6,2,0,0,18.94693,147.69511,"-18.94693 147.69511",-18.975,147.675,"-18.975 147.675",3.63,NA,0,NA,0,85,85,60,60,1,0.0117647058823529,0.705882352941177,18,2,3,4,0,"Townsville","Broadhurst"
"140","BRO_B1_S2 Apr","BRO_B1_S2 Apr","BRO_B1_S2 Apr","Apr","19/03/2024","Cape Cleveland","Broadhurst","B1 - North Little Broadhurst","Slope","BRO_B1_S2","Broadhurst","BRO_B1","BRO_B1_S2",6,2.5,0,0,18.94693,147.69511,"-18.94693 147.69511",-18.975,147.675,"-18.975 147.675",3.63,NA,0,NA,0,26,30,0,0,0,0,0,19,4,0,3,0,"Townsville","Broadhurst"
"141","BRO_B1_S3 Apr","BRO_B1_S3 Apr","BRO_B1_S3 Apr","Apr","19/03/2024","Cape Cleveland","Broadhurst","B1 - North Little Broadhurst","Slope","BRO_B1_S3","Broadhurst","BRO_B1","BRO_B1_S3",5.7,3,0,0,18.94693,147.69511,"-18.94693 147.69511",-18.975,147.675,"-18.975 147.675",3.63,NA,0,NA,0,42,46,0,0,0,0,0,23,9,3,2,0,"Townsville","Broadhurst"
"142","BRO_B1_C1 Apr","BRO_B1_C1 Apr","BRO_B1_C1 Apr","Apr","19/03/2024","Cape Cleveland","Broadhurst","B1 - North Little Broadhurst","Crest","BRO_B1_C1","Broadhurst","BRO_B1","BRO_B1_C1",NA,NA,0,0,18.94693,147.69511,"-18.94693 147.69511",-18.975,147.675,"-18.975 147.675",3.63,NA,0,NA,0,67,70,16,17,1,0.0149253731343284,0.238805970149254,30,22,5,1,17,"Townsville","Broadhurst"
"143","BRO_B1_C2 Apr","BRO_B1_C2 Apr","BRO_B1_C2 Apr","Apr","19/03/2024","Cape Cleveland","Broadhurst","B1 - North Little Broadhurst","Crest","BRO_B1_C2","Broadhurst","BRO_B1","BRO_B1_C2",NA,NA,0,0,18.94693,147.69511,"-18.94693 147.69511",-18.975,147.675,"-18.975 147.675",3.63,NA,0,NA,0,45,46,21,21,1,0.0222222222222222,0.466666666666667,50,45,1,1,27,"Townsville","Broadhurst"
"144","BRO_B1_C3 Apr","BRO_B1_C3 Apr","BRO_B1_C3 Apr","Apr","19/03/2024","Cape Cleveland","Broadhurst","B1 - North Little Broadhurst","Crest","BRO_B1_C3","Broadhurst","BRO_B1","BRO_B1_C3",NA,NA,0,0,18.94693,147.69511,"-18.94693 147.69511",-18.975,147.675,"-18.975 147.675",3.63,NA,0,NA,0,28,28,3,3,0,0,0.107142857142857,53,51,1,0,45,"Townsville","Broadhurst"
"145","BRO_B2_S1 Apr","BRO_B2_S1 Apr","BRO_B2_S1 Apr","Apr","19/03/2024","Cape Cleveland","Broadhurst","B2 - West Big Broadhurst","Slope","BRO_B2_S1","Broadhurst","BRO_B2","BRO_B2_S1",8,3.5,0,0,18.93093,147.71507,"-18.93093 147.71507",-18.975,147.675,"-18.975 147.675",3.63,NA,0,NA,0,34,38,0,0,0,0,0,40,29,2,5,0,"Townsville","Broadhurst"
"146","BRO_B2_S2 Apr","BRO_B2_S2 Apr","BRO_B2_S2 Apr","Apr","19/03/2024","Cape Cleveland","Broadhurst","B2 - West Big Broadhurst","Slope","BRO_B2_S2","Broadhurst","BRO_B2","BRO_B2_S2",8.4,3.5,0,0,18.93093,147.71507,"-18.93093 147.71507",-18.975,147.675,"-18.975 147.675",3.63,NA,0,NA,0,27,27,0,0,0,0,0,25,0,5,17,0,"Townsville","Broadhurst"
"147","BRO_B2_S3 Apr","BRO_B2_S3 Apr","BRO_B2_S3 Apr","Apr","19/03/2024","Cape Cleveland","Broadhurst","B2 - West Big Broadhurst","Slope","BRO_B2_S3","Broadhurst","BRO_B2","BRO_B2_S3",8,3,2,0,18.93093,147.71507,"-18.93093 147.71507",-18.975,147.675,"-18.975 147.675",3.63,NA,0,NA,0,33,39,0,0,0,0,0,22.4489795918367,8.16326530612245,6.12244897959184,5.10204081632653,1.02040816326531,"Townsville","Broadhurst"
"148","BRO_B2_C1 Apr","BRO_B2_C1 Apr","BRO_B2_C1 Apr","Apr","19/03/2024","Cape Cleveland","Broadhurst","B2 - West Big Broadhurst","Crest","BRO_B2_C1","Broadhurst","BRO_B2","BRO_B2_C1",NA,NA,0,0,18.93093,147.71507,"-18.93093 147.71507",-18.975,147.675,"-18.975 147.675",3.63,NA,0,NA,0,49,50,3,3,0,0,0.0612244897959184,35,23,4,3,9,"Townsville","Broadhurst"
"149","BRO_B2_C2 Apr","BRO_B2_C2 Apr","BRO_B2_C2 Apr","Apr","19/03/2024","Cape Cleveland","Broadhurst","B2 - West Big Broadhurst","Crest","BRO_B2_C2","Broadhurst","BRO_B2","BRO_B2_C2",NA,NA,0,0,18.93093,147.71507,"-18.93093 147.71507",-18.975,147.675,"-18.975 147.675",3.63,NA,0,NA,0,81,82,0,0,0,0,0,36,27,3,2,13,"Townsville","Broadhurst"
"150","BRO_B2_C3 Apr","BRO_B2_C3 Apr","BRO_B2_C3 Apr","Apr","19/03/2024","Cape Cleveland","Broadhurst","B2 - West Big Broadhurst","Crest","BRO_B2_C3","Broadhurst","BRO_B2","BRO_B2_C3",NA,NA,0,0,18.93093,147.71507,"-18.93093 147.71507",-18.975,147.675,"-18.975 147.675",3.63,NA,0,NA,0,27,27,8,8,0,0,0.296296296296296,38,21,3,2,7,"Townsville","Broadhurst"
"151","BRO_B3_S1 Apr","BRO_B3_S1 Apr","BRO_B3_S1 Apr","Apr","19/03/2024","Cape Cleveland","Broadhurst","B3 - NE Big Broadhurst","Slope","BRO_B3_S1","Broadhurst","BRO_B3","BRO_B3_S1",7.5,3,1,0,18.84266,147.70868,"-18.84266 147.70868",-18.875,147.675,"-18.875 147.675",3.6,NA,0,NA,0,61,63,41,41,2,0.0327868852459016,0.672131147540984,10.1010101010101,3.03030303030303,2.02020202020202,1.01010101010101,0,"Townsville","Broadhurst"
"152","BRO_B3_S2 Apr","BRO_B3_S2 Apr","BRO_B3_S2 Apr","Apr","19/03/2024","Cape Cleveland","Broadhurst","B3 - NE Big Broadhurst","Slope","BRO_B3_S2","Broadhurst","BRO_B3","BRO_B3_S2",8,3.5,0,0,18.84266,147.70868,"-18.84266 147.70868",-18.875,147.675,"-18.875 147.675",3.6,NA,0,NA,0,26,26,7,7,0,0,0.269230769230769,7,2,2,1,0,"Townsville","Broadhurst"
"153","BRO_B3_S3 Apr","BRO_B3_S3 Apr","BRO_B3_S3 Apr","Apr","19/03/2024","Cape Cleveland","Broadhurst","B3 - NE Big Broadhurst","Slope","BRO_B3_S3","Broadhurst","BRO_B3","BRO_B3_S3",8.5,2.5,0,0,18.84266,147.70868,"-18.84266 147.70868",-18.875,147.675,"-18.875 147.675",3.6,NA,0,NA,0,10,32,0,0,0,0,0,5,1,1,0,0,"Townsville","Broadhurst"
"154","BRO_B3_C1 Apr","BRO_B3_C1 Apr","BRO_B3_C1 Apr","Apr","19/03/2024","Cape Cleveland","Broadhurst","B3 - NE Big Broadhurst","Crest","BRO_B3_C1","Broadhurst","BRO_B3","BRO_B3_C1",NA,NA,0,0,18.84266,147.70868,"-18.84266 147.70868",-18.875,147.675,"-18.875 147.675",3.6,NA,0,NA,0,70,91,28,28,4,0.0571428571428571,0.4,33,29,3,1,14,"Townsville","Broadhurst"
"155","BRO_B3_C2 Apr","BRO_B3_C2 Apr","BRO_B3_C2 Apr","Apr","19/03/2024","Cape Cleveland","Broadhurst","B3 - NE Big Broadhurst","Crest","BRO_B3_C2","Broadhurst","BRO_B3","BRO_B3_C2",NA,NA,0,0,18.84266,147.70868,"-18.84266 147.70868",-18.875,147.675,"-18.875 147.675",3.6,NA,0,NA,0,92,92,25,25,0,0,0.271739130434783,43,31,7,2,20,"Townsville","Broadhurst"
"156","BRO_B3_C3 Apr","BRO_B3_C3 Apr","BRO_B3_C3 Apr","Apr","19/03/2024","Cape Cleveland","Broadhurst","B3 - NE Big Broadhurst","Crest","BRO_B3_C3","Broadhurst","BRO_B3","BRO_B3_C3",NA,NA,0,0,18.84266,147.70868,"-18.84266 147.70868",-18.875,147.675,"-18.875 147.675",3.6,NA,0,NA,0,37,37,2,2,0,0,0.0540540540540541,51,43,2,0,27,"Townsville","Broadhurst"
"157","DAV_B1_S1 Apr","DAV_B1_S1 Apr","DAV_B1_S1 Apr","Apr","20/03/2024","Cape Cleveland","Davies","B1 - NW","Slope","DAV_B1_S1","Davies","DAV_B1","DAV_B1_S1",8,3,0,0,18.83517,147.62733,"-18.83517 147.62733",-18.875,147.625,"-18.875 147.625",3.95,NA,0,NA,0,26,28,0,0,0,0,0,10,0,0,4,0,"Townsville","Davies"
"158","DAV_B1_S2 Apr","DAV_B1_S2 Apr","DAV_B1_S2 Apr","Apr","20/03/2024","Cape Cleveland","Davies","B1 - NW","Slope","DAV_B1_S2","Davies","DAV_B1","DAV_B1_S2",8,3.5,0,0,18.83517,147.62733,"-18.83517 147.62733",-18.875,147.625,"-18.875 147.625",3.95,NA,0,NA,0,18,24,0,0,0,0,0,7,1,0,0,0,"Townsville","Davies"
"159","DAV_B1_S3 Apr","DAV_B1_S3 Apr","DAV_B1_S3 Apr","Apr","20/03/2024","Cape Cleveland","Davies","B1 - NW","Slope","DAV_B1_S3","Davies","DAV_B1","DAV_B1_S3",8,3.5,0,0,18.83517,147.62733,"-18.83517 147.62733",-18.875,147.625,"-18.875 147.625",3.95,NA,0,NA,0,15,15,0,0,0,0,0,9,1,3,2,0,"Townsville","Davies"
"160","DAV_B1_C1 Apr","DAV_B1_C1 Apr","DAV_B1_C1 Apr","Apr","20/03/2024","Cape Cleveland","Davies","B1 - NW","Crest","DAV_B1_C1","Davies","DAV_B1","DAV_B1_C1",NA,NA,0,0,18.83517,147.62733,"-18.83517 147.62733",-18.875,147.625,"-18.875 147.625",3.95,NA,0,NA,0,36,37,6,6,0,0,0.166666666666667,25,22,1,0,10,"Townsville","Davies"
"161","DAV_B1_C2 Apr","DAV_B1_C2 Apr","DAV_B1_C2 Apr","Apr","20/03/2024","Cape Cleveland","Davies","B1 - NW","Crest","DAV_B1_C2","Davies","DAV_B1","DAV_B1_C2",NA,NA,0,0,18.83517,147.62733,"-18.83517 147.62733",-18.875,147.625,"-18.875 147.625",3.95,NA,0,NA,0,32,35,1,1,0,0,0.03125,21,15,3,0,9,"Townsville","Davies"
"162","DAV_B1_C3 Apr","DAV_B1_C3 Apr","DAV_B1_C3 Apr","Apr","20/03/2024","Cape Cleveland","Davies","B1 - NW","Crest","DAV_B1_C3","Davies","DAV_B1","DAV_B1_C3",NA,NA,0,0,18.83517,147.62733,"-18.83517 147.62733",-18.875,147.625,"-18.875 147.625",3.95,NA,0,NA,0,51,53,12,12,2,0.0392156862745098,0.235294117647059,20,16,3,1,13,"Townsville","Davies"
"163","DAV_B2_S1 Apr","DAV_B2_S1 Apr","DAV_B2_S1 Apr","Apr","20/03/2024","Cape Cleveland","Davies","B2 - East channel","Slope","DAV_B2_S1","Davies","DAV_B2","DAV_B2_S1",8,3.5,0,0,18.82901,147.63034,"-18.82901 147.63034",-18.875,147.625,"-18.875 147.625",3.95,NA,0,NA,0,67,67,36,36,2,0.0298507462686567,0.537313432835821,15,5,3,4,0,"Townsville","Davies"
"164","DAV_B2_S2 Apr","DAV_B2_S2 Apr","DAV_B2_S2 Apr","Apr","20/03/2024","Cape Cleveland","Davies","B2 - East channel","Slope","DAV_B2_S2","Davies","DAV_B2","DAV_B2_S2",8,4,0,0,18.82901,147.63034,"-18.82901 147.63034",-18.875,147.625,"-18.875 147.625",3.95,NA,0,NA,0,31,36,1,1,0,0,0.032258064516129,26,15,1,5,0,"Townsville","Davies"
"165","DAV_B2_S3 Apr","DAV_B2_S3 Apr","DAV_B2_S3 Apr","Apr","20/03/2024","Cape Cleveland","Davies","B2 - East channel","Slope","DAV_B2_S3","Davies","DAV_B2","DAV_B2_S3",8,3.5,0,0,18.82901,147.63034,"-18.82901 147.63034",-18.875,147.625,"-18.875 147.625",3.95,NA,0,NA,0,28,30,0,0,0,0,0,27,16,1,5,0,"Townsville","Davies"
"166","DAV_B2_C1 Apr","DAV_B2_C1 Apr","DAV_B2_C1 Apr","Apr","20/03/2024","Cape Cleveland","Davies","B2 - East channel","Crest","DAV_B2_C1","Davies","DAV_B2","DAV_B2_C1",NA,NA,0,0,18.82901,147.63034,"-18.82901 147.63034",-18.875,147.625,"-18.875 147.625",3.95,NA,0,NA,0,83,83,35,35,0,0,0.421686746987952,40,27,2,3,17,"Townsville","Davies"
"167","DAV_B2_C2 Apr","DAV_B2_C2 Apr","DAV_B2_C2 Apr","Apr","20/03/2024","Cape Cleveland","Davies","B2 - East channel","Crest","DAV_B2_C2","Davies","DAV_B2","DAV_B2_C2",NA,NA,0,0,18.82901,147.63034,"-18.82901 147.63034",-18.875,147.625,"-18.875 147.625",3.95,NA,0,NA,0,38,38,12,12,0,0,0.31578947368421,33,32,0,0,26,"Townsville","Davies"
"168","DAV_B2_C3 Apr","DAV_B2_C3 Apr","DAV_B2_C3 Apr","Apr","20/03/2024","Cape Cleveland","Davies","B2 - East channel","Crest","DAV_B2_C3","Davies","DAV_B2","DAV_B2_C3",NA,NA,0,0,18.82901,147.63034,"-18.82901 147.63034",-18.875,147.625,"-18.875 147.625",3.95,NA,0,NA,0,26,26,0,0,0,0,0,40,32,2,3,22,"Townsville","Davies"
"169","DAV_B3_S1 Apr","DAV_B3_S1 Apr","DAV_B3_S1 Apr","Apr","20/03/2024","Cape Cleveland","Davies","B3 - NE","Slope","DAV_B3_S1","Davies","DAV_B3","DAV_B3_S1",8,4,0,0,18.80293,147.65041,"-18.80293 147.65041",-18.825,147.625,"-18.825 147.625",4.27,NA,0,NA,0,92,95,29,29,1,0.0108695652173913,0.315217391304348,29,1,2,0,0,"Townsville","Davies"
"170","DAV_B3_S2 Apr","DAV_B3_S2 Apr","DAV_B3_S2 Apr","Apr","20/03/2024","Cape Cleveland","Davies","B3 - NE","Slope","DAV_B3_S2","Davies","DAV_B3","DAV_B3_S2",8,3.5,0,0,18.80293,147.65041,"-18.80293 147.65041",-18.825,147.625,"-18.825 147.625",4.27,NA,0,NA,0,73,80,31,31,0,0,0.424657534246575,23,2,9,3,0,"Townsville","Davies"
"171","DAV_B3_S3 Apr","DAV_B3_S3 Apr","DAV_B3_S3 Apr","Apr","20/03/2024","Cape Cleveland","Davies","B3 - NE","Slope","DAV_B3_S3","Davies","DAV_B3","DAV_B3_S3",8,4,0,0,18.80293,147.65041,"-18.80293 147.65041",-18.825,147.625,"-18.825 147.625",4.27,NA,0,NA,0,9,9,0,0,0,0,0,20,3,2,3,0,"Townsville","Davies"
"172","DAV_B3_C1 Apr","DAV_B3_C1 Apr","DAV_B3_C1 Apr","Apr","20/03/2024","Cape Cleveland","Davies","B3 - NE","Crest","DAV_B3_C1","Davies","DAV_B3","DAV_B3_C1",NA,NA,0,0,18.80293,147.65041,"-18.80293 147.65041",-18.825,147.625,"-18.825 147.625",4.27,NA,0,NA,0,109,109,23,23,1,0.0091743119266055,0.211009174311927,26,20,3,0,2,"Townsville","Davies"
"173","DAV_B3_C2 Apr","DAV_B3_C2 Apr","DAV_B3_C2 Apr","Apr","20/03/2024","Cape Cleveland","Davies","B3 - NE","Crest","DAV_B3_C2","Davies","DAV_B3","DAV_B3_C2",NA,NA,0,0,18.80293,147.65041,"-18.80293 147.65041",-18.825,147.625,"-18.825 147.625",4.27,NA,0,NA,0,33,33,6,6,0,0,0.181818181818182,10,6,2,0,4,"Townsville","Davies"
"174","DAV_B3_C3 Apr","DAV_B3_C3 Apr","DAV_B3_C3 Apr","Apr","20/03/2024","Cape Cleveland","Davies","B3 - NE","Crest","DAV_B3_C3","Davies","DAV_B3","DAV_B3_C3",NA,NA,0,0,18.80293,147.65041,"-18.80293 147.65041",-18.825,147.625,"-18.825 147.625",4.27,NA,0,NA,0,44,47,10,10,0,0,0.227272727272727,45,31,6,5,13,"Townsville","Davies"
"175","CHI_B1_S1 Apr","CHI_B1_S1 Apr","CHI_B1_S1 Apr","Apr","20/03/2024","Cape Cleveland","Chicken","B1 - NW","Slope","CHI_B1_S1","Chicken","CHI_B1","CHI_B1_S1",8,3.5,0,0,18.66884,147.70325,"-18.66884 147.70325",-18.675,147.675,"-18.675 147.675",5.71,4,1,4,1,39,39,15,15,2,0.0512820512820513,0.384615384615385,16,3,7,0,0,"Townsville","Chicken"
"176","CHI_B1_S2 Apr","CHI_B1_S2 Apr","CHI_B1_S2 Apr","Apr","20/03/2024","Cape Cleveland","Chicken","B1 - NW","Slope","CHI_B1_S2","Chicken","CHI_B1","CHI_B1_S2",8,3.5,0,0,18.66884,147.70325,"-18.66884 147.70325",-18.675,147.675,"-18.675 147.675",5.71,4,1,4,1,29,29,5,5,0,0,0.172413793103448,15,3,4,0,0,"Townsville","Chicken"
"177","CHI_B1_S3 Apr","CHI_B1_S3 Apr","CHI_B1_S3 Apr","Apr","20/03/2024","Cape Cleveland","Chicken","B1 - NW","Slope","CHI_B1_S3","Chicken","CHI_B1","CHI_B1_S3",7.4,3,0,0,18.66884,147.70325,"-18.66884 147.70325",-18.675,147.675,"-18.675 147.675",5.71,4,1,4,1,59,64,1,1,0,0,0.0169491525423729,15,2,5,0,0,"Townsville","Chicken"
"178","CHI_B1_C1 Apr","CHI_B1_C1 Apr","CHI_B1_C1 Apr","Apr","20/03/2024","Cape Cleveland","Chicken","B1 - NW","Crest","CHI_B1_C1","Chicken","CHI_B1","CHI_B1_C1",1.1,2.5,0,0,18.66884,147.70325,"-18.66884 147.70325",-18.675,147.675,"-18.675 147.675",5.71,4,1,4,1,53,54,25,26,1,0.0188679245283019,0.471698113207547,28,25,2,0,5,"Townsville","Chicken"
"179","CHI_B1_C2 Apr","CHI_B1_C2 Apr","CHI_B1_C2 Apr","Apr","20/03/2024","Cape Cleveland","Chicken","B1 - NW","Crest","CHI_B1_C2","Chicken","CHI_B1","CHI_B1_C2",1.1,2.5,0,0,18.66884,147.70325,"-18.66884 147.70325",-18.675,147.675,"-18.675 147.675",5.71,4,1,4,1,58,58,16,16,2,0.0344827586206897,0.275862068965517,43,42,0,0,22,"Townsville","Chicken"
"180","CHI_B1_C3 Apr","CHI_B1_C3 Apr","CHI_B1_C3 Apr","Apr","20/03/2024","Cape Cleveland","Chicken","B1 - NW","Crest","CHI_B1_C3","Chicken","CHI_B1","CHI_B1_C3",1.1,2.5,0,0,18.66884,147.70325,"-18.66884 147.70325",-18.675,147.675,"-18.675 147.675",5.71,4,1,4,1,45,45,14,14,0,0,0.311111111111111,57,55,1,0,26,"Townsville","Chicken"
"181","CHI_B2_S1 Apr","CHI_B2_S1 Apr","CHI_B2_S1 Apr","Apr","20/03/2024","Cape Cleveland","Chicken","B2 - NE","Slope","CHI_B2_S1","Chicken","CHI_B2","CHI_B2_S1",6.3,3,0,0,18.65504,147.7095,"-18.65504 147.7095",-18.675,147.675,"-18.675 147.675",5.71,4,1,4,1,111,115,44,44,0,0,0.396396396396396,18,8,3,0,0,"Townsville","Chicken"
"182","CHI_B2_S2 Apr","CHI_B2_S2 Apr","CHI_B2_S2 Apr","Apr","20/03/2024","Cape Cleveland","Chicken","B2 - NE","Slope","CHI_B2_S2","Chicken","CHI_B2","CHI_B2_S2",7.5,3,0,0,18.65504,147.7095,"-18.65504 147.7095",-18.675,147.675,"-18.675 147.675",5.71,4,1,4,1,73,76,37,40,0,0,0.506849315068493,12,7,2,0,1,"Townsville","Chicken"
"183","CHI_B2_S3 Apr","CHI_B2_S3 Apr","CHI_B2_S3 Apr","Apr","20/03/2024","Cape Cleveland","Chicken","B2 - NE","Slope","CHI_B2_S3","Chicken","CHI_B2","CHI_B2_S3",5.5,3,0,0,18.65504,147.7095,"-18.65504 147.7095",-18.675,147.675,"-18.675 147.675",5.71,4,1,4,1,9,10,0,1,0,0,0,12,6,2,1,1,"Townsville","Chicken"
"184","CHI_B2_C1 Apr","CHI_B2_C1 Apr","CHI_B2_C1 Apr","Apr","20/03/2024","Cape Cleveland","Chicken","B2 - NE","Crest","CHI_B2_C1","Chicken","CHI_B2","CHI_B2_C1",1,2.5,0,0,18.65504,147.7095,"-18.65504 147.7095",-18.675,147.675,"-18.675 147.675",5.71,4,1,4,1,47,47,21,21,0,0,0.446808510638298,38,37,1,0,4,"Townsville","Chicken"
"185","CHI_B2_C2 Apr","CHI_B2_C2 Apr","CHI_B2_C2 Apr","Apr","20/03/2024","Cape Cleveland","Chicken","B2 - NE","Crest","CHI_B2_C2","Chicken","CHI_B2","CHI_B2_C2",1,3,0,0,18.65504,147.7095,"-18.65504 147.7095",-18.675,147.675,"-18.675 147.675",5.71,4,1,4,1,94,94,50,50,3,0.0319148936170213,0.531914893617021,28,26,1,0,9,"Townsville","Chicken"
"186","CHI_B2_C3 Apr","CHI_B2_C3 Apr","CHI_B2_C3 Apr","Apr","20/03/2024","Cape Cleveland","Chicken","B2 - NE","Crest","CHI_B2_C3","Chicken","CHI_B2","CHI_B2_C3",1,3,0,0,18.65504,147.7095,"-18.65504 147.7095",-18.675,147.675,"-18.675 147.675",5.71,4,1,4,1,66,67,46,47,2,0.0303030303030303,0.696969696969697,40,38,0,1,13,"Townsville","Chicken"
"187","RIB_B1_S1 Apr","RIB_B1_S1 Apr","RIB_B1_S1 Apr","Apr","24/03/2024","Lizard","Ribbon 8","B1 - NW","Slope","RIB_B1_S1","Ribbon 8 ","RIB_B1","RIB_B1_S1",8,3,0,0,15.04792,145.71376,"-15.04792 145.71376",-15.075,145.675,"-15.075 145.675",6.01,4,4,4,3,54,58,15,18,0,0,0.277777777777778,25,4,4,13,0,"Cooktown","Ribbon 8"
"188","RIB_B1_S2 Apr","RIB_B1_S2 Apr","RIB_B1_S2 Apr","Apr","24/03/2024","Lizard","Ribbon 8","B1 - NW","Slope","RIB_B1_S2","Ribbon 8 ","RIB_B1","RIB_B1_S2",8,3,2,0,15.04792,145.71376,"-15.04792 145.71376",-15.075,145.675,"-15.075 145.675",6.01,4,4,4,3,40,48,7,8,0,0,0.175,21.4285714285714,6.12244897959184,2.04081632653061,7.14285714285714,0,"Cooktown","Ribbon 8"
"189","RIB_B1_S3 Apr","RIB_B1_S3 Apr","RIB_B1_S3 Apr","Apr","24/03/2024","Lizard","Ribbon 8","B1 - NW","Slope","RIB_B1_S3","Ribbon 8 ","RIB_B1","RIB_B1_S3",8,2.5,0,0,15.04792,145.71376,"-15.04792 145.71376",-15.075,145.675,"-15.075 145.675",6.01,4,4,4,3,46,46,6,6,0,0,0.130434782608696,29,6,5,7,0,"Cooktown","Ribbon 8"
"190","RIB_B1_C1 Apr","RIB_B1_C1 Apr","RIB_B1_C1 Apr","Apr","24/03/2024","Lizard","Ribbon 8","B1 - NW","Crest","RIB_B1_C1","Ribbon 8 ","RIB_B1","RIB_B1_C1",2.4,2,0,0,15.04792,145.71376,"-15.04792 145.71376",-15.075,145.675,"-15.075 145.675",6.01,4,4,4,3,80,81,43,43,0,0,0.5375,32,10,10,9,2,"Cooktown","Ribbon 8"
"191","RIB_B1_C2 Apr","RIB_B1_C2 Apr","RIB_B1_C2 Apr","Apr","24/03/2024","Lizard","Ribbon 8","B1 - NW","Crest","RIB_B1_C2","Ribbon 8 ","RIB_B1","RIB_B1_C2",2.1,2,0,0,15.04792,145.71376,"-15.04792 145.71376",-15.075,145.675,"-15.075 145.675",6.01,4,4,4,3,131,133,96,96,1,0.00763358778625954,0.732824427480916,32,18,5,3,3,"Cooktown","Ribbon 8"
"192","RIB_B1_C3 Apr","RIB_B1_C3 Apr","RIB_B1_C3 Apr","Apr","24/03/2024","Lizard","Ribbon 8","B1 - NW","Crest","RIB_B1_C3","Ribbon 8 ","RIB_B1","RIB_B1_C3",2.1,2,0,0,15.04792,145.71376,"-15.04792 145.71376",-15.075,145.675,"-15.075 145.675",6.01,4,4,4,3,42,54,13,17,0,0,0.30952380952381,41,26,5,3,13,"Cooktown","Ribbon 8"
"193","RIB_B2_S1 Apr","RIB_B2_S1 Apr","RIB_B2_S1 Apr","Apr","24/03/2024","Lizard","Ribbon 8","B2 - N","Slope","RIB_B2_S1","Ribbon 8 ","RIB_B2","RIB_B2_S1",7,3,0,0,15.03495,145.71205,"-15.03495 145.71205",-15.075,145.675,"-15.075 145.675",6.01,4,4,4,3,36,68,5,5,0,0,0.138888888888889,26,9,1,6,2,"Cooktown","Ribbon 8"
"194","RIB_B2_S2 Apr","RIB_B2_S2 Apr","RIB_B2_S2 Apr","Apr","24/03/2024","Lizard","Ribbon 8","B2 - N","Slope","RIB_B2_S2","Ribbon 8 ","RIB_B2","RIB_B2_S2",6,2.5,0,0,15.03495,145.71205,"-15.03495 145.71205",-15.075,145.675,"-15.075 145.675",6.01,4,4,4,3,73,121,19,27,0,0,0.26027397260274,28,13,3,4,2,"Cooktown","Ribbon 8"
"195","RIB_B2_S3 Apr","RIB_B2_S3 Apr","RIB_B2_S3 Apr","Apr","24/03/2024","Lizard","Ribbon 8","B2 - N","Slope","RIB_B2_S3","Ribbon 8 ","RIB_B2","RIB_B2_S3",5,2,0,0,15.03495,145.71205,"-15.03495 145.71205",-15.075,145.675,"-15.075 145.675",6.01,4,4,4,3,46,51,6,6,2,0.0434782608695652,0.130434782608696,31,24,1,2,15,"Cooktown","Ribbon 8"
"196","RIB_B2_C1 Apr","RIB_B2_C1 Apr","RIB_B2_C1 Apr","Apr","24/03/2024","Lizard","Ribbon 8","B2 - N","Crest","RIB_B2_C1","Ribbon 8 ","RIB_B2","RIB_B2_C1",2,2.5,0,0,15.03495,145.71205,"-15.03495 145.71205",-15.075,145.675,"-15.075 145.675",6.01,4,4,4,3,81,86,42,42,0,0,0.518518518518518,33,19,1,6,8,"Cooktown","Ribbon 8"
"197","RIB_B2_C2 Apr","RIB_B2_C2 Apr","RIB_B2_C2 Apr","Apr","24/03/2024","Lizard","Ribbon 8","B2 - N","Crest","RIB_B2_C2","Ribbon 8 ","RIB_B2","RIB_B2_C2",2,2.5,0,0,15.03495,145.71205,"-15.03495 145.71205",-15.075,145.675,"-15.075 145.675",6.01,4,4,4,3,96,107,55,59,0,0,0.572916666666667,32,21,2,3,3,"Cooktown","Ribbon 8"
"198","RIB_B2_C3 Apr","RIB_B2_C3 Apr","RIB_B2_C3 Apr","Apr","24/03/2024","Lizard","Ribbon 8","B2 - N","Crest","RIB_B2_C3","Ribbon 8 ","RIB_B2","RIB_B2_C3",2,2.5,0,0,15.03495,145.71205,"-15.03495 145.71205",-15.075,145.675,"-15.075 145.675",6.01,4,4,4,3,41,41,16,16,0,0,0.390243902439024,31,19,5,4,13,"Cooktown","Ribbon 8"
"199","RIB_B3_S1 Apr","RIB_B3_S1 Apr","RIB_B3_S1 Apr","Apr","24/03/2024","Lizard","Ribbon 8","B3 - Patch","Slope","RIB_B3_S1","Ribbon 8 ","RIB_B3","RIB_B3_S1",8.5,3.5,0,0,15.03962,145.70377,"-15.03962 145.70377",-15.075,145.675,"-15.075 145.675",6.01,4,4,4,3,68,78,28,28,1,0.0147058823529412,0.411764705882353,27,2,7,5,0,"Cooktown","Ribbon 8"
"200","RIB_B3_S2 Apr","RIB_B3_S2 Apr","RIB_B3_S2 Apr","Apr","24/03/2024","Lizard","Ribbon 8","B3 - Patch","Slope","RIB_B3_S2","Ribbon 8 ","RIB_B3","RIB_B3_S2",8,3.5,0,0,15.03962,145.70377,"-15.03962 145.70377",-15.075,145.675,"-15.075 145.675",6.01,4,4,4,3,39,68,10,10,0,0,0.256410256410256,20,6,5,4,1,"Cooktown","Ribbon 8"
"201","RIB_B3_S3 Apr","RIB_B3_S3 Apr","RIB_B3_S3 Apr","Apr","24/03/2024","Lizard","Ribbon 8","B3 - Patch","Slope","RIB_B3_S3","Ribbon 8 ","RIB_B3","RIB_B3_S3",8,3.5,0,0,15.03962,145.70377,"-15.03962 145.70377",-15.075,145.675,"-15.075 145.675",6.01,4,4,4,3,57,57,8,8,0,0,0.140350877192982,32,15,6,5,0,"Cooktown","Ribbon 8"
"202","RIB_B3_C1 Apr","RIB_B3_C1 Apr","RIB_B3_C1 Apr","Apr","24/03/2024","Lizard","Ribbon 8","B3 - Patch","Crest","RIB_B3_C1","Ribbon 8 ","RIB_B3","RIB_B3_C1",2,3,0,0,15.03962,145.70377,"-15.03962 145.70377",-15.075,145.675,"-15.075 145.675",6.01,4,4,4,3,54,68,32,37,3,0.0555555555555556,0.592592592592593,9,2,3,3,0,"Cooktown","Ribbon 8"
"203","RIB_B3_C2 Apr","RIB_B3_C2 Apr","RIB_B3_C2 Apr","Apr","24/03/2024","Lizard","Ribbon 8","B3 - Patch","Crest","RIB_B3_C2","Ribbon 8 ","RIB_B3","RIB_B3_C2",2,2.5,0,0,15.03962,145.70377,"-15.03962 145.70377",-15.075,145.675,"-15.075 145.675",6.01,4,4,4,3,72,73,50,51,3,0.0416666666666667,0.694444444444444,21,6,11,2,2,"Cooktown","Ribbon 8"
"204","RIB_B3_C3 Apr","RIB_B3_C3 Apr","RIB_B3_C3 Apr","Apr","24/03/2024","Lizard","Ribbon 8","B3 - Patch","Crest","RIB_B3_C3","Ribbon 8 ","RIB_B3","RIB_B3_C3",2,2.5,0,0,15.03962,145.70377,"-15.03962 145.70377",-15.075,145.675,"-15.075 145.675",6.01,4,4,4,3,55,63,12,14,0,0,0.218181818181818,23,8,11,2,1,"Cooktown","Ribbon 8"
"205","NOR_B1_S1 Apr","NOR_B1_S1 Apr","NOR_B1_S1 Apr","Apr","24/03/2024","Lizard","North Direction","B1 - Traps","Slope","NOR_B1_S1","North Direction","NOR_B1","NOR_B1_S1",7.5,3.5,0,0,14.7496,145.51379,"-14.7496 145.51379",-14.775,145.475,"-14.775 145.475",6.5,7,3,7,2,57,76,31,44,1,0.0175438596491228,0.543859649122807,28,22,3,0,1,"Cooktown","NthDirection"
"206","NOR_B1_S2 Apr","NOR_B1_S2 Apr","NOR_B1_S2 Apr","Apr","24/03/2024","Lizard","North Direction","B1 - Traps","Slope","NOR_B1_S2","North Direction","NOR_B1","NOR_B1_S2",6.4,3,2,0,14.7496,145.51379,"-14.7496 145.51379",-14.775,145.475,"-14.775 145.475",6.5,7,3,7,2,121,127,89,93,6,0.0495867768595041,0.735537190082645,42.8571428571429,33.6734693877551,7.14285714285714,0,4.08163265306122,"Cooktown","NthDirection"
"207","NOR_B1_S3 Apr","NOR_B1_S3 Apr","NOR_B1_S3 Apr","Apr","24/03/2024","Lizard","North Direction","B1 - Traps","Slope","NOR_B1_S3","North Direction","NOR_B1","NOR_B1_S3",6,3.5,3,0,14.7496,145.51379,"-14.7496 145.51379",-14.775,145.475,"-14.775 145.475",6.5,7,3,7,2,93,97,65,69,11,0.118279569892473,0.698924731182796,69.0721649484536,67.0103092783505,0,0,13.4020618556701,"Cooktown","NthDirection"
"208","NOR_B1_C1 Apr","NOR_B1_C1 Apr","NOR_B1_C1 Apr","Apr","24/03/2024","Lizard","North Direction","B1 - Traps","Crest","NOR_B1_C1","North Direction","NOR_B1","NOR_B1_C1",1,3,0,0,14.7496,145.51379,"-14.7496 145.51379",-14.775,145.475,"-14.775 145.475",6.5,7,3,7,2,105,108,88,90,9,0.0857142857142857,0.838095238095238,72,69,1,0,44,"Cooktown","NthDirection"
"209","NOR_B1_C2 Apr","NOR_B1_C2 Apr","NOR_B1_C2 Apr","Apr","24/03/2024","Lizard","North Direction","B1 - Traps","Crest","NOR_B1_C2","North Direction","NOR_B1","NOR_B1_C2",1.6,3,0,0,14.7496,145.51379,"-14.7496 145.51379",-14.775,145.475,"-14.775 145.475",6.5,7,3,7,2,114,114,100,100,35,0.307017543859649,0.87719298245614,67,67,0,0,36,"Cooktown","NthDirection"
"210","NOR_B1_C3 Apr","NOR_B1_C3 Apr","NOR_B1_C3 Apr","Apr","24/03/2024","Lizard","North Direction","B1 - Traps","Crest","NOR_B1_C3","North Direction","NOR_B1","NOR_B1_C3",1,3,0,0,14.7496,145.51379,"-14.7496 145.51379",-14.775,145.475,"-14.775 145.475",6.5,7,3,7,2,67,67,66,66,19,0.283582089552239,0.985074626865672,67,66,0,0,46,"Cooktown","NthDirection"
"211","NOR_B2_S1 Apr","NOR_B2_S1 Apr","NOR_B2_S1 Apr","Apr","24/03/2024","Lizard","North Direction","B2 - East Point","Slope","NOR_B2_S1","North Direction","NOR_B2","NOR_B2_S1",5,3.5,0,0,14.74142,145.51036,"-14.74142 145.51036",-14.775,145.475,"-14.775 145.475",6.5,7,3,7,2,106,110,58,58,9,0.0849056603773585,0.547169811320755,29,12,5,4,1,"Cooktown","NthDirection"
"212","NOR_B2_S2 Apr","NOR_B2_S2 Apr","NOR_B2_S2 Apr","Apr","24/03/2024","Lizard","North Direction","B2 - East Point","Slope","NOR_B2_S2","North Direction","NOR_B2","NOR_B2_S2",5,3.5,0,0,14.74142,145.51036,"-14.74142 145.51036",-14.775,145.475,"-14.775 145.475",6.5,7,3,7,2,80,86,40,40,0,0,0.5,43,20,10,2,0,"Cooktown","NthDirection"
"213","NOR_B2_S3 Apr","NOR_B2_S3 Apr","NOR_B2_S3 Apr","Apr","24/03/2024","Lizard","North Direction","B2 - East Point","Slope","NOR_B2_S3","North Direction","NOR_B2","NOR_B2_S3",5.7,3,0,0,14.74142,145.51036,"-14.74142 145.51036",-14.775,145.475,"-14.775 145.475",6.5,7,3,7,2,39,49,12,13,0,0,0.307692307692308,41,33,5,0,6,"Cooktown","NthDirection"
"214","NOR_B2_C1 Apr","NOR_B2_C1 Apr","NOR_B2_C1 Apr","Apr","24/03/2024","Lizard","North Direction","B2 - East Point","Crest","NOR_B2_C1","North Direction","NOR_B2","NOR_B2_C1",1,3,0,0,14.74142,145.51036,"-14.74142 145.51036",-14.775,145.475,"-14.775 145.475",6.5,7,3,7,2,119,123,94,94,2,0.0168067226890756,0.789915966386555,51,46,2,0,32,"Cooktown","NthDirection"
"215","NOR_B2_C2 Apr","NOR_B2_C2 Apr","NOR_B2_C2 Apr","Apr","24/03/2024","Lizard","North Direction","B2 - East Point","Crest","NOR_B2_C2","North Direction","NOR_B2","NOR_B2_C2",1,3,0,0,14.74142,145.51036,"-14.74142 145.51036",-14.775,145.475,"-14.775 145.475",6.5,7,3,7,2,84,85,72,72,6,0.0714285714285714,0.857142857142857,65,61,3,0,31,"Cooktown","NthDirection"
"216","NOR_B2_C3 Apr","NOR_B2_C3 Apr","NOR_B2_C3 Apr","Apr","24/03/2024","Lizard","North Direction","B2 - East Point","Crest","NOR_B2_C3","North Direction","NOR_B2","NOR_B2_C3",1,3.5,0,0,14.74142,145.51036,"-14.74142 145.51036",-14.775,145.475,"-14.775 145.475",6.5,7,3,7,2,84,87,69,71,9,0.107142857142857,0.821428571428571,79,74,3,0,53,"Cooktown","NthDirection"
"217","PCD_B1_S1 Apr","PCD_B1_S1 Apr","PCD_B1_S1 Apr","Apr","25/03/2024","Princess Charlotte Bay","Davie","B1 - Cay","Slope","PCD_B1_S1","Davie","PCD_B1","PCD_B1_S1",5.6,2,0,0,13.96604,144.4389,"-13.96604 144.4389",-13.975,144.425,"-13.975 144.425",6.83,7,3,7,2,31,32,4,4,0,0,0.129032258064516,15,2,1,6,0,"Princess Charlotte Bay","Davie"
"218","PCD_B1_S2 Apr","PCD_B1_S2 Apr","PCD_B1_S2 Apr","Apr","25/03/2024","Princess Charlotte Bay","Davie","B1 - Cay","Slope","PCD_B1_S2","Davie","PCD_B1","PCD_B1_S2",6.2,2,0,0,13.96604,144.4389,"-13.96604 144.4389",-13.975,144.425,"-13.975 144.425",6.83,7,3,7,2,42,42,2,2,0,0,0.0476190476190476,17,1,1,6,0,"Princess Charlotte Bay","Davie"
"219","PCD_B1_S3 Apr","PCD_B1_S3 Apr","PCD_B1_S3 Apr","Apr","25/03/2024","Princess Charlotte Bay","Davie","B1 - Cay","Slope","PCD_B1_S3","Davie","PCD_B1","PCD_B1_S3",5.8,2.5,0,0,13.96604,144.4389,"-13.96604 144.4389",-13.975,144.425,"-13.975 144.425",6.83,7,3,7,2,25,25,0,0,0,0,0,14,3,0,2,0,"Princess Charlotte Bay","Davie"
"220","PCD_B1_C1 Apr","PCD_B1_C1 Apr","PCD_B1_C1 Apr","Apr","25/03/2024","Princess Charlotte Bay","Davie","B1 - Cay","Crest","PCD_B1_C1","Davie","PCD_B1","PCD_B1_C1",2.3,2,0,0,13.96604,144.4389,"-13.96604 144.4389",-13.975,144.425,"-13.975 144.425",6.83,7,3,7,2,58,59,1,1,0,0,0.0172413793103448,18,8,4,1,0,"Princess Charlotte Bay","Davie"
"221","PCD_B1_C2 Apr","PCD_B1_C2 Apr","PCD_B1_C2 Apr","Apr","25/03/2024","Princess Charlotte Bay","Davie","B1 - Cay","Crest","PCD_B1_C2","Davie","PCD_B1","PCD_B1_C2",2.4,2,0,0,13.96604,144.4389,"-13.96604 144.4389",-13.975,144.425,"-13.975 144.425",6.83,7,3,7,2,73,74,6,6,0,0,0.0821917808219178,21,15,1,0,0,"Princess Charlotte Bay","Davie"
"222","PCD_B1_C3 Apr","PCD_B1_C3 Apr","PCD_B1_C3 Apr","Apr","25/03/2024","Princess Charlotte Bay","Davie","B1 - Cay","Crest","PCD_B1_C3","Davie","PCD_B1","PCD_B1_C3",2.3,2,0,0,13.96604,144.4389,"-13.96604 144.4389",-13.975,144.425,"-13.975 144.425",6.83,7,3,7,2,20,23,1,1,0,0,0.05,20,11,2,1,0,"Princess Charlotte Bay","Davie"
"223","PCD_B2_S1 Apr","PCD_B2_S1 Apr","PCD_B2_S1 Apr","Apr","25/03/2024","Princess Charlotte Bay","Davie","B2 - NW","Slope","PCD_B2_S1","Davie","PCD_B2","PCD_B2_S1",8,3,0,0,13.98229,144.43892,"-13.98229 144.43892",-14.025,144.425,"-14.025 144.425",6.62,7,3,7,2,44,48,2,2,0,0,0.0454545454545455,21,8,4,3,3,"Princess Charlotte Bay","Davie"
"224","PCD_B2_S2 Apr","PCD_B2_S2 Apr","PCD_B2_S2 Apr","Apr","25/03/2024","Princess Charlotte Bay","Davie","B2 - NW","Slope","PCD_B2_S2","Davie","PCD_B2","PCD_B2_S2",8,3,0,0,13.98229,144.43892,"-13.98229 144.43892",-14.025,144.425,"-14.025 144.425",6.62,7,3,7,2,49,51,3,3,0,0,0.0612244897959184,20,9,1,2,2,"Princess Charlotte Bay","Davie"
"225","PCD_B2_S3 Apr","PCD_B2_S3 Apr","PCD_B2_S3 Apr","Apr","25/03/2024","Princess Charlotte Bay","Davie","B2 - NW","Slope","PCD_B2_S3","Davie","PCD_B2","PCD_B2_S3",8,3,0,0,13.98229,144.43892,"-13.98229 144.43892",-14.025,144.425,"-14.025 144.425",6.62,7,3,7,2,22,24,0,0,0,0,0,24,6,4,2,0,"Princess Charlotte Bay","Davie"
"226","PCD_B2_C1 Apr","PCD_B2_C1 Apr","PCD_B2_C1 Apr","Apr","25/03/2024","Princess Charlotte Bay","Davie","B2 - NW","Crest","PCD_B2_C1","Davie","PCD_B2","PCD_B2_C1",2.5,2.5,0,0,13.98229,144.43892,"-13.98229 144.43892",-14.025,144.425,"-14.025 144.425",6.62,7,3,7,2,95,96,9,9,0,0,0.0947368421052632,31,16,3,4,2,"Princess Charlotte Bay","Davie"
"227","PCD_B2_C2 Apr","PCD_B2_C2 Apr","PCD_B2_C2 Apr","Apr","25/03/2024","Princess Charlotte Bay","Davie","B2 - NW","Crest","PCD_B2_C2","Davie","PCD_B2","PCD_B2_C2",2.3,2,0,0,13.98229,144.43892,"-13.98229 144.43892",-14.025,144.425,"-14.025 144.425",6.62,7,3,7,2,118,125,33,33,0,0,0.279661016949153,32,17,2,2,1,"Princess Charlotte Bay","Davie"
"228","PCD_B2_C3 Apr","PCD_B2_C3 Apr","PCD_B2_C3 Apr","Apr","25/03/2024","Princess Charlotte Bay","Davie","B2 - NW","Crest","PCD_B2_C3","Davie","PCD_B2","PCD_B2_C3",2.1,2,0,0,13.98229,144.43892,"-13.98229 144.43892",-14.025,144.425,"-14.025 144.425",6.62,7,3,7,2,53,54,18,18,0,0,0.339622641509434,29,14,7,1,1,"Princess Charlotte Bay","Davie"
"229","PCD_B3_S1 Apr","PCD_B3_S1 Apr","PCD_B3_S1 Apr","Apr","25/03/2024","Princess Charlotte Bay","Davie","B3 - NE","Slope","PCD_B3_S1","Davie","PCD_B3","PCD_B3_S1",8,4,0,0,13.96604,144.44685,"-13.96604 144.44685",-13.975,144.425,"-13.975 144.425",6.83,7,3,7,2,106,113,17,17,0,0,0.160377358490566,39,10,5,14,2,"Princess Charlotte Bay","Davie"
"230","PCD_B3_S2 Apr","PCD_B3_S2 Apr","PCD_B3_S2 Apr","Apr","25/03/2024","Princess Charlotte Bay","Davie","B3 - NE","Slope","PCD_B3_S2","Davie","PCD_B3","PCD_B3_S2",7,3.5,0,0,13.96604,144.44685,"-13.96604 144.44685",-13.975,144.425,"-13.975 144.425",6.83,7,3,7,2,79,90,5,5,0,0,0.0632911392405063,32,5,1,10,1,"Princess Charlotte Bay","Davie"
"231","PCD_B3_S3 Apr","PCD_B3_S3 Apr","PCD_B3_S3 Apr","Apr","25/03/2024","Princess Charlotte Bay","Davie","B3 - NE","Slope","PCD_B3_S3","Davie","PCD_B3","PCD_B3_S3",7,4,0,0,13.96604,144.44685,"-13.96604 144.44685",-13.975,144.425,"-13.975 144.425",6.83,7,3,7,2,36,36,0,0,0,0,0,36,12,10,2,1,"Princess Charlotte Bay","Davie"
"232","PCD_B3_C1 Apr","PCD_B3_C1 Apr","PCD_B3_C1 Apr","Apr","25/03/2024","Princess Charlotte Bay","Davie","B3 - NE","Crest","PCD_B3_C1","Davie","PCD_B3","PCD_B3_C1",2.6,2,0,0,13.96604,144.44685,"-13.96604 144.44685",-13.975,144.425,"-13.975 144.425",6.83,7,3,7,2,154,155,6,6,0,0,0.038961038961039,42,26,4,5,5,"Princess Charlotte Bay","Davie"
"233","PCD_B3_C2 Apr","PCD_B3_C2 Apr","PCD_B3_C2 Apr","Apr","25/03/2024","Princess Charlotte Bay","Davie","B3 - NE","Crest","PCD_B3_C2","Davie","PCD_B3","PCD_B3_C2",2.6,2,0,0,13.96604,144.44685,"-13.96604 144.44685",-13.975,144.425,"-13.975 144.425",6.83,7,3,7,2,143,143,2,2,0,0,0.013986013986014,23,18,1,0,5,"Princess Charlotte Bay","Davie"
"234","PCD_B3_C3 Apr","PCD_B3_C3 Apr","PCD_B3_C3 Apr","Apr","25/03/2024","Princess Charlotte Bay","Davie","B3 - NE","Crest","PCD_B3_C3","Davie","PCD_B3","PCD_B3_C3",2.1,1,0,0,13.96604,144.44685,"-13.96604 144.44685",-13.975,144.425,"-13.975 144.425",6.83,7,3,7,2,26,26,2,2,0,0,0.0769230769230769,17,14,1,2,7,"Princess Charlotte Bay","Davie"
"235","THR_B1_S1 Apr","THR_B1_S1 Apr","THR_B1_S1 Apr","Apr","26/03/2024","Cape Grenville","Three Reefs","B1 - NE","Slope","THR_B1_S1","Three Reefs","THR_B1","THR_B1_S1",8.6,4,0,0,11.74953,143.89652,"-11.74953 143.89652",-11.775,143.875,"-11.775 143.875",5.5,2,4,2,4,149,152,24,24,0,0,0.161073825503356,29,11,2,7,0,"Cape Grenville","GreatDetached"
"236","THR_B1_S2 Apr","THR_B1_S2 Apr","THR_B1_S2 Apr","Apr","26/03/2024","Cape Grenville","Three Reefs","B1 - NE","Slope","THR_B1_S2","Three Reefs","THR_B1","THR_B1_S2",8.3,3,2,0,11.74953,143.89652,"-11.74953 143.89652",-11.775,143.875,"-11.775 143.875",5.5,2,4,2,4,57,57,0,0,0,0,0,30.6122448979592,12.2448979591837,6.12244897959184,1.02040816326531,4.08163265306122,"Cape Grenville","GreatDetached"
"237","THR_B1_S3 Apr","THR_B1_S3 Apr","THR_B1_S3 Apr","Apr","26/03/2024","Cape Grenville","Three Reefs","B1 - NE","Slope","THR_B1_S3","Three Reefs","THR_B1","THR_B1_S3",8.8,3,4,0,11.74953,143.89652,"-11.74953 143.89652",-11.775,143.875,"-11.775 143.875",5.5,2,4,2,4,57,62,0,0,0,0,0,38.5416666666667,26.0416666666667,3.125,6.25,2.08333333333333,"Cape Grenville","GreatDetached"
"238","THR_B1_C1 Apr","THR_B1_C1 Apr","THR_B1_C1 Apr","Apr","26/03/2024","Cape Grenville","Three Reefs","B1 - NE","Crest","THR_B1_C1","Three Reefs","THR_B1","THR_B1_C1",1.9,2.5,0,0,11.74953,143.89652,"-11.74953 143.89652",-11.775,143.875,"-11.775 143.875",5.5,2,4,2,4,133,133,0,0,0,0,0,53,47,2,0,4,"Cape Grenville","GreatDetached"
"239","THR_B1_C2 Apr","THR_B1_C2 Apr","THR_B1_C2 Apr","Apr","26/03/2024","Cape Grenville","Three Reefs","B1 - NE","Crest","THR_B1_C2","Three Reefs","THR_B1","THR_B1_C2",1.9,3,0,0,11.74953,143.89652,"-11.74953 143.89652",-11.775,143.875,"-11.775 143.875",5.5,2,4,2,4,129,129,0,0,0,0,0,50,42,2,1,5,"Cape Grenville","GreatDetached"
"240","THR_B1_C3 Apr","THR_B1_C3 Apr","THR_B1_C3 Apr","Apr","26/03/2024","Cape Grenville","Three Reefs","B1 - NE","Crest","THR_B1_C3","Three Reefs","THR_B1","THR_B1_C3",1.8,2.5,0,0,11.74953,143.89652,"-11.74953 143.89652",-11.775,143.875,"-11.775 143.875",5.5,2,4,2,4,115,115,0,0,0,0,0,56,27,7,3,1,"Cape Grenville","GreatDetached"
"241","THR_B2_S1 Apr","THR_B2_S1 Apr","THR_B2_S1 Apr","Apr","26/03/2024","Cape Grenville","Three Reefs","B2 - Lagoon","Slope","THR_B2_S1","Three Reefs","THR_B2","THR_B2_S1",6.6,2.5,0,0,11.7587,143.89854,"-11.7587 143.89854",-11.775,143.875,"-11.775 143.875",5.5,2,4,2,4,141,141,6,6,0,0,0.0425531914893617,34,10,6,3,1,"Cape Grenville","GreatDetached"
"242","THR_B2_S2 Apr","THR_B2_S2 Apr","THR_B2_S2 Apr","Apr","26/03/2024","Cape Grenville","Three Reefs","B2 - Lagoon","Slope","THR_B2_S2","Three Reefs","THR_B2","THR_B2_S2",6.6,3,0,0,11.7587,143.89854,"-11.7587 143.89854",-11.775,143.875,"-11.775 143.875",5.5,2,4,2,4,95,95,1,1,0,0,0.0105263157894737,34,18,7,3,0,"Cape Grenville","GreatDetached"
"243","THR_B2_S3 Apr","THR_B2_S3 Apr","THR_B2_S3 Apr","Apr","26/03/2024","Cape Grenville","Three Reefs","B2 - Lagoon","Slope","THR_B2_S3","Three Reefs","THR_B2","THR_B2_S3",6,2.5,0,0,11.7587,143.89854,"-11.7587 143.89854",-11.775,143.875,"-11.775 143.875",5.5,2,4,2,4,114,114,3,3,0,0,0.0263157894736842,37,19,14,1,0,"Cape Grenville","GreatDetached"
"244","THR_B2_C1 Apr","THR_B2_C1 Apr","THR_B2_C1 Apr","Apr","26/03/2024","Cape Grenville","Three Reefs","B2 - Lagoon","Crest","THR_B2_C1","Three Reefs","THR_B2","THR_B2_C1",1.8,3,0,0,11.7587,143.89854,"-11.7587 143.89854",-11.775,143.875,"-11.775 143.875",5.5,2,4,2,4,153,153,4,4,0,0,0.0261437908496732,50,36,8,0,1,"Cape Grenville","GreatDetached"
"245","THR_B2_C2 Apr","THR_B2_C2 Apr","THR_B2_C2 Apr","Apr","26/03/2024","Cape Grenville","Three Reefs","B2 - Lagoon","Crest","THR_B2_C2","Three Reefs","THR_B2","THR_B2_C2",1.9,3,0,0,11.7587,143.89854,"-11.7587 143.89854",-11.775,143.875,"-11.775 143.875",5.5,2,4,2,4,110,110,0,0,0,0,0,49,38,2,4,2,"Cape Grenville","GreatDetached"
"246","THR_B2_C3 Apr","THR_B2_C3 Apr","THR_B2_C3 Apr","Apr","26/03/2024","Cape Grenville","Three Reefs","B2 - Lagoon","Crest","THR_B2_C3","Three Reefs","THR_B2","THR_B2_C3",1.9,3,0,0,11.7587,143.89854,"-11.7587 143.89854",-11.775,143.875,"-11.775 143.875",5.5,2,4,2,4,104,104,0,0,0,0,0,49,35,4,5,3,"Cape Grenville","GreatDetached"
"247","THR_B3_S1 Apr","THR_B3_S1 Apr","THR_B3_S1 Apr","Apr","26/03/2024","Cape Grenville","Three Reefs","B3 - NW","Slope","THR_B3_S1","Three Reefs","THR_B3","THR_B3_S1",6.2,2.5,2,0,11.7704,143.87078,"-11.7704 143.87078",-11.775,143.825,"-11.775 143.825",4.81,2,4,2,4,127,134,5,5,0,0,0.0393700787401575,25.5102040816327,5.10204081632653,4.08163265306122,2.04081632653061,1.02040816326531,"Cape Grenville","GreatDetached"
"248","THR_B3_S2 Apr","THR_B3_S2 Apr","THR_B3_S2 Apr","Apr","26/03/2024","Cape Grenville","Three Reefs","B3 - NW","Slope","THR_B3_S2","Three Reefs","THR_B3","THR_B3_S2",5,2.5,4,0,11.7704,143.87078,"-11.7704 143.87078",-11.775,143.825,"-11.775 143.825",4.81,2,4,2,4,82,86,1,1,0,0,0.0121951219512195,37.5,15.625,8.33333333333333,0,2.08333333333333,"Cape Grenville","GreatDetached"
"249","THR_B3_S3 Apr","THR_B3_S3 Apr","THR_B3_S3 Apr","Apr","26/03/2024","Cape Grenville","Three Reefs","B3 - NW","Slope","THR_B3_S3","Three Reefs","THR_B3","THR_B3_S3",7,3,0,0,11.7704,143.87078,"-11.7704 143.87078",-11.775,143.825,"-11.775 143.825",4.81,2,4,2,4,68,70,5,5,2,0.0294117647058824,0.0735294117647059,37,4,13,0,0,"Cape Grenville","GreatDetached"
"250","THR_B3_C1 Apr","THR_B3_C1 Apr","THR_B3_C1 Apr","Apr","26/03/2024","Cape Grenville","Three Reefs","B3 - NW","Crest","THR_B3_C1","Three Reefs","THR_B3","THR_B3_C1",2,1.5,0,0,11.7704,143.87078,"-11.7704 143.87078",-11.775,143.825,"-11.775 143.825",4.81,2,4,2,4,194,194,2,2,0,0,0.0103092783505155,38,31,2,1,3,"Cape Grenville","GreatDetached"
"251","THR_B3_C2 Apr","THR_B3_C2 Apr","THR_B3_C2 Apr","Apr","26/03/2024","Cape Grenville","Three Reefs","B3 - NW","Crest","THR_B3_C2","Three Reefs","THR_B3","THR_B3_C2",2,2,0,0,11.7704,143.87078,"-11.7704 143.87078",-11.775,143.825,"-11.775 143.825",4.81,2,4,2,4,127,128,0,0,0,0,0,50,42,4,1,3,"Cape Grenville","GreatDetached"
"252","THR_B3_C3 Apr","THR_B3_C3 Apr","THR_B3_C3 Apr","Apr","26/03/2024","Cape Grenville","Three Reefs","B3 - NW","Crest","THR_B3_C3","Three Reefs","THR_B3","THR_B3_C3",2,2.5,0,0,11.7704,143.87078,"-11.7704 143.87078",-11.775,143.825,"-11.775 143.825",4.81,2,4,2,4,104,108,0,0,0,0,0,49,42,2,1,4,"Cape Grenville","GreatDetached"
"253","MON_B1_S1 Apr","MON_B1_S1 Apr","MON_B1_S1 Apr","Apr","27/03/2024","Cape Grenville","Monsoon","B1 - NE","Slope","MON_B1_S1","Monsoon","MON_B1","MON_B1_S1",4.2,2.5,0,0,11.1263,143.25686,"-11.1263 143.25686",-11.175,143.225,"-11.175 143.225",5.47,2,3,2,3,74,82,6,6,0,0,0.0810810810810811,15,1,0,9,1,"Cape Grenville","Monsoon"
"254","MON_B1_S2 Apr","MON_B1_S2 Apr","MON_B1_S2 Apr","Apr","27/03/2024","Cape Grenville","Monsoon","B1 - NE","Slope","MON_B1_S2","Monsoon","MON_B1","MON_B1_S2",5.7,2,0,0,11.1263,143.25686,"-11.1263 143.25686",-11.175,143.225,"-11.175 143.225",5.47,2,3,2,3,59,62,3,3,0,0,0.0508474576271186,10,1,0,4,0,"Cape Grenville","Monsoon"
"255","MON_B1_S3 Apr","MON_B1_S3 Apr","MON_B1_S3 Apr","Apr","27/03/2024","Cape Grenville","Monsoon","B1 - NE","Slope","MON_B1_S3","Monsoon","MON_B1","MON_B1_S3",5.2,2,0,0,11.1263,143.25686,"-11.1263 143.25686",-11.175,143.225,"-11.175 143.225",5.47,2,3,2,3,36,38,1,1,0,0,0.0277777777777778,19,4,1,7,0,"Cape Grenville","Monsoon"
"256","MON_B1_C1 Apr","MON_B1_C1 Apr","MON_B1_C1 Apr","Apr","27/03/2024","Cape Grenville","Monsoon","B1 - NE","Crest","MON_B1_C1","Monsoon","MON_B1","MON_B1_C1",2.5,1.5,0,0,11.1263,143.25686,"-11.1263 143.25686",-11.175,143.225,"-11.175 143.225",5.47,2,3,2,3,70,70,8,8,0,0,0.114285714285714,19,13,1,0,2,"Cape Grenville","Monsoon"
"257","MON_B1_C2 Apr","MON_B1_C2 Apr","MON_B1_C2 Apr","Apr","27/03/2024","Cape Grenville","Monsoon","B1 - NE","Crest","MON_B1_C2","Monsoon","MON_B1","MON_B1_C2",2.5,2,0,0,11.1263,143.25686,"-11.1263 143.25686",-11.175,143.225,"-11.175 143.225",5.47,2,3,2,3,73,73,3,3,0,0,0.0410958904109589,16,12,0,0,4,"Cape Grenville","Monsoon"
"258","MON_B1_C3 Apr","MON_B1_C3 Apr","MON_B1_C3 Apr","Apr","27/03/2024","Cape Grenville","Monsoon","B1 - NE","Crest","MON_B1_C3","Monsoon","MON_B1","MON_B1_C3",2.5,2,0,0,11.1263,143.25686,"-11.1263 143.25686",-11.175,143.225,"-11.175 143.225",5.47,2,3,2,3,27,27,3,3,0,0,0.111111111111111,20,14,1,0,10,"Cape Grenville","Monsoon"
"259","MON_B2_S1 Apr","MON_B2_S1 Apr","MON_B2_S1 Apr","Apr","27/03/2024","Cape Grenville","Monsoon","B2 - Lagoon","Slope","MON_B2_S1","Monsoon","MON_B2","MON_B2_S1",5.6,1.5,0,0,11.13462,143.25668,"-11.13462 143.25668",-11.175,143.225,"-11.175 143.225",5.47,2,3,2,3,86,94,8,8,0,0,0.0930232558139535,17,6,0,4,2,"Cape Grenville","Monsoon"
"260","MON_B2_S2 Apr","MON_B2_S2 Apr","MON_B2_S2 Apr","Apr","27/03/2024","Cape Grenville","Monsoon","B2 - Lagoon","Slope","MON_B2_S2","Monsoon","MON_B2","MON_B2_S2",5.6,1.5,0,0,11.13462,143.25668,"-11.13462 143.25668",-11.175,143.225,"-11.175 143.225",5.47,2,3,2,3,69,73,2,2,0,0,0.0289855072463768,18,7,0,6,2,"Cape Grenville","Monsoon"
"261","MON_B2_S3 Apr","MON_B2_S3 Apr","MON_B2_S3 Apr","Apr","27/03/2024","Cape Grenville","Monsoon","B2 - Lagoon","Slope","MON_B2_S3","Monsoon","MON_B2","MON_B2_S3",5.7,2,0,0,11.13462,143.25668,"-11.13462 143.25668",-11.175,143.225,"-11.175 143.225",5.47,2,3,2,3,53,56,2,2,0,0,0.0377358490566038,39,15,0,6,2,"Cape Grenville","Monsoon"
"262","MON_B2_C1 Apr","MON_B2_C1 Apr","MON_B2_C1 Apr","Apr","27/03/2024","Cape Grenville","Monsoon","B2 - Lagoon","Crest","MON_B2_C1","Monsoon","MON_B2","MON_B2_C1",2.9,2.5,0,0,11.13462,143.25668,"-11.13462 143.25668",-11.175,143.225,"-11.175 143.225",5.47,2,3,2,3,102,102,1,1,0,0,0.00980392156862745,36,34,0,0,13,"Cape Grenville","Monsoon"
"263","MON_B2_C2 Apr","MON_B2_C2 Apr","MON_B2_C2 Apr","Apr","27/03/2024","Cape Grenville","Monsoon","B2 - Lagoon","Crest","MON_B2_C2","Monsoon","MON_B2","MON_B2_C2",3,2.5,0,0,11.13462,143.25668,"-11.13462 143.25668",-11.175,143.225,"-11.175 143.225",5.47,2,3,2,3,75,76,6,6,0,0,0.08,30,27,0,0,13,"Cape Grenville","Monsoon"
"264","MON_B2_C3 Apr","MON_B2_C3 Apr","MON_B2_C3 Apr","Apr","27/03/2024","Cape Grenville","Monsoon","B2 - Lagoon","Crest","MON_B2_C3","Monsoon","MON_B2","MON_B2_C3",3,2.5,0,0,11.13462,143.25668,"-11.13462 143.25668",-11.175,143.225,"-11.175 143.225",5.47,2,3,2,3,117,117,0,0,0,0,0,38,32,1,0,15,"Cape Grenville","Monsoon"
"265","049_B1_S1 Apr","049_B1_S1 Apr","049_B1_S1 Apr","Apr","27/03/2024","Cape Grenville","11-049","B1 - NW","Slope","049_B1_S1","11-049","049_B1","049_B1_S1",5,1.5,0,0,11.3532,143.32353,"-11.3532 143.32353",-11.375,143.275,"-11.375 143.275",5.07,4,2,4,2,84,95,5,5,0,0,0.0595238095238095,20,1,0,14,0,"Cape Grenville","11-049"
"266","049_B1_S2 Apr","049_B1_S2 Apr","049_B1_S2 Apr","Apr","27/03/2024","Cape Grenville","11-049","B1 - NW","Slope","049_B1_S2","11-049","049_B1","049_B1_S2",5,1.5,0,0,11.3532,143.32353,"-11.3532 143.32353",-11.375,143.275,"-11.375 143.275",5.07,4,2,4,2,36,40,4,4,0,0,0.111111111111111,16,0,0,12,0,"Cape Grenville","11-049"
"267","049_B1_S3 Apr","049_B1_S3 Apr","049_B1_S3 Apr","Apr","27/03/2024","Cape Grenville","11-049","B1 - NW","Slope","049_B1_S3","11-049","049_B1","049_B1_S3",5.5,1.5,0,0,11.3532,143.32353,"-11.3532 143.32353",-11.375,143.275,"-11.375 143.275",5.07,4,2,4,2,29,29,0,0,0,0,0,29,1,0,21,0,"Cape Grenville","11-049"
"268","049_B1_C1 Apr","049_B1_C1 Apr","049_B1_C1 Apr","Apr","27/03/2024","Cape Grenville","11-049","B1 - NW","Crest","049_B1_C1","11-049","049_B1","049_B1_C1",1.3,1,3,0,11.3532,143.32353,"-11.3532 143.32353",-11.375,143.275,"-11.375 143.275",5.07,4,2,4,2,91,99,2,2,0,0,0.021978021978022,13.4020618556701,6.18556701030928,0,2.06185567010309,2.06185567010309,"Cape Grenville","11-049"
"269","049_B1_C2 Apr","049_B1_C2 Apr","049_B1_C2 Apr","Apr","27/03/2024","Cape Grenville","11-049","B1 - NW","Crest","049_B1_C2","11-049","049_B1","049_B1_C2",1.5,1,5,0,11.3532,143.32353,"-11.3532 143.32353",-11.375,143.275,"-11.375 143.275",5.07,4,2,4,2,70,71,3,3,0,0,0.0428571428571429,17.8947368421053,10.5263157894737,0,5.26315789473684,4.21052631578947,"Cape Grenville","11-049"
"270","049_B1_C3 Apr","049_B1_C3 Apr","049_B1_C3 Apr","Apr","27/03/2024","Cape Grenville","11-049","B1 - NW","Crest","049_B1_C3","11-049","049_B1","049_B1_C3",2.2,1,3,0,11.3532,143.32353,"-11.3532 143.32353",-11.375,143.275,"-11.375 143.275",5.07,4,2,4,2,33,33,2,2,0,0,0.0606060606060606,25.7731958762887,16.4948453608247,0,1.03092783505155,4.12371134020619,"Cape Grenville","11-049"
"271","049_B2_S1 Apr","049_B2_S1 Apr","049_B2_S1 Apr","Apr","27/03/2024","Cape Grenville","11-049","B2 - SW","Slope","049_B2_S1","11-049","049_B2","049_B2_S1",3,1.5,0,0,11.36377,143.32673,"-11.36377 143.32673",-11.375,143.325,"-11.375 143.325",5.17,4,2,4,2,45,48,0,0,0,0,0,9,4,0,0,2,"Cape Grenville","11-049"
"272","049_B2_S2 Apr","049_B2_S2 Apr","049_B2_S2 Apr","Apr","27/03/2024","Cape Grenville","11-049","B2 - SW","Slope","049_B2_S2","11-049","049_B2","049_B2_S2",3,1.5,0,0,11.36377,143.32673,"-11.36377 143.32673",-11.375,143.325,"-11.375 143.325",5.17,4,2,4,2,41,43,3,3,0,0,0.0731707317073171,13,9,0,1,5,"Cape Grenville","11-049"
"273","049_B2_S3 Apr","049_B2_S3 Apr","049_B2_S3 Apr","Apr","27/03/2024","Cape Grenville","11-049","B2 - SW","Slope","049_B2_S3","11-049","049_B2","049_B2_S3",3,1.5,0,0,11.36377,143.32673,"-11.36377 143.32673",-11.375,143.325,"-11.375 143.325",5.17,4,2,4,2,30,30,0,0,0,0,0,21,16,0,0,3,"Cape Grenville","11-049"
"274","049_B2_C1 Apr","049_B2_C1 Apr","049_B2_C1 Apr","Apr","27/03/2024","Cape Grenville","11-049","B2 - SW","Crest","049_B2_C1","11-049","049_B2","049_B2_C1",1.4,1,0,0,11.36377,143.32673,"-11.36377 143.32673",-11.375,143.325,"-11.375 143.325",5.17,4,2,4,2,55,55,5,5,0,0,0.0909090909090909,22,19,0,1,7,"Cape Grenville","11-049"
"275","049_B2_C2 Apr","049_B2_C2 Apr","049_B2_C2 Apr","Apr","27/03/2024","Cape Grenville","11-049","B2 - SW","Crest","049_B2_C2","11-049","049_B2","049_B2_C2",1.6,1,0,0,11.36377,143.32673,"-11.36377 143.32673",-11.375,143.325,"-11.375 143.325",5.17,4,2,4,2,55,55,4,4,0,0,0.0727272727272727,12,11,0,0,2,"Cape Grenville","11-049"
"276","049_B2_C3 Apr","049_B2_C3 Apr","049_B2_C3 Apr","Apr","27/03/2024","Cape Grenville","11-049","B2 - SW","Crest","049_B2_C3","11-049","049_B2","049_B2_C3",1.5,1,3,0,11.36377,143.32673,"-11.36377 143.32673",-11.375,143.325,"-11.375 143.325",5.17,4,2,4,2,21,21,1,1,0,0,0.0476190476190476,31.9587628865979,20.6185567010309,0,0,7.21649484536082,"Cape Grenville","11-049"
"277","124_B1_S1 Apr","124_B1_S1 Apr","124_B1_S1 Apr","Apr","28/03/2024","Princess Charlotte Bay","13-124","B1 - NW","Slope","124_B1_S1","13-124","124_B1","124_B1_S1",5.4,2,0,0,13.85278,144.06941,"-13.85278 144.06941",-13.875,144.025,"-13.875 144.025",6.96,7,3,7,2,83,122,8,8,0,0,0.0963855421686747,13,9,0,2,2,"Princess Charlotte Bay","13-124"
"278","124_B1_S2 Apr","124_B1_S2 Apr","124_B1_S2 Apr","Apr","28/03/2024","Princess Charlotte Bay","13-124","B1 - NW","Slope","124_B1_S2","13-124","124_B1","124_B1_S2",5,2,0,0,13.85278,144.06941,"-13.85278 144.06941",-13.875,144.025,"-13.875 144.025",6.96,7,3,7,2,30,69,2,2,0,0,0.0666666666666667,7,5,1,0,1,"Princess Charlotte Bay","13-124"
"279","124_B1_S3 Apr","124_B1_S3 Apr","124_B1_S3 Apr","Apr","28/03/2024","Princess Charlotte Bay","13-124","B1 - NW","Slope","124_B1_S3","13-124","124_B1","124_B1_S3",4.6,1,0,0,13.85278,144.06941,"-13.85278 144.06941",-13.875,144.025,"-13.875 144.025",6.96,7,3,7,2,34,40,1,1,0,0,0.0294117647058824,19,14,3,1,1,"Princess Charlotte Bay","13-124"
"280","124_B1_C1 Apr","124_B1_C1 Apr","124_B1_C1 Apr","Apr","28/03/2024","Princess Charlotte Bay","13-124","B1 - NW","Crest","124_B1_C1","13-124","124_B1","124_B1_C1",2.5,3,0,0,13.85278,144.06941,"-13.85278 144.06941",-13.875,144.025,"-13.875 144.025",6.96,7,3,7,2,34,67,0,0,0,0,0,15,7,3,4,4,"Princess Charlotte Bay","13-124"
"281","124_B1_C2 Apr","124_B1_C2 Apr","124_B1_C2 Apr","Apr","28/03/2024","Princess Charlotte Bay","13-124","B1 - NW","Crest","124_B1_C2","13-124","124_B1","124_B1_C2",2.5,3,0,0,13.85278,144.06941,"-13.85278 144.06941",-13.875,144.025,"-13.875 144.025",6.96,7,3,7,2,83,119,8,8,0,0,0.0963855421686747,22,13,6,0,7,"Princess Charlotte Bay","13-124"
"282","124_B1_C3 Apr","124_B1_C3 Apr","124_B1_C3 Apr","Apr","28/03/2024","Princess Charlotte Bay","13-124","B1 - NW","Crest","124_B1_C3","13-124","124_B1","124_B1_C3",2.5,3,0,0,13.85278,144.06941,"-13.85278 144.06941",-13.875,144.025,"-13.875 144.025",6.96,7,3,7,2,32,38,1,1,0,0,0.03125,40,30,4,2,10,"Princess Charlotte Bay","13-124"
"283","124_B2_S1 Apr","124_B2_S1 Apr","124_B2_S1 Apr","Apr","28/03/2024","Princess Charlotte Bay","13-124","B2 - SE","Slope","124_B2_S1","13-124","124_B2","124_B2_S1",5.7,2.5,2,0,13.88416,144.09117,"-13.88416 144.09117",-13.925,144.075,"-13.925 144.075",7.42,7,3,7,2,52,101,3,3,0,0,0.0576923076923077,27.5510204081633,5.10204081632653,14.2857142857143,3.06122448979592,1.02040816326531,"Princess Charlotte Bay","13-124"
"284","124_B2_S2 Apr","124_B2_S2 Apr","124_B2_S2 Apr","Apr","28/03/2024","Princess Charlotte Bay","13-124","B2 - SE","Slope","124_B2_S2","13-124","124_B2","124_B2_S2",5.4,2.5,0,0,13.88416,144.09117,"-13.88416 144.09117",-13.925,144.075,"-13.925 144.075",7.42,7,3,7,2,41,49,4,4,0,0,0.0975609756097561,19,4,14,0,0,"Princess Charlotte Bay","13-124"
"285","124_B2_S3 Apr","124_B2_S3 Apr","124_B2_S3 Apr","Apr","28/03/2024","Princess Charlotte Bay","13-124","B2 - SE","Slope","124_B2_S3","13-124","124_B2","124_B2_S3",5,3,4,0,13.88416,144.09117,"-13.88416 144.09117",-13.925,144.075,"-13.925 144.075",7.42,7,3,7,2,28,46,4,4,0,0,0.142857142857143,12.5,2.08333333333333,8.33333333333333,1.04166666666667,1.04166666666667,"Princess Charlotte Bay","13-124"
"286","124_B2_C1 Apr","124_B2_C1 Apr","124_B2_C1 Apr","Apr","28/03/2024","Princess Charlotte Bay","13-124","B2 - SE","Crest","124_B2_C1","13-124","124_B2","124_B2_C1",2.5,2.5,0,0,13.88416,144.09117,"-13.88416 144.09117",-13.925,144.075,"-13.925 144.075",7.42,7,3,7,2,87,119,11,11,0,0,0.126436781609195,24,15,5,0,1,"Princess Charlotte Bay","13-124"
"288","124_B2_C3 Apr","124_B2_C3 Apr","124_B2_C3 Apr","Apr","28/03/2024","Princess Charlotte Bay","13-124","B2 - SE","Crest","124_B2_C3","13-124","124_B2","124_B2_C3",2.1,2.5,0,0,13.88416,144.09117,"-13.88416 144.09117",-13.925,144.075,"-13.925 144.075",7.42,7,3,7,2,47,47,0,0,0,0,0,42,36,4,0,8,"Princess Charlotte Bay","13-124"
"289","COR_B1_S1 Apr","COR_B1_S1 Apr","COR_B1_S1 Apr","Apr","28/03/2024","Princess Charlotte Bay","Corbett","B1 - N Lagoon","Slope","COR_B1_S1","Corbett","COR_B1","COR_B1_S1",6.5,3,0,0,13.88941,144.22057,"-13.88941 144.22057",-13.925,144.175,"-13.925 144.175",7.93,2,5,2,4,36,47,0,0,0,0,0,14,8,1,3,1,"Princess Charlotte Bay","Corbett"
"290","COR_B1_S2 Apr","COR_B1_S2 Apr","COR_B1_S2 Apr","Apr","28/03/2024","Princess Charlotte Bay","Corbett","B1 - N Lagoon","Slope","COR_B1_S2","Corbett","COR_B1","COR_B1_S2",6.2,3,0,0,13.88941,144.22057,"-13.88941 144.22057",-13.925,144.175,"-13.925 144.175",7.93,2,5,2,4,11,26,0,0,0,0,0,15,7,2,2,0,"Princess Charlotte Bay","Corbett"
"291","COR_B1_S3 Apr","COR_B1_S3 Apr","COR_B1_S3 Apr","Apr","28/03/2024","Princess Charlotte Bay","Corbett","B1 - N Lagoon","Slope","COR_B1_S3","Corbett","COR_B1","COR_B1_S3",5.5,2,0,0,13.88941,144.22057,"-13.88941 144.22057",-13.925,144.175,"-13.925 144.175",7.93,2,5,2,4,34,35,0,0,0,0,0,31,20,1,5,0,"Princess Charlotte Bay","Corbett"
"292","COR_B1_C1 Apr","COR_B1_C1 Apr","COR_B1_C1 Apr","Apr","28/03/2024","Princess Charlotte Bay","Corbett","B1 - N Lagoon","Crest","COR_B1_C1","Corbett","COR_B1","COR_B1_C1",2,2.5,0,0,13.88941,144.22057,"-13.88941 144.22057",-13.925,144.175,"-13.925 144.175",7.93,2,5,2,4,61,76,3,3,0,0,0.0491803278688525,27,26,1,0,17,"Princess Charlotte Bay","Corbett"
"293","COR_B1_C2 Apr","COR_B1_C2 Apr","COR_B1_C2 Apr","Apr","28/03/2024","Princess Charlotte Bay","Corbett","B1 - N Lagoon","Crest","COR_B1_C2","Corbett","COR_B1","COR_B1_C2",2,2.5,0,0,13.88941,144.22057,"-13.88941 144.22057",-13.925,144.175,"-13.925 144.175",7.93,2,5,2,4,99,100,10,10,0,0,0.101010101010101,26,20,2,2,13,"Princess Charlotte Bay","Corbett"
"294","COR_B1_C3 Apr","COR_B1_C3 Apr","COR_B1_C3 Apr","Apr","28/03/2024","Princess Charlotte Bay","Corbett","B1 - N Lagoon","Crest","COR_B1_C3","Corbett","COR_B1","COR_B1_C3",2,3,0,0,13.88941,144.22057,"-13.88941 144.22057",-13.925,144.175,"-13.925 144.175",7.93,2,5,2,4,55,55,2,2,0,0,0.0363636363636364,45,35,6,2,19,"Princess Charlotte Bay","Corbett"
"295","COR_B2_S1 Apr","COR_B2_S1 Apr","COR_B2_S1 Apr","Apr","28/03/2024","Princess Charlotte Bay","Corbett","B2 - NW Lighthouse","Slope","COR_B2_S1","Corbett","COR_B2","COR_B2_S1",5,2.5,0,0,13.89547,144.22967,"-13.89547 144.22967",-13.925,144.225,"-13.925 144.225",7.98,2,5,2,4,66,68,4,4,0,0,0.0606060606060606,31,13,13,3,0,"Princess Charlotte Bay","Corbett"
"296","COR_B2_S2 Apr","COR_B2_S2 Apr","COR_B2_S2 Apr","Apr","28/03/2024","Princess Charlotte Bay","Corbett","B2 - NW Lighthouse","Slope","COR_B2_S2","Corbett","COR_B2","COR_B2_S2",5,2.5,0,0,13.89547,144.22967,"-13.89547 144.22967",-13.925,144.225,"-13.925 144.225",7.98,2,5,2,4,41,53,0,0,0,0,0,29,18,8,3,2,"Princess Charlotte Bay","Corbett"
"297","COR_B2_S3 Apr","COR_B2_S3 Apr","COR_B2_S3 Apr","Apr","28/03/2024","Princess Charlotte Bay","Corbett","B2 - NW Lighthouse","Slope","COR_B2_S3","Corbett","COR_B2","COR_B2_S3",6,3,0,0,13.89547,144.22967,"-13.89547 144.22967",-13.925,144.225,"-13.925 144.225",7.98,2,5,2,4,35,35,0,0,0,0,0,49,18,21,7,5,"Princess Charlotte Bay","Corbett"
"298","COR_B2_C1 Apr","COR_B2_C1 Apr","COR_B2_C1 Apr","Apr","28/03/2024","Princess Charlotte Bay","Corbett","B2 - NW Lighthouse","Crest","COR_B2_C1","Corbett","COR_B2","COR_B2_C1",2.8,2.5,0,0,13.89547,144.22967,"-13.89547 144.22967",-13.925,144.225,"-13.925 144.225",7.98,2,5,2,4,65,67,45,45,0,0,0.692307692307692,33,24,8,0,0,"Princess Charlotte Bay","Corbett"
"299","COR_B2_C2 Apr","COR_B2_C2 Apr","COR_B2_C2 Apr","Apr","28/03/2024","Princess Charlotte Bay","Corbett","B2 - NW Lighthouse","Crest","COR_B2_C2","Corbett","COR_B2","COR_B2_C2",2.8,3,0,0,13.89547,144.22967,"-13.89547 144.22967",-13.925,144.225,"-13.925 144.225",7.98,2,5,2,4,41,44,10,10,1,0.024390243902439,0.24390243902439,30,29,0,1,1,"Princess Charlotte Bay","Corbett"
"300","COR_B2_C3 Apr","COR_B2_C3 Apr","COR_B2_C3 Apr","Apr","28/03/2024","Princess Charlotte Bay","Corbett","B2 - NW Lighthouse","Crest","COR_B2_C3","Corbett","COR_B2","COR_B2_C3",3,2.5,0,0,13.89547,144.22967,"-13.89547 144.22967",-13.925,144.225,"-13.925 144.225",7.98,2,5,2,4,21,22,3,3,0,0,0.142857142857143,36,17,9,7,9,"Princess Charlotte Bay","Corbett"
"301","LIZ_B1_S1 Apr","LIZ_B1_S1 Apr","LIZ_B1_S1 Apr","Apr","29/03/2024","Lizard","Lizard","B1 - Washing Machine","Slope","LIZ_B1_S1","Lizard","LIZ_B1","LIZ_B1_S1",8,3.5,0,0,14.64735,145.45853,"-14.64735 145.45853",-14.675,145.425,"-14.675 145.425",6.27,7,3,7,2,56,75,10,17,0,0,0.178571428571429,12,1,3,2,0,"Cooktown","Lizard"
"302","LIZ_B1_S2 Apr","LIZ_B1_S2 Apr","LIZ_B1_S2 Apr","Apr","29/03/2024","Lizard","Lizard","B1 - Washing Machine","Slope","LIZ_B1_S2","Lizard","LIZ_B1","LIZ_B1_S2",8.3,4,0,0,14.64735,145.45853,"-14.64735 145.45853",-14.675,145.425,"-14.675 145.425",6.27,7,3,7,2,52,70,18,19,0,0,0.346153846153846,13,2,4,1,1,"Cooktown","Lizard"
"303","LIZ_B1_S3 Apr","LIZ_B1_S3 Apr","LIZ_B1_S3 Apr","Apr","29/03/2024","Lizard","Lizard","B1 - Washing Machine","Slope","LIZ_B1_S3","Lizard","LIZ_B1","LIZ_B1_S3",7.5,3,0,0,14.64735,145.45853,"-14.64735 145.45853",-14.675,145.425,"-14.675 145.425",6.27,7,3,7,2,47,55,29,33,0,0,0.617021276595745,23,3,3,0,0,"Cooktown","Lizard"
"304","LIZ_B1_C1 Apr","LIZ_B1_C1 Apr","LIZ_B1_C1 Apr","Apr","29/03/2024","Lizard","Lizard","B1 - Washing Machine","Crest","LIZ_B1_C1","Lizard","LIZ_B1","LIZ_B1_C1",2.3,2.5,0,0,14.64735,145.45853,"-14.64735 145.45853",-14.675,145.425,"-14.675 145.425",6.27,7,3,7,2,93,93,67,67,21,0.225806451612903,0.720430107526882,37,22,5,1,13,"Cooktown","Lizard"
"305","LIZ_B1_C2 Apr","LIZ_B1_C2 Apr","LIZ_B1_C2 Apr","Apr","29/03/2024","Lizard","Lizard","B1 - Washing Machine","Crest","LIZ_B1_C2","Lizard","LIZ_B1","LIZ_B1_C2",2.3,2.5,0,0,14.64735,145.45853,"-14.64735 145.45853",-14.675,145.425,"-14.675 145.425",6.27,7,3,7,2,104,105,78,78,12,0.115384615384615,0.75,42,36,0,1,17,"Cooktown","Lizard"
"306","LIZ_B1_C3 Apr","LIZ_B1_C3 Apr","LIZ_B1_C3 Apr","Apr","29/03/2024","Lizard","Lizard","B1 - Washing Machine","Crest","LIZ_B1_C3","Lizard","LIZ_B1","LIZ_B1_C3",2.3,2.5,0,0,14.64735,145.45853,"-14.64735 145.45853",-14.675,145.425,"-14.675 145.425",6.27,7,3,7,2,97,97,87,87,28,0.288659793814433,0.896907216494845,73,60,10,0,31,"Cooktown","Lizard"
"307","LIZ_B2_S1 Apr","LIZ_B2_S1 Apr","LIZ_B2_S1 Apr","Apr","29/03/2024","Lizard","Lizard","B2 - Mermaid","Slope","LIZ_B2_S1","Lizard","LIZ_B2","LIZ_B2_S1",7,3.5,2,0,14.64609,145.45388,"-14.64609 145.45388",-14.675,145.425,"-14.675 145.425",6.27,7,3,7,2,72,73,26,26,4,0.0555555555555556,0.361111111111111,36.734693877551,26.530612244898,0,2.04081632653061,0,"Cooktown","Lizard"
"308","LIZ_B2_S2 Apr","LIZ_B2_S2 Apr","LIZ_B2_S2 Apr","Apr","29/03/2024","Lizard","Lizard","B2 - Mermaid","Slope","LIZ_B2_S2","Lizard","LIZ_B2","LIZ_B2_S2",7,3.5,0,0,14.64609,145.45388,"-14.64609 145.45388",-14.675,145.425,"-14.675 145.425",6.27,7,3,7,2,70,71,51,51,3,0.0428571428571429,0.728571428571429,22,19,2,0,1,"Cooktown","Lizard"
"309","LIZ_B2_S3 Apr","LIZ_B2_S3 Apr","LIZ_B2_S3 Apr","Apr","29/03/2024","Lizard","Lizard","B2 - Mermaid","Slope","LIZ_B2_S3","Lizard","LIZ_B2","LIZ_B2_S3",5.5,3,0,0,14.64609,145.45388,"-14.64609 145.45388",-14.675,145.425,"-14.675 145.425",6.27,7,3,7,2,41,41,30,30,3,0.0731707317073171,0.731707317073171,53,27,5,2,0,"Cooktown","Lizard"
"310","LIZ_B2_C1 Apr","LIZ_B2_C1 Apr","LIZ_B2_C1 Apr","Apr","29/03/2024","Lizard","Lizard","B2 - Mermaid","Crest","LIZ_B2_C1","Lizard","LIZ_B2","LIZ_B2_C1",1.5,3,0,0,14.64609,145.45388,"-14.64609 145.45388",-14.675,145.425,"-14.675 145.425",6.27,7,3,7,2,86,87,77,77,22,0.255813953488372,0.895348837209302,83,79,0,0,31,"Cooktown","Lizard"
"311","LIZ_B2_C2 Apr","LIZ_B2_C2 Apr","LIZ_B2_C2 Apr","Apr","29/03/2024","Lizard","Lizard","B2 - Mermaid","Crest","LIZ_B2_C2","Lizard","LIZ_B2","LIZ_B2_C2",1.5,3,0,0,14.64609,145.45388,"-14.64609 145.45388",-14.675,145.425,"-14.675 145.425",6.27,7,3,7,2,87,87,67,67,34,0.390804597701149,0.770114942528736,78,78,0,0,31,"Cooktown","Lizard"
"312","LIZ_B2_C3 Apr","LIZ_B2_C3 Apr","LIZ_B2_C3 Apr","Apr","29/03/2024","Lizard","Lizard","B2 - Mermaid","Crest","LIZ_B2_C3","Lizard","LIZ_B2","LIZ_B2_C3",1.5,3,0,0,14.64609,145.45388,"-14.64609 145.45388",-14.675,145.425,"-14.675 145.425",6.27,7,3,7,2,104,104,97,97,51,0.490384615384615,0.932692307692308,57,57,0,0,13,"Cooktown","Lizard"
"313","LIZ_B3_S1 Apr","LIZ_B3_S1 Apr","LIZ_B3_S1 Apr","Apr","29/03/2024","Lizard","Lizard","B3 - Trimodal","Slope","LIZ_B3_S1","Lizard","LIZ_B3","LIZ_B3_S1",6,2.5,4,0,14.69988,145.44826,"-14.69988 145.44826",-14.725,145.425,"-14.725 145.425",6.56,7,3,7,2,78,80,46,46,7,0.0897435897435897,0.58974358974359,23.9583333333333,19.7916666666667,2.08333333333333,0,4.16666666666667,"Cooktown","Lizard"
"314","LIZ_B3_S2 Apr","LIZ_B3_S2 Apr","LIZ_B3_S2 Apr","Apr","29/03/2024","Lizard","Lizard","B3 - Trimodal","Slope","LIZ_B3_S2","Lizard","LIZ_B3","LIZ_B3_S2",6,2.5,0,0,14.69988,145.44826,"-14.69988 145.44826",-14.725,145.425,"-14.725 145.425",6.56,7,3,7,2,84,87,44,45,7,0.0833333333333333,0.523809523809524,23,20,2,0,2,"Cooktown","Lizard"
"315","LIZ_B3_S3 Apr","LIZ_B3_S3 Apr","LIZ_B3_S3 Apr","Apr","29/03/2024","Lizard","Lizard","B3 - Trimodal","Slope","LIZ_B3_S3","Lizard","LIZ_B3","LIZ_B3_S3",6.5,2,0,0,14.69988,145.44826,"-14.69988 145.44826",-14.725,145.425,"-14.725 145.425",6.56,7,3,7,2,50,60,38,48,9,0.18,0.76,38,24,7,0,4,"Cooktown","Lizard"
"316","LIZ_B3_C1 Apr","LIZ_B3_C1 Apr","LIZ_B3_C1 Apr","Apr","29/03/2024","Lizard","Lizard","B3 - Trimodal","Crest","LIZ_B3_C1","Lizard","LIZ_B3","LIZ_B3_C1",1.7,3,0,0,14.69988,145.44826,"-14.69988 145.44826",-14.725,145.425,"-14.725 145.425",6.56,7,3,7,2,136,141,102,103,61,0.448529411764706,0.75,62,57,1,0,41,"Cooktown","Lizard"
"317","LIZ_B3_C2 Apr","LIZ_B3_C2 Apr","LIZ_B3_C2 Apr","Apr","29/03/2024","Lizard","Lizard","B3 - Trimodal","Crest","LIZ_B3_C2","Lizard","LIZ_B3","LIZ_B3_C2",1.7,3,0,0,14.69988,145.44826,"-14.69988 145.44826",-14.725,145.425,"-14.725 145.425",6.56,7,3,7,2,118,120,80,80,39,0.330508474576271,0.677966101694915,58,53,3,0,42,"Cooktown","Lizard"
"318","LIZ_B3_C3 Apr","LIZ_B3_C3 Apr","LIZ_B3_C3 Apr","Apr","29/03/2024","Lizard","Lizard","B3 - Trimodal","Crest","LIZ_B3_C3","Lizard","LIZ_B3","LIZ_B3_C3",1.8,3,0,0,14.69988,145.44826,"-14.69988 145.44826",-14.725,145.425,"-14.725 145.425",6.56,7,3,7,2,103,103,85,85,60,0.58252427184466,0.825242718446602,62,57,3,0,31,"Cooktown","Lizard"
"319","LIZ_B4_S1 Apr","LIZ_B4_S1 Apr","LIZ_B4_S1 Apr","Apr","29/03/2024","Lizard","Lizard","B4 - Lagoon","Slope","LIZ_B4_S1","Lizard","LIZ_B4","LIZ_B4_S1",5,3.5,2,0,14.68624,145.45953,"-14.68624 145.45953",-14.725,145.425,"-14.725 145.425",6.56,7,3,7,2,27,33,8,14,0,0,0.296296296296296,34.6938775510204,0,0,33.6734693877551,0,"Cooktown","Lizard"
"320","LIZ_B4_S2 Apr","LIZ_B4_S2 Apr","LIZ_B4_S2 Apr","Apr","29/03/2024","Lizard","Lizard","B4 - Lagoon","Slope","LIZ_B4_S2","Lizard","LIZ_B4","LIZ_B4_S2",5,3.5,1,0,14.68624,145.45953,"-14.68624 145.45953",-14.725,145.425,"-14.725 145.425",6.56,7,3,7,2,24,24,4,4,0,0,0.166666666666667,43.4343434343434,0,0,38.3838383838384,0,"Cooktown","Lizard"
"321","LIZ_B4_S3 Apr","LIZ_B4_S3 Apr","LIZ_B4_S3 Apr","Apr","29/03/2024","Lizard","Lizard","B4 - Lagoon","Slope","LIZ_B4_S3","Lizard","LIZ_B4","LIZ_B4_S3",6.1,3,0,0,14.68624,145.45953,"-14.68624 145.45953",-14.725,145.425,"-14.725 145.425",6.56,7,3,7,2,0,0,0,0,0,NA,NA,54,0,2,51,0,"Cooktown","Lizard"
"322","LIZ_B4_C1 Apr","LIZ_B4_C1 Apr","LIZ_B4_C1 Apr","Apr","29/03/2024","Lizard","Lizard","B4 - Lagoon","Crest","LIZ_B4_C1","Lizard","LIZ_B4","LIZ_B4_C1",1.5,3.5,0,0,14.68624,145.45953,"-14.68624 145.45953",-14.725,145.425,"-14.725 145.425",6.56,7,3,7,2,34,37,11,14,3,0.0882352941176471,0.323529411764706,22,1,0,16,0,"Cooktown","Lizard"
"323","LIZ_B4_C2 Apr","LIZ_B4_C2 Apr","LIZ_B4_C2 Apr","Apr","29/03/2024","Lizard","Lizard","B4 - Lagoon","Crest","LIZ_B4_C2","Lizard","LIZ_B4","LIZ_B4_C2",1.5,3,0,0,14.68624,145.45953,"-14.68624 145.45953",-14.725,145.425,"-14.725 145.425",6.56,7,3,7,2,42,42,12,12,1,0.0238095238095238,0.285714285714286,31,0,0,30,0,"Cooktown","Lizard"
"324","LIZ_B4_C3 Apr","LIZ_B4_C3 Apr","LIZ_B4_C3 Apr","Apr","29/03/2024","Lizard","Lizard","B4 - Lagoon","Crest","LIZ_B4_C3","Lizard","LIZ_B4","LIZ_B4_C3",1.7,3.5,0,0,14.68624,145.45953,"-14.68624 145.45953",-14.725,145.425,"-14.725 145.425",6.56,7,3,7,2,39,59,16,36,1,0.0256410256410256,0.41025641025641,29,3,0,23,0,"Cooktown","Lizard"
"325","CMT_B1_S1 Apr","CMT_B1_S1 Apr","CMT_B1_S1 Apr","Apr","01/04/2024","Lizard","Cormrant","B1 - NW","Slope","CMT_B1_S1","Cormrant","CMT_B1","CMT_B1_S1",8,3.5,1,0,14.6369,145.63351,"-14.6369 145.63351",-14.675,145.625,"-14.675 145.625",7.77,4,4,4,3,32,35,0,0,0,0,0,23.2323232323232,9.09090909090909,5.05050505050505,2.02020202020202,1.01010101010101,"Cooktown","Cormrant"
"326","CMT_B1_S2 Apr","CMT_B1_S2 Apr","CMT_B1_S2 Apr","Apr","01/04/2024","Lizard","Cormrant","B1 - NW","Slope","CMT_B1_S2","Cormrant","CMT_B1","CMT_B1_S2",8.5,3.5,2,0,14.6369,145.63351,"-14.6369 145.63351",-14.675,145.625,"-14.675 145.625",7.77,4,4,4,3,91,93,2,2,0,0,0.021978021978022,13.265306122449,6.12244897959184,6.12244897959184,0,0,"Cooktown","Cormrant"
"327","CMT_B1_S3 Apr","CMT_B1_S3 Apr","CMT_B1_S3 Apr","Apr","01/04/2024","Lizard","Cormrant","B1 - NW","Slope","CMT_B1_S3","Cormrant","CMT_B1","CMT_B1_S3",9,3.5,0,0,14.6369,145.63351,"-14.6369 145.63351",-14.675,145.625,"-14.675 145.625",7.77,4,4,4,3,50,50,1,1,0,0,0.02,25,7,5,3,1,"Cooktown","Cormrant"
"328","CMT_B1_C1 Apr","CMT_B1_C1 Apr","CMT_B1_C1 Apr","Apr","01/04/2024","Lizard","Cormrant","B1 - NW","Crest","CMT_B1_C1","Cormrant","CMT_B1","CMT_B1_C1",1.8,2.5,0,0,14.6369,145.63351,"-14.6369 145.63351",-14.675,145.625,"-14.675 145.625",7.77,4,4,4,3,87,90,11,11,2,0.0229885057471264,0.126436781609195,26,15,3,5,8,"Cooktown","Cormrant"
"329","CMT_B1_C2 Apr","CMT_B1_C2 Apr","CMT_B1_C2 Apr","Apr","01/04/2024","Lizard","Cormrant","B1 - NW","Crest","CMT_B1_C2","Cormrant","CMT_B1","CMT_B1_C2",1.8,2.5,0,0,14.6369,145.63351,"-14.6369 145.63351",-14.675,145.625,"-14.675 145.625",7.77,4,4,4,3,90,95,28,28,0,0,0.311111111111111,23,18,0,3,8,"Cooktown","Cormrant"
"330","CMT_B1_C3 Apr","CMT_B1_C3 Apr","CMT_B1_C3 Apr","Apr","01/04/2024","Lizard","Cormrant","B1 - NW","Crest","CMT_B1_C3","Cormrant","CMT_B1","CMT_B1_C3",1.9,3,0,0,14.6369,145.63351,"-14.6369 145.63351",-14.675,145.625,"-14.675 145.625",7.77,4,4,4,3,40,46,12,17,0,0,0.3,33,22,3,8,6,"Cooktown","Cormrant"
"331","CMT_B2_S1 Apr","CMT_B2_S1 Apr","CMT_B2_S1 Apr","Apr","01/04/2024","Lizard","Cormrant","B2 - Lagoon","Slope","CMT_B2_S1","Cormrant","CMT_B2","CMT_B2_S1",7.2,2,0,0,14.63908,145.63638,"-14.63908 145.63638",-14.675,145.625,"-14.675 145.625",7.77,4,4,4,3,44,47,5,5,0,0,0.113636363636364,22,3,9,4,0,"Cooktown","Cormrant"
"332","CMT_B2_S2 Apr","CMT_B2_S2 Apr","CMT_B2_S2 Apr","Apr","01/04/2024","Lizard","Cormrant","B2 - Lagoon","Slope","CMT_B2_S2","Cormrant","CMT_B2","CMT_B2_S2",7,2,2,0,14.63908,145.63638,"-14.63908 145.63638",-14.675,145.625,"-14.675 145.625",7.77,4,4,4,3,79,80,1,1,0,0,0.0126582278481013,26.530612244898,3.06122448979592,8.16326530612245,13.265306122449,0,"Cooktown","Cormrant"
"333","CMT_B2_S3 Apr","CMT_B2_S3 Apr","CMT_B2_S3 Apr","Apr","01/04/2024","Lizard","Cormrant","B2 - Lagoon","Slope","CMT_B2_S3","Cormrant","CMT_B2","CMT_B2_S3",6.7,2,2,0,14.63908,145.63638,"-14.63908 145.63638",-14.675,145.625,"-14.675 145.625",7.77,4,4,4,3,46,46,0,0,0,0,0,39.7959183673469,6.12244897959184,13.265306122449,9.18367346938776,0,"Cooktown","Cormrant"
"334","CMT_B2_C1 Apr","CMT_B2_C1 Apr","CMT_B2_C1 Apr","Apr","01/04/2024","Lizard","Cormrant","B2 - Lagoon","Crest","CMT_B2_C1","Cormrant","CMT_B2","CMT_B2_C1",1.7,3,0,0,14.63908,145.63638,"-14.63908 145.63638",-14.675,145.625,"-14.675 145.625",7.77,4,4,4,3,120,126,24,24,1,0.00833333333333333,0.2,27,14,7,1,8,"Cooktown","Cormrant"
"335","CMT_B2_C2 Apr","CMT_B2_C2 Apr","CMT_B2_C2 Apr","Apr","01/04/2024","Lizard","Cormrant","B2 - Lagoon","Crest","CMT_B2_C2","Cormrant","CMT_B2","CMT_B2_C2",1.7,3,0,0,14.63908,145.63638,"-14.63908 145.63638",-14.675,145.625,"-14.675 145.625",7.77,4,4,4,3,110,123,11,11,1,0.00909090909090909,0.1,24,3,9,9,1,"Cooktown","Cormrant"
"336","CMT_B2_C3 Apr","CMT_B2_C3 Apr","CMT_B2_C3 Apr","Apr","01/04/2024","Lizard","Cormrant","B2 - Lagoon","Crest","CMT_B2_C3","Cormrant","CMT_B2","CMT_B2_C3",1.7,3,0,0,14.63908,145.63638,"-14.63908 145.63638",-14.675,145.625,"-14.675 145.625",7.77,4,4,4,3,56,67,17,24,0,0,0.303571428571429,21,14,1,2,4,"Cooktown","Cormrant"
"337","MIL_B1_S1 Apr","MIL_B1_S1 Apr","MIL_B1_S1 Apr","Apr","02/04/2024","Cairns","Milln","B1 - NW","Slope","MIL_B1_S1","Milln","MIL_B1","MIL_B1_S1",8.5,3.5,0,0,16.7897,146.26553,"-16.7897 146.26553",-16.825,146.225,"-16.825 146.225",7.63,4,3,4,2,49,67,2,2,0,0,0.0408163265306122,29,7,6,13,1,"Cairns","Milln"
"338","MIL_B1_S2 Apr","MIL_B1_S2 Apr","MIL_B1_S2 Apr","Apr","02/04/2024","Cairns","Milln","B1 - NW","Slope","MIL_B1_S2","Milln","MIL_B1","MIL_B1_S2",8.5,4,0,0,16.7897,146.26553,"-16.7897 146.26553",-16.825,146.225,"-16.825 146.225",7.63,4,3,4,2,70,103,2,2,0,0,0.0285714285714286,25,10,3,9,0,"Cairns","Milln"
"339","MIL_B1_S3 Apr","MIL_B1_S3 Apr","MIL_B1_S3 Apr","Apr","02/04/2024","Cairns","Milln","B1 - NW","Slope","MIL_B1_S3","Milln","MIL_B1","MIL_B1_S3",8,3.5,0,0,16.7897,146.26553,"-16.7897 146.26553",-16.825,146.225,"-16.825 146.225",7.63,4,3,4,2,34,39,0,0,0,0,0,34,13,4,12,1,"Cairns","Milln"
"340","MIL_B1_C1 Apr","MIL_B1_C1 Apr","MIL_B1_C1 Apr","Apr","02/04/2024","Cairns","Milln","B1 - NW","Crest","MIL_B1_C1","Milln","MIL_B1","MIL_B1_C1",1.8,2,0,0,16.7897,146.26553,"-16.7897 146.26553",-16.825,146.225,"-16.825 146.225",7.63,4,3,4,2,108,108,27,27,1,0.00925925925925926,0.25,37,34,2,0,17,"Cairns","Milln"
"341","MIL_B1_C2 Apr","MIL_B1_C2 Apr","MIL_B1_C2 Apr","Apr","02/04/2024","Cairns","Milln","B1 - NW","Crest","MIL_B1_C2","Milln","MIL_B1","MIL_B1_C2",1.8,2,0,0,16.7897,146.26553,"-16.7897 146.26553",-16.825,146.225,"-16.825 146.225",7.63,4,3,4,2,100,100,42,42,4,0.04,0.42,35,29,4,1,15,"Cairns","Milln"
"342","MIL_B1_C3 Apr","MIL_B1_C3 Apr","MIL_B1_C3 Apr","Apr","02/04/2024","Cairns","Milln","B1 - NW","Crest","MIL_B1_C3","Milln","MIL_B1","MIL_B1_C3",1.8,2,0,0,16.7897,146.26553,"-16.7897 146.26553",-16.825,146.225,"-16.825 146.225",7.63,4,3,4,2,60,67,39,46,0,0,0.65,40,30,3,3,9,"Cairns","Milln"
"343","MIL_B2_S1 Apr","MIL_B2_S1 Apr","MIL_B2_S1 Apr","Apr","02/04/2024","Cairns","Milln","B2 - Lagoon","Slope","MIL_B2_S1","Milln","MIL_B2","MIL_B2_S1",8,3.5,0,0,16.79465,146.26364,"-16.79465 146.26364",-16.825,146.225,"-16.825 146.225",7.63,4,3,4,2,42,47,1,1,0,0,0.0238095238095238,31,7,0,24,2,"Cairns","Milln"
"344","MIL_B2_S2 Apr","MIL_B2_S2 Apr","MIL_B2_S2 Apr","Apr","02/04/2024","Cairns","Milln","B2 - Lagoon","Slope","MIL_B2_S2","Milln","MIL_B2","MIL_B2_S2",8,3.5,0,0,16.79465,146.26364,"-16.79465 146.26364",-16.825,146.225,"-16.825 146.225",7.63,4,3,4,2,46,66,0,0,0,0,0,23,3,5,14,0,"Cairns","Milln"
"345","MIL_B2_S3 Apr","MIL_B2_S3 Apr","MIL_B2_S3 Apr","Apr","02/04/2024","Cairns","Milln","B2 - Lagoon","Slope","MIL_B2_S3","Milln","MIL_B2","MIL_B2_S3",8,4,0,0,16.79465,146.26364,"-16.79465 146.26364",-16.825,146.225,"-16.825 146.225",7.63,4,3,4,2,20,34,0,0,0,0,0,23,8,0,12,0,"Cairns","Milln"
"346","MIL_B2_C1 Apr","MIL_B2_C1 Apr","MIL_B2_C1 Apr","Apr","02/04/2024","Cairns","Milln","B2 - Lagoon","Crest","MIL_B2_C1","Milln","MIL_B2","MIL_B2_C1",1.2,3,0,0,16.79465,146.26364,"-16.79465 146.26364",-16.825,146.225,"-16.825 146.225",7.63,4,3,4,2,81,82,47,47,7,0.0864197530864197,0.580246913580247,29,19,3,1,2,"Cairns","Milln"
"347","MIL_B2_C2 Apr","MIL_B2_C2 Apr","MIL_B2_C2 Apr","Apr","02/04/2024","Cairns","Milln","B2 - Lagoon","Crest","MIL_B2_C2","Milln","MIL_B2","MIL_B2_C2",1.2,3,0,0,16.79465,146.26364,"-16.79465 146.26364",-16.825,146.225,"-16.825 146.225",7.63,4,3,4,2,97,104,62,62,5,0.0515463917525773,0.639175257731959,30,20,3,1,0,"Cairns","Milln"
"348","MIL_B2_C3 Apr","MIL_B2_C3 Apr","MIL_B2_C3 Apr","Apr","02/04/2024","Cairns","Milln","B2 - Lagoon","Crest","MIL_B2_C3","Milln","MIL_B2","MIL_B2_C3",1.2,3,0,0,16.79465,146.26364,"-16.79465 146.26364",-16.825,146.225,"-16.825 146.225",7.63,4,3,4,2,46,48,26,28,2,0.0434782608695652,0.565217391304348,33,20,6,2,5,"Cairns","Milln"
"349","WIS_B1_S1 Oct","WIS_B1_S1 Oct","WIS_B1_S1 Oct","Oct","16/10/2024","Capricorn Bunkers","Wistari","B1 - NW","Slope","WIS_B1_S1","Wistari","WIS_B1","WIS_B1_S1",6,3,7,0,23.46908,151.8989,"-23.46908 151.8989",-23.475,151.875,"-23.475 151.875",11.32,4,2,4,1,37,37,0,0,0,0,0,61.2903225806452,49.4623655913978,0,0,5.3763440860215,"Gladstone","Wistari"
"350","WIS_B1_S2 Oct","WIS_B1_S2 Oct","WIS_B1_S2 Oct","Oct","16/10/2024","Capricorn Bunkers","Wistari","B1 - NW","Slope","WIS_B1_S2","Wistari","WIS_B1","WIS_B1_S2",6,3.5,0,0,23.46908,151.8989,"-23.46908 151.8989",-23.475,151.875,"-23.475 151.875",11.32,4,2,4,1,33,43,0,0,0,0,0,36,29,0,0,0,"Gladstone","Wistari"
"351","WIS_B1_S3 Oct","WIS_B1_S3 Oct","WIS_B1_S3 Oct","Oct","16/10/2024","Capricorn Bunkers","Wistari","B1 - NW","Slope","WIS_B1_S3","Wistari","WIS_B1","WIS_B1_S3",5.6,2.5,4,0,23.46908,151.8989,"-23.46908 151.8989",-23.475,151.875,"-23.475 151.875",11.32,4,2,4,1,37,47,0,0,0,0,0,57.2916666666667,46.875,0,0,4.16666666666667,"Gladstone","Wistari"
"352","WIS_B1_C1 Oct","WIS_B1_C1 Oct","WIS_B1_C1 Oct","Oct","16/10/2024","Capricorn Bunkers","Wistari","B1 - NW","Crest","WIS_B1_C1","Wistari","WIS_B1","WIS_B1_C1",1.5,1.5,0,0,23.46908,151.8989,"-23.46908 151.8989",-23.475,151.875,"-23.475 151.875",11.32,4,2,4,1,26,28,0,0,0,0,0,39,36,2,0,14,"Gladstone","Wistari"
"353","WIS_B1_C2 Oct","WIS_B1_C2 Oct","WIS_B1_C2 Oct","Oct","16/10/2024","Capricorn Bunkers","Wistari","B1 - NW","Crest","WIS_B1_C2","Wistari","WIS_B1","WIS_B1_C2",1.5,1,4,0,23.46908,151.8989,"-23.46908 151.8989",-23.475,151.875,"-23.475 151.875",11.32,4,2,4,1,26,53,0,0,0,0,0,31.25,27.0833333333333,2.08333333333333,0,4.16666666666667,"Gladstone","Wistari"
"354","WIS_B1_C3 Oct","WIS_B1_C3 Oct","WIS_B1_C3 Oct","Oct","16/10/2024","Capricorn Bunkers","Wistari","B1 - NW","Crest","WIS_B1_C3","Wistari","WIS_B1","WIS_B1_C3",1.5,1,0,0,23.46908,151.8989,"-23.46908 151.8989",-23.475,151.875,"-23.475 151.875",11.32,4,2,4,1,36,39,0,0,0,0,0,44,41,3,0,7,"Gladstone","Wistari"
"355","WIS_B2_S1 Oct","WIS_B2_S1 Oct","WIS_B2_S1 Oct","Oct","16/10/2024","Capricorn Bunkers","Wistari","B2 - North","Slope","WIS_B2_S1","Wistari","WIS_B2","WIS_B2_S1",4,3,7,0,23.46908,151.84262,"-23.46908 151.84262",-23.475,151.825,"-23.475 151.825",11.28,4,2,4,1,29,34,0,0,0,0,0,38.7096774193548,38.7096774193548,0,0,0,"Gladstone","Wistari"
"356","WIS_B2_S2 Oct","WIS_B2_S2 Oct","WIS_B2_S2 Oct","Oct","16/10/2024","Capricorn Bunkers","Wistari","B2 - North","Slope","WIS_B2_S2","Wistari","WIS_B2","WIS_B2_S2",4.8,3,8,0,23.46908,151.84262,"-23.46908 151.84262",-23.475,151.825,"-23.475 151.825",11.28,4,2,4,1,28,32,0,0,0,0,0,33.695652173913,31.5217391304348,0,1.08695652173913,0,"Gladstone","Wistari"
"357","WIS_B2_S3 Oct","WIS_B2_S3 Oct","WIS_B2_S3 Oct","Oct","16/10/2024","Capricorn Bunkers","Wistari","B2 - North","Slope","WIS_B2_S3","Wistari","WIS_B2","WIS_B2_S3",4,2.5,8,0,23.46908,151.84262,"-23.46908 151.84262",-23.475,151.825,"-23.475 151.825",11.28,4,2,4,1,37,43,0,0,0,0,0,42.3913043478261,36.9565217391304,0,1.08695652173913,1.08695652173913,"Gladstone","Wistari"
"358","WIS_B2_C1 Oct","WIS_B2_C1 Oct","WIS_B2_C1 Oct","Oct","16/10/2024","Capricorn Bunkers","Wistari","B2 - North","Crest","WIS_B2_C1","Wistari","WIS_B2","WIS_B2_C1",0.5,1,0,0,23.46908,151.84262,"-23.46908 151.84262",-23.475,151.825,"-23.475 151.825",11.28,4,2,4,1,18,18,0,0,0,0,0,31,30,0,0,1,"Gladstone","Wistari"
"359","WIS_B2_C2 Oct","WIS_B2_C2 Oct","WIS_B2_C2 Oct","Oct","16/10/2024","Capricorn Bunkers","Wistari","B2 - North","Crest","WIS_B2_C2","Wistari","WIS_B2","WIS_B2_C2",0.5,2,6,0,23.46908,151.84262,"-23.46908 151.84262",-23.475,151.825,"-23.475 151.825",11.28,4,2,4,1,30,30,0,0,0,0,0,43.6170212765957,37.2340425531915,1.06382978723404,0,3.19148936170213,"Gladstone","Wistari"
"360","WIS_B2_C3 Oct","WIS_B2_C3 Oct","WIS_B2_C3 Oct","Oct","16/10/2024","Capricorn Bunkers","Wistari","B2 - North","Crest","WIS_B2_C3","Wistari","WIS_B2","WIS_B2_C3",0.5,2.5,0,0,23.46908,151.8989,"-23.46908 151.8989",-23.475,151.875,"-23.475 151.875",11.32,4,2,4,1,31,31,0,0,0,0,0,33,29,2,0,0,"Gladstone","Wistari"
"361","WIS_B3_S1 Oct","WIS_B3_S1 Oct","WIS_B3_S1 Oct","Oct","16/10/2024","Capricorn Bunkers","Wistari","B3 - North Channel","Slope","WIS_B3_S1","Wistari","WIS_B3","WIS_B3_S1",4,1.5,7,0,23.4499,151.8989,"-23.4499 151.8989",-23.475,151.875,"-23.475 151.875",11.32,4,2,4,1,16,18,0,0,0,0,0,38.7096774193548,34.4086021505376,1.0752688172043,0,2.1505376344086,"Gladstone","Wistari"
"362","WIS_B3_S2 Oct","WIS_B3_S2 Oct","WIS_B3_S2 Oct","Oct","16/10/2024","Capricorn Bunkers","Wistari","B3 - North Channel","Slope","WIS_B3_S2","Wistari","WIS_B3","WIS_B3_S2",4,1.5,1,0,23.4499,151.8989,"-23.4499 151.8989",-23.475,151.875,"-23.475 151.875",11.32,4,2,4,1,28,34,0,0,0,0,0,40.4040404040404,35.3535353535354,0,2.02020202020202,1.01010101010101,"Gladstone","Wistari"
"363","WIS_B3_S3 Oct","WIS_B3_S3 Oct","WIS_B3_S3 Oct","Oct","16/10/2024","Capricorn Bunkers","Wistari","B3 - North Channel","Slope","WIS_B3_S3","Wistari","WIS_B3","WIS_B3_S3",4,1.5,4,0,23.4499,151.8989,"-23.4499 151.8989",-23.475,151.875,"-23.475 151.875",11.32,4,2,4,1,24,26,0,0,0,0,0,29.1666666666667,25,0,0,2.08333333333333,"Gladstone","Wistari"
"364","WIS_B3_C1 Oct","WIS_B3_C1 Oct","WIS_B3_C1 Oct","Oct","16/10/2024","Capricorn Bunkers","Wistari","B3 - North Channel","Crest","WIS_B3_C1","Wistari","WIS_B3","WIS_B3_C1",0.5,1,2,0,23.4499,151.8989,"-23.4499 151.8989",-23.475,151.875,"-23.475 151.875",11.32,4,2,4,1,20,21,0,0,0,0,0,19.3877551020408,19.3877551020408,0,0,1.02040816326531,"Gladstone","Wistari"
"365","WIS_B3_C2 Oct","WIS_B3_C2 Oct","WIS_B3_C2 Oct","Oct","16/10/2024","Capricorn Bunkers","Wistari","B3 - North Channel","Crest","WIS_B3_C2","Wistari","WIS_B3","WIS_B3_C2",0.5,1.5,2,0,23.4499,151.8989,"-23.4499 151.8989",-23.475,151.875,"-23.475 151.875",11.32,4,2,4,1,17,18,0,0,0,0,0,24.4897959183673,19.3877551020408,0,4.08163265306122,1.02040816326531,"Gladstone","Wistari"
"366","WIS_B3_C3 Oct","WIS_B3_C3 Oct","WIS_B3_C3 Oct","Oct","16/10/2024","Capricorn Bunkers","Wistari","B3 - North Channel","Crest","WIS_B3_C3","Wistari","WIS_B3","WIS_B3_C3",0.5,1.5,0,0,23.4499,151.8989,"-23.4499 151.8989",-23.475,151.875,"-23.475 151.875",11.32,4,2,4,1,23,23,0,0,0,0,0,25,14,0,2,1,"Gladstone","Wistari"
"367","HER_B1_S1 Oct","HER_B1_S1 Oct","HER_B1_S1 Oct","Oct","16/10/2024","Capricorn Bunkers","Heron","B1 - Viv's","Slope","HER_B1_S1","Heron","HER_B1","HER_B1_S1",6,3,0,0,23.44293,151.9066,"-23.44293 151.9066",-23.475,151.875,"-23.475 151.875",11.32,4,2,4,1,42,42,0,0,0,0,0,24,23,0,0,3,"Gladstone","Heron"
"368","HER_B1_S2 Oct","HER_B1_S2 Oct","HER_B1_S2 Oct","Oct","16/10/2024","Capricorn Bunkers","Heron","B1 - Viv's","Slope","HER_B1_S2","Heron","HER_B1","HER_B1_S2",6,3,0,0,23.44293,151.9066,"-23.44293 151.9066",-23.475,151.875,"-23.475 151.875",11.32,4,2,4,1,21,21,0,0,0,0,0,47,42,0,0,2,"Gladstone","Heron"
"369","HER_B1_S3 Oct","HER_B1_S3 Oct","HER_B1_S3 Oct","Oct","16/10/2024","Capricorn Bunkers","Heron","B1 - Viv's","Slope","HER_B1_S3","Heron","HER_B1","HER_B1_S3",6,3,0,0,23.44293,151.9066,"-23.44293 151.9066",-23.475,151.875,"-23.475 151.875",11.32,4,2,4,1,18,18,0,0,0,0,0,35,32,0,1,1,"Gladstone","Heron"
"370","HER_B1_C1 Oct","HER_B1_C1 Oct","HER_B1_C1 Oct","Oct","16/10/2024","Capricorn Bunkers","Heron","B1 - Viv's","Crest","HER_B1_C1","Heron","HER_B1","HER_B1_C1",1,3,0,0,23.44293,151.9066,"-23.44293 151.9066",-23.475,151.875,"-23.475 151.875",11.32,4,2,4,1,19,19,0,0,0,0,0,79,79,0,0,0,"Gladstone","Heron"
"371","HER_B1_C2 Oct","HER_B1_C2 Oct","HER_B1_C2 Oct","Oct","16/10/2024","Capricorn Bunkers","Heron","B1 - Viv's","Crest","HER_B1_C2","Heron","HER_B1","HER_B1_C2",1,3,0,0,23.44293,151.9066,"-23.44293 151.9066",-23.475,151.875,"-23.475 151.875",11.32,4,2,4,1,18,18,0,0,0,0,0,67,67,0,0,0,"Gladstone","Heron"
"372","HER_B1_C3 Oct","HER_B1_C3 Oct","HER_B1_C3 Oct","Oct","16/10/2024","Capricorn Bunkers","Heron","B1 - Viv's","Crest","HER_B1_C3","Heron","HER_B1","HER_B1_C3",1,3,0,0,23.44293,151.9066,"-23.44293 151.9066",-23.475,151.875,"-23.475 151.875",11.32,4,2,4,1,13,13,0,0,0,0,0,37,37,0,0,0,"Gladstone","Heron"
"373","HER_B2_S1 Oct","HER_B2_S1 Oct","HER_B2_S1 Oct","Oct","17/10/2024","Capricorn Bunkers","Heron","B2 - NE Point","Slope","HER_B2_S1","Heron","HER_B2","HER_B2_S1",6,3,4,0,23.43427,151.98409,"-23.43427 151.98409",-23.475,151.975,"-23.475 151.975",11.73,4,2,4,1,45,45,0,0,0,0,0,44.7916666666667,39.5833333333333,0,2.08333333333333,2.08333333333333,"Gladstone","Heron"
"374","HER_B2_S2 Oct","HER_B2_S2 Oct","HER_B2_S2 Oct","Oct","17/10/2024","Capricorn Bunkers","Heron","B2 - NE Point","Slope","HER_B2_S2","Heron","HER_B2","HER_B2_S2",6.4,2.5,6,0,23.43427,151.98409,"-23.43427 151.98409",-23.475,151.975,"-23.475 151.975",11.73,4,2,4,1,42,45,0,0,0,0,0,34.0425531914894,28.7234042553192,0,2.12765957446809,2.12765957446809,"Gladstone","Heron"
"375","HER_B2_S3 Oct","HER_B2_S3 Oct","HER_B2_S3 Oct","Oct","17/10/2024","Capricorn Bunkers","Heron","B2 - NE Point","Slope","HER_B2_S3","Heron","HER_B2","HER_B2_S3",6,2.5,2,0,23.43427,151.98409,"-23.43427 151.98409",-23.475,151.975,"-23.475 151.975",11.73,4,2,4,1,52,54,0,0,0,0,0,36.734693877551,33.6734693877551,0,1.02040816326531,2.04081632653061,"Gladstone","Heron"
"376","HER_B2_C1 Oct","HER_B2_C1 Oct","HER_B2_C1 Oct","Oct","17/10/2024","Capricorn Bunkers","Heron","B2 - NE Point","Crest","HER_B2_C1","Heron","HER_B2","HER_B2_C1",2.5,1.5,0,0,23.43427,151.98409,"-23.43427 151.98409",-23.475,151.975,"-23.475 151.975",11.73,4,2,4,1,33,33,0,0,0,0,0,9,8,1,0,1,"Gladstone","Heron"
"377","HER_B2_C2 Oct","HER_B2_C2 Oct","HER_B2_C2 Oct","Oct","17/10/2024","Capricorn Bunkers","Heron","B2 - NE Point","Crest","HER_B2_C2","Heron","HER_B2","HER_B2_C2",2.5,1.5,4,0,23.43427,151.98409,"-23.43427 151.98409",-23.475,151.975,"-23.475 151.975",11.73,4,2,4,1,28,29,0,0,0,0,0,13.5416666666667,13.5416666666667,0,0,1.04166666666667,"Gladstone","Heron"
"378","HER_B2_C3 Oct","HER_B2_C3 Oct","HER_B2_C3 Oct","Oct","17/10/2024","Capricorn Bunkers","Heron","B2 - NE Point","Crest","HER_B2_C3","Heron","HER_B2","HER_B2_C3",2.5,1,0,0,23.44293,151.9066,"-23.44293 151.9066",-23.475,151.875,"-23.475 151.875",11.32,4,2,4,1,38,42,0,0,0,0,0,14,13,0,0,1,"Gladstone","Heron"
"379","HER_B3_S1 Oct","HER_B3_S1 Oct","HER_B3_S1 Oct","Oct","17/10/2024","Capricorn Bunkers","Heron","B3 - North Bay","Slope","HER_B3_S1","Heron","HER_B3","HER_B3_S1",6.1,2,1,0,23.43936,151.97849,"-23.43936 151.97849",-23.475,151.975,"-23.475 151.975",11.73,4,2,4,1,36,37,0,0,0,0,0,37.3737373737374,31.3131313131313,1.01010101010101,2.02020202020202,3.03030303030303,"Gladstone","Heron"
"380","HER_B3_S2 Oct","HER_B3_S2 Oct","HER_B3_S2 Oct","Oct","17/10/2024","Capricorn Bunkers","Heron","B3 - North Bay","Slope","HER_B3_S2","Heron","HER_B3","HER_B3_S2",6.4,2.5,3,0,23.43936,151.97849,"-23.43936 151.97849",-23.475,151.975,"-23.475 151.975",11.73,4,2,4,1,48,49,0,0,0,0,0,41.2371134020619,32.9896907216495,0,1.03092783505155,1.03092783505155,"Gladstone","Heron"
"381","HER_B3_S3 Oct","HER_B3_S3 Oct","HER_B3_S3 Oct","Oct","17/10/2024","Capricorn Bunkers","Heron","B3 - North Bay","Slope","HER_B3_S3","Heron","HER_B3","HER_B3_S3",7,2.5,2,0,23.43936,151.97849,"-23.43936 151.97849",-23.475,151.975,"-23.475 151.975",11.73,4,2,4,1,45,46,0,0,0,0,0,24.4897959183673,19.3877551020408,0,2.04081632653061,0,"Gladstone","Heron"
"382","HER_B3_C1 Oct","HER_B3_C1 Oct","HER_B3_C1 Oct","Oct","17/10/2024","Capricorn Bunkers","Heron","B3 - North Bay","Crest","HER_B3_C1","Heron","HER_B3","HER_B3_C1",2.4,1,0,0,23.43936,151.97849,"-23.43936 151.97849",-23.475,151.975,"-23.475 151.975",11.73,4,2,4,1,28,29,0,0,0,0,0,13,12,1,0,0,"Gladstone","Heron"
"383","HER_B3_C2 Oct","HER_B3_C2 Oct","HER_B3_C2 Oct","Oct","17/10/2024","Capricorn Bunkers","Heron","B3 - North Bay","Crest","HER_B3_C2","Heron","HER_B3","HER_B3_C2",2.1,1.5,0,0,23.43936,151.97849,"-23.43936 151.97849",-23.475,151.975,"-23.475 151.975",11.73,4,2,4,1,32,33,0,0,0,0,0,17,15,1,0,2,"Gladstone","Heron"
"384","HER_B3_C3 Oct","HER_B3_C3 Oct","HER_B3_C3 Oct","Oct","17/10/2024","Capricorn Bunkers","Heron","B3 - North Bay","Crest","HER_B3_C3","Heron","HER_B3","HER_B3_C3",2.3,1,0,0,23.43936,151.97849,"-23.43936 151.97849",-23.475,151.975,"-23.475 151.975",11.73,4,2,4,1,17,19,0,0,0,0,0,8,4,0,0,0,"Gladstone","Heron"
"385","WIL_B1_S1 Oct","WIL_B1_S1 Oct","WIL_B1_S1 Oct","Oct","17/10/2024","Capricorn Bunkers","Wilson","B1 - NE","Slope","WIL_B1_S1","Wilson","WIL_B1","WIL_B1_S1",6,3.5,2,0,23.29771,151.91895,"-23.29771 151.91895",-23.325,151.875,"-23.325 151.875",11.45,4,2,4,1,29,41,0,0,0,0,0,53.0612244897959,43.8775510204082,0,3.06122448979592,5.10204081632653,"Gladstone","Wilson"
"386","WIL_B1_S2 Oct","WIL_B1_S2 Oct","WIL_B1_S2 Oct","Oct","17/10/2024","Capricorn Bunkers","Wilson","B1 - NE","Slope","WIL_B1_S2","Wilson","WIL_B1","WIL_B1_S2",6.2,3,2,0,23.29771,151.91895,"-23.29771 151.91895",-23.325,151.875,"-23.325 151.875",11.45,4,2,4,1,28,30,0,0,0,0,0,35.7142857142857,31.6326530612245,0,2.04081632653061,12.2448979591837,"Gladstone","Wilson"
"387","WIL_B1_S3 Oct","WIL_B1_S3 Oct","WIL_B1_S3 Oct","Oct","17/10/2024","Capricorn Bunkers","Wilson","B1 - NE","Slope","WIL_B1_S3","Wilson","WIL_B1","WIL_B1_S3",5.7,3,4,0,23.29771,151.91895,"-23.29771 151.91895",-23.325,151.875,"-23.325 151.875",11.45,4,2,4,1,15,26,0,0,0,0,0,44.7916666666667,37.5,0,2.08333333333333,4.16666666666667,"Gladstone","Wilson"
"388","WIL_B1_C1 Oct","WIL_B1_C1 Oct","WIL_B1_C1 Oct","Oct","17/10/2024","Capricorn Bunkers","Wilson","B1 - NE","Crest","WIL_B1_C1","Wilson","WIL_B1","WIL_B1_C1",1,2,0,0,23.29771,151.91895,"-23.29771 151.91895",-23.325,151.875,"-23.325 151.875",11.45,4,2,4,1,14,15,0,0,0,0,0,11,11,0,0,1,"Gladstone","Wilson"
"389","WIL_B1_C2 Oct","WIL_B1_C2 Oct","WIL_B1_C2 Oct","Oct","17/10/2024","Capricorn Bunkers","Wilson","B1 - NE","Crest","WIL_B1_C2","Wilson","WIL_B1","WIL_B1_C2",1,2,0,0,23.29771,151.91895,"-23.29771 151.91895",-23.325,151.875,"-23.325 151.875",11.45,4,2,4,1,15,15,0,0,0,0,0,18,18,0,0,0,"Gladstone","Wilson"
"390","WIL_B1_C3 Oct","WIL_B1_C3 Oct","WIL_B1_C3 Oct","Oct","17/10/2024","Capricorn Bunkers","Wilson","B1 - NE","Crest","WIL_B1_C3","Wilson","WIL_B1","WIL_B1_C3",1,2,2,0,23.29771,151.91895,"-23.29771 151.91895",-23.325,151.875,"-23.325 151.875",11.45,4,2,4,1,15,15,0,0,0,0,0,18.3673469387755,15.3061224489796,0,3.06122448979592,0,"Gladstone","Wilson"
"391","WIL_B2_S1 Oct","WIL_B2_S1 Oct","WIL_B2_S1 Oct","Oct","17/10/2024","Capricorn Bunkers","Wilson","B2 - West","Slope","WIL_B2_S1","Wilson","WIL_B2","WIL_B2_S1",6.4,3,0,0,23.3078,151.91423,"-23.3078 151.91423",-23.325,151.875,"-23.325 151.875",11.45,4,2,4,1,15,19,0,0,0,0,0,19,18,1,0,3,"Gladstone","Wilson"
"392","WIL_B2_S2 Oct","WIL_B2_S2 Oct","WIL_B2_S2 Oct","Oct","17/10/2024","Capricorn Bunkers","Wilson","B2 - West","Slope","WIL_B2_S2","Wilson","WIL_B2","WIL_B2_S2",7.1,2.5,2,0,23.3078,151.91423,"-23.3078 151.91423",-23.325,151.875,"-23.325 151.875",11.45,4,2,4,1,24,38,0,0,0,0,0,12.2448979591837,9.18367346938775,3.06122448979592,0,1.02040816326531,"Gladstone","Wilson"
"393","WIL_B2_S3 Oct","WIL_B2_S3 Oct","WIL_B2_S3 Oct","Oct","17/10/2024","Capricorn Bunkers","Wilson","B2 - West","Slope","WIL_B2_S3","Wilson","WIL_B2","WIL_B2_S3",6.8,2.5,1,0,23.3078,151.91423,"-23.3078 151.91423",-23.325,151.875,"-23.325 151.875",11.45,4,2,4,1,14,16,0,0,0,0,0,6.06060606060606,3.03030303030303,1.01010101010101,1.01010101010101,1.01010101010101,"Gladstone","Wilson"
"394","WIL_B2_C1 Oct","WIL_B2_C1 Oct","WIL_B2_C1 Oct","Oct","17/10/2024","Capricorn Bunkers","Wilson","B2 - West","Crest","WIL_B2_C1","Wilson","WIL_B2","WIL_B2_C1",3,2.5,0,0,23.3078,151.91423,"-23.3078 151.91423",-23.325,151.875,"-23.325 151.875",11.45,4,2,4,1,22,22,0,0,0,0,0,35,30,0,0,6,"Gladstone","Wilson"
"395","WIL_B2_C2 Oct","WIL_B2_C2 Oct","WIL_B2_C2 Oct","Oct","17/10/2024","Capricorn Bunkers","Wilson","B2 - West","Crest","WIL_B2_C2","Wilson","WIL_B2","WIL_B2_C2",3,2,0,0,23.3078,151.91423,"-23.3078 151.91423",-23.325,151.875,"-23.325 151.875",11.45,4,2,4,1,32,32,0,0,0,0,0,25,24,0,1,0,"Gladstone","Wilson"
"396","WIL_B2_C3 Oct","WIL_B2_C3 Oct","WIL_B2_C3 Oct","Oct","17/10/2024","Capricorn Bunkers","Wilson","B2 - West","Crest","WIL_B2_C3","Wilson","WIL_B2","WIL_B2_C3",3,2.5,0,0,23.3078,151.91423,"-23.3078 151.91423",-23.325,151.875,"-23.325 151.875",11.45,4,2,4,1,21,25,0,0,0,0,0,37,29,1,0,0,"Gladstone","Wilson"
"397","CHA_B1_S1 Oct","CHA_B1_S1 Oct","CHA_B1_S1 Oct","Oct","18/10/2024","Hydrographers Passage","Chavel","B1 - Western Flank","Slope","CHA_B1_S1","Chauvel","CHA_B1","CHA_B1_S1",NA,NA,0,0,20.84924,150.30913,"-20.84924 150.30913",-20.875,150.275,"-20.875 150.275",8,4,2,4,1,35,37,0,0,0,0,0,47,13,3,1,1,"Mackay","Chavel"
"398","CHA_B1_S2 Oct","CHA_B1_S2 Oct","CHA_B1_S2 Oct","Oct","18/10/2024","Hydrographers Passage","Chavel","B1 - Western Flank","Slope","CHA_B1_S2","Chauvel","CHA_B1","CHA_B1_S2",NA,NA,1,0,20.84924,150.30913,"-20.84924 150.30913",-20.875,150.275,"-20.875 150.275",8,4,2,4,1,58,59,0,0,0,0,0,52.5252525252525,14.1414141414141,2.02020202020202,3.03030303030303,5.05050505050505,"Mackay","Chavel"
"399","CHA_B1_S3 Oct","CHA_B1_S3 Oct","CHA_B1_S3 Oct","Oct","18/10/2024","Hydrographers Passage","Chavel","B1 - Western Flank","Slope","CHA_B1_S3","Chauvel","CHA_B1","CHA_B1_S3",NA,NA,3,0,20.84924,150.30913,"-20.84924 150.30913",-20.875,150.275,"-20.875 150.275",8,4,2,4,1,64,66,0,0,0,0,0,35.0515463917526,11.340206185567,4.12371134020619,1.03092783505155,3.09278350515464,"Mackay","Chavel"
"400","CHA_B1_C1 Oct","CHA_B1_C1 Oct","CHA_B1_C1 Oct","Oct","18/10/2024","Hydrographers Passage","Chavel","B1 - Western Flank","Crest","CHA_B1_C1","Chauvel","CHA_B1","CHA_B1_C1",NA,NA,0,0,20.84924,150.30913,"-20.84924 150.30913",-20.875,150.275,"-20.875 150.275",8,4,2,4,1,30,31,0,0,0,0,0,25,14,1,3,4,"Mackay","Chavel"
"401","CHA_B1_C2 Oct","CHA_B1_C2 Oct","CHA_B1_C2 Oct","Oct","18/10/2024","Hydrographers Passage","Chavel","B1 - Western Flank","Crest","CHA_B1_C2","Chauvel","CHA_B1","CHA_B1_C2",NA,NA,0,0,20.84924,150.30913,"-20.84924 150.30913",-20.875,150.275,"-20.875 150.275",8,4,2,4,1,57,58,0,0,0,0,0,37,30,2,2,4,"Mackay","Chavel"
"402","CHA_B1_C3 Oct","CHA_B1_C3 Oct","CHA_B1_C3 Oct","Oct","18/10/2024","Hydrographers Passage","Chavel","B1 - Western Flank","Crest","CHA_B1_C3","Chauvel","CHA_B1","CHA_B1_C3",NA,NA,0,0,20.84924,150.30913,"-20.84924 150.30913",-20.875,150.275,"-20.875 150.275",8,4,2,4,1,60,65,0,0,0,0,0,22,16,1,2,2,"Mackay","Chavel"
"403","CHA_B2_S1 Oct","CHA_B2_S1 Oct","CHA_B2_S1 Oct","Oct","18/10/2024","Hydrographers Passage","Chavel","B2 - Northern edge","Slope","CHA_B2_S1","Chauvel","CHA_B2","CHA_B2_S1",NA,NA,2,0,20.84093,150.31494,"-20.84093 150.31494",-20.875,150.275,"-20.875 150.275",8,4,2,4,1,22,31,0,0,0,0,0,21.4285714285714,10.2040816326531,0,3.06122448979592,3.06122448979592,"Mackay","Chavel"
"404","CHA_B2_S2 Oct","CHA_B2_S2 Oct","CHA_B2_S2 Oct","Oct","18/10/2024","Hydrographers Passage","Chavel","B2 - Northern edge","Slope","CHA_B2_S2","Chauvel","CHA_B2","CHA_B2_S2",NA,NA,4,0,20.84093,150.31494,"-20.84093 150.31494",-20.875,150.275,"-20.875 150.275",8,4,2,4,1,29,31,0,0,0,0,0,31.25,9.375,1.04166666666667,4.16666666666667,0,"Mackay","Chavel"
"405","CHA_B2_S3 Oct","CHA_B2_S3 Oct","CHA_B2_S3 Oct","Oct","18/10/2024","Hydrographers Passage","Chavel","B2 - Northern edge","Slope","CHA_B2_S3","Chauvel","CHA_B2","CHA_B2_S3",NA,NA,8,0,20.84093,150.31494,"-20.84093 150.31494",-20.875,150.275,"-20.875 150.275",8,4,2,4,1,21,29,0,0,0,0,0,21.7391304347826,6.52173913043478,2.17391304347826,4.34782608695652,1.08695652173913,"Mackay","Chavel"
"406","CHA_B2_C1 Oct","CHA_B2_C1 Oct","CHA_B2_C1 Oct","Oct","18/10/2024","Hydrographers Passage","Chavel","B2 - Northern edge","Crest","CHA_B2_C1","Chauvel","CHA_B2","CHA_B2_C1",NA,NA,0,0,20.84093,150.31494,"-20.84093 150.31494",-20.875,150.275,"-20.875 150.275",8,4,2,4,1,26,26,0,0,0,0,0,22,11,1,3,4,"Mackay","Chavel"
"407","CHA_B2_C2 Oct","CHA_B2_C2 Oct","CHA_B2_C2 Oct","Oct","18/10/2024","Hydrographers Passage","Chavel","B2 - Northern edge","Crest","CHA_B2_C2","Chauvel","CHA_B2","CHA_B2_C2",NA,NA,0,0,20.84093,150.31494,"-20.84093 150.31494",-20.875,150.275,"-20.875 150.275",8,4,2,4,1,21,21,0,0,0,0,0,13,5,1,2,1,"Mackay","Chavel"
"408","CHA_B2_C3 Oct","CHA_B2_C3 Oct","CHA_B2_C3 Oct","Oct","18/10/2024","Hydrographers Passage","Chavel","B2 - Northern edge","Crest","CHA_B2_C3","Chauvel","CHA_B2","CHA_B2_C3",NA,NA,0,0,20.84093,150.31494,"-20.84093 150.31494",-20.875,150.275,"-20.875 150.275",8,4,2,4,1,18,31,0,0,0,0,0,27,16,4,0,3,"Mackay","Chavel"
"409","CHA_B3_S1 Oct","CHA_B3_S1 Oct","CHA_B3_S1 Oct","Oct","18/10/2024","Hydrographers Passage","Chavel","B3 - Large Lagoon Reef","Slope","CHA_B3_S1","Chauvel","CHA_B3","CHA_B3_S1",7,4,8,0,20.80667,150.40834,"-20.80667 150.40834",-20.825,150.375,"-20.825 150.375",8.13,4,2,4,1,16,16,0,0,0,0,0,22.8260869565217,1.08695652173913,0,2.17391304347826,1.08695652173913,"Mackay","Chavel"
"410","CHA_B3_S2 Oct","CHA_B3_S2 Oct","CHA_B3_S2 Oct","Oct","18/10/2024","Hydrographers Passage","Chavel","B3 - Large Lagoon Reef","Slope","CHA_B3_S2","Chauvel","CHA_B3","CHA_B3_S2",7.3,3.5,7,0,20.80667,150.40834,"-20.80667 150.40834",-20.825,150.375,"-20.825 150.375",8.13,4,2,4,1,55,55,0,0,0,0,0,21.505376344086,2.1505376344086,0,6.45161290322581,0,"Mackay","Chavel"
"411","CHA_B3_S3 Oct","CHA_B3_S3 Oct","CHA_B3_S3 Oct","Oct","18/10/2024","Hydrographers Passage","Chavel","B3 - Large Lagoon Reef","Slope","CHA_B3_S3","Chauvel","CHA_B3","CHA_B3_S3",7.5,3,5,0,20.80667,150.40834,"-20.80667 150.40834",-20.825,150.375,"-20.825 150.375",8.13,4,2,4,1,28,31,0,0,0,0,0,21.0526315789474,1.05263157894737,2.10526315789474,10.5263157894737,0,"Mackay","Chavel"
"412","CHA_B3_C1 Oct","CHA_B3_C1 Oct","CHA_B3_C1 Oct","Oct","18/10/2024","Hydrographers Passage","Chavel","B3 - Large Lagoon Reef","Crest","CHA_B3_C1","Chauvel","CHA_B3","CHA_B3_C1",3.5,2,1,0,20.80667,150.40834,"-20.80667 150.40834",-20.825,150.375,"-20.825 150.375",8.13,4,2,4,1,44,44,0,0,0,0,0,27.2727272727273,12.1212121212121,3.03030303030303,2.02020202020202,1.01010101010101,"Mackay","Chavel"
"413","CHA_B3_C2 Oct","CHA_B3_C2 Oct","CHA_B3_C2 Oct","Oct","18/10/2024","Hydrographers Passage","Chavel","B3 - Large Lagoon Reef","Crest","CHA_B3_C2","Chauvel","CHA_B3","CHA_B3_C2",4,1.5,0,0,20.80667,150.40834,"-20.80667 150.40834",-20.825,150.375,"-20.825 150.375",8.13,4,2,4,1,31,33,0,0,0,0,0,35,16,2,2,4,"Mackay","Chavel"
"414","CHA_B3_C3 Oct","CHA_B3_C3 Oct","CHA_B3_C3 Oct","Oct","18/10/2024","Hydrographers Passage","Chavel","B3 - Large Lagoon Reef","Crest","CHA_B3_C3","Chauvel","CHA_B3","CHA_B3_C3",4,1.5,0,0,20.80667,150.40834,"-20.80667 150.40834",-20.825,150.375,"-20.825 150.375",8.13,4,2,4,1,48,53,0,0,0,0,0,27,7,5,2,1,"Mackay","Chavel"
"415","GOB_B1_S1 Oct","GOB_B1_S1 Oct","GOB_B1_S1 Oct","Oct","18/10/2024","Hydrographers Passage","Goble","B1 - Western Flank","Slope","GOB_B1_S1","Goble","GOB_B1","GOB_B1_S1",7.3,3.5,0,0,20.77806,150.46088,"-20.77806 150.46088",-20.825,150.425,"-20.825 150.425",8.53,4,2,4,1,35,40,0,0,0,0,0,22,3,1,0,0,"Mackay","Goble"
"416","GOB_B1_S2 Oct","GOB_B1_S2 Oct","GOB_B1_S2 Oct","Oct","18/10/2024","Hydrographers Passage","Goble","B1 - Western Flank","Slope","GOB_B1_S2","Goble","GOB_B1","GOB_B1_S2",7,3,0,0,20.77806,150.46088,"-20.77806 150.46088",-20.825,150.425,"-20.825 150.425",8.53,4,2,4,1,40,41,0,0,0,0,0,28,0,3,6,0,"Mackay","Goble"
"417","GOB_B1_S3 Oct","GOB_B1_S3 Oct","GOB_B1_S3 Oct","Oct","18/10/2024","Hydrographers Passage","Goble","B1 - Western Flank","Slope","GOB_B1_S3","Goble","GOB_B1","GOB_B1_S3",7,4,0,0,20.77806,150.46088,"-20.77806 150.46088",-20.825,150.425,"-20.825 150.425",8.53,4,2,4,1,53,54,0,0,0,0,0,34,3,1,4,1,"Mackay","Goble"
"418","GOB_B1_C1 Oct","GOB_B1_C1 Oct","GOB_B1_C1 Oct","Oct","18/10/2024","Hydrographers Passage","Goble","B1 - Western Flank","Crest","GOB_B1_C1","Goble","GOB_B1","GOB_B1_C1",2.4,1,0,0,20.77806,150.46088,"-20.77806 150.46088",-20.825,150.425,"-20.825 150.425",8.53,4,2,4,1,27,29,0,0,0,0,0,28,23,3,0,0,"Mackay","Goble"
"419","GOB_B1_C2 Oct","GOB_B1_C2 Oct","GOB_B1_C2 Oct","Oct","18/10/2024","Hydrographers Passage","Goble","B1 - Western Flank","Crest","GOB_B1_C2","Goble","GOB_B1","GOB_B1_C2",2.3,1,0,0,20.77806,150.46088,"-20.77806 150.46088",-20.825,150.425,"-20.825 150.425",8.53,4,2,4,1,36,38,0,0,0,0,0,26,18,5,2,0,"Mackay","Goble"
"420","GOB_B1_C3 Oct","GOB_B1_C3 Oct","GOB_B1_C3 Oct","Oct","18/10/2024","Hydrographers Passage","Goble","B1 - Western Flank","Crest","GOB_B1_C3","Goble","GOB_B1","GOB_B1_C3",2.5,1,0,0,20.77806,150.46088,"-20.77806 150.46088",-20.825,150.425,"-20.825 150.425",8.53,4,2,4,1,30,36,0,0,0,0,0,20,19,1,0,0,"Mackay","Goble"
"421","GOB_B2_S1 Oct","GOB_B2_S1 Oct","GOB_B2_S1 Oct","Oct","18/10/2024","Hydrographers Passage","Goble","B2 - Northern edge","Slope","GOB_B2_S1","Goble","GOB_B2","GOB_B2_S1",7.5,3,3,0,20.77082,150.46986,"-20.77082 150.46986",-20.775,150.425,"-20.775 150.425",8.23,4,2,4,1,35,38,0,0,0,0,0,28.8659793814433,1.03092783505155,4.12371134020619,4.12371134020619,0,"Mackay","Goble"
"422","GOB_B2_S2 Oct","GOB_B2_S2 Oct","GOB_B2_S2 Oct","Oct","18/10/2024","Hydrographers Passage","Goble","B2 - Northern edge","Slope","GOB_B2_S2","Goble","GOB_B2","GOB_B2_S2",7.2,3,0,0,20.77082,150.46986,"-20.77082 150.46986",-20.775,150.425,"-20.775 150.425",8.23,4,2,4,1,34,34,0,0,0,0,0,28,11,3,2,0,"Mackay","Goble"
"423","GOB_B2_S3 Oct","GOB_B2_S3 Oct","GOB_B2_S3 Oct","Oct","18/10/2024","Hydrographers Passage","Goble","B2 - Northern edge","Slope","GOB_B2_S3","Goble","GOB_B2","GOB_B2_S3",7,4,0,0,20.77082,150.46986,"-20.77082 150.46986",-20.775,150.425,"-20.775 150.425",8.23,4,2,4,1,31,35,0,0,0,0,0,28,6,1,0,0,"Mackay","Goble"
"424","GOB_B2_C1 Oct","GOB_B2_C1 Oct","GOB_B2_C1 Oct","Oct","18/10/2024","Hydrographers Passage","Goble","B2 - Northern edge","Crest","GOB_B2_C1","Goble","GOB_B2","GOB_B2_C1",1,1.5,0,0,20.77082,150.46986,"-20.77082 150.46986",-20.775,150.425,"-20.775 150.425",8.23,4,2,4,1,41,43,0,0,0,0,0,33,19,4,0,0,"Mackay","Goble"
"425","GOB_B2_C2 Oct","GOB_B2_C2 Oct","GOB_B2_C2 Oct","Oct","18/10/2024","Hydrographers Passage","Goble","B2 - Northern edge","Crest","GOB_B2_C2","Goble","GOB_B2","GOB_B2_C2",1,1.5,0,0,20.77082,150.46986,"-20.77082 150.46986",-20.775,150.425,"-20.775 150.425",8.23,4,2,4,1,43,44,0,0,0,0,0,29,18,6,2,0,"Mackay","Goble"
"426","GOB_B2_C3 Oct","GOB_B2_C3 Oct","GOB_B2_C3 Oct","Oct","18/10/2024","Hydrographers Passage","Goble","B2 - Northern edge","Crest","GOB_B2_C3","Goble","GOB_B2","GOB_B2_C3",1,1.5,0,0,20.77082,150.46986,"-20.77082 150.46986",-20.775,150.425,"-20.775 150.425",8.23,4,2,4,1,46,46,0,0,0,0,0,42,27,9,1,1,"Mackay","Goble"
"427","GOB_B3_S1 Oct","GOB_B3_S1 Oct","GOB_B3_S1 Oct","Oct","18/10/2024","Hydrographers Passage","Goble","B3 - NE Point","Slope","GOB_B3_S1","Goble","GOB_B3","GOB_B3_S1",6,2.5,0,0,20.7634,150.49123,"-20.7634 150.49123",-20.775,150.475,"-20.775 150.475",8.26,4,2,4,1,76,83,0,0,0,0,0,17,3,0,3,0,"Mackay","Goble"
"428","GOB_B3_S2 Oct","GOB_B3_S2 Oct","GOB_B3_S2 Oct","Oct","18/10/2024","Hydrographers Passage","Goble","B3 - NE Point","Slope","GOB_B3_S2","Goble","GOB_B3","GOB_B3_S2",4.5,2.5,2,0,20.7634,150.49123,"-20.7634 150.49123",-20.775,150.475,"-20.775 150.475",8.26,4,2,4,1,64,66,0,0,0,0,0,20.4081632653061,8.16326530612245,1.02040816326531,2.04081632653061,0,"Mackay","Goble"
"429","GOB_B3_S3 Oct","GOB_B3_S3 Oct","GOB_B3_S3 Oct","Oct","18/10/2024","Hydrographers Passage","Goble","B3 - NE Point","Slope","GOB_B3_S3","Goble","GOB_B3","GOB_B3_S3",3,2.5,0,0,20.7634,150.49123,"-20.7634 150.49123",-20.775,150.475,"-20.775 150.475",8.26,4,2,4,1,61,67,0,0,0,0,0,14,7,0,0,1,"Mackay","Goble"
"430","GOB_B3_C1 Oct","GOB_B3_C1 Oct","GOB_B3_C1 Oct","Oct","18/10/2024","Hydrographers Passage","Goble","B3 - NE Point","Crest","GOB_B3_C1","Goble","GOB_B3","GOB_B3_C1",1.6,1.5,3,0,20.7634,150.49123,"-20.7634 150.49123",-20.775,150.475,"-20.775 150.475",8.26,4,2,4,1,78,81,0,0,0,0,0,37.1134020618557,17.5257731958763,11.340206185567,1.03092783505155,1.03092783505155,"Mackay","Goble"
"431","GOB_B3_C2 Oct","GOB_B3_C2 Oct","GOB_B3_C2 Oct","Oct","18/10/2024","Hydrographers Passage","Goble","B3 - NE Point","Crest","GOB_B3_C2","Goble","GOB_B3","GOB_B3_C2",1,2,0,0,20.7634,150.49123,"-20.7634 150.49123",-20.775,150.475,"-20.775 150.475",8.26,4,2,4,1,68,80,0,0,0,0,0,37,16,15,0,2,"Mackay","Goble"
"432","GOB_B3_C3 Oct","GOB_B3_C3 Oct","GOB_B3_C3 Oct","Oct","18/10/2024","Hydrographers Passage","Goble","B3 - NE Point","Crest","GOB_B3_C3","Goble","GOB_B3","GOB_B3_C3",1.5,2,0,0,20.7634,150.49123,"-20.7634 150.49123",-20.775,150.475,"-20.775 150.475",8.26,4,2,4,1,59,74,0,0,0,0,0,29,12,7,1,3,"Mackay","Goble"
"433","BUG_B1_S1 Oct","BUG_B1_S1 Oct","BUG_B1_S1 Oct","Oct","19/10/2024","Hydrographers Passage","Bugatti","B1 - Western Flank","Slope","BUG_B1_S1","Bugatti","BUG_B1","BUG_B1_S1",7.5,4,0,0,20.12446,150.29694,"-20.12446 150.29694",-20.125,150.275,"-20.125 150.275",6.96,NA,1,NA,0,53,58,0,0,0,0,0,46,40,3,0,5,"Mackay","Bugatti"
"434","BUG_B1_S2 Oct","BUG_B1_S2 Oct","BUG_B1_S2 Oct","Oct","19/10/2024","Hydrographers Passage","Bugatti","B1 - Western Flank","Slope","BUG_B1_S2","Bugatti","BUG_B1","BUG_B1_S2",8,3.5,0,0,20.12446,150.29694,"-20.12446 150.29694",-20.125,150.275,"-20.125 150.275",6.96,NA,1,NA,0,38,38,0,0,0,0,0,41,38,2,0,4,"Mackay","Bugatti"
"435","BUG_B1_S3 Oct","BUG_B1_S3 Oct","BUG_B1_S3 Oct","Oct","19/10/2024","Hydrographers Passage","Bugatti","B1 - Western Flank","Slope","BUG_B1_S3","Bugatti","BUG_B1","BUG_B1_S3",7.6,3.5,0,0,20.12446,150.29694,"-20.12446 150.29694",-20.125,150.275,"-20.125 150.275",6.96,NA,1,NA,0,31,35,0,0,0,0,0,42,37,2,0,5,"Mackay","Bugatti"
"436","BUG_B1_C1 Oct","BUG_B1_C1 Oct","BUG_B1_C1 Oct","Oct","19/10/2024","Hydrographers Passage","Bugatti","B1 - Western Flank","Crest","BUG_B1_C1","Bugatti","BUG_B1","BUG_B1_C1",1.5,1.5,0,0,20.12446,150.29694,"-20.12446 150.29694",-20.125,150.275,"-20.125 150.275",6.96,NA,1,NA,0,52,54,0,0,0,0,0,45,35,6,1,9,"Mackay","Bugatti"
"437","BUG_B1_C2 Oct","BUG_B1_C2 Oct","BUG_B1_C2 Oct","Oct","19/10/2024","Hydrographers Passage","Bugatti","B1 - Western Flank","Crest","BUG_B1_C2","Bugatti","BUG_B1","BUG_B1_C2",1.2,1.5,0,0,20.12446,150.29694,"-20.12446 150.29694",-20.125,150.275,"-20.125 150.275",6.96,NA,1,NA,0,42,42,0,0,0,0,0,48,34,8,1,11,"Mackay","Bugatti"
"438","BUG_B1_C3 Oct","BUG_B1_C3 Oct","BUG_B1_C3 Oct","Oct","19/10/2024","Hydrographers Passage","Bugatti","B1 - Western Flank","Crest","BUG_B1_C3","Bugatti","BUG_B1","BUG_B1_C3",1.2,1.5,0,0,20.12446,150.29694,"-20.12446 150.29694",-20.125,150.275,"-20.125 150.275",6.96,NA,1,NA,0,69,69,0,0,0,0,0,50,44,4,1,5,"Mackay","Bugatti"
"439","BRO_B1_S1 Oct","BRO_B1_S1 Oct","BRO_B1_S1 Oct","Oct","20/10/2024","Cape Cleveland","Broadhurst","B1 - North Little Broadhurst","Slope","BRO_B1_S1","Broadhurst","BRO_B1","BRO_B1_S1",5.6,3,0,0,18.94693,147.69511,"-18.94693 147.69511",-18.975,147.675,"-18.975 147.675",3.63,NA,0,NA,0,56,58,0,0,0,0,0,14,4,2,2,0,"Townsville","Broadhurst"
"440","BRO_B1_S2 Oct","BRO_B1_S2 Oct","BRO_B1_S2 Oct","Oct","20/10/2024","Cape Cleveland","Broadhurst","B1 - North Little Broadhurst","Slope","BRO_B1_S2","Broadhurst","BRO_B1","BRO_B1_S2",5.6,4,0,0,18.94693,147.69511,"-18.94693 147.69511",-18.975,147.675,"-18.975 147.675",3.63,NA,0,NA,0,34,34,0,0,0,0,0,17,2,4,4,1,"Townsville","Broadhurst"
"441","BRO_B1_S3 Oct","BRO_B1_S3 Oct","BRO_B1_S3 Oct","Oct","20/10/2024","Cape Cleveland","Broadhurst","B1 - North Little Broadhurst","Slope","BRO_B1_S3","Broadhurst","BRO_B1","BRO_B1_S3",6,3,0,0,18.94693,147.69511,"-18.94693 147.69511",-18.975,147.675,"-18.975 147.675",3.63,NA,0,NA,0,37,39,0,0,0,0,0,13,1,3,2,0,"Townsville","Broadhurst"
"442","BRO_B1_C1 Oct","BRO_B1_C1 Oct","BRO_B1_C1 Oct","Oct","20/10/2024","Cape Cleveland","Broadhurst","B1 - North Little Broadhurst","Crest","BRO_B1_C1","Broadhurst","BRO_B1","BRO_B1_C1",1.8,3,0,0,18.94693,147.69511,"-18.94693 147.69511",-18.975,147.675,"-18.975 147.675",3.63,NA,0,NA,0,45,46,0,0,0,0,0,34,28,3,0,25,"Townsville","Broadhurst"
"443","BRO_B1_C2 Oct","BRO_B1_C2 Oct","BRO_B1_C2 Oct","Oct","20/10/2024","Cape Cleveland","Broadhurst","B1 - North Little Broadhurst","Crest","BRO_B1_C2","Broadhurst","BRO_B1","BRO_B1_C2",1.8,3,0,0,18.94693,147.69511,"-18.94693 147.69511",-18.975,147.675,"-18.975 147.675",3.63,NA,0,NA,0,17,17,0,0,0,0,0,41,40,1,0,30,"Townsville","Broadhurst"
"444","BRO_B1_C3 Oct","BRO_B1_C3 Oct","BRO_B1_C3 Oct","Oct","20/10/2024","Cape Cleveland","Broadhurst","B1 - North Little Broadhurst","Crest","BRO_B1_C3","Broadhurst","BRO_B1","BRO_B1_C3",1.8,3,0,0,18.94693,147.69511,"-18.94693 147.69511",-18.975,147.675,"-18.975 147.675",3.63,NA,0,NA,0,29,29,0,0,0,0,0,51,46,1,1,39,"Townsville","Broadhurst"
"445","BRO_B2_S1 Oct","BRO_B2_S1 Oct","BRO_B2_S1 Oct","Oct","20/10/2024","Cape Cleveland","Broadhurst","B2 - West Big Broadhurst","Slope","BRO_B2_S1","Broadhurst","BRO_B2","BRO_B2_S1",8,3.5,0,0,18.93093,147.71507,"-18.93093 147.71507",-18.975,147.675,"-18.975 147.675",3.63,NA,0,NA,0,42,44,0,0,0,0,0,24,11,2,6,0,"Townsville","Broadhurst"
"446","BRO_B2_S2 Oct","BRO_B2_S2 Oct","BRO_B2_S2 Oct","Oct","20/10/2024","Cape Cleveland","Broadhurst","B2 - West Big Broadhurst","Slope","BRO_B2_S2","Broadhurst","BRO_B2","BRO_B2_S2",8,3,0,0,18.93093,147.71507,"-18.93093 147.71507",-18.975,147.675,"-18.975 147.675",3.63,NA,0,NA,0,25,28,0,0,0,0,0,20,10,1,4,0,"Townsville","Broadhurst"
"447","BRO_B2_S3 Oct","BRO_B2_S3 Oct","BRO_B2_S3 Oct","Oct","20/10/2024","Cape Cleveland","Broadhurst","B2 - West Big Broadhurst","Slope","BRO_B2_S3","Broadhurst","BRO_B2","BRO_B2_S3",8.5,3.5,2,0,18.93093,147.71507,"-18.93093 147.71507",-18.975,147.675,"-18.975 147.675",3.63,NA,0,NA,0,27,33,0,0,0,0,0,29.5918367346939,4.08163265306122,8.16326530612245,9.18367346938775,0,"Townsville","Broadhurst"
"448","BRO_B2_C1 Oct","BRO_B2_C1 Oct","BRO_B2_C1 Oct","Oct","20/10/2024","Cape Cleveland","Broadhurst","B2 - West Big Broadhurst","Crest","BRO_B2_C1","Broadhurst","BRO_B2","BRO_B2_C1",1.9,1.5,0,0,18.93093,147.71507,"-18.93093 147.71507",-18.975,147.675,"-18.975 147.675",3.63,NA,0,NA,0,58,60,0,0,0,0,0,45,31,3,2,12,"Townsville","Broadhurst"
"449","BRO_B2_C2 Oct","BRO_B2_C2 Oct","BRO_B2_C2 Oct","Oct","20/10/2024","Cape Cleveland","Broadhurst","B2 - West Big Broadhurst","Crest","BRO_B2_C2","Broadhurst","BRO_B2","BRO_B2_C2",2,1.5,0,0,18.93093,147.71507,"-18.93093 147.71507",-18.975,147.675,"-18.975 147.675",3.63,NA,0,NA,0,65,69,0,0,0,0,0,37,26,4,1,17,"Townsville","Broadhurst"
"450","BRO_B2_C3 Oct","BRO_B2_C3 Oct","BRO_B2_C3 Oct","Oct","20/10/2024","Cape Cleveland","Broadhurst","B2 - West Big Broadhurst","Crest","BRO_B2_C3","Broadhurst","BRO_B2","BRO_B2_C3",2,1.5,0,0,18.93093,147.71507,"-18.93093 147.71507",-18.975,147.675,"-18.975 147.675",3.63,NA,0,NA,0,58,58,0,0,0,0,0,31,15,6,3,9,"Townsville","Broadhurst"
"451","BRO_B3_S1 Oct","BRO_B3_S1 Oct","BRO_B3_S1 Oct","Oct","20/10/2024","Cape Cleveland","Broadhurst","B3 - NE Big Broadhurst","Slope","BRO_B3_S1","Broadhurst","BRO_B3","BRO_B3_S1",7.8,3,1,0,18.84266,147.70868,"-18.84266 147.70868",-18.875,147.675,"-18.875 147.675",3.6,NA,0,NA,0,20,23,0,0,0,0,0,18.1818181818182,3.03030303030303,1.01010101010101,6.06060606060606,0,"Townsville","Broadhurst"
"452","BRO_B3_S2 Oct","BRO_B3_S2 Oct","BRO_B3_S2 Oct","Oct","20/10/2024","Cape Cleveland","Broadhurst","B3 - NE Big Broadhurst","Slope","BRO_B3_S2","Broadhurst","BRO_B3","BRO_B3_S2",7.3,3,0,0,18.84266,147.70868,"-18.84266 147.70868",-18.875,147.675,"-18.875 147.675",3.6,NA,0,NA,0,16,36,0,0,0,0,0,10,0,3,4,0,"Townsville","Broadhurst"
"453","BRO_B3_S3 Oct","BRO_B3_S3 Oct","BRO_B3_S3 Oct","Oct","20/10/2024","Cape Cleveland","Broadhurst","B3 - NE Big Broadhurst","Slope","BRO_B3_S3","Broadhurst","BRO_B3","BRO_B3_S3",7.5,3.5,0,0,18.84266,147.70868,"-18.84266 147.70868",-18.875,147.675,"-18.875 147.675",3.6,NA,0,NA,0,11,65,0,0,0,0,0,6,4,2,0,0,"Townsville","Broadhurst"
"454","BRO_B3_C1 Oct","BRO_B3_C1 Oct","BRO_B3_C1 Oct","Oct","20/10/2024","Cape Cleveland","Broadhurst","B3 - NE Big Broadhurst","Crest","BRO_B3_C1","Broadhurst","BRO_B3","BRO_B3_C1",2,2,0,0,18.84266,147.70868,"-18.84266 147.70868",-18.875,147.675,"-18.875 147.675",3.6,NA,0,NA,0,65,65,0,0,0,0,0,30,18,5,2,4,"Townsville","Broadhurst"
"455","BRO_B3_C2 Oct","BRO_B3_C2 Oct","BRO_B3_C2 Oct","Oct","20/10/2024","Cape Cleveland","Broadhurst","B3 - NE Big Broadhurst","Crest","BRO_B3_C2","Broadhurst","BRO_B3","BRO_B3_C2",2,2,0,0,18.84266,147.70868,"-18.84266 147.70868",-18.875,147.675,"-18.875 147.675",3.6,NA,0,NA,0,37,37,0,0,0,0,0,47,41,1,1,27,"Townsville","Broadhurst"
"456","BRO_B3_C3 Oct","BRO_B3_C3 Oct","BRO_B3_C3 Oct","Oct","20/10/2024","Cape Cleveland","Broadhurst","B3 - NE Big Broadhurst","Crest","BRO_B3_C3","Broadhurst","BRO_B3","BRO_B3_C3",2,2,0,0,18.84266,147.70868,"-18.84266 147.70868",-18.875,147.675,"-18.875 147.675",3.6,NA,0,NA,0,47,47,0,0,0,0,0,40,23,4,4,9,"Townsville","Broadhurst"
"457","DAV_B1_S1 Oct","DAV_B1_S1 Oct","DAV_B1_S1 Oct","Oct","20/10/2024","Cape Cleveland","Davies","B1 - NW","Slope","DAV_B1_S1","Davies","DAV_B1","DAV_B1_S1",8,4,0,0,18.83517,147.62733,"-18.83517 147.62733",-18.875,147.625,"-18.875 147.625",3.95,NA,0,NA,0,17,22,0,0,0,0,0,14,1,0,2,0,"Townsville","Davies"
"458","DAV_B1_S2 Oct","DAV_B1_S2 Oct","DAV_B1_S2 Oct","Oct","20/10/2024","Cape Cleveland","Davies","B1 - NW","Slope","DAV_B1_S2","Davies","DAV_B1","DAV_B1_S2",8,4,0,0,18.83517,147.62733,"-18.83517 147.62733",-18.875,147.625,"-18.875 147.625",3.95,NA,0,NA,0,19,20,0,0,0,0,0,13,1,0,2,0,"Townsville","Davies"
"459","DAV_B1_S3 Oct","DAV_B1_S3 Oct","DAV_B1_S3 Oct","Oct","20/10/2024","Cape Cleveland","Davies","B1 - NW","Slope","DAV_B1_S3","Davies","DAV_B1","DAV_B1_S3",8,4,0,0,18.83517,147.62733,"-18.83517 147.62733",-18.875,147.625,"-18.875 147.625",3.95,NA,0,NA,0,13,16,0,0,0,0,0,15,1,1,0,0,"Townsville","Davies"
"460","DAV_B1_C1 Oct","DAV_B1_C1 Oct","DAV_B1_C1 Oct","Oct","20/10/2024","Cape Cleveland","Davies","B1 - NW","Crest","DAV_B1_C1","Davies","DAV_B1","DAV_B1_C1",2,2,0,0,18.83517,147.62733,"-18.83517 147.62733",-18.875,147.625,"-18.875 147.625",3.95,NA,0,NA,0,21,21,0,0,0,0,0,31,28,0,1,13,"Townsville","Davies"
"461","DAV_B1_C2 Oct","DAV_B1_C2 Oct","DAV_B1_C2 Oct","Oct","20/10/2024","Cape Cleveland","Davies","B1 - NW","Crest","DAV_B1_C2","Davies","DAV_B1","DAV_B1_C2",2,2,0,0,18.83517,147.62733,"-18.83517 147.62733",-18.875,147.625,"-18.875 147.625",3.95,NA,0,NA,0,37,37,0,0,0,0,0,25,17,3,2,8,"Townsville","Davies"
"462","DAV_B1_C3 Oct","DAV_B1_C3 Oct","DAV_B1_C3 Oct","Oct","20/10/2024","Cape Cleveland","Davies","B1 - NW","Crest","DAV_B1_C3","Davies","DAV_B1","DAV_B1_C3",2,2.5,0,0,18.83517,147.62733,"-18.83517 147.62733",-18.875,147.625,"-18.875 147.625",3.95,NA,0,NA,0,20,20,0,0,0,0,0,26,21,1,0,14,"Townsville","Davies"
"463","DAV_B2_S1 Oct","DAV_B2_S1 Oct","DAV_B2_S1 Oct","Oct","20/10/2024","Cape Cleveland","Davies","B2 - East channel","Slope","DAV_B2_S1","Davies","DAV_B2","DAV_B2_S1",7.3,3.5,0,0,18.82901,147.63034,"-18.82901 147.63034",-18.875,147.625,"-18.875 147.625",3.95,NA,0,NA,0,20,31,0,0,0,0,0,27,13,6,4,0,"Townsville","Davies"
"464","DAV_B2_S2 Oct","DAV_B2_S2 Oct","DAV_B2_S2 Oct","Oct","20/10/2024","Cape Cleveland","Davies","B2 - East channel","Slope","DAV_B2_S2","Davies","DAV_B2","DAV_B2_S2",7,3.5,0,0,18.82901,147.63034,"-18.82901 147.63034",-18.875,147.625,"-18.875 147.625",3.95,NA,0,NA,0,28,30,0,0,0,0,0,30,18,0,2,0,"Townsville","Davies"
"465","DAV_B2_S3 Oct","DAV_B2_S3 Oct","DAV_B2_S3 Oct","Oct","20/10/2024","Cape Cleveland","Davies","B2 - East channel","Slope","DAV_B2_S3","Davies","DAV_B2","DAV_B2_S3",7.5,3.5,0,0,18.82901,147.63034,"-18.82901 147.63034",-18.875,147.625,"-18.875 147.625",3.95,NA,0,NA,0,18,19,0,0,0,0,0,35,16,0,5,0,"Townsville","Davies"
"466","DAV_B2_C1 Oct","DAV_B2_C1 Oct","DAV_B2_C1 Oct","Oct","20/10/2024","Cape Cleveland","Davies","B2 - East channel","Crest","DAV_B2_C1","Davies","DAV_B2","DAV_B2_C1",1.5,2.5,0,0,18.82901,147.63034,"-18.82901 147.63034",-18.875,147.625,"-18.875 147.625",3.95,NA,0,NA,0,38,39,0,0,0,0,0,51,41,1,1,20,"Townsville","Davies"
"467","DAV_B2_C2 Oct","DAV_B2_C2 Oct","DAV_B2_C2 Oct","Oct","20/10/2024","Cape Cleveland","Davies","B2 - East channel","Crest","DAV_B2_C2","Davies","DAV_B2","DAV_B2_C2",1.5,3,0,0,18.82901,147.63034,"-18.82901 147.63034",-18.875,147.625,"-18.875 147.625",3.95,NA,0,NA,0,69,70,0,0,0,0,0,39,36,3,0,27,"Townsville","Davies"
"468","DAV_B2_C3 Oct","DAV_B2_C3 Oct","DAV_B2_C3 Oct","Oct","20/10/2024","Cape Cleveland","Davies","B2 - East channel","Crest","DAV_B2_C3","Davies","DAV_B2","DAV_B2_C3",1.5,3,0,0,18.82901,147.63034,"-18.82901 147.63034",-18.875,147.625,"-18.875 147.625",3.95,NA,0,NA,0,39,39,0,0,0,0,0,45,41,2,2,22,"Townsville","Davies"
"469","DAV_B3_S1 Oct","DAV_B3_S1 Oct","DAV_B3_S1 Oct","Oct","21/10/2024","Cape Cleveland","Davies","B3 - NE","Slope","DAV_B3_S1","Davies","DAV_B3","DAV_B3_S1",7.5,3.5,0,0,18.80293,147.65041,"-18.80293 147.65041",-18.825,147.625,"-18.825 147.625",4.27,NA,0,NA,0,34,36,0,0,0,0,0,20,5,3,2,1,"Townsville","Davies"
"470","DAV_B3_S2 Oct","DAV_B3_S2 Oct","DAV_B3_S2 Oct","Oct","21/10/2024","Cape Cleveland","Davies","B3 - NE","Slope","DAV_B3_S2","Davies","DAV_B3","DAV_B3_S2",7.5,4,0,0,18.80293,147.65041,"-18.80293 147.65041",-18.825,147.625,"-18.825 147.625",4.27,NA,0,NA,0,47,48,0,0,0,0,0,21,2,2,6,0,"Townsville","Davies"
"471","DAV_B3_S3 Oct","DAV_B3_S3 Oct","DAV_B3_S3 Oct","Oct","21/10/2024","Cape Cleveland","Davies","B3 - NE","Slope","DAV_B3_S3","Davies","DAV_B3","DAV_B3_S3",7,4,0,0,18.80293,147.65041,"-18.80293 147.65041",-18.825,147.625,"-18.825 147.625",4.27,NA,0,NA,0,26,26,0,0,0,0,0,19,7,5,2,1,"Townsville","Davies"
"472","DAV_B3_C1 Oct","DAV_B3_C1 Oct","DAV_B3_C1 Oct","Oct","21/10/2024","Cape Cleveland","Davies","B3 - NE","Crest","DAV_B3_C1","Davies","DAV_B3","DAV_B3_C1",1,2.5,0,0,18.80293,147.65041,"-18.80293 147.65041",-18.825,147.625,"-18.825 147.625",4.27,NA,0,NA,0,82,87,0,0,0,0,0,18,13,1,1,3,"Townsville","Davies"
"473","DAV_B3_C2 Oct","DAV_B3_C2 Oct","DAV_B3_C2 Oct","Oct","21/10/2024","Cape Cleveland","Davies","B3 - NE","Crest","DAV_B3_C2","Davies","DAV_B3","DAV_B3_C2",1,2.5,0,0,18.80293,147.65041,"-18.80293 147.65041",-18.825,147.625,"-18.825 147.625",4.27,NA,0,NA,0,79,79,0,0,0,0,0,23,19,4,0,2,"Townsville","Davies"
"474","DAV_B3_C3 Oct","DAV_B3_C3 Oct","DAV_B3_C3 Oct","Oct","21/10/2024","Cape Cleveland","Davies","B3 - NE","Crest","DAV_B3_C3","Davies","DAV_B3","DAV_B3_C3",1,2.5,0,0,18.80293,147.65041,"-18.80293 147.65041",-18.825,147.625,"-18.825 147.625",4.27,NA,0,NA,0,123,123,0,0,0,0,0,34,22,2,3,5,"Townsville","Davies"
"475","CHI_B1_S1 Oct","CHI_B1_S1 Oct","CHI_B1_S1 Oct","Oct","21/10/2024","Cape Cleveland","Chicken","B1 - NW","Slope","CHI_B1_S1","Chicken","CHI_B1","CHI_B1_S1",7.8,2,0,0,18.66884,147.70325,"-18.66884 147.70325",-18.675,147.675,"-18.675 147.675",5.71,4,1,4,1,40,45,0,0,0,0,0,15,4,3,1,0,"Townsville","Chicken"
"476","CHI_B1_S2 Oct","CHI_B1_S2 Oct","CHI_B1_S2 Oct","Oct","21/10/2024","Cape Cleveland","Chicken","B1 - NW","Slope","CHI_B1_S2","Chicken","CHI_B1","CHI_B1_S2",8,2,0,0,18.66884,147.70325,"-18.66884 147.70325",-18.675,147.675,"-18.675 147.675",5.71,4,1,4,1,39,40,0,0,0,0,0,22,4,1,2,0,"Townsville","Chicken"
"477","CHI_B1_S3 Oct","CHI_B1_S3 Oct","CHI_B1_S3 Oct","Oct","21/10/2024","Cape Cleveland","Chicken","B1 - NW","Slope","CHI_B1_S3","Chicken","CHI_B1","CHI_B1_S3",7.8,1.5,0,0,18.66884,147.70325,"-18.66884 147.70325",-18.675,147.675,"-18.675 147.675",5.71,4,1,4,1,56,57,0,0,0,0,0,21,4,5,0,0,"Townsville","Chicken"
"478","CHI_B1_C1 Oct","CHI_B1_C1 Oct","CHI_B1_C1 Oct","Oct","21/10/2024","Cape Cleveland","Chicken","B1 - NW","Crest","CHI_B1_C1","Chicken","CHI_B1","CHI_B1_C1",1.5,1,0,0,18.66884,147.70325,"-18.66884 147.70325",-18.675,147.675,"-18.675 147.675",5.71,4,1,4,1,45,45,0,0,0,0,0,26,20,1,1,4,"Townsville","Chicken"
"479","CHI_B1_C2 Oct","CHI_B1_C2 Oct","CHI_B1_C2 Oct","Oct","21/10/2024","Cape Cleveland","Chicken","B1 - NW","Crest","CHI_B1_C2","Chicken","CHI_B1","CHI_B1_C2",1.5,2,0,0,18.66884,147.70325,"-18.66884 147.70325",-18.675,147.675,"-18.675 147.675",5.71,4,1,4,1,80,81,0,0,0,0,0,46,35,4,2,10,"Townsville","Chicken"
"480","CHI_B1_C3 Oct","CHI_B1_C3 Oct","CHI_B1_C3 Oct","Oct","21/10/2024","Cape Cleveland","Chicken","B1 - NW","Crest","CHI_B1_C3","Chicken","CHI_B1","CHI_B1_C3",1.5,2,0,0,18.66884,147.70325,"-18.66884 147.70325",-18.675,147.675,"-18.675 147.675",5.71,4,1,4,1,55,57,0,0,0,0,0,45,38,1,1,20,"Townsville","Chicken"
"481","CHI_B2_S1 Oct","CHI_B2_S1 Oct","CHI_B2_S1 Oct","Oct","21/10/2024","Cape Cleveland","Chicken","B2 - NE","Slope","CHI_B2_S1","Chicken","CHI_B2","CHI_B2_S1",6,2,0,0,18.65504,147.7095,"-18.65504 147.7095",-18.675,147.675,"-18.675 147.675",5.71,4,1,4,1,24,28,0,0,0,0,0,11,4,3,1,0,"Townsville","Chicken"
"482","CHI_B2_S2 Oct","CHI_B2_S2 Oct","CHI_B2_S2 Oct","Oct","21/10/2024","Cape Cleveland","Chicken","B2 - NE","Slope","CHI_B2_S2","Chicken","CHI_B2","CHI_B2_S2",6.5,2,0,0,18.65504,147.7095,"-18.65504 147.7095",-18.675,147.675,"-18.675 147.675",5.71,4,1,4,1,37,39,0,0,0,0,0,16,3,3,5,0,"Townsville","Chicken"
"483","CHI_B2_S3 Oct","CHI_B2_S3 Oct","CHI_B2_S3 Oct","Oct","21/10/2024","Cape Cleveland","Chicken","B2 - NE","Slope","CHI_B2_S3","Chicken","CHI_B2","CHI_B2_S3",6,2,0,0,18.65504,147.7095,"-18.65504 147.7095",-18.675,147.675,"-18.675 147.675",5.71,4,1,4,1,29,30,0,0,0,0,0,19,9,0,1,0,"Townsville","Chicken"
"484","CHI_B2_C1 Oct","CHI_B2_C1 Oct","CHI_B2_C1 Oct","Oct","21/10/2024","Cape Cleveland","Chicken","B2 - NE","Crest","CHI_B2_C1","Chicken","CHI_B2","CHI_B2_C1",2,2,0,0,18.65504,147.7095,"-18.65504 147.7095",-18.675,147.675,"-18.675 147.675",5.71,4,1,4,1,42,42,0,0,0,0,0,33,31,1,0,7,"Townsville","Chicken"
"485","CHI_B2_C2 Oct","CHI_B2_C2 Oct","CHI_B2_C2 Oct","Oct","21/10/2024","Cape Cleveland","Chicken","B2 - NE","Crest","CHI_B2_C2","Chicken","CHI_B2","CHI_B2_C2",2,2.5,0,0,18.65504,147.7095,"-18.65504 147.7095",-18.675,147.675,"-18.675 147.675",5.71,4,1,4,1,45,45,0,0,0,0,0,38,37,1,0,11,"Townsville","Chicken"
"486","CHI_B2_C3 Oct","CHI_B2_C3 Oct","CHI_B2_C3 Oct","Oct","21/10/2024","Cape Cleveland","Chicken","B2 - NE","Crest","CHI_B2_C3","Chicken","CHI_B2","CHI_B2_C3",2.5,1.5,0,0,18.65504,147.7095,"-18.65504 147.7095",-18.675,147.675,"-18.675 147.675",5.71,4,1,4,1,21,21,0,0,0,0,0,18,10,1,1,4,"Townsville","Chicken"
"487","ELF_B1_S1 Oct","ELF_B1_S1 Oct","ELF_B1_S1 Oct","Oct","24/10/2024","Cairns","Elford","B1 - Lagoon","Slope","ELF_B1_S1","Elford","ELF_B1","ELF_B1_S1",3,1.5,9,0,16.92017,146.27783,"-16.92017 146.27783",-16.925,146.275,"-16.925 146.275",7.2,7,2,7,1,32,38,0,0,0,0,0,39.5604395604396,12.0879120879121,6.59340659340659,9.89010989010989,0,"Cairns","Elford"
"488","ELF_B1_S2 Oct","ELF_B1_S2 Oct","ELF_B1_S2 Oct","Oct","24/10/2024","Cairns","Elford","B1 - Lagoon","Slope","ELF_B1_S2","Elford","ELF_B1","ELF_B1_S2",3,1.5,9,0,16.92017,146.27783,"-16.92017 146.27783",-16.925,146.275,"-16.925 146.275",7.2,7,2,7,1,50,64,0,0,0,0,0,26.3736263736264,4.3956043956044,9.89010989010989,3.2967032967033,0,"Cairns","Elford"
"489","ELF_B1_S3 Oct","ELF_B1_S3 Oct","ELF_B1_S3 Oct","Oct","24/10/2024","Cairns","Elford","B1 - Lagoon","Slope","ELF_B1_S3","Elford","ELF_B1","ELF_B1_S3",3,1.5,2,0,16.92017,146.27783,"-16.92017 146.27783",-16.925,146.275,"-16.925 146.275",7.2,7,2,7,1,34,44,0,0,0,0,0,25.5102040816327,10.2040816326531,7.14285714285714,3.06122448979592,3.06122448979592,"Cairns","Elford"
"490","ELF_B1_C1 Oct","ELF_B1_C1 Oct","ELF_B1_C1 Oct","Oct","24/10/2024","Cairns","Elford","B1 - Lagoon","Crest","ELF_B1_C1","Elford","ELF_B1","ELF_B1_C1",1,1.5,4,0,16.92017,146.27783,"-16.92017 146.27783",-16.925,146.275,"-16.925 146.275",7.2,7,2,7,1,48,77,0,0,0,0,0,32.2916666666667,19.7916666666667,5.20833333333333,3.125,2.08333333333333,"Cairns","Elford"
"491","ELF_B1_C2 Oct","ELF_B1_C2 Oct","ELF_B1_C2 Oct","Oct","24/10/2024","Cairns","Elford","B1 - Lagoon","Crest","ELF_B1_C2","Elford","ELF_B1","ELF_B1_C2",1,1.5,1,0,16.92017,146.27783,"-16.92017 146.27783",-16.925,146.275,"-16.925 146.275",7.2,7,2,7,1,36,53,0,0,0,0,0,23.2323232323232,6.06060606060606,3.03030303030303,3.03030303030303,0,"Cairns","Elford"
"492","ELF_B1_C3 Oct","ELF_B1_C3 Oct","ELF_B1_C3 Oct","Oct","24/10/2024","Cairns","Elford","B1 - Lagoon","Crest","ELF_B1_C3","Elford","ELF_B1","ELF_B1_C3",1,1.5,0,0,16.92017,146.27783,"-16.92017 146.27783",-16.925,146.275,"-16.925 146.275",7.2,7,2,7,1,27,34,0,0,0,0,0,30,15,4,2,5,"Cairns","Elford"
"493","ELF_B2_S1 Oct","ELF_B2_S1 Oct","ELF_B2_S1 Oct","Oct","24/10/2024","Cairns","Elford","B2 - NE Point","Slope","ELF_B2_S1","Elford","ELF_B2","ELF_B2_S1",7.1,3.5,2,0,16.91089,146.28952,"-16.91089 146.28952",-16.925,146.275,"-16.925 146.275",7.2,7,2,7,1,25,34,0,0,0,0,0,9.18367346938776,4.08163265306122,1.02040816326531,0,0,"Cairns","Elford"
"494","ELF_B2_S2 Oct","ELF_B2_S2 Oct","ELF_B2_S2 Oct","Oct","24/10/2024","Cairns","Elford","B2 - NE Point","Slope","ELF_B2_S2","Elford","ELF_B2","ELF_B2_S2",6,3,19,0,16.91089,146.28952,"-16.91089 146.28952",-16.925,146.275,"-16.925 146.275",7.2,7,2,7,1,24,27,0,0,0,0,0,30.8641975308642,8.64197530864197,6.17283950617284,2.46913580246914,0,"Cairns","Elford"
"495","ELF_B2_S3 Oct","ELF_B2_S3 Oct","ELF_B2_S3 Oct","Oct","24/10/2024","Cairns","Elford","B2 - NE Point","Slope","ELF_B2_S3","Elford","ELF_B2","ELF_B2_S3",7.2,3,5,0,16.91089,146.28952,"-16.91089 146.28952",-16.925,146.275,"-16.925 146.275",7.2,7,2,7,1,25,32,0,0,0,0,0,23.1578947368421,8.42105263157895,4.21052631578947,1.05263157894737,0,"Cairns","Elford"
"496","ELF_B2_C1 Oct","ELF_B2_C1 Oct","ELF_B2_C1 Oct","Oct","24/10/2024","Cairns","Elford","B2 - NE Point","Crest","ELF_B2_C1","Elford","ELF_B2","ELF_B2_C1",1,2.5,0,0,16.91089,146.28952,"-16.91089 146.28952",-16.925,146.275,"-16.925 146.275",7.2,7,2,7,1,59,70,0,0,0,0,0,37,31,3,0,9,"Cairns","Elford"
"497","ELF_B2_C2 Oct","ELF_B2_C2 Oct","ELF_B2_C2 Oct","Oct","24/10/2024","Cairns","Elford","B2 - NE Point","Crest","ELF_B2_C2","Elford","ELF_B2","ELF_B2_C2",1,3,0,0,16.91089,146.28952,"-16.91089 146.28952",-16.925,146.275,"-16.925 146.275",7.2,7,2,7,1,48,56,0,0,0,0,0,39,32,3,1,5,"Cairns","Elford"
"498","ELF_B2_C3 Oct","ELF_B2_C3 Oct","ELF_B2_C3 Oct","Oct","24/10/2024","Cairns","Elford","B2 - NE Point","Crest","ELF_B2_C3","Elford","ELF_B2","ELF_B2_C3",1,3,0,0,16.91089,146.28952,"-16.91089 146.28952",-16.925,146.275,"-16.925 146.275",7.2,7,2,7,1,69,72,0,0,0,0,0,42,25,2,2,5,"Cairns","Elford"
"499","ELF_B3_S1 Oct","ELF_B3_S1 Oct","ELF_B3_S1 Oct","Oct","24/10/2024","Cairns","Elford","B3 - SE Channel","Slope","ELF_B3_S1","Elford","ELF_B3","ELF_B3_S1",7,3,0,0,16.92845,146.25786,"-16.92845 146.25786",-16.975,146.225,"-16.975 146.225",6.8,7,2,7,1,32,50,0,0,0,0,0,24,9,4,3,0,"Cairns","Elford"
"500","ELF_B3_S2 Oct","ELF_B3_S2 Oct","ELF_B3_S2 Oct","Oct","24/10/2024","Cairns","Elford","B3 - SE Channel","Slope","ELF_B3_S2","Elford","ELF_B3","ELF_B3_S2",7,2.5,0,0,16.92845,146.25786,"-16.92845 146.25786",-16.975,146.225,"-16.975 146.225",6.8,7,2,7,1,55,61,0,0,0,0,0,23,6,2,10,0,"Cairns","Elford"
"501","ELF_B3_S3 Oct","ELF_B3_S3 Oct","ELF_B3_S3 Oct","Oct","24/10/2024","Cairns","Elford","B3 - SE Channel","Slope","ELF_B3_S3","Elford","ELF_B3","ELF_B3_S3",7.4,2.5,3,0,16.92845,146.25786,"-16.92845 146.25786",-16.975,146.225,"-16.975 146.225",6.8,7,2,7,1,50,58,0,0,0,0,0,25.7731958762887,7.21649484536082,5.15463917525773,9.27835051546392,1.03092783505155,"Cairns","Elford"
"502","ELF_B3_C1 Oct","ELF_B3_C1 Oct","ELF_B3_C1 Oct","Oct","24/10/2024","Cairns","Elford","B3 - SE Channel","Crest","ELF_B3_C1","Elford","ELF_B3","ELF_B3_C1",1,3,0,0,16.92845,146.25786,"-16.92845 146.25786",-16.975,146.225,"-16.975 146.225",6.8,7,2,7,1,26,26,0,0,0,0,0,31,23,5,1,14,"Cairns","Elford"
"503","ELF_B3_C2 Oct","ELF_B3_C2 Oct","ELF_B3_C2 Oct","Oct","24/10/2024","Cairns","Elford","B3 - SE Channel","Crest","ELF_B3_C2","Elford","ELF_B3","ELF_B3_C2",1,3,0,0,16.92845,146.25786,"-16.92845 146.25786",-16.975,146.225,"-16.975 146.225",6.8,7,2,7,1,36,36,0,0,0,0,0,37,25,2,6,14,"Cairns","Elford"
"504","ELF_B3_C3 Oct","ELF_B3_C3 Oct","ELF_B3_C3 Oct","Oct","24/10/2024","Cairns","Elford","B3 - SE Channel","Crest","ELF_B3_C3","Elford","ELF_B3","ELF_B3_C3",1,3.5,0,0,16.92845,146.25786,"-16.92845 146.25786",-16.975,146.225,"-16.975 146.225",6.8,7,2,7,1,66,69,0,0,0,0,0,31,20,4,2,13,"Cairns","Elford"
"505","MOO_B1_S1 Oct","MOO_B1_S1 Oct","MOO_B1_S1 Oct","Oct","24/10/2024","Cairns","Moore","B1 - South","Slope","MOO_B1_S1","Moore","MOO_B1","MOO_B1_S1",6,2.5,0,0,16.88011,146.2486,"-16.88011 146.2486",-16.925,146.225,"-16.925 146.225",6.78,7,2,7,1,19,33,0,0,0,0,0,9,1,1,3,0,"Cairns","Moore"
"506","MOO_B1_S2 Oct","MOO_B1_S2 Oct","MOO_B1_S2 Oct","Oct","24/10/2024","Cairns","Moore","B1 - South","Slope","MOO_B1_S2","Moore","MOO_B1","MOO_B1_S2",6,2,0,0,16.88011,146.2486,"-16.88011 146.2486",-16.925,146.225,"-16.925 146.225",6.78,7,2,7,1,34,43,0,0,0,0,0,9,3,3,1,2,"Cairns","Moore"
"507","MOO_B1_S3 Oct","MOO_B1_S3 Oct","MOO_B1_S3 Oct","Oct","24/10/2024","Cairns","Moore","B1 - South","Slope","MOO_B1_S3","Moore","MOO_B1","MOO_B1_S3",6,2.5,0,0,16.88011,146.2486,"-16.88011 146.2486",-16.925,146.225,"-16.925 146.225",6.78,7,2,7,1,24,39,0,0,0,0,0,18,1,8,5,1,"Cairns","Moore"
"508","MOO_B1_C1 Oct","MOO_B1_C1 Oct","MOO_B1_C1 Oct","Oct","24/10/2024","Cairns","Moore","B1 - South","Crest","MOO_B1_C1","Moore","MOO_B1","MOO_B1_C1",1.8,1.5,0,0,16.88011,146.2486,"-16.88011 146.2486",-16.925,146.225,"-16.925 146.225",6.78,7,2,7,1,31,49,0,0,0,0,0,15,1,7,0,0,"Cairns","Moore"
"509","MOO_B1_C2 Oct","MOO_B1_C2 Oct","MOO_B1_C2 Oct","Oct","24/10/2024","Cairns","Moore","B1 - South","Crest","MOO_B1_C2","Moore","MOO_B1","MOO_B1_C2",1.8,1.5,0,0,16.88011,146.2486,"-16.88011 146.2486",-16.925,146.225,"-16.925 146.225",6.78,7,2,7,1,28,33,0,0,0,0,0,17,8,4,0,1,"Cairns","Moore"
"510","MOO_B2_C3 Oct","MOO_B2_C3 Oct","MOO_B2_C3 Oct","Oct","24/10/2024","Cairns","Moore","B2 - East","Crest","MOO_B2_C3","Moore","MOO_B2","MOO_B2_C3",1.7,2.5,0,0,16.88011,146.2486,"-16.88011 146.2486",-16.925,146.225,"-16.925 146.225",6.78,7,2,7,1,39,44,0,0,0,0,0,14,21,11,0,4,"Cairns","Moore"
"511","MOO_B2_S1 Oct","MOO_B2_S1 Oct","MOO_B2_S1 Oct","Oct","24/10/2024","Cairns","Moore","B2 - East","Slope","MOO_B2_S1","Moore","MOO_B2","MOO_B2_S1",8,3,0,0,16.85787,146.24741,"-16.85787 146.24741",-16.875,146.225,"-16.875 146.225",7.17,7,2,7,1,16,25,0,0,0,0,0,14,3,2,0,1,"Cairns","Moore"
"512","MOO_B2_S2 Oct","MOO_B2_S2 Oct","MOO_B2_S2 Oct","Oct","24/10/2024","Cairns","Moore","B2 - East","Slope","MOO_B2_S2","Moore","MOO_B2","MOO_B2_S2",8,3,0,0,16.85787,146.24741,"-16.85787 146.24741",-16.875,146.225,"-16.875 146.225",7.17,7,2,7,1,8,19,0,0,0,0,0,6,1,0,2,0,"Cairns","Moore"
"513","MOO_B2_S3 Oct","MOO_B2_S3 Oct","MOO_B2_S3 Oct","Oct","24/10/2024","Cairns","Moore","B2 - East","Slope","MOO_B2_S3","Moore","MOO_B2","MOO_B2_S3",8,3,0,0,16.85787,146.24741,"-16.85787 146.24741",-16.875,146.225,"-16.875 146.225",7.17,7,2,7,1,7,24,0,0,0,0,0,16,1,2,1,1,"Cairns","Moore"
"514","MOO_B2_C1 Oct","MOO_B2_C1 Oct","MOO_B2_C1 Oct","Oct","24/10/2024","Cairns","Moore","B2 - East","Crest","MOO_B2_C1","Moore","MOO_B2","MOO_B2_C1",2.5,3.5,0,0,16.85787,146.24741,"-16.85787 146.24741",-16.875,146.225,"-16.875 146.225",7.17,7,2,7,1,40,40,0,0,0,0,0,29,15,9,0,2,"Cairns","Moore"
"515","MOO_B2_C2 Oct","MOO_B2_C2 Oct","MOO_B2_C2 Oct","Oct","24/10/2024","Cairns","Moore","B2 - East","Crest","MOO_B2_C2","Moore","MOO_B2","MOO_B2_C2",2,2.5,0,0,16.85787,146.24741,"-16.85787 146.24741",-16.875,146.225,"-16.875 146.225",7.17,7,2,7,1,20,20,0,0,0,0,0,24,16,0,1,7,"Cairns","Moore"
"516","MOO_B3_S1 Oct","MOO_B3_S1 Oct","MOO_B3_S1 Oct","Oct","24/10/2024","Cairns","Moore","B3 - Satellite bommie","Slope","MOO_B3_S1","Moore","MOO_B3","MOO_B3_S1",7,4,0,0,16.88011,146.2486,"-16.88011 146.2486",-16.925,146.225,"-16.925 146.225",6.78,7,2,7,1,35,40,0,0,0,0,0,30,15,0,10,0,"Cairns","Moore"
"517","MOO_B3_S2 Oct","MOO_B3_S2 Oct","MOO_B3_S2 Oct","Oct","24/10/2024","Cairns","Moore","B3 - Satellite bommie","Slope","MOO_B3_S2","Moore","MOO_B3","MOO_B3_S2",8,3.5,0,0,16.84727,146.2189,"-16.84727 146.2189",-16.875,146.175,"-16.875 146.175",6.89,7,2,7,1,9,20,0,0,0,0,0,9,0,0,3,0,"Cairns","Moore"
"518","MOO_B3_S3 Oct","MOO_B3_S3 Oct","MOO_B3_S3 Oct","Oct","24/10/2024","Cairns","Moore","B3 - Satellite bommie","Slope","MOO_B3_S3","Moore","MOO_B3","MOO_B3_S3",8,3.5,0,0,16.84727,146.2189,"-16.84727 146.2189",-16.875,146.175,"-16.875 146.175",6.89,7,2,7,1,12,24,0,0,0,0,0,36,5,2,11,0,"Cairns","Moore"
"519","MOO_B3_C1 Oct","MOO_B3_C1 Oct","MOO_B3_C1 Oct","Oct","24/10/2024","Cairns","Moore","B3 - Satellite bommie","Crest","MOO_B3_C1","Moore","MOO_B3","MOO_B3_C1",1,2.5,0,0,16.84727,146.2189,"-16.84727 146.2189",-16.875,146.175,"-16.875 146.175",6.89,7,2,7,1,15,32,0,0,0,0,0,12,11,0,0,5,"Cairns","Moore"
"520","MOO_B3_C2 Oct","MOO_B3_C2 Oct","MOO_B3_C2 Oct","Oct","24/10/2024","Cairns","Moore","B3 - Satellite bommie","Crest","MOO_B3_C2","Moore","MOO_B3","MOO_B3_C2",1,2.5,0,0,16.84727,146.2189,"-16.84727 146.2189",-16.875,146.175,"-16.875 146.175",6.89,7,2,7,1,12,20,0,0,0,0,0,16,14,0,0,5,"Cairns","Moore"
"521","MOO_B3_C3 Oct","MOO_B3_C3 Oct","MOO_B3_C3 Oct","Oct","24/10/2024","Cairns","Moore","B3 - Satellite bommie","Crest","MOO_B3_C3","Moore","MOO_B3","MOO_B3_C3",1,2.5,0,0,16.84727,146.2189,"-16.84727 146.2189",-16.875,146.175,"-16.875 146.175",6.89,7,2,7,1,19,20,0,0,0,0,0,10,6,1,0,2,"Cairns","Moore"
"522","MIL_B1_S1 Oct","MIL_B1_S1 Oct","MIL_B1_S1 Oct","Oct","24/10/2024","Cairns","Milln","B1 - NW","Slope","MIL_B1_S1","Milln","MIL_B1","MIL_B1_S1",8,4,0,0,16.7897,146.26553,"-16.7897 146.26553",-16.825,146.225,"-16.825 146.225",7.63,4,3,4,2,22,28,0,0,0,0,0,22,12,3,7,3,"Cairns","Milln"
"523","MIL_B1_S2 Oct","MIL_B1_S2 Oct","MIL_B1_S2 Oct","Oct","24/10/2024","Cairns","Milln","B1 - NW","Slope","MIL_B1_S2","Milln","MIL_B1","MIL_B1_S2",8,4,0,0,16.7897,146.26553,"-16.7897 146.26553",-16.825,146.225,"-16.825 146.225",7.63,4,3,4,2,28,29,0,0,0,0,0,32,5,3,16,1,"Cairns","Milln"
"524","MIL_B1_S3 Oct","MIL_B1_S3 Oct","MIL_B1_S3 Oct","Oct","24/10/2024","Cairns","Milln","B1 - NW","Slope","MIL_B1_S3","Milln","MIL_B1","MIL_B1_S3",8,3,0,0,16.7897,146.26553,"-16.7897 146.26553",-16.825,146.225,"-16.825 146.225",7.63,4,3,4,2,22,27,0,0,0,0,0,33,6,2,18,2,"Cairns","Milln"
"525","MIL_B1_C1 Oct","MIL_B1_C1 Oct","MIL_B1_C1 Oct","Oct","24/10/2024","Cairns","Milln","B1 - NW","Crest","MIL_B1_C1","Milln","MIL_B1","MIL_B1_C1",1.5,2.5,0,0,16.7897,146.26553,"-16.7897 146.26553",-16.825,146.225,"-16.825 146.225",7.63,4,3,4,2,41,41,0,0,0,0,0,37,24,6,1,6,"Cairns","Milln"
"526","MIL_B1_C2 Oct","MIL_B1_C2 Oct","MIL_B1_C2 Oct","Oct","24/10/2024","Cairns","Milln","B1 - NW","Crest","MIL_B1_C2","Milln","MIL_B1","MIL_B1_C2",2,3,0,0,16.7897,146.26553,"-16.7897 146.26553",-16.825,146.225,"-16.825 146.225",7.63,4,3,4,2,45,45,0,0,0,0,0,49,33,8,2,17,"Cairns","Milln"
"527","MIL_B1_C3 Oct","MIL_B1_C3 Oct","MIL_B1_C3 Oct","Oct","24/10/2024","Cairns","Milln","B1 - NW","Crest","MIL_B1_C3","Milln","MIL_B1","MIL_B1_C3",2,3,0,0,16.7897,146.26553,"-16.7897 146.26553",-16.825,146.225,"-16.825 146.225",7.63,4,3,4,2,26,47,0,0,0,0,0,35,25,6,4,12,"Cairns","Milln"
"528","MIL_B2_S1 Oct","MIL_B2_S1 Oct","MIL_B2_S1 Oct","Oct","24/10/2024","Cairns","Milln","B2 - Lagoon","Slope","MIL_B2_S1","Milln","MIL_B2","MIL_B2_S1",8,3.5,0,0,16.79465,146.26364,"-16.79465 146.26364",-16.825,146.225,"-16.825 146.225",7.63,4,3,4,2,30,35,0,0,0,0,0,41,13,6,16,1,"Cairns","Milln"
"529","MIL_B2_S2 Oct","MIL_B2_S2 Oct","MIL_B2_S2 Oct","Oct","24/10/2024","Cairns","Milln","B2 - Lagoon","Slope","MIL_B2_S2","Milln","MIL_B2","MIL_B2_S2",8,3.5,0,0,16.79465,146.26364,"-16.79465 146.26364",-16.825,146.225,"-16.825 146.225",7.63,4,3,4,2,35,41,0,0,0,0,0,37,11,5,14,2,"Cairns","Milln"
"530","MIL_B2_S3 Oct","MIL_B2_S3 Oct","MIL_B2_S3 Oct","Oct","24/10/2024","Cairns","Milln","B2 - Lagoon","Slope","MIL_B2_S3","Milln","MIL_B2","MIL_B2_S3",8,4,0,0,16.79465,146.26364,"-16.79465 146.26364",-16.825,146.225,"-16.825 146.225",7.63,4,3,4,2,35,45,0,0,0,0,0,29,7,8,12,1,"Cairns","Milln"
"531","MIL_B2_C1 Oct","MIL_B2_C1 Oct","MIL_B2_C1 Oct","Oct","24/10/2024","Cairns","Milln","B2 - Lagoon","Crest","MIL_B2_C1","Milln","MIL_B2","MIL_B2_C1",1.5,2.5,0,0,16.79465,146.26364,"-16.79465 146.26364",-16.825,146.225,"-16.825 146.225",7.63,4,3,4,2,49,49,0,0,0,0,0,31,25,3,0,13,"Cairns","Milln"
"532","MIL_B2_C2 Oct","MIL_B2_C2 Oct","MIL_B2_C2 Oct","Oct","24/10/2024","Cairns","Milln","B2 - Lagoon","Crest","MIL_B2_C2","Milln","MIL_B2","MIL_B2_C2",1.5,3,0,0,16.79465,146.26364,"-16.79465 146.26364",-16.825,146.225,"-16.825 146.225",7.63,4,3,4,2,39,39,0,0,0,0,0,20,12,4,0,2,"Cairns","Milln"
"533","MIL_B2_C3 Oct","MIL_B2_C3 Oct","MIL_B2_C3 Oct","Oct","24/10/2024","Cairns","Milln","B2 - Lagoon","Crest","MIL_B2_C3","Milln","MIL_B2","MIL_B2_C3",1.5,3.5,0,0,16.79465,146.26364,"-16.79465 146.26364",-16.825,146.225,"-16.825 146.225",7.63,4,3,4,2,30,30,0,0,0,0,0,22,10,7,1,3,"Cairns","Milln"
"534","RIB_B1_S1 Oct","RIB_B1_S1 Oct","RIB_B1_S1 Oct","Oct","25/10/2024","Lizard","Ribbon 8","B1 - NW","Slope","RIB_B1_S1","Ribbon 8 ","RIB_B1","RIB_B1_S1",6.5,3.5,0,0,15.04792,145.71376,"-15.04792 145.71376",-15.075,145.675,"-15.075 145.675",6.01,4,4,4,3,50,51,0,0,0,0,0,33,8,4,8,1,"Cooktown","Ribbon 8"
"535","RIB_B1_S2 Oct","RIB_B1_S2 Oct","RIB_B1_S2 Oct","Oct","25/10/2024","Lizard","Ribbon 8","B1 - NW","Slope","RIB_B1_S2","Ribbon 8 ","RIB_B1","RIB_B1_S2",7.8,4,2,0,15.04792,145.71376,"-15.04792 145.71376",-15.075,145.675,"-15.075 145.675",6.01,4,4,4,3,31,31,0,0,0,0,0,25.5102040816326,5.10204081632653,2.04081632653061,9.18367346938776,0,"Cooktown","Ribbon 8"
"536","RIB_B1_S3 Oct","RIB_B1_S3 Oct","RIB_B1_S3 Oct","Oct","25/10/2024","Lizard","Ribbon 8","B1 - NW","Slope","RIB_B1_S3","Ribbon 8 ","RIB_B1","RIB_B1_S3",8,3.5,0,0,15.04792,145.71376,"-15.04792 145.71376",-15.075,145.675,"-15.075 145.675",6.01,4,4,4,3,37,37,0,0,0,0,0,23,5,3,5,0,"Cooktown","Ribbon 8"
"537","RIB_B1_C1 Oct","RIB_B1_C1 Oct","RIB_B1_C1 Oct","Oct","25/10/2024","Lizard","Ribbon 8","B1 - NW","Crest","RIB_B1_C1","Ribbon 8 ","RIB_B1","RIB_B1_C1",0.7,2.5,0,0,15.04792,145.71376,"-15.04792 145.71376",-15.075,145.675,"-15.075 145.675",6.01,4,4,4,3,54,55,0,0,0,0,0,33,20,5,3,1,"Cooktown","Ribbon 8"
"538","RIB_B1_C2 Oct","RIB_B1_C2 Oct","RIB_B1_C2 Oct","Oct","25/10/2024","Lizard","Ribbon 8","B1 - NW","Crest","RIB_B1_C2","Ribbon 8 ","RIB_B1","RIB_B1_C2",1,2.5,0,0,15.04792,145.71376,"-15.04792 145.71376",-15.075,145.675,"-15.075 145.675",6.01,4,4,4,3,62,62,0,0,0,0,0,43,28,4,7,9,"Cooktown","Ribbon 8"
"539","RIB_B1_C3 Oct","RIB_B1_C3 Oct","RIB_B1_C3 Oct","Oct","25/10/2024","Lizard","Ribbon 8","B1 - NW","Crest","RIB_B1_C3","Ribbon 8 ","RIB_B1","RIB_B1_C3",1,2.5,0,0,15.04792,145.71376,"-15.04792 145.71376",-15.075,145.675,"-15.075 145.675",6.01,4,4,4,3,47,49,0,0,0,0,0,34,27,5,0,10,"Cooktown","Ribbon 8"
"540","RIB_B2_S1 Oct","RIB_B2_S1 Oct","RIB_B2_S1 Oct","Oct","25/10/2024","Lizard","Ribbon 8","B2 - N","Slope","RIB_B2_S1","Ribbon 8 ","RIB_B2","RIB_B2_S1",6,4,0,0,15.03495,145.71205,"-15.03495 145.71205",-15.075,145.675,"-15.075 145.675",6.01,4,4,4,3,27,34,0,0,0,0,0,26,11,1,7,0,"Cooktown","Ribbon 8"
"541","RIB_B2_S2 Oct","RIB_B2_S2 Oct","RIB_B2_S2 Oct","Oct","25/10/2024","Lizard","Ribbon 8","B2 - N","Slope","RIB_B2_S2","Ribbon 8 ","RIB_B2","RIB_B2_S2",6.2,2.5,0,0,15.03495,145.71205,"-15.03495 145.71205",-15.075,145.675,"-15.075 145.675",6.01,4,4,4,3,23,24,0,0,0,0,0,25,8,1,6,1,"Cooktown","Ribbon 8"
"542","RIB_B2_S3 Oct","RIB_B2_S3 Oct","RIB_B2_S3 Oct","Oct","25/10/2024","Lizard","Ribbon 8","B2 - N","Slope","RIB_B2_S3","Ribbon 8 ","RIB_B2","RIB_B2_S3",6,3,0,0,15.03495,145.71205,"-15.03495 145.71205",-15.075,145.675,"-15.075 145.675",6.01,4,4,4,3,13,14,0,0,0,0,0,29,7,1,13,0,"Cooktown","Ribbon 8"
"543","RIB_B2_C1 Oct","RIB_B2_C1 Oct","RIB_B2_C1 Oct","Oct","25/10/2024","Lizard","Ribbon 8","B2 - N","Crest","RIB_B2_C1","Ribbon 8 ","RIB_B2","RIB_B2_C1",1,3.5,0,0,15.03495,145.71205,"-15.03495 145.71205",-15.075,145.675,"-15.075 145.675",6.01,4,4,4,3,76,77,0,0,0,0,0,37,21,6,9,7,"Cooktown","Ribbon 8"
"544","RIB_B2_C2 Oct","RIB_B2_C2 Oct","RIB_B2_C2 Oct","Oct","25/10/2024","Lizard","Ribbon 8","B2 - N","Crest","RIB_B2_C2","Ribbon 8 ","RIB_B2","RIB_B2_C2",1,3.5,0,0,15.03495,145.71205,"-15.03495 145.71205",-15.075,145.675,"-15.075 145.675",6.01,4,4,4,3,60,60,0,0,0,0,0,35,26,5,2,7,"Cooktown","Ribbon 8"
"545","RIB_B2_C3 Oct","RIB_B2_C3 Oct","RIB_B2_C3 Oct","Oct","25/10/2024","Lizard","Ribbon 8","B2 - N","Crest","RIB_B2_C3","Ribbon 8 ","RIB_B2","RIB_B2_C3",1,4,0,0,15.03495,145.71205,"-15.03495 145.71205",-15.075,145.675,"-15.075 145.675",6.01,4,4,4,3,51,51,0,0,0,0,0,42,22,6,8,2,"Cooktown","Ribbon 8"
"546","RIB_B3_S1 Oct","RIB_B3_S1 Oct","RIB_B3_S1 Oct","Oct","25/10/2024","Lizard","Ribbon 8","B3 - Patch","Slope","RIB_B3_S1","Ribbon 8 ","RIB_B3","RIB_B3_S1",8,4,0,0,15.03962,145.70377,"-15.03962 145.70377",-15.075,145.675,"-15.075 145.675",6.01,4,4,4,3,25,28,0,0,0,0,0,34,6,9,9,0,"Cooktown","Ribbon 8"
"547","RIB_B3_S2 Oct","RIB_B3_S2 Oct","RIB_B3_S2 Oct","Oct","25/10/2024","Lizard","Ribbon 8","B3 - Patch","Slope","RIB_B3_S2","Ribbon 8 ","RIB_B3","RIB_B3_S2",8,3.5,0,0,15.03962,145.70377,"-15.03962 145.70377",-15.075,145.675,"-15.075 145.675",6.01,4,4,4,3,36,38,0,0,0,0,0,25,9,5,4,0,"Cooktown","Ribbon 8"
"548","RIB_B3_S3 Oct","RIB_B3_S3 Oct","RIB_B3_S3 Oct","Oct","25/10/2024","Lizard","Ribbon 8","B3 - Patch","Slope","RIB_B3_S3","Ribbon 8 ","RIB_B3","RIB_B3_S3",8,3.5,0,0,15.03962,145.70377,"-15.03962 145.70377",-15.075,145.675,"-15.075 145.675",6.01,4,4,4,3,32,32,0,0,0,0,0,30,8,5,4,0,"Cooktown","Ribbon 8"
"549","RIB_B3_C1 Oct","RIB_B3_C1 Oct","RIB_B3_C1 Oct","Oct","25/10/2024","Lizard","Ribbon 8","B3 - Patch","Crest","RIB_B3_C1","Ribbon 8 ","RIB_B3","RIB_B3_C1",1,2,0,0,15.03962,145.70377,"-15.03962 145.70377",-15.075,145.675,"-15.075 145.675",6.01,4,4,4,3,14,65,0,0,0,0,0,26,7,7,8,0,"Cooktown","Ribbon 8"
"550","RIB_B3_C2 Oct","RIB_B3_C2 Oct","RIB_B3_C2 Oct","Oct","25/10/2024","Lizard","Ribbon 8","B3 - Patch","Crest","RIB_B3_C2","Ribbon 8 ","RIB_B3","RIB_B3_C2",1,2.5,0,0,15.03962,145.70377,"-15.03962 145.70377",-15.075,145.675,"-15.075 145.675",6.01,4,4,4,3,76,78,0,0,0,0,0,15,3,8,3,0,"Cooktown","Ribbon 8"
"551","RIB_B3_C3 Oct","RIB_B3_C3 Oct","RIB_B3_C3 Oct","Oct","25/10/2024","Lizard","Ribbon 8","B3 - Patch","Crest","RIB_B3_C3","Ribbon 8 ","RIB_B3","RIB_B3_C3",1,2.5,0,0,15.03962,145.70377,"-15.03962 145.70377",-15.075,145.675,"-15.075 145.675",6.01,4,4,4,3,40,52,0,0,0,0,0,22,11,7,3,0,"Cooktown","Ribbon 8"
"552","NOR_B1_S1 Oct","NOR_B1_S1 Oct","NOR_B1_S1 Oct","Oct","25/10/2024","Lizard","North Direction","B1 - Traps","Slope","NOR_B1_S1","North Direction","NOR_B1","NOR_B1_S1",5,4,0,0,14.7496,145.51379,"-14.7496 145.51379",-14.775,145.475,"-14.775 145.475",6.5,7,3,7,2,34,37,0,0,0,0,0,7,3,3,0,0,"Cooktown","NthDirection"
"553","NOR_B1_S2 Oct","NOR_B1_S2 Oct","NOR_B1_S2 Oct","Oct","25/10/2024","Lizard","North Direction","B1 - Traps","Slope","NOR_B1_S2","North Direction","NOR_B1","NOR_B1_S2",5,4,2,0,14.7496,145.51379,"-14.7496 145.51379",-14.775,145.475,"-14.775 145.475",6.5,7,3,7,2,24,30,0,0,0,0,0,16.3265306122449,10.2040816326531,3.06122448979592,1.02040816326531,2.04081632653061,"Cooktown","NthDirection"
"554","NOR_B1_S3 Oct","NOR_B1_S3 Oct","NOR_B1_S3 Oct","Oct","25/10/2024","Lizard","North Direction","B1 - Traps","Slope","NOR_B1_S3","North Direction","NOR_B1","NOR_B1_S3",6.5,3.5,3,0,14.7496,145.51379,"-14.7496 145.51379",-14.775,145.475,"-14.775 145.475",6.5,7,3,7,2,26,31,0,0,0,0,0,25.7731958762887,12.3711340206186,11.340206185567,0,0,"Cooktown","NthDirection"
"555","NOR_B1_C1 Oct","NOR_B1_C1 Oct","NOR_B1_C1 Oct","Oct","25/10/2024","Lizard","North Direction","B1 - Traps","Crest","NOR_B1_C1","North Direction","NOR_B1","NOR_B1_C1",1.4,2.5,0,0,14.7496,145.51379,"-14.7496 145.51379",-14.775,145.475,"-14.775 145.475",6.5,7,3,7,2,24,24,0,0,0,0,0,6,0,2,3,0,"Cooktown","NthDirection"
"556","NOR_B1_C2 Oct","NOR_B1_C2 Oct","NOR_B1_C2 Oct","Oct","25/10/2024","Lizard","North Direction","B1 - Traps","Crest","NOR_B1_C2","North Direction","NOR_B1","NOR_B1_C2",1.5,2.5,0,0,14.7496,145.51379,"-14.7496 145.51379",-14.775,145.475,"-14.775 145.475",6.5,7,3,7,2,18,18,0,0,0,0,0,2,0,1,1,0,"Cooktown","NthDirection"
"557","NOR_B1_C3 Oct","NOR_B1_C3 Oct","NOR_B1_C3 Oct","Oct","25/10/2024","Lizard","North Direction","B1 - Traps","Crest","NOR_B1_C3","North Direction","NOR_B1","NOR_B1_C3",1.4,2,0,0,14.7496,145.51379,"-14.7496 145.51379",-14.775,145.475,"-14.775 145.475",6.5,7,3,7,2,27,27,0,0,0,0,0,7,0,2,1,0,"Cooktown","NthDirection"
"558","NOR_B2_S1 Oct","NOR_B2_S1 Oct","NOR_B2_S1 Oct","Oct","25/10/2024","Lizard","North Direction","B2 - East Point","Slope","NOR_B2_S1","North Direction","NOR_B2","NOR_B2_S1",8,4,0,0,14.74142,145.51036,"-14.74142 145.51036",-14.775,145.475,"-14.775 145.475",6.5,7,3,7,2,35,42,0,0,0,0,0,32,18,3,1,0,"Cooktown","NthDirection"
"559","NOR_B2_S2 Oct","NOR_B2_S2 Oct","NOR_B2_S2 Oct","Oct","25/10/2024","Lizard","North Direction","B2 - East Point","Slope","NOR_B2_S2","North Direction","NOR_B2","NOR_B2_S2",7,4,0,0,14.74142,145.51036,"-14.74142 145.51036",-14.775,145.475,"-14.775 145.475",6.5,7,3,7,2,33,37,0,0,0,0,0,14,6,0,2,1,"Cooktown","NthDirection"
"560","NOR_B2_S3 Oct","NOR_B2_S3 Oct","NOR_B2_S3 Oct","Oct","25/10/2024","Lizard","North Direction","B2 - East Point","Slope","NOR_B2_S3","North Direction","NOR_B2","NOR_B2_S3",6,3.5,0,0,14.74142,145.51036,"-14.74142 145.51036",-14.775,145.475,"-14.775 145.475",6.5,7,3,7,2,14,14,0,0,0,0,0,29,7,0,1,2,"Cooktown","NthDirection"
"561","NOR_B2_C1 Oct","NOR_B2_C1 Oct","NOR_B2_C1 Oct","Oct","25/10/2024","Lizard","North Direction","B2 - East Point","Crest","NOR_B2_C1","North Direction","NOR_B2","NOR_B2_C1",1.8,3.5,0,0,14.74142,145.51036,"-14.74142 145.51036",-14.775,145.475,"-14.775 145.475",6.5,7,3,7,2,26,29,0,0,0,0,0,24,14,6,0,0,"Cooktown","NthDirection"
"562","NOR_B2_C2 Oct","NOR_B2_C2 Oct","NOR_B2_C2 Oct","Oct","25/10/2024","Lizard","North Direction","B2 - East Point","Crest","NOR_B2_C2","North Direction","NOR_B2","NOR_B2_C2",1.8,3.5,0,0,14.74142,145.51036,"-14.74142 145.51036",-14.775,145.475,"-14.775 145.475",6.5,7,3,7,2,25,27,0,0,0,0,0,19,14,4,0,2,"Cooktown","NthDirection"
"563","NOR_B2_C3 Oct","NOR_B2_C3 Oct","NOR_B2_C3 Oct","Oct","25/10/2024","Lizard","North Direction","B2 - East Point","Crest","NOR_B2_C3","North Direction","NOR_B2","NOR_B2_C3",1.8,3.5,0,0,14.74142,145.51036,"-14.74142 145.51036",-14.775,145.475,"-14.775 145.475",6.5,7,3,7,2,20,21,0,0,0,0,0,20,7,3,1,1,"Cooktown","NthDirection"
"564","LIZ_B1_S1 Oct","LIZ_B1_S1 Oct","LIZ_B1_S1 Oct","Oct","26/10/2024","Lizard","Lizard","B1 - Washing Machine","Slope","LIZ_B1_S1","Lizard","LIZ_B1","LIZ_B1_S1",6.5,4,0,0,14.64735,145.45853,"-14.64735 145.45853",-14.675,145.425,"-14.675 145.425",6.27,7,3,7,2,33,40,0,0,0,0,0,11,0,3,0,0,"Cooktown","Lizard"
"565","LIZ_B1_S2 Oct","LIZ_B1_S2 Oct","LIZ_B1_S2 Oct","Oct","26/10/2024","Lizard","Lizard","B1 - Washing Machine","Slope","LIZ_B1_S2","Lizard","LIZ_B1","LIZ_B1_S2",7.1,4,0,0,14.64735,145.45853,"-14.64735 145.45853",-14.675,145.425,"-14.675 145.425",6.27,7,3,7,2,27,37,0,0,0,0,0,19,0,5,2,0,"Cooktown","Lizard"
"566","LIZ_B1_S3 Oct","LIZ_B1_S3 Oct","LIZ_B1_S3 Oct","Oct","26/10/2024","Lizard","Lizard","B1 - Washing Machine","Slope","LIZ_B1_S3","Lizard","LIZ_B1","LIZ_B1_S3",7,3,0,0,14.64735,145.45853,"-14.64735 145.45853",-14.675,145.425,"-14.675 145.425",6.27,7,3,7,2,38,39,0,0,0,0,0,21,2,1,1,0,"Cooktown","Lizard"
"567","LIZ_B1_C1 Oct","LIZ_B1_C1 Oct","LIZ_B1_C1 Oct","Oct","26/10/2024","Lizard","Lizard","B1 - Washing Machine","Crest","LIZ_B1_C1","Lizard","LIZ_B1","LIZ_B1_C1",1,2.5,0,0,14.64735,145.45853,"-14.64735 145.45853",-14.675,145.425,"-14.675 145.425",6.27,7,3,7,2,38,42,0,0,0,0,0,8,0,3,1,0,"Cooktown","Lizard"
"568","LIZ_B1_C2 Oct","LIZ_B1_C2 Oct","LIZ_B1_C2 Oct","Oct","26/10/2024","Lizard","Lizard","B1 - Washing Machine","Crest","LIZ_B1_C2","Lizard","LIZ_B1","LIZ_B1_C2",1,2,0,0,14.64735,145.45853,"-14.64735 145.45853",-14.675,145.425,"-14.675 145.425",6.27,7,3,7,2,22,22,0,0,0,0,0,8,1,5,1,0,"Cooktown","Lizard"
"569","LIZ_B1_C3 Oct","LIZ_B1_C3 Oct","LIZ_B1_C3 Oct","Oct","26/10/2024","Lizard","Lizard","B1 - Washing Machine","Crest","LIZ_B1_C3","Lizard","LIZ_B1","LIZ_B1_C3",1,2,0,0,14.64735,145.45853,"-14.64735 145.45853",-14.675,145.425,"-14.675 145.425",6.27,7,3,7,2,23,23,0,0,0,0,0,15,8,5,0,3,"Cooktown","Lizard"
"570","LIZ_B2_S1 Oct","LIZ_B2_S1 Oct","LIZ_B2_S1 Oct","Oct","26/10/2024","Lizard","Lizard","B2 - Mermaid","Slope","LIZ_B2_S1","Lizard","LIZ_B2","LIZ_B2_S1",5,3.5,2,0,14.64609,145.45388,"-14.64609 145.45388",-14.675,145.425,"-14.675 145.425",6.27,7,3,7,2,41,41,0,0,0,0,0,30.6122448979592,14.2857142857143,2.04081632653061,2.04081632653061,1.02040816326531,"Cooktown","Lizard"
"571","LIZ_B2_S2 Oct","LIZ_B2_S2 Oct","LIZ_B2_S2 Oct","Oct","26/10/2024","Lizard","Lizard","B2 - Mermaid","Slope","LIZ_B2_S2","Lizard","LIZ_B2","LIZ_B2_S2",5,3,0,0,14.64609,145.45388,"-14.64609 145.45388",-14.675,145.425,"-14.675 145.425",6.27,7,3,7,2,41,42,0,0,0,0,0,31,24,0,0,1,"Cooktown","Lizard"
"572","LIZ_B2_S3 Oct","LIZ_B2_S3 Oct","LIZ_B2_S3 Oct","Oct","26/10/2024","Lizard","Lizard","B2 - Mermaid","Slope","LIZ_B2_S3","Lizard","LIZ_B2","LIZ_B2_S3",5,3,0,0,14.64609,145.45388,"-14.64609 145.45388",-14.675,145.425,"-14.675 145.425",6.27,7,3,7,2,40,40,0,0,0,0,0,20,12,0,4,0,"Cooktown","Lizard"
"573","LIZ_B2_C1 Oct","LIZ_B2_C1 Oct","LIZ_B2_C1 Oct","Oct","26/10/2024","Lizard","Lizard","B2 - Mermaid","Crest","LIZ_B2_C1","Lizard","LIZ_B2","LIZ_B2_C1",0.5,3,0,0,14.64609,145.45388,"-14.64609 145.45388",-14.675,145.425,"-14.675 145.425",6.27,7,3,7,2,26,27,0,0,0,0,0,16,3,2,0,0,"Cooktown","Lizard"
"574","LIZ_B2_C2 Oct","LIZ_B2_C2 Oct","LIZ_B2_C2 Oct","Oct","26/10/2024","Lizard","Lizard","B2 - Mermaid","Crest","LIZ_B2_C2","Lizard","LIZ_B2","LIZ_B2_C2",0.5,3,0,0,14.64609,145.45388,"-14.64609 145.45388",-14.675,145.425,"-14.675 145.425",6.27,7,3,7,2,7,10,0,0,0,0,0,13,7,0,0,0,"Cooktown","Lizard"
"575","LIZ_B2_C3 Oct","LIZ_B2_C3 Oct","LIZ_B2_C3 Oct","Oct","26/10/2024","Lizard","Lizard","B2 - Mermaid","Crest","LIZ_B2_C3","Lizard","LIZ_B2","LIZ_B2_C3",0.5,2,0,0,14.64609,145.45388,"-14.64609 145.45388",-14.675,145.425,"-14.675 145.425",6.27,7,3,7,2,16,16,0,0,0,0,0,10,5,2,0,0,"Cooktown","Lizard"
"576","LIZ_B3_S1 Oct","LIZ_B3_S1 Oct","LIZ_B3_S1 Oct","Oct","26/10/2024","Lizard","Lizard","B3 - Trimodal","Slope","LIZ_B3_S1","Lizard","LIZ_B3","LIZ_B3_S1",5.5,3.5,4,0,14.69988,145.44826,"-14.69988 145.44826",-14.725,145.425,"-14.725 145.425",6.56,7,3,7,2,35,36,0,0,0,0,0,29.1666666666667,16.6666666666667,3.125,5.20833333333333,1.04166666666667,"Cooktown","Lizard"
"577","LIZ_B3_S2 Oct","LIZ_B3_S2 Oct","LIZ_B3_S2 Oct","Oct","26/10/2024","Lizard","Lizard","B3 - Trimodal","Slope","LIZ_B3_S2","Lizard","LIZ_B3","LIZ_B3_S2",6,3,0,0,14.69988,145.44826,"-14.69988 145.44826",-14.725,145.425,"-14.725 145.425",6.56,7,3,7,2,34,38,0,0,0,0,0,15,7,2,2,0,"Cooktown","Lizard"
"578","LIZ_B3_S3 Oct","LIZ_B3_S3 Oct","LIZ_B3_S3 Oct","Oct","26/10/2024","Lizard","Lizard","B3 - Trimodal","Slope","LIZ_B3_S3","Lizard","LIZ_B3","LIZ_B3_S3",7,3,0,0,14.69988,145.44826,"-14.69988 145.44826",-14.725,145.425,"-14.725 145.425",6.56,7,3,7,2,35,46,0,0,0,0,0,17,4,3,2,0,"Cooktown","Lizard"
"579","LIZ_B3_C1 Oct","LIZ_B3_C1 Oct","LIZ_B3_C1 Oct","Oct","26/10/2024","Lizard","Lizard","B3 - Trimodal","Crest","LIZ_B3_C1","Lizard","LIZ_B3","LIZ_B3_C1",0.5,3.5,0,0,14.69988,145.44826,"-14.69988 145.44826",-14.725,145.425,"-14.725 145.425",6.56,7,3,7,2,34,34,0,0,0,0,0,15,10,2,1,1,"Cooktown","Lizard"
"580","LIZ_B3_C2 Oct","LIZ_B3_C2 Oct","LIZ_B3_C2 Oct","Oct","26/10/2024","Lizard","Lizard","B3 - Trimodal","Crest","LIZ_B3_C2","Lizard","LIZ_B3","LIZ_B3_C2",0.5,3.5,0,0,14.69988,145.44826,"-14.69988 145.44826",-14.725,145.425,"-14.725 145.425",6.56,7,3,7,2,34,35,0,0,0,0,0,21,9,8,0,1,"Cooktown","Lizard"
"581","LIZ_B3_C3 Oct","LIZ_B3_C3 Oct","LIZ_B3_C3 Oct","Oct","26/10/2024","Lizard","Lizard","B3 - Trimodal","Crest","LIZ_B3_C3","Lizard","LIZ_B3","LIZ_B3_C3",0.5,3.5,0,0,14.69988,145.44826,"-14.69988 145.44826",-14.725,145.425,"-14.725 145.425",6.56,7,3,7,2,32,32,0,0,0,0,0,22,13,7,0,2,"Cooktown","Lizard"
"582","LIZ_B4_S1 Oct","LIZ_B4_S1 Oct","LIZ_B4_S1 Oct","Oct","28/10/2024","Lizard","Lizard","B4 - Lagoon","Slope","LIZ_B4_S1","Lizard","LIZ_B4","LIZ_B4_S1",3.9,3,2,0,14.68624,145.45953,"-14.68624 145.45953",-14.725,145.425,"-14.725 145.425",6.56,7,3,7,2,25,25,0,0,0,0,0,74.4897959183673,0,0,74.4897959183673,0,"Cooktown","Lizard"
"583","LIZ_B4_S2 Oct","LIZ_B4_S2 Oct","LIZ_B4_S2 Oct","Oct","28/10/2024","Lizard","Lizard","B4 - Lagoon","Slope","LIZ_B4_S2","Lizard","LIZ_B4","LIZ_B4_S2",5.1,3,1,0,14.68624,145.45953,"-14.68624 145.45953",-14.725,145.425,"-14.725 145.425",6.56,7,3,7,2,12,12,0,0,0,0,0,59.5959595959596,0,1.01010101010101,57.5757575757576,0,"Cooktown","Lizard"
"584","LIZ_B4_S3 Oct","LIZ_B4_S3 Oct","LIZ_B4_S3 Oct","Oct","28/10/2024","Lizard","Lizard","B4 - Lagoon","Slope","LIZ_B4_S3","Lizard","LIZ_B4","LIZ_B4_S3",6.3,3,0,0,14.68624,145.45953,"-14.68624 145.45953",-14.725,145.425,"-14.725 145.425",6.56,7,3,7,2,18,18,0,0,0,0,0,54,0,0,49,0,"Cooktown","Lizard"
"585","LIZ_B4_C1 Oct","LIZ_B4_C1 Oct","LIZ_B4_C1 Oct","Oct","28/10/2024","Lizard","Lizard","B4 - Lagoon","Crest","LIZ_B4_C1","Lizard","LIZ_B4","LIZ_B4_C1",2,2.5,0,0,14.68624,145.45953,"-14.68624 145.45953",-14.725,145.425,"-14.725 145.425",6.56,7,3,7,2,25,27,0,0,0,0,0,45,0,0,43,0,"Cooktown","Lizard"
"586","LIZ_B4_C2 Oct","LIZ_B4_C2 Oct","LIZ_B4_C2 Oct","Oct","28/10/2024","Lizard","Lizard","B4 - Lagoon","Crest","LIZ_B4_C2","Lizard","LIZ_B4","LIZ_B4_C2",1.5,2.5,0,0,14.68624,145.45953,"-14.68624 145.45953",-14.725,145.425,"-14.725 145.425",6.56,7,3,7,2,15,21,0,0,0,0,0,18,0,0,14,0,"Cooktown","Lizard"
"587","LIZ_B4_C3 Oct","LIZ_B4_C3 Oct","LIZ_B4_C3 Oct","Oct","28/10/2024","Lizard","Lizard","B4 - Lagoon","Crest","LIZ_B4_C3","Lizard","LIZ_B4","LIZ_B4_C3",1.8,2.5,0,0,14.68624,145.45953,"-14.68624 145.45953",-14.725,145.425,"-14.725 145.425",6.56,7,3,7,2,25,28,0,0,0,0,0,26,0,0,21,0,"Cooktown","Lizard"
"588","ELF_B1_C3 Apr",NA,"ELF_B1_C3 Apr","Apr","03/03/2024","Cairns","Elford","B1 - Lagoon","Crest","ELF_B1_C3",NA,NA,NA,NA,NA,0,0,16.92017,146.27783,"-16.92017 146.27783",-16.925,146.275,"-16.925 146.275",7.2,7,2,7,1,75,99,47,49,1,0.0133333333333333,0.626666666666667,NA,NA,NA,NA,NA,"Cairns","Elford"
"589","ELF_B1_S3 Apr",NA,"ELF_B1_S3 Apr","Apr","03/03/2024","Cairns","Elford","B1 - Lagoon","Slope","ELF_B1_S3",NA,NA,NA,NA,NA,0,0,16.92017,146.27783,"-16.92017 146.27783",-16.925,146.275,"-16.925 146.275",7.2,7,2,7,1,42,60,32,35,5,0.119047619047619,0.761904761904762,NA,NA,NA,NA,NA,"Cairns","Elford"
"590","ELF_B2_C3 Apr",NA,"ELF_B2_C3 Apr","Apr","03/03/2024","Cairns","Elford","B2 - NE Point","Crest","ELF_B2_C3",NA,NA,NA,NA,NA,0,0,16.91089,146.28952,"-16.91089 146.28952",-16.925,146.275,"-16.925 146.275",7.2,7,2,7,1,48,57,33,40,1,0.0208333333333333,0.6875,NA,NA,NA,NA,NA,"Cairns","Elford"
"591","ELF_B2_S3 Apr",NA,"ELF_B2_S3 Apr","Apr","03/03/2024","Cairns","Elford","B2 - NE Point","Slope","ELF_B2_S3",NA,NA,NA,NA,NA,0,0,16.91089,146.28952,"-16.91089 146.28952",-16.925,146.275,"-16.925 146.275",7.2,7,2,7,1,26,47,4,11,1,0.0384615384615385,0.153846153846154,NA,NA,NA,NA,NA,"Cairns","Elford"
"592","ELF_B3_C3 Apr",NA,"ELF_B3_C3 Apr","Apr","03/03/2024","Cairns","Elford","B3 - SE Channel","Crest","ELF_B3_C3",NA,NA,NA,NA,NA,0,0,16.92845,146.25786,"-16.92845 146.25786",-16.975,146.225,"-16.975 146.225",6.8,7,2,7,1,30,36,22,28,0,0,0.733333333333333,NA,NA,NA,NA,NA,"Cairns","Elford"
"593","ELF_B3_S3 Apr",NA,"ELF_B3_S3 Apr","Apr","03/03/2024","Cairns","Elford","B3 - SE Channel","Slope","ELF_B3_S3",NA,NA,NA,NA,NA,0,0,16.92845,146.25786,"-16.92845 146.25786",-16.975,146.225,"-16.975 146.225",6.8,7,2,7,1,18,34,2,12,0,0,0.111111111111111,NA,NA,NA,NA,NA,"Cairns","Elford"
"594","MOO_B1_C3 Apr",NA,"MOO_B1_C3 Apr","Apr","04/03/2024","Cairns","Moore","B1 - South","Crest","MOO_B1_C3",NA,NA,NA,NA,NA,0,0,16.88011,146.2486,"-16.88011 146.2486",-16.925,146.225,"-16.925 146.225",6.78,7,2,7,1,33,40,27,34,1,0.0303030303030303,0.818181818181818,NA,NA,NA,NA,NA,"Cairns","Moore"
"595","MOO_B1_S3 Apr",NA,"MOO_B1_S3 Apr","Apr","04/03/2024","Cairns","Moore","B1 - South","Slope","MOO_B1_S3",NA,NA,NA,NA,NA,0,0,16.88011,146.2486,"-16.88011 146.2486",-16.925,146.225,"-16.925 146.225",6.78,7,2,7,1,14,18,0,0,0,0,0,NA,NA,NA,NA,NA,"Cairns","Moore"
"596","MOO_B2_C3 Apr",NA,"MOO_B2_C3 Apr","Apr","04/03/2024","Cairns","Moore","B2 - East","Crest","MOO_B2_C3",NA,NA,NA,NA,NA,0,0,16.88011,146.2486,"-16.88011 146.2486",-16.925,146.225,"-16.925 146.225",6.78,7,2,7,1,41,45,18,18,0,0,0.439024390243902,NA,NA,NA,NA,NA,"Cairns","Moore"
"597","MOO_B2_S3 Apr",NA,"MOO_B2_S3 Apr","Apr","04/03/2024","Cairns","Moore","B2 - East","Slope","MOO_B2_S3",NA,NA,NA,NA,NA,0,0,16.85787,146.24741,"-16.85787 146.24741",-16.875,146.225,"-16.875 146.225",7.17,7,2,7,1,19,34,1,2,0,0,0.0526315789473684,NA,NA,NA,NA,NA,"Cairns","Moore"
"598","MOO_B3_C3 Apr",NA,"MOO_B3_C3 Apr","Apr","04/03/2024","Cairns","Moore","B3 - Satellite bommie","Crest","MOO_B3_C3",NA,NA,NA,NA,NA,0,0,16.84727,146.2189,"-16.84727 146.2189",-16.875,146.175,"-16.875 146.175",6.89,7,2,7,1,21,69,8,8,1,0.0476190476190476,0.380952380952381,NA,NA,NA,NA,NA,"Cairns","Moore"
"599","MOO_B3_S3 Apr",NA,"MOO_B3_S3 Apr","Apr","04/03/2024","Cairns","Moore","B3 - Satellite bommie","Slope","MOO_B3_S3",NA,NA,NA,NA,NA,0,0,16.84727,146.2189,"-16.84727 146.2189",-16.875,146.175,"-16.875 146.175",6.89,7,2,7,1,53,61,1,1,0,0,0.0188679245283019,NA,NA,NA,NA,NA,"Cairns","Moore"
"601","THE_B1_S3 Apr",NA,"THE_B1_S3 Apr","Apr","06/03/2024","Cairns","Thetford","B1 - East Reef Mooring","Slope","THE_B1_S3",NA,NA,NA,NA,NA,0,0,16.798,146.170892,"-16.798 146.170892",-16.825,146.125,"-16.825 146.125",7.42,4,3,4,2,37,47,5,7,0,0,0.135135135135135,NA,NA,NA,NA,NA,"Cairns","Thetford"
"602","THE_B2_C3 Apr",NA,"THE_B2_C3 Apr","Apr","06/03/2024","Cairns","Thetford","B2 - Crescent patch","Crest","THE_B2_C3",NA,NA,NA,NA,NA,0,0,16.798,146.170892,"-16.798 146.170892",-16.825,146.125,"-16.825 146.125",7.42,4,3,4,2,30,75,28,38,1,0.0333333333333333,0.933333333333333,NA,NA,NA,NA,NA,"Cairns","Thetford"
"603","THE_B2_S3 Apr",NA,"THE_B2_S3 Apr","Apr","06/03/2024","Cairns","Thetford","B2 - Crescent patch","Slope","THE_B2_S3",NA,NA,NA,NA,NA,0,0,16.798,146.170892,"-16.798 146.170892",-16.825,146.125,"-16.825 146.125",7.42,4,3,4,2,32,52,18,20,0,0,0.5625,NA,NA,NA,NA,NA,"Cairns","Thetford"
"604","THE_B3_C3 Apr",NA,"THE_B3_C3 Apr","Apr","06/03/2024","Cairns","Thetford","B3 - North Point","Crest","THE_B3_C3",NA,NA,NA,NA,NA,0,0,16.798,146.170892,"-16.798 146.170892",-16.825,146.125,"-16.825 146.125",7.42,4,3,4,2,43,50,26,29,4,0.0930232558139535,0.604651162790698,NA,NA,NA,NA,NA,"Cairns","Thetford"
"605","THE_B3_S3 Apr",NA,"THE_B3_S3 Apr","Apr","06/03/2024","Cairns","Thetford","B3 - North Point","Slope","THE_B3_S3",NA,NA,NA,NA,NA,0,0,16.798,146.170892,"-16.798 146.170892",-16.825,146.125,"-16.825 146.125",7.42,4,3,4,2,32,38,1,1,0,0,0.03125,NA,NA,NA,NA,NA,"Cairns","Thetford"
"606","MOO_B1_C3 Oct",NA,"MOO_B1_C3 Oct","Oct","24/10/2024","Cairns","Moore","B1 - South","Crest","MOO_B1_C3",NA,NA,NA,NA,NA,0,0,16.88011,146.2486,"-16.88011 146.2486",-16.925,146.225,"-16.925 146.225",6.78,7,2,7,1,23,28,0,0,0,0,0,NA,NA,NA,NA,NA,"Cairns","Moore"
